[2026-03-29T00:07:48.353+0000] {processor.py:161} INFO - Started process (PID=55269) to work on /opt/airflow/dags/tmdb_daily_dag.py
[2026-03-29T00:07:48.354+0000] {processor.py:830} INFO - Processing file /opt/airflow/dags/tmdb_daily_dag.py for tasks to queue
[2026-03-29T00:07:48.354+0000] {logging_mixin.py:188} INFO - [2026-03-29T00:07:48.354+0000] {dagbag.py:545} INFO - Filling up the DagBag from /opt/airflow/dags/tmdb_daily_dag.py
[2026-03-29T00:07:48.360+0000] {processor.py:840} INFO - DAG(s) 'tmdb_raw_pipeline' retrieved from /opt/airflow/dags/tmdb_daily_dag.py
[2026-03-29T00:07:48.375+0000] {logging_mixin.py:188} INFO - [2026-03-29T00:07:48.375+0000] {dag.py:3096} INFO - Sync 1 DAGs
[2026-03-29T00:07:48.391+0000] {processor.py:183} INFO - Processing /opt/airflow/dags/tmdb_daily_dag.py took 0.041 seconds
[2026-03-29T00:41:33.459+0000] {processor.py:161} INFO - Started process (PID=55290) to work on /opt/airflow/dags/tmdb_daily_dag.py
[2026-03-29T00:41:33.459+0000] {processor.py:830} INFO - Processing file /opt/airflow/dags/tmdb_daily_dag.py for tasks to queue
[2026-03-29T00:41:33.459+0000] {logging_mixin.py:188} INFO - [2026-03-29T00:41:33.459+0000] {dagbag.py:545} INFO - Filling up the DagBag from /opt/airflow/dags/tmdb_daily_dag.py
[2026-03-29T00:41:33.466+0000] {processor.py:840} INFO - DAG(s) 'tmdb_raw_pipeline' retrieved from /opt/airflow/dags/tmdb_daily_dag.py
[2026-03-29T00:41:33.475+0000] {logging_mixin.py:188} INFO - [2026-03-29T00:41:33.475+0000] {dag.py:3096} INFO - Sync 1 DAGs
[2026-03-29T00:41:33.485+0000] {logging_mixin.py:188} INFO - [2026-03-29T00:41:33.485+0000] {dag.py:3954} INFO - Setting next_dagrun for tmdb_raw_pipeline to 2026-03-29 00:00:00+00:00, run_after=2026-03-30 00:00:00+00:00
[2026-03-29T00:41:33.491+0000] {processor.py:183} INFO - Processing /opt/airflow/dags/tmdb_daily_dag.py took 0.035 seconds
[2026-03-29T01:05:37.651+0000] {processor.py:161} INFO - Started process (PID=55310) to work on /opt/airflow/dags/tmdb_daily_dag.py
[2026-03-29T01:05:37.651+0000] {processor.py:830} INFO - Processing file /opt/airflow/dags/tmdb_daily_dag.py for tasks to queue
[2026-03-29T01:05:37.651+0000] {logging_mixin.py:188} INFO - [2026-03-29T01:05:37.651+0000] {dagbag.py:545} INFO - Filling up the DagBag from /opt/airflow/dags/tmdb_daily_dag.py
[2026-03-29T01:05:37.656+0000] {processor.py:840} INFO - DAG(s) 'tmdb_raw_pipeline' retrieved from /opt/airflow/dags/tmdb_daily_dag.py
[2026-03-29T01:05:37.666+0000] {logging_mixin.py:188} INFO - [2026-03-29T01:05:37.666+0000] {dag.py:3096} INFO - Sync 1 DAGs
[2026-03-29T01:05:37.815+0000] {logging_mixin.py:188} INFO - [2026-03-29T01:05:37.815+0000] {dag.py:3954} INFO - Setting next_dagrun for tmdb_raw_pipeline to 2026-03-29 00:00:00+00:00, run_after=2026-03-30 00:00:00+00:00
[2026-03-29T01:05:37.821+0000] {processor.py:183} INFO - Processing /opt/airflow/dags/tmdb_daily_dag.py took 0.172 seconds
[2026-03-29T02:06:32.149+0000] {processor.py:161} INFO - Started process (PID=55330) to work on /opt/airflow/dags/tmdb_daily_dag.py
[2026-03-29T02:06:32.150+0000] {processor.py:830} INFO - Processing file /opt/airflow/dags/tmdb_daily_dag.py for tasks to queue
[2026-03-29T02:06:32.150+0000] {logging_mixin.py:188} INFO - [2026-03-29T02:06:32.150+0000] {dagbag.py:545} INFO - Filling up the DagBag from /opt/airflow/dags/tmdb_daily_dag.py
[2026-03-29T02:06:32.158+0000] {processor.py:840} INFO - DAG(s) 'tmdb_raw_pipeline' retrieved from /opt/airflow/dags/tmdb_daily_dag.py
[2026-03-29T02:06:32.174+0000] {logging_mixin.py:188} INFO - [2026-03-29T02:06:32.174+0000] {dag.py:3096} INFO - Sync 1 DAGs
[2026-03-29T02:06:32.185+0000] {logging_mixin.py:188} INFO - [2026-03-29T02:06:32.185+0000] {dag.py:3954} INFO - Setting next_dagrun for tmdb_raw_pipeline to 2026-03-29 00:00:00+00:00, run_after=2026-03-30 00:00:00+00:00
[2026-03-29T02:06:32.193+0000] {processor.py:183} INFO - Processing /opt/airflow/dags/tmdb_daily_dag.py took 0.049 seconds
[2026-03-29T02:40:55.899+0000] {processor.py:161} INFO - Started process (PID=55350) to work on /opt/airflow/dags/tmdb_daily_dag.py
[2026-03-29T02:40:55.900+0000] {processor.py:830} INFO - Processing file /opt/airflow/dags/tmdb_daily_dag.py for tasks to queue
[2026-03-29T02:40:55.900+0000] {logging_mixin.py:188} INFO - [2026-03-29T02:40:55.900+0000] {dagbag.py:545} INFO - Filling up the DagBag from /opt/airflow/dags/tmdb_daily_dag.py
[2026-03-29T02:40:55.906+0000] {processor.py:840} INFO - DAG(s) 'tmdb_raw_pipeline' retrieved from /opt/airflow/dags/tmdb_daily_dag.py
[2026-03-29T02:40:55.915+0000] {logging_mixin.py:188} INFO - [2026-03-29T02:40:55.915+0000] {dag.py:3096} INFO - Sync 1 DAGs
[2026-03-29T02:40:55.924+0000] {logging_mixin.py:188} INFO - [2026-03-29T02:40:55.924+0000] {dag.py:3954} INFO - Setting next_dagrun for tmdb_raw_pipeline to 2026-03-29 00:00:00+00:00, run_after=2026-03-30 00:00:00+00:00
[2026-03-29T02:40:55.929+0000] {processor.py:183} INFO - Processing /opt/airflow/dags/tmdb_daily_dag.py took 0.033 seconds
[2026-03-29T03:07:31.143+0000] {processor.py:161} INFO - Started process (PID=55370) to work on /opt/airflow/dags/tmdb_daily_dag.py
[2026-03-29T03:07:31.144+0000] {processor.py:830} INFO - Processing file /opt/airflow/dags/tmdb_daily_dag.py for tasks to queue
[2026-03-29T03:07:31.144+0000] {logging_mixin.py:188} INFO - [2026-03-29T03:07:31.144+0000] {dagbag.py:545} INFO - Filling up the DagBag from /opt/airflow/dags/tmdb_daily_dag.py
[2026-03-29T03:07:31.150+0000] {processor.py:840} INFO - DAG(s) 'tmdb_raw_pipeline' retrieved from /opt/airflow/dags/tmdb_daily_dag.py
[2026-03-29T03:07:31.160+0000] {logging_mixin.py:188} INFO - [2026-03-29T03:07:31.160+0000] {dag.py:3096} INFO - Sync 1 DAGs
[2026-03-29T03:07:31.170+0000] {logging_mixin.py:188} INFO - [2026-03-29T03:07:31.170+0000] {dag.py:3954} INFO - Setting next_dagrun for tmdb_raw_pipeline to 2026-03-29 00:00:00+00:00, run_after=2026-03-30 00:00:00+00:00
[2026-03-29T03:07:31.176+0000] {processor.py:183} INFO - Processing /opt/airflow/dags/tmdb_daily_dag.py took 0.037 seconds
[2026-03-29T03:38:56.935+0000] {processor.py:161} INFO - Started process (PID=55390) to work on /opt/airflow/dags/tmdb_daily_dag.py
[2026-03-29T03:38:56.935+0000] {processor.py:830} INFO - Processing file /opt/airflow/dags/tmdb_daily_dag.py for tasks to queue
[2026-03-29T03:38:56.935+0000] {logging_mixin.py:188} INFO - [2026-03-29T03:38:56.935+0000] {dagbag.py:545} INFO - Filling up the DagBag from /opt/airflow/dags/tmdb_daily_dag.py
[2026-03-29T03:38:56.941+0000] {processor.py:840} INFO - DAG(s) 'tmdb_raw_pipeline' retrieved from /opt/airflow/dags/tmdb_daily_dag.py
[2026-03-29T03:38:56.951+0000] {logging_mixin.py:188} INFO - [2026-03-29T03:38:56.951+0000] {dag.py:3096} INFO - Sync 1 DAGs
[2026-03-29T03:38:57.090+0000] {logging_mixin.py:188} INFO - [2026-03-29T03:38:57.090+0000] {dag.py:3954} INFO - Setting next_dagrun for tmdb_raw_pipeline to 2026-03-29 00:00:00+00:00, run_after=2026-03-30 00:00:00+00:00
[2026-03-29T03:38:57.097+0000] {processor.py:183} INFO - Processing /opt/airflow/dags/tmdb_daily_dag.py took 0.164 seconds
[2026-03-29T04:25:55.527+0000] {processor.py:161} INFO - Started process (PID=55410) to work on /opt/airflow/dags/tmdb_daily_dag.py
[2026-03-29T04:25:55.528+0000] {processor.py:830} INFO - Processing file /opt/airflow/dags/tmdb_daily_dag.py for tasks to queue
[2026-03-29T04:25:55.528+0000] {logging_mixin.py:188} INFO - [2026-03-29T04:25:55.528+0000] {dagbag.py:545} INFO - Filling up the DagBag from /opt/airflow/dags/tmdb_daily_dag.py
[2026-03-29T04:25:55.535+0000] {processor.py:840} INFO - DAG(s) 'tmdb_raw_pipeline' retrieved from /opt/airflow/dags/tmdb_daily_dag.py
[2026-03-29T04:25:55.546+0000] {logging_mixin.py:188} INFO - [2026-03-29T04:25:55.545+0000] {dag.py:3096} INFO - Sync 1 DAGs
[2026-03-29T04:25:55.554+0000] {logging_mixin.py:188} INFO - [2026-03-29T04:25:55.554+0000] {dag.py:3954} INFO - Setting next_dagrun for tmdb_raw_pipeline to 2026-03-29 00:00:00+00:00, run_after=2026-03-30 00:00:00+00:00
[2026-03-29T04:25:55.561+0000] {processor.py:183} INFO - Processing /opt/airflow/dags/tmdb_daily_dag.py took 0.037 seconds
[2026-03-29T05:09:32.210+0000] {processor.py:161} INFO - Started process (PID=55430) to work on /opt/airflow/dags/tmdb_daily_dag.py
[2026-03-29T05:09:32.210+0000] {processor.py:830} INFO - Processing file /opt/airflow/dags/tmdb_daily_dag.py for tasks to queue
[2026-03-29T05:09:32.211+0000] {logging_mixin.py:188} INFO - [2026-03-29T05:09:32.210+0000] {dagbag.py:545} INFO - Filling up the DagBag from /opt/airflow/dags/tmdb_daily_dag.py
[2026-03-29T05:09:32.217+0000] {processor.py:840} INFO - DAG(s) 'tmdb_raw_pipeline' retrieved from /opt/airflow/dags/tmdb_daily_dag.py
[2026-03-29T05:09:32.227+0000] {logging_mixin.py:188} INFO - [2026-03-29T05:09:32.227+0000] {dag.py:3096} INFO - Sync 1 DAGs
[2026-03-29T05:09:32.235+0000] {logging_mixin.py:188} INFO - [2026-03-29T05:09:32.235+0000] {dag.py:3954} INFO - Setting next_dagrun for tmdb_raw_pipeline to 2026-03-29 00:00:00+00:00, run_after=2026-03-30 00:00:00+00:00
[2026-03-29T05:09:32.242+0000] {processor.py:183} INFO - Processing /opt/airflow/dags/tmdb_daily_dag.py took 0.035 seconds
[2026-03-29T05:26:57.280+0000] {processor.py:161} INFO - Started process (PID=55450) to work on /opt/airflow/dags/tmdb_daily_dag.py
[2026-03-29T05:26:57.281+0000] {processor.py:830} INFO - Processing file /opt/airflow/dags/tmdb_daily_dag.py for tasks to queue
[2026-03-29T05:26:57.281+0000] {logging_mixin.py:188} INFO - [2026-03-29T05:26:57.281+0000] {dagbag.py:545} INFO - Filling up the DagBag from /opt/airflow/dags/tmdb_daily_dag.py
[2026-03-29T05:26:57.286+0000] {processor.py:840} INFO - DAG(s) 'tmdb_raw_pipeline' retrieved from /opt/airflow/dags/tmdb_daily_dag.py
[2026-03-29T05:26:57.296+0000] {logging_mixin.py:188} INFO - [2026-03-29T05:26:57.296+0000] {dag.py:3096} INFO - Sync 1 DAGs
[2026-03-29T05:26:57.304+0000] {logging_mixin.py:188} INFO - [2026-03-29T05:26:57.304+0000] {dag.py:3954} INFO - Setting next_dagrun for tmdb_raw_pipeline to 2026-03-29 00:00:00+00:00, run_after=2026-03-30 00:00:00+00:00
[2026-03-29T05:26:57.310+0000] {processor.py:183} INFO - Processing /opt/airflow/dags/tmdb_daily_dag.py took 0.032 seconds
[2026-03-29T06:20:02.727+0000] {processor.py:161} INFO - Started process (PID=55470) to work on /opt/airflow/dags/tmdb_daily_dag.py
[2026-03-29T06:20:02.727+0000] {processor.py:830} INFO - Processing file /opt/airflow/dags/tmdb_daily_dag.py for tasks to queue
[2026-03-29T06:20:02.728+0000] {logging_mixin.py:188} INFO - [2026-03-29T06:20:02.727+0000] {dagbag.py:545} INFO - Filling up the DagBag from /opt/airflow/dags/tmdb_daily_dag.py
[2026-03-29T06:20:02.733+0000] {processor.py:840} INFO - DAG(s) 'tmdb_raw_pipeline' retrieved from /opt/airflow/dags/tmdb_daily_dag.py
[2026-03-29T06:20:02.742+0000] {logging_mixin.py:188} INFO - [2026-03-29T06:20:02.742+0000] {dag.py:3096} INFO - Sync 1 DAGs
[2026-03-29T06:20:02.906+0000] {logging_mixin.py:188} INFO - [2026-03-29T06:20:02.905+0000] {dag.py:3954} INFO - Setting next_dagrun for tmdb_raw_pipeline to 2026-03-29 00:00:00+00:00, run_after=2026-03-30 00:00:00+00:00
[2026-03-29T06:20:02.912+0000] {processor.py:183} INFO - Processing /opt/airflow/dags/tmdb_daily_dag.py took 0.190 seconds
[2026-03-29T07:28:22.199+0000] {processor.py:161} INFO - Started process (PID=55490) to work on /opt/airflow/dags/tmdb_daily_dag.py
[2026-03-29T07:28:22.200+0000] {processor.py:830} INFO - Processing file /opt/airflow/dags/tmdb_daily_dag.py for tasks to queue
[2026-03-29T07:28:22.200+0000] {logging_mixin.py:188} INFO - [2026-03-29T07:28:22.200+0000] {dagbag.py:545} INFO - Filling up the DagBag from /opt/airflow/dags/tmdb_daily_dag.py
[2026-03-29T07:28:22.207+0000] {processor.py:840} INFO - DAG(s) 'tmdb_raw_pipeline' retrieved from /opt/airflow/dags/tmdb_daily_dag.py
[2026-03-29T07:28:22.223+0000] {logging_mixin.py:188} INFO - [2026-03-29T07:28:22.223+0000] {dag.py:3096} INFO - Sync 1 DAGs
[2026-03-29T07:28:22.238+0000] {logging_mixin.py:188} INFO - [2026-03-29T07:28:22.238+0000] {dag.py:3954} INFO - Setting next_dagrun for tmdb_raw_pipeline to 2026-03-29 00:00:00+00:00, run_after=2026-03-30 00:00:00+00:00
[2026-03-29T07:28:22.245+0000] {processor.py:183} INFO - Processing /opt/airflow/dags/tmdb_daily_dag.py took 0.052 seconds
[2026-03-29T08:29:48.569+0000] {processor.py:161} INFO - Started process (PID=55510) to work on /opt/airflow/dags/tmdb_daily_dag.py
[2026-03-29T08:29:48.570+0000] {processor.py:830} INFO - Processing file /opt/airflow/dags/tmdb_daily_dag.py for tasks to queue
[2026-03-29T08:29:48.570+0000] {logging_mixin.py:188} INFO - [2026-03-29T08:29:48.570+0000] {dagbag.py:545} INFO - Filling up the DagBag from /opt/airflow/dags/tmdb_daily_dag.py
[2026-03-29T08:29:48.575+0000] {processor.py:840} INFO - DAG(s) 'tmdb_raw_pipeline' retrieved from /opt/airflow/dags/tmdb_daily_dag.py
[2026-03-29T08:29:48.586+0000] {logging_mixin.py:188} INFO - [2026-03-29T08:29:48.586+0000] {dag.py:3096} INFO - Sync 1 DAGs
[2026-03-29T08:29:48.595+0000] {logging_mixin.py:188} INFO - [2026-03-29T08:29:48.595+0000] {dag.py:3954} INFO - Setting next_dagrun for tmdb_raw_pipeline to 2026-03-29 00:00:00+00:00, run_after=2026-03-30 00:00:00+00:00
[2026-03-29T08:29:48.602+0000] {processor.py:183} INFO - Processing /opt/airflow/dags/tmdb_daily_dag.py took 0.036 seconds
[2026-03-29T09:02:32.822+0000] {processor.py:161} INFO - Started process (PID=55530) to work on /opt/airflow/dags/tmdb_daily_dag.py
[2026-03-29T09:02:32.823+0000] {processor.py:830} INFO - Processing file /opt/airflow/dags/tmdb_daily_dag.py for tasks to queue
[2026-03-29T09:02:32.823+0000] {logging_mixin.py:188} INFO - [2026-03-29T09:02:32.823+0000] {dagbag.py:545} INFO - Filling up the DagBag from /opt/airflow/dags/tmdb_daily_dag.py
[2026-03-29T09:02:32.830+0000] {processor.py:840} INFO - DAG(s) 'tmdb_raw_pipeline' retrieved from /opt/airflow/dags/tmdb_daily_dag.py
[2026-03-29T09:02:32.839+0000] {logging_mixin.py:188} INFO - [2026-03-29T09:02:32.839+0000] {dag.py:3096} INFO - Sync 1 DAGs
[2026-03-29T09:02:32.848+0000] {logging_mixin.py:188} INFO - [2026-03-29T09:02:32.848+0000] {dag.py:3954} INFO - Setting next_dagrun for tmdb_raw_pipeline to 2026-03-29 00:00:00+00:00, run_after=2026-03-30 00:00:00+00:00
[2026-03-29T09:02:32.855+0000] {processor.py:183} INFO - Processing /opt/airflow/dags/tmdb_daily_dag.py took 0.035 seconds
[2026-03-29T09:30:30.355+0000] {processor.py:161} INFO - Started process (PID=55550) to work on /opt/airflow/dags/tmdb_daily_dag.py
[2026-03-29T09:30:30.356+0000] {processor.py:830} INFO - Processing file /opt/airflow/dags/tmdb_daily_dag.py for tasks to queue
[2026-03-29T09:30:30.357+0000] {logging_mixin.py:188} INFO - [2026-03-29T09:30:30.357+0000] {dagbag.py:545} INFO - Filling up the DagBag from /opt/airflow/dags/tmdb_daily_dag.py
[2026-03-29T09:30:30.363+0000] {processor.py:840} INFO - DAG(s) 'tmdb_raw_pipeline' retrieved from /opt/airflow/dags/tmdb_daily_dag.py
[2026-03-29T09:30:30.373+0000] {logging_mixin.py:188} INFO - [2026-03-29T09:30:30.373+0000] {dag.py:3096} INFO - Sync 1 DAGs
[2026-03-29T09:30:30.535+0000] {logging_mixin.py:188} INFO - [2026-03-29T09:30:30.535+0000] {dag.py:3954} INFO - Setting next_dagrun for tmdb_raw_pipeline to 2026-03-29 00:00:00+00:00, run_after=2026-03-30 00:00:00+00:00
[2026-03-29T09:30:30.542+0000] {processor.py:183} INFO - Processing /opt/airflow/dags/tmdb_daily_dag.py took 0.192 seconds
[2026-03-29T09:48:33.151+0000] {processor.py:161} INFO - Started process (PID=55570) to work on /opt/airflow/dags/tmdb_daily_dag.py
[2026-03-29T09:48:33.152+0000] {processor.py:830} INFO - Processing file /opt/airflow/dags/tmdb_daily_dag.py for tasks to queue
[2026-03-29T09:48:33.152+0000] {logging_mixin.py:188} INFO - [2026-03-29T09:48:33.152+0000] {dagbag.py:545} INFO - Filling up the DagBag from /opt/airflow/dags/tmdb_daily_dag.py
[2026-03-29T09:48:33.157+0000] {processor.py:840} INFO - DAG(s) 'tmdb_raw_pipeline' retrieved from /opt/airflow/dags/tmdb_daily_dag.py
[2026-03-29T09:48:33.168+0000] {logging_mixin.py:188} INFO - [2026-03-29T09:48:33.168+0000] {dag.py:3096} INFO - Sync 1 DAGs
[2026-03-29T09:48:33.176+0000] {logging_mixin.py:188} INFO - [2026-03-29T09:48:33.176+0000] {dag.py:3954} INFO - Setting next_dagrun for tmdb_raw_pipeline to 2026-03-29 00:00:00+00:00, run_after=2026-03-30 00:00:00+00:00
[2026-03-29T09:48:33.182+0000] {processor.py:183} INFO - Processing /opt/airflow/dags/tmdb_daily_dag.py took 0.033 seconds
[2026-03-29T10:14:36.239+0000] {processor.py:161} INFO - Started process (PID=55590) to work on /opt/airflow/dags/tmdb_daily_dag.py
[2026-03-29T10:14:36.240+0000] {processor.py:830} INFO - Processing file /opt/airflow/dags/tmdb_daily_dag.py for tasks to queue
[2026-03-29T10:14:36.240+0000] {logging_mixin.py:188} INFO - [2026-03-29T10:14:36.240+0000] {dagbag.py:545} INFO - Filling up the DagBag from /opt/airflow/dags/tmdb_daily_dag.py
[2026-03-29T10:14:36.246+0000] {processor.py:840} INFO - DAG(s) 'tmdb_raw_pipeline' retrieved from /opt/airflow/dags/tmdb_daily_dag.py
[2026-03-29T10:14:36.258+0000] {logging_mixin.py:188} INFO - [2026-03-29T10:14:36.258+0000] {dag.py:3096} INFO - Sync 1 DAGs
[2026-03-29T10:14:36.268+0000] {logging_mixin.py:188} INFO - [2026-03-29T10:14:36.267+0000] {dag.py:3954} INFO - Setting next_dagrun for tmdb_raw_pipeline to 2026-03-29 00:00:00+00:00, run_after=2026-03-30 00:00:00+00:00
[2026-03-29T10:14:36.274+0000] {processor.py:183} INFO - Processing /opt/airflow/dags/tmdb_daily_dag.py took 0.039 seconds
[2026-03-29T11:04:07.663+0000] {processor.py:161} INFO - Started process (PID=55610) to work on /opt/airflow/dags/tmdb_daily_dag.py
[2026-03-29T11:04:07.664+0000] {processor.py:830} INFO - Processing file /opt/airflow/dags/tmdb_daily_dag.py for tasks to queue
[2026-03-29T11:04:07.664+0000] {logging_mixin.py:188} INFO - [2026-03-29T11:04:07.664+0000] {dagbag.py:545} INFO - Filling up the DagBag from /opt/airflow/dags/tmdb_daily_dag.py
[2026-03-29T11:04:07.671+0000] {processor.py:840} INFO - DAG(s) 'tmdb_raw_pipeline' retrieved from /opt/airflow/dags/tmdb_daily_dag.py
[2026-03-29T11:04:07.681+0000] {logging_mixin.py:188} INFO - [2026-03-29T11:04:07.681+0000] {dag.py:3096} INFO - Sync 1 DAGs
[2026-03-29T11:04:07.691+0000] {logging_mixin.py:188} INFO - [2026-03-29T11:04:07.691+0000] {dag.py:3954} INFO - Setting next_dagrun for tmdb_raw_pipeline to 2026-03-29 00:00:00+00:00, run_after=2026-03-30 00:00:00+00:00
[2026-03-29T11:04:07.697+0000] {processor.py:183} INFO - Processing /opt/airflow/dags/tmdb_daily_dag.py took 0.037 seconds
[2026-03-29T11:48:48.583+0000] {processor.py:161} INFO - Started process (PID=55630) to work on /opt/airflow/dags/tmdb_daily_dag.py
[2026-03-29T11:48:48.584+0000] {processor.py:830} INFO - Processing file /opt/airflow/dags/tmdb_daily_dag.py for tasks to queue
[2026-03-29T11:48:48.584+0000] {logging_mixin.py:188} INFO - [2026-03-29T11:48:48.584+0000] {dagbag.py:545} INFO - Filling up the DagBag from /opt/airflow/dags/tmdb_daily_dag.py
[2026-03-29T11:48:48.591+0000] {processor.py:840} INFO - DAG(s) 'tmdb_raw_pipeline' retrieved from /opt/airflow/dags/tmdb_daily_dag.py
[2026-03-29T11:48:48.602+0000] {logging_mixin.py:188} INFO - [2026-03-29T11:48:48.601+0000] {dag.py:3096} INFO - Sync 1 DAGs
[2026-03-29T11:48:48.735+0000] {logging_mixin.py:188} INFO - [2026-03-29T11:48:48.735+0000] {dag.py:3954} INFO - Setting next_dagrun for tmdb_raw_pipeline to 2026-03-29 00:00:00+00:00, run_after=2026-03-30 00:00:00+00:00
[2026-03-29T11:48:48.741+0000] {processor.py:183} INFO - Processing /opt/airflow/dags/tmdb_daily_dag.py took 0.160 seconds
[2026-03-29T12:32:04.187+0000] {processor.py:161} INFO - Started process (PID=55650) to work on /opt/airflow/dags/tmdb_daily_dag.py
[2026-03-29T12:32:04.188+0000] {processor.py:830} INFO - Processing file /opt/airflow/dags/tmdb_daily_dag.py for tasks to queue
[2026-03-29T12:32:04.188+0000] {logging_mixin.py:188} INFO - [2026-03-29T12:32:04.188+0000] {dagbag.py:545} INFO - Filling up the DagBag from /opt/airflow/dags/tmdb_daily_dag.py
[2026-03-29T12:32:04.193+0000] {processor.py:840} INFO - DAG(s) 'tmdb_raw_pipeline' retrieved from /opt/airflow/dags/tmdb_daily_dag.py
[2026-03-29T12:32:04.262+0000] {logging_mixin.py:188} INFO - [2026-03-29T12:32:04.262+0000] {dag.py:3096} INFO - Sync 1 DAGs
[2026-03-29T12:32:04.269+0000] {logging_mixin.py:188} INFO - [2026-03-29T12:32:04.269+0000] {dag.py:3954} INFO - Setting next_dagrun for tmdb_raw_pipeline to 2026-03-29 00:00:00+00:00, run_after=2026-03-30 00:00:00+00:00
[2026-03-29T12:32:04.274+0000] {processor.py:183} INFO - Processing /opt/airflow/dags/tmdb_daily_dag.py took 0.090 seconds
[2026-03-29T12:49:31.104+0000] {processor.py:161} INFO - Started process (PID=55670) to work on /opt/airflow/dags/tmdb_daily_dag.py
[2026-03-29T12:49:31.104+0000] {processor.py:830} INFO - Processing file /opt/airflow/dags/tmdb_daily_dag.py for tasks to queue
[2026-03-29T12:49:31.105+0000] {logging_mixin.py:188} INFO - [2026-03-29T12:49:31.105+0000] {dagbag.py:545} INFO - Filling up the DagBag from /opt/airflow/dags/tmdb_daily_dag.py
[2026-03-29T12:49:31.111+0000] {processor.py:840} INFO - DAG(s) 'tmdb_raw_pipeline' retrieved from /opt/airflow/dags/tmdb_daily_dag.py
[2026-03-29T12:49:31.121+0000] {logging_mixin.py:188} INFO - [2026-03-29T12:49:31.121+0000] {dag.py:3096} INFO - Sync 1 DAGs
[2026-03-29T12:49:31.129+0000] {logging_mixin.py:188} INFO - [2026-03-29T12:49:31.129+0000] {dag.py:3954} INFO - Setting next_dagrun for tmdb_raw_pipeline to 2026-03-29 00:00:00+00:00, run_after=2026-03-30 00:00:00+00:00
[2026-03-29T12:49:31.135+0000] {processor.py:183} INFO - Processing /opt/airflow/dags/tmdb_daily_dag.py took 0.035 seconds
[2026-03-29T13:17:00.871+0000] {processor.py:161} INFO - Started process (PID=55690) to work on /opt/airflow/dags/tmdb_daily_dag.py
[2026-03-29T13:17:00.872+0000] {processor.py:830} INFO - Processing file /opt/airflow/dags/tmdb_daily_dag.py for tasks to queue
[2026-03-29T13:17:00.872+0000] {logging_mixin.py:188} INFO - [2026-03-29T13:17:00.872+0000] {dagbag.py:545} INFO - Filling up the DagBag from /opt/airflow/dags/tmdb_daily_dag.py
[2026-03-29T13:17:00.881+0000] {processor.py:840} INFO - DAG(s) 'tmdb_raw_pipeline' retrieved from /opt/airflow/dags/tmdb_daily_dag.py
[2026-03-29T13:17:00.893+0000] {logging_mixin.py:188} INFO - [2026-03-29T13:17:00.893+0000] {dag.py:3096} INFO - Sync 1 DAGs
[2026-03-29T13:17:00.901+0000] {logging_mixin.py:188} INFO - [2026-03-29T13:17:00.901+0000] {dag.py:3954} INFO - Setting next_dagrun for tmdb_raw_pipeline to 2026-03-29 00:00:00+00:00, run_after=2026-03-30 00:00:00+00:00
[2026-03-29T13:17:00.908+0000] {processor.py:183} INFO - Processing /opt/airflow/dags/tmdb_daily_dag.py took 0.040 seconds
[2026-03-29T13:17:31.342+0000] {processor.py:161} INFO - Started process (PID=55710) to work on /opt/airflow/dags/tmdb_daily_dag.py
[2026-03-29T13:17:31.343+0000] {processor.py:830} INFO - Processing file /opt/airflow/dags/tmdb_daily_dag.py for tasks to queue
[2026-03-29T13:17:31.343+0000] {logging_mixin.py:188} INFO - [2026-03-29T13:17:31.343+0000] {dagbag.py:545} INFO - Filling up the DagBag from /opt/airflow/dags/tmdb_daily_dag.py
[2026-03-29T13:17:31.348+0000] {processor.py:840} INFO - DAG(s) 'tmdb_raw_pipeline' retrieved from /opt/airflow/dags/tmdb_daily_dag.py
[2026-03-29T13:17:31.358+0000] {logging_mixin.py:188} INFO - [2026-03-29T13:17:31.358+0000] {dag.py:3096} INFO - Sync 1 DAGs
[2026-03-29T13:17:31.538+0000] {logging_mixin.py:188} INFO - [2026-03-29T13:17:31.538+0000] {dag.py:3954} INFO - Setting next_dagrun for tmdb_raw_pipeline to 2026-03-29 00:00:00+00:00, run_after=2026-03-30 00:00:00+00:00
[2026-03-29T13:17:31.544+0000] {processor.py:183} INFO - Processing /opt/airflow/dags/tmdb_daily_dag.py took 0.204 seconds
[2026-03-29T13:18:02.218+0000] {processor.py:161} INFO - Started process (PID=55730) to work on /opt/airflow/dags/tmdb_daily_dag.py
[2026-03-29T13:18:02.220+0000] {processor.py:830} INFO - Processing file /opt/airflow/dags/tmdb_daily_dag.py for tasks to queue
[2026-03-29T13:18:02.220+0000] {logging_mixin.py:188} INFO - [2026-03-29T13:18:02.220+0000] {dagbag.py:545} INFO - Filling up the DagBag from /opt/airflow/dags/tmdb_daily_dag.py
[2026-03-29T13:18:02.229+0000] {processor.py:840} INFO - DAG(s) 'tmdb_raw_pipeline' retrieved from /opt/airflow/dags/tmdb_daily_dag.py
[2026-03-29T13:18:02.307+0000] {logging_mixin.py:188} INFO - [2026-03-29T13:18:02.307+0000] {dag.py:3096} INFO - Sync 1 DAGs
[2026-03-29T13:18:02.315+0000] {logging_mixin.py:188} INFO - [2026-03-29T13:18:02.315+0000] {dag.py:3954} INFO - Setting next_dagrun for tmdb_raw_pipeline to 2026-03-29 00:00:00+00:00, run_after=2026-03-30 00:00:00+00:00
[2026-03-29T13:18:02.321+0000] {processor.py:183} INFO - Processing /opt/airflow/dags/tmdb_daily_dag.py took 0.106 seconds
[2026-03-29T13:19:11.142+0000] {processor.py:161} INFO - Started process (PID=55750) to work on /opt/airflow/dags/tmdb_daily_dag.py
[2026-03-29T13:19:11.143+0000] {processor.py:830} INFO - Processing file /opt/airflow/dags/tmdb_daily_dag.py for tasks to queue
[2026-03-29T13:19:11.143+0000] {logging_mixin.py:188} INFO - [2026-03-29T13:19:11.143+0000] {dagbag.py:545} INFO - Filling up the DagBag from /opt/airflow/dags/tmdb_daily_dag.py
[2026-03-29T13:19:11.152+0000] {processor.py:840} INFO - DAG(s) 'tmdb_raw_pipeline' retrieved from /opt/airflow/dags/tmdb_daily_dag.py
[2026-03-29T13:19:11.169+0000] {logging_mixin.py:188} INFO - [2026-03-29T13:19:11.169+0000] {dag.py:3096} INFO - Sync 1 DAGs
[2026-03-29T13:19:11.184+0000] {logging_mixin.py:188} INFO - [2026-03-29T13:19:11.184+0000] {dag.py:3954} INFO - Setting next_dagrun for tmdb_raw_pipeline to 2026-03-29 00:00:00+00:00, run_after=2026-03-30 00:00:00+00:00
[2026-03-29T13:19:11.192+0000] {processor.py:183} INFO - Processing /opt/airflow/dags/tmdb_daily_dag.py took 0.058 seconds
[2026-03-29T13:19:41.783+0000] {processor.py:161} INFO - Started process (PID=55770) to work on /opt/airflow/dags/tmdb_daily_dag.py
[2026-03-29T13:19:41.784+0000] {processor.py:830} INFO - Processing file /opt/airflow/dags/tmdb_daily_dag.py for tasks to queue
[2026-03-29T13:19:41.784+0000] {logging_mixin.py:188} INFO - [2026-03-29T13:19:41.784+0000] {dagbag.py:545} INFO - Filling up the DagBag from /opt/airflow/dags/tmdb_daily_dag.py
[2026-03-29T13:19:41.790+0000] {processor.py:840} INFO - DAG(s) 'tmdb_raw_pipeline' retrieved from /opt/airflow/dags/tmdb_daily_dag.py
[2026-03-29T13:19:41.800+0000] {logging_mixin.py:188} INFO - [2026-03-29T13:19:41.800+0000] {dag.py:3096} INFO - Sync 1 DAGs
[2026-03-29T13:19:41.809+0000] {logging_mixin.py:188} INFO - [2026-03-29T13:19:41.808+0000] {dag.py:3954} INFO - Setting next_dagrun for tmdb_raw_pipeline to 2026-03-29 00:00:00+00:00, run_after=2026-03-30 00:00:00+00:00
[2026-03-29T13:19:41.815+0000] {processor.py:183} INFO - Processing /opt/airflow/dags/tmdb_daily_dag.py took 0.034 seconds
[2026-03-29T13:20:12.224+0000] {processor.py:161} INFO - Started process (PID=55790) to work on /opt/airflow/dags/tmdb_daily_dag.py
[2026-03-29T13:20:12.224+0000] {processor.py:830} INFO - Processing file /opt/airflow/dags/tmdb_daily_dag.py for tasks to queue
[2026-03-29T13:20:12.225+0000] {logging_mixin.py:188} INFO - [2026-03-29T13:20:12.225+0000] {dagbag.py:545} INFO - Filling up the DagBag from /opt/airflow/dags/tmdb_daily_dag.py
[2026-03-29T13:20:12.230+0000] {processor.py:840} INFO - DAG(s) 'tmdb_raw_pipeline' retrieved from /opt/airflow/dags/tmdb_daily_dag.py
[2026-03-29T13:20:12.238+0000] {logging_mixin.py:188} INFO - [2026-03-29T13:20:12.238+0000] {dag.py:3096} INFO - Sync 1 DAGs
[2026-03-29T13:20:12.397+0000] {logging_mixin.py:188} INFO - [2026-03-29T13:20:12.397+0000] {dag.py:3954} INFO - Setting next_dagrun for tmdb_raw_pipeline to 2026-03-29 00:00:00+00:00, run_after=2026-03-30 00:00:00+00:00
[2026-03-29T13:20:12.403+0000] {processor.py:183} INFO - Processing /opt/airflow/dags/tmdb_daily_dag.py took 0.182 seconds
[2026-03-29T13:20:43.025+0000] {processor.py:161} INFO - Started process (PID=55808) to work on /opt/airflow/dags/tmdb_daily_dag.py
[2026-03-29T13:20:43.027+0000] {processor.py:830} INFO - Processing file /opt/airflow/dags/tmdb_daily_dag.py for tasks to queue
[2026-03-29T13:20:43.028+0000] {logging_mixin.py:188} INFO - [2026-03-29T13:20:43.028+0000] {dagbag.py:545} INFO - Filling up the DagBag from /opt/airflow/dags/tmdb_daily_dag.py
[2026-03-29T13:20:43.037+0000] {processor.py:840} INFO - DAG(s) 'tmdb_raw_pipeline' retrieved from /opt/airflow/dags/tmdb_daily_dag.py
[2026-03-29T13:20:43.121+0000] {logging_mixin.py:188} INFO - [2026-03-29T13:20:43.121+0000] {dag.py:3096} INFO - Sync 1 DAGs
[2026-03-29T13:20:43.134+0000] {logging_mixin.py:188} INFO - [2026-03-29T13:20:43.133+0000] {dag.py:3954} INFO - Setting next_dagrun for tmdb_raw_pipeline to 2026-03-29 00:00:00+00:00, run_after=2026-03-30 00:00:00+00:00
[2026-03-29T13:20:43.141+0000] {processor.py:183} INFO - Processing /opt/airflow/dags/tmdb_daily_dag.py took 0.120 seconds
[2026-03-29T13:21:13.559+0000] {processor.py:161} INFO - Started process (PID=55830) to work on /opt/airflow/dags/tmdb_daily_dag.py
[2026-03-29T13:21:13.560+0000] {processor.py:830} INFO - Processing file /opt/airflow/dags/tmdb_daily_dag.py for tasks to queue
[2026-03-29T13:21:13.560+0000] {logging_mixin.py:188} INFO - [2026-03-29T13:21:13.560+0000] {dagbag.py:545} INFO - Filling up the DagBag from /opt/airflow/dags/tmdb_daily_dag.py
[2026-03-29T13:21:13.565+0000] {processor.py:840} INFO - DAG(s) 'tmdb_raw_pipeline' retrieved from /opt/airflow/dags/tmdb_daily_dag.py
[2026-03-29T13:21:13.575+0000] {logging_mixin.py:188} INFO - [2026-03-29T13:21:13.575+0000] {dag.py:3096} INFO - Sync 1 DAGs
[2026-03-29T13:21:13.583+0000] {logging_mixin.py:188} INFO - [2026-03-29T13:21:13.583+0000] {dag.py:3954} INFO - Setting next_dagrun for tmdb_raw_pipeline to 2026-03-29 00:00:00+00:00, run_after=2026-03-30 00:00:00+00:00
[2026-03-29T13:21:13.588+0000] {processor.py:183} INFO - Processing /opt/airflow/dags/tmdb_daily_dag.py took 0.032 seconds
[2026-03-29T13:21:44.076+0000] {processor.py:161} INFO - Started process (PID=55850) to work on /opt/airflow/dags/tmdb_daily_dag.py
[2026-03-29T13:21:44.076+0000] {processor.py:830} INFO - Processing file /opt/airflow/dags/tmdb_daily_dag.py for tasks to queue
[2026-03-29T13:21:44.077+0000] {logging_mixin.py:188} INFO - [2026-03-29T13:21:44.076+0000] {dagbag.py:545} INFO - Filling up the DagBag from /opt/airflow/dags/tmdb_daily_dag.py
[2026-03-29T13:21:44.082+0000] {processor.py:840} INFO - DAG(s) 'tmdb_raw_pipeline' retrieved from /opt/airflow/dags/tmdb_daily_dag.py
[2026-03-29T13:21:44.092+0000] {logging_mixin.py:188} INFO - [2026-03-29T13:21:44.092+0000] {dag.py:3096} INFO - Sync 1 DAGs
[2026-03-29T13:21:44.100+0000] {logging_mixin.py:188} INFO - [2026-03-29T13:21:44.100+0000] {dag.py:3954} INFO - Setting next_dagrun for tmdb_raw_pipeline to 2026-03-29 00:00:00+00:00, run_after=2026-03-30 00:00:00+00:00
[2026-03-29T13:21:44.106+0000] {processor.py:183} INFO - Processing /opt/airflow/dags/tmdb_daily_dag.py took 0.033 seconds
[2026-03-29T13:42:38.495+0000] {processor.py:161} INFO - Started process (PID=55870) to work on /opt/airflow/dags/tmdb_daily_dag.py
[2026-03-29T13:42:38.496+0000] {processor.py:830} INFO - Processing file /opt/airflow/dags/tmdb_daily_dag.py for tasks to queue
[2026-03-29T13:42:38.497+0000] {logging_mixin.py:188} INFO - [2026-03-29T13:42:38.497+0000] {dagbag.py:545} INFO - Filling up the DagBag from /opt/airflow/dags/tmdb_daily_dag.py
[2026-03-29T13:42:38.504+0000] {processor.py:840} INFO - DAG(s) 'tmdb_raw_pipeline' retrieved from /opt/airflow/dags/tmdb_daily_dag.py
[2026-03-29T13:42:38.526+0000] {logging_mixin.py:188} INFO - [2026-03-29T13:42:38.526+0000] {dag.py:3096} INFO - Sync 1 DAGs
[2026-03-29T13:42:38.744+0000] {logging_mixin.py:188} INFO - [2026-03-29T13:42:38.744+0000] {dag.py:3954} INFO - Setting next_dagrun for tmdb_raw_pipeline to 2026-03-29 00:00:00+00:00, run_after=2026-03-30 00:00:00+00:00
[2026-03-29T13:42:38.750+0000] {processor.py:183} INFO - Processing /opt/airflow/dags/tmdb_daily_dag.py took 0.260 seconds
[2026-03-29T13:43:09.509+0000] {processor.py:161} INFO - Started process (PID=55888) to work on /opt/airflow/dags/tmdb_daily_dag.py
[2026-03-29T13:43:09.511+0000] {processor.py:830} INFO - Processing file /opt/airflow/dags/tmdb_daily_dag.py for tasks to queue
[2026-03-29T13:43:09.511+0000] {logging_mixin.py:188} INFO - [2026-03-29T13:43:09.511+0000] {dagbag.py:545} INFO - Filling up the DagBag from /opt/airflow/dags/tmdb_daily_dag.py
[2026-03-29T13:43:09.517+0000] {processor.py:840} INFO - DAG(s) 'tmdb_raw_pipeline' retrieved from /opt/airflow/dags/tmdb_daily_dag.py
[2026-03-29T13:43:09.608+0000] {logging_mixin.py:188} INFO - [2026-03-29T13:43:09.607+0000] {dag.py:3096} INFO - Sync 1 DAGs
[2026-03-29T13:43:09.625+0000] {logging_mixin.py:188} INFO - [2026-03-29T13:43:09.625+0000] {dag.py:3954} INFO - Setting next_dagrun for tmdb_raw_pipeline to 2026-03-29 00:00:00+00:00, run_after=2026-03-30 00:00:00+00:00
[2026-03-29T13:43:09.637+0000] {processor.py:183} INFO - Processing /opt/airflow/dags/tmdb_daily_dag.py took 0.130 seconds
[2026-03-29T13:43:40.043+0000] {processor.py:161} INFO - Started process (PID=55910) to work on /opt/airflow/dags/tmdb_daily_dag.py
[2026-03-29T13:43:40.043+0000] {processor.py:830} INFO - Processing file /opt/airflow/dags/tmdb_daily_dag.py for tasks to queue
[2026-03-29T13:43:40.043+0000] {logging_mixin.py:188} INFO - [2026-03-29T13:43:40.043+0000] {dagbag.py:545} INFO - Filling up the DagBag from /opt/airflow/dags/tmdb_daily_dag.py
[2026-03-29T13:43:40.048+0000] {processor.py:840} INFO - DAG(s) 'tmdb_raw_pipeline' retrieved from /opt/airflow/dags/tmdb_daily_dag.py
[2026-03-29T13:43:40.057+0000] {logging_mixin.py:188} INFO - [2026-03-29T13:43:40.057+0000] {dag.py:3096} INFO - Sync 1 DAGs
[2026-03-29T13:43:40.065+0000] {logging_mixin.py:188} INFO - [2026-03-29T13:43:40.065+0000] {dag.py:3954} INFO - Setting next_dagrun for tmdb_raw_pipeline to 2026-03-29 00:00:00+00:00, run_after=2026-03-30 00:00:00+00:00
[2026-03-29T13:43:40.071+0000] {processor.py:183} INFO - Processing /opt/airflow/dags/tmdb_daily_dag.py took 0.030 seconds
[2026-03-29T13:44:10.468+0000] {processor.py:161} INFO - Started process (PID=55930) to work on /opt/airflow/dags/tmdb_daily_dag.py
[2026-03-29T13:44:10.468+0000] {processor.py:830} INFO - Processing file /opt/airflow/dags/tmdb_daily_dag.py for tasks to queue
[2026-03-29T13:44:10.469+0000] {logging_mixin.py:188} INFO - [2026-03-29T13:44:10.469+0000] {dagbag.py:545} INFO - Filling up the DagBag from /opt/airflow/dags/tmdb_daily_dag.py
[2026-03-29T13:44:10.475+0000] {processor.py:840} INFO - DAG(s) 'tmdb_raw_pipeline' retrieved from /opt/airflow/dags/tmdb_daily_dag.py
[2026-03-29T13:44:10.485+0000] {logging_mixin.py:188} INFO - [2026-03-29T13:44:10.485+0000] {dag.py:3096} INFO - Sync 1 DAGs
[2026-03-29T13:44:10.493+0000] {logging_mixin.py:188} INFO - [2026-03-29T13:44:10.493+0000] {dag.py:3954} INFO - Setting next_dagrun for tmdb_raw_pipeline to 2026-03-29 00:00:00+00:00, run_after=2026-03-30 00:00:00+00:00
[2026-03-29T13:44:10.499+0000] {processor.py:183} INFO - Processing /opt/airflow/dags/tmdb_daily_dag.py took 0.034 seconds
[2026-03-29T13:44:41.038+0000] {processor.py:161} INFO - Started process (PID=55950) to work on /opt/airflow/dags/tmdb_daily_dag.py
[2026-03-29T13:44:41.039+0000] {processor.py:830} INFO - Processing file /opt/airflow/dags/tmdb_daily_dag.py for tasks to queue
[2026-03-29T13:44:41.039+0000] {logging_mixin.py:188} INFO - [2026-03-29T13:44:41.039+0000] {dagbag.py:545} INFO - Filling up the DagBag from /opt/airflow/dags/tmdb_daily_dag.py
[2026-03-29T13:44:41.045+0000] {processor.py:840} INFO - DAG(s) 'tmdb_raw_pipeline' retrieved from /opt/airflow/dags/tmdb_daily_dag.py
[2026-03-29T13:44:41.056+0000] {logging_mixin.py:188} INFO - [2026-03-29T13:44:41.056+0000] {dag.py:3096} INFO - Sync 1 DAGs
[2026-03-29T13:44:41.226+0000] {logging_mixin.py:188} INFO - [2026-03-29T13:44:41.226+0000] {dag.py:3954} INFO - Setting next_dagrun for tmdb_raw_pipeline to 2026-03-29 00:00:00+00:00, run_after=2026-03-30 00:00:00+00:00
[2026-03-29T13:44:41.233+0000] {processor.py:183} INFO - Processing /opt/airflow/dags/tmdb_daily_dag.py took 0.198 seconds
[2026-03-29T13:45:11.926+0000] {processor.py:161} INFO - Started process (PID=55970) to work on /opt/airflow/dags/tmdb_daily_dag.py
[2026-03-29T13:45:11.927+0000] {processor.py:830} INFO - Processing file /opt/airflow/dags/tmdb_daily_dag.py for tasks to queue
[2026-03-29T13:45:11.927+0000] {logging_mixin.py:188} INFO - [2026-03-29T13:45:11.927+0000] {dagbag.py:545} INFO - Filling up the DagBag from /opt/airflow/dags/tmdb_daily_dag.py
[2026-03-29T13:45:11.933+0000] {processor.py:840} INFO - DAG(s) 'tmdb_raw_pipeline' retrieved from /opt/airflow/dags/tmdb_daily_dag.py
[2026-03-29T13:45:12.003+0000] {logging_mixin.py:188} INFO - [2026-03-29T13:45:12.003+0000] {dag.py:3096} INFO - Sync 1 DAGs
[2026-03-29T13:45:12.011+0000] {logging_mixin.py:188} INFO - [2026-03-29T13:45:12.011+0000] {dag.py:3954} INFO - Setting next_dagrun for tmdb_raw_pipeline to 2026-03-29 00:00:00+00:00, run_after=2026-03-30 00:00:00+00:00
[2026-03-29T13:45:12.016+0000] {processor.py:183} INFO - Processing /opt/airflow/dags/tmdb_daily_dag.py took 0.093 seconds
[2026-03-29T13:45:42.434+0000] {processor.py:161} INFO - Started process (PID=55990) to work on /opt/airflow/dags/tmdb_daily_dag.py
[2026-03-29T13:45:42.435+0000] {processor.py:830} INFO - Processing file /opt/airflow/dags/tmdb_daily_dag.py for tasks to queue
[2026-03-29T13:45:42.435+0000] {logging_mixin.py:188} INFO - [2026-03-29T13:45:42.435+0000] {dagbag.py:545} INFO - Filling up the DagBag from /opt/airflow/dags/tmdb_daily_dag.py
[2026-03-29T13:45:42.440+0000] {processor.py:840} INFO - DAG(s) 'tmdb_raw_pipeline' retrieved from /opt/airflow/dags/tmdb_daily_dag.py
[2026-03-29T13:45:42.451+0000] {logging_mixin.py:188} INFO - [2026-03-29T13:45:42.451+0000] {dag.py:3096} INFO - Sync 1 DAGs
[2026-03-29T13:45:42.459+0000] {logging_mixin.py:188} INFO - [2026-03-29T13:45:42.459+0000] {dag.py:3954} INFO - Setting next_dagrun for tmdb_raw_pipeline to 2026-03-29 00:00:00+00:00, run_after=2026-03-30 00:00:00+00:00
[2026-03-29T13:45:42.465+0000] {processor.py:183} INFO - Processing /opt/airflow/dags/tmdb_daily_dag.py took 0.035 seconds
[2026-03-29T13:46:12.904+0000] {processor.py:161} INFO - Started process (PID=56010) to work on /opt/airflow/dags/tmdb_daily_dag.py
[2026-03-29T13:46:12.904+0000] {processor.py:830} INFO - Processing file /opt/airflow/dags/tmdb_daily_dag.py for tasks to queue
[2026-03-29T13:46:12.904+0000] {logging_mixin.py:188} INFO - [2026-03-29T13:46:12.904+0000] {dagbag.py:545} INFO - Filling up the DagBag from /opt/airflow/dags/tmdb_daily_dag.py
[2026-03-29T13:46:12.910+0000] {processor.py:840} INFO - DAG(s) 'tmdb_raw_pipeline' retrieved from /opt/airflow/dags/tmdb_daily_dag.py
[2026-03-29T13:46:12.920+0000] {logging_mixin.py:188} INFO - [2026-03-29T13:46:12.920+0000] {dag.py:3096} INFO - Sync 1 DAGs
[2026-03-29T13:46:12.929+0000] {logging_mixin.py:188} INFO - [2026-03-29T13:46:12.928+0000] {dag.py:3954} INFO - Setting next_dagrun for tmdb_raw_pipeline to 2026-03-29 00:00:00+00:00, run_after=2026-03-30 00:00:00+00:00
[2026-03-29T13:46:12.935+0000] {processor.py:183} INFO - Processing /opt/airflow/dags/tmdb_daily_dag.py took 0.034 seconds
[2026-03-29T13:46:43.376+0000] {processor.py:161} INFO - Started process (PID=56030) to work on /opt/airflow/dags/tmdb_daily_dag.py
[2026-03-29T13:46:43.377+0000] {processor.py:830} INFO - Processing file /opt/airflow/dags/tmdb_daily_dag.py for tasks to queue
[2026-03-29T13:46:43.378+0000] {logging_mixin.py:188} INFO - [2026-03-29T13:46:43.377+0000] {dagbag.py:545} INFO - Filling up the DagBag from /opt/airflow/dags/tmdb_daily_dag.py
[2026-03-29T13:46:43.384+0000] {processor.py:840} INFO - DAG(s) 'tmdb_raw_pipeline' retrieved from /opt/airflow/dags/tmdb_daily_dag.py
[2026-03-29T13:46:43.394+0000] {logging_mixin.py:188} INFO - [2026-03-29T13:46:43.394+0000] {dag.py:3096} INFO - Sync 1 DAGs
[2026-03-29T13:46:43.548+0000] {logging_mixin.py:188} INFO - [2026-03-29T13:46:43.547+0000] {dag.py:3954} INFO - Setting next_dagrun for tmdb_raw_pipeline to 2026-03-29 00:00:00+00:00, run_after=2026-03-30 00:00:00+00:00
[2026-03-29T13:46:43.554+0000] {processor.py:183} INFO - Processing /opt/airflow/dags/tmdb_daily_dag.py took 0.180 seconds
[2026-03-29T13:47:14.133+0000] {processor.py:161} INFO - Started process (PID=56050) to work on /opt/airflow/dags/tmdb_daily_dag.py
[2026-03-29T13:47:14.133+0000] {processor.py:830} INFO - Processing file /opt/airflow/dags/tmdb_daily_dag.py for tasks to queue
[2026-03-29T13:47:14.134+0000] {logging_mixin.py:188} INFO - [2026-03-29T13:47:14.134+0000] {dagbag.py:545} INFO - Filling up the DagBag from /opt/airflow/dags/tmdb_daily_dag.py
[2026-03-29T13:47:14.139+0000] {processor.py:840} INFO - DAG(s) 'tmdb_raw_pipeline' retrieved from /opt/airflow/dags/tmdb_daily_dag.py
[2026-03-29T13:47:14.210+0000] {logging_mixin.py:188} INFO - [2026-03-29T13:47:14.210+0000] {dag.py:3096} INFO - Sync 1 DAGs
[2026-03-29T13:47:14.217+0000] {logging_mixin.py:188} INFO - [2026-03-29T13:47:14.217+0000] {dag.py:3954} INFO - Setting next_dagrun for tmdb_raw_pipeline to 2026-03-29 00:00:00+00:00, run_after=2026-03-30 00:00:00+00:00
[2026-03-29T13:47:14.223+0000] {processor.py:183} INFO - Processing /opt/airflow/dags/tmdb_daily_dag.py took 0.093 seconds
[2026-03-29T13:47:44.714+0000] {processor.py:161} INFO - Started process (PID=56070) to work on /opt/airflow/dags/tmdb_daily_dag.py
[2026-03-29T13:47:44.715+0000] {processor.py:830} INFO - Processing file /opt/airflow/dags/tmdb_daily_dag.py for tasks to queue
[2026-03-29T13:47:44.716+0000] {logging_mixin.py:188} INFO - [2026-03-29T13:47:44.716+0000] {dagbag.py:545} INFO - Filling up the DagBag from /opt/airflow/dags/tmdb_daily_dag.py
[2026-03-29T13:47:44.722+0000] {processor.py:840} INFO - DAG(s) 'tmdb_raw_pipeline' retrieved from /opt/airflow/dags/tmdb_daily_dag.py
[2026-03-29T13:47:44.732+0000] {logging_mixin.py:188} INFO - [2026-03-29T13:47:44.732+0000] {dag.py:3096} INFO - Sync 1 DAGs
[2026-03-29T13:47:44.741+0000] {logging_mixin.py:188} INFO - [2026-03-29T13:47:44.741+0000] {dag.py:3954} INFO - Setting next_dagrun for tmdb_raw_pipeline to 2026-03-29 00:00:00+00:00, run_after=2026-03-30 00:00:00+00:00
[2026-03-29T13:47:44.746+0000] {processor.py:183} INFO - Processing /opt/airflow/dags/tmdb_daily_dag.py took 0.039 seconds
[2026-03-29T13:48:15.187+0000] {processor.py:161} INFO - Started process (PID=56090) to work on /opt/airflow/dags/tmdb_daily_dag.py
[2026-03-29T13:48:15.188+0000] {processor.py:830} INFO - Processing file /opt/airflow/dags/tmdb_daily_dag.py for tasks to queue
[2026-03-29T13:48:15.188+0000] {logging_mixin.py:188} INFO - [2026-03-29T13:48:15.188+0000] {dagbag.py:545} INFO - Filling up the DagBag from /opt/airflow/dags/tmdb_daily_dag.py
[2026-03-29T13:48:15.194+0000] {processor.py:840} INFO - DAG(s) 'tmdb_raw_pipeline' retrieved from /opt/airflow/dags/tmdb_daily_dag.py
[2026-03-29T13:48:15.203+0000] {logging_mixin.py:188} INFO - [2026-03-29T13:48:15.203+0000] {dag.py:3096} INFO - Sync 1 DAGs
[2026-03-29T13:48:15.212+0000] {logging_mixin.py:188} INFO - [2026-03-29T13:48:15.212+0000] {dag.py:3954} INFO - Setting next_dagrun for tmdb_raw_pipeline to 2026-03-29 00:00:00+00:00, run_after=2026-03-30 00:00:00+00:00
[2026-03-29T13:48:15.218+0000] {processor.py:183} INFO - Processing /opt/airflow/dags/tmdb_daily_dag.py took 0.034 seconds
[2026-03-29T13:48:45.602+0000] {processor.py:161} INFO - Started process (PID=56110) to work on /opt/airflow/dags/tmdb_daily_dag.py
[2026-03-29T13:48:45.603+0000] {processor.py:830} INFO - Processing file /opt/airflow/dags/tmdb_daily_dag.py for tasks to queue
[2026-03-29T13:48:45.603+0000] {logging_mixin.py:188} INFO - [2026-03-29T13:48:45.603+0000] {dagbag.py:545} INFO - Filling up the DagBag from /opt/airflow/dags/tmdb_daily_dag.py
[2026-03-29T13:48:45.609+0000] {processor.py:840} INFO - DAG(s) 'tmdb_raw_pipeline' retrieved from /opt/airflow/dags/tmdb_daily_dag.py
[2026-03-29T13:48:45.619+0000] {logging_mixin.py:188} INFO - [2026-03-29T13:48:45.619+0000] {dag.py:3096} INFO - Sync 1 DAGs
[2026-03-29T13:48:45.764+0000] {logging_mixin.py:188} INFO - [2026-03-29T13:48:45.764+0000] {dag.py:3954} INFO - Setting next_dagrun for tmdb_raw_pipeline to 2026-03-29 00:00:00+00:00, run_after=2026-03-30 00:00:00+00:00
[2026-03-29T13:48:45.770+0000] {processor.py:183} INFO - Processing /opt/airflow/dags/tmdb_daily_dag.py took 0.171 seconds
[2026-03-29T13:49:16.282+0000] {processor.py:161} INFO - Started process (PID=56130) to work on /opt/airflow/dags/tmdb_daily_dag.py
[2026-03-29T13:49:16.282+0000] {processor.py:830} INFO - Processing file /opt/airflow/dags/tmdb_daily_dag.py for tasks to queue
[2026-03-29T13:49:16.283+0000] {logging_mixin.py:188} INFO - [2026-03-29T13:49:16.283+0000] {dagbag.py:545} INFO - Filling up the DagBag from /opt/airflow/dags/tmdb_daily_dag.py
[2026-03-29T13:49:16.289+0000] {processor.py:840} INFO - DAG(s) 'tmdb_raw_pipeline' retrieved from /opt/airflow/dags/tmdb_daily_dag.py
[2026-03-29T13:49:16.361+0000] {logging_mixin.py:188} INFO - [2026-03-29T13:49:16.361+0000] {dag.py:3096} INFO - Sync 1 DAGs
[2026-03-29T13:49:16.369+0000] {logging_mixin.py:188} INFO - [2026-03-29T13:49:16.369+0000] {dag.py:3954} INFO - Setting next_dagrun for tmdb_raw_pipeline to 2026-03-29 00:00:00+00:00, run_after=2026-03-30 00:00:00+00:00
[2026-03-29T13:49:16.375+0000] {processor.py:183} INFO - Processing /opt/airflow/dags/tmdb_daily_dag.py took 0.096 seconds
[2026-03-29T13:49:46.858+0000] {processor.py:161} INFO - Started process (PID=56150) to work on /opt/airflow/dags/tmdb_daily_dag.py
[2026-03-29T13:49:46.861+0000] {processor.py:830} INFO - Processing file /opt/airflow/dags/tmdb_daily_dag.py for tasks to queue
[2026-03-29T13:49:46.861+0000] {logging_mixin.py:188} INFO - [2026-03-29T13:49:46.861+0000] {dagbag.py:545} INFO - Filling up the DagBag from /opt/airflow/dags/tmdb_daily_dag.py
[2026-03-29T13:49:46.867+0000] {processor.py:840} INFO - DAG(s) 'tmdb_raw_pipeline' retrieved from /opt/airflow/dags/tmdb_daily_dag.py
[2026-03-29T13:49:46.878+0000] {logging_mixin.py:188} INFO - [2026-03-29T13:49:46.878+0000] {dag.py:3096} INFO - Sync 1 DAGs
[2026-03-29T13:49:46.886+0000] {logging_mixin.py:188} INFO - [2026-03-29T13:49:46.886+0000] {dag.py:3954} INFO - Setting next_dagrun for tmdb_raw_pipeline to 2026-03-29 00:00:00+00:00, run_after=2026-03-30 00:00:00+00:00
[2026-03-29T13:49:46.893+0000] {processor.py:183} INFO - Processing /opt/airflow/dags/tmdb_daily_dag.py took 0.042 seconds
[2026-03-29T13:50:17.408+0000] {processor.py:161} INFO - Started process (PID=56170) to work on /opt/airflow/dags/tmdb_daily_dag.py
[2026-03-29T13:50:17.408+0000] {processor.py:830} INFO - Processing file /opt/airflow/dags/tmdb_daily_dag.py for tasks to queue
[2026-03-29T13:50:17.409+0000] {logging_mixin.py:188} INFO - [2026-03-29T13:50:17.409+0000] {dagbag.py:545} INFO - Filling up the DagBag from /opt/airflow/dags/tmdb_daily_dag.py
[2026-03-29T13:50:17.414+0000] {processor.py:840} INFO - DAG(s) 'tmdb_raw_pipeline' retrieved from /opt/airflow/dags/tmdb_daily_dag.py
[2026-03-29T13:50:17.424+0000] {logging_mixin.py:188} INFO - [2026-03-29T13:50:17.424+0000] {dag.py:3096} INFO - Sync 1 DAGs
[2026-03-29T13:50:17.434+0000] {logging_mixin.py:188} INFO - [2026-03-29T13:50:17.434+0000] {dag.py:3954} INFO - Setting next_dagrun for tmdb_raw_pipeline to 2026-03-29 00:00:00+00:00, run_after=2026-03-30 00:00:00+00:00
[2026-03-29T13:50:17.440+0000] {processor.py:183} INFO - Processing /opt/airflow/dags/tmdb_daily_dag.py took 0.035 seconds
[2026-03-29T13:50:47.868+0000] {processor.py:161} INFO - Started process (PID=56190) to work on /opt/airflow/dags/tmdb_daily_dag.py
[2026-03-29T13:50:47.868+0000] {processor.py:830} INFO - Processing file /opt/airflow/dags/tmdb_daily_dag.py for tasks to queue
[2026-03-29T13:50:47.869+0000] {logging_mixin.py:188} INFO - [2026-03-29T13:50:47.869+0000] {dagbag.py:545} INFO - Filling up the DagBag from /opt/airflow/dags/tmdb_daily_dag.py
[2026-03-29T13:50:47.874+0000] {processor.py:840} INFO - DAG(s) 'tmdb_raw_pipeline' retrieved from /opt/airflow/dags/tmdb_daily_dag.py
[2026-03-29T13:50:47.884+0000] {logging_mixin.py:188} INFO - [2026-03-29T13:50:47.884+0000] {dag.py:3096} INFO - Sync 1 DAGs
[2026-03-29T13:50:48.040+0000] {logging_mixin.py:188} INFO - [2026-03-29T13:50:48.040+0000] {dag.py:3954} INFO - Setting next_dagrun for tmdb_raw_pipeline to 2026-03-29 00:00:00+00:00, run_after=2026-03-30 00:00:00+00:00
[2026-03-29T13:50:48.046+0000] {processor.py:183} INFO - Processing /opt/airflow/dags/tmdb_daily_dag.py took 0.181 seconds
[2026-03-29T13:51:18.713+0000] {processor.py:161} INFO - Started process (PID=56210) to work on /opt/airflow/dags/tmdb_daily_dag.py
[2026-03-29T13:51:18.714+0000] {processor.py:830} INFO - Processing file /opt/airflow/dags/tmdb_daily_dag.py for tasks to queue
[2026-03-29T13:51:18.715+0000] {logging_mixin.py:188} INFO - [2026-03-29T13:51:18.714+0000] {dagbag.py:545} INFO - Filling up the DagBag from /opt/airflow/dags/tmdb_daily_dag.py
[2026-03-29T13:51:18.721+0000] {processor.py:840} INFO - DAG(s) 'tmdb_raw_pipeline' retrieved from /opt/airflow/dags/tmdb_daily_dag.py
[2026-03-29T13:51:18.815+0000] {logging_mixin.py:188} INFO - [2026-03-29T13:51:18.815+0000] {dag.py:3096} INFO - Sync 1 DAGs
[2026-03-29T13:51:18.822+0000] {logging_mixin.py:188} INFO - [2026-03-29T13:51:18.822+0000] {dag.py:3954} INFO - Setting next_dagrun for tmdb_raw_pipeline to 2026-03-29 00:00:00+00:00, run_after=2026-03-30 00:00:00+00:00
[2026-03-29T13:51:18.828+0000] {processor.py:183} INFO - Processing /opt/airflow/dags/tmdb_daily_dag.py took 0.117 seconds
[2026-03-29T13:51:49.476+0000] {processor.py:161} INFO - Started process (PID=56230) to work on /opt/airflow/dags/tmdb_daily_dag.py
[2026-03-29T13:51:49.477+0000] {processor.py:830} INFO - Processing file /opt/airflow/dags/tmdb_daily_dag.py for tasks to queue
[2026-03-29T13:51:49.477+0000] {logging_mixin.py:188} INFO - [2026-03-29T13:51:49.477+0000] {dagbag.py:545} INFO - Filling up the DagBag from /opt/airflow/dags/tmdb_daily_dag.py
[2026-03-29T13:51:49.483+0000] {processor.py:840} INFO - DAG(s) 'tmdb_raw_pipeline' retrieved from /opt/airflow/dags/tmdb_daily_dag.py
[2026-03-29T13:51:49.493+0000] {logging_mixin.py:188} INFO - [2026-03-29T13:51:49.493+0000] {dag.py:3096} INFO - Sync 1 DAGs
[2026-03-29T13:51:49.501+0000] {logging_mixin.py:188} INFO - [2026-03-29T13:51:49.501+0000] {dag.py:3954} INFO - Setting next_dagrun for tmdb_raw_pipeline to 2026-03-29 00:00:00+00:00, run_after=2026-03-30 00:00:00+00:00
[2026-03-29T13:51:49.507+0000] {processor.py:183} INFO - Processing /opt/airflow/dags/tmdb_daily_dag.py took 0.033 seconds
[2026-03-29T13:52:19.961+0000] {processor.py:161} INFO - Started process (PID=56250) to work on /opt/airflow/dags/tmdb_daily_dag.py
[2026-03-29T13:52:19.962+0000] {processor.py:830} INFO - Processing file /opt/airflow/dags/tmdb_daily_dag.py for tasks to queue
[2026-03-29T13:52:19.962+0000] {logging_mixin.py:188} INFO - [2026-03-29T13:52:19.962+0000] {dagbag.py:545} INFO - Filling up the DagBag from /opt/airflow/dags/tmdb_daily_dag.py
[2026-03-29T13:52:19.969+0000] {processor.py:840} INFO - DAG(s) 'tmdb_raw_pipeline' retrieved from /opt/airflow/dags/tmdb_daily_dag.py
[2026-03-29T13:52:19.978+0000] {logging_mixin.py:188} INFO - [2026-03-29T13:52:19.978+0000] {dag.py:3096} INFO - Sync 1 DAGs
[2026-03-29T13:52:19.987+0000] {logging_mixin.py:188} INFO - [2026-03-29T13:52:19.987+0000] {dag.py:3954} INFO - Setting next_dagrun for tmdb_raw_pipeline to 2026-03-29 00:00:00+00:00, run_after=2026-03-30 00:00:00+00:00
[2026-03-29T13:52:19.993+0000] {processor.py:183} INFO - Processing /opt/airflow/dags/tmdb_daily_dag.py took 0.034 seconds
[2026-03-29T13:52:50.449+0000] {processor.py:161} INFO - Started process (PID=56270) to work on /opt/airflow/dags/tmdb_daily_dag.py
[2026-03-29T13:52:50.450+0000] {processor.py:830} INFO - Processing file /opt/airflow/dags/tmdb_daily_dag.py for tasks to queue
[2026-03-29T13:52:50.450+0000] {logging_mixin.py:188} INFO - [2026-03-29T13:52:50.450+0000] {dagbag.py:545} INFO - Filling up the DagBag from /opt/airflow/dags/tmdb_daily_dag.py
[2026-03-29T13:52:50.456+0000] {processor.py:840} INFO - DAG(s) 'tmdb_raw_pipeline' retrieved from /opt/airflow/dags/tmdb_daily_dag.py
[2026-03-29T13:52:50.466+0000] {logging_mixin.py:188} INFO - [2026-03-29T13:52:50.466+0000] {dag.py:3096} INFO - Sync 1 DAGs
[2026-03-29T13:52:50.474+0000] {logging_mixin.py:188} INFO - [2026-03-29T13:52:50.474+0000] {dag.py:3954} INFO - Setting next_dagrun for tmdb_raw_pipeline to 2026-03-29 00:00:00+00:00, run_after=2026-03-30 00:00:00+00:00
[2026-03-29T13:52:50.480+0000] {processor.py:183} INFO - Processing /opt/airflow/dags/tmdb_daily_dag.py took 0.033 seconds
[2026-03-29T13:53:20.946+0000] {processor.py:161} INFO - Started process (PID=56290) to work on /opt/airflow/dags/tmdb_daily_dag.py
[2026-03-29T13:53:20.947+0000] {processor.py:830} INFO - Processing file /opt/airflow/dags/tmdb_daily_dag.py for tasks to queue
[2026-03-29T13:53:20.948+0000] {logging_mixin.py:188} INFO - [2026-03-29T13:53:20.947+0000] {dagbag.py:545} INFO - Filling up the DagBag from /opt/airflow/dags/tmdb_daily_dag.py
[2026-03-29T13:53:20.954+0000] {processor.py:840} INFO - DAG(s) 'tmdb_raw_pipeline' retrieved from /opt/airflow/dags/tmdb_daily_dag.py
[2026-03-29T13:53:20.963+0000] {logging_mixin.py:188} INFO - [2026-03-29T13:53:20.963+0000] {dag.py:3096} INFO - Sync 1 DAGs
[2026-03-29T13:53:20.972+0000] {logging_mixin.py:188} INFO - [2026-03-29T13:53:20.972+0000] {dag.py:3954} INFO - Setting next_dagrun for tmdb_raw_pipeline to 2026-03-29 00:00:00+00:00, run_after=2026-03-30 00:00:00+00:00
[2026-03-29T13:53:20.978+0000] {processor.py:183} INFO - Processing /opt/airflow/dags/tmdb_daily_dag.py took 0.034 seconds
[2026-03-29T13:53:51.405+0000] {processor.py:161} INFO - Started process (PID=56310) to work on /opt/airflow/dags/tmdb_daily_dag.py
[2026-03-29T13:53:51.405+0000] {processor.py:830} INFO - Processing file /opt/airflow/dags/tmdb_daily_dag.py for tasks to queue
[2026-03-29T13:53:51.406+0000] {logging_mixin.py:188} INFO - [2026-03-29T13:53:51.405+0000] {dagbag.py:545} INFO - Filling up the DagBag from /opt/airflow/dags/tmdb_daily_dag.py
[2026-03-29T13:53:51.411+0000] {processor.py:840} INFO - DAG(s) 'tmdb_raw_pipeline' retrieved from /opt/airflow/dags/tmdb_daily_dag.py
[2026-03-29T13:53:51.421+0000] {logging_mixin.py:188} INFO - [2026-03-29T13:53:51.421+0000] {dag.py:3096} INFO - Sync 1 DAGs
[2026-03-29T13:53:51.429+0000] {logging_mixin.py:188} INFO - [2026-03-29T13:53:51.429+0000] {dag.py:3954} INFO - Setting next_dagrun for tmdb_raw_pipeline to 2026-03-29 00:00:00+00:00, run_after=2026-03-30 00:00:00+00:00
[2026-03-29T13:53:51.435+0000] {processor.py:183} INFO - Processing /opt/airflow/dags/tmdb_daily_dag.py took 0.033 seconds
[2026-03-29T13:54:21.938+0000] {processor.py:161} INFO - Started process (PID=56330) to work on /opt/airflow/dags/tmdb_daily_dag.py
[2026-03-29T13:54:21.938+0000] {processor.py:830} INFO - Processing file /opt/airflow/dags/tmdb_daily_dag.py for tasks to queue
[2026-03-29T13:54:21.939+0000] {logging_mixin.py:188} INFO - [2026-03-29T13:54:21.938+0000] {dagbag.py:545} INFO - Filling up the DagBag from /opt/airflow/dags/tmdb_daily_dag.py
[2026-03-29T13:54:21.945+0000] {processor.py:840} INFO - DAG(s) 'tmdb_raw_pipeline' retrieved from /opt/airflow/dags/tmdb_daily_dag.py
[2026-03-29T13:54:21.954+0000] {logging_mixin.py:188} INFO - [2026-03-29T13:54:21.954+0000] {dag.py:3096} INFO - Sync 1 DAGs
[2026-03-29T13:54:21.963+0000] {logging_mixin.py:188} INFO - [2026-03-29T13:54:21.963+0000] {dag.py:3954} INFO - Setting next_dagrun for tmdb_raw_pipeline to 2026-03-29 00:00:00+00:00, run_after=2026-03-30 00:00:00+00:00
[2026-03-29T13:54:21.969+0000] {processor.py:183} INFO - Processing /opt/airflow/dags/tmdb_daily_dag.py took 0.034 seconds
[2026-03-29T13:54:52.329+0000] {processor.py:161} INFO - Started process (PID=56350) to work on /opt/airflow/dags/tmdb_daily_dag.py
[2026-03-29T13:54:52.330+0000] {processor.py:830} INFO - Processing file /opt/airflow/dags/tmdb_daily_dag.py for tasks to queue
[2026-03-29T13:54:52.330+0000] {logging_mixin.py:188} INFO - [2026-03-29T13:54:52.330+0000] {dagbag.py:545} INFO - Filling up the DagBag from /opt/airflow/dags/tmdb_daily_dag.py
[2026-03-29T13:54:52.336+0000] {processor.py:840} INFO - DAG(s) 'tmdb_raw_pipeline' retrieved from /opt/airflow/dags/tmdb_daily_dag.py
[2026-03-29T13:54:52.345+0000] {logging_mixin.py:188} INFO - [2026-03-29T13:54:52.345+0000] {dag.py:3096} INFO - Sync 1 DAGs
[2026-03-29T13:54:52.353+0000] {logging_mixin.py:188} INFO - [2026-03-29T13:54:52.353+0000] {dag.py:3954} INFO - Setting next_dagrun for tmdb_raw_pipeline to 2026-03-29 00:00:00+00:00, run_after=2026-03-30 00:00:00+00:00
[2026-03-29T13:54:52.359+0000] {processor.py:183} INFO - Processing /opt/airflow/dags/tmdb_daily_dag.py took 0.032 seconds
[2026-03-29T13:55:22.826+0000] {processor.py:161} INFO - Started process (PID=56370) to work on /opt/airflow/dags/tmdb_daily_dag.py
[2026-03-29T13:55:22.826+0000] {processor.py:830} INFO - Processing file /opt/airflow/dags/tmdb_daily_dag.py for tasks to queue
[2026-03-29T13:55:22.827+0000] {logging_mixin.py:188} INFO - [2026-03-29T13:55:22.827+0000] {dagbag.py:545} INFO - Filling up the DagBag from /opt/airflow/dags/tmdb_daily_dag.py
[2026-03-29T13:55:22.832+0000] {processor.py:840} INFO - DAG(s) 'tmdb_raw_pipeline' retrieved from /opt/airflow/dags/tmdb_daily_dag.py
[2026-03-29T13:55:22.842+0000] {logging_mixin.py:188} INFO - [2026-03-29T13:55:22.842+0000] {dag.py:3096} INFO - Sync 1 DAGs
[2026-03-29T13:55:22.852+0000] {logging_mixin.py:188} INFO - [2026-03-29T13:55:22.852+0000] {dag.py:3954} INFO - Setting next_dagrun for tmdb_raw_pipeline to 2026-03-29 00:00:00+00:00, run_after=2026-03-30 00:00:00+00:00
[2026-03-29T13:55:22.858+0000] {processor.py:183} INFO - Processing /opt/airflow/dags/tmdb_daily_dag.py took 0.034 seconds
[2026-03-29T13:55:53.282+0000] {processor.py:161} INFO - Started process (PID=56388) to work on /opt/airflow/dags/tmdb_daily_dag.py
[2026-03-29T13:55:53.283+0000] {processor.py:830} INFO - Processing file /opt/airflow/dags/tmdb_daily_dag.py for tasks to queue
[2026-03-29T13:55:53.283+0000] {logging_mixin.py:188} INFO - [2026-03-29T13:55:53.283+0000] {dagbag.py:545} INFO - Filling up the DagBag from /opt/airflow/dags/tmdb_daily_dag.py
[2026-03-29T13:55:53.289+0000] {processor.py:840} INFO - DAG(s) 'tmdb_raw_pipeline' retrieved from /opt/airflow/dags/tmdb_daily_dag.py
[2026-03-29T13:55:53.301+0000] {logging_mixin.py:188} INFO - [2026-03-29T13:55:53.301+0000] {dag.py:3096} INFO - Sync 1 DAGs
[2026-03-29T13:55:53.310+0000] {logging_mixin.py:188} INFO - [2026-03-29T13:55:53.310+0000] {dag.py:3954} INFO - Setting next_dagrun for tmdb_raw_pipeline to 2026-03-29 00:00:00+00:00, run_after=2026-03-30 00:00:00+00:00
[2026-03-29T13:55:53.321+0000] {processor.py:183} INFO - Processing /opt/airflow/dags/tmdb_daily_dag.py took 0.042 seconds
[2026-03-29T13:56:23.894+0000] {processor.py:161} INFO - Started process (PID=56410) to work on /opt/airflow/dags/tmdb_daily_dag.py
[2026-03-29T13:56:23.896+0000] {processor.py:830} INFO - Processing file /opt/airflow/dags/tmdb_daily_dag.py for tasks to queue
[2026-03-29T13:56:23.896+0000] {logging_mixin.py:188} INFO - [2026-03-29T13:56:23.896+0000] {dagbag.py:545} INFO - Filling up the DagBag from /opt/airflow/dags/tmdb_daily_dag.py
[2026-03-29T13:56:23.904+0000] {processor.py:840} INFO - DAG(s) 'tmdb_raw_pipeline' retrieved from /opt/airflow/dags/tmdb_daily_dag.py
[2026-03-29T13:56:23.916+0000] {logging_mixin.py:188} INFO - [2026-03-29T13:56:23.916+0000] {dag.py:3096} INFO - Sync 1 DAGs
[2026-03-29T13:56:23.926+0000] {logging_mixin.py:188} INFO - [2026-03-29T13:56:23.925+0000] {dag.py:3954} INFO - Setting next_dagrun for tmdb_raw_pipeline to 2026-03-29 00:00:00+00:00, run_after=2026-03-30 00:00:00+00:00
[2026-03-29T13:56:23.932+0000] {processor.py:183} INFO - Processing /opt/airflow/dags/tmdb_daily_dag.py took 0.041 seconds
[2026-03-29T13:56:54.385+0000] {processor.py:161} INFO - Started process (PID=56430) to work on /opt/airflow/dags/tmdb_daily_dag.py
[2026-03-29T13:56:54.385+0000] {processor.py:830} INFO - Processing file /opt/airflow/dags/tmdb_daily_dag.py for tasks to queue
[2026-03-29T13:56:54.386+0000] {logging_mixin.py:188} INFO - [2026-03-29T13:56:54.385+0000] {dagbag.py:545} INFO - Filling up the DagBag from /opt/airflow/dags/tmdb_daily_dag.py
[2026-03-29T13:56:54.392+0000] {processor.py:840} INFO - DAG(s) 'tmdb_raw_pipeline' retrieved from /opt/airflow/dags/tmdb_daily_dag.py
[2026-03-29T13:56:54.401+0000] {logging_mixin.py:188} INFO - [2026-03-29T13:56:54.401+0000] {dag.py:3096} INFO - Sync 1 DAGs
[2026-03-29T13:56:54.410+0000] {logging_mixin.py:188} INFO - [2026-03-29T13:56:54.410+0000] {dag.py:3954} INFO - Setting next_dagrun for tmdb_raw_pipeline to 2026-03-29 00:00:00+00:00, run_after=2026-03-30 00:00:00+00:00
[2026-03-29T13:56:54.416+0000] {processor.py:183} INFO - Processing /opt/airflow/dags/tmdb_daily_dag.py took 0.034 seconds
[2026-03-29T13:57:24.862+0000] {processor.py:161} INFO - Started process (PID=56450) to work on /opt/airflow/dags/tmdb_daily_dag.py
[2026-03-29T13:57:24.862+0000] {processor.py:830} INFO - Processing file /opt/airflow/dags/tmdb_daily_dag.py for tasks to queue
[2026-03-29T13:57:24.863+0000] {logging_mixin.py:188} INFO - [2026-03-29T13:57:24.863+0000] {dagbag.py:545} INFO - Filling up the DagBag from /opt/airflow/dags/tmdb_daily_dag.py
[2026-03-29T13:57:24.869+0000] {processor.py:840} INFO - DAG(s) 'tmdb_raw_pipeline' retrieved from /opt/airflow/dags/tmdb_daily_dag.py
[2026-03-29T13:57:24.879+0000] {logging_mixin.py:188} INFO - [2026-03-29T13:57:24.879+0000] {dag.py:3096} INFO - Sync 1 DAGs
[2026-03-29T13:57:24.887+0000] {logging_mixin.py:188} INFO - [2026-03-29T13:57:24.887+0000] {dag.py:3954} INFO - Setting next_dagrun for tmdb_raw_pipeline to 2026-03-29 00:00:00+00:00, run_after=2026-03-30 00:00:00+00:00
[2026-03-29T13:57:24.893+0000] {processor.py:183} INFO - Processing /opt/airflow/dags/tmdb_daily_dag.py took 0.033 seconds
[2026-03-29T13:57:55.286+0000] {processor.py:161} INFO - Started process (PID=56470) to work on /opt/airflow/dags/tmdb_daily_dag.py
[2026-03-29T13:57:55.287+0000] {processor.py:830} INFO - Processing file /opt/airflow/dags/tmdb_daily_dag.py for tasks to queue
[2026-03-29T13:57:55.287+0000] {logging_mixin.py:188} INFO - [2026-03-29T13:57:55.287+0000] {dagbag.py:545} INFO - Filling up the DagBag from /opt/airflow/dags/tmdb_daily_dag.py
[2026-03-29T13:57:55.293+0000] {processor.py:840} INFO - DAG(s) 'tmdb_raw_pipeline' retrieved from /opt/airflow/dags/tmdb_daily_dag.py
[2026-03-29T13:57:55.309+0000] {logging_mixin.py:188} INFO - [2026-03-29T13:57:55.308+0000] {dag.py:3096} INFO - Sync 1 DAGs
[2026-03-29T13:57:55.320+0000] {logging_mixin.py:188} INFO - [2026-03-29T13:57:55.320+0000] {dag.py:3954} INFO - Setting next_dagrun for tmdb_raw_pipeline to 2026-03-29 00:00:00+00:00, run_after=2026-03-30 00:00:00+00:00
[2026-03-29T13:57:55.330+0000] {processor.py:183} INFO - Processing /opt/airflow/dags/tmdb_daily_dag.py took 0.046 seconds
[2026-03-29T13:58:25.817+0000] {processor.py:161} INFO - Started process (PID=56490) to work on /opt/airflow/dags/tmdb_daily_dag.py
[2026-03-29T13:58:25.818+0000] {processor.py:830} INFO - Processing file /opt/airflow/dags/tmdb_daily_dag.py for tasks to queue
[2026-03-29T13:58:25.819+0000] {logging_mixin.py:188} INFO - [2026-03-29T13:58:25.818+0000] {dagbag.py:545} INFO - Filling up the DagBag from /opt/airflow/dags/tmdb_daily_dag.py
[2026-03-29T13:58:25.825+0000] {processor.py:840} INFO - DAG(s) 'tmdb_raw_pipeline' retrieved from /opt/airflow/dags/tmdb_daily_dag.py
[2026-03-29T13:58:25.835+0000] {logging_mixin.py:188} INFO - [2026-03-29T13:58:25.835+0000] {dag.py:3096} INFO - Sync 1 DAGs
[2026-03-29T13:58:25.844+0000] {logging_mixin.py:188} INFO - [2026-03-29T13:58:25.844+0000] {dag.py:3954} INFO - Setting next_dagrun for tmdb_raw_pipeline to 2026-03-29 00:00:00+00:00, run_after=2026-03-30 00:00:00+00:00
[2026-03-29T13:58:25.850+0000] {processor.py:183} INFO - Processing /opt/airflow/dags/tmdb_daily_dag.py took 0.035 seconds
[2026-03-29T13:58:56.276+0000] {processor.py:161} INFO - Started process (PID=56508) to work on /opt/airflow/dags/tmdb_daily_dag.py
[2026-03-29T13:58:56.277+0000] {processor.py:830} INFO - Processing file /opt/airflow/dags/tmdb_daily_dag.py for tasks to queue
[2026-03-29T13:58:56.279+0000] {logging_mixin.py:188} INFO - [2026-03-29T13:58:56.279+0000] {dagbag.py:545} INFO - Filling up the DagBag from /opt/airflow/dags/tmdb_daily_dag.py
[2026-03-29T13:58:56.285+0000] {processor.py:840} INFO - DAG(s) 'tmdb_raw_pipeline' retrieved from /opt/airflow/dags/tmdb_daily_dag.py
[2026-03-29T13:58:56.300+0000] {logging_mixin.py:188} INFO - [2026-03-29T13:58:56.300+0000] {dag.py:3096} INFO - Sync 1 DAGs
[2026-03-29T13:58:56.312+0000] {logging_mixin.py:188} INFO - [2026-03-29T13:58:56.312+0000] {dag.py:3954} INFO - Setting next_dagrun for tmdb_raw_pipeline to 2026-03-29 00:00:00+00:00, run_after=2026-03-30 00:00:00+00:00
[2026-03-29T13:58:56.323+0000] {processor.py:183} INFO - Processing /opt/airflow/dags/tmdb_daily_dag.py took 0.050 seconds
[2026-03-29T13:59:26.808+0000] {processor.py:161} INFO - Started process (PID=56530) to work on /opt/airflow/dags/tmdb_daily_dag.py
[2026-03-29T13:59:26.809+0000] {processor.py:830} INFO - Processing file /opt/airflow/dags/tmdb_daily_dag.py for tasks to queue
[2026-03-29T13:59:26.810+0000] {logging_mixin.py:188} INFO - [2026-03-29T13:59:26.809+0000] {dagbag.py:545} INFO - Filling up the DagBag from /opt/airflow/dags/tmdb_daily_dag.py
[2026-03-29T13:59:26.816+0000] {processor.py:840} INFO - DAG(s) 'tmdb_raw_pipeline' retrieved from /opt/airflow/dags/tmdb_daily_dag.py
[2026-03-29T13:59:26.825+0000] {logging_mixin.py:188} INFO - [2026-03-29T13:59:26.825+0000] {dag.py:3096} INFO - Sync 1 DAGs
[2026-03-29T13:59:26.834+0000] {logging_mixin.py:188} INFO - [2026-03-29T13:59:26.834+0000] {dag.py:3954} INFO - Setting next_dagrun for tmdb_raw_pipeline to 2026-03-29 00:00:00+00:00, run_after=2026-03-30 00:00:00+00:00
[2026-03-29T13:59:26.840+0000] {processor.py:183} INFO - Processing /opt/airflow/dags/tmdb_daily_dag.py took 0.035 seconds
[2026-03-29T13:59:57.251+0000] {processor.py:161} INFO - Started process (PID=56550) to work on /opt/airflow/dags/tmdb_daily_dag.py
[2026-03-29T13:59:57.252+0000] {processor.py:830} INFO - Processing file /opt/airflow/dags/tmdb_daily_dag.py for tasks to queue
[2026-03-29T13:59:57.252+0000] {logging_mixin.py:188} INFO - [2026-03-29T13:59:57.252+0000] {dagbag.py:545} INFO - Filling up the DagBag from /opt/airflow/dags/tmdb_daily_dag.py
[2026-03-29T13:59:57.257+0000] {processor.py:840} INFO - DAG(s) 'tmdb_raw_pipeline' retrieved from /opt/airflow/dags/tmdb_daily_dag.py
[2026-03-29T13:59:57.267+0000] {logging_mixin.py:188} INFO - [2026-03-29T13:59:57.267+0000] {dag.py:3096} INFO - Sync 1 DAGs
[2026-03-29T13:59:57.275+0000] {logging_mixin.py:188} INFO - [2026-03-29T13:59:57.275+0000] {dag.py:3954} INFO - Setting next_dagrun for tmdb_raw_pipeline to 2026-03-29 00:00:00+00:00, run_after=2026-03-30 00:00:00+00:00
[2026-03-29T13:59:57.282+0000] {processor.py:183} INFO - Processing /opt/airflow/dags/tmdb_daily_dag.py took 0.033 seconds
[2026-03-29T14:00:27.788+0000] {processor.py:161} INFO - Started process (PID=56570) to work on /opt/airflow/dags/tmdb_daily_dag.py
[2026-03-29T14:00:27.788+0000] {processor.py:830} INFO - Processing file /opt/airflow/dags/tmdb_daily_dag.py for tasks to queue
[2026-03-29T14:00:27.789+0000] {logging_mixin.py:188} INFO - [2026-03-29T14:00:27.789+0000] {dagbag.py:545} INFO - Filling up the DagBag from /opt/airflow/dags/tmdb_daily_dag.py
[2026-03-29T14:00:27.796+0000] {processor.py:840} INFO - DAG(s) 'tmdb_raw_pipeline' retrieved from /opt/airflow/dags/tmdb_daily_dag.py
[2026-03-29T14:00:27.806+0000] {logging_mixin.py:188} INFO - [2026-03-29T14:00:27.806+0000] {dag.py:3096} INFO - Sync 1 DAGs
[2026-03-29T14:00:27.814+0000] {logging_mixin.py:188} INFO - [2026-03-29T14:00:27.814+0000] {dag.py:3954} INFO - Setting next_dagrun for tmdb_raw_pipeline to 2026-03-29 00:00:00+00:00, run_after=2026-03-30 00:00:00+00:00
[2026-03-29T14:00:27.820+0000] {processor.py:183} INFO - Processing /opt/airflow/dags/tmdb_daily_dag.py took 0.035 seconds
[2026-03-29T14:00:58.217+0000] {processor.py:161} INFO - Started process (PID=56589) to work on /opt/airflow/dags/tmdb_daily_dag.py
[2026-03-29T14:00:58.218+0000] {processor.py:830} INFO - Processing file /opt/airflow/dags/tmdb_daily_dag.py for tasks to queue
[2026-03-29T14:00:58.219+0000] {logging_mixin.py:188} INFO - [2026-03-29T14:00:58.219+0000] {dagbag.py:545} INFO - Filling up the DagBag from /opt/airflow/dags/tmdb_daily_dag.py
[2026-03-29T14:00:58.225+0000] {processor.py:840} INFO - DAG(s) 'tmdb_raw_pipeline' retrieved from /opt/airflow/dags/tmdb_daily_dag.py
[2026-03-29T14:00:58.239+0000] {logging_mixin.py:188} INFO - [2026-03-29T14:00:58.239+0000] {dag.py:3096} INFO - Sync 1 DAGs
[2026-03-29T14:00:58.252+0000] {logging_mixin.py:188} INFO - [2026-03-29T14:00:58.252+0000] {dag.py:3954} INFO - Setting next_dagrun for tmdb_raw_pipeline to 2026-03-29 00:00:00+00:00, run_after=2026-03-30 00:00:00+00:00
[2026-03-29T14:00:58.262+0000] {processor.py:183} INFO - Processing /opt/airflow/dags/tmdb_daily_dag.py took 0.047 seconds
[2026-03-29T14:01:28.777+0000] {processor.py:161} INFO - Started process (PID=56610) to work on /opt/airflow/dags/tmdb_daily_dag.py
[2026-03-29T14:01:28.778+0000] {processor.py:830} INFO - Processing file /opt/airflow/dags/tmdb_daily_dag.py for tasks to queue
[2026-03-29T14:01:28.778+0000] {logging_mixin.py:188} INFO - [2026-03-29T14:01:28.778+0000] {dagbag.py:545} INFO - Filling up the DagBag from /opt/airflow/dags/tmdb_daily_dag.py
[2026-03-29T14:01:28.785+0000] {processor.py:840} INFO - DAG(s) 'tmdb_raw_pipeline' retrieved from /opt/airflow/dags/tmdb_daily_dag.py
[2026-03-29T14:01:28.795+0000] {logging_mixin.py:188} INFO - [2026-03-29T14:01:28.795+0000] {dag.py:3096} INFO - Sync 1 DAGs
[2026-03-29T14:01:28.803+0000] {logging_mixin.py:188} INFO - [2026-03-29T14:01:28.803+0000] {dag.py:3954} INFO - Setting next_dagrun for tmdb_raw_pipeline to 2026-03-29 00:00:00+00:00, run_after=2026-03-30 00:00:00+00:00
[2026-03-29T14:01:28.809+0000] {processor.py:183} INFO - Processing /opt/airflow/dags/tmdb_daily_dag.py took 0.034 seconds
[2026-03-29T14:01:59.174+0000] {processor.py:161} INFO - Started process (PID=56630) to work on /opt/airflow/dags/tmdb_daily_dag.py
[2026-03-29T14:01:59.175+0000] {processor.py:830} INFO - Processing file /opt/airflow/dags/tmdb_daily_dag.py for tasks to queue
[2026-03-29T14:01:59.175+0000] {logging_mixin.py:188} INFO - [2026-03-29T14:01:59.175+0000] {dagbag.py:545} INFO - Filling up the DagBag from /opt/airflow/dags/tmdb_daily_dag.py
[2026-03-29T14:01:59.181+0000] {processor.py:840} INFO - DAG(s) 'tmdb_raw_pipeline' retrieved from /opt/airflow/dags/tmdb_daily_dag.py
[2026-03-29T14:01:59.190+0000] {logging_mixin.py:188} INFO - [2026-03-29T14:01:59.190+0000] {dag.py:3096} INFO - Sync 1 DAGs
[2026-03-29T14:01:59.198+0000] {logging_mixin.py:188} INFO - [2026-03-29T14:01:59.198+0000] {dag.py:3954} INFO - Setting next_dagrun for tmdb_raw_pipeline to 2026-03-29 00:00:00+00:00, run_after=2026-03-30 00:00:00+00:00
[2026-03-29T14:01:59.205+0000] {processor.py:183} INFO - Processing /opt/airflow/dags/tmdb_daily_dag.py took 0.033 seconds
[2026-03-29T14:02:29.711+0000] {processor.py:161} INFO - Started process (PID=56650) to work on /opt/airflow/dags/tmdb_daily_dag.py
[2026-03-29T14:02:29.712+0000] {processor.py:830} INFO - Processing file /opt/airflow/dags/tmdb_daily_dag.py for tasks to queue
[2026-03-29T14:02:29.712+0000] {logging_mixin.py:188} INFO - [2026-03-29T14:02:29.712+0000] {dagbag.py:545} INFO - Filling up the DagBag from /opt/airflow/dags/tmdb_daily_dag.py
[2026-03-29T14:02:29.719+0000] {processor.py:840} INFO - DAG(s) 'tmdb_raw_pipeline' retrieved from /opt/airflow/dags/tmdb_daily_dag.py
[2026-03-29T14:02:29.730+0000] {logging_mixin.py:188} INFO - [2026-03-29T14:02:29.730+0000] {dag.py:3096} INFO - Sync 1 DAGs
[2026-03-29T14:02:29.739+0000] {logging_mixin.py:188} INFO - [2026-03-29T14:02:29.739+0000] {dag.py:3954} INFO - Setting next_dagrun for tmdb_raw_pipeline to 2026-03-29 00:00:00+00:00, run_after=2026-03-30 00:00:00+00:00
[2026-03-29T14:02:29.746+0000] {processor.py:183} INFO - Processing /opt/airflow/dags/tmdb_daily_dag.py took 0.038 seconds
[2026-03-29T14:03:00.212+0000] {processor.py:161} INFO - Started process (PID=56670) to work on /opt/airflow/dags/tmdb_daily_dag.py
[2026-03-29T14:03:00.212+0000] {processor.py:830} INFO - Processing file /opt/airflow/dags/tmdb_daily_dag.py for tasks to queue
[2026-03-29T14:03:00.213+0000] {logging_mixin.py:188} INFO - [2026-03-29T14:03:00.213+0000] {dagbag.py:545} INFO - Filling up the DagBag from /opt/airflow/dags/tmdb_daily_dag.py
[2026-03-29T14:03:00.219+0000] {processor.py:840} INFO - DAG(s) 'tmdb_raw_pipeline' retrieved from /opt/airflow/dags/tmdb_daily_dag.py
[2026-03-29T14:03:00.232+0000] {logging_mixin.py:188} INFO - [2026-03-29T14:03:00.232+0000] {dag.py:3096} INFO - Sync 1 DAGs
[2026-03-29T14:03:00.241+0000] {logging_mixin.py:188} INFO - [2026-03-29T14:03:00.241+0000] {dag.py:3954} INFO - Setting next_dagrun for tmdb_raw_pipeline to 2026-03-29 00:00:00+00:00, run_after=2026-03-30 00:00:00+00:00
[2026-03-29T14:03:00.248+0000] {processor.py:183} INFO - Processing /opt/airflow/dags/tmdb_daily_dag.py took 0.040 seconds
[2026-03-29T14:03:30.730+0000] {processor.py:161} INFO - Started process (PID=56690) to work on /opt/airflow/dags/tmdb_daily_dag.py
[2026-03-29T14:03:30.731+0000] {processor.py:830} INFO - Processing file /opt/airflow/dags/tmdb_daily_dag.py for tasks to queue
[2026-03-29T14:03:30.731+0000] {logging_mixin.py:188} INFO - [2026-03-29T14:03:30.731+0000] {dagbag.py:545} INFO - Filling up the DagBag from /opt/airflow/dags/tmdb_daily_dag.py
[2026-03-29T14:03:30.738+0000] {processor.py:840} INFO - DAG(s) 'tmdb_raw_pipeline' retrieved from /opt/airflow/dags/tmdb_daily_dag.py
[2026-03-29T14:03:30.748+0000] {logging_mixin.py:188} INFO - [2026-03-29T14:03:30.748+0000] {dag.py:3096} INFO - Sync 1 DAGs
[2026-03-29T14:03:30.757+0000] {logging_mixin.py:188} INFO - [2026-03-29T14:03:30.757+0000] {dag.py:3954} INFO - Setting next_dagrun for tmdb_raw_pipeline to 2026-03-29 00:00:00+00:00, run_after=2026-03-30 00:00:00+00:00
[2026-03-29T14:03:30.763+0000] {processor.py:183} INFO - Processing /opt/airflow/dags/tmdb_daily_dag.py took 0.035 seconds
[2026-03-29T14:04:01.184+0000] {processor.py:161} INFO - Started process (PID=56710) to work on /opt/airflow/dags/tmdb_daily_dag.py
[2026-03-29T14:04:01.184+0000] {processor.py:830} INFO - Processing file /opt/airflow/dags/tmdb_daily_dag.py for tasks to queue
[2026-03-29T14:04:01.185+0000] {logging_mixin.py:188} INFO - [2026-03-29T14:04:01.185+0000] {dagbag.py:545} INFO - Filling up the DagBag from /opt/airflow/dags/tmdb_daily_dag.py
[2026-03-29T14:04:01.191+0000] {processor.py:840} INFO - DAG(s) 'tmdb_raw_pipeline' retrieved from /opt/airflow/dags/tmdb_daily_dag.py
[2026-03-29T14:04:01.204+0000] {logging_mixin.py:188} INFO - [2026-03-29T14:04:01.203+0000] {dag.py:3096} INFO - Sync 1 DAGs
[2026-03-29T14:04:01.215+0000] {logging_mixin.py:188} INFO - [2026-03-29T14:04:01.215+0000] {dag.py:3954} INFO - Setting next_dagrun for tmdb_raw_pipeline to 2026-03-29 00:00:00+00:00, run_after=2026-03-30 00:00:00+00:00
[2026-03-29T14:04:01.222+0000] {processor.py:183} INFO - Processing /opt/airflow/dags/tmdb_daily_dag.py took 0.041 seconds
[2026-03-29T14:04:31.688+0000] {processor.py:161} INFO - Started process (PID=56730) to work on /opt/airflow/dags/tmdb_daily_dag.py
[2026-03-29T14:04:31.690+0000] {processor.py:830} INFO - Processing file /opt/airflow/dags/tmdb_daily_dag.py for tasks to queue
[2026-03-29T14:04:31.690+0000] {logging_mixin.py:188} INFO - [2026-03-29T14:04:31.690+0000] {dagbag.py:545} INFO - Filling up the DagBag from /opt/airflow/dags/tmdb_daily_dag.py
[2026-03-29T14:04:31.696+0000] {processor.py:840} INFO - DAG(s) 'tmdb_raw_pipeline' retrieved from /opt/airflow/dags/tmdb_daily_dag.py
[2026-03-29T14:04:31.706+0000] {logging_mixin.py:188} INFO - [2026-03-29T14:04:31.706+0000] {dag.py:3096} INFO - Sync 1 DAGs
[2026-03-29T14:04:31.715+0000] {logging_mixin.py:188} INFO - [2026-03-29T14:04:31.715+0000] {dag.py:3954} INFO - Setting next_dagrun for tmdb_raw_pipeline to 2026-03-29 00:00:00+00:00, run_after=2026-03-30 00:00:00+00:00
[2026-03-29T14:04:31.721+0000] {processor.py:183} INFO - Processing /opt/airflow/dags/tmdb_daily_dag.py took 0.035 seconds
[2026-03-29T14:05:02.184+0000] {processor.py:161} INFO - Started process (PID=56750) to work on /opt/airflow/dags/tmdb_daily_dag.py
[2026-03-29T14:05:02.185+0000] {processor.py:830} INFO - Processing file /opt/airflow/dags/tmdb_daily_dag.py for tasks to queue
[2026-03-29T14:05:02.185+0000] {logging_mixin.py:188} INFO - [2026-03-29T14:05:02.185+0000] {dagbag.py:545} INFO - Filling up the DagBag from /opt/airflow/dags/tmdb_daily_dag.py
[2026-03-29T14:05:02.191+0000] {processor.py:840} INFO - DAG(s) 'tmdb_raw_pipeline' retrieved from /opt/airflow/dags/tmdb_daily_dag.py
[2026-03-29T14:05:02.201+0000] {logging_mixin.py:188} INFO - [2026-03-29T14:05:02.201+0000] {dag.py:3096} INFO - Sync 1 DAGs
[2026-03-29T14:05:02.209+0000] {logging_mixin.py:188} INFO - [2026-03-29T14:05:02.209+0000] {dag.py:3954} INFO - Setting next_dagrun for tmdb_raw_pipeline to 2026-03-29 00:00:00+00:00, run_after=2026-03-30 00:00:00+00:00
[2026-03-29T14:05:02.215+0000] {processor.py:183} INFO - Processing /opt/airflow/dags/tmdb_daily_dag.py took 0.034 seconds
[2026-03-29T14:05:32.704+0000] {processor.py:161} INFO - Started process (PID=56770) to work on /opt/airflow/dags/tmdb_daily_dag.py
[2026-03-29T14:05:32.705+0000] {processor.py:830} INFO - Processing file /opt/airflow/dags/tmdb_daily_dag.py for tasks to queue
[2026-03-29T14:05:32.705+0000] {logging_mixin.py:188} INFO - [2026-03-29T14:05:32.705+0000] {dagbag.py:545} INFO - Filling up the DagBag from /opt/airflow/dags/tmdb_daily_dag.py
[2026-03-29T14:05:32.711+0000] {processor.py:840} INFO - DAG(s) 'tmdb_raw_pipeline' retrieved from /opt/airflow/dags/tmdb_daily_dag.py
[2026-03-29T14:05:32.720+0000] {logging_mixin.py:188} INFO - [2026-03-29T14:05:32.720+0000] {dag.py:3096} INFO - Sync 1 DAGs
[2026-03-29T14:05:32.728+0000] {logging_mixin.py:188} INFO - [2026-03-29T14:05:32.728+0000] {dag.py:3954} INFO - Setting next_dagrun for tmdb_raw_pipeline to 2026-03-29 00:00:00+00:00, run_after=2026-03-30 00:00:00+00:00
[2026-03-29T14:05:32.734+0000] {processor.py:183} INFO - Processing /opt/airflow/dags/tmdb_daily_dag.py took 0.033 seconds
[2026-03-29T14:06:03.196+0000] {processor.py:161} INFO - Started process (PID=56790) to work on /opt/airflow/dags/tmdb_daily_dag.py
[2026-03-29T14:06:03.196+0000] {processor.py:830} INFO - Processing file /opt/airflow/dags/tmdb_daily_dag.py for tasks to queue
[2026-03-29T14:06:03.197+0000] {logging_mixin.py:188} INFO - [2026-03-29T14:06:03.197+0000] {dagbag.py:545} INFO - Filling up the DagBag from /opt/airflow/dags/tmdb_daily_dag.py
[2026-03-29T14:06:03.204+0000] {processor.py:840} INFO - DAG(s) 'tmdb_raw_pipeline' retrieved from /opt/airflow/dags/tmdb_daily_dag.py
[2026-03-29T14:06:03.216+0000] {logging_mixin.py:188} INFO - [2026-03-29T14:06:03.215+0000] {dag.py:3096} INFO - Sync 1 DAGs
[2026-03-29T14:06:03.225+0000] {logging_mixin.py:188} INFO - [2026-03-29T14:06:03.225+0000] {dag.py:3954} INFO - Setting next_dagrun for tmdb_raw_pipeline to 2026-03-29 00:00:00+00:00, run_after=2026-03-30 00:00:00+00:00
[2026-03-29T14:06:03.232+0000] {processor.py:183} INFO - Processing /opt/airflow/dags/tmdb_daily_dag.py took 0.039 seconds
[2026-03-29T14:06:33.596+0000] {processor.py:161} INFO - Started process (PID=56810) to work on /opt/airflow/dags/tmdb_daily_dag.py
[2026-03-29T14:06:33.596+0000] {processor.py:830} INFO - Processing file /opt/airflow/dags/tmdb_daily_dag.py for tasks to queue
[2026-03-29T14:06:33.597+0000] {logging_mixin.py:188} INFO - [2026-03-29T14:06:33.597+0000] {dagbag.py:545} INFO - Filling up the DagBag from /opt/airflow/dags/tmdb_daily_dag.py
[2026-03-29T14:06:33.602+0000] {processor.py:840} INFO - DAG(s) 'tmdb_raw_pipeline' retrieved from /opt/airflow/dags/tmdb_daily_dag.py
[2026-03-29T14:06:33.611+0000] {logging_mixin.py:188} INFO - [2026-03-29T14:06:33.611+0000] {dag.py:3096} INFO - Sync 1 DAGs
[2026-03-29T14:06:33.620+0000] {logging_mixin.py:188} INFO - [2026-03-29T14:06:33.619+0000] {dag.py:3954} INFO - Setting next_dagrun for tmdb_raw_pipeline to 2026-03-29 00:00:00+00:00, run_after=2026-03-30 00:00:00+00:00
[2026-03-29T14:06:33.626+0000] {processor.py:183} INFO - Processing /opt/airflow/dags/tmdb_daily_dag.py took 0.033 seconds
[2026-03-29T14:07:04.150+0000] {processor.py:161} INFO - Started process (PID=56830) to work on /opt/airflow/dags/tmdb_daily_dag.py
[2026-03-29T14:07:04.151+0000] {processor.py:830} INFO - Processing file /opt/airflow/dags/tmdb_daily_dag.py for tasks to queue
[2026-03-29T14:07:04.151+0000] {logging_mixin.py:188} INFO - [2026-03-29T14:07:04.151+0000] {dagbag.py:545} INFO - Filling up the DagBag from /opt/airflow/dags/tmdb_daily_dag.py
[2026-03-29T14:07:04.157+0000] {processor.py:840} INFO - DAG(s) 'tmdb_raw_pipeline' retrieved from /opt/airflow/dags/tmdb_daily_dag.py
[2026-03-29T14:07:04.167+0000] {logging_mixin.py:188} INFO - [2026-03-29T14:07:04.167+0000] {dag.py:3096} INFO - Sync 1 DAGs
[2026-03-29T14:07:04.177+0000] {logging_mixin.py:188} INFO - [2026-03-29T14:07:04.176+0000] {dag.py:3954} INFO - Setting next_dagrun for tmdb_raw_pipeline to 2026-03-29 00:00:00+00:00, run_after=2026-03-30 00:00:00+00:00
[2026-03-29T14:07:04.183+0000] {processor.py:183} INFO - Processing /opt/airflow/dags/tmdb_daily_dag.py took 0.036 seconds
[2026-03-29T14:07:34.583+0000] {processor.py:161} INFO - Started process (PID=56850) to work on /opt/airflow/dags/tmdb_daily_dag.py
[2026-03-29T14:07:34.583+0000] {processor.py:830} INFO - Processing file /opt/airflow/dags/tmdb_daily_dag.py for tasks to queue
[2026-03-29T14:07:34.584+0000] {logging_mixin.py:188} INFO - [2026-03-29T14:07:34.584+0000] {dagbag.py:545} INFO - Filling up the DagBag from /opt/airflow/dags/tmdb_daily_dag.py
[2026-03-29T14:07:34.589+0000] {processor.py:840} INFO - DAG(s) 'tmdb_raw_pipeline' retrieved from /opt/airflow/dags/tmdb_daily_dag.py
[2026-03-29T14:07:34.599+0000] {logging_mixin.py:188} INFO - [2026-03-29T14:07:34.599+0000] {dag.py:3096} INFO - Sync 1 DAGs
[2026-03-29T14:07:34.606+0000] {logging_mixin.py:188} INFO - [2026-03-29T14:07:34.606+0000] {dag.py:3954} INFO - Setting next_dagrun for tmdb_raw_pipeline to 2026-03-29 00:00:00+00:00, run_after=2026-03-30 00:00:00+00:00
[2026-03-29T14:07:34.612+0000] {processor.py:183} INFO - Processing /opt/airflow/dags/tmdb_daily_dag.py took 0.032 seconds
[2026-03-29T14:08:05.188+0000] {processor.py:161} INFO - Started process (PID=56870) to work on /opt/airflow/dags/tmdb_daily_dag.py
[2026-03-29T14:08:05.188+0000] {processor.py:830} INFO - Processing file /opt/airflow/dags/tmdb_daily_dag.py for tasks to queue
[2026-03-29T14:08:05.189+0000] {logging_mixin.py:188} INFO - [2026-03-29T14:08:05.189+0000] {dagbag.py:545} INFO - Filling up the DagBag from /opt/airflow/dags/tmdb_daily_dag.py
[2026-03-29T14:08:05.195+0000] {processor.py:840} INFO - DAG(s) 'tmdb_raw_pipeline' retrieved from /opt/airflow/dags/tmdb_daily_dag.py
[2026-03-29T14:08:05.206+0000] {logging_mixin.py:188} INFO - [2026-03-29T14:08:05.206+0000] {dag.py:3096} INFO - Sync 1 DAGs
[2026-03-29T14:08:05.216+0000] {logging_mixin.py:188} INFO - [2026-03-29T14:08:05.216+0000] {dag.py:3954} INFO - Setting next_dagrun for tmdb_raw_pipeline to 2026-03-29 00:00:00+00:00, run_after=2026-03-30 00:00:00+00:00
[2026-03-29T14:08:05.222+0000] {processor.py:183} INFO - Processing /opt/airflow/dags/tmdb_daily_dag.py took 0.037 seconds
[2026-03-29T14:08:35.608+0000] {processor.py:161} INFO - Started process (PID=56890) to work on /opt/airflow/dags/tmdb_daily_dag.py
[2026-03-29T14:08:35.609+0000] {processor.py:830} INFO - Processing file /opt/airflow/dags/tmdb_daily_dag.py for tasks to queue
[2026-03-29T14:08:35.609+0000] {logging_mixin.py:188} INFO - [2026-03-29T14:08:35.609+0000] {dagbag.py:545} INFO - Filling up the DagBag from /opt/airflow/dags/tmdb_daily_dag.py
[2026-03-29T14:08:35.615+0000] {processor.py:840} INFO - DAG(s) 'tmdb_raw_pipeline' retrieved from /opt/airflow/dags/tmdb_daily_dag.py
[2026-03-29T14:08:35.626+0000] {logging_mixin.py:188} INFO - [2026-03-29T14:08:35.625+0000] {dag.py:3096} INFO - Sync 1 DAGs
[2026-03-29T14:08:35.633+0000] {logging_mixin.py:188} INFO - [2026-03-29T14:08:35.633+0000] {dag.py:3954} INFO - Setting next_dagrun for tmdb_raw_pipeline to 2026-03-29 00:00:00+00:00, run_after=2026-03-30 00:00:00+00:00
[2026-03-29T14:08:35.639+0000] {processor.py:183} INFO - Processing /opt/airflow/dags/tmdb_daily_dag.py took 0.034 seconds
[2026-03-29T14:09:06.147+0000] {processor.py:161} INFO - Started process (PID=56910) to work on /opt/airflow/dags/tmdb_daily_dag.py
[2026-03-29T14:09:06.148+0000] {processor.py:830} INFO - Processing file /opt/airflow/dags/tmdb_daily_dag.py for tasks to queue
[2026-03-29T14:09:06.149+0000] {logging_mixin.py:188} INFO - [2026-03-29T14:09:06.149+0000] {dagbag.py:545} INFO - Filling up the DagBag from /opt/airflow/dags/tmdb_daily_dag.py
[2026-03-29T14:09:06.155+0000] {processor.py:840} INFO - DAG(s) 'tmdb_raw_pipeline' retrieved from /opt/airflow/dags/tmdb_daily_dag.py
[2026-03-29T14:09:06.167+0000] {logging_mixin.py:188} INFO - [2026-03-29T14:09:06.167+0000] {dag.py:3096} INFO - Sync 1 DAGs
[2026-03-29T14:09:06.178+0000] {logging_mixin.py:188} INFO - [2026-03-29T14:09:06.178+0000] {dag.py:3954} INFO - Setting next_dagrun for tmdb_raw_pipeline to 2026-03-29 00:00:00+00:00, run_after=2026-03-30 00:00:00+00:00
[2026-03-29T14:09:06.185+0000] {processor.py:183} INFO - Processing /opt/airflow/dags/tmdb_daily_dag.py took 0.042 seconds
[2026-03-29T14:09:36.638+0000] {processor.py:161} INFO - Started process (PID=56930) to work on /opt/airflow/dags/tmdb_daily_dag.py
[2026-03-29T14:09:36.638+0000] {processor.py:830} INFO - Processing file /opt/airflow/dags/tmdb_daily_dag.py for tasks to queue
[2026-03-29T14:09:36.639+0000] {logging_mixin.py:188} INFO - [2026-03-29T14:09:36.639+0000] {dagbag.py:545} INFO - Filling up the DagBag from /opt/airflow/dags/tmdb_daily_dag.py
[2026-03-29T14:09:36.644+0000] {processor.py:840} INFO - DAG(s) 'tmdb_raw_pipeline' retrieved from /opt/airflow/dags/tmdb_daily_dag.py
[2026-03-29T14:09:36.653+0000] {logging_mixin.py:188} INFO - [2026-03-29T14:09:36.653+0000] {dag.py:3096} INFO - Sync 1 DAGs
[2026-03-29T14:09:36.661+0000] {logging_mixin.py:188} INFO - [2026-03-29T14:09:36.661+0000] {dag.py:3954} INFO - Setting next_dagrun for tmdb_raw_pipeline to 2026-03-29 00:00:00+00:00, run_after=2026-03-30 00:00:00+00:00
[2026-03-29T14:09:36.667+0000] {processor.py:183} INFO - Processing /opt/airflow/dags/tmdb_daily_dag.py took 0.032 seconds
[2026-03-29T14:10:07.192+0000] {processor.py:161} INFO - Started process (PID=56950) to work on /opt/airflow/dags/tmdb_daily_dag.py
[2026-03-29T14:10:07.192+0000] {processor.py:830} INFO - Processing file /opt/airflow/dags/tmdb_daily_dag.py for tasks to queue
[2026-03-29T14:10:07.193+0000] {logging_mixin.py:188} INFO - [2026-03-29T14:10:07.192+0000] {dagbag.py:545} INFO - Filling up the DagBag from /opt/airflow/dags/tmdb_daily_dag.py
[2026-03-29T14:10:07.199+0000] {processor.py:840} INFO - DAG(s) 'tmdb_raw_pipeline' retrieved from /opt/airflow/dags/tmdb_daily_dag.py
[2026-03-29T14:10:07.209+0000] {logging_mixin.py:188} INFO - [2026-03-29T14:10:07.209+0000] {dag.py:3096} INFO - Sync 1 DAGs
[2026-03-29T14:10:07.218+0000] {logging_mixin.py:188} INFO - [2026-03-29T14:10:07.218+0000] {dag.py:3954} INFO - Setting next_dagrun for tmdb_raw_pipeline to 2026-03-29 00:00:00+00:00, run_after=2026-03-30 00:00:00+00:00
[2026-03-29T14:10:07.225+0000] {processor.py:183} INFO - Processing /opt/airflow/dags/tmdb_daily_dag.py took 0.035 seconds
[2026-03-29T14:10:37.650+0000] {processor.py:161} INFO - Started process (PID=56968) to work on /opt/airflow/dags/tmdb_daily_dag.py
[2026-03-29T14:10:37.651+0000] {processor.py:830} INFO - Processing file /opt/airflow/dags/tmdb_daily_dag.py for tasks to queue
[2026-03-29T14:10:37.651+0000] {logging_mixin.py:188} INFO - [2026-03-29T14:10:37.651+0000] {dagbag.py:545} INFO - Filling up the DagBag from /opt/airflow/dags/tmdb_daily_dag.py
[2026-03-29T14:10:37.659+0000] {processor.py:840} INFO - DAG(s) 'tmdb_raw_pipeline' retrieved from /opt/airflow/dags/tmdb_daily_dag.py
[2026-03-29T14:10:37.671+0000] {logging_mixin.py:188} INFO - [2026-03-29T14:10:37.671+0000] {dag.py:3096} INFO - Sync 1 DAGs
[2026-03-29T14:10:37.681+0000] {logging_mixin.py:188} INFO - [2026-03-29T14:10:37.681+0000] {dag.py:3954} INFO - Setting next_dagrun for tmdb_raw_pipeline to 2026-03-29 00:00:00+00:00, run_after=2026-03-30 00:00:00+00:00
[2026-03-29T14:10:37.691+0000] {processor.py:183} INFO - Processing /opt/airflow/dags/tmdb_daily_dag.py took 0.044 seconds
[2026-03-29T14:11:08.218+0000] {processor.py:161} INFO - Started process (PID=56990) to work on /opt/airflow/dags/tmdb_daily_dag.py
[2026-03-29T14:11:08.218+0000] {processor.py:830} INFO - Processing file /opt/airflow/dags/tmdb_daily_dag.py for tasks to queue
[2026-03-29T14:11:08.219+0000] {logging_mixin.py:188} INFO - [2026-03-29T14:11:08.219+0000] {dagbag.py:545} INFO - Filling up the DagBag from /opt/airflow/dags/tmdb_daily_dag.py
[2026-03-29T14:11:08.225+0000] {processor.py:840} INFO - DAG(s) 'tmdb_raw_pipeline' retrieved from /opt/airflow/dags/tmdb_daily_dag.py
[2026-03-29T14:11:08.235+0000] {logging_mixin.py:188} INFO - [2026-03-29T14:11:08.235+0000] {dag.py:3096} INFO - Sync 1 DAGs
[2026-03-29T14:11:08.243+0000] {logging_mixin.py:188} INFO - [2026-03-29T14:11:08.243+0000] {dag.py:3954} INFO - Setting next_dagrun for tmdb_raw_pipeline to 2026-03-29 00:00:00+00:00, run_after=2026-03-30 00:00:00+00:00
[2026-03-29T14:11:08.249+0000] {processor.py:183} INFO - Processing /opt/airflow/dags/tmdb_daily_dag.py took 0.035 seconds
[2026-03-29T14:11:38.635+0000] {processor.py:161} INFO - Started process (PID=57010) to work on /opt/airflow/dags/tmdb_daily_dag.py
[2026-03-29T14:11:38.636+0000] {processor.py:830} INFO - Processing file /opt/airflow/dags/tmdb_daily_dag.py for tasks to queue
[2026-03-29T14:11:38.636+0000] {logging_mixin.py:188} INFO - [2026-03-29T14:11:38.636+0000] {dagbag.py:545} INFO - Filling up the DagBag from /opt/airflow/dags/tmdb_daily_dag.py
[2026-03-29T14:11:38.642+0000] {processor.py:840} INFO - DAG(s) 'tmdb_raw_pipeline' retrieved from /opt/airflow/dags/tmdb_daily_dag.py
[2026-03-29T14:11:38.652+0000] {logging_mixin.py:188} INFO - [2026-03-29T14:11:38.652+0000] {dag.py:3096} INFO - Sync 1 DAGs
[2026-03-29T14:11:38.660+0000] {logging_mixin.py:188} INFO - [2026-03-29T14:11:38.660+0000] {dag.py:3954} INFO - Setting next_dagrun for tmdb_raw_pipeline to 2026-03-29 00:00:00+00:00, run_after=2026-03-30 00:00:00+00:00
[2026-03-29T14:11:38.666+0000] {processor.py:183} INFO - Processing /opt/airflow/dags/tmdb_daily_dag.py took 0.034 seconds
[2026-03-29T14:12:09.162+0000] {processor.py:161} INFO - Started process (PID=57030) to work on /opt/airflow/dags/tmdb_daily_dag.py
[2026-03-29T14:12:09.163+0000] {processor.py:830} INFO - Processing file /opt/airflow/dags/tmdb_daily_dag.py for tasks to queue
[2026-03-29T14:12:09.163+0000] {logging_mixin.py:188} INFO - [2026-03-29T14:12:09.163+0000] {dagbag.py:545} INFO - Filling up the DagBag from /opt/airflow/dags/tmdb_daily_dag.py
[2026-03-29T14:12:09.172+0000] {processor.py:840} INFO - DAG(s) 'tmdb_raw_pipeline' retrieved from /opt/airflow/dags/tmdb_daily_dag.py
[2026-03-29T14:12:09.183+0000] {logging_mixin.py:188} INFO - [2026-03-29T14:12:09.183+0000] {dag.py:3096} INFO - Sync 1 DAGs
[2026-03-29T14:12:09.192+0000] {logging_mixin.py:188} INFO - [2026-03-29T14:12:09.192+0000] {dag.py:3954} INFO - Setting next_dagrun for tmdb_raw_pipeline to 2026-03-29 00:00:00+00:00, run_after=2026-03-30 00:00:00+00:00
[2026-03-29T14:12:09.198+0000] {processor.py:183} INFO - Processing /opt/airflow/dags/tmdb_daily_dag.py took 0.040 seconds
[2026-03-29T14:12:39.617+0000] {processor.py:161} INFO - Started process (PID=57050) to work on /opt/airflow/dags/tmdb_daily_dag.py
[2026-03-29T14:12:39.618+0000] {processor.py:830} INFO - Processing file /opt/airflow/dags/tmdb_daily_dag.py for tasks to queue
[2026-03-29T14:12:39.618+0000] {logging_mixin.py:188} INFO - [2026-03-29T14:12:39.618+0000] {dagbag.py:545} INFO - Filling up the DagBag from /opt/airflow/dags/tmdb_daily_dag.py
[2026-03-29T14:12:39.624+0000] {processor.py:840} INFO - DAG(s) 'tmdb_raw_pipeline' retrieved from /opt/airflow/dags/tmdb_daily_dag.py
[2026-03-29T14:12:39.634+0000] {logging_mixin.py:188} INFO - [2026-03-29T14:12:39.634+0000] {dag.py:3096} INFO - Sync 1 DAGs
[2026-03-29T14:12:39.642+0000] {logging_mixin.py:188} INFO - [2026-03-29T14:12:39.642+0000] {dag.py:3954} INFO - Setting next_dagrun for tmdb_raw_pipeline to 2026-03-29 00:00:00+00:00, run_after=2026-03-30 00:00:00+00:00
[2026-03-29T14:12:39.648+0000] {processor.py:183} INFO - Processing /opt/airflow/dags/tmdb_daily_dag.py took 0.033 seconds
[2026-03-29T14:13:10.139+0000] {processor.py:161} INFO - Started process (PID=57070) to work on /opt/airflow/dags/tmdb_daily_dag.py
[2026-03-29T14:13:10.140+0000] {processor.py:830} INFO - Processing file /opt/airflow/dags/tmdb_daily_dag.py for tasks to queue
[2026-03-29T14:13:10.140+0000] {logging_mixin.py:188} INFO - [2026-03-29T14:13:10.140+0000] {dagbag.py:545} INFO - Filling up the DagBag from /opt/airflow/dags/tmdb_daily_dag.py
[2026-03-29T14:13:10.146+0000] {processor.py:840} INFO - DAG(s) 'tmdb_raw_pipeline' retrieved from /opt/airflow/dags/tmdb_daily_dag.py
[2026-03-29T14:13:10.156+0000] {logging_mixin.py:188} INFO - [2026-03-29T14:13:10.156+0000] {dag.py:3096} INFO - Sync 1 DAGs
[2026-03-29T14:13:10.165+0000] {logging_mixin.py:188} INFO - [2026-03-29T14:13:10.165+0000] {dag.py:3954} INFO - Setting next_dagrun for tmdb_raw_pipeline to 2026-03-29 00:00:00+00:00, run_after=2026-03-30 00:00:00+00:00
[2026-03-29T14:13:10.170+0000] {processor.py:183} INFO - Processing /opt/airflow/dags/tmdb_daily_dag.py took 0.034 seconds
[2026-03-29T14:13:40.582+0000] {processor.py:161} INFO - Started process (PID=57090) to work on /opt/airflow/dags/tmdb_daily_dag.py
[2026-03-29T14:13:40.583+0000] {processor.py:830} INFO - Processing file /opt/airflow/dags/tmdb_daily_dag.py for tasks to queue
[2026-03-29T14:13:40.584+0000] {logging_mixin.py:188} INFO - [2026-03-29T14:13:40.584+0000] {dagbag.py:545} INFO - Filling up the DagBag from /opt/airflow/dags/tmdb_daily_dag.py
[2026-03-29T14:13:40.589+0000] {processor.py:840} INFO - DAG(s) 'tmdb_raw_pipeline' retrieved from /opt/airflow/dags/tmdb_daily_dag.py
[2026-03-29T14:13:40.599+0000] {logging_mixin.py:188} INFO - [2026-03-29T14:13:40.599+0000] {dag.py:3096} INFO - Sync 1 DAGs
[2026-03-29T14:13:40.606+0000] {logging_mixin.py:188} INFO - [2026-03-29T14:13:40.606+0000] {dag.py:3954} INFO - Setting next_dagrun for tmdb_raw_pipeline to 2026-03-29 00:00:00+00:00, run_after=2026-03-30 00:00:00+00:00
[2026-03-29T14:13:40.612+0000] {processor.py:183} INFO - Processing /opt/airflow/dags/tmdb_daily_dag.py took 0.033 seconds
[2026-03-29T14:14:11.108+0000] {processor.py:161} INFO - Started process (PID=57110) to work on /opt/airflow/dags/tmdb_daily_dag.py
[2026-03-29T14:14:11.108+0000] {processor.py:830} INFO - Processing file /opt/airflow/dags/tmdb_daily_dag.py for tasks to queue
[2026-03-29T14:14:11.108+0000] {logging_mixin.py:188} INFO - [2026-03-29T14:14:11.108+0000] {dagbag.py:545} INFO - Filling up the DagBag from /opt/airflow/dags/tmdb_daily_dag.py
[2026-03-29T14:14:11.114+0000] {processor.py:840} INFO - DAG(s) 'tmdb_raw_pipeline' retrieved from /opt/airflow/dags/tmdb_daily_dag.py
[2026-03-29T14:14:11.123+0000] {logging_mixin.py:188} INFO - [2026-03-29T14:14:11.123+0000] {dag.py:3096} INFO - Sync 1 DAGs
[2026-03-29T14:14:11.132+0000] {logging_mixin.py:188} INFO - [2026-03-29T14:14:11.132+0000] {dag.py:3954} INFO - Setting next_dagrun for tmdb_raw_pipeline to 2026-03-29 00:00:00+00:00, run_after=2026-03-30 00:00:00+00:00
[2026-03-29T14:14:11.138+0000] {processor.py:183} INFO - Processing /opt/airflow/dags/tmdb_daily_dag.py took 0.033 seconds
[2026-03-29T14:14:41.516+0000] {processor.py:161} INFO - Started process (PID=57130) to work on /opt/airflow/dags/tmdb_daily_dag.py
[2026-03-29T14:14:41.517+0000] {processor.py:830} INFO - Processing file /opt/airflow/dags/tmdb_daily_dag.py for tasks to queue
[2026-03-29T14:14:41.517+0000] {logging_mixin.py:188} INFO - [2026-03-29T14:14:41.517+0000] {dagbag.py:545} INFO - Filling up the DagBag from /opt/airflow/dags/tmdb_daily_dag.py
[2026-03-29T14:14:41.523+0000] {processor.py:840} INFO - DAG(s) 'tmdb_raw_pipeline' retrieved from /opt/airflow/dags/tmdb_daily_dag.py
[2026-03-29T14:14:41.533+0000] {logging_mixin.py:188} INFO - [2026-03-29T14:14:41.533+0000] {dag.py:3096} INFO - Sync 1 DAGs
[2026-03-29T14:14:41.541+0000] {logging_mixin.py:188} INFO - [2026-03-29T14:14:41.540+0000] {dag.py:3954} INFO - Setting next_dagrun for tmdb_raw_pipeline to 2026-03-29 00:00:00+00:00, run_after=2026-03-30 00:00:00+00:00
[2026-03-29T14:14:41.547+0000] {processor.py:183} INFO - Processing /opt/airflow/dags/tmdb_daily_dag.py took 0.034 seconds
[2026-03-29T14:15:12.026+0000] {processor.py:161} INFO - Started process (PID=57150) to work on /opt/airflow/dags/tmdb_daily_dag.py
[2026-03-29T14:15:12.027+0000] {processor.py:830} INFO - Processing file /opt/airflow/dags/tmdb_daily_dag.py for tasks to queue
[2026-03-29T14:15:12.027+0000] {logging_mixin.py:188} INFO - [2026-03-29T14:15:12.027+0000] {dagbag.py:545} INFO - Filling up the DagBag from /opt/airflow/dags/tmdb_daily_dag.py
[2026-03-29T14:15:12.033+0000] {processor.py:840} INFO - DAG(s) 'tmdb_raw_pipeline' retrieved from /opt/airflow/dags/tmdb_daily_dag.py
[2026-03-29T14:15:12.043+0000] {logging_mixin.py:188} INFO - [2026-03-29T14:15:12.043+0000] {dag.py:3096} INFO - Sync 1 DAGs
[2026-03-29T14:15:12.051+0000] {logging_mixin.py:188} INFO - [2026-03-29T14:15:12.051+0000] {dag.py:3954} INFO - Setting next_dagrun for tmdb_raw_pipeline to 2026-03-29 00:00:00+00:00, run_after=2026-03-30 00:00:00+00:00
[2026-03-29T14:15:12.057+0000] {processor.py:183} INFO - Processing /opt/airflow/dags/tmdb_daily_dag.py took 0.034 seconds
[2026-03-29T14:15:42.457+0000] {processor.py:161} INFO - Started process (PID=57170) to work on /opt/airflow/dags/tmdb_daily_dag.py
[2026-03-29T14:15:42.458+0000] {processor.py:830} INFO - Processing file /opt/airflow/dags/tmdb_daily_dag.py for tasks to queue
[2026-03-29T14:15:42.458+0000] {logging_mixin.py:188} INFO - [2026-03-29T14:15:42.458+0000] {dagbag.py:545} INFO - Filling up the DagBag from /opt/airflow/dags/tmdb_daily_dag.py
[2026-03-29T14:15:42.465+0000] {processor.py:840} INFO - DAG(s) 'tmdb_raw_pipeline' retrieved from /opt/airflow/dags/tmdb_daily_dag.py
[2026-03-29T14:15:42.474+0000] {logging_mixin.py:188} INFO - [2026-03-29T14:15:42.474+0000] {dag.py:3096} INFO - Sync 1 DAGs
[2026-03-29T14:15:42.482+0000] {logging_mixin.py:188} INFO - [2026-03-29T14:15:42.482+0000] {dag.py:3954} INFO - Setting next_dagrun for tmdb_raw_pipeline to 2026-03-29 00:00:00+00:00, run_after=2026-03-30 00:00:00+00:00
[2026-03-29T14:15:42.488+0000] {processor.py:183} INFO - Processing /opt/airflow/dags/tmdb_daily_dag.py took 0.033 seconds
[2026-03-29T14:16:12.960+0000] {processor.py:161} INFO - Started process (PID=57190) to work on /opt/airflow/dags/tmdb_daily_dag.py
[2026-03-29T14:16:12.961+0000] {processor.py:830} INFO - Processing file /opt/airflow/dags/tmdb_daily_dag.py for tasks to queue
[2026-03-29T14:16:12.961+0000] {logging_mixin.py:188} INFO - [2026-03-29T14:16:12.961+0000] {dagbag.py:545} INFO - Filling up the DagBag from /opt/airflow/dags/tmdb_daily_dag.py
[2026-03-29T14:16:12.967+0000] {processor.py:840} INFO - DAG(s) 'tmdb_raw_pipeline' retrieved from /opt/airflow/dags/tmdb_daily_dag.py
[2026-03-29T14:16:12.976+0000] {logging_mixin.py:188} INFO - [2026-03-29T14:16:12.976+0000] {dag.py:3096} INFO - Sync 1 DAGs
[2026-03-29T14:16:12.987+0000] {logging_mixin.py:188} INFO - [2026-03-29T14:16:12.987+0000] {dag.py:3954} INFO - Setting next_dagrun for tmdb_raw_pipeline to 2026-03-29 00:00:00+00:00, run_after=2026-03-30 00:00:00+00:00
[2026-03-29T14:16:12.994+0000] {processor.py:183} INFO - Processing /opt/airflow/dags/tmdb_daily_dag.py took 0.036 seconds
[2026-03-29T14:16:43.425+0000] {processor.py:161} INFO - Started process (PID=57210) to work on /opt/airflow/dags/tmdb_daily_dag.py
[2026-03-29T14:16:43.425+0000] {processor.py:830} INFO - Processing file /opt/airflow/dags/tmdb_daily_dag.py for tasks to queue
[2026-03-29T14:16:43.426+0000] {logging_mixin.py:188} INFO - [2026-03-29T14:16:43.426+0000] {dagbag.py:545} INFO - Filling up the DagBag from /opt/airflow/dags/tmdb_daily_dag.py
[2026-03-29T14:16:43.432+0000] {processor.py:840} INFO - DAG(s) 'tmdb_raw_pipeline' retrieved from /opt/airflow/dags/tmdb_daily_dag.py
[2026-03-29T14:16:43.442+0000] {logging_mixin.py:188} INFO - [2026-03-29T14:16:43.442+0000] {dag.py:3096} INFO - Sync 1 DAGs
[2026-03-29T14:16:43.450+0000] {logging_mixin.py:188} INFO - [2026-03-29T14:16:43.450+0000] {dag.py:3954} INFO - Setting next_dagrun for tmdb_raw_pipeline to 2026-03-29 00:00:00+00:00, run_after=2026-03-30 00:00:00+00:00
[2026-03-29T14:16:43.457+0000] {processor.py:183} INFO - Processing /opt/airflow/dags/tmdb_daily_dag.py took 0.035 seconds
[2026-03-29T14:17:13.933+0000] {processor.py:161} INFO - Started process (PID=57230) to work on /opt/airflow/dags/tmdb_daily_dag.py
[2026-03-29T14:17:13.934+0000] {processor.py:830} INFO - Processing file /opt/airflow/dags/tmdb_daily_dag.py for tasks to queue
[2026-03-29T14:17:13.934+0000] {logging_mixin.py:188} INFO - [2026-03-29T14:17:13.934+0000] {dagbag.py:545} INFO - Filling up the DagBag from /opt/airflow/dags/tmdb_daily_dag.py
[2026-03-29T14:17:13.941+0000] {processor.py:840} INFO - DAG(s) 'tmdb_raw_pipeline' retrieved from /opt/airflow/dags/tmdb_daily_dag.py
[2026-03-29T14:17:13.952+0000] {logging_mixin.py:188} INFO - [2026-03-29T14:17:13.952+0000] {dag.py:3096} INFO - Sync 1 DAGs
[2026-03-29T14:17:13.963+0000] {logging_mixin.py:188} INFO - [2026-03-29T14:17:13.963+0000] {dag.py:3954} INFO - Setting next_dagrun for tmdb_raw_pipeline to 2026-03-29 00:00:00+00:00, run_after=2026-03-30 00:00:00+00:00
[2026-03-29T14:17:13.969+0000] {processor.py:183} INFO - Processing /opt/airflow/dags/tmdb_daily_dag.py took 0.038 seconds
[2026-03-29T14:17:44.454+0000] {processor.py:161} INFO - Started process (PID=57250) to work on /opt/airflow/dags/tmdb_daily_dag.py
[2026-03-29T14:17:44.455+0000] {processor.py:830} INFO - Processing file /opt/airflow/dags/tmdb_daily_dag.py for tasks to queue
[2026-03-29T14:17:44.456+0000] {logging_mixin.py:188} INFO - [2026-03-29T14:17:44.456+0000] {dagbag.py:545} INFO - Filling up the DagBag from /opt/airflow/dags/tmdb_daily_dag.py
[2026-03-29T14:17:44.462+0000] {processor.py:840} INFO - DAG(s) 'tmdb_raw_pipeline' retrieved from /opt/airflow/dags/tmdb_daily_dag.py
[2026-03-29T14:17:44.472+0000] {logging_mixin.py:188} INFO - [2026-03-29T14:17:44.472+0000] {dag.py:3096} INFO - Sync 1 DAGs
[2026-03-29T14:17:44.481+0000] {logging_mixin.py:188} INFO - [2026-03-29T14:17:44.481+0000] {dag.py:3954} INFO - Setting next_dagrun for tmdb_raw_pipeline to 2026-03-29 00:00:00+00:00, run_after=2026-03-30 00:00:00+00:00
[2026-03-29T14:17:44.487+0000] {processor.py:183} INFO - Processing /opt/airflow/dags/tmdb_daily_dag.py took 0.035 seconds
[2026-03-29T14:18:14.927+0000] {processor.py:161} INFO - Started process (PID=57270) to work on /opt/airflow/dags/tmdb_daily_dag.py
[2026-03-29T14:18:14.928+0000] {processor.py:830} INFO - Processing file /opt/airflow/dags/tmdb_daily_dag.py for tasks to queue
[2026-03-29T14:18:14.928+0000] {logging_mixin.py:188} INFO - [2026-03-29T14:18:14.928+0000] {dagbag.py:545} INFO - Filling up the DagBag from /opt/airflow/dags/tmdb_daily_dag.py
[2026-03-29T14:18:14.935+0000] {processor.py:840} INFO - DAG(s) 'tmdb_raw_pipeline' retrieved from /opt/airflow/dags/tmdb_daily_dag.py
[2026-03-29T14:18:14.944+0000] {logging_mixin.py:188} INFO - [2026-03-29T14:18:14.944+0000] {dag.py:3096} INFO - Sync 1 DAGs
[2026-03-29T14:18:14.952+0000] {logging_mixin.py:188} INFO - [2026-03-29T14:18:14.952+0000] {dag.py:3954} INFO - Setting next_dagrun for tmdb_raw_pipeline to 2026-03-29 00:00:00+00:00, run_after=2026-03-30 00:00:00+00:00
[2026-03-29T14:18:14.958+0000] {processor.py:183} INFO - Processing /opt/airflow/dags/tmdb_daily_dag.py took 0.036 seconds
[2026-03-29T14:18:45.374+0000] {processor.py:161} INFO - Started process (PID=57290) to work on /opt/airflow/dags/tmdb_daily_dag.py
[2026-03-29T14:18:45.375+0000] {processor.py:830} INFO - Processing file /opt/airflow/dags/tmdb_daily_dag.py for tasks to queue
[2026-03-29T14:18:45.375+0000] {logging_mixin.py:188} INFO - [2026-03-29T14:18:45.375+0000] {dagbag.py:545} INFO - Filling up the DagBag from /opt/airflow/dags/tmdb_daily_dag.py
[2026-03-29T14:18:45.380+0000] {processor.py:840} INFO - DAG(s) 'tmdb_raw_pipeline' retrieved from /opt/airflow/dags/tmdb_daily_dag.py
[2026-03-29T14:18:45.390+0000] {logging_mixin.py:188} INFO - [2026-03-29T14:18:45.390+0000] {dag.py:3096} INFO - Sync 1 DAGs
[2026-03-29T14:18:45.397+0000] {logging_mixin.py:188} INFO - [2026-03-29T14:18:45.397+0000] {dag.py:3954} INFO - Setting next_dagrun for tmdb_raw_pipeline to 2026-03-29 00:00:00+00:00, run_after=2026-03-30 00:00:00+00:00
[2026-03-29T14:18:45.402+0000] {processor.py:183} INFO - Processing /opt/airflow/dags/tmdb_daily_dag.py took 0.031 seconds
[2026-03-29T14:19:15.967+0000] {processor.py:161} INFO - Started process (PID=57310) to work on /opt/airflow/dags/tmdb_daily_dag.py
[2026-03-29T14:19:15.968+0000] {processor.py:830} INFO - Processing file /opt/airflow/dags/tmdb_daily_dag.py for tasks to queue
[2026-03-29T14:19:15.968+0000] {logging_mixin.py:188} INFO - [2026-03-29T14:19:15.968+0000] {dagbag.py:545} INFO - Filling up the DagBag from /opt/airflow/dags/tmdb_daily_dag.py
[2026-03-29T14:19:15.974+0000] {processor.py:840} INFO - DAG(s) 'tmdb_raw_pipeline' retrieved from /opt/airflow/dags/tmdb_daily_dag.py
[2026-03-29T14:19:15.986+0000] {logging_mixin.py:188} INFO - [2026-03-29T14:19:15.986+0000] {dag.py:3096} INFO - Sync 1 DAGs
[2026-03-29T14:19:15.996+0000] {logging_mixin.py:188} INFO - [2026-03-29T14:19:15.996+0000] {dag.py:3954} INFO - Setting next_dagrun for tmdb_raw_pipeline to 2026-03-29 00:00:00+00:00, run_after=2026-03-30 00:00:00+00:00
[2026-03-29T14:19:16.002+0000] {processor.py:183} INFO - Processing /opt/airflow/dags/tmdb_daily_dag.py took 0.037 seconds
[2026-03-29T14:19:46.439+0000] {processor.py:161} INFO - Started process (PID=57330) to work on /opt/airflow/dags/tmdb_daily_dag.py
[2026-03-29T14:19:46.439+0000] {processor.py:830} INFO - Processing file /opt/airflow/dags/tmdb_daily_dag.py for tasks to queue
[2026-03-29T14:19:46.440+0000] {logging_mixin.py:188} INFO - [2026-03-29T14:19:46.439+0000] {dagbag.py:545} INFO - Filling up the DagBag from /opt/airflow/dags/tmdb_daily_dag.py
[2026-03-29T14:19:46.445+0000] {processor.py:840} INFO - DAG(s) 'tmdb_raw_pipeline' retrieved from /opt/airflow/dags/tmdb_daily_dag.py
[2026-03-29T14:19:46.454+0000] {logging_mixin.py:188} INFO - [2026-03-29T14:19:46.454+0000] {dag.py:3096} INFO - Sync 1 DAGs
[2026-03-29T14:19:46.462+0000] {logging_mixin.py:188} INFO - [2026-03-29T14:19:46.462+0000] {dag.py:3954} INFO - Setting next_dagrun for tmdb_raw_pipeline to 2026-03-29 00:00:00+00:00, run_after=2026-03-30 00:00:00+00:00
[2026-03-29T14:19:46.468+0000] {processor.py:183} INFO - Processing /opt/airflow/dags/tmdb_daily_dag.py took 0.032 seconds
[2026-03-29T14:20:17.068+0000] {processor.py:161} INFO - Started process (PID=57350) to work on /opt/airflow/dags/tmdb_daily_dag.py
[2026-03-29T14:20:17.068+0000] {processor.py:830} INFO - Processing file /opt/airflow/dags/tmdb_daily_dag.py for tasks to queue
[2026-03-29T14:20:17.069+0000] {logging_mixin.py:188} INFO - [2026-03-29T14:20:17.069+0000] {dagbag.py:545} INFO - Filling up the DagBag from /opt/airflow/dags/tmdb_daily_dag.py
[2026-03-29T14:20:17.075+0000] {processor.py:840} INFO - DAG(s) 'tmdb_raw_pipeline' retrieved from /opt/airflow/dags/tmdb_daily_dag.py
[2026-03-29T14:20:17.086+0000] {logging_mixin.py:188} INFO - [2026-03-29T14:20:17.085+0000] {dag.py:3096} INFO - Sync 1 DAGs
[2026-03-29T14:20:17.094+0000] {logging_mixin.py:188} INFO - [2026-03-29T14:20:17.094+0000] {dag.py:3954} INFO - Setting next_dagrun for tmdb_raw_pipeline to 2026-03-29 00:00:00+00:00, run_after=2026-03-30 00:00:00+00:00
[2026-03-29T14:20:17.100+0000] {processor.py:183} INFO - Processing /opt/airflow/dags/tmdb_daily_dag.py took 0.037 seconds
[2026-03-29T14:20:47.589+0000] {processor.py:161} INFO - Started process (PID=57370) to work on /opt/airflow/dags/tmdb_daily_dag.py
[2026-03-29T14:20:47.590+0000] {processor.py:830} INFO - Processing file /opt/airflow/dags/tmdb_daily_dag.py for tasks to queue
[2026-03-29T14:20:47.590+0000] {logging_mixin.py:188} INFO - [2026-03-29T14:20:47.590+0000] {dagbag.py:545} INFO - Filling up the DagBag from /opt/airflow/dags/tmdb_daily_dag.py
[2026-03-29T14:20:47.596+0000] {processor.py:840} INFO - DAG(s) 'tmdb_raw_pipeline' retrieved from /opt/airflow/dags/tmdb_daily_dag.py
[2026-03-29T14:20:47.606+0000] {logging_mixin.py:188} INFO - [2026-03-29T14:20:47.605+0000] {dag.py:3096} INFO - Sync 1 DAGs
[2026-03-29T14:20:47.613+0000] {logging_mixin.py:188} INFO - [2026-03-29T14:20:47.613+0000] {dag.py:3954} INFO - Setting next_dagrun for tmdb_raw_pipeline to 2026-03-29 00:00:00+00:00, run_after=2026-03-30 00:00:00+00:00
[2026-03-29T14:20:47.619+0000] {processor.py:183} INFO - Processing /opt/airflow/dags/tmdb_daily_dag.py took 0.032 seconds
[2026-03-29T14:21:18.136+0000] {processor.py:161} INFO - Started process (PID=57390) to work on /opt/airflow/dags/tmdb_daily_dag.py
[2026-03-29T14:21:18.137+0000] {processor.py:830} INFO - Processing file /opt/airflow/dags/tmdb_daily_dag.py for tasks to queue
[2026-03-29T14:21:18.137+0000] {logging_mixin.py:188} INFO - [2026-03-29T14:21:18.137+0000] {dagbag.py:545} INFO - Filling up the DagBag from /opt/airflow/dags/tmdb_daily_dag.py
[2026-03-29T14:21:18.145+0000] {processor.py:840} INFO - DAG(s) 'tmdb_raw_pipeline' retrieved from /opt/airflow/dags/tmdb_daily_dag.py
[2026-03-29T14:21:18.155+0000] {logging_mixin.py:188} INFO - [2026-03-29T14:21:18.155+0000] {dag.py:3096} INFO - Sync 1 DAGs
[2026-03-29T14:21:18.165+0000] {logging_mixin.py:188} INFO - [2026-03-29T14:21:18.165+0000] {dag.py:3954} INFO - Setting next_dagrun for tmdb_raw_pipeline to 2026-03-29 00:00:00+00:00, run_after=2026-03-30 00:00:00+00:00
[2026-03-29T14:21:18.171+0000] {processor.py:183} INFO - Processing /opt/airflow/dags/tmdb_daily_dag.py took 0.037 seconds
[2026-03-29T14:21:48.665+0000] {processor.py:161} INFO - Started process (PID=57410) to work on /opt/airflow/dags/tmdb_daily_dag.py
[2026-03-29T14:21:48.666+0000] {processor.py:830} INFO - Processing file /opt/airflow/dags/tmdb_daily_dag.py for tasks to queue
[2026-03-29T14:21:48.666+0000] {logging_mixin.py:188} INFO - [2026-03-29T14:21:48.666+0000] {dagbag.py:545} INFO - Filling up the DagBag from /opt/airflow/dags/tmdb_daily_dag.py
[2026-03-29T14:21:48.671+0000] {processor.py:840} INFO - DAG(s) 'tmdb_raw_pipeline' retrieved from /opt/airflow/dags/tmdb_daily_dag.py
[2026-03-29T14:21:48.681+0000] {logging_mixin.py:188} INFO - [2026-03-29T14:21:48.680+0000] {dag.py:3096} INFO - Sync 1 DAGs
[2026-03-29T14:21:48.688+0000] {logging_mixin.py:188} INFO - [2026-03-29T14:21:48.688+0000] {dag.py:3954} INFO - Setting next_dagrun for tmdb_raw_pipeline to 2026-03-29 00:00:00+00:00, run_after=2026-03-30 00:00:00+00:00
[2026-03-29T14:21:48.694+0000] {processor.py:183} INFO - Processing /opt/airflow/dags/tmdb_daily_dag.py took 0.031 seconds
[2026-03-29T14:22:19.265+0000] {processor.py:161} INFO - Started process (PID=57430) to work on /opt/airflow/dags/tmdb_daily_dag.py
[2026-03-29T14:22:19.266+0000] {processor.py:830} INFO - Processing file /opt/airflow/dags/tmdb_daily_dag.py for tasks to queue
[2026-03-29T14:22:19.266+0000] {logging_mixin.py:188} INFO - [2026-03-29T14:22:19.266+0000] {dagbag.py:545} INFO - Filling up the DagBag from /opt/airflow/dags/tmdb_daily_dag.py
[2026-03-29T14:22:19.272+0000] {processor.py:840} INFO - DAG(s) 'tmdb_raw_pipeline' retrieved from /opt/airflow/dags/tmdb_daily_dag.py
[2026-03-29T14:22:19.283+0000] {logging_mixin.py:188} INFO - [2026-03-29T14:22:19.283+0000] {dag.py:3096} INFO - Sync 1 DAGs
[2026-03-29T14:22:19.292+0000] {logging_mixin.py:188} INFO - [2026-03-29T14:22:19.292+0000] {dag.py:3954} INFO - Setting next_dagrun for tmdb_raw_pipeline to 2026-03-29 00:00:00+00:00, run_after=2026-03-30 00:00:00+00:00
[2026-03-29T14:22:19.298+0000] {processor.py:183} INFO - Processing /opt/airflow/dags/tmdb_daily_dag.py took 0.035 seconds
[2026-03-29T14:22:49.800+0000] {processor.py:161} INFO - Started process (PID=57450) to work on /opt/airflow/dags/tmdb_daily_dag.py
[2026-03-29T14:22:49.801+0000] {processor.py:830} INFO - Processing file /opt/airflow/dags/tmdb_daily_dag.py for tasks to queue
[2026-03-29T14:22:49.801+0000] {logging_mixin.py:188} INFO - [2026-03-29T14:22:49.801+0000] {dagbag.py:545} INFO - Filling up the DagBag from /opt/airflow/dags/tmdb_daily_dag.py
[2026-03-29T14:22:49.806+0000] {processor.py:840} INFO - DAG(s) 'tmdb_raw_pipeline' retrieved from /opt/airflow/dags/tmdb_daily_dag.py
[2026-03-29T14:22:49.820+0000] {logging_mixin.py:188} INFO - [2026-03-29T14:22:49.820+0000] {dag.py:3096} INFO - Sync 1 DAGs
[2026-03-29T14:22:49.832+0000] {logging_mixin.py:188} INFO - [2026-03-29T14:22:49.831+0000] {dag.py:3954} INFO - Setting next_dagrun for tmdb_raw_pipeline to 2026-03-29 00:00:00+00:00, run_after=2026-03-30 00:00:00+00:00
[2026-03-29T14:22:49.842+0000] {processor.py:183} INFO - Processing /opt/airflow/dags/tmdb_daily_dag.py took 0.046 seconds
[2026-03-29T14:23:20.412+0000] {processor.py:161} INFO - Started process (PID=57470) to work on /opt/airflow/dags/tmdb_daily_dag.py
[2026-03-29T14:23:20.413+0000] {processor.py:830} INFO - Processing file /opt/airflow/dags/tmdb_daily_dag.py for tasks to queue
[2026-03-29T14:23:20.414+0000] {logging_mixin.py:188} INFO - [2026-03-29T14:23:20.413+0000] {dagbag.py:545} INFO - Filling up the DagBag from /opt/airflow/dags/tmdb_daily_dag.py
[2026-03-29T14:23:20.420+0000] {processor.py:840} INFO - DAG(s) 'tmdb_raw_pipeline' retrieved from /opt/airflow/dags/tmdb_daily_dag.py
[2026-03-29T14:23:20.429+0000] {logging_mixin.py:188} INFO - [2026-03-29T14:23:20.429+0000] {dag.py:3096} INFO - Sync 1 DAGs
[2026-03-29T14:23:20.438+0000] {logging_mixin.py:188} INFO - [2026-03-29T14:23:20.438+0000] {dag.py:3954} INFO - Setting next_dagrun for tmdb_raw_pipeline to 2026-03-29 00:00:00+00:00, run_after=2026-03-30 00:00:00+00:00
[2026-03-29T14:23:20.443+0000] {processor.py:183} INFO - Processing /opt/airflow/dags/tmdb_daily_dag.py took 0.036 seconds
[2026-03-29T14:23:50.983+0000] {processor.py:161} INFO - Started process (PID=57490) to work on /opt/airflow/dags/tmdb_daily_dag.py
[2026-03-29T14:23:50.984+0000] {processor.py:830} INFO - Processing file /opt/airflow/dags/tmdb_daily_dag.py for tasks to queue
[2026-03-29T14:23:50.984+0000] {logging_mixin.py:188} INFO - [2026-03-29T14:23:50.984+0000] {dagbag.py:545} INFO - Filling up the DagBag from /opt/airflow/dags/tmdb_daily_dag.py
[2026-03-29T14:23:50.990+0000] {processor.py:840} INFO - DAG(s) 'tmdb_raw_pipeline' retrieved from /opt/airflow/dags/tmdb_daily_dag.py
[2026-03-29T14:23:51.004+0000] {logging_mixin.py:188} INFO - [2026-03-29T14:23:51.003+0000] {dag.py:3096} INFO - Sync 1 DAGs
[2026-03-29T14:23:51.011+0000] {logging_mixin.py:188} INFO - [2026-03-29T14:23:51.011+0000] {dag.py:3954} INFO - Setting next_dagrun for tmdb_raw_pipeline to 2026-03-29 00:00:00+00:00, run_after=2026-03-30 00:00:00+00:00
[2026-03-29T14:23:51.017+0000] {processor.py:183} INFO - Processing /opt/airflow/dags/tmdb_daily_dag.py took 0.038 seconds
[2026-03-29T14:24:21.569+0000] {processor.py:161} INFO - Started process (PID=57510) to work on /opt/airflow/dags/tmdb_daily_dag.py
[2026-03-29T14:24:21.569+0000] {processor.py:830} INFO - Processing file /opt/airflow/dags/tmdb_daily_dag.py for tasks to queue
[2026-03-29T14:24:21.570+0000] {logging_mixin.py:188} INFO - [2026-03-29T14:24:21.570+0000] {dagbag.py:545} INFO - Filling up the DagBag from /opt/airflow/dags/tmdb_daily_dag.py
[2026-03-29T14:24:21.576+0000] {processor.py:840} INFO - DAG(s) 'tmdb_raw_pipeline' retrieved from /opt/airflow/dags/tmdb_daily_dag.py
[2026-03-29T14:24:21.585+0000] {logging_mixin.py:188} INFO - [2026-03-29T14:24:21.585+0000] {dag.py:3096} INFO - Sync 1 DAGs
[2026-03-29T14:24:21.594+0000] {logging_mixin.py:188} INFO - [2026-03-29T14:24:21.594+0000] {dag.py:3954} INFO - Setting next_dagrun for tmdb_raw_pipeline to 2026-03-29 00:00:00+00:00, run_after=2026-03-30 00:00:00+00:00
[2026-03-29T14:24:21.600+0000] {processor.py:183} INFO - Processing /opt/airflow/dags/tmdb_daily_dag.py took 0.034 seconds
[2026-03-29T14:24:52.092+0000] {processor.py:161} INFO - Started process (PID=57530) to work on /opt/airflow/dags/tmdb_daily_dag.py
[2026-03-29T14:24:52.093+0000] {processor.py:830} INFO - Processing file /opt/airflow/dags/tmdb_daily_dag.py for tasks to queue
[2026-03-29T14:24:52.093+0000] {logging_mixin.py:188} INFO - [2026-03-29T14:24:52.093+0000] {dagbag.py:545} INFO - Filling up the DagBag from /opt/airflow/dags/tmdb_daily_dag.py
[2026-03-29T14:24:52.099+0000] {processor.py:840} INFO - DAG(s) 'tmdb_raw_pipeline' retrieved from /opt/airflow/dags/tmdb_daily_dag.py
[2026-03-29T14:24:52.109+0000] {logging_mixin.py:188} INFO - [2026-03-29T14:24:52.109+0000] {dag.py:3096} INFO - Sync 1 DAGs
[2026-03-29T14:24:52.117+0000] {logging_mixin.py:188} INFO - [2026-03-29T14:24:52.117+0000] {dag.py:3954} INFO - Setting next_dagrun for tmdb_raw_pipeline to 2026-03-29 00:00:00+00:00, run_after=2026-03-30 00:00:00+00:00
[2026-03-29T14:24:52.123+0000] {processor.py:183} INFO - Processing /opt/airflow/dags/tmdb_daily_dag.py took 0.033 seconds
[2026-03-29T14:25:22.717+0000] {processor.py:161} INFO - Started process (PID=57550) to work on /opt/airflow/dags/tmdb_daily_dag.py
[2026-03-29T14:25:22.718+0000] {processor.py:830} INFO - Processing file /opt/airflow/dags/tmdb_daily_dag.py for tasks to queue
[2026-03-29T14:25:22.718+0000] {logging_mixin.py:188} INFO - [2026-03-29T14:25:22.718+0000] {dagbag.py:545} INFO - Filling up the DagBag from /opt/airflow/dags/tmdb_daily_dag.py
[2026-03-29T14:25:22.725+0000] {processor.py:840} INFO - DAG(s) 'tmdb_raw_pipeline' retrieved from /opt/airflow/dags/tmdb_daily_dag.py
[2026-03-29T14:25:22.735+0000] {logging_mixin.py:188} INFO - [2026-03-29T14:25:22.735+0000] {dag.py:3096} INFO - Sync 1 DAGs
[2026-03-29T14:25:22.744+0000] {logging_mixin.py:188} INFO - [2026-03-29T14:25:22.744+0000] {dag.py:3954} INFO - Setting next_dagrun for tmdb_raw_pipeline to 2026-03-29 00:00:00+00:00, run_after=2026-03-30 00:00:00+00:00
[2026-03-29T14:25:22.750+0000] {processor.py:183} INFO - Processing /opt/airflow/dags/tmdb_daily_dag.py took 0.035 seconds
[2026-03-29T14:25:53.231+0000] {processor.py:161} INFO - Started process (PID=57570) to work on /opt/airflow/dags/tmdb_daily_dag.py
[2026-03-29T14:25:53.232+0000] {processor.py:830} INFO - Processing file /opt/airflow/dags/tmdb_daily_dag.py for tasks to queue
[2026-03-29T14:25:53.232+0000] {logging_mixin.py:188} INFO - [2026-03-29T14:25:53.232+0000] {dagbag.py:545} INFO - Filling up the DagBag from /opt/airflow/dags/tmdb_daily_dag.py
[2026-03-29T14:25:53.237+0000] {processor.py:840} INFO - DAG(s) 'tmdb_raw_pipeline' retrieved from /opt/airflow/dags/tmdb_daily_dag.py
[2026-03-29T14:25:53.246+0000] {logging_mixin.py:188} INFO - [2026-03-29T14:25:53.246+0000] {dag.py:3096} INFO - Sync 1 DAGs
[2026-03-29T14:25:53.255+0000] {logging_mixin.py:188} INFO - [2026-03-29T14:25:53.254+0000] {dag.py:3954} INFO - Setting next_dagrun for tmdb_raw_pipeline to 2026-03-29 00:00:00+00:00, run_after=2026-03-30 00:00:00+00:00
[2026-03-29T14:25:53.260+0000] {processor.py:183} INFO - Processing /opt/airflow/dags/tmdb_daily_dag.py took 0.031 seconds
[2026-03-29T14:26:23.784+0000] {processor.py:161} INFO - Started process (PID=57590) to work on /opt/airflow/dags/tmdb_daily_dag.py
[2026-03-29T14:26:23.785+0000] {processor.py:830} INFO - Processing file /opt/airflow/dags/tmdb_daily_dag.py for tasks to queue
[2026-03-29T14:26:23.785+0000] {logging_mixin.py:188} INFO - [2026-03-29T14:26:23.785+0000] {dagbag.py:545} INFO - Filling up the DagBag from /opt/airflow/dags/tmdb_daily_dag.py
[2026-03-29T14:26:23.792+0000] {processor.py:840} INFO - DAG(s) 'tmdb_raw_pipeline' retrieved from /opt/airflow/dags/tmdb_daily_dag.py
[2026-03-29T14:26:23.802+0000] {logging_mixin.py:188} INFO - [2026-03-29T14:26:23.801+0000] {dag.py:3096} INFO - Sync 1 DAGs
[2026-03-29T14:26:23.812+0000] {logging_mixin.py:188} INFO - [2026-03-29T14:26:23.812+0000] {dag.py:3954} INFO - Setting next_dagrun for tmdb_raw_pipeline to 2026-03-29 00:00:00+00:00, run_after=2026-03-30 00:00:00+00:00
[2026-03-29T14:26:23.818+0000] {processor.py:183} INFO - Processing /opt/airflow/dags/tmdb_daily_dag.py took 0.037 seconds
[2026-03-29T14:26:54.234+0000] {processor.py:161} INFO - Started process (PID=57610) to work on /opt/airflow/dags/tmdb_daily_dag.py
[2026-03-29T14:26:54.235+0000] {processor.py:830} INFO - Processing file /opt/airflow/dags/tmdb_daily_dag.py for tasks to queue
[2026-03-29T14:26:54.235+0000] {logging_mixin.py:188} INFO - [2026-03-29T14:26:54.235+0000] {dagbag.py:545} INFO - Filling up the DagBag from /opt/airflow/dags/tmdb_daily_dag.py
[2026-03-29T14:26:54.241+0000] {processor.py:840} INFO - DAG(s) 'tmdb_raw_pipeline' retrieved from /opt/airflow/dags/tmdb_daily_dag.py
[2026-03-29T14:26:54.250+0000] {logging_mixin.py:188} INFO - [2026-03-29T14:26:54.250+0000] {dag.py:3096} INFO - Sync 1 DAGs
[2026-03-29T14:26:54.257+0000] {logging_mixin.py:188} INFO - [2026-03-29T14:26:54.257+0000] {dag.py:3954} INFO - Setting next_dagrun for tmdb_raw_pipeline to 2026-03-29 00:00:00+00:00, run_after=2026-03-30 00:00:00+00:00
[2026-03-29T14:26:54.263+0000] {processor.py:183} INFO - Processing /opt/airflow/dags/tmdb_daily_dag.py took 0.031 seconds
[2026-03-29T14:27:24.769+0000] {processor.py:161} INFO - Started process (PID=57630) to work on /opt/airflow/dags/tmdb_daily_dag.py
[2026-03-29T14:27:24.770+0000] {processor.py:830} INFO - Processing file /opt/airflow/dags/tmdb_daily_dag.py for tasks to queue
[2026-03-29T14:27:24.770+0000] {logging_mixin.py:188} INFO - [2026-03-29T14:27:24.770+0000] {dagbag.py:545} INFO - Filling up the DagBag from /opt/airflow/dags/tmdb_daily_dag.py
[2026-03-29T14:27:24.776+0000] {processor.py:840} INFO - DAG(s) 'tmdb_raw_pipeline' retrieved from /opt/airflow/dags/tmdb_daily_dag.py
[2026-03-29T14:27:24.786+0000] {logging_mixin.py:188} INFO - [2026-03-29T14:27:24.785+0000] {dag.py:3096} INFO - Sync 1 DAGs
[2026-03-29T14:27:24.795+0000] {logging_mixin.py:188} INFO - [2026-03-29T14:27:24.795+0000] {dag.py:3954} INFO - Setting next_dagrun for tmdb_raw_pipeline to 2026-03-29 00:00:00+00:00, run_after=2026-03-30 00:00:00+00:00
[2026-03-29T14:27:24.800+0000] {processor.py:183} INFO - Processing /opt/airflow/dags/tmdb_daily_dag.py took 0.034 seconds
[2026-03-29T14:27:55.293+0000] {processor.py:161} INFO - Started process (PID=57650) to work on /opt/airflow/dags/tmdb_daily_dag.py
[2026-03-29T14:27:55.294+0000] {processor.py:830} INFO - Processing file /opt/airflow/dags/tmdb_daily_dag.py for tasks to queue
[2026-03-29T14:27:55.294+0000] {logging_mixin.py:188} INFO - [2026-03-29T14:27:55.294+0000] {dagbag.py:545} INFO - Filling up the DagBag from /opt/airflow/dags/tmdb_daily_dag.py
[2026-03-29T14:27:55.302+0000] {processor.py:840} INFO - DAG(s) 'tmdb_raw_pipeline' retrieved from /opt/airflow/dags/tmdb_daily_dag.py
[2026-03-29T14:27:55.312+0000] {logging_mixin.py:188} INFO - [2026-03-29T14:27:55.312+0000] {dag.py:3096} INFO - Sync 1 DAGs
[2026-03-29T14:27:55.321+0000] {logging_mixin.py:188} INFO - [2026-03-29T14:27:55.321+0000] {dag.py:3954} INFO - Setting next_dagrun for tmdb_raw_pipeline to 2026-03-29 00:00:00+00:00, run_after=2026-03-30 00:00:00+00:00
[2026-03-29T14:27:55.327+0000] {processor.py:183} INFO - Processing /opt/airflow/dags/tmdb_daily_dag.py took 0.037 seconds
[2026-03-29T14:28:25.808+0000] {processor.py:161} INFO - Started process (PID=57670) to work on /opt/airflow/dags/tmdb_daily_dag.py
[2026-03-29T14:28:25.808+0000] {processor.py:830} INFO - Processing file /opt/airflow/dags/tmdb_daily_dag.py for tasks to queue
[2026-03-29T14:28:25.809+0000] {logging_mixin.py:188} INFO - [2026-03-29T14:28:25.808+0000] {dagbag.py:545} INFO - Filling up the DagBag from /opt/airflow/dags/tmdb_daily_dag.py
[2026-03-29T14:28:25.815+0000] {processor.py:840} INFO - DAG(s) 'tmdb_raw_pipeline' retrieved from /opt/airflow/dags/tmdb_daily_dag.py
[2026-03-29T14:28:25.825+0000] {logging_mixin.py:188} INFO - [2026-03-29T14:28:25.824+0000] {dag.py:3096} INFO - Sync 1 DAGs
[2026-03-29T14:28:25.833+0000] {logging_mixin.py:188} INFO - [2026-03-29T14:28:25.833+0000] {dag.py:3954} INFO - Setting next_dagrun for tmdb_raw_pipeline to 2026-03-29 00:00:00+00:00, run_after=2026-03-30 00:00:00+00:00
[2026-03-29T14:28:25.839+0000] {processor.py:183} INFO - Processing /opt/airflow/dags/tmdb_daily_dag.py took 0.034 seconds
[2026-03-29T14:28:56.225+0000] {processor.py:161} INFO - Started process (PID=57690) to work on /opt/airflow/dags/tmdb_daily_dag.py
[2026-03-29T14:28:56.226+0000] {processor.py:830} INFO - Processing file /opt/airflow/dags/tmdb_daily_dag.py for tasks to queue
[2026-03-29T14:28:56.227+0000] {logging_mixin.py:188} INFO - [2026-03-29T14:28:56.227+0000] {dagbag.py:545} INFO - Filling up the DagBag from /opt/airflow/dags/tmdb_daily_dag.py
[2026-03-29T14:28:56.232+0000] {processor.py:840} INFO - DAG(s) 'tmdb_raw_pipeline' retrieved from /opt/airflow/dags/tmdb_daily_dag.py
[2026-03-29T14:28:56.241+0000] {logging_mixin.py:188} INFO - [2026-03-29T14:28:56.241+0000] {dag.py:3096} INFO - Sync 1 DAGs
[2026-03-29T14:28:56.249+0000] {logging_mixin.py:188} INFO - [2026-03-29T14:28:56.249+0000] {dag.py:3954} INFO - Setting next_dagrun for tmdb_raw_pipeline to 2026-03-29 00:00:00+00:00, run_after=2026-03-30 00:00:00+00:00
[2026-03-29T14:28:56.255+0000] {processor.py:183} INFO - Processing /opt/airflow/dags/tmdb_daily_dag.py took 0.032 seconds
[2026-03-29T14:29:26.781+0000] {processor.py:161} INFO - Started process (PID=57710) to work on /opt/airflow/dags/tmdb_daily_dag.py
[2026-03-29T14:29:26.782+0000] {processor.py:830} INFO - Processing file /opt/airflow/dags/tmdb_daily_dag.py for tasks to queue
[2026-03-29T14:29:26.782+0000] {logging_mixin.py:188} INFO - [2026-03-29T14:29:26.782+0000] {dagbag.py:545} INFO - Filling up the DagBag from /opt/airflow/dags/tmdb_daily_dag.py
[2026-03-29T14:29:26.788+0000] {processor.py:840} INFO - DAG(s) 'tmdb_raw_pipeline' retrieved from /opt/airflow/dags/tmdb_daily_dag.py
[2026-03-29T14:29:26.798+0000] {logging_mixin.py:188} INFO - [2026-03-29T14:29:26.798+0000] {dag.py:3096} INFO - Sync 1 DAGs
[2026-03-29T14:29:26.807+0000] {logging_mixin.py:188} INFO - [2026-03-29T14:29:26.807+0000] {dag.py:3954} INFO - Setting next_dagrun for tmdb_raw_pipeline to 2026-03-29 00:00:00+00:00, run_after=2026-03-30 00:00:00+00:00
[2026-03-29T14:29:26.813+0000] {processor.py:183} INFO - Processing /opt/airflow/dags/tmdb_daily_dag.py took 0.034 seconds
[2026-03-29T14:29:57.199+0000] {processor.py:161} INFO - Started process (PID=57730) to work on /opt/airflow/dags/tmdb_daily_dag.py
[2026-03-29T14:29:57.199+0000] {processor.py:830} INFO - Processing file /opt/airflow/dags/tmdb_daily_dag.py for tasks to queue
[2026-03-29T14:29:57.200+0000] {logging_mixin.py:188} INFO - [2026-03-29T14:29:57.199+0000] {dagbag.py:545} INFO - Filling up the DagBag from /opt/airflow/dags/tmdb_daily_dag.py
[2026-03-29T14:29:57.205+0000] {processor.py:840} INFO - DAG(s) 'tmdb_raw_pipeline' retrieved from /opt/airflow/dags/tmdb_daily_dag.py
[2026-03-29T14:29:57.214+0000] {logging_mixin.py:188} INFO - [2026-03-29T14:29:57.214+0000] {dag.py:3096} INFO - Sync 1 DAGs
[2026-03-29T14:29:57.221+0000] {logging_mixin.py:188} INFO - [2026-03-29T14:29:57.221+0000] {dag.py:3954} INFO - Setting next_dagrun for tmdb_raw_pipeline to 2026-03-29 00:00:00+00:00, run_after=2026-03-30 00:00:00+00:00
[2026-03-29T14:29:57.227+0000] {processor.py:183} INFO - Processing /opt/airflow/dags/tmdb_daily_dag.py took 0.031 seconds
[2026-03-29T14:30:27.820+0000] {processor.py:161} INFO - Started process (PID=57750) to work on /opt/airflow/dags/tmdb_daily_dag.py
[2026-03-29T14:30:27.821+0000] {processor.py:830} INFO - Processing file /opt/airflow/dags/tmdb_daily_dag.py for tasks to queue
[2026-03-29T14:30:27.822+0000] {logging_mixin.py:188} INFO - [2026-03-29T14:30:27.822+0000] {dagbag.py:545} INFO - Filling up the DagBag from /opt/airflow/dags/tmdb_daily_dag.py
[2026-03-29T14:30:27.829+0000] {processor.py:840} INFO - DAG(s) 'tmdb_raw_pipeline' retrieved from /opt/airflow/dags/tmdb_daily_dag.py
[2026-03-29T14:30:27.839+0000] {logging_mixin.py:188} INFO - [2026-03-29T14:30:27.839+0000] {dag.py:3096} INFO - Sync 1 DAGs
[2026-03-29T14:30:27.848+0000] {logging_mixin.py:188} INFO - [2026-03-29T14:30:27.848+0000] {dag.py:3954} INFO - Setting next_dagrun for tmdb_raw_pipeline to 2026-03-29 00:00:00+00:00, run_after=2026-03-30 00:00:00+00:00
[2026-03-29T14:30:27.854+0000] {processor.py:183} INFO - Processing /opt/airflow/dags/tmdb_daily_dag.py took 0.038 seconds
[2026-03-29T15:05:56.695+0000] {processor.py:161} INFO - Started process (PID=57770) to work on /opt/airflow/dags/tmdb_daily_dag.py
[2026-03-29T15:05:56.700+0000] {processor.py:830} INFO - Processing file /opt/airflow/dags/tmdb_daily_dag.py for tasks to queue
[2026-03-29T15:05:56.708+0000] {logging_mixin.py:188} INFO - [2026-03-29T15:05:56.705+0000] {dagbag.py:545} INFO - Filling up the DagBag from /opt/airflow/dags/tmdb_daily_dag.py
[2026-03-29T15:05:56.723+0000] {processor.py:840} INFO - DAG(s) 'tmdb_raw_pipeline' retrieved from /opt/airflow/dags/tmdb_daily_dag.py
[2026-03-29T15:05:56.748+0000] {logging_mixin.py:188} INFO - [2026-03-29T15:05:56.748+0000] {dag.py:3096} INFO - Sync 1 DAGs
[2026-03-29T15:05:56.761+0000] {logging_mixin.py:188} INFO - [2026-03-29T15:05:56.760+0000] {dag.py:3954} INFO - Setting next_dagrun for tmdb_raw_pipeline to 2026-03-29 00:00:00+00:00, run_after=2026-03-30 00:00:00+00:00
[2026-03-29T15:05:56.769+0000] {processor.py:183} INFO - Processing /opt/airflow/dags/tmdb_daily_dag.py took 0.098 seconds
[2026-03-29T15:38:14.919+0000] {processor.py:161} INFO - Started process (PID=57790) to work on /opt/airflow/dags/tmdb_daily_dag.py
[2026-03-29T15:38:14.919+0000] {processor.py:830} INFO - Processing file /opt/airflow/dags/tmdb_daily_dag.py for tasks to queue
[2026-03-29T15:38:14.920+0000] {logging_mixin.py:188} INFO - [2026-03-29T15:38:14.920+0000] {dagbag.py:545} INFO - Filling up the DagBag from /opt/airflow/dags/tmdb_daily_dag.py
[2026-03-29T15:38:14.926+0000] {processor.py:840} INFO - DAG(s) 'tmdb_raw_pipeline' retrieved from /opt/airflow/dags/tmdb_daily_dag.py
[2026-03-29T15:38:14.936+0000] {logging_mixin.py:188} INFO - [2026-03-29T15:38:14.936+0000] {dag.py:3096} INFO - Sync 1 DAGs
[2026-03-29T15:38:14.945+0000] {logging_mixin.py:188} INFO - [2026-03-29T15:38:14.945+0000] {dag.py:3954} INFO - Setting next_dagrun for tmdb_raw_pipeline to 2026-03-29 00:00:00+00:00, run_after=2026-03-30 00:00:00+00:00
[2026-03-29T15:38:14.953+0000] {processor.py:183} INFO - Processing /opt/airflow/dags/tmdb_daily_dag.py took 0.038 seconds
[2026-03-29T15:38:45.499+0000] {processor.py:161} INFO - Started process (PID=57810) to work on /opt/airflow/dags/tmdb_daily_dag.py
[2026-03-29T15:38:45.501+0000] {processor.py:830} INFO - Processing file /opt/airflow/dags/tmdb_daily_dag.py for tasks to queue
[2026-03-29T15:38:45.501+0000] {logging_mixin.py:188} INFO - [2026-03-29T15:38:45.501+0000] {dagbag.py:545} INFO - Filling up the DagBag from /opt/airflow/dags/tmdb_daily_dag.py
[2026-03-29T15:38:45.512+0000] {processor.py:840} INFO - DAG(s) 'tmdb_raw_pipeline' retrieved from /opt/airflow/dags/tmdb_daily_dag.py
[2026-03-29T15:38:45.528+0000] {logging_mixin.py:188} INFO - [2026-03-29T15:38:45.527+0000] {dag.py:3096} INFO - Sync 1 DAGs
[2026-03-29T15:38:45.551+0000] {logging_mixin.py:188} INFO - [2026-03-29T15:38:45.551+0000] {dag.py:3954} INFO - Setting next_dagrun for tmdb_raw_pipeline to 2026-03-29 00:00:00+00:00, run_after=2026-03-30 00:00:00+00:00
[2026-03-29T15:38:45.564+0000] {processor.py:183} INFO - Processing /opt/airflow/dags/tmdb_daily_dag.py took 0.068 seconds
[2026-03-29T16:12:27.422+0000] {processor.py:161} INFO - Started process (PID=57830) to work on /opt/airflow/dags/tmdb_daily_dag.py
[2026-03-29T16:12:27.423+0000] {processor.py:830} INFO - Processing file /opt/airflow/dags/tmdb_daily_dag.py for tasks to queue
[2026-03-29T16:12:27.423+0000] {logging_mixin.py:188} INFO - [2026-03-29T16:12:27.423+0000] {dagbag.py:545} INFO - Filling up the DagBag from /opt/airflow/dags/tmdb_daily_dag.py
[2026-03-29T16:12:27.430+0000] {processor.py:840} INFO - DAG(s) 'tmdb_raw_pipeline' retrieved from /opt/airflow/dags/tmdb_daily_dag.py
[2026-03-29T16:12:27.440+0000] {logging_mixin.py:188} INFO - [2026-03-29T16:12:27.440+0000] {dag.py:3096} INFO - Sync 1 DAGs
[2026-03-29T16:12:27.450+0000] {logging_mixin.py:188} INFO - [2026-03-29T16:12:27.450+0000] {dag.py:3954} INFO - Setting next_dagrun for tmdb_raw_pipeline to 2026-03-29 00:00:00+00:00, run_after=2026-03-30 00:00:00+00:00
[2026-03-29T16:12:27.456+0000] {processor.py:183} INFO - Processing /opt/airflow/dags/tmdb_daily_dag.py took 0.037 seconds
[2026-03-29T17:20:25.607+0000] {processor.py:161} INFO - Started process (PID=57850) to work on /opt/airflow/dags/tmdb_daily_dag.py
[2026-03-29T17:20:25.608+0000] {processor.py:830} INFO - Processing file /opt/airflow/dags/tmdb_daily_dag.py for tasks to queue
[2026-03-29T17:20:25.608+0000] {logging_mixin.py:188} INFO - [2026-03-29T17:20:25.608+0000] {dagbag.py:545} INFO - Filling up the DagBag from /opt/airflow/dags/tmdb_daily_dag.py
[2026-03-29T17:20:25.616+0000] {processor.py:840} INFO - DAG(s) 'tmdb_raw_pipeline' retrieved from /opt/airflow/dags/tmdb_daily_dag.py
[2026-03-29T17:20:25.631+0000] {logging_mixin.py:188} INFO - [2026-03-29T17:20:25.630+0000] {dag.py:3096} INFO - Sync 1 DAGs
[2026-03-29T17:20:25.643+0000] {logging_mixin.py:188} INFO - [2026-03-29T17:20:25.643+0000] {dag.py:3954} INFO - Setting next_dagrun for tmdb_raw_pipeline to 2026-03-29 00:00:00+00:00, run_after=2026-03-30 00:00:00+00:00
[2026-03-29T17:20:25.650+0000] {processor.py:183} INFO - Processing /opt/airflow/dags/tmdb_daily_dag.py took 0.046 seconds
[2026-03-29T17:53:17.109+0000] {processor.py:161} INFO - Started process (PID=57870) to work on /opt/airflow/dags/tmdb_daily_dag.py
[2026-03-29T17:53:17.110+0000] {processor.py:830} INFO - Processing file /opt/airflow/dags/tmdb_daily_dag.py for tasks to queue
[2026-03-29T17:53:17.110+0000] {logging_mixin.py:188} INFO - [2026-03-29T17:53:17.110+0000] {dagbag.py:545} INFO - Filling up the DagBag from /opt/airflow/dags/tmdb_daily_dag.py
[2026-03-29T17:53:17.116+0000] {processor.py:840} INFO - DAG(s) 'tmdb_raw_pipeline' retrieved from /opt/airflow/dags/tmdb_daily_dag.py
[2026-03-29T17:53:17.128+0000] {logging_mixin.py:188} INFO - [2026-03-29T17:53:17.128+0000] {dag.py:3096} INFO - Sync 1 DAGs
[2026-03-29T17:53:17.138+0000] {logging_mixin.py:188} INFO - [2026-03-29T17:53:17.138+0000] {dag.py:3954} INFO - Setting next_dagrun for tmdb_raw_pipeline to 2026-03-29 00:00:00+00:00, run_after=2026-03-30 00:00:00+00:00
[2026-03-29T17:53:17.147+0000] {processor.py:183} INFO - Processing /opt/airflow/dags/tmdb_daily_dag.py took 0.043 seconds
[2026-03-29T17:53:47.671+0000] {processor.py:161} INFO - Started process (PID=57890) to work on /opt/airflow/dags/tmdb_daily_dag.py
[2026-03-29T17:53:47.673+0000] {processor.py:830} INFO - Processing file /opt/airflow/dags/tmdb_daily_dag.py for tasks to queue
[2026-03-29T17:53:47.673+0000] {logging_mixin.py:188} INFO - [2026-03-29T17:53:47.673+0000] {dagbag.py:545} INFO - Filling up the DagBag from /opt/airflow/dags/tmdb_daily_dag.py
[2026-03-29T17:53:47.679+0000] {processor.py:840} INFO - DAG(s) 'tmdb_raw_pipeline' retrieved from /opt/airflow/dags/tmdb_daily_dag.py
[2026-03-29T17:53:47.689+0000] {logging_mixin.py:188} INFO - [2026-03-29T17:53:47.689+0000] {dag.py:3096} INFO - Sync 1 DAGs
[2026-03-29T17:53:47.698+0000] {logging_mixin.py:188} INFO - [2026-03-29T17:53:47.698+0000] {dag.py:3954} INFO - Setting next_dagrun for tmdb_raw_pipeline to 2026-03-29 00:00:00+00:00, run_after=2026-03-30 00:00:00+00:00
[2026-03-29T17:53:47.705+0000] {processor.py:183} INFO - Processing /opt/airflow/dags/tmdb_daily_dag.py took 0.036 seconds
[2026-03-29T17:54:18.075+0000] {processor.py:161} INFO - Started process (PID=57910) to work on /opt/airflow/dags/tmdb_daily_dag.py
[2026-03-29T17:54:18.075+0000] {processor.py:830} INFO - Processing file /opt/airflow/dags/tmdb_daily_dag.py for tasks to queue
[2026-03-29T17:54:18.076+0000] {logging_mixin.py:188} INFO - [2026-03-29T17:54:18.076+0000] {dagbag.py:545} INFO - Filling up the DagBag from /opt/airflow/dags/tmdb_daily_dag.py
[2026-03-29T17:54:18.082+0000] {processor.py:840} INFO - DAG(s) 'tmdb_raw_pipeline' retrieved from /opt/airflow/dags/tmdb_daily_dag.py
[2026-03-29T17:54:18.091+0000] {logging_mixin.py:188} INFO - [2026-03-29T17:54:18.091+0000] {dag.py:3096} INFO - Sync 1 DAGs
[2026-03-29T17:54:18.099+0000] {logging_mixin.py:188} INFO - [2026-03-29T17:54:18.099+0000] {dag.py:3954} INFO - Setting next_dagrun for tmdb_raw_pipeline to 2026-03-29 00:00:00+00:00, run_after=2026-03-30 00:00:00+00:00
[2026-03-29T17:54:18.105+0000] {processor.py:183} INFO - Processing /opt/airflow/dags/tmdb_daily_dag.py took 0.033 seconds
[2026-03-29T17:54:48.502+0000] {processor.py:161} INFO - Started process (PID=57930) to work on /opt/airflow/dags/tmdb_daily_dag.py
[2026-03-29T17:54:48.503+0000] {processor.py:830} INFO - Processing file /opt/airflow/dags/tmdb_daily_dag.py for tasks to queue
[2026-03-29T17:54:48.503+0000] {logging_mixin.py:188} INFO - [2026-03-29T17:54:48.503+0000] {dagbag.py:545} INFO - Filling up the DagBag from /opt/airflow/dags/tmdb_daily_dag.py
[2026-03-29T17:54:48.509+0000] {processor.py:840} INFO - DAG(s) 'tmdb_raw_pipeline' retrieved from /opt/airflow/dags/tmdb_daily_dag.py
[2026-03-29T17:54:48.518+0000] {logging_mixin.py:188} INFO - [2026-03-29T17:54:48.518+0000] {dag.py:3096} INFO - Sync 1 DAGs
[2026-03-29T17:54:48.525+0000] {logging_mixin.py:188} INFO - [2026-03-29T17:54:48.525+0000] {dag.py:3954} INFO - Setting next_dagrun for tmdb_raw_pipeline to 2026-03-29 00:00:00+00:00, run_after=2026-03-30 00:00:00+00:00
[2026-03-29T17:54:48.531+0000] {processor.py:183} INFO - Processing /opt/airflow/dags/tmdb_daily_dag.py took 0.031 seconds
[2026-03-29T17:55:18.957+0000] {processor.py:161} INFO - Started process (PID=57950) to work on /opt/airflow/dags/tmdb_daily_dag.py
[2026-03-29T17:55:18.957+0000] {processor.py:830} INFO - Processing file /opt/airflow/dags/tmdb_daily_dag.py for tasks to queue
[2026-03-29T17:55:18.957+0000] {logging_mixin.py:188} INFO - [2026-03-29T17:55:18.957+0000] {dagbag.py:545} INFO - Filling up the DagBag from /opt/airflow/dags/tmdb_daily_dag.py
[2026-03-29T17:55:18.962+0000] {processor.py:840} INFO - DAG(s) 'tmdb_raw_pipeline' retrieved from /opt/airflow/dags/tmdb_daily_dag.py
[2026-03-29T17:55:18.971+0000] {logging_mixin.py:188} INFO - [2026-03-29T17:55:18.971+0000] {dag.py:3096} INFO - Sync 1 DAGs
[2026-03-29T17:55:18.980+0000] {logging_mixin.py:188} INFO - [2026-03-29T17:55:18.979+0000] {dag.py:3954} INFO - Setting next_dagrun for tmdb_raw_pipeline to 2026-03-29 00:00:00+00:00, run_after=2026-03-30 00:00:00+00:00
[2026-03-29T17:55:18.986+0000] {processor.py:183} INFO - Processing /opt/airflow/dags/tmdb_daily_dag.py took 0.031 seconds
[2026-03-29T17:55:49.444+0000] {processor.py:161} INFO - Started process (PID=57970) to work on /opt/airflow/dags/tmdb_daily_dag.py
[2026-03-29T17:55:49.445+0000] {processor.py:830} INFO - Processing file /opt/airflow/dags/tmdb_daily_dag.py for tasks to queue
[2026-03-29T17:55:49.445+0000] {logging_mixin.py:188} INFO - [2026-03-29T17:55:49.445+0000] {dagbag.py:545} INFO - Filling up the DagBag from /opt/airflow/dags/tmdb_daily_dag.py
[2026-03-29T17:55:49.451+0000] {processor.py:840} INFO - DAG(s) 'tmdb_raw_pipeline' retrieved from /opt/airflow/dags/tmdb_daily_dag.py
[2026-03-29T17:55:49.461+0000] {logging_mixin.py:188} INFO - [2026-03-29T17:55:49.461+0000] {dag.py:3096} INFO - Sync 1 DAGs
[2026-03-29T17:55:49.469+0000] {logging_mixin.py:188} INFO - [2026-03-29T17:55:49.469+0000] {dag.py:3954} INFO - Setting next_dagrun for tmdb_raw_pipeline to 2026-03-29 00:00:00+00:00, run_after=2026-03-30 00:00:00+00:00
[2026-03-29T17:55:49.475+0000] {processor.py:183} INFO - Processing /opt/airflow/dags/tmdb_daily_dag.py took 0.033 seconds
[2026-03-29T17:59:30.775+0000] {processor.py:161} INFO - Started process (PID=57990) to work on /opt/airflow/dags/tmdb_daily_dag.py
[2026-03-29T17:59:30.777+0000] {processor.py:830} INFO - Processing file /opt/airflow/dags/tmdb_daily_dag.py for tasks to queue
[2026-03-29T17:59:30.777+0000] {logging_mixin.py:188} INFO - [2026-03-29T17:59:30.777+0000] {dagbag.py:545} INFO - Filling up the DagBag from /opt/airflow/dags/tmdb_daily_dag.py
[2026-03-29T17:59:30.783+0000] {processor.py:840} INFO - DAG(s) 'tmdb_raw_pipeline' retrieved from /opt/airflow/dags/tmdb_daily_dag.py
[2026-03-29T17:59:30.792+0000] {logging_mixin.py:188} INFO - [2026-03-29T17:59:30.792+0000] {dag.py:3096} INFO - Sync 1 DAGs
[2026-03-29T17:59:30.801+0000] {logging_mixin.py:188} INFO - [2026-03-29T17:59:30.801+0000] {dag.py:3954} INFO - Setting next_dagrun for tmdb_raw_pipeline to 2026-03-29 00:00:00+00:00, run_after=2026-03-30 00:00:00+00:00
[2026-03-29T17:59:30.806+0000] {processor.py:183} INFO - Processing /opt/airflow/dags/tmdb_daily_dag.py took 0.034 seconds
[2026-03-29T18:00:01.140+0000] {processor.py:161} INFO - Started process (PID=58010) to work on /opt/airflow/dags/tmdb_daily_dag.py
[2026-03-29T18:00:01.140+0000] {processor.py:830} INFO - Processing file /opt/airflow/dags/tmdb_daily_dag.py for tasks to queue
[2026-03-29T18:00:01.140+0000] {logging_mixin.py:188} INFO - [2026-03-29T18:00:01.140+0000] {dagbag.py:545} INFO - Filling up the DagBag from /opt/airflow/dags/tmdb_daily_dag.py
[2026-03-29T18:00:01.146+0000] {processor.py:840} INFO - DAG(s) 'tmdb_raw_pipeline' retrieved from /opt/airflow/dags/tmdb_daily_dag.py
[2026-03-29T18:00:01.155+0000] {logging_mixin.py:188} INFO - [2026-03-29T18:00:01.155+0000] {dag.py:3096} INFO - Sync 1 DAGs
[2026-03-29T18:00:01.162+0000] {logging_mixin.py:188} INFO - [2026-03-29T18:00:01.162+0000] {dag.py:3954} INFO - Setting next_dagrun for tmdb_raw_pipeline to 2026-03-29 00:00:00+00:00, run_after=2026-03-30 00:00:00+00:00
[2026-03-29T18:00:01.168+0000] {processor.py:183} INFO - Processing /opt/airflow/dags/tmdb_daily_dag.py took 0.030 seconds
[2026-03-29T18:00:31.639+0000] {processor.py:161} INFO - Started process (PID=58030) to work on /opt/airflow/dags/tmdb_daily_dag.py
[2026-03-29T18:00:31.640+0000] {processor.py:830} INFO - Processing file /opt/airflow/dags/tmdb_daily_dag.py for tasks to queue
[2026-03-29T18:00:31.640+0000] {logging_mixin.py:188} INFO - [2026-03-29T18:00:31.640+0000] {dagbag.py:545} INFO - Filling up the DagBag from /opt/airflow/dags/tmdb_daily_dag.py
[2026-03-29T18:00:31.649+0000] {processor.py:840} INFO - DAG(s) 'tmdb_raw_pipeline' retrieved from /opt/airflow/dags/tmdb_daily_dag.py
[2026-03-29T18:00:31.659+0000] {logging_mixin.py:188} INFO - [2026-03-29T18:00:31.659+0000] {dag.py:3096} INFO - Sync 1 DAGs
[2026-03-29T18:00:31.667+0000] {logging_mixin.py:188} INFO - [2026-03-29T18:00:31.667+0000] {dag.py:3954} INFO - Setting next_dagrun for tmdb_raw_pipeline to 2026-03-29 00:00:00+00:00, run_after=2026-03-30 00:00:00+00:00
[2026-03-29T18:00:31.673+0000] {processor.py:183} INFO - Processing /opt/airflow/dags/tmdb_daily_dag.py took 0.040 seconds
[2026-03-29T18:01:02.066+0000] {processor.py:161} INFO - Started process (PID=58050) to work on /opt/airflow/dags/tmdb_daily_dag.py
[2026-03-29T18:01:02.067+0000] {processor.py:830} INFO - Processing file /opt/airflow/dags/tmdb_daily_dag.py for tasks to queue
[2026-03-29T18:01:02.067+0000] {logging_mixin.py:188} INFO - [2026-03-29T18:01:02.067+0000] {dagbag.py:545} INFO - Filling up the DagBag from /opt/airflow/dags/tmdb_daily_dag.py
[2026-03-29T18:01:02.073+0000] {processor.py:840} INFO - DAG(s) 'tmdb_raw_pipeline' retrieved from /opt/airflow/dags/tmdb_daily_dag.py
[2026-03-29T18:01:02.085+0000] {logging_mixin.py:188} INFO - [2026-03-29T18:01:02.084+0000] {dag.py:3096} INFO - Sync 1 DAGs
[2026-03-29T18:01:02.098+0000] {logging_mixin.py:188} INFO - [2026-03-29T18:01:02.098+0000] {dag.py:3954} INFO - Setting next_dagrun for tmdb_raw_pipeline to 2026-03-29 00:00:00+00:00, run_after=2026-03-30 00:00:00+00:00
[2026-03-29T18:01:02.108+0000] {processor.py:183} INFO - Processing /opt/airflow/dags/tmdb_daily_dag.py took 0.044 seconds
[2026-03-29T18:01:32.545+0000] {processor.py:161} INFO - Started process (PID=58070) to work on /opt/airflow/dags/tmdb_daily_dag.py
[2026-03-29T18:01:32.546+0000] {processor.py:830} INFO - Processing file /opt/airflow/dags/tmdb_daily_dag.py for tasks to queue
[2026-03-29T18:01:32.546+0000] {logging_mixin.py:188} INFO - [2026-03-29T18:01:32.546+0000] {dagbag.py:545} INFO - Filling up the DagBag from /opt/airflow/dags/tmdb_daily_dag.py
[2026-03-29T18:01:32.552+0000] {processor.py:840} INFO - DAG(s) 'tmdb_raw_pipeline' retrieved from /opt/airflow/dags/tmdb_daily_dag.py
[2026-03-29T18:01:32.561+0000] {logging_mixin.py:188} INFO - [2026-03-29T18:01:32.561+0000] {dag.py:3096} INFO - Sync 1 DAGs
[2026-03-29T18:01:32.569+0000] {logging_mixin.py:188} INFO - [2026-03-29T18:01:32.569+0000] {dag.py:3954} INFO - Setting next_dagrun for tmdb_raw_pipeline to 2026-03-29 00:00:00+00:00, run_after=2026-03-30 00:00:00+00:00
[2026-03-29T18:01:32.574+0000] {processor.py:183} INFO - Processing /opt/airflow/dags/tmdb_daily_dag.py took 0.032 seconds
[2026-03-29T18:02:02.992+0000] {processor.py:161} INFO - Started process (PID=58090) to work on /opt/airflow/dags/tmdb_daily_dag.py
[2026-03-29T18:02:02.993+0000] {processor.py:830} INFO - Processing file /opt/airflow/dags/tmdb_daily_dag.py for tasks to queue
[2026-03-29T18:02:02.993+0000] {logging_mixin.py:188} INFO - [2026-03-29T18:02:02.993+0000] {dagbag.py:545} INFO - Filling up the DagBag from /opt/airflow/dags/tmdb_daily_dag.py
[2026-03-29T18:02:02.999+0000] {processor.py:840} INFO - DAG(s) 'tmdb_raw_pipeline' retrieved from /opt/airflow/dags/tmdb_daily_dag.py
[2026-03-29T18:02:03.008+0000] {logging_mixin.py:188} INFO - [2026-03-29T18:02:03.008+0000] {dag.py:3096} INFO - Sync 1 DAGs
[2026-03-29T18:02:03.017+0000] {logging_mixin.py:188} INFO - [2026-03-29T18:02:03.016+0000] {dag.py:3954} INFO - Setting next_dagrun for tmdb_raw_pipeline to 2026-03-29 00:00:00+00:00, run_after=2026-03-30 00:00:00+00:00
[2026-03-29T18:02:03.022+0000] {processor.py:183} INFO - Processing /opt/airflow/dags/tmdb_daily_dag.py took 0.033 seconds
[2026-03-29T18:02:33.453+0000] {processor.py:161} INFO - Started process (PID=58110) to work on /opt/airflow/dags/tmdb_daily_dag.py
[2026-03-29T18:02:33.454+0000] {processor.py:830} INFO - Processing file /opt/airflow/dags/tmdb_daily_dag.py for tasks to queue
[2026-03-29T18:02:33.454+0000] {logging_mixin.py:188} INFO - [2026-03-29T18:02:33.454+0000] {dagbag.py:545} INFO - Filling up the DagBag from /opt/airflow/dags/tmdb_daily_dag.py
[2026-03-29T18:02:33.460+0000] {processor.py:840} INFO - DAG(s) 'tmdb_raw_pipeline' retrieved from /opt/airflow/dags/tmdb_daily_dag.py
[2026-03-29T18:02:33.469+0000] {logging_mixin.py:188} INFO - [2026-03-29T18:02:33.469+0000] {dag.py:3096} INFO - Sync 1 DAGs
[2026-03-29T18:02:33.478+0000] {logging_mixin.py:188} INFO - [2026-03-29T18:02:33.478+0000] {dag.py:3954} INFO - Setting next_dagrun for tmdb_raw_pipeline to 2026-03-29 00:00:00+00:00, run_after=2026-03-30 00:00:00+00:00
[2026-03-29T18:02:33.485+0000] {processor.py:183} INFO - Processing /opt/airflow/dags/tmdb_daily_dag.py took 0.035 seconds
[2026-03-29T18:03:03.876+0000] {processor.py:161} INFO - Started process (PID=58130) to work on /opt/airflow/dags/tmdb_daily_dag.py
[2026-03-29T18:03:03.876+0000] {processor.py:830} INFO - Processing file /opt/airflow/dags/tmdb_daily_dag.py for tasks to queue
[2026-03-29T18:03:03.877+0000] {logging_mixin.py:188} INFO - [2026-03-29T18:03:03.877+0000] {dagbag.py:545} INFO - Filling up the DagBag from /opt/airflow/dags/tmdb_daily_dag.py
[2026-03-29T18:03:03.882+0000] {processor.py:840} INFO - DAG(s) 'tmdb_raw_pipeline' retrieved from /opt/airflow/dags/tmdb_daily_dag.py
[2026-03-29T18:03:03.892+0000] {logging_mixin.py:188} INFO - [2026-03-29T18:03:03.891+0000] {dag.py:3096} INFO - Sync 1 DAGs
[2026-03-29T18:03:03.900+0000] {logging_mixin.py:188} INFO - [2026-03-29T18:03:03.899+0000] {dag.py:3954} INFO - Setting next_dagrun for tmdb_raw_pipeline to 2026-03-29 00:00:00+00:00, run_after=2026-03-30 00:00:00+00:00
[2026-03-29T18:03:03.906+0000] {processor.py:183} INFO - Processing /opt/airflow/dags/tmdb_daily_dag.py took 0.033 seconds
[2026-03-29T18:03:34.370+0000] {processor.py:161} INFO - Started process (PID=58150) to work on /opt/airflow/dags/tmdb_daily_dag.py
[2026-03-29T18:03:34.371+0000] {processor.py:830} INFO - Processing file /opt/airflow/dags/tmdb_daily_dag.py for tasks to queue
[2026-03-29T18:03:34.371+0000] {logging_mixin.py:188} INFO - [2026-03-29T18:03:34.371+0000] {dagbag.py:545} INFO - Filling up the DagBag from /opt/airflow/dags/tmdb_daily_dag.py
[2026-03-29T18:03:34.377+0000] {processor.py:840} INFO - DAG(s) 'tmdb_raw_pipeline' retrieved from /opt/airflow/dags/tmdb_daily_dag.py
[2026-03-29T18:03:34.386+0000] {logging_mixin.py:188} INFO - [2026-03-29T18:03:34.386+0000] {dag.py:3096} INFO - Sync 1 DAGs
[2026-03-29T18:03:34.394+0000] {logging_mixin.py:188} INFO - [2026-03-29T18:03:34.394+0000] {dag.py:3954} INFO - Setting next_dagrun for tmdb_raw_pipeline to 2026-03-29 00:00:00+00:00, run_after=2026-03-30 00:00:00+00:00
[2026-03-29T18:03:34.400+0000] {processor.py:183} INFO - Processing /opt/airflow/dags/tmdb_daily_dag.py took 0.032 seconds
[2026-03-29T18:04:04.799+0000] {processor.py:161} INFO - Started process (PID=58170) to work on /opt/airflow/dags/tmdb_daily_dag.py
[2026-03-29T18:04:04.800+0000] {processor.py:830} INFO - Processing file /opt/airflow/dags/tmdb_daily_dag.py for tasks to queue
[2026-03-29T18:04:04.800+0000] {logging_mixin.py:188} INFO - [2026-03-29T18:04:04.800+0000] {dagbag.py:545} INFO - Filling up the DagBag from /opt/airflow/dags/tmdb_daily_dag.py
[2026-03-29T18:04:04.805+0000] {processor.py:840} INFO - DAG(s) 'tmdb_raw_pipeline' retrieved from /opt/airflow/dags/tmdb_daily_dag.py
[2026-03-29T18:04:04.814+0000] {logging_mixin.py:188} INFO - [2026-03-29T18:04:04.814+0000] {dag.py:3096} INFO - Sync 1 DAGs
[2026-03-29T18:04:04.821+0000] {logging_mixin.py:188} INFO - [2026-03-29T18:04:04.821+0000] {dag.py:3954} INFO - Setting next_dagrun for tmdb_raw_pipeline to 2026-03-29 00:00:00+00:00, run_after=2026-03-30 00:00:00+00:00
[2026-03-29T18:04:04.826+0000] {processor.py:183} INFO - Processing /opt/airflow/dags/tmdb_daily_dag.py took 0.030 seconds
[2026-03-29T18:04:35.279+0000] {processor.py:161} INFO - Started process (PID=58190) to work on /opt/airflow/dags/tmdb_daily_dag.py
[2026-03-29T18:04:35.279+0000] {processor.py:830} INFO - Processing file /opt/airflow/dags/tmdb_daily_dag.py for tasks to queue
[2026-03-29T18:04:35.279+0000] {logging_mixin.py:188} INFO - [2026-03-29T18:04:35.279+0000] {dagbag.py:545} INFO - Filling up the DagBag from /opt/airflow/dags/tmdb_daily_dag.py
[2026-03-29T18:04:35.285+0000] {processor.py:840} INFO - DAG(s) 'tmdb_raw_pipeline' retrieved from /opt/airflow/dags/tmdb_daily_dag.py
[2026-03-29T18:04:35.294+0000] {logging_mixin.py:188} INFO - [2026-03-29T18:04:35.293+0000] {dag.py:3096} INFO - Sync 1 DAGs
[2026-03-29T18:04:35.302+0000] {logging_mixin.py:188} INFO - [2026-03-29T18:04:35.301+0000] {dag.py:3954} INFO - Setting next_dagrun for tmdb_raw_pipeline to 2026-03-29 00:00:00+00:00, run_after=2026-03-30 00:00:00+00:00
[2026-03-29T18:04:35.308+0000] {processor.py:183} INFO - Processing /opt/airflow/dags/tmdb_daily_dag.py took 0.032 seconds
[2026-03-29T18:05:05.724+0000] {processor.py:161} INFO - Started process (PID=58208) to work on /opt/airflow/dags/tmdb_daily_dag.py
[2026-03-29T18:05:05.725+0000] {processor.py:830} INFO - Processing file /opt/airflow/dags/tmdb_daily_dag.py for tasks to queue
[2026-03-29T18:05:05.725+0000] {logging_mixin.py:188} INFO - [2026-03-29T18:05:05.725+0000] {dagbag.py:545} INFO - Filling up the DagBag from /opt/airflow/dags/tmdb_daily_dag.py
[2026-03-29T18:05:05.730+0000] {processor.py:840} INFO - DAG(s) 'tmdb_raw_pipeline' retrieved from /opt/airflow/dags/tmdb_daily_dag.py
[2026-03-29T18:05:05.743+0000] {logging_mixin.py:188} INFO - [2026-03-29T18:05:05.743+0000] {dag.py:3096} INFO - Sync 1 DAGs
[2026-03-29T18:05:05.757+0000] {logging_mixin.py:188} INFO - [2026-03-29T18:05:05.757+0000] {dag.py:3954} INFO - Setting next_dagrun for tmdb_raw_pipeline to 2026-03-29 00:00:00+00:00, run_after=2026-03-30 00:00:00+00:00
[2026-03-29T18:05:05.769+0000] {processor.py:183} INFO - Processing /opt/airflow/dags/tmdb_daily_dag.py took 0.047 seconds
[2026-03-29T18:05:36.132+0000] {processor.py:161} INFO - Started process (PID=58230) to work on /opt/airflow/dags/tmdb_daily_dag.py
[2026-03-29T18:05:36.134+0000] {processor.py:830} INFO - Processing file /opt/airflow/dags/tmdb_daily_dag.py for tasks to queue
[2026-03-29T18:05:36.135+0000] {logging_mixin.py:188} INFO - [2026-03-29T18:05:36.134+0000] {dagbag.py:545} INFO - Filling up the DagBag from /opt/airflow/dags/tmdb_daily_dag.py
[2026-03-29T18:05:36.140+0000] {processor.py:840} INFO - DAG(s) 'tmdb_raw_pipeline' retrieved from /opt/airflow/dags/tmdb_daily_dag.py
[2026-03-29T18:05:36.151+0000] {logging_mixin.py:188} INFO - [2026-03-29T18:05:36.151+0000] {dag.py:3096} INFO - Sync 1 DAGs
[2026-03-29T18:05:36.159+0000] {logging_mixin.py:188} INFO - [2026-03-29T18:05:36.159+0000] {dag.py:3954} INFO - Setting next_dagrun for tmdb_raw_pipeline to 2026-03-29 00:00:00+00:00, run_after=2026-03-30 00:00:00+00:00
[2026-03-29T18:05:36.165+0000] {processor.py:183} INFO - Processing /opt/airflow/dags/tmdb_daily_dag.py took 0.041 seconds
[2026-03-29T18:06:06.676+0000] {processor.py:161} INFO - Started process (PID=58250) to work on /opt/airflow/dags/tmdb_daily_dag.py
[2026-03-29T18:06:06.677+0000] {processor.py:830} INFO - Processing file /opt/airflow/dags/tmdb_daily_dag.py for tasks to queue
[2026-03-29T18:06:06.677+0000] {logging_mixin.py:188} INFO - [2026-03-29T18:06:06.677+0000] {dagbag.py:545} INFO - Filling up the DagBag from /opt/airflow/dags/tmdb_daily_dag.py
[2026-03-29T18:06:06.685+0000] {processor.py:840} INFO - DAG(s) 'tmdb_raw_pipeline' retrieved from /opt/airflow/dags/tmdb_daily_dag.py
[2026-03-29T18:06:06.695+0000] {logging_mixin.py:188} INFO - [2026-03-29T18:06:06.695+0000] {dag.py:3096} INFO - Sync 1 DAGs
[2026-03-29T18:06:06.704+0000] {logging_mixin.py:188} INFO - [2026-03-29T18:06:06.704+0000] {dag.py:3954} INFO - Setting next_dagrun for tmdb_raw_pipeline to 2026-03-29 00:00:00+00:00, run_after=2026-03-30 00:00:00+00:00
[2026-03-29T18:06:06.710+0000] {processor.py:183} INFO - Processing /opt/airflow/dags/tmdb_daily_dag.py took 0.038 seconds
[2026-03-29T18:06:37.291+0000] {processor.py:161} INFO - Started process (PID=58270) to work on /opt/airflow/dags/tmdb_daily_dag.py
[2026-03-29T18:06:37.293+0000] {processor.py:830} INFO - Processing file /opt/airflow/dags/tmdb_daily_dag.py for tasks to queue
[2026-03-29T18:06:37.293+0000] {logging_mixin.py:188} INFO - [2026-03-29T18:06:37.293+0000] {dagbag.py:545} INFO - Filling up the DagBag from /opt/airflow/dags/tmdb_daily_dag.py
[2026-03-29T18:06:37.302+0000] {processor.py:840} INFO - DAG(s) 'tmdb_raw_pipeline' retrieved from /opt/airflow/dags/tmdb_daily_dag.py
[2026-03-29T18:06:37.313+0000] {logging_mixin.py:188} INFO - [2026-03-29T18:06:37.313+0000] {dag.py:3096} INFO - Sync 1 DAGs
[2026-03-29T18:06:37.322+0000] {logging_mixin.py:188} INFO - [2026-03-29T18:06:37.322+0000] {dag.py:3954} INFO - Setting next_dagrun for tmdb_raw_pipeline to 2026-03-29 00:00:00+00:00, run_after=2026-03-30 00:00:00+00:00
[2026-03-29T18:06:37.329+0000] {processor.py:183} INFO - Processing /opt/airflow/dags/tmdb_daily_dag.py took 0.043 seconds
[2026-03-29T18:07:07.755+0000] {processor.py:161} INFO - Started process (PID=58290) to work on /opt/airflow/dags/tmdb_daily_dag.py
[2026-03-29T18:07:07.756+0000] {processor.py:830} INFO - Processing file /opt/airflow/dags/tmdb_daily_dag.py for tasks to queue
[2026-03-29T18:07:07.756+0000] {logging_mixin.py:188} INFO - [2026-03-29T18:07:07.756+0000] {dagbag.py:545} INFO - Filling up the DagBag from /opt/airflow/dags/tmdb_daily_dag.py
[2026-03-29T18:07:07.762+0000] {processor.py:840} INFO - DAG(s) 'tmdb_raw_pipeline' retrieved from /opt/airflow/dags/tmdb_daily_dag.py
[2026-03-29T18:07:07.773+0000] {logging_mixin.py:188} INFO - [2026-03-29T18:07:07.773+0000] {dag.py:3096} INFO - Sync 1 DAGs
[2026-03-29T18:07:07.781+0000] {logging_mixin.py:188} INFO - [2026-03-29T18:07:07.781+0000] {dag.py:3954} INFO - Setting next_dagrun for tmdb_raw_pipeline to 2026-03-29 00:00:00+00:00, run_after=2026-03-30 00:00:00+00:00
[2026-03-29T18:07:07.787+0000] {processor.py:183} INFO - Processing /opt/airflow/dags/tmdb_daily_dag.py took 0.035 seconds
[2026-03-29T18:07:38.138+0000] {processor.py:161} INFO - Started process (PID=58310) to work on /opt/airflow/dags/tmdb_daily_dag.py
[2026-03-29T18:07:38.139+0000] {processor.py:830} INFO - Processing file /opt/airflow/dags/tmdb_daily_dag.py for tasks to queue
[2026-03-29T18:07:38.139+0000] {logging_mixin.py:188} INFO - [2026-03-29T18:07:38.139+0000] {dagbag.py:545} INFO - Filling up the DagBag from /opt/airflow/dags/tmdb_daily_dag.py
[2026-03-29T18:07:38.144+0000] {processor.py:840} INFO - DAG(s) 'tmdb_raw_pipeline' retrieved from /opt/airflow/dags/tmdb_daily_dag.py
[2026-03-29T18:07:38.152+0000] {logging_mixin.py:188} INFO - [2026-03-29T18:07:38.152+0000] {dag.py:3096} INFO - Sync 1 DAGs
[2026-03-29T18:07:38.160+0000] {logging_mixin.py:188} INFO - [2026-03-29T18:07:38.160+0000] {dag.py:3954} INFO - Setting next_dagrun for tmdb_raw_pipeline to 2026-03-29 00:00:00+00:00, run_after=2026-03-30 00:00:00+00:00
[2026-03-29T18:07:38.165+0000] {processor.py:183} INFO - Processing /opt/airflow/dags/tmdb_daily_dag.py took 0.030 seconds
[2026-03-29T18:08:08.597+0000] {processor.py:161} INFO - Started process (PID=58330) to work on /opt/airflow/dags/tmdb_daily_dag.py
[2026-03-29T18:08:08.598+0000] {processor.py:830} INFO - Processing file /opt/airflow/dags/tmdb_daily_dag.py for tasks to queue
[2026-03-29T18:08:08.599+0000] {logging_mixin.py:188} INFO - [2026-03-29T18:08:08.598+0000] {dagbag.py:545} INFO - Filling up the DagBag from /opt/airflow/dags/tmdb_daily_dag.py
[2026-03-29T18:08:08.606+0000] {processor.py:840} INFO - DAG(s) 'tmdb_raw_pipeline' retrieved from /opt/airflow/dags/tmdb_daily_dag.py
[2026-03-29T18:08:08.615+0000] {logging_mixin.py:188} INFO - [2026-03-29T18:08:08.615+0000] {dag.py:3096} INFO - Sync 1 DAGs
[2026-03-29T18:08:08.623+0000] {logging_mixin.py:188} INFO - [2026-03-29T18:08:08.623+0000] {dag.py:3954} INFO - Setting next_dagrun for tmdb_raw_pipeline to 2026-03-29 00:00:00+00:00, run_after=2026-03-30 00:00:00+00:00
[2026-03-29T18:08:08.629+0000] {processor.py:183} INFO - Processing /opt/airflow/dags/tmdb_daily_dag.py took 0.039 seconds
[2026-03-29T18:08:39.025+0000] {processor.py:161} INFO - Started process (PID=58350) to work on /opt/airflow/dags/tmdb_daily_dag.py
[2026-03-29T18:08:39.026+0000] {processor.py:830} INFO - Processing file /opt/airflow/dags/tmdb_daily_dag.py for tasks to queue
[2026-03-29T18:08:39.026+0000] {logging_mixin.py:188} INFO - [2026-03-29T18:08:39.026+0000] {dagbag.py:545} INFO - Filling up the DagBag from /opt/airflow/dags/tmdb_daily_dag.py
[2026-03-29T18:08:39.031+0000] {processor.py:840} INFO - DAG(s) 'tmdb_raw_pipeline' retrieved from /opt/airflow/dags/tmdb_daily_dag.py
[2026-03-29T18:08:39.041+0000] {logging_mixin.py:188} INFO - [2026-03-29T18:08:39.041+0000] {dag.py:3096} INFO - Sync 1 DAGs
[2026-03-29T18:08:39.049+0000] {logging_mixin.py:188} INFO - [2026-03-29T18:08:39.049+0000] {dag.py:3954} INFO - Setting next_dagrun for tmdb_raw_pipeline to 2026-03-29 00:00:00+00:00, run_after=2026-03-30 00:00:00+00:00
[2026-03-29T18:08:39.055+0000] {processor.py:183} INFO - Processing /opt/airflow/dags/tmdb_daily_dag.py took 0.032 seconds
[2026-03-29T18:09:09.527+0000] {processor.py:161} INFO - Started process (PID=58370) to work on /opt/airflow/dags/tmdb_daily_dag.py
[2026-03-29T18:09:09.527+0000] {processor.py:830} INFO - Processing file /opt/airflow/dags/tmdb_daily_dag.py for tasks to queue
[2026-03-29T18:09:09.528+0000] {logging_mixin.py:188} INFO - [2026-03-29T18:09:09.528+0000] {dagbag.py:545} INFO - Filling up the DagBag from /opt/airflow/dags/tmdb_daily_dag.py
[2026-03-29T18:09:09.534+0000] {processor.py:840} INFO - DAG(s) 'tmdb_raw_pipeline' retrieved from /opt/airflow/dags/tmdb_daily_dag.py
[2026-03-29T18:09:09.544+0000] {logging_mixin.py:188} INFO - [2026-03-29T18:09:09.544+0000] {dag.py:3096} INFO - Sync 1 DAGs
[2026-03-29T18:09:09.553+0000] {logging_mixin.py:188} INFO - [2026-03-29T18:09:09.553+0000] {dag.py:3954} INFO - Setting next_dagrun for tmdb_raw_pipeline to 2026-03-29 00:00:00+00:00, run_after=2026-03-30 00:00:00+00:00
[2026-03-29T18:09:09.560+0000] {processor.py:183} INFO - Processing /opt/airflow/dags/tmdb_daily_dag.py took 0.036 seconds
[2026-03-29T18:09:40.057+0000] {processor.py:161} INFO - Started process (PID=58390) to work on /opt/airflow/dags/tmdb_daily_dag.py
[2026-03-29T18:09:40.058+0000] {processor.py:830} INFO - Processing file /opt/airflow/dags/tmdb_daily_dag.py for tasks to queue
[2026-03-29T18:09:40.058+0000] {logging_mixin.py:188} INFO - [2026-03-29T18:09:40.058+0000] {dagbag.py:545} INFO - Filling up the DagBag from /opt/airflow/dags/tmdb_daily_dag.py
[2026-03-29T18:09:40.064+0000] {processor.py:840} INFO - DAG(s) 'tmdb_raw_pipeline' retrieved from /opt/airflow/dags/tmdb_daily_dag.py
[2026-03-29T18:09:40.075+0000] {logging_mixin.py:188} INFO - [2026-03-29T18:09:40.075+0000] {dag.py:3096} INFO - Sync 1 DAGs
[2026-03-29T18:09:40.084+0000] {logging_mixin.py:188} INFO - [2026-03-29T18:09:40.084+0000] {dag.py:3954} INFO - Setting next_dagrun for tmdb_raw_pipeline to 2026-03-29 00:00:00+00:00, run_after=2026-03-30 00:00:00+00:00
[2026-03-29T18:09:40.090+0000] {processor.py:183} INFO - Processing /opt/airflow/dags/tmdb_daily_dag.py took 0.036 seconds
[2026-03-29T18:10:10.467+0000] {processor.py:161} INFO - Started process (PID=58408) to work on /opt/airflow/dags/tmdb_daily_dag.py
[2026-03-29T18:10:10.468+0000] {processor.py:830} INFO - Processing file /opt/airflow/dags/tmdb_daily_dag.py for tasks to queue
[2026-03-29T18:10:10.468+0000] {logging_mixin.py:188} INFO - [2026-03-29T18:10:10.468+0000] {dagbag.py:545} INFO - Filling up the DagBag from /opt/airflow/dags/tmdb_daily_dag.py
[2026-03-29T18:10:10.475+0000] {processor.py:840} INFO - DAG(s) 'tmdb_raw_pipeline' retrieved from /opt/airflow/dags/tmdb_daily_dag.py
[2026-03-29T18:10:10.491+0000] {logging_mixin.py:188} INFO - [2026-03-29T18:10:10.491+0000] {dag.py:3096} INFO - Sync 1 DAGs
[2026-03-29T18:10:10.502+0000] {logging_mixin.py:188} INFO - [2026-03-29T18:10:10.502+0000] {dag.py:3954} INFO - Setting next_dagrun for tmdb_raw_pipeline to 2026-03-29 00:00:00+00:00, run_after=2026-03-30 00:00:00+00:00
[2026-03-29T18:10:10.513+0000] {processor.py:183} INFO - Processing /opt/airflow/dags/tmdb_daily_dag.py took 0.049 seconds
[2026-03-29T18:10:40.973+0000] {processor.py:161} INFO - Started process (PID=58430) to work on /opt/airflow/dags/tmdb_daily_dag.py
[2026-03-29T18:10:40.974+0000] {processor.py:830} INFO - Processing file /opt/airflow/dags/tmdb_daily_dag.py for tasks to queue
[2026-03-29T18:10:40.974+0000] {logging_mixin.py:188} INFO - [2026-03-29T18:10:40.974+0000] {dagbag.py:545} INFO - Filling up the DagBag from /opt/airflow/dags/tmdb_daily_dag.py
[2026-03-29T18:10:40.981+0000] {processor.py:840} INFO - DAG(s) 'tmdb_raw_pipeline' retrieved from /opt/airflow/dags/tmdb_daily_dag.py
[2026-03-29T18:10:40.990+0000] {logging_mixin.py:188} INFO - [2026-03-29T18:10:40.990+0000] {dag.py:3096} INFO - Sync 1 DAGs
[2026-03-29T18:10:40.999+0000] {logging_mixin.py:188} INFO - [2026-03-29T18:10:40.999+0000] {dag.py:3954} INFO - Setting next_dagrun for tmdb_raw_pipeline to 2026-03-29 00:00:00+00:00, run_after=2026-03-30 00:00:00+00:00
[2026-03-29T18:10:41.005+0000] {processor.py:183} INFO - Processing /opt/airflow/dags/tmdb_daily_dag.py took 0.034 seconds
[2026-03-29T18:11:11.394+0000] {processor.py:161} INFO - Started process (PID=58450) to work on /opt/airflow/dags/tmdb_daily_dag.py
[2026-03-29T18:11:11.395+0000] {processor.py:830} INFO - Processing file /opt/airflow/dags/tmdb_daily_dag.py for tasks to queue
[2026-03-29T18:11:11.395+0000] {logging_mixin.py:188} INFO - [2026-03-29T18:11:11.395+0000] {dagbag.py:545} INFO - Filling up the DagBag from /opt/airflow/dags/tmdb_daily_dag.py
[2026-03-29T18:11:11.401+0000] {processor.py:840} INFO - DAG(s) 'tmdb_raw_pipeline' retrieved from /opt/airflow/dags/tmdb_daily_dag.py
[2026-03-29T18:11:11.411+0000] {logging_mixin.py:188} INFO - [2026-03-29T18:11:11.411+0000] {dag.py:3096} INFO - Sync 1 DAGs
[2026-03-29T18:11:11.420+0000] {logging_mixin.py:188} INFO - [2026-03-29T18:11:11.420+0000] {dag.py:3954} INFO - Setting next_dagrun for tmdb_raw_pipeline to 2026-03-29 00:00:00+00:00, run_after=2026-03-30 00:00:00+00:00
[2026-03-29T18:11:11.426+0000] {processor.py:183} INFO - Processing /opt/airflow/dags/tmdb_daily_dag.py took 0.035 seconds
[2026-03-29T18:11:41.901+0000] {processor.py:161} INFO - Started process (PID=58470) to work on /opt/airflow/dags/tmdb_daily_dag.py
[2026-03-29T18:11:41.902+0000] {processor.py:830} INFO - Processing file /opt/airflow/dags/tmdb_daily_dag.py for tasks to queue
[2026-03-29T18:11:41.902+0000] {logging_mixin.py:188} INFO - [2026-03-29T18:11:41.902+0000] {dagbag.py:545} INFO - Filling up the DagBag from /opt/airflow/dags/tmdb_daily_dag.py
[2026-03-29T18:11:41.909+0000] {processor.py:840} INFO - DAG(s) 'tmdb_raw_pipeline' retrieved from /opt/airflow/dags/tmdb_daily_dag.py
[2026-03-29T18:11:41.920+0000] {logging_mixin.py:188} INFO - [2026-03-29T18:11:41.919+0000] {dag.py:3096} INFO - Sync 1 DAGs
[2026-03-29T18:11:41.929+0000] {logging_mixin.py:188} INFO - [2026-03-29T18:11:41.929+0000] {dag.py:3954} INFO - Setting next_dagrun for tmdb_raw_pipeline to 2026-03-29 00:00:00+00:00, run_after=2026-03-30 00:00:00+00:00
[2026-03-29T18:11:41.935+0000] {processor.py:183} INFO - Processing /opt/airflow/dags/tmdb_daily_dag.py took 0.037 seconds
[2026-03-29T18:12:12.300+0000] {processor.py:161} INFO - Started process (PID=58490) to work on /opt/airflow/dags/tmdb_daily_dag.py
[2026-03-29T18:12:12.301+0000] {processor.py:830} INFO - Processing file /opt/airflow/dags/tmdb_daily_dag.py for tasks to queue
[2026-03-29T18:12:12.301+0000] {logging_mixin.py:188} INFO - [2026-03-29T18:12:12.301+0000] {dagbag.py:545} INFO - Filling up the DagBag from /opt/airflow/dags/tmdb_daily_dag.py
[2026-03-29T18:12:12.307+0000] {processor.py:840} INFO - DAG(s) 'tmdb_raw_pipeline' retrieved from /opt/airflow/dags/tmdb_daily_dag.py
[2026-03-29T18:12:12.317+0000] {logging_mixin.py:188} INFO - [2026-03-29T18:12:12.317+0000] {dag.py:3096} INFO - Sync 1 DAGs
[2026-03-29T18:12:12.325+0000] {logging_mixin.py:188} INFO - [2026-03-29T18:12:12.325+0000] {dag.py:3954} INFO - Setting next_dagrun for tmdb_raw_pipeline to 2026-03-29 00:00:00+00:00, run_after=2026-03-30 00:00:00+00:00
[2026-03-29T18:12:12.331+0000] {processor.py:183} INFO - Processing /opt/airflow/dags/tmdb_daily_dag.py took 0.034 seconds
[2026-03-29T18:12:42.783+0000] {processor.py:161} INFO - Started process (PID=58510) to work on /opt/airflow/dags/tmdb_daily_dag.py
[2026-03-29T18:12:42.784+0000] {processor.py:830} INFO - Processing file /opt/airflow/dags/tmdb_daily_dag.py for tasks to queue
[2026-03-29T18:12:42.785+0000] {logging_mixin.py:188} INFO - [2026-03-29T18:12:42.784+0000] {dagbag.py:545} INFO - Filling up the DagBag from /opt/airflow/dags/tmdb_daily_dag.py
[2026-03-29T18:12:42.791+0000] {processor.py:840} INFO - DAG(s) 'tmdb_raw_pipeline' retrieved from /opt/airflow/dags/tmdb_daily_dag.py
[2026-03-29T18:12:42.800+0000] {logging_mixin.py:188} INFO - [2026-03-29T18:12:42.800+0000] {dag.py:3096} INFO - Sync 1 DAGs
[2026-03-29T18:12:42.809+0000] {logging_mixin.py:188} INFO - [2026-03-29T18:12:42.809+0000] {dag.py:3954} INFO - Setting next_dagrun for tmdb_raw_pipeline to 2026-03-29 00:00:00+00:00, run_after=2026-03-30 00:00:00+00:00
[2026-03-29T18:12:42.815+0000] {processor.py:183} INFO - Processing /opt/airflow/dags/tmdb_daily_dag.py took 0.034 seconds
[2026-03-29T18:13:13.234+0000] {processor.py:161} INFO - Started process (PID=58530) to work on /opt/airflow/dags/tmdb_daily_dag.py
[2026-03-29T18:13:13.235+0000] {processor.py:830} INFO - Processing file /opt/airflow/dags/tmdb_daily_dag.py for tasks to queue
[2026-03-29T18:13:13.235+0000] {logging_mixin.py:188} INFO - [2026-03-29T18:13:13.235+0000] {dagbag.py:545} INFO - Filling up the DagBag from /opt/airflow/dags/tmdb_daily_dag.py
[2026-03-29T18:13:13.240+0000] {processor.py:840} INFO - DAG(s) 'tmdb_raw_pipeline' retrieved from /opt/airflow/dags/tmdb_daily_dag.py
[2026-03-29T18:13:13.249+0000] {logging_mixin.py:188} INFO - [2026-03-29T18:13:13.249+0000] {dag.py:3096} INFO - Sync 1 DAGs
[2026-03-29T18:13:13.256+0000] {logging_mixin.py:188} INFO - [2026-03-29T18:13:13.256+0000] {dag.py:3954} INFO - Setting next_dagrun for tmdb_raw_pipeline to 2026-03-29 00:00:00+00:00, run_after=2026-03-30 00:00:00+00:00
[2026-03-29T18:13:13.262+0000] {processor.py:183} INFO - Processing /opt/airflow/dags/tmdb_daily_dag.py took 0.030 seconds
[2026-03-29T18:13:43.784+0000] {processor.py:161} INFO - Started process (PID=58550) to work on /opt/airflow/dags/tmdb_daily_dag.py
[2026-03-29T18:13:43.785+0000] {processor.py:830} INFO - Processing file /opt/airflow/dags/tmdb_daily_dag.py for tasks to queue
[2026-03-29T18:13:43.785+0000] {logging_mixin.py:188} INFO - [2026-03-29T18:13:43.785+0000] {dagbag.py:545} INFO - Filling up the DagBag from /opt/airflow/dags/tmdb_daily_dag.py
[2026-03-29T18:13:43.792+0000] {processor.py:840} INFO - DAG(s) 'tmdb_raw_pipeline' retrieved from /opt/airflow/dags/tmdb_daily_dag.py
[2026-03-29T18:13:43.803+0000] {logging_mixin.py:188} INFO - [2026-03-29T18:13:43.803+0000] {dag.py:3096} INFO - Sync 1 DAGs
[2026-03-29T18:13:43.813+0000] {logging_mixin.py:188} INFO - [2026-03-29T18:13:43.812+0000] {dag.py:3954} INFO - Setting next_dagrun for tmdb_raw_pipeline to 2026-03-29 00:00:00+00:00, run_after=2026-03-30 00:00:00+00:00
[2026-03-29T18:13:43.819+0000] {processor.py:183} INFO - Processing /opt/airflow/dags/tmdb_daily_dag.py took 0.039 seconds
[2026-03-29T18:14:14.296+0000] {processor.py:161} INFO - Started process (PID=58570) to work on /opt/airflow/dags/tmdb_daily_dag.py
[2026-03-29T18:14:14.297+0000] {processor.py:830} INFO - Processing file /opt/airflow/dags/tmdb_daily_dag.py for tasks to queue
[2026-03-29T18:14:14.297+0000] {logging_mixin.py:188} INFO - [2026-03-29T18:14:14.297+0000] {dagbag.py:545} INFO - Filling up the DagBag from /opt/airflow/dags/tmdb_daily_dag.py
[2026-03-29T18:14:14.303+0000] {processor.py:840} INFO - DAG(s) 'tmdb_raw_pipeline' retrieved from /opt/airflow/dags/tmdb_daily_dag.py
[2026-03-29T18:14:14.313+0000] {logging_mixin.py:188} INFO - [2026-03-29T18:14:14.313+0000] {dag.py:3096} INFO - Sync 1 DAGs
[2026-03-29T18:14:14.321+0000] {logging_mixin.py:188} INFO - [2026-03-29T18:14:14.321+0000] {dag.py:3954} INFO - Setting next_dagrun for tmdb_raw_pipeline to 2026-03-29 00:00:00+00:00, run_after=2026-03-30 00:00:00+00:00
[2026-03-29T18:14:14.327+0000] {processor.py:183} INFO - Processing /opt/airflow/dags/tmdb_daily_dag.py took 0.034 seconds
[2026-03-29T18:14:44.874+0000] {processor.py:161} INFO - Started process (PID=58590) to work on /opt/airflow/dags/tmdb_daily_dag.py
[2026-03-29T18:14:44.875+0000] {processor.py:830} INFO - Processing file /opt/airflow/dags/tmdb_daily_dag.py for tasks to queue
[2026-03-29T18:14:44.875+0000] {logging_mixin.py:188} INFO - [2026-03-29T18:14:44.875+0000] {dagbag.py:545} INFO - Filling up the DagBag from /opt/airflow/dags/tmdb_daily_dag.py
[2026-03-29T18:14:44.881+0000] {processor.py:840} INFO - DAG(s) 'tmdb_raw_pipeline' retrieved from /opt/airflow/dags/tmdb_daily_dag.py
[2026-03-29T18:14:44.890+0000] {logging_mixin.py:188} INFO - [2026-03-29T18:14:44.890+0000] {dag.py:3096} INFO - Sync 1 DAGs
[2026-03-29T18:14:44.899+0000] {logging_mixin.py:188} INFO - [2026-03-29T18:14:44.899+0000] {dag.py:3954} INFO - Setting next_dagrun for tmdb_raw_pipeline to 2026-03-29 00:00:00+00:00, run_after=2026-03-30 00:00:00+00:00
[2026-03-29T18:14:44.905+0000] {processor.py:183} INFO - Processing /opt/airflow/dags/tmdb_daily_dag.py took 0.034 seconds
[2026-03-29T18:15:15.292+0000] {processor.py:161} INFO - Started process (PID=58610) to work on /opt/airflow/dags/tmdb_daily_dag.py
[2026-03-29T18:15:15.293+0000] {processor.py:830} INFO - Processing file /opt/airflow/dags/tmdb_daily_dag.py for tasks to queue
[2026-03-29T18:15:15.294+0000] {logging_mixin.py:188} INFO - [2026-03-29T18:15:15.294+0000] {dagbag.py:545} INFO - Filling up the DagBag from /opt/airflow/dags/tmdb_daily_dag.py
[2026-03-29T18:15:15.301+0000] {processor.py:840} INFO - DAG(s) 'tmdb_raw_pipeline' retrieved from /opt/airflow/dags/tmdb_daily_dag.py
[2026-03-29T18:15:15.314+0000] {logging_mixin.py:188} INFO - [2026-03-29T18:15:15.314+0000] {dag.py:3096} INFO - Sync 1 DAGs
[2026-03-29T18:15:15.324+0000] {logging_mixin.py:188} INFO - [2026-03-29T18:15:15.324+0000] {dag.py:3954} INFO - Setting next_dagrun for tmdb_raw_pipeline to 2026-03-29 00:00:00+00:00, run_after=2026-03-30 00:00:00+00:00
[2026-03-29T18:15:15.331+0000] {processor.py:183} INFO - Processing /opt/airflow/dags/tmdb_daily_dag.py took 0.042 seconds
[2026-03-29T18:15:45.916+0000] {processor.py:161} INFO - Started process (PID=58630) to work on /opt/airflow/dags/tmdb_daily_dag.py
[2026-03-29T18:15:45.917+0000] {processor.py:830} INFO - Processing file /opt/airflow/dags/tmdb_daily_dag.py for tasks to queue
[2026-03-29T18:15:45.917+0000] {logging_mixin.py:188} INFO - [2026-03-29T18:15:45.917+0000] {dagbag.py:545} INFO - Filling up the DagBag from /opt/airflow/dags/tmdb_daily_dag.py
[2026-03-29T18:15:45.924+0000] {processor.py:840} INFO - DAG(s) 'tmdb_raw_pipeline' retrieved from /opt/airflow/dags/tmdb_daily_dag.py
[2026-03-29T18:15:45.934+0000] {logging_mixin.py:188} INFO - [2026-03-29T18:15:45.934+0000] {dag.py:3096} INFO - Sync 1 DAGs
[2026-03-29T18:15:45.944+0000] {logging_mixin.py:188} INFO - [2026-03-29T18:15:45.944+0000] {dag.py:3954} INFO - Setting next_dagrun for tmdb_raw_pipeline to 2026-03-29 00:00:00+00:00, run_after=2026-03-30 00:00:00+00:00
[2026-03-29T18:15:45.950+0000] {processor.py:183} INFO - Processing /opt/airflow/dags/tmdb_daily_dag.py took 0.036 seconds
[2026-03-29T18:16:16.349+0000] {processor.py:161} INFO - Started process (PID=58650) to work on /opt/airflow/dags/tmdb_daily_dag.py
[2026-03-29T18:16:16.350+0000] {processor.py:830} INFO - Processing file /opt/airflow/dags/tmdb_daily_dag.py for tasks to queue
[2026-03-29T18:16:16.350+0000] {logging_mixin.py:188} INFO - [2026-03-29T18:16:16.350+0000] {dagbag.py:545} INFO - Filling up the DagBag from /opt/airflow/dags/tmdb_daily_dag.py
[2026-03-29T18:16:16.355+0000] {processor.py:840} INFO - DAG(s) 'tmdb_raw_pipeline' retrieved from /opt/airflow/dags/tmdb_daily_dag.py
[2026-03-29T18:16:16.365+0000] {logging_mixin.py:188} INFO - [2026-03-29T18:16:16.365+0000] {dag.py:3096} INFO - Sync 1 DAGs
[2026-03-29T18:16:16.373+0000] {logging_mixin.py:188} INFO - [2026-03-29T18:16:16.373+0000] {dag.py:3954} INFO - Setting next_dagrun for tmdb_raw_pipeline to 2026-03-29 00:00:00+00:00, run_after=2026-03-30 00:00:00+00:00
[2026-03-29T18:16:16.379+0000] {processor.py:183} INFO - Processing /opt/airflow/dags/tmdb_daily_dag.py took 0.032 seconds
[2026-03-29T18:16:46.903+0000] {processor.py:161} INFO - Started process (PID=58670) to work on /opt/airflow/dags/tmdb_daily_dag.py
[2026-03-29T18:16:46.904+0000] {processor.py:830} INFO - Processing file /opt/airflow/dags/tmdb_daily_dag.py for tasks to queue
[2026-03-29T18:16:46.904+0000] {logging_mixin.py:188} INFO - [2026-03-29T18:16:46.904+0000] {dagbag.py:545} INFO - Filling up the DagBag from /opt/airflow/dags/tmdb_daily_dag.py
[2026-03-29T18:16:46.910+0000] {processor.py:840} INFO - DAG(s) 'tmdb_raw_pipeline' retrieved from /opt/airflow/dags/tmdb_daily_dag.py
[2026-03-29T18:16:46.921+0000] {logging_mixin.py:188} INFO - [2026-03-29T18:16:46.921+0000] {dag.py:3096} INFO - Sync 1 DAGs
[2026-03-29T18:16:46.930+0000] {logging_mixin.py:188} INFO - [2026-03-29T18:16:46.930+0000] {dag.py:3954} INFO - Setting next_dagrun for tmdb_raw_pipeline to 2026-03-29 00:00:00+00:00, run_after=2026-03-30 00:00:00+00:00
[2026-03-29T18:16:46.937+0000] {processor.py:183} INFO - Processing /opt/airflow/dags/tmdb_daily_dag.py took 0.037 seconds
[2026-03-29T18:17:17.315+0000] {processor.py:161} INFO - Started process (PID=58690) to work on /opt/airflow/dags/tmdb_daily_dag.py
[2026-03-29T18:17:17.316+0000] {processor.py:830} INFO - Processing file /opt/airflow/dags/tmdb_daily_dag.py for tasks to queue
[2026-03-29T18:17:17.316+0000] {logging_mixin.py:188} INFO - [2026-03-29T18:17:17.316+0000] {dagbag.py:545} INFO - Filling up the DagBag from /opt/airflow/dags/tmdb_daily_dag.py
[2026-03-29T18:17:17.321+0000] {processor.py:840} INFO - DAG(s) 'tmdb_raw_pipeline' retrieved from /opt/airflow/dags/tmdb_daily_dag.py
[2026-03-29T18:17:17.337+0000] {logging_mixin.py:188} INFO - [2026-03-29T18:17:17.336+0000] {dag.py:3096} INFO - Sync 1 DAGs
[2026-03-29T18:17:17.345+0000] {logging_mixin.py:188} INFO - [2026-03-29T18:17:17.345+0000] {dag.py:3954} INFO - Setting next_dagrun for tmdb_raw_pipeline to 2026-03-29 00:00:00+00:00, run_after=2026-03-30 00:00:00+00:00
[2026-03-29T18:17:17.351+0000] {processor.py:183} INFO - Processing /opt/airflow/dags/tmdb_daily_dag.py took 0.038 seconds
[2026-03-29T18:17:47.859+0000] {processor.py:161} INFO - Started process (PID=58710) to work on /opt/airflow/dags/tmdb_daily_dag.py
[2026-03-29T18:17:47.859+0000] {processor.py:830} INFO - Processing file /opt/airflow/dags/tmdb_daily_dag.py for tasks to queue
[2026-03-29T18:17:47.860+0000] {logging_mixin.py:188} INFO - [2026-03-29T18:17:47.860+0000] {dagbag.py:545} INFO - Filling up the DagBag from /opt/airflow/dags/tmdb_daily_dag.py
[2026-03-29T18:17:47.867+0000] {processor.py:840} INFO - DAG(s) 'tmdb_raw_pipeline' retrieved from /opt/airflow/dags/tmdb_daily_dag.py
[2026-03-29T18:17:47.876+0000] {logging_mixin.py:188} INFO - [2026-03-29T18:17:47.876+0000] {dag.py:3096} INFO - Sync 1 DAGs
[2026-03-29T18:17:47.884+0000] {logging_mixin.py:188} INFO - [2026-03-29T18:17:47.884+0000] {dag.py:3954} INFO - Setting next_dagrun for tmdb_raw_pipeline to 2026-03-29 00:00:00+00:00, run_after=2026-03-30 00:00:00+00:00
[2026-03-29T18:17:47.890+0000] {processor.py:183} INFO - Processing /opt/airflow/dags/tmdb_daily_dag.py took 0.034 seconds
[2026-03-29T18:18:18.277+0000] {processor.py:161} INFO - Started process (PID=58730) to work on /opt/airflow/dags/tmdb_daily_dag.py
[2026-03-29T18:18:18.277+0000] {processor.py:830} INFO - Processing file /opt/airflow/dags/tmdb_daily_dag.py for tasks to queue
[2026-03-29T18:18:18.277+0000] {logging_mixin.py:188} INFO - [2026-03-29T18:18:18.277+0000] {dagbag.py:545} INFO - Filling up the DagBag from /opt/airflow/dags/tmdb_daily_dag.py
[2026-03-29T18:18:18.282+0000] {processor.py:840} INFO - DAG(s) 'tmdb_raw_pipeline' retrieved from /opt/airflow/dags/tmdb_daily_dag.py
[2026-03-29T18:18:18.292+0000] {logging_mixin.py:188} INFO - [2026-03-29T18:18:18.292+0000] {dag.py:3096} INFO - Sync 1 DAGs
[2026-03-29T18:18:18.300+0000] {logging_mixin.py:188} INFO - [2026-03-29T18:18:18.299+0000] {dag.py:3954} INFO - Setting next_dagrun for tmdb_raw_pipeline to 2026-03-29 00:00:00+00:00, run_after=2026-03-30 00:00:00+00:00
[2026-03-29T18:18:18.305+0000] {processor.py:183} INFO - Processing /opt/airflow/dags/tmdb_daily_dag.py took 0.031 seconds
[2026-03-29T18:18:48.807+0000] {processor.py:161} INFO - Started process (PID=58750) to work on /opt/airflow/dags/tmdb_daily_dag.py
[2026-03-29T18:18:48.808+0000] {processor.py:830} INFO - Processing file /opt/airflow/dags/tmdb_daily_dag.py for tasks to queue
[2026-03-29T18:18:48.808+0000] {logging_mixin.py:188} INFO - [2026-03-29T18:18:48.808+0000] {dagbag.py:545} INFO - Filling up the DagBag from /opt/airflow/dags/tmdb_daily_dag.py
[2026-03-29T18:18:48.814+0000] {processor.py:840} INFO - DAG(s) 'tmdb_raw_pipeline' retrieved from /opt/airflow/dags/tmdb_daily_dag.py
[2026-03-29T18:18:48.823+0000] {logging_mixin.py:188} INFO - [2026-03-29T18:18:48.823+0000] {dag.py:3096} INFO - Sync 1 DAGs
[2026-03-29T18:18:48.832+0000] {logging_mixin.py:188} INFO - [2026-03-29T18:18:48.832+0000] {dag.py:3954} INFO - Setting next_dagrun for tmdb_raw_pipeline to 2026-03-29 00:00:00+00:00, run_after=2026-03-30 00:00:00+00:00
[2026-03-29T18:18:48.838+0000] {processor.py:183} INFO - Processing /opt/airflow/dags/tmdb_daily_dag.py took 0.035 seconds
[2026-03-29T18:19:19.238+0000] {processor.py:161} INFO - Started process (PID=58768) to work on /opt/airflow/dags/tmdb_daily_dag.py
[2026-03-29T18:19:19.240+0000] {processor.py:830} INFO - Processing file /opt/airflow/dags/tmdb_daily_dag.py for tasks to queue
[2026-03-29T18:19:19.240+0000] {logging_mixin.py:188} INFO - [2026-03-29T18:19:19.240+0000] {dagbag.py:545} INFO - Filling up the DagBag from /opt/airflow/dags/tmdb_daily_dag.py
[2026-03-29T18:19:19.246+0000] {processor.py:840} INFO - DAG(s) 'tmdb_raw_pipeline' retrieved from /opt/airflow/dags/tmdb_daily_dag.py
[2026-03-29T18:19:19.257+0000] {logging_mixin.py:188} INFO - [2026-03-29T18:19:19.257+0000] {dag.py:3096} INFO - Sync 1 DAGs
[2026-03-29T18:19:19.270+0000] {logging_mixin.py:188} INFO - [2026-03-29T18:19:19.270+0000] {dag.py:3954} INFO - Setting next_dagrun for tmdb_raw_pipeline to 2026-03-29 00:00:00+00:00, run_after=2026-03-30 00:00:00+00:00
[2026-03-29T18:19:19.279+0000] {processor.py:183} INFO - Processing /opt/airflow/dags/tmdb_daily_dag.py took 0.043 seconds
[2026-03-29T18:19:49.655+0000] {processor.py:161} INFO - Started process (PID=58790) to work on /opt/airflow/dags/tmdb_daily_dag.py
[2026-03-29T18:19:49.656+0000] {processor.py:830} INFO - Processing file /opt/airflow/dags/tmdb_daily_dag.py for tasks to queue
[2026-03-29T18:19:49.656+0000] {logging_mixin.py:188} INFO - [2026-03-29T18:19:49.656+0000] {dagbag.py:545} INFO - Filling up the DagBag from /opt/airflow/dags/tmdb_daily_dag.py
[2026-03-29T18:19:49.663+0000] {processor.py:840} INFO - DAG(s) 'tmdb_raw_pipeline' retrieved from /opt/airflow/dags/tmdb_daily_dag.py
[2026-03-29T18:19:49.674+0000] {logging_mixin.py:188} INFO - [2026-03-29T18:19:49.674+0000] {dag.py:3096} INFO - Sync 1 DAGs
[2026-03-29T18:19:49.683+0000] {logging_mixin.py:188} INFO - [2026-03-29T18:19:49.683+0000] {dag.py:3954} INFO - Setting next_dagrun for tmdb_raw_pipeline to 2026-03-29 00:00:00+00:00, run_after=2026-03-30 00:00:00+00:00
[2026-03-29T18:19:49.689+0000] {processor.py:183} INFO - Processing /opt/airflow/dags/tmdb_daily_dag.py took 0.036 seconds
[2026-03-29T18:20:20.075+0000] {processor.py:161} INFO - Started process (PID=58810) to work on /opt/airflow/dags/tmdb_daily_dag.py
[2026-03-29T18:20:20.075+0000] {processor.py:830} INFO - Processing file /opt/airflow/dags/tmdb_daily_dag.py for tasks to queue
[2026-03-29T18:20:20.076+0000] {logging_mixin.py:188} INFO - [2026-03-29T18:20:20.076+0000] {dagbag.py:545} INFO - Filling up the DagBag from /opt/airflow/dags/tmdb_daily_dag.py
[2026-03-29T18:20:20.081+0000] {processor.py:840} INFO - DAG(s) 'tmdb_raw_pipeline' retrieved from /opt/airflow/dags/tmdb_daily_dag.py
[2026-03-29T18:20:20.091+0000] {logging_mixin.py:188} INFO - [2026-03-29T18:20:20.091+0000] {dag.py:3096} INFO - Sync 1 DAGs
[2026-03-29T18:20:20.099+0000] {logging_mixin.py:188} INFO - [2026-03-29T18:20:20.099+0000] {dag.py:3954} INFO - Setting next_dagrun for tmdb_raw_pipeline to 2026-03-29 00:00:00+00:00, run_after=2026-03-30 00:00:00+00:00
[2026-03-29T18:20:20.105+0000] {processor.py:183} INFO - Processing /opt/airflow/dags/tmdb_daily_dag.py took 0.033 seconds
[2026-03-29T18:20:50.647+0000] {processor.py:161} INFO - Started process (PID=58830) to work on /opt/airflow/dags/tmdb_daily_dag.py
[2026-03-29T18:20:50.648+0000] {processor.py:830} INFO - Processing file /opt/airflow/dags/tmdb_daily_dag.py for tasks to queue
[2026-03-29T18:20:50.648+0000] {logging_mixin.py:188} INFO - [2026-03-29T18:20:50.648+0000] {dagbag.py:545} INFO - Filling up the DagBag from /opt/airflow/dags/tmdb_daily_dag.py
[2026-03-29T18:20:50.664+0000] {processor.py:840} INFO - DAG(s) 'tmdb_raw_pipeline' retrieved from /opt/airflow/dags/tmdb_daily_dag.py
[2026-03-29T18:20:50.675+0000] {logging_mixin.py:188} INFO - [2026-03-29T18:20:50.675+0000] {dag.py:3096} INFO - Sync 1 DAGs
[2026-03-29T18:20:50.686+0000] {logging_mixin.py:188} INFO - [2026-03-29T18:20:50.685+0000] {dag.py:3954} INFO - Setting next_dagrun for tmdb_raw_pipeline to 2026-03-29 00:00:00+00:00, run_after=2026-03-30 00:00:00+00:00
[2026-03-29T18:20:50.692+0000] {processor.py:183} INFO - Processing /opt/airflow/dags/tmdb_daily_dag.py took 0.049 seconds
[2026-03-29T18:21:21.114+0000] {processor.py:161} INFO - Started process (PID=58850) to work on /opt/airflow/dags/tmdb_daily_dag.py
[2026-03-29T18:21:21.115+0000] {processor.py:830} INFO - Processing file /opt/airflow/dags/tmdb_daily_dag.py for tasks to queue
[2026-03-29T18:21:21.115+0000] {logging_mixin.py:188} INFO - [2026-03-29T18:21:21.115+0000] {dagbag.py:545} INFO - Filling up the DagBag from /opt/airflow/dags/tmdb_daily_dag.py
[2026-03-29T18:21:21.121+0000] {processor.py:840} INFO - DAG(s) 'tmdb_raw_pipeline' retrieved from /opt/airflow/dags/tmdb_daily_dag.py
[2026-03-29T18:21:21.130+0000] {logging_mixin.py:188} INFO - [2026-03-29T18:21:21.130+0000] {dag.py:3096} INFO - Sync 1 DAGs
[2026-03-29T18:21:21.138+0000] {logging_mixin.py:188} INFO - [2026-03-29T18:21:21.138+0000] {dag.py:3954} INFO - Setting next_dagrun for tmdb_raw_pipeline to 2026-03-29 00:00:00+00:00, run_after=2026-03-30 00:00:00+00:00
[2026-03-29T18:21:21.144+0000] {processor.py:183} INFO - Processing /opt/airflow/dags/tmdb_daily_dag.py took 0.032 seconds
[2026-03-29T18:21:51.607+0000] {processor.py:161} INFO - Started process (PID=58870) to work on /opt/airflow/dags/tmdb_daily_dag.py
[2026-03-29T18:21:51.608+0000] {processor.py:830} INFO - Processing file /opt/airflow/dags/tmdb_daily_dag.py for tasks to queue
[2026-03-29T18:21:51.608+0000] {logging_mixin.py:188} INFO - [2026-03-29T18:21:51.608+0000] {dagbag.py:545} INFO - Filling up the DagBag from /opt/airflow/dags/tmdb_daily_dag.py
[2026-03-29T18:21:51.615+0000] {processor.py:840} INFO - DAG(s) 'tmdb_raw_pipeline' retrieved from /opt/airflow/dags/tmdb_daily_dag.py
[2026-03-29T18:21:51.624+0000] {logging_mixin.py:188} INFO - [2026-03-29T18:21:51.624+0000] {dag.py:3096} INFO - Sync 1 DAGs
[2026-03-29T18:21:51.632+0000] {logging_mixin.py:188} INFO - [2026-03-29T18:21:51.632+0000] {dag.py:3954} INFO - Setting next_dagrun for tmdb_raw_pipeline to 2026-03-29 00:00:00+00:00, run_after=2026-03-30 00:00:00+00:00
[2026-03-29T18:21:51.638+0000] {processor.py:183} INFO - Processing /opt/airflow/dags/tmdb_daily_dag.py took 0.033 seconds
[2026-03-29T18:22:22.014+0000] {processor.py:161} INFO - Started process (PID=58890) to work on /opt/airflow/dags/tmdb_daily_dag.py
[2026-03-29T18:22:22.014+0000] {processor.py:830} INFO - Processing file /opt/airflow/dags/tmdb_daily_dag.py for tasks to queue
[2026-03-29T18:22:22.015+0000] {logging_mixin.py:188} INFO - [2026-03-29T18:22:22.015+0000] {dagbag.py:545} INFO - Filling up the DagBag from /opt/airflow/dags/tmdb_daily_dag.py
[2026-03-29T18:22:22.020+0000] {processor.py:840} INFO - DAG(s) 'tmdb_raw_pipeline' retrieved from /opt/airflow/dags/tmdb_daily_dag.py
[2026-03-29T18:22:22.028+0000] {logging_mixin.py:188} INFO - [2026-03-29T18:22:22.028+0000] {dag.py:3096} INFO - Sync 1 DAGs
[2026-03-29T18:22:22.036+0000] {logging_mixin.py:188} INFO - [2026-03-29T18:22:22.036+0000] {dag.py:3954} INFO - Setting next_dagrun for tmdb_raw_pipeline to 2026-03-29 00:00:00+00:00, run_after=2026-03-30 00:00:00+00:00
[2026-03-29T18:22:22.042+0000] {processor.py:183} INFO - Processing /opt/airflow/dags/tmdb_daily_dag.py took 0.030 seconds
[2026-03-29T18:22:52.559+0000] {processor.py:161} INFO - Started process (PID=58910) to work on /opt/airflow/dags/tmdb_daily_dag.py
[2026-03-29T18:22:52.560+0000] {processor.py:830} INFO - Processing file /opt/airflow/dags/tmdb_daily_dag.py for tasks to queue
[2026-03-29T18:22:52.560+0000] {logging_mixin.py:188} INFO - [2026-03-29T18:22:52.560+0000] {dagbag.py:545} INFO - Filling up the DagBag from /opt/airflow/dags/tmdb_daily_dag.py
[2026-03-29T18:22:52.567+0000] {processor.py:840} INFO - DAG(s) 'tmdb_raw_pipeline' retrieved from /opt/airflow/dags/tmdb_daily_dag.py
[2026-03-29T18:22:52.577+0000] {logging_mixin.py:188} INFO - [2026-03-29T18:22:52.577+0000] {dag.py:3096} INFO - Sync 1 DAGs
[2026-03-29T18:22:52.585+0000] {logging_mixin.py:188} INFO - [2026-03-29T18:22:52.585+0000] {dag.py:3954} INFO - Setting next_dagrun for tmdb_raw_pipeline to 2026-03-29 00:00:00+00:00, run_after=2026-03-30 00:00:00+00:00
[2026-03-29T18:22:52.591+0000] {processor.py:183} INFO - Processing /opt/airflow/dags/tmdb_daily_dag.py took 0.034 seconds
[2026-03-29T18:23:23.068+0000] {processor.py:161} INFO - Started process (PID=58930) to work on /opt/airflow/dags/tmdb_daily_dag.py
[2026-03-29T18:23:23.069+0000] {processor.py:830} INFO - Processing file /opt/airflow/dags/tmdb_daily_dag.py for tasks to queue
[2026-03-29T18:23:23.069+0000] {logging_mixin.py:188} INFO - [2026-03-29T18:23:23.069+0000] {dagbag.py:545} INFO - Filling up the DagBag from /opt/airflow/dags/tmdb_daily_dag.py
[2026-03-29T18:23:23.078+0000] {processor.py:840} INFO - DAG(s) 'tmdb_raw_pipeline' retrieved from /opt/airflow/dags/tmdb_daily_dag.py
[2026-03-29T18:23:23.088+0000] {logging_mixin.py:188} INFO - [2026-03-29T18:23:23.088+0000] {dag.py:3096} INFO - Sync 1 DAGs
[2026-03-29T18:23:23.118+0000] {logging_mixin.py:188} INFO - [2026-03-29T18:23:23.118+0000] {dag.py:3954} INFO - Setting next_dagrun for tmdb_raw_pipeline to 2026-03-29 00:00:00+00:00, run_after=2026-03-30 00:00:00+00:00
[2026-03-29T18:23:23.127+0000] {processor.py:183} INFO - Processing /opt/airflow/dags/tmdb_daily_dag.py took 0.061 seconds
[2026-03-29T18:23:53.622+0000] {processor.py:161} INFO - Started process (PID=58950) to work on /opt/airflow/dags/tmdb_daily_dag.py
[2026-03-29T18:23:53.623+0000] {processor.py:830} INFO - Processing file /opt/airflow/dags/tmdb_daily_dag.py for tasks to queue
[2026-03-29T18:23:53.623+0000] {logging_mixin.py:188} INFO - [2026-03-29T18:23:53.623+0000] {dagbag.py:545} INFO - Filling up the DagBag from /opt/airflow/dags/tmdb_daily_dag.py
[2026-03-29T18:23:53.629+0000] {processor.py:840} INFO - DAG(s) 'tmdb_raw_pipeline' retrieved from /opt/airflow/dags/tmdb_daily_dag.py
[2026-03-29T18:23:53.638+0000] {logging_mixin.py:188} INFO - [2026-03-29T18:23:53.638+0000] {dag.py:3096} INFO - Sync 1 DAGs
[2026-03-29T18:23:53.647+0000] {logging_mixin.py:188} INFO - [2026-03-29T18:23:53.647+0000] {dag.py:3954} INFO - Setting next_dagrun for tmdb_raw_pipeline to 2026-03-29 00:00:00+00:00, run_after=2026-03-30 00:00:00+00:00
[2026-03-29T18:23:53.653+0000] {processor.py:183} INFO - Processing /opt/airflow/dags/tmdb_daily_dag.py took 0.033 seconds
[2026-03-29T18:24:24.036+0000] {processor.py:161} INFO - Started process (PID=58970) to work on /opt/airflow/dags/tmdb_daily_dag.py
[2026-03-29T18:24:24.037+0000] {processor.py:830} INFO - Processing file /opt/airflow/dags/tmdb_daily_dag.py for tasks to queue
[2026-03-29T18:24:24.037+0000] {logging_mixin.py:188} INFO - [2026-03-29T18:24:24.037+0000] {dagbag.py:545} INFO - Filling up the DagBag from /opt/airflow/dags/tmdb_daily_dag.py
[2026-03-29T18:24:24.043+0000] {processor.py:840} INFO - DAG(s) 'tmdb_raw_pipeline' retrieved from /opt/airflow/dags/tmdb_daily_dag.py
[2026-03-29T18:24:24.053+0000] {logging_mixin.py:188} INFO - [2026-03-29T18:24:24.052+0000] {dag.py:3096} INFO - Sync 1 DAGs
[2026-03-29T18:24:24.061+0000] {logging_mixin.py:188} INFO - [2026-03-29T18:24:24.061+0000] {dag.py:3954} INFO - Setting next_dagrun for tmdb_raw_pipeline to 2026-03-29 00:00:00+00:00, run_after=2026-03-30 00:00:00+00:00
[2026-03-29T18:24:24.067+0000] {processor.py:183} INFO - Processing /opt/airflow/dags/tmdb_daily_dag.py took 0.033 seconds
[2026-03-29T18:24:54.585+0000] {processor.py:161} INFO - Started process (PID=58990) to work on /opt/airflow/dags/tmdb_daily_dag.py
[2026-03-29T18:24:54.585+0000] {processor.py:830} INFO - Processing file /opt/airflow/dags/tmdb_daily_dag.py for tasks to queue
[2026-03-29T18:24:54.586+0000] {logging_mixin.py:188} INFO - [2026-03-29T18:24:54.586+0000] {dagbag.py:545} INFO - Filling up the DagBag from /opt/airflow/dags/tmdb_daily_dag.py
[2026-03-29T18:24:54.591+0000] {processor.py:840} INFO - DAG(s) 'tmdb_raw_pipeline' retrieved from /opt/airflow/dags/tmdb_daily_dag.py
[2026-03-29T18:24:54.601+0000] {logging_mixin.py:188} INFO - [2026-03-29T18:24:54.601+0000] {dag.py:3096} INFO - Sync 1 DAGs
[2026-03-29T18:24:54.609+0000] {logging_mixin.py:188} INFO - [2026-03-29T18:24:54.609+0000] {dag.py:3954} INFO - Setting next_dagrun for tmdb_raw_pipeline to 2026-03-29 00:00:00+00:00, run_after=2026-03-30 00:00:00+00:00
[2026-03-29T18:24:54.615+0000] {processor.py:183} INFO - Processing /opt/airflow/dags/tmdb_daily_dag.py took 0.033 seconds
[2026-03-29T18:25:25.071+0000] {processor.py:161} INFO - Started process (PID=59010) to work on /opt/airflow/dags/tmdb_daily_dag.py
[2026-03-29T18:25:25.072+0000] {processor.py:830} INFO - Processing file /opt/airflow/dags/tmdb_daily_dag.py for tasks to queue
[2026-03-29T18:25:25.072+0000] {logging_mixin.py:188} INFO - [2026-03-29T18:25:25.072+0000] {dagbag.py:545} INFO - Filling up the DagBag from /opt/airflow/dags/tmdb_daily_dag.py
[2026-03-29T18:25:25.078+0000] {processor.py:840} INFO - DAG(s) 'tmdb_raw_pipeline' retrieved from /opt/airflow/dags/tmdb_daily_dag.py
[2026-03-29T18:25:25.087+0000] {logging_mixin.py:188} INFO - [2026-03-29T18:25:25.087+0000] {dag.py:3096} INFO - Sync 1 DAGs
[2026-03-29T18:25:25.095+0000] {logging_mixin.py:188} INFO - [2026-03-29T18:25:25.095+0000] {dag.py:3954} INFO - Setting next_dagrun for tmdb_raw_pipeline to 2026-03-29 00:00:00+00:00, run_after=2026-03-30 00:00:00+00:00
[2026-03-29T18:25:25.101+0000] {processor.py:183} INFO - Processing /opt/airflow/dags/tmdb_daily_dag.py took 0.032 seconds
[2026-03-29T18:25:55.540+0000] {processor.py:161} INFO - Started process (PID=59030) to work on /opt/airflow/dags/tmdb_daily_dag.py
[2026-03-29T18:25:55.541+0000] {processor.py:830} INFO - Processing file /opt/airflow/dags/tmdb_daily_dag.py for tasks to queue
[2026-03-29T18:25:55.541+0000] {logging_mixin.py:188} INFO - [2026-03-29T18:25:55.541+0000] {dagbag.py:545} INFO - Filling up the DagBag from /opt/airflow/dags/tmdb_daily_dag.py
[2026-03-29T18:25:55.547+0000] {processor.py:840} INFO - DAG(s) 'tmdb_raw_pipeline' retrieved from /opt/airflow/dags/tmdb_daily_dag.py
[2026-03-29T18:25:55.556+0000] {logging_mixin.py:188} INFO - [2026-03-29T18:25:55.556+0000] {dag.py:3096} INFO - Sync 1 DAGs
[2026-03-29T18:25:55.565+0000] {logging_mixin.py:188} INFO - [2026-03-29T18:25:55.565+0000] {dag.py:3954} INFO - Setting next_dagrun for tmdb_raw_pipeline to 2026-03-29 00:00:00+00:00, run_after=2026-03-30 00:00:00+00:00
[2026-03-29T18:25:55.570+0000] {processor.py:183} INFO - Processing /opt/airflow/dags/tmdb_daily_dag.py took 0.032 seconds
[2026-03-29T18:26:25.995+0000] {processor.py:161} INFO - Started process (PID=59050) to work on /opt/airflow/dags/tmdb_daily_dag.py
[2026-03-29T18:26:25.996+0000] {processor.py:830} INFO - Processing file /opt/airflow/dags/tmdb_daily_dag.py for tasks to queue
[2026-03-29T18:26:25.997+0000] {logging_mixin.py:188} INFO - [2026-03-29T18:26:25.996+0000] {dagbag.py:545} INFO - Filling up the DagBag from /opt/airflow/dags/tmdb_daily_dag.py
[2026-03-29T18:26:26.003+0000] {processor.py:840} INFO - DAG(s) 'tmdb_raw_pipeline' retrieved from /opt/airflow/dags/tmdb_daily_dag.py
[2026-03-29T18:26:26.015+0000] {logging_mixin.py:188} INFO - [2026-03-29T18:26:26.015+0000] {dag.py:3096} INFO - Sync 1 DAGs
[2026-03-29T18:26:26.027+0000] {logging_mixin.py:188} INFO - [2026-03-29T18:26:26.027+0000] {dag.py:3954} INFO - Setting next_dagrun for tmdb_raw_pipeline to 2026-03-29 00:00:00+00:00, run_after=2026-03-30 00:00:00+00:00
[2026-03-29T18:26:26.036+0000] {processor.py:183} INFO - Processing /opt/airflow/dags/tmdb_daily_dag.py took 0.043 seconds
[2026-03-29T18:26:56.393+0000] {processor.py:161} INFO - Started process (PID=59070) to work on /opt/airflow/dags/tmdb_daily_dag.py
[2026-03-29T18:26:56.394+0000] {processor.py:830} INFO - Processing file /opt/airflow/dags/tmdb_daily_dag.py for tasks to queue
[2026-03-29T18:26:56.394+0000] {logging_mixin.py:188} INFO - [2026-03-29T18:26:56.394+0000] {dagbag.py:545} INFO - Filling up the DagBag from /opt/airflow/dags/tmdb_daily_dag.py
[2026-03-29T18:26:56.399+0000] {processor.py:840} INFO - DAG(s) 'tmdb_raw_pipeline' retrieved from /opt/airflow/dags/tmdb_daily_dag.py
[2026-03-29T18:26:56.409+0000] {logging_mixin.py:188} INFO - [2026-03-29T18:26:56.409+0000] {dag.py:3096} INFO - Sync 1 DAGs
[2026-03-29T18:26:56.417+0000] {logging_mixin.py:188} INFO - [2026-03-29T18:26:56.417+0000] {dag.py:3954} INFO - Setting next_dagrun for tmdb_raw_pipeline to 2026-03-29 00:00:00+00:00, run_after=2026-03-30 00:00:00+00:00
[2026-03-29T18:26:56.424+0000] {processor.py:183} INFO - Processing /opt/airflow/dags/tmdb_daily_dag.py took 0.034 seconds
[2026-03-29T18:27:27.009+0000] {processor.py:161} INFO - Started process (PID=59090) to work on /opt/airflow/dags/tmdb_daily_dag.py
[2026-03-29T18:27:27.009+0000] {processor.py:830} INFO - Processing file /opt/airflow/dags/tmdb_daily_dag.py for tasks to queue
[2026-03-29T18:27:27.010+0000] {logging_mixin.py:188} INFO - [2026-03-29T18:27:27.010+0000] {dagbag.py:545} INFO - Filling up the DagBag from /opt/airflow/dags/tmdb_daily_dag.py
[2026-03-29T18:27:27.017+0000] {processor.py:840} INFO - DAG(s) 'tmdb_raw_pipeline' retrieved from /opt/airflow/dags/tmdb_daily_dag.py
[2026-03-29T18:27:27.029+0000] {logging_mixin.py:188} INFO - [2026-03-29T18:27:27.029+0000] {dag.py:3096} INFO - Sync 1 DAGs
[2026-03-29T18:27:27.042+0000] {logging_mixin.py:188} INFO - [2026-03-29T18:27:27.042+0000] {dag.py:3954} INFO - Setting next_dagrun for tmdb_raw_pipeline to 2026-03-29 00:00:00+00:00, run_after=2026-03-30 00:00:00+00:00
[2026-03-29T18:27:27.050+0000] {processor.py:183} INFO - Processing /opt/airflow/dags/tmdb_daily_dag.py took 0.046 seconds
[2026-03-29T18:27:57.486+0000] {processor.py:161} INFO - Started process (PID=59110) to work on /opt/airflow/dags/tmdb_daily_dag.py
[2026-03-29T18:27:57.486+0000] {processor.py:830} INFO - Processing file /opt/airflow/dags/tmdb_daily_dag.py for tasks to queue
[2026-03-29T18:27:57.487+0000] {logging_mixin.py:188} INFO - [2026-03-29T18:27:57.486+0000] {dagbag.py:545} INFO - Filling up the DagBag from /opt/airflow/dags/tmdb_daily_dag.py
[2026-03-29T18:27:57.492+0000] {processor.py:840} INFO - DAG(s) 'tmdb_raw_pipeline' retrieved from /opt/airflow/dags/tmdb_daily_dag.py
[2026-03-29T18:27:57.501+0000] {logging_mixin.py:188} INFO - [2026-03-29T18:27:57.501+0000] {dag.py:3096} INFO - Sync 1 DAGs
[2026-03-29T18:27:57.508+0000] {logging_mixin.py:188} INFO - [2026-03-29T18:27:57.508+0000] {dag.py:3954} INFO - Setting next_dagrun for tmdb_raw_pipeline to 2026-03-29 00:00:00+00:00, run_after=2026-03-30 00:00:00+00:00
[2026-03-29T18:27:57.514+0000] {processor.py:183} INFO - Processing /opt/airflow/dags/tmdb_daily_dag.py took 0.031 seconds
[2026-03-29T18:28:27.982+0000] {processor.py:161} INFO - Started process (PID=59130) to work on /opt/airflow/dags/tmdb_daily_dag.py
[2026-03-29T18:28:27.988+0000] {processor.py:830} INFO - Processing file /opt/airflow/dags/tmdb_daily_dag.py for tasks to queue
[2026-03-29T18:28:27.988+0000] {logging_mixin.py:188} INFO - [2026-03-29T18:28:27.988+0000] {dagbag.py:545} INFO - Filling up the DagBag from /opt/airflow/dags/tmdb_daily_dag.py
[2026-03-29T18:28:27.997+0000] {processor.py:840} INFO - DAG(s) 'tmdb_raw_pipeline' retrieved from /opt/airflow/dags/tmdb_daily_dag.py
[2026-03-29T18:28:28.012+0000] {logging_mixin.py:188} INFO - [2026-03-29T18:28:28.012+0000] {dag.py:3096} INFO - Sync 1 DAGs
[2026-03-29T18:28:28.025+0000] {logging_mixin.py:188} INFO - [2026-03-29T18:28:28.025+0000] {dag.py:3954} INFO - Setting next_dagrun for tmdb_raw_pipeline to 2026-03-29 00:00:00+00:00, run_after=2026-03-30 00:00:00+00:00
[2026-03-29T18:28:28.034+0000] {processor.py:183} INFO - Processing /opt/airflow/dags/tmdb_daily_dag.py took 0.055 seconds
[2026-03-29T18:28:58.494+0000] {processor.py:161} INFO - Started process (PID=59150) to work on /opt/airflow/dags/tmdb_daily_dag.py
[2026-03-29T18:28:58.495+0000] {processor.py:830} INFO - Processing file /opt/airflow/dags/tmdb_daily_dag.py for tasks to queue
[2026-03-29T18:28:58.495+0000] {logging_mixin.py:188} INFO - [2026-03-29T18:28:58.495+0000] {dagbag.py:545} INFO - Filling up the DagBag from /opt/airflow/dags/tmdb_daily_dag.py
[2026-03-29T18:28:58.501+0000] {processor.py:840} INFO - DAG(s) 'tmdb_raw_pipeline' retrieved from /opt/airflow/dags/tmdb_daily_dag.py
[2026-03-29T18:28:58.511+0000] {logging_mixin.py:188} INFO - [2026-03-29T18:28:58.510+0000] {dag.py:3096} INFO - Sync 1 DAGs
[2026-03-29T18:28:58.520+0000] {logging_mixin.py:188} INFO - [2026-03-29T18:28:58.520+0000] {dag.py:3954} INFO - Setting next_dagrun for tmdb_raw_pipeline to 2026-03-29 00:00:00+00:00, run_after=2026-03-30 00:00:00+00:00
[2026-03-29T18:28:58.527+0000] {processor.py:183} INFO - Processing /opt/airflow/dags/tmdb_daily_dag.py took 0.034 seconds
[2026-03-29T18:29:29.038+0000] {processor.py:161} INFO - Started process (PID=59170) to work on /opt/airflow/dags/tmdb_daily_dag.py
[2026-03-29T18:29:29.039+0000] {processor.py:830} INFO - Processing file /opt/airflow/dags/tmdb_daily_dag.py for tasks to queue
[2026-03-29T18:29:29.040+0000] {logging_mixin.py:188} INFO - [2026-03-29T18:29:29.040+0000] {dagbag.py:545} INFO - Filling up the DagBag from /opt/airflow/dags/tmdb_daily_dag.py
[2026-03-29T18:29:29.046+0000] {processor.py:840} INFO - DAG(s) 'tmdb_raw_pipeline' retrieved from /opt/airflow/dags/tmdb_daily_dag.py
[2026-03-29T18:29:29.056+0000] {logging_mixin.py:188} INFO - [2026-03-29T18:29:29.056+0000] {dag.py:3096} INFO - Sync 1 DAGs
[2026-03-29T18:29:29.065+0000] {logging_mixin.py:188} INFO - [2026-03-29T18:29:29.065+0000] {dag.py:3954} INFO - Setting next_dagrun for tmdb_raw_pipeline to 2026-03-29 00:00:00+00:00, run_after=2026-03-30 00:00:00+00:00
[2026-03-29T18:29:29.071+0000] {processor.py:183} INFO - Processing /opt/airflow/dags/tmdb_daily_dag.py took 0.034 seconds
[2026-03-29T18:29:59.600+0000] {processor.py:161} INFO - Started process (PID=59190) to work on /opt/airflow/dags/tmdb_daily_dag.py
[2026-03-29T18:29:59.601+0000] {processor.py:830} INFO - Processing file /opt/airflow/dags/tmdb_daily_dag.py for tasks to queue
[2026-03-29T18:29:59.601+0000] {logging_mixin.py:188} INFO - [2026-03-29T18:29:59.601+0000] {dagbag.py:545} INFO - Filling up the DagBag from /opt/airflow/dags/tmdb_daily_dag.py
[2026-03-29T18:29:59.607+0000] {processor.py:840} INFO - DAG(s) 'tmdb_raw_pipeline' retrieved from /opt/airflow/dags/tmdb_daily_dag.py
[2026-03-29T18:29:59.617+0000] {logging_mixin.py:188} INFO - [2026-03-29T18:29:59.617+0000] {dag.py:3096} INFO - Sync 1 DAGs
[2026-03-29T18:29:59.628+0000] {logging_mixin.py:188} INFO - [2026-03-29T18:29:59.628+0000] {dag.py:3954} INFO - Setting next_dagrun for tmdb_raw_pipeline to 2026-03-29 00:00:00+00:00, run_after=2026-03-30 00:00:00+00:00
[2026-03-29T18:29:59.636+0000] {processor.py:183} INFO - Processing /opt/airflow/dags/tmdb_daily_dag.py took 0.038 seconds
[2026-03-29T18:30:30.178+0000] {processor.py:161} INFO - Started process (PID=59210) to work on /opt/airflow/dags/tmdb_daily_dag.py
[2026-03-29T18:30:30.180+0000] {processor.py:830} INFO - Processing file /opt/airflow/dags/tmdb_daily_dag.py for tasks to queue
[2026-03-29T18:30:30.180+0000] {logging_mixin.py:188} INFO - [2026-03-29T18:30:30.180+0000] {dagbag.py:545} INFO - Filling up the DagBag from /opt/airflow/dags/tmdb_daily_dag.py
[2026-03-29T18:30:30.188+0000] {processor.py:840} INFO - DAG(s) 'tmdb_raw_pipeline' retrieved from /opt/airflow/dags/tmdb_daily_dag.py
[2026-03-29T18:30:30.198+0000] {logging_mixin.py:188} INFO - [2026-03-29T18:30:30.198+0000] {dag.py:3096} INFO - Sync 1 DAGs
[2026-03-29T18:30:30.208+0000] {logging_mixin.py:188} INFO - [2026-03-29T18:30:30.207+0000] {dag.py:3954} INFO - Setting next_dagrun for tmdb_raw_pipeline to 2026-03-29 00:00:00+00:00, run_after=2026-03-30 00:00:00+00:00
[2026-03-29T18:30:30.214+0000] {processor.py:183} INFO - Processing /opt/airflow/dags/tmdb_daily_dag.py took 0.039 seconds
[2026-03-29T18:31:00.679+0000] {processor.py:161} INFO - Started process (PID=59230) to work on /opt/airflow/dags/tmdb_daily_dag.py
[2026-03-29T18:31:00.680+0000] {processor.py:830} INFO - Processing file /opt/airflow/dags/tmdb_daily_dag.py for tasks to queue
[2026-03-29T18:31:00.680+0000] {logging_mixin.py:188} INFO - [2026-03-29T18:31:00.680+0000] {dagbag.py:545} INFO - Filling up the DagBag from /opt/airflow/dags/tmdb_daily_dag.py
[2026-03-29T18:31:00.686+0000] {processor.py:840} INFO - DAG(s) 'tmdb_raw_pipeline' retrieved from /opt/airflow/dags/tmdb_daily_dag.py
[2026-03-29T18:31:00.696+0000] {logging_mixin.py:188} INFO - [2026-03-29T18:31:00.696+0000] {dag.py:3096} INFO - Sync 1 DAGs
[2026-03-29T18:31:00.706+0000] {logging_mixin.py:188} INFO - [2026-03-29T18:31:00.706+0000] {dag.py:3954} INFO - Setting next_dagrun for tmdb_raw_pipeline to 2026-03-29 00:00:00+00:00, run_after=2026-03-30 00:00:00+00:00
[2026-03-29T18:31:00.713+0000] {processor.py:183} INFO - Processing /opt/airflow/dags/tmdb_daily_dag.py took 0.036 seconds
[2026-03-29T18:31:31.259+0000] {processor.py:161} INFO - Started process (PID=59250) to work on /opt/airflow/dags/tmdb_daily_dag.py
[2026-03-29T18:31:31.259+0000] {processor.py:830} INFO - Processing file /opt/airflow/dags/tmdb_daily_dag.py for tasks to queue
[2026-03-29T18:31:31.260+0000] {logging_mixin.py:188} INFO - [2026-03-29T18:31:31.260+0000] {dagbag.py:545} INFO - Filling up the DagBag from /opt/airflow/dags/tmdb_daily_dag.py
[2026-03-29T18:31:31.267+0000] {processor.py:840} INFO - DAG(s) 'tmdb_raw_pipeline' retrieved from /opt/airflow/dags/tmdb_daily_dag.py
[2026-03-29T18:31:31.276+0000] {logging_mixin.py:188} INFO - [2026-03-29T18:31:31.276+0000] {dag.py:3096} INFO - Sync 1 DAGs
[2026-03-29T18:31:31.286+0000] {logging_mixin.py:188} INFO - [2026-03-29T18:31:31.286+0000] {dag.py:3954} INFO - Setting next_dagrun for tmdb_raw_pipeline to 2026-03-29 00:00:00+00:00, run_after=2026-03-30 00:00:00+00:00
[2026-03-29T18:31:31.292+0000] {processor.py:183} INFO - Processing /opt/airflow/dags/tmdb_daily_dag.py took 0.036 seconds
[2026-03-29T18:32:01.717+0000] {processor.py:161} INFO - Started process (PID=59270) to work on /opt/airflow/dags/tmdb_daily_dag.py
[2026-03-29T18:32:01.718+0000] {processor.py:830} INFO - Processing file /opt/airflow/dags/tmdb_daily_dag.py for tasks to queue
[2026-03-29T18:32:01.718+0000] {logging_mixin.py:188} INFO - [2026-03-29T18:32:01.718+0000] {dagbag.py:545} INFO - Filling up the DagBag from /opt/airflow/dags/tmdb_daily_dag.py
[2026-03-29T18:32:01.724+0000] {processor.py:840} INFO - DAG(s) 'tmdb_raw_pipeline' retrieved from /opt/airflow/dags/tmdb_daily_dag.py
[2026-03-29T18:32:01.734+0000] {logging_mixin.py:188} INFO - [2026-03-29T18:32:01.734+0000] {dag.py:3096} INFO - Sync 1 DAGs
[2026-03-29T18:32:01.743+0000] {logging_mixin.py:188} INFO - [2026-03-29T18:32:01.743+0000] {dag.py:3954} INFO - Setting next_dagrun for tmdb_raw_pipeline to 2026-03-29 00:00:00+00:00, run_after=2026-03-30 00:00:00+00:00
[2026-03-29T18:32:01.749+0000] {processor.py:183} INFO - Processing /opt/airflow/dags/tmdb_daily_dag.py took 0.035 seconds
[2026-03-29T18:32:32.300+0000] {processor.py:161} INFO - Started process (PID=59290) to work on /opt/airflow/dags/tmdb_daily_dag.py
[2026-03-29T18:32:32.300+0000] {processor.py:830} INFO - Processing file /opt/airflow/dags/tmdb_daily_dag.py for tasks to queue
[2026-03-29T18:32:32.301+0000] {logging_mixin.py:188} INFO - [2026-03-29T18:32:32.301+0000] {dagbag.py:545} INFO - Filling up the DagBag from /opt/airflow/dags/tmdb_daily_dag.py
[2026-03-29T18:32:32.307+0000] {processor.py:840} INFO - DAG(s) 'tmdb_raw_pipeline' retrieved from /opt/airflow/dags/tmdb_daily_dag.py
[2026-03-29T18:32:32.319+0000] {logging_mixin.py:188} INFO - [2026-03-29T18:32:32.319+0000] {dag.py:3096} INFO - Sync 1 DAGs
[2026-03-29T18:32:32.331+0000] {logging_mixin.py:188} INFO - [2026-03-29T18:32:32.331+0000] {dag.py:3954} INFO - Setting next_dagrun for tmdb_raw_pipeline to 2026-03-29 00:00:00+00:00, run_after=2026-03-30 00:00:00+00:00
[2026-03-29T18:32:32.337+0000] {processor.py:183} INFO - Processing /opt/airflow/dags/tmdb_daily_dag.py took 0.040 seconds
[2026-03-29T18:33:02.792+0000] {processor.py:161} INFO - Started process (PID=59310) to work on /opt/airflow/dags/tmdb_daily_dag.py
[2026-03-29T18:33:02.793+0000] {processor.py:830} INFO - Processing file /opt/airflow/dags/tmdb_daily_dag.py for tasks to queue
[2026-03-29T18:33:02.794+0000] {logging_mixin.py:188} INFO - [2026-03-29T18:33:02.793+0000] {dagbag.py:545} INFO - Filling up the DagBag from /opt/airflow/dags/tmdb_daily_dag.py
[2026-03-29T18:33:02.799+0000] {processor.py:840} INFO - DAG(s) 'tmdb_raw_pipeline' retrieved from /opt/airflow/dags/tmdb_daily_dag.py
[2026-03-29T18:33:02.808+0000] {logging_mixin.py:188} INFO - [2026-03-29T18:33:02.808+0000] {dag.py:3096} INFO - Sync 1 DAGs
[2026-03-29T18:33:02.816+0000] {logging_mixin.py:188} INFO - [2026-03-29T18:33:02.816+0000] {dag.py:3954} INFO - Setting next_dagrun for tmdb_raw_pipeline to 2026-03-29 00:00:00+00:00, run_after=2026-03-30 00:00:00+00:00
[2026-03-29T18:33:02.823+0000] {processor.py:183} INFO - Processing /opt/airflow/dags/tmdb_daily_dag.py took 0.036 seconds
[2026-03-29T18:33:33.384+0000] {processor.py:161} INFO - Started process (PID=59330) to work on /opt/airflow/dags/tmdb_daily_dag.py
[2026-03-29T18:33:33.385+0000] {processor.py:830} INFO - Processing file /opt/airflow/dags/tmdb_daily_dag.py for tasks to queue
[2026-03-29T18:33:33.385+0000] {logging_mixin.py:188} INFO - [2026-03-29T18:33:33.385+0000] {dagbag.py:545} INFO - Filling up the DagBag from /opt/airflow/dags/tmdb_daily_dag.py
[2026-03-29T18:33:33.393+0000] {processor.py:840} INFO - DAG(s) 'tmdb_raw_pipeline' retrieved from /opt/airflow/dags/tmdb_daily_dag.py
[2026-03-29T18:33:33.405+0000] {logging_mixin.py:188} INFO - [2026-03-29T18:33:33.405+0000] {dag.py:3096} INFO - Sync 1 DAGs
[2026-03-29T18:33:33.415+0000] {logging_mixin.py:188} INFO - [2026-03-29T18:33:33.415+0000] {dag.py:3954} INFO - Setting next_dagrun for tmdb_raw_pipeline to 2026-03-29 00:00:00+00:00, run_after=2026-03-30 00:00:00+00:00
[2026-03-29T18:33:33.422+0000] {processor.py:183} INFO - Processing /opt/airflow/dags/tmdb_daily_dag.py took 0.042 seconds
[2026-03-29T18:34:03.842+0000] {processor.py:161} INFO - Started process (PID=59350) to work on /opt/airflow/dags/tmdb_daily_dag.py
[2026-03-29T18:34:03.843+0000] {processor.py:830} INFO - Processing file /opt/airflow/dags/tmdb_daily_dag.py for tasks to queue
[2026-03-29T18:34:03.843+0000] {logging_mixin.py:188} INFO - [2026-03-29T18:34:03.843+0000] {dagbag.py:545} INFO - Filling up the DagBag from /opt/airflow/dags/tmdb_daily_dag.py
[2026-03-29T18:34:03.848+0000] {processor.py:840} INFO - DAG(s) 'tmdb_raw_pipeline' retrieved from /opt/airflow/dags/tmdb_daily_dag.py
[2026-03-29T18:34:03.858+0000] {logging_mixin.py:188} INFO - [2026-03-29T18:34:03.857+0000] {dag.py:3096} INFO - Sync 1 DAGs
[2026-03-29T18:34:03.865+0000] {logging_mixin.py:188} INFO - [2026-03-29T18:34:03.865+0000] {dag.py:3954} INFO - Setting next_dagrun for tmdb_raw_pipeline to 2026-03-29 00:00:00+00:00, run_after=2026-03-30 00:00:00+00:00
[2026-03-29T18:34:03.870+0000] {processor.py:183} INFO - Processing /opt/airflow/dags/tmdb_daily_dag.py took 0.032 seconds
[2026-03-29T18:34:34.359+0000] {processor.py:161} INFO - Started process (PID=59370) to work on /opt/airflow/dags/tmdb_daily_dag.py
[2026-03-29T18:34:34.360+0000] {processor.py:830} INFO - Processing file /opt/airflow/dags/tmdb_daily_dag.py for tasks to queue
[2026-03-29T18:34:34.360+0000] {logging_mixin.py:188} INFO - [2026-03-29T18:34:34.360+0000] {dagbag.py:545} INFO - Filling up the DagBag from /opt/airflow/dags/tmdb_daily_dag.py
[2026-03-29T18:34:34.367+0000] {processor.py:840} INFO - DAG(s) 'tmdb_raw_pipeline' retrieved from /opt/airflow/dags/tmdb_daily_dag.py
[2026-03-29T18:34:34.377+0000] {logging_mixin.py:188} INFO - [2026-03-29T18:34:34.377+0000] {dag.py:3096} INFO - Sync 1 DAGs
[2026-03-29T18:34:34.387+0000] {logging_mixin.py:188} INFO - [2026-03-29T18:34:34.386+0000] {dag.py:3954} INFO - Setting next_dagrun for tmdb_raw_pipeline to 2026-03-29 00:00:00+00:00, run_after=2026-03-30 00:00:00+00:00
[2026-03-29T18:34:34.393+0000] {processor.py:183} INFO - Processing /opt/airflow/dags/tmdb_daily_dag.py took 0.038 seconds
[2026-03-29T18:35:04.824+0000] {processor.py:161} INFO - Started process (PID=59390) to work on /opt/airflow/dags/tmdb_daily_dag.py
[2026-03-29T18:35:04.825+0000] {processor.py:830} INFO - Processing file /opt/airflow/dags/tmdb_daily_dag.py for tasks to queue
[2026-03-29T18:35:04.826+0000] {logging_mixin.py:188} INFO - [2026-03-29T18:35:04.826+0000] {dagbag.py:545} INFO - Filling up the DagBag from /opt/airflow/dags/tmdb_daily_dag.py
[2026-03-29T18:35:04.830+0000] {processor.py:840} INFO - DAG(s) 'tmdb_raw_pipeline' retrieved from /opt/airflow/dags/tmdb_daily_dag.py
[2026-03-29T18:35:04.839+0000] {logging_mixin.py:188} INFO - [2026-03-29T18:35:04.839+0000] {dag.py:3096} INFO - Sync 1 DAGs
[2026-03-29T18:35:04.847+0000] {logging_mixin.py:188} INFO - [2026-03-29T18:35:04.846+0000] {dag.py:3954} INFO - Setting next_dagrun for tmdb_raw_pipeline to 2026-03-29 00:00:00+00:00, run_after=2026-03-30 00:00:00+00:00
[2026-03-29T18:35:04.853+0000] {processor.py:183} INFO - Processing /opt/airflow/dags/tmdb_daily_dag.py took 0.031 seconds
[2026-03-29T18:35:35.409+0000] {processor.py:161} INFO - Started process (PID=59410) to work on /opt/airflow/dags/tmdb_daily_dag.py
[2026-03-29T18:35:35.410+0000] {processor.py:830} INFO - Processing file /opt/airflow/dags/tmdb_daily_dag.py for tasks to queue
[2026-03-29T18:35:35.410+0000] {logging_mixin.py:188} INFO - [2026-03-29T18:35:35.410+0000] {dagbag.py:545} INFO - Filling up the DagBag from /opt/airflow/dags/tmdb_daily_dag.py
[2026-03-29T18:35:35.417+0000] {processor.py:840} INFO - DAG(s) 'tmdb_raw_pipeline' retrieved from /opt/airflow/dags/tmdb_daily_dag.py
[2026-03-29T18:35:35.429+0000] {logging_mixin.py:188} INFO - [2026-03-29T18:35:35.429+0000] {dag.py:3096} INFO - Sync 1 DAGs
[2026-03-29T18:35:35.438+0000] {logging_mixin.py:188} INFO - [2026-03-29T18:35:35.438+0000] {dag.py:3954} INFO - Setting next_dagrun for tmdb_raw_pipeline to 2026-03-29 00:00:00+00:00, run_after=2026-03-30 00:00:00+00:00
[2026-03-29T18:35:35.444+0000] {processor.py:183} INFO - Processing /opt/airflow/dags/tmdb_daily_dag.py took 0.038 seconds
[2026-03-29T18:36:05.906+0000] {processor.py:161} INFO - Started process (PID=59430) to work on /opt/airflow/dags/tmdb_daily_dag.py
[2026-03-29T18:36:05.907+0000] {processor.py:830} INFO - Processing file /opt/airflow/dags/tmdb_daily_dag.py for tasks to queue
[2026-03-29T18:36:05.908+0000] {logging_mixin.py:188} INFO - [2026-03-29T18:36:05.907+0000] {dagbag.py:545} INFO - Filling up the DagBag from /opt/airflow/dags/tmdb_daily_dag.py
[2026-03-29T18:36:05.915+0000] {processor.py:840} INFO - DAG(s) 'tmdb_raw_pipeline' retrieved from /opt/airflow/dags/tmdb_daily_dag.py
[2026-03-29T18:36:05.928+0000] {logging_mixin.py:188} INFO - [2026-03-29T18:36:05.928+0000] {dag.py:3096} INFO - Sync 1 DAGs
[2026-03-29T18:36:05.937+0000] {logging_mixin.py:188} INFO - [2026-03-29T18:36:05.937+0000] {dag.py:3954} INFO - Setting next_dagrun for tmdb_raw_pipeline to 2026-03-29 00:00:00+00:00, run_after=2026-03-30 00:00:00+00:00
[2026-03-29T18:36:05.944+0000] {processor.py:183} INFO - Processing /opt/airflow/dags/tmdb_daily_dag.py took 0.043 seconds
[2026-03-29T18:36:36.488+0000] {processor.py:161} INFO - Started process (PID=59450) to work on /opt/airflow/dags/tmdb_daily_dag.py
[2026-03-29T18:36:36.489+0000] {processor.py:830} INFO - Processing file /opt/airflow/dags/tmdb_daily_dag.py for tasks to queue
[2026-03-29T18:36:36.490+0000] {logging_mixin.py:188} INFO - [2026-03-29T18:36:36.490+0000] {dagbag.py:545} INFO - Filling up the DagBag from /opt/airflow/dags/tmdb_daily_dag.py
[2026-03-29T18:36:36.497+0000] {processor.py:840} INFO - DAG(s) 'tmdb_raw_pipeline' retrieved from /opt/airflow/dags/tmdb_daily_dag.py
[2026-03-29T18:36:36.508+0000] {logging_mixin.py:188} INFO - [2026-03-29T18:36:36.507+0000] {dag.py:3096} INFO - Sync 1 DAGs
[2026-03-29T18:36:36.516+0000] {logging_mixin.py:188} INFO - [2026-03-29T18:36:36.516+0000] {dag.py:3954} INFO - Setting next_dagrun for tmdb_raw_pipeline to 2026-03-29 00:00:00+00:00, run_after=2026-03-30 00:00:00+00:00
[2026-03-29T18:36:36.523+0000] {processor.py:183} INFO - Processing /opt/airflow/dags/tmdb_daily_dag.py took 0.040 seconds
[2026-03-29T18:37:06.888+0000] {processor.py:161} INFO - Started process (PID=59470) to work on /opt/airflow/dags/tmdb_daily_dag.py
[2026-03-29T18:37:06.889+0000] {processor.py:830} INFO - Processing file /opt/airflow/dags/tmdb_daily_dag.py for tasks to queue
[2026-03-29T18:37:06.889+0000] {logging_mixin.py:188} INFO - [2026-03-29T18:37:06.889+0000] {dagbag.py:545} INFO - Filling up the DagBag from /opt/airflow/dags/tmdb_daily_dag.py
[2026-03-29T18:37:06.894+0000] {processor.py:840} INFO - DAG(s) 'tmdb_raw_pipeline' retrieved from /opt/airflow/dags/tmdb_daily_dag.py
[2026-03-29T18:37:06.904+0000] {logging_mixin.py:188} INFO - [2026-03-29T18:37:06.904+0000] {dag.py:3096} INFO - Sync 1 DAGs
[2026-03-29T18:37:06.911+0000] {logging_mixin.py:188} INFO - [2026-03-29T18:37:06.911+0000] {dag.py:3954} INFO - Setting next_dagrun for tmdb_raw_pipeline to 2026-03-29 00:00:00+00:00, run_after=2026-03-30 00:00:00+00:00
[2026-03-29T18:37:06.918+0000] {processor.py:183} INFO - Processing /opt/airflow/dags/tmdb_daily_dag.py took 0.032 seconds
[2026-03-29T18:37:37.438+0000] {processor.py:161} INFO - Started process (PID=59490) to work on /opt/airflow/dags/tmdb_daily_dag.py
[2026-03-29T18:37:37.439+0000] {processor.py:830} INFO - Processing file /opt/airflow/dags/tmdb_daily_dag.py for tasks to queue
[2026-03-29T18:37:37.439+0000] {logging_mixin.py:188} INFO - [2026-03-29T18:37:37.439+0000] {dagbag.py:545} INFO - Filling up the DagBag from /opt/airflow/dags/tmdb_daily_dag.py
[2026-03-29T18:37:37.445+0000] {processor.py:840} INFO - DAG(s) 'tmdb_raw_pipeline' retrieved from /opt/airflow/dags/tmdb_daily_dag.py
[2026-03-29T18:37:37.456+0000] {logging_mixin.py:188} INFO - [2026-03-29T18:37:37.456+0000] {dag.py:3096} INFO - Sync 1 DAGs
[2026-03-29T18:37:37.465+0000] {logging_mixin.py:188} INFO - [2026-03-29T18:37:37.464+0000] {dag.py:3954} INFO - Setting next_dagrun for tmdb_raw_pipeline to 2026-03-29 00:00:00+00:00, run_after=2026-03-30 00:00:00+00:00
[2026-03-29T18:37:37.470+0000] {processor.py:183} INFO - Processing /opt/airflow/dags/tmdb_daily_dag.py took 0.035 seconds
[2026-03-29T18:38:07.880+0000] {processor.py:161} INFO - Started process (PID=59510) to work on /opt/airflow/dags/tmdb_daily_dag.py
[2026-03-29T18:38:07.880+0000] {processor.py:830} INFO - Processing file /opt/airflow/dags/tmdb_daily_dag.py for tasks to queue
[2026-03-29T18:38:07.881+0000] {logging_mixin.py:188} INFO - [2026-03-29T18:38:07.881+0000] {dagbag.py:545} INFO - Filling up the DagBag from /opt/airflow/dags/tmdb_daily_dag.py
[2026-03-29T18:38:07.886+0000] {processor.py:840} INFO - DAG(s) 'tmdb_raw_pipeline' retrieved from /opt/airflow/dags/tmdb_daily_dag.py
[2026-03-29T18:38:07.895+0000] {logging_mixin.py:188} INFO - [2026-03-29T18:38:07.895+0000] {dag.py:3096} INFO - Sync 1 DAGs
[2026-03-29T18:38:07.906+0000] {logging_mixin.py:188} INFO - [2026-03-29T18:38:07.906+0000] {dag.py:3954} INFO - Setting next_dagrun for tmdb_raw_pipeline to 2026-03-29 00:00:00+00:00, run_after=2026-03-30 00:00:00+00:00
[2026-03-29T18:38:07.913+0000] {processor.py:183} INFO - Processing /opt/airflow/dags/tmdb_daily_dag.py took 0.036 seconds
[2026-03-29T18:38:38.474+0000] {processor.py:161} INFO - Started process (PID=59530) to work on /opt/airflow/dags/tmdb_daily_dag.py
[2026-03-29T18:38:38.475+0000] {processor.py:830} INFO - Processing file /opt/airflow/dags/tmdb_daily_dag.py for tasks to queue
[2026-03-29T18:38:38.476+0000] {logging_mixin.py:188} INFO - [2026-03-29T18:38:38.475+0000] {dagbag.py:545} INFO - Filling up the DagBag from /opt/airflow/dags/tmdb_daily_dag.py
[2026-03-29T18:38:38.484+0000] {processor.py:840} INFO - DAG(s) 'tmdb_raw_pipeline' retrieved from /opt/airflow/dags/tmdb_daily_dag.py
[2026-03-29T18:38:38.498+0000] {logging_mixin.py:188} INFO - [2026-03-29T18:38:38.498+0000] {dag.py:3096} INFO - Sync 1 DAGs
[2026-03-29T18:38:38.509+0000] {logging_mixin.py:188} INFO - [2026-03-29T18:38:38.509+0000] {dag.py:3954} INFO - Setting next_dagrun for tmdb_raw_pipeline to 2026-03-29 00:00:00+00:00, run_after=2026-03-30 00:00:00+00:00
[2026-03-29T18:38:38.517+0000] {processor.py:183} INFO - Processing /opt/airflow/dags/tmdb_daily_dag.py took 0.047 seconds
[2026-03-29T18:39:08.904+0000] {processor.py:161} INFO - Started process (PID=59550) to work on /opt/airflow/dags/tmdb_daily_dag.py
[2026-03-29T18:39:08.905+0000] {processor.py:830} INFO - Processing file /opt/airflow/dags/tmdb_daily_dag.py for tasks to queue
[2026-03-29T18:39:08.905+0000] {logging_mixin.py:188} INFO - [2026-03-29T18:39:08.905+0000] {dagbag.py:545} INFO - Filling up the DagBag from /opt/airflow/dags/tmdb_daily_dag.py
[2026-03-29T18:39:08.912+0000] {processor.py:840} INFO - DAG(s) 'tmdb_raw_pipeline' retrieved from /opt/airflow/dags/tmdb_daily_dag.py
[2026-03-29T18:39:08.923+0000] {logging_mixin.py:188} INFO - [2026-03-29T18:39:08.923+0000] {dag.py:3096} INFO - Sync 1 DAGs
[2026-03-29T18:39:08.931+0000] {logging_mixin.py:188} INFO - [2026-03-29T18:39:08.931+0000] {dag.py:3954} INFO - Setting next_dagrun for tmdb_raw_pipeline to 2026-03-29 00:00:00+00:00, run_after=2026-03-30 00:00:00+00:00
[2026-03-29T18:39:08.938+0000] {processor.py:183} INFO - Processing /opt/airflow/dags/tmdb_daily_dag.py took 0.036 seconds
[2026-03-29T18:39:39.496+0000] {processor.py:161} INFO - Started process (PID=59570) to work on /opt/airflow/dags/tmdb_daily_dag.py
[2026-03-29T18:39:39.497+0000] {processor.py:830} INFO - Processing file /opt/airflow/dags/tmdb_daily_dag.py for tasks to queue
[2026-03-29T18:39:39.498+0000] {logging_mixin.py:188} INFO - [2026-03-29T18:39:39.498+0000] {dagbag.py:545} INFO - Filling up the DagBag from /opt/airflow/dags/tmdb_daily_dag.py
[2026-03-29T18:39:39.507+0000] {processor.py:840} INFO - DAG(s) 'tmdb_raw_pipeline' retrieved from /opt/airflow/dags/tmdb_daily_dag.py
[2026-03-29T18:39:39.519+0000] {logging_mixin.py:188} INFO - [2026-03-29T18:39:39.519+0000] {dag.py:3096} INFO - Sync 1 DAGs
[2026-03-29T18:39:39.529+0000] {logging_mixin.py:188} INFO - [2026-03-29T18:39:39.529+0000] {dag.py:3954} INFO - Setting next_dagrun for tmdb_raw_pipeline to 2026-03-29 00:00:00+00:00, run_after=2026-03-30 00:00:00+00:00
[2026-03-29T18:39:39.535+0000] {processor.py:183} INFO - Processing /opt/airflow/dags/tmdb_daily_dag.py took 0.041 seconds
[2026-03-29T18:40:09.931+0000] {processor.py:161} INFO - Started process (PID=59590) to work on /opt/airflow/dags/tmdb_daily_dag.py
[2026-03-29T18:40:09.932+0000] {processor.py:830} INFO - Processing file /opt/airflow/dags/tmdb_daily_dag.py for tasks to queue
[2026-03-29T18:40:09.932+0000] {logging_mixin.py:188} INFO - [2026-03-29T18:40:09.932+0000] {dagbag.py:545} INFO - Filling up the DagBag from /opt/airflow/dags/tmdb_daily_dag.py
[2026-03-29T18:40:09.937+0000] {processor.py:840} INFO - DAG(s) 'tmdb_raw_pipeline' retrieved from /opt/airflow/dags/tmdb_daily_dag.py
[2026-03-29T18:40:09.947+0000] {logging_mixin.py:188} INFO - [2026-03-29T18:40:09.947+0000] {dag.py:3096} INFO - Sync 1 DAGs
[2026-03-29T18:40:09.955+0000] {logging_mixin.py:188} INFO - [2026-03-29T18:40:09.955+0000] {dag.py:3954} INFO - Setting next_dagrun for tmdb_raw_pipeline to 2026-03-29 00:00:00+00:00, run_after=2026-03-30 00:00:00+00:00
[2026-03-29T18:40:09.961+0000] {processor.py:183} INFO - Processing /opt/airflow/dags/tmdb_daily_dag.py took 0.032 seconds
[2026-03-29T18:40:40.470+0000] {processor.py:161} INFO - Started process (PID=59610) to work on /opt/airflow/dags/tmdb_daily_dag.py
[2026-03-29T18:40:40.472+0000] {processor.py:830} INFO - Processing file /opt/airflow/dags/tmdb_daily_dag.py for tasks to queue
[2026-03-29T18:40:40.472+0000] {logging_mixin.py:188} INFO - [2026-03-29T18:40:40.472+0000] {dagbag.py:545} INFO - Filling up the DagBag from /opt/airflow/dags/tmdb_daily_dag.py
[2026-03-29T18:40:40.477+0000] {processor.py:840} INFO - DAG(s) 'tmdb_raw_pipeline' retrieved from /opt/airflow/dags/tmdb_daily_dag.py
[2026-03-29T18:40:40.487+0000] {logging_mixin.py:188} INFO - [2026-03-29T18:40:40.487+0000] {dag.py:3096} INFO - Sync 1 DAGs
[2026-03-29T18:40:40.496+0000] {logging_mixin.py:188} INFO - [2026-03-29T18:40:40.496+0000] {dag.py:3954} INFO - Setting next_dagrun for tmdb_raw_pipeline to 2026-03-29 00:00:00+00:00, run_after=2026-03-30 00:00:00+00:00
[2026-03-29T18:40:40.502+0000] {processor.py:183} INFO - Processing /opt/airflow/dags/tmdb_daily_dag.py took 0.033 seconds
[2026-03-29T18:41:10.906+0000] {processor.py:161} INFO - Started process (PID=59630) to work on /opt/airflow/dags/tmdb_daily_dag.py
[2026-03-29T18:41:10.907+0000] {processor.py:830} INFO - Processing file /opt/airflow/dags/tmdb_daily_dag.py for tasks to queue
[2026-03-29T18:41:10.908+0000] {logging_mixin.py:188} INFO - [2026-03-29T18:41:10.907+0000] {dagbag.py:545} INFO - Filling up the DagBag from /opt/airflow/dags/tmdb_daily_dag.py
[2026-03-29T18:41:10.913+0000] {processor.py:840} INFO - DAG(s) 'tmdb_raw_pipeline' retrieved from /opt/airflow/dags/tmdb_daily_dag.py
[2026-03-29T18:41:10.922+0000] {logging_mixin.py:188} INFO - [2026-03-29T18:41:10.922+0000] {dag.py:3096} INFO - Sync 1 DAGs
[2026-03-29T18:41:10.930+0000] {logging_mixin.py:188} INFO - [2026-03-29T18:41:10.930+0000] {dag.py:3954} INFO - Setting next_dagrun for tmdb_raw_pipeline to 2026-03-29 00:00:00+00:00, run_after=2026-03-30 00:00:00+00:00
[2026-03-29T18:41:10.936+0000] {processor.py:183} INFO - Processing /opt/airflow/dags/tmdb_daily_dag.py took 0.033 seconds
[2026-03-29T18:41:41.468+0000] {processor.py:161} INFO - Started process (PID=59650) to work on /opt/airflow/dags/tmdb_daily_dag.py
[2026-03-29T18:41:41.470+0000] {processor.py:830} INFO - Processing file /opt/airflow/dags/tmdb_daily_dag.py for tasks to queue
[2026-03-29T18:41:41.470+0000] {logging_mixin.py:188} INFO - [2026-03-29T18:41:41.470+0000] {dagbag.py:545} INFO - Filling up the DagBag from /opt/airflow/dags/tmdb_daily_dag.py
[2026-03-29T18:41:41.482+0000] {processor.py:840} INFO - DAG(s) 'tmdb_raw_pipeline' retrieved from /opt/airflow/dags/tmdb_daily_dag.py
[2026-03-29T18:41:41.494+0000] {logging_mixin.py:188} INFO - [2026-03-29T18:41:41.494+0000] {dag.py:3096} INFO - Sync 1 DAGs
[2026-03-29T18:41:41.503+0000] {logging_mixin.py:188} INFO - [2026-03-29T18:41:41.503+0000] {dag.py:3954} INFO - Setting next_dagrun for tmdb_raw_pipeline to 2026-03-29 00:00:00+00:00, run_after=2026-03-30 00:00:00+00:00
[2026-03-29T18:41:41.510+0000] {processor.py:183} INFO - Processing /opt/airflow/dags/tmdb_daily_dag.py took 0.045 seconds
[2026-03-29T18:42:12.003+0000] {processor.py:161} INFO - Started process (PID=59670) to work on /opt/airflow/dags/tmdb_daily_dag.py
[2026-03-29T18:42:12.005+0000] {processor.py:830} INFO - Processing file /opt/airflow/dags/tmdb_daily_dag.py for tasks to queue
[2026-03-29T18:42:12.006+0000] {logging_mixin.py:188} INFO - [2026-03-29T18:42:12.006+0000] {dagbag.py:545} INFO - Filling up the DagBag from /opt/airflow/dags/tmdb_daily_dag.py
[2026-03-29T18:42:12.016+0000] {processor.py:840} INFO - DAG(s) 'tmdb_raw_pipeline' retrieved from /opt/airflow/dags/tmdb_daily_dag.py
[2026-03-29T18:42:12.035+0000] {logging_mixin.py:188} INFO - [2026-03-29T18:42:12.034+0000] {dag.py:3096} INFO - Sync 1 DAGs
[2026-03-29T18:42:12.047+0000] {logging_mixin.py:188} INFO - [2026-03-29T18:42:12.047+0000] {dag.py:3954} INFO - Setting next_dagrun for tmdb_raw_pipeline to 2026-03-29 00:00:00+00:00, run_after=2026-03-30 00:00:00+00:00
[2026-03-29T18:42:12.055+0000] {processor.py:183} INFO - Processing /opt/airflow/dags/tmdb_daily_dag.py took 0.056 seconds
[2026-03-29T18:42:42.520+0000] {processor.py:161} INFO - Started process (PID=59690) to work on /opt/airflow/dags/tmdb_daily_dag.py
[2026-03-29T18:42:42.521+0000] {processor.py:830} INFO - Processing file /opt/airflow/dags/tmdb_daily_dag.py for tasks to queue
[2026-03-29T18:42:42.521+0000] {logging_mixin.py:188} INFO - [2026-03-29T18:42:42.521+0000] {dagbag.py:545} INFO - Filling up the DagBag from /opt/airflow/dags/tmdb_daily_dag.py
[2026-03-29T18:42:42.531+0000] {processor.py:840} INFO - DAG(s) 'tmdb_raw_pipeline' retrieved from /opt/airflow/dags/tmdb_daily_dag.py
[2026-03-29T18:42:42.544+0000] {logging_mixin.py:188} INFO - [2026-03-29T18:42:42.544+0000] {dag.py:3096} INFO - Sync 1 DAGs
[2026-03-29T18:42:42.553+0000] {logging_mixin.py:188} INFO - [2026-03-29T18:42:42.552+0000] {dag.py:3954} INFO - Setting next_dagrun for tmdb_raw_pipeline to 2026-03-29 00:00:00+00:00, run_after=2026-03-30 00:00:00+00:00
[2026-03-29T18:42:42.558+0000] {processor.py:183} INFO - Processing /opt/airflow/dags/tmdb_daily_dag.py took 0.043 seconds
[2026-03-29T18:43:12.981+0000] {processor.py:161} INFO - Started process (PID=59710) to work on /opt/airflow/dags/tmdb_daily_dag.py
[2026-03-29T18:43:12.982+0000] {processor.py:830} INFO - Processing file /opt/airflow/dags/tmdb_daily_dag.py for tasks to queue
[2026-03-29T18:43:12.982+0000] {logging_mixin.py:188} INFO - [2026-03-29T18:43:12.982+0000] {dagbag.py:545} INFO - Filling up the DagBag from /opt/airflow/dags/tmdb_daily_dag.py
[2026-03-29T18:43:12.987+0000] {processor.py:840} INFO - DAG(s) 'tmdb_raw_pipeline' retrieved from /opt/airflow/dags/tmdb_daily_dag.py
[2026-03-29T18:43:12.998+0000] {logging_mixin.py:188} INFO - [2026-03-29T18:43:12.998+0000] {dag.py:3096} INFO - Sync 1 DAGs
[2026-03-29T18:43:13.006+0000] {logging_mixin.py:188} INFO - [2026-03-29T18:43:13.006+0000] {dag.py:3954} INFO - Setting next_dagrun for tmdb_raw_pipeline to 2026-03-29 00:00:00+00:00, run_after=2026-03-30 00:00:00+00:00
[2026-03-29T18:43:13.012+0000] {processor.py:183} INFO - Processing /opt/airflow/dags/tmdb_daily_dag.py took 0.034 seconds
[2026-03-29T18:43:43.413+0000] {processor.py:161} INFO - Started process (PID=59730) to work on /opt/airflow/dags/tmdb_daily_dag.py
[2026-03-29T18:43:43.414+0000] {processor.py:830} INFO - Processing file /opt/airflow/dags/tmdb_daily_dag.py for tasks to queue
[2026-03-29T18:43:43.414+0000] {logging_mixin.py:188} INFO - [2026-03-29T18:43:43.414+0000] {dagbag.py:545} INFO - Filling up the DagBag from /opt/airflow/dags/tmdb_daily_dag.py
[2026-03-29T18:43:43.419+0000] {processor.py:840} INFO - DAG(s) 'tmdb_raw_pipeline' retrieved from /opt/airflow/dags/tmdb_daily_dag.py
[2026-03-29T18:43:43.428+0000] {logging_mixin.py:188} INFO - [2026-03-29T18:43:43.428+0000] {dag.py:3096} INFO - Sync 1 DAGs
[2026-03-29T18:43:43.436+0000] {logging_mixin.py:188} INFO - [2026-03-29T18:43:43.436+0000] {dag.py:3954} INFO - Setting next_dagrun for tmdb_raw_pipeline to 2026-03-29 00:00:00+00:00, run_after=2026-03-30 00:00:00+00:00
[2026-03-29T18:43:43.442+0000] {processor.py:183} INFO - Processing /opt/airflow/dags/tmdb_daily_dag.py took 0.031 seconds
[2026-03-29T18:44:13.884+0000] {processor.py:161} INFO - Started process (PID=59750) to work on /opt/airflow/dags/tmdb_daily_dag.py
[2026-03-29T18:44:13.885+0000] {processor.py:830} INFO - Processing file /opt/airflow/dags/tmdb_daily_dag.py for tasks to queue
[2026-03-29T18:44:13.885+0000] {logging_mixin.py:188} INFO - [2026-03-29T18:44:13.885+0000] {dagbag.py:545} INFO - Filling up the DagBag from /opt/airflow/dags/tmdb_daily_dag.py
[2026-03-29T18:44:13.891+0000] {processor.py:840} INFO - DAG(s) 'tmdb_raw_pipeline' retrieved from /opt/airflow/dags/tmdb_daily_dag.py
[2026-03-29T18:44:13.901+0000] {logging_mixin.py:188} INFO - [2026-03-29T18:44:13.901+0000] {dag.py:3096} INFO - Sync 1 DAGs
[2026-03-29T18:44:13.909+0000] {logging_mixin.py:188} INFO - [2026-03-29T18:44:13.908+0000] {dag.py:3954} INFO - Setting next_dagrun for tmdb_raw_pipeline to 2026-03-29 00:00:00+00:00, run_after=2026-03-30 00:00:00+00:00
[2026-03-29T18:44:13.914+0000] {processor.py:183} INFO - Processing /opt/airflow/dags/tmdb_daily_dag.py took 0.033 seconds
[2026-03-29T18:44:44.420+0000] {processor.py:161} INFO - Started process (PID=59770) to work on /opt/airflow/dags/tmdb_daily_dag.py
[2026-03-29T18:44:44.421+0000] {processor.py:830} INFO - Processing file /opt/airflow/dags/tmdb_daily_dag.py for tasks to queue
[2026-03-29T18:44:44.421+0000] {logging_mixin.py:188} INFO - [2026-03-29T18:44:44.421+0000] {dagbag.py:545} INFO - Filling up the DagBag from /opt/airflow/dags/tmdb_daily_dag.py
[2026-03-29T18:44:44.427+0000] {processor.py:840} INFO - DAG(s) 'tmdb_raw_pipeline' retrieved from /opt/airflow/dags/tmdb_daily_dag.py
[2026-03-29T18:44:44.439+0000] {logging_mixin.py:188} INFO - [2026-03-29T18:44:44.439+0000] {dag.py:3096} INFO - Sync 1 DAGs
[2026-03-29T18:44:44.449+0000] {logging_mixin.py:188} INFO - [2026-03-29T18:44:44.448+0000] {dag.py:3954} INFO - Setting next_dagrun for tmdb_raw_pipeline to 2026-03-29 00:00:00+00:00, run_after=2026-03-30 00:00:00+00:00
[2026-03-29T18:44:44.455+0000] {processor.py:183} INFO - Processing /opt/airflow/dags/tmdb_daily_dag.py took 0.038 seconds
[2026-03-29T18:45:14.867+0000] {processor.py:161} INFO - Started process (PID=59790) to work on /opt/airflow/dags/tmdb_daily_dag.py
[2026-03-29T18:45:14.868+0000] {processor.py:830} INFO - Processing file /opt/airflow/dags/tmdb_daily_dag.py for tasks to queue
[2026-03-29T18:45:14.869+0000] {logging_mixin.py:188} INFO - [2026-03-29T18:45:14.868+0000] {dagbag.py:545} INFO - Filling up the DagBag from /opt/airflow/dags/tmdb_daily_dag.py
[2026-03-29T18:45:14.874+0000] {processor.py:840} INFO - DAG(s) 'tmdb_raw_pipeline' retrieved from /opt/airflow/dags/tmdb_daily_dag.py
[2026-03-29T18:45:14.884+0000] {logging_mixin.py:188} INFO - [2026-03-29T18:45:14.884+0000] {dag.py:3096} INFO - Sync 1 DAGs
[2026-03-29T18:45:14.892+0000] {logging_mixin.py:188} INFO - [2026-03-29T18:45:14.891+0000] {dag.py:3954} INFO - Setting next_dagrun for tmdb_raw_pipeline to 2026-03-29 00:00:00+00:00, run_after=2026-03-30 00:00:00+00:00
[2026-03-29T18:45:14.898+0000] {processor.py:183} INFO - Processing /opt/airflow/dags/tmdb_daily_dag.py took 0.033 seconds
[2026-03-29T18:45:45.362+0000] {processor.py:161} INFO - Started process (PID=59810) to work on /opt/airflow/dags/tmdb_daily_dag.py
[2026-03-29T18:45:45.362+0000] {processor.py:830} INFO - Processing file /opt/airflow/dags/tmdb_daily_dag.py for tasks to queue
[2026-03-29T18:45:45.363+0000] {logging_mixin.py:188} INFO - [2026-03-29T18:45:45.363+0000] {dagbag.py:545} INFO - Filling up the DagBag from /opt/airflow/dags/tmdb_daily_dag.py
[2026-03-29T18:45:45.368+0000] {processor.py:840} INFO - DAG(s) 'tmdb_raw_pipeline' retrieved from /opt/airflow/dags/tmdb_daily_dag.py
[2026-03-29T18:45:45.377+0000] {logging_mixin.py:188} INFO - [2026-03-29T18:45:45.376+0000] {dag.py:3096} INFO - Sync 1 DAGs
[2026-03-29T18:45:45.385+0000] {logging_mixin.py:188} INFO - [2026-03-29T18:45:45.385+0000] {dag.py:3954} INFO - Setting next_dagrun for tmdb_raw_pipeline to 2026-03-29 00:00:00+00:00, run_after=2026-03-30 00:00:00+00:00
[2026-03-29T18:45:45.391+0000] {processor.py:183} INFO - Processing /opt/airflow/dags/tmdb_daily_dag.py took 0.031 seconds
[2026-03-29T18:46:15.812+0000] {processor.py:161} INFO - Started process (PID=59828) to work on /opt/airflow/dags/tmdb_daily_dag.py
[2026-03-29T18:46:15.814+0000] {processor.py:830} INFO - Processing file /opt/airflow/dags/tmdb_daily_dag.py for tasks to queue
[2026-03-29T18:46:15.814+0000] {logging_mixin.py:188} INFO - [2026-03-29T18:46:15.814+0000] {dagbag.py:545} INFO - Filling up the DagBag from /opt/airflow/dags/tmdb_daily_dag.py
[2026-03-29T18:46:15.821+0000] {processor.py:840} INFO - DAG(s) 'tmdb_raw_pipeline' retrieved from /opt/airflow/dags/tmdb_daily_dag.py
[2026-03-29T18:46:15.837+0000] {logging_mixin.py:188} INFO - [2026-03-29T18:46:15.836+0000] {dag.py:3096} INFO - Sync 1 DAGs
[2026-03-29T18:46:15.848+0000] {logging_mixin.py:188} INFO - [2026-03-29T18:46:15.848+0000] {dag.py:3954} INFO - Setting next_dagrun for tmdb_raw_pipeline to 2026-03-29 00:00:00+00:00, run_after=2026-03-30 00:00:00+00:00
[2026-03-29T18:46:15.861+0000] {processor.py:183} INFO - Processing /opt/airflow/dags/tmdb_daily_dag.py took 0.052 seconds
[2026-03-29T18:46:46.326+0000] {processor.py:161} INFO - Started process (PID=59850) to work on /opt/airflow/dags/tmdb_daily_dag.py
[2026-03-29T18:46:46.327+0000] {processor.py:830} INFO - Processing file /opt/airflow/dags/tmdb_daily_dag.py for tasks to queue
[2026-03-29T18:46:46.327+0000] {logging_mixin.py:188} INFO - [2026-03-29T18:46:46.327+0000] {dagbag.py:545} INFO - Filling up the DagBag from /opt/airflow/dags/tmdb_daily_dag.py
[2026-03-29T18:46:46.333+0000] {processor.py:840} INFO - DAG(s) 'tmdb_raw_pipeline' retrieved from /opt/airflow/dags/tmdb_daily_dag.py
[2026-03-29T18:46:46.342+0000] {logging_mixin.py:188} INFO - [2026-03-29T18:46:46.342+0000] {dag.py:3096} INFO - Sync 1 DAGs
[2026-03-29T18:46:46.350+0000] {logging_mixin.py:188} INFO - [2026-03-29T18:46:46.350+0000] {dag.py:3954} INFO - Setting next_dagrun for tmdb_raw_pipeline to 2026-03-29 00:00:00+00:00, run_after=2026-03-30 00:00:00+00:00
[2026-03-29T18:46:46.356+0000] {processor.py:183} INFO - Processing /opt/airflow/dags/tmdb_daily_dag.py took 0.032 seconds
[2026-03-29T18:47:16.797+0000] {processor.py:161} INFO - Started process (PID=59870) to work on /opt/airflow/dags/tmdb_daily_dag.py
[2026-03-29T18:47:16.799+0000] {processor.py:830} INFO - Processing file /opt/airflow/dags/tmdb_daily_dag.py for tasks to queue
[2026-03-29T18:47:16.799+0000] {logging_mixin.py:188} INFO - [2026-03-29T18:47:16.799+0000] {dagbag.py:545} INFO - Filling up the DagBag from /opt/airflow/dags/tmdb_daily_dag.py
[2026-03-29T18:47:16.804+0000] {processor.py:840} INFO - DAG(s) 'tmdb_raw_pipeline' retrieved from /opt/airflow/dags/tmdb_daily_dag.py
[2026-03-29T18:47:16.813+0000] {logging_mixin.py:188} INFO - [2026-03-29T18:47:16.813+0000] {dag.py:3096} INFO - Sync 1 DAGs
[2026-03-29T18:47:16.820+0000] {logging_mixin.py:188} INFO - [2026-03-29T18:47:16.820+0000] {dag.py:3954} INFO - Setting next_dagrun for tmdb_raw_pipeline to 2026-03-29 00:00:00+00:00, run_after=2026-03-30 00:00:00+00:00
[2026-03-29T18:47:16.827+0000] {processor.py:183} INFO - Processing /opt/airflow/dags/tmdb_daily_dag.py took 0.032 seconds
[2026-03-29T18:47:47.318+0000] {processor.py:161} INFO - Started process (PID=59890) to work on /opt/airflow/dags/tmdb_daily_dag.py
[2026-03-29T18:47:47.319+0000] {processor.py:830} INFO - Processing file /opt/airflow/dags/tmdb_daily_dag.py for tasks to queue
[2026-03-29T18:47:47.319+0000] {logging_mixin.py:188} INFO - [2026-03-29T18:47:47.319+0000] {dagbag.py:545} INFO - Filling up the DagBag from /opt/airflow/dags/tmdb_daily_dag.py
[2026-03-29T18:47:47.325+0000] {processor.py:840} INFO - DAG(s) 'tmdb_raw_pipeline' retrieved from /opt/airflow/dags/tmdb_daily_dag.py
[2026-03-29T18:47:47.334+0000] {logging_mixin.py:188} INFO - [2026-03-29T18:47:47.334+0000] {dag.py:3096} INFO - Sync 1 DAGs
[2026-03-29T18:47:47.343+0000] {logging_mixin.py:188} INFO - [2026-03-29T18:47:47.343+0000] {dag.py:3954} INFO - Setting next_dagrun for tmdb_raw_pipeline to 2026-03-29 00:00:00+00:00, run_after=2026-03-30 00:00:00+00:00
[2026-03-29T18:47:47.349+0000] {processor.py:183} INFO - Processing /opt/airflow/dags/tmdb_daily_dag.py took 0.033 seconds
[2026-03-29T18:48:17.794+0000] {processor.py:161} INFO - Started process (PID=59910) to work on /opt/airflow/dags/tmdb_daily_dag.py
[2026-03-29T18:48:17.794+0000] {processor.py:830} INFO - Processing file /opt/airflow/dags/tmdb_daily_dag.py for tasks to queue
[2026-03-29T18:48:17.795+0000] {logging_mixin.py:188} INFO - [2026-03-29T18:48:17.795+0000] {dagbag.py:545} INFO - Filling up the DagBag from /opt/airflow/dags/tmdb_daily_dag.py
[2026-03-29T18:48:17.800+0000] {processor.py:840} INFO - DAG(s) 'tmdb_raw_pipeline' retrieved from /opt/airflow/dags/tmdb_daily_dag.py
[2026-03-29T18:48:17.809+0000] {logging_mixin.py:188} INFO - [2026-03-29T18:48:17.809+0000] {dag.py:3096} INFO - Sync 1 DAGs
[2026-03-29T18:48:17.816+0000] {logging_mixin.py:188} INFO - [2026-03-29T18:48:17.816+0000] {dag.py:3954} INFO - Setting next_dagrun for tmdb_raw_pipeline to 2026-03-29 00:00:00+00:00, run_after=2026-03-30 00:00:00+00:00
[2026-03-29T18:48:17.823+0000] {processor.py:183} INFO - Processing /opt/airflow/dags/tmdb_daily_dag.py took 0.034 seconds
[2026-03-29T18:48:48.213+0000] {processor.py:161} INFO - Started process (PID=59930) to work on /opt/airflow/dags/tmdb_daily_dag.py
[2026-03-29T18:48:48.214+0000] {processor.py:830} INFO - Processing file /opt/airflow/dags/tmdb_daily_dag.py for tasks to queue
[2026-03-29T18:48:48.214+0000] {logging_mixin.py:188} INFO - [2026-03-29T18:48:48.214+0000] {dagbag.py:545} INFO - Filling up the DagBag from /opt/airflow/dags/tmdb_daily_dag.py
[2026-03-29T18:48:48.221+0000] {processor.py:840} INFO - DAG(s) 'tmdb_raw_pipeline' retrieved from /opt/airflow/dags/tmdb_daily_dag.py
[2026-03-29T18:48:48.232+0000] {logging_mixin.py:188} INFO - [2026-03-29T18:48:48.231+0000] {dag.py:3096} INFO - Sync 1 DAGs
[2026-03-29T18:48:48.240+0000] {logging_mixin.py:188} INFO - [2026-03-29T18:48:48.240+0000] {dag.py:3954} INFO - Setting next_dagrun for tmdb_raw_pipeline to 2026-03-29 00:00:00+00:00, run_after=2026-03-30 00:00:00+00:00
[2026-03-29T18:48:48.247+0000] {processor.py:183} INFO - Processing /opt/airflow/dags/tmdb_daily_dag.py took 0.036 seconds
[2026-03-29T18:49:18.640+0000] {processor.py:161} INFO - Started process (PID=59950) to work on /opt/airflow/dags/tmdb_daily_dag.py
[2026-03-29T18:49:18.641+0000] {processor.py:830} INFO - Processing file /opt/airflow/dags/tmdb_daily_dag.py for tasks to queue
[2026-03-29T18:49:18.641+0000] {logging_mixin.py:188} INFO - [2026-03-29T18:49:18.641+0000] {dagbag.py:545} INFO - Filling up the DagBag from /opt/airflow/dags/tmdb_daily_dag.py
[2026-03-29T18:49:18.646+0000] {processor.py:840} INFO - DAG(s) 'tmdb_raw_pipeline' retrieved from /opt/airflow/dags/tmdb_daily_dag.py
[2026-03-29T18:49:18.655+0000] {logging_mixin.py:188} INFO - [2026-03-29T18:49:18.655+0000] {dag.py:3096} INFO - Sync 1 DAGs
[2026-03-29T18:49:18.662+0000] {logging_mixin.py:188} INFO - [2026-03-29T18:49:18.662+0000] {dag.py:3954} INFO - Setting next_dagrun for tmdb_raw_pipeline to 2026-03-29 00:00:00+00:00, run_after=2026-03-30 00:00:00+00:00
[2026-03-29T18:49:18.668+0000] {processor.py:183} INFO - Processing /opt/airflow/dags/tmdb_daily_dag.py took 0.030 seconds
[2026-03-29T18:49:49.180+0000] {processor.py:161} INFO - Started process (PID=59970) to work on /opt/airflow/dags/tmdb_daily_dag.py
[2026-03-29T18:49:49.181+0000] {processor.py:830} INFO - Processing file /opt/airflow/dags/tmdb_daily_dag.py for tasks to queue
[2026-03-29T18:49:49.181+0000] {logging_mixin.py:188} INFO - [2026-03-29T18:49:49.181+0000] {dagbag.py:545} INFO - Filling up the DagBag from /opt/airflow/dags/tmdb_daily_dag.py
[2026-03-29T18:49:49.187+0000] {processor.py:840} INFO - DAG(s) 'tmdb_raw_pipeline' retrieved from /opt/airflow/dags/tmdb_daily_dag.py
[2026-03-29T18:49:49.198+0000] {logging_mixin.py:188} INFO - [2026-03-29T18:49:49.198+0000] {dag.py:3096} INFO - Sync 1 DAGs
[2026-03-29T18:49:49.207+0000] {logging_mixin.py:188} INFO - [2026-03-29T18:49:49.207+0000] {dag.py:3954} INFO - Setting next_dagrun for tmdb_raw_pipeline to 2026-03-29 00:00:00+00:00, run_after=2026-03-30 00:00:00+00:00
[2026-03-29T18:49:49.214+0000] {processor.py:183} INFO - Processing /opt/airflow/dags/tmdb_daily_dag.py took 0.037 seconds
[2026-03-29T18:50:19.733+0000] {processor.py:161} INFO - Started process (PID=59990) to work on /opt/airflow/dags/tmdb_daily_dag.py
[2026-03-29T18:50:19.734+0000] {processor.py:830} INFO - Processing file /opt/airflow/dags/tmdb_daily_dag.py for tasks to queue
[2026-03-29T18:50:19.735+0000] {logging_mixin.py:188} INFO - [2026-03-29T18:50:19.735+0000] {dagbag.py:545} INFO - Filling up the DagBag from /opt/airflow/dags/tmdb_daily_dag.py
[2026-03-29T18:50:19.742+0000] {processor.py:840} INFO - DAG(s) 'tmdb_raw_pipeline' retrieved from /opt/airflow/dags/tmdb_daily_dag.py
[2026-03-29T18:50:19.752+0000] {logging_mixin.py:188} INFO - [2026-03-29T18:50:19.752+0000] {dag.py:3096} INFO - Sync 1 DAGs
[2026-03-29T18:50:19.761+0000] {logging_mixin.py:188} INFO - [2026-03-29T18:50:19.761+0000] {dag.py:3954} INFO - Setting next_dagrun for tmdb_raw_pipeline to 2026-03-29 00:00:00+00:00, run_after=2026-03-30 00:00:00+00:00
[2026-03-29T18:50:19.768+0000] {processor.py:183} INFO - Processing /opt/airflow/dags/tmdb_daily_dag.py took 0.042 seconds
[2026-03-29T18:50:50.250+0000] {processor.py:161} INFO - Started process (PID=60010) to work on /opt/airflow/dags/tmdb_daily_dag.py
[2026-03-29T18:50:50.250+0000] {processor.py:830} INFO - Processing file /opt/airflow/dags/tmdb_daily_dag.py for tasks to queue
[2026-03-29T18:50:50.251+0000] {logging_mixin.py:188} INFO - [2026-03-29T18:50:50.251+0000] {dagbag.py:545} INFO - Filling up the DagBag from /opt/airflow/dags/tmdb_daily_dag.py
[2026-03-29T18:50:50.257+0000] {processor.py:840} INFO - DAG(s) 'tmdb_raw_pipeline' retrieved from /opt/airflow/dags/tmdb_daily_dag.py
[2026-03-29T18:50:50.266+0000] {logging_mixin.py:188} INFO - [2026-03-29T18:50:50.266+0000] {dag.py:3096} INFO - Sync 1 DAGs
[2026-03-29T18:50:50.274+0000] {logging_mixin.py:188} INFO - [2026-03-29T18:50:50.274+0000] {dag.py:3954} INFO - Setting next_dagrun for tmdb_raw_pipeline to 2026-03-29 00:00:00+00:00, run_after=2026-03-30 00:00:00+00:00
[2026-03-29T18:50:50.280+0000] {processor.py:183} INFO - Processing /opt/airflow/dags/tmdb_daily_dag.py took 0.034 seconds
[2026-03-29T18:51:20.702+0000] {processor.py:161} INFO - Started process (PID=60030) to work on /opt/airflow/dags/tmdb_daily_dag.py
[2026-03-29T18:51:20.702+0000] {processor.py:830} INFO - Processing file /opt/airflow/dags/tmdb_daily_dag.py for tasks to queue
[2026-03-29T18:51:20.703+0000] {logging_mixin.py:188} INFO - [2026-03-29T18:51:20.703+0000] {dagbag.py:545} INFO - Filling up the DagBag from /opt/airflow/dags/tmdb_daily_dag.py
[2026-03-29T18:51:20.707+0000] {processor.py:840} INFO - DAG(s) 'tmdb_raw_pipeline' retrieved from /opt/airflow/dags/tmdb_daily_dag.py
[2026-03-29T18:51:20.717+0000] {logging_mixin.py:188} INFO - [2026-03-29T18:51:20.717+0000] {dag.py:3096} INFO - Sync 1 DAGs
[2026-03-29T18:51:20.724+0000] {logging_mixin.py:188} INFO - [2026-03-29T18:51:20.724+0000] {dag.py:3954} INFO - Setting next_dagrun for tmdb_raw_pipeline to 2026-03-29 00:00:00+00:00, run_after=2026-03-30 00:00:00+00:00
[2026-03-29T18:51:20.730+0000] {processor.py:183} INFO - Processing /opt/airflow/dags/tmdb_daily_dag.py took 0.031 seconds
[2026-03-29T18:51:51.176+0000] {processor.py:161} INFO - Started process (PID=60050) to work on /opt/airflow/dags/tmdb_daily_dag.py
[2026-03-29T18:51:51.177+0000] {processor.py:830} INFO - Processing file /opt/airflow/dags/tmdb_daily_dag.py for tasks to queue
[2026-03-29T18:51:51.177+0000] {logging_mixin.py:188} INFO - [2026-03-29T18:51:51.177+0000] {dagbag.py:545} INFO - Filling up the DagBag from /opt/airflow/dags/tmdb_daily_dag.py
[2026-03-29T18:51:51.183+0000] {processor.py:840} INFO - DAG(s) 'tmdb_raw_pipeline' retrieved from /opt/airflow/dags/tmdb_daily_dag.py
[2026-03-29T18:51:51.193+0000] {logging_mixin.py:188} INFO - [2026-03-29T18:51:51.192+0000] {dag.py:3096} INFO - Sync 1 DAGs
[2026-03-29T18:51:51.202+0000] {logging_mixin.py:188} INFO - [2026-03-29T18:51:51.202+0000] {dag.py:3954} INFO - Setting next_dagrun for tmdb_raw_pipeline to 2026-03-29 00:00:00+00:00, run_after=2026-03-30 00:00:00+00:00
[2026-03-29T18:51:51.208+0000] {processor.py:183} INFO - Processing /opt/airflow/dags/tmdb_daily_dag.py took 0.034 seconds
[2026-03-29T18:52:21.718+0000] {processor.py:161} INFO - Started process (PID=60070) to work on /opt/airflow/dags/tmdb_daily_dag.py
[2026-03-29T18:52:21.721+0000] {processor.py:830} INFO - Processing file /opt/airflow/dags/tmdb_daily_dag.py for tasks to queue
[2026-03-29T18:52:21.721+0000] {logging_mixin.py:188} INFO - [2026-03-29T18:52:21.721+0000] {dagbag.py:545} INFO - Filling up the DagBag from /opt/airflow/dags/tmdb_daily_dag.py
[2026-03-29T18:52:21.728+0000] {processor.py:840} INFO - DAG(s) 'tmdb_raw_pipeline' retrieved from /opt/airflow/dags/tmdb_daily_dag.py
[2026-03-29T18:52:21.739+0000] {logging_mixin.py:188} INFO - [2026-03-29T18:52:21.738+0000] {dag.py:3096} INFO - Sync 1 DAGs
[2026-03-29T18:52:21.750+0000] {logging_mixin.py:188} INFO - [2026-03-29T18:52:21.750+0000] {dag.py:3954} INFO - Setting next_dagrun for tmdb_raw_pipeline to 2026-03-29 00:00:00+00:00, run_after=2026-03-30 00:00:00+00:00
[2026-03-29T18:52:21.756+0000] {processor.py:183} INFO - Processing /opt/airflow/dags/tmdb_daily_dag.py took 0.041 seconds
[2026-03-29T18:52:52.235+0000] {processor.py:161} INFO - Started process (PID=60090) to work on /opt/airflow/dags/tmdb_daily_dag.py
[2026-03-29T18:52:52.237+0000] {processor.py:830} INFO - Processing file /opt/airflow/dags/tmdb_daily_dag.py for tasks to queue
[2026-03-29T18:52:52.237+0000] {logging_mixin.py:188} INFO - [2026-03-29T18:52:52.237+0000] {dagbag.py:545} INFO - Filling up the DagBag from /opt/airflow/dags/tmdb_daily_dag.py
[2026-03-29T18:52:52.244+0000] {processor.py:840} INFO - DAG(s) 'tmdb_raw_pipeline' retrieved from /opt/airflow/dags/tmdb_daily_dag.py
[2026-03-29T18:52:52.253+0000] {logging_mixin.py:188} INFO - [2026-03-29T18:52:52.253+0000] {dag.py:3096} INFO - Sync 1 DAGs
[2026-03-29T18:52:52.262+0000] {logging_mixin.py:188} INFO - [2026-03-29T18:52:52.262+0000] {dag.py:3954} INFO - Setting next_dagrun for tmdb_raw_pipeline to 2026-03-29 00:00:00+00:00, run_after=2026-03-30 00:00:00+00:00
[2026-03-29T18:52:52.268+0000] {processor.py:183} INFO - Processing /opt/airflow/dags/tmdb_daily_dag.py took 0.037 seconds
[2026-03-29T18:53:22.751+0000] {processor.py:161} INFO - Started process (PID=60110) to work on /opt/airflow/dags/tmdb_daily_dag.py
[2026-03-29T18:53:22.751+0000] {processor.py:830} INFO - Processing file /opt/airflow/dags/tmdb_daily_dag.py for tasks to queue
[2026-03-29T18:53:22.752+0000] {logging_mixin.py:188} INFO - [2026-03-29T18:53:22.752+0000] {dagbag.py:545} INFO - Filling up the DagBag from /opt/airflow/dags/tmdb_daily_dag.py
[2026-03-29T18:53:22.758+0000] {processor.py:840} INFO - DAG(s) 'tmdb_raw_pipeline' retrieved from /opt/airflow/dags/tmdb_daily_dag.py
[2026-03-29T18:53:22.767+0000] {logging_mixin.py:188} INFO - [2026-03-29T18:53:22.767+0000] {dag.py:3096} INFO - Sync 1 DAGs
[2026-03-29T18:53:22.775+0000] {logging_mixin.py:188} INFO - [2026-03-29T18:53:22.774+0000] {dag.py:3954} INFO - Setting next_dagrun for tmdb_raw_pipeline to 2026-03-29 00:00:00+00:00, run_after=2026-03-30 00:00:00+00:00
[2026-03-29T18:53:22.780+0000] {processor.py:183} INFO - Processing /opt/airflow/dags/tmdb_daily_dag.py took 0.033 seconds
[2026-03-29T18:53:53.229+0000] {processor.py:161} INFO - Started process (PID=60130) to work on /opt/airflow/dags/tmdb_daily_dag.py
[2026-03-29T18:53:53.229+0000] {processor.py:830} INFO - Processing file /opt/airflow/dags/tmdb_daily_dag.py for tasks to queue
[2026-03-29T18:53:53.230+0000] {logging_mixin.py:188} INFO - [2026-03-29T18:53:53.230+0000] {dagbag.py:545} INFO - Filling up the DagBag from /opt/airflow/dags/tmdb_daily_dag.py
[2026-03-29T18:53:53.236+0000] {processor.py:840} INFO - DAG(s) 'tmdb_raw_pipeline' retrieved from /opt/airflow/dags/tmdb_daily_dag.py
[2026-03-29T18:53:53.246+0000] {logging_mixin.py:188} INFO - [2026-03-29T18:53:53.246+0000] {dag.py:3096} INFO - Sync 1 DAGs
[2026-03-29T18:53:53.255+0000] {logging_mixin.py:188} INFO - [2026-03-29T18:53:53.255+0000] {dag.py:3954} INFO - Setting next_dagrun for tmdb_raw_pipeline to 2026-03-29 00:00:00+00:00, run_after=2026-03-30 00:00:00+00:00
[2026-03-29T18:53:53.261+0000] {processor.py:183} INFO - Processing /opt/airflow/dags/tmdb_daily_dag.py took 0.036 seconds
[2026-03-29T18:54:23.772+0000] {processor.py:161} INFO - Started process (PID=60150) to work on /opt/airflow/dags/tmdb_daily_dag.py
[2026-03-29T18:54:23.773+0000] {processor.py:830} INFO - Processing file /opt/airflow/dags/tmdb_daily_dag.py for tasks to queue
[2026-03-29T18:54:23.773+0000] {logging_mixin.py:188} INFO - [2026-03-29T18:54:23.773+0000] {dagbag.py:545} INFO - Filling up the DagBag from /opt/airflow/dags/tmdb_daily_dag.py
[2026-03-29T18:54:23.779+0000] {processor.py:840} INFO - DAG(s) 'tmdb_raw_pipeline' retrieved from /opt/airflow/dags/tmdb_daily_dag.py
[2026-03-29T18:54:23.790+0000] {logging_mixin.py:188} INFO - [2026-03-29T18:54:23.789+0000] {dag.py:3096} INFO - Sync 1 DAGs
[2026-03-29T18:54:23.799+0000] {logging_mixin.py:188} INFO - [2026-03-29T18:54:23.799+0000] {dag.py:3954} INFO - Setting next_dagrun for tmdb_raw_pipeline to 2026-03-29 00:00:00+00:00, run_after=2026-03-30 00:00:00+00:00
[2026-03-29T18:54:23.805+0000] {processor.py:183} INFO - Processing /opt/airflow/dags/tmdb_daily_dag.py took 0.035 seconds
[2026-03-29T18:54:54.374+0000] {processor.py:161} INFO - Started process (PID=60170) to work on /opt/airflow/dags/tmdb_daily_dag.py
[2026-03-29T18:54:54.375+0000] {processor.py:830} INFO - Processing file /opt/airflow/dags/tmdb_daily_dag.py for tasks to queue
[2026-03-29T18:54:54.375+0000] {logging_mixin.py:188} INFO - [2026-03-29T18:54:54.375+0000] {dagbag.py:545} INFO - Filling up the DagBag from /opt/airflow/dags/tmdb_daily_dag.py
[2026-03-29T18:54:54.382+0000] {processor.py:840} INFO - DAG(s) 'tmdb_raw_pipeline' retrieved from /opt/airflow/dags/tmdb_daily_dag.py
[2026-03-29T18:54:54.392+0000] {logging_mixin.py:188} INFO - [2026-03-29T18:54:54.392+0000] {dag.py:3096} INFO - Sync 1 DAGs
[2026-03-29T18:54:54.403+0000] {logging_mixin.py:188} INFO - [2026-03-29T18:54:54.403+0000] {dag.py:3954} INFO - Setting next_dagrun for tmdb_raw_pipeline to 2026-03-29 00:00:00+00:00, run_after=2026-03-30 00:00:00+00:00
[2026-03-29T18:54:54.410+0000] {processor.py:183} INFO - Processing /opt/airflow/dags/tmdb_daily_dag.py took 0.038 seconds
[2026-03-29T18:55:24.879+0000] {processor.py:161} INFO - Started process (PID=60190) to work on /opt/airflow/dags/tmdb_daily_dag.py
[2026-03-29T18:55:24.881+0000] {processor.py:830} INFO - Processing file /opt/airflow/dags/tmdb_daily_dag.py for tasks to queue
[2026-03-29T18:55:24.881+0000] {logging_mixin.py:188} INFO - [2026-03-29T18:55:24.881+0000] {dagbag.py:545} INFO - Filling up the DagBag from /opt/airflow/dags/tmdb_daily_dag.py
[2026-03-29T18:55:24.888+0000] {processor.py:840} INFO - DAG(s) 'tmdb_raw_pipeline' retrieved from /opt/airflow/dags/tmdb_daily_dag.py
[2026-03-29T18:55:24.899+0000] {logging_mixin.py:188} INFO - [2026-03-29T18:55:24.899+0000] {dag.py:3096} INFO - Sync 1 DAGs
[2026-03-29T18:55:24.909+0000] {logging_mixin.py:188} INFO - [2026-03-29T18:55:24.909+0000] {dag.py:3954} INFO - Setting next_dagrun for tmdb_raw_pipeline to 2026-03-29 00:00:00+00:00, run_after=2026-03-30 00:00:00+00:00
[2026-03-29T18:55:24.916+0000] {processor.py:183} INFO - Processing /opt/airflow/dags/tmdb_daily_dag.py took 0.040 seconds
[2026-03-29T18:55:55.472+0000] {processor.py:161} INFO - Started process (PID=60210) to work on /opt/airflow/dags/tmdb_daily_dag.py
[2026-03-29T18:55:55.473+0000] {processor.py:830} INFO - Processing file /opt/airflow/dags/tmdb_daily_dag.py for tasks to queue
[2026-03-29T18:55:55.473+0000] {logging_mixin.py:188} INFO - [2026-03-29T18:55:55.473+0000] {dagbag.py:545} INFO - Filling up the DagBag from /opt/airflow/dags/tmdb_daily_dag.py
[2026-03-29T18:55:55.480+0000] {processor.py:840} INFO - DAG(s) 'tmdb_raw_pipeline' retrieved from /opt/airflow/dags/tmdb_daily_dag.py
[2026-03-29T18:55:55.490+0000] {logging_mixin.py:188} INFO - [2026-03-29T18:55:55.490+0000] {dag.py:3096} INFO - Sync 1 DAGs
[2026-03-29T18:55:55.500+0000] {logging_mixin.py:188} INFO - [2026-03-29T18:55:55.500+0000] {dag.py:3954} INFO - Setting next_dagrun for tmdb_raw_pipeline to 2026-03-29 00:00:00+00:00, run_after=2026-03-30 00:00:00+00:00
[2026-03-29T18:55:55.506+0000] {processor.py:183} INFO - Processing /opt/airflow/dags/tmdb_daily_dag.py took 0.036 seconds
[2026-03-29T18:56:26.000+0000] {processor.py:161} INFO - Started process (PID=60230) to work on /opt/airflow/dags/tmdb_daily_dag.py
[2026-03-29T18:56:26.001+0000] {processor.py:830} INFO - Processing file /opt/airflow/dags/tmdb_daily_dag.py for tasks to queue
[2026-03-29T18:56:26.001+0000] {logging_mixin.py:188} INFO - [2026-03-29T18:56:26.001+0000] {dagbag.py:545} INFO - Filling up the DagBag from /opt/airflow/dags/tmdb_daily_dag.py
[2026-03-29T18:56:26.010+0000] {processor.py:840} INFO - DAG(s) 'tmdb_raw_pipeline' retrieved from /opt/airflow/dags/tmdb_daily_dag.py
[2026-03-29T18:56:26.020+0000] {logging_mixin.py:188} INFO - [2026-03-29T18:56:26.020+0000] {dag.py:3096} INFO - Sync 1 DAGs
[2026-03-29T18:56:26.029+0000] {logging_mixin.py:188} INFO - [2026-03-29T18:56:26.029+0000] {dag.py:3954} INFO - Setting next_dagrun for tmdb_raw_pipeline to 2026-03-29 00:00:00+00:00, run_after=2026-03-30 00:00:00+00:00
[2026-03-29T18:56:26.036+0000] {processor.py:183} INFO - Processing /opt/airflow/dags/tmdb_daily_dag.py took 0.038 seconds
[2026-03-29T18:56:56.503+0000] {processor.py:161} INFO - Started process (PID=60250) to work on /opt/airflow/dags/tmdb_daily_dag.py
[2026-03-29T18:56:56.503+0000] {processor.py:830} INFO - Processing file /opt/airflow/dags/tmdb_daily_dag.py for tasks to queue
[2026-03-29T18:56:56.504+0000] {logging_mixin.py:188} INFO - [2026-03-29T18:56:56.503+0000] {dagbag.py:545} INFO - Filling up the DagBag from /opt/airflow/dags/tmdb_daily_dag.py
[2026-03-29T18:56:56.509+0000] {processor.py:840} INFO - DAG(s) 'tmdb_raw_pipeline' retrieved from /opt/airflow/dags/tmdb_daily_dag.py
[2026-03-29T18:56:56.522+0000] {logging_mixin.py:188} INFO - [2026-03-29T18:56:56.522+0000] {dag.py:3096} INFO - Sync 1 DAGs
[2026-03-29T18:56:56.531+0000] {logging_mixin.py:188} INFO - [2026-03-29T18:56:56.531+0000] {dag.py:3954} INFO - Setting next_dagrun for tmdb_raw_pipeline to 2026-03-29 00:00:00+00:00, run_after=2026-03-30 00:00:00+00:00
[2026-03-29T18:56:56.538+0000] {processor.py:183} INFO - Processing /opt/airflow/dags/tmdb_daily_dag.py took 0.038 seconds
[2026-03-29T18:57:27.006+0000] {processor.py:161} INFO - Started process (PID=60270) to work on /opt/airflow/dags/tmdb_daily_dag.py
[2026-03-29T18:57:27.007+0000] {processor.py:830} INFO - Processing file /opt/airflow/dags/tmdb_daily_dag.py for tasks to queue
[2026-03-29T18:57:27.007+0000] {logging_mixin.py:188} INFO - [2026-03-29T18:57:27.007+0000] {dagbag.py:545} INFO - Filling up the DagBag from /opt/airflow/dags/tmdb_daily_dag.py
[2026-03-29T18:57:27.014+0000] {processor.py:840} INFO - DAG(s) 'tmdb_raw_pipeline' retrieved from /opt/airflow/dags/tmdb_daily_dag.py
[2026-03-29T18:57:27.023+0000] {logging_mixin.py:188} INFO - [2026-03-29T18:57:27.023+0000] {dag.py:3096} INFO - Sync 1 DAGs
[2026-03-29T18:57:27.032+0000] {logging_mixin.py:188} INFO - [2026-03-29T18:57:27.032+0000] {dag.py:3954} INFO - Setting next_dagrun for tmdb_raw_pipeline to 2026-03-29 00:00:00+00:00, run_after=2026-03-30 00:00:00+00:00
[2026-03-29T18:57:27.038+0000] {processor.py:183} INFO - Processing /opt/airflow/dags/tmdb_daily_dag.py took 0.035 seconds
[2026-03-29T18:57:57.514+0000] {processor.py:161} INFO - Started process (PID=60290) to work on /opt/airflow/dags/tmdb_daily_dag.py
[2026-03-29T18:57:57.515+0000] {processor.py:830} INFO - Processing file /opt/airflow/dags/tmdb_daily_dag.py for tasks to queue
[2026-03-29T18:57:57.515+0000] {logging_mixin.py:188} INFO - [2026-03-29T18:57:57.515+0000] {dagbag.py:545} INFO - Filling up the DagBag from /opt/airflow/dags/tmdb_daily_dag.py
[2026-03-29T18:57:57.521+0000] {processor.py:840} INFO - DAG(s) 'tmdb_raw_pipeline' retrieved from /opt/airflow/dags/tmdb_daily_dag.py
[2026-03-29T18:57:57.530+0000] {logging_mixin.py:188} INFO - [2026-03-29T18:57:57.530+0000] {dag.py:3096} INFO - Sync 1 DAGs
[2026-03-29T18:57:57.538+0000] {logging_mixin.py:188} INFO - [2026-03-29T18:57:57.538+0000] {dag.py:3954} INFO - Setting next_dagrun for tmdb_raw_pipeline to 2026-03-29 00:00:00+00:00, run_after=2026-03-30 00:00:00+00:00
[2026-03-29T18:57:57.544+0000] {processor.py:183} INFO - Processing /opt/airflow/dags/tmdb_daily_dag.py took 0.032 seconds
[2026-03-29T18:58:28.075+0000] {processor.py:161} INFO - Started process (PID=60310) to work on /opt/airflow/dags/tmdb_daily_dag.py
[2026-03-29T18:58:28.076+0000] {processor.py:830} INFO - Processing file /opt/airflow/dags/tmdb_daily_dag.py for tasks to queue
[2026-03-29T18:58:28.077+0000] {logging_mixin.py:188} INFO - [2026-03-29T18:58:28.077+0000] {dagbag.py:545} INFO - Filling up the DagBag from /opt/airflow/dags/tmdb_daily_dag.py
[2026-03-29T18:58:28.083+0000] {processor.py:840} INFO - DAG(s) 'tmdb_raw_pipeline' retrieved from /opt/airflow/dags/tmdb_daily_dag.py
[2026-03-29T18:58:28.093+0000] {logging_mixin.py:188} INFO - [2026-03-29T18:58:28.093+0000] {dag.py:3096} INFO - Sync 1 DAGs
[2026-03-29T18:58:28.101+0000] {logging_mixin.py:188} INFO - [2026-03-29T18:58:28.101+0000] {dag.py:3954} INFO - Setting next_dagrun for tmdb_raw_pipeline to 2026-03-29 00:00:00+00:00, run_after=2026-03-30 00:00:00+00:00
[2026-03-29T18:58:28.107+0000] {processor.py:183} INFO - Processing /opt/airflow/dags/tmdb_daily_dag.py took 0.034 seconds
[2026-03-29T18:58:58.541+0000] {processor.py:161} INFO - Started process (PID=60330) to work on /opt/airflow/dags/tmdb_daily_dag.py
[2026-03-29T18:58:58.542+0000] {processor.py:830} INFO - Processing file /opt/airflow/dags/tmdb_daily_dag.py for tasks to queue
[2026-03-29T18:58:58.543+0000] {logging_mixin.py:188} INFO - [2026-03-29T18:58:58.542+0000] {dagbag.py:545} INFO - Filling up the DagBag from /opt/airflow/dags/tmdb_daily_dag.py
[2026-03-29T18:58:58.553+0000] {processor.py:840} INFO - DAG(s) 'tmdb_raw_pipeline' retrieved from /opt/airflow/dags/tmdb_daily_dag.py
[2026-03-29T18:58:58.563+0000] {logging_mixin.py:188} INFO - [2026-03-29T18:58:58.563+0000] {dag.py:3096} INFO - Sync 1 DAGs
[2026-03-29T18:58:58.572+0000] {logging_mixin.py:188} INFO - [2026-03-29T18:58:58.572+0000] {dag.py:3954} INFO - Setting next_dagrun for tmdb_raw_pipeline to 2026-03-29 00:00:00+00:00, run_after=2026-03-30 00:00:00+00:00
[2026-03-29T18:58:58.578+0000] {processor.py:183} INFO - Processing /opt/airflow/dags/tmdb_daily_dag.py took 0.041 seconds
[2026-03-29T18:59:29.062+0000] {processor.py:161} INFO - Started process (PID=60350) to work on /opt/airflow/dags/tmdb_daily_dag.py
[2026-03-29T18:59:29.066+0000] {processor.py:830} INFO - Processing file /opt/airflow/dags/tmdb_daily_dag.py for tasks to queue
[2026-03-29T18:59:29.066+0000] {logging_mixin.py:188} INFO - [2026-03-29T18:59:29.066+0000] {dagbag.py:545} INFO - Filling up the DagBag from /opt/airflow/dags/tmdb_daily_dag.py
[2026-03-29T18:59:29.072+0000] {processor.py:840} INFO - DAG(s) 'tmdb_raw_pipeline' retrieved from /opt/airflow/dags/tmdb_daily_dag.py
[2026-03-29T18:59:29.081+0000] {logging_mixin.py:188} INFO - [2026-03-29T18:59:29.081+0000] {dag.py:3096} INFO - Sync 1 DAGs
[2026-03-29T18:59:29.091+0000] {logging_mixin.py:188} INFO - [2026-03-29T18:59:29.090+0000] {dag.py:3954} INFO - Setting next_dagrun for tmdb_raw_pipeline to 2026-03-29 00:00:00+00:00, run_after=2026-03-30 00:00:00+00:00
[2026-03-29T18:59:29.097+0000] {processor.py:183} INFO - Processing /opt/airflow/dags/tmdb_daily_dag.py took 0.038 seconds
[2026-03-29T18:59:59.530+0000] {processor.py:161} INFO - Started process (PID=60370) to work on /opt/airflow/dags/tmdb_daily_dag.py
[2026-03-29T18:59:59.531+0000] {processor.py:830} INFO - Processing file /opt/airflow/dags/tmdb_daily_dag.py for tasks to queue
[2026-03-29T18:59:59.531+0000] {logging_mixin.py:188} INFO - [2026-03-29T18:59:59.531+0000] {dagbag.py:545} INFO - Filling up the DagBag from /opt/airflow/dags/tmdb_daily_dag.py
[2026-03-29T18:59:59.536+0000] {processor.py:840} INFO - DAG(s) 'tmdb_raw_pipeline' retrieved from /opt/airflow/dags/tmdb_daily_dag.py
[2026-03-29T18:59:59.546+0000] {logging_mixin.py:188} INFO - [2026-03-29T18:59:59.546+0000] {dag.py:3096} INFO - Sync 1 DAGs
[2026-03-29T18:59:59.554+0000] {logging_mixin.py:188} INFO - [2026-03-29T18:59:59.553+0000] {dag.py:3954} INFO - Setting next_dagrun for tmdb_raw_pipeline to 2026-03-29 00:00:00+00:00, run_after=2026-03-30 00:00:00+00:00
[2026-03-29T18:59:59.559+0000] {processor.py:183} INFO - Processing /opt/airflow/dags/tmdb_daily_dag.py took 0.033 seconds
[2026-03-29T19:00:30.058+0000] {processor.py:161} INFO - Started process (PID=60390) to work on /opt/airflow/dags/tmdb_daily_dag.py
[2026-03-29T19:00:30.059+0000] {processor.py:830} INFO - Processing file /opt/airflow/dags/tmdb_daily_dag.py for tasks to queue
[2026-03-29T19:00:30.059+0000] {logging_mixin.py:188} INFO - [2026-03-29T19:00:30.059+0000] {dagbag.py:545} INFO - Filling up the DagBag from /opt/airflow/dags/tmdb_daily_dag.py
[2026-03-29T19:00:30.066+0000] {processor.py:840} INFO - DAG(s) 'tmdb_raw_pipeline' retrieved from /opt/airflow/dags/tmdb_daily_dag.py
[2026-03-29T19:00:30.075+0000] {logging_mixin.py:188} INFO - [2026-03-29T19:00:30.075+0000] {dag.py:3096} INFO - Sync 1 DAGs
[2026-03-29T19:00:30.083+0000] {logging_mixin.py:188} INFO - [2026-03-29T19:00:30.083+0000] {dag.py:3954} INFO - Setting next_dagrun for tmdb_raw_pipeline to 2026-03-29 00:00:00+00:00, run_after=2026-03-30 00:00:00+00:00
[2026-03-29T19:00:30.089+0000] {processor.py:183} INFO - Processing /opt/airflow/dags/tmdb_daily_dag.py took 0.033 seconds
[2026-03-29T19:01:00.562+0000] {processor.py:161} INFO - Started process (PID=60410) to work on /opt/airflow/dags/tmdb_daily_dag.py
[2026-03-29T19:01:00.563+0000] {processor.py:830} INFO - Processing file /opt/airflow/dags/tmdb_daily_dag.py for tasks to queue
[2026-03-29T19:01:00.564+0000] {logging_mixin.py:188} INFO - [2026-03-29T19:01:00.564+0000] {dagbag.py:545} INFO - Filling up the DagBag from /opt/airflow/dags/tmdb_daily_dag.py
[2026-03-29T19:01:00.571+0000] {processor.py:840} INFO - DAG(s) 'tmdb_raw_pipeline' retrieved from /opt/airflow/dags/tmdb_daily_dag.py
[2026-03-29T19:01:00.581+0000] {logging_mixin.py:188} INFO - [2026-03-29T19:01:00.581+0000] {dag.py:3096} INFO - Sync 1 DAGs
[2026-03-29T19:01:00.593+0000] {logging_mixin.py:188} INFO - [2026-03-29T19:01:00.593+0000] {dag.py:3954} INFO - Setting next_dagrun for tmdb_raw_pipeline to 2026-03-29 00:00:00+00:00, run_after=2026-03-30 00:00:00+00:00
[2026-03-29T19:01:00.600+0000] {processor.py:183} INFO - Processing /opt/airflow/dags/tmdb_daily_dag.py took 0.041 seconds
[2026-03-29T19:01:31.101+0000] {processor.py:161} INFO - Started process (PID=60430) to work on /opt/airflow/dags/tmdb_daily_dag.py
[2026-03-29T19:01:31.102+0000] {processor.py:830} INFO - Processing file /opt/airflow/dags/tmdb_daily_dag.py for tasks to queue
[2026-03-29T19:01:31.102+0000] {logging_mixin.py:188} INFO - [2026-03-29T19:01:31.102+0000] {dagbag.py:545} INFO - Filling up the DagBag from /opt/airflow/dags/tmdb_daily_dag.py
[2026-03-29T19:01:31.108+0000] {processor.py:840} INFO - DAG(s) 'tmdb_raw_pipeline' retrieved from /opt/airflow/dags/tmdb_daily_dag.py
[2026-03-29T19:01:31.117+0000] {logging_mixin.py:188} INFO - [2026-03-29T19:01:31.117+0000] {dag.py:3096} INFO - Sync 1 DAGs
[2026-03-29T19:01:31.126+0000] {logging_mixin.py:188} INFO - [2026-03-29T19:01:31.126+0000] {dag.py:3954} INFO - Setting next_dagrun for tmdb_raw_pipeline to 2026-03-29 00:00:00+00:00, run_after=2026-03-30 00:00:00+00:00
[2026-03-29T19:01:31.132+0000] {processor.py:183} INFO - Processing /opt/airflow/dags/tmdb_daily_dag.py took 0.033 seconds
[2026-03-29T19:02:01.528+0000] {processor.py:161} INFO - Started process (PID=60450) to work on /opt/airflow/dags/tmdb_daily_dag.py
[2026-03-29T19:02:01.529+0000] {processor.py:830} INFO - Processing file /opt/airflow/dags/tmdb_daily_dag.py for tasks to queue
[2026-03-29T19:02:01.529+0000] {logging_mixin.py:188} INFO - [2026-03-29T19:02:01.529+0000] {dagbag.py:545} INFO - Filling up the DagBag from /opt/airflow/dags/tmdb_daily_dag.py
[2026-03-29T19:02:01.534+0000] {processor.py:840} INFO - DAG(s) 'tmdb_raw_pipeline' retrieved from /opt/airflow/dags/tmdb_daily_dag.py
[2026-03-29T19:02:01.543+0000] {logging_mixin.py:188} INFO - [2026-03-29T19:02:01.543+0000] {dag.py:3096} INFO - Sync 1 DAGs
[2026-03-29T19:02:01.551+0000] {logging_mixin.py:188} INFO - [2026-03-29T19:02:01.551+0000] {dag.py:3954} INFO - Setting next_dagrun for tmdb_raw_pipeline to 2026-03-29 00:00:00+00:00, run_after=2026-03-30 00:00:00+00:00
[2026-03-29T19:02:01.557+0000] {processor.py:183} INFO - Processing /opt/airflow/dags/tmdb_daily_dag.py took 0.031 seconds
[2026-03-29T19:02:31.995+0000] {processor.py:161} INFO - Started process (PID=60470) to work on /opt/airflow/dags/tmdb_daily_dag.py
[2026-03-29T19:02:31.995+0000] {processor.py:830} INFO - Processing file /opt/airflow/dags/tmdb_daily_dag.py for tasks to queue
[2026-03-29T19:02:31.996+0000] {logging_mixin.py:188} INFO - [2026-03-29T19:02:31.996+0000] {dagbag.py:545} INFO - Filling up the DagBag from /opt/airflow/dags/tmdb_daily_dag.py
[2026-03-29T19:02:32.001+0000] {processor.py:840} INFO - DAG(s) 'tmdb_raw_pipeline' retrieved from /opt/airflow/dags/tmdb_daily_dag.py
[2026-03-29T19:02:32.010+0000] {logging_mixin.py:188} INFO - [2026-03-29T19:02:32.010+0000] {dag.py:3096} INFO - Sync 1 DAGs
[2026-03-29T19:02:32.018+0000] {logging_mixin.py:188} INFO - [2026-03-29T19:02:32.018+0000] {dag.py:3954} INFO - Setting next_dagrun for tmdb_raw_pipeline to 2026-03-29 00:00:00+00:00, run_after=2026-03-30 00:00:00+00:00
[2026-03-29T19:02:32.024+0000] {processor.py:183} INFO - Processing /opt/airflow/dags/tmdb_daily_dag.py took 0.031 seconds
[2026-03-29T19:03:02.520+0000] {processor.py:161} INFO - Started process (PID=60490) to work on /opt/airflow/dags/tmdb_daily_dag.py
[2026-03-29T19:03:02.521+0000] {processor.py:830} INFO - Processing file /opt/airflow/dags/tmdb_daily_dag.py for tasks to queue
[2026-03-29T19:03:02.522+0000] {logging_mixin.py:188} INFO - [2026-03-29T19:03:02.522+0000] {dagbag.py:545} INFO - Filling up the DagBag from /opt/airflow/dags/tmdb_daily_dag.py
[2026-03-29T19:03:02.528+0000] {processor.py:840} INFO - DAG(s) 'tmdb_raw_pipeline' retrieved from /opt/airflow/dags/tmdb_daily_dag.py
[2026-03-29T19:03:02.541+0000] {logging_mixin.py:188} INFO - [2026-03-29T19:03:02.541+0000] {dag.py:3096} INFO - Sync 1 DAGs
[2026-03-29T19:03:02.551+0000] {logging_mixin.py:188} INFO - [2026-03-29T19:03:02.551+0000] {dag.py:3954} INFO - Setting next_dagrun for tmdb_raw_pipeline to 2026-03-29 00:00:00+00:00, run_after=2026-03-30 00:00:00+00:00
[2026-03-29T19:03:02.559+0000] {processor.py:183} INFO - Processing /opt/airflow/dags/tmdb_daily_dag.py took 0.043 seconds
[2026-03-29T19:03:33.045+0000] {processor.py:161} INFO - Started process (PID=60510) to work on /opt/airflow/dags/tmdb_daily_dag.py
[2026-03-29T19:03:33.046+0000] {processor.py:830} INFO - Processing file /opt/airflow/dags/tmdb_daily_dag.py for tasks to queue
[2026-03-29T19:03:33.046+0000] {logging_mixin.py:188} INFO - [2026-03-29T19:03:33.046+0000] {dagbag.py:545} INFO - Filling up the DagBag from /opt/airflow/dags/tmdb_daily_dag.py
[2026-03-29T19:03:33.052+0000] {processor.py:840} INFO - DAG(s) 'tmdb_raw_pipeline' retrieved from /opt/airflow/dags/tmdb_daily_dag.py
[2026-03-29T19:03:33.063+0000] {logging_mixin.py:188} INFO - [2026-03-29T19:03:33.063+0000] {dag.py:3096} INFO - Sync 1 DAGs
[2026-03-29T19:03:33.072+0000] {logging_mixin.py:188} INFO - [2026-03-29T19:03:33.071+0000] {dag.py:3954} INFO - Setting next_dagrun for tmdb_raw_pipeline to 2026-03-29 00:00:00+00:00, run_after=2026-03-30 00:00:00+00:00
[2026-03-29T19:03:33.078+0000] {processor.py:183} INFO - Processing /opt/airflow/dags/tmdb_daily_dag.py took 0.036 seconds
[2026-03-29T19:04:03.562+0000] {processor.py:161} INFO - Started process (PID=60530) to work on /opt/airflow/dags/tmdb_daily_dag.py
[2026-03-29T19:04:03.563+0000] {processor.py:830} INFO - Processing file /opt/airflow/dags/tmdb_daily_dag.py for tasks to queue
[2026-03-29T19:04:03.563+0000] {logging_mixin.py:188} INFO - [2026-03-29T19:04:03.563+0000] {dagbag.py:545} INFO - Filling up the DagBag from /opt/airflow/dags/tmdb_daily_dag.py
[2026-03-29T19:04:03.569+0000] {processor.py:840} INFO - DAG(s) 'tmdb_raw_pipeline' retrieved from /opt/airflow/dags/tmdb_daily_dag.py
[2026-03-29T19:04:03.579+0000] {logging_mixin.py:188} INFO - [2026-03-29T19:04:03.579+0000] {dag.py:3096} INFO - Sync 1 DAGs
[2026-03-29T19:04:03.588+0000] {logging_mixin.py:188} INFO - [2026-03-29T19:04:03.587+0000] {dag.py:3954} INFO - Setting next_dagrun for tmdb_raw_pipeline to 2026-03-29 00:00:00+00:00, run_after=2026-03-30 00:00:00+00:00
[2026-03-29T19:04:03.594+0000] {processor.py:183} INFO - Processing /opt/airflow/dags/tmdb_daily_dag.py took 0.034 seconds
[2026-03-29T19:04:34.014+0000] {processor.py:161} INFO - Started process (PID=60550) to work on /opt/airflow/dags/tmdb_daily_dag.py
[2026-03-29T19:04:34.014+0000] {processor.py:830} INFO - Processing file /opt/airflow/dags/tmdb_daily_dag.py for tasks to queue
[2026-03-29T19:04:34.015+0000] {logging_mixin.py:188} INFO - [2026-03-29T19:04:34.015+0000] {dagbag.py:545} INFO - Filling up the DagBag from /opt/airflow/dags/tmdb_daily_dag.py
[2026-03-29T19:04:34.021+0000] {processor.py:840} INFO - DAG(s) 'tmdb_raw_pipeline' retrieved from /opt/airflow/dags/tmdb_daily_dag.py
[2026-03-29T19:04:34.035+0000] {logging_mixin.py:188} INFO - [2026-03-29T19:04:34.035+0000] {dag.py:3096} INFO - Sync 1 DAGs
[2026-03-29T19:04:34.044+0000] {logging_mixin.py:188} INFO - [2026-03-29T19:04:34.044+0000] {dag.py:3954} INFO - Setting next_dagrun for tmdb_raw_pipeline to 2026-03-29 00:00:00+00:00, run_after=2026-03-30 00:00:00+00:00
[2026-03-29T19:04:34.050+0000] {processor.py:183} INFO - Processing /opt/airflow/dags/tmdb_daily_dag.py took 0.040 seconds
[2026-03-29T19:05:04.457+0000] {processor.py:161} INFO - Started process (PID=60570) to work on /opt/airflow/dags/tmdb_daily_dag.py
[2026-03-29T19:05:04.458+0000] {processor.py:830} INFO - Processing file /opt/airflow/dags/tmdb_daily_dag.py for tasks to queue
[2026-03-29T19:05:04.458+0000] {logging_mixin.py:188} INFO - [2026-03-29T19:05:04.458+0000] {dagbag.py:545} INFO - Filling up the DagBag from /opt/airflow/dags/tmdb_daily_dag.py
[2026-03-29T19:05:04.463+0000] {processor.py:840} INFO - DAG(s) 'tmdb_raw_pipeline' retrieved from /opt/airflow/dags/tmdb_daily_dag.py
[2026-03-29T19:05:04.473+0000] {logging_mixin.py:188} INFO - [2026-03-29T19:05:04.473+0000] {dag.py:3096} INFO - Sync 1 DAGs
[2026-03-29T19:05:04.481+0000] {logging_mixin.py:188} INFO - [2026-03-29T19:05:04.481+0000] {dag.py:3954} INFO - Setting next_dagrun for tmdb_raw_pipeline to 2026-03-29 00:00:00+00:00, run_after=2026-03-30 00:00:00+00:00
[2026-03-29T19:05:04.488+0000] {processor.py:183} INFO - Processing /opt/airflow/dags/tmdb_daily_dag.py took 0.034 seconds
[2026-03-29T19:05:34.964+0000] {processor.py:161} INFO - Started process (PID=60590) to work on /opt/airflow/dags/tmdb_daily_dag.py
[2026-03-29T19:05:34.965+0000] {processor.py:830} INFO - Processing file /opt/airflow/dags/tmdb_daily_dag.py for tasks to queue
[2026-03-29T19:05:34.965+0000] {logging_mixin.py:188} INFO - [2026-03-29T19:05:34.965+0000] {dagbag.py:545} INFO - Filling up the DagBag from /opt/airflow/dags/tmdb_daily_dag.py
[2026-03-29T19:05:34.971+0000] {processor.py:840} INFO - DAG(s) 'tmdb_raw_pipeline' retrieved from /opt/airflow/dags/tmdb_daily_dag.py
[2026-03-29T19:05:34.981+0000] {logging_mixin.py:188} INFO - [2026-03-29T19:05:34.981+0000] {dag.py:3096} INFO - Sync 1 DAGs
[2026-03-29T19:05:34.990+0000] {logging_mixin.py:188} INFO - [2026-03-29T19:05:34.990+0000] {dag.py:3954} INFO - Setting next_dagrun for tmdb_raw_pipeline to 2026-03-29 00:00:00+00:00, run_after=2026-03-30 00:00:00+00:00
[2026-03-29T19:05:34.996+0000] {processor.py:183} INFO - Processing /opt/airflow/dags/tmdb_daily_dag.py took 0.034 seconds
[2026-03-29T19:06:05.541+0000] {processor.py:161} INFO - Started process (PID=60610) to work on /opt/airflow/dags/tmdb_daily_dag.py
[2026-03-29T19:06:05.543+0000] {processor.py:830} INFO - Processing file /opt/airflow/dags/tmdb_daily_dag.py for tasks to queue
[2026-03-29T19:06:05.543+0000] {logging_mixin.py:188} INFO - [2026-03-29T19:06:05.543+0000] {dagbag.py:545} INFO - Filling up the DagBag from /opt/airflow/dags/tmdb_daily_dag.py
[2026-03-29T19:06:05.550+0000] {processor.py:840} INFO - DAG(s) 'tmdb_raw_pipeline' retrieved from /opt/airflow/dags/tmdb_daily_dag.py
[2026-03-29T19:06:05.561+0000] {logging_mixin.py:188} INFO - [2026-03-29T19:06:05.560+0000] {dag.py:3096} INFO - Sync 1 DAGs
[2026-03-29T19:06:05.569+0000] {logging_mixin.py:188} INFO - [2026-03-29T19:06:05.569+0000] {dag.py:3954} INFO - Setting next_dagrun for tmdb_raw_pipeline to 2026-03-29 00:00:00+00:00, run_after=2026-03-30 00:00:00+00:00
[2026-03-29T19:06:05.575+0000] {processor.py:183} INFO - Processing /opt/airflow/dags/tmdb_daily_dag.py took 0.041 seconds
[2026-03-29T19:06:36.143+0000] {processor.py:161} INFO - Started process (PID=60630) to work on /opt/airflow/dags/tmdb_daily_dag.py
[2026-03-29T19:06:36.145+0000] {processor.py:830} INFO - Processing file /opt/airflow/dags/tmdb_daily_dag.py for tasks to queue
[2026-03-29T19:06:36.146+0000] {logging_mixin.py:188} INFO - [2026-03-29T19:06:36.146+0000] {dagbag.py:545} INFO - Filling up the DagBag from /opt/airflow/dags/tmdb_daily_dag.py
[2026-03-29T19:06:36.153+0000] {processor.py:840} INFO - DAG(s) 'tmdb_raw_pipeline' retrieved from /opt/airflow/dags/tmdb_daily_dag.py
[2026-03-29T19:06:36.162+0000] {logging_mixin.py:188} INFO - [2026-03-29T19:06:36.162+0000] {dag.py:3096} INFO - Sync 1 DAGs
[2026-03-29T19:06:36.171+0000] {logging_mixin.py:188} INFO - [2026-03-29T19:06:36.171+0000] {dag.py:3954} INFO - Setting next_dagrun for tmdb_raw_pipeline to 2026-03-29 00:00:00+00:00, run_after=2026-03-30 00:00:00+00:00
[2026-03-29T19:06:36.177+0000] {processor.py:183} INFO - Processing /opt/airflow/dags/tmdb_daily_dag.py took 0.037 seconds
[2026-03-29T19:07:06.574+0000] {processor.py:161} INFO - Started process (PID=60650) to work on /opt/airflow/dags/tmdb_daily_dag.py
[2026-03-29T19:07:06.575+0000] {processor.py:830} INFO - Processing file /opt/airflow/dags/tmdb_daily_dag.py for tasks to queue
[2026-03-29T19:07:06.575+0000] {logging_mixin.py:188} INFO - [2026-03-29T19:07:06.575+0000] {dagbag.py:545} INFO - Filling up the DagBag from /opt/airflow/dags/tmdb_daily_dag.py
[2026-03-29T19:07:06.580+0000] {processor.py:840} INFO - DAG(s) 'tmdb_raw_pipeline' retrieved from /opt/airflow/dags/tmdb_daily_dag.py
[2026-03-29T19:07:06.589+0000] {logging_mixin.py:188} INFO - [2026-03-29T19:07:06.589+0000] {dag.py:3096} INFO - Sync 1 DAGs
[2026-03-29T19:07:06.597+0000] {logging_mixin.py:188} INFO - [2026-03-29T19:07:06.597+0000] {dag.py:3954} INFO - Setting next_dagrun for tmdb_raw_pipeline to 2026-03-29 00:00:00+00:00, run_after=2026-03-30 00:00:00+00:00
[2026-03-29T19:07:06.603+0000] {processor.py:183} INFO - Processing /opt/airflow/dags/tmdb_daily_dag.py took 0.031 seconds
[2026-03-29T19:07:37.259+0000] {processor.py:161} INFO - Started process (PID=60670) to work on /opt/airflow/dags/tmdb_daily_dag.py
[2026-03-29T19:07:37.260+0000] {processor.py:830} INFO - Processing file /opt/airflow/dags/tmdb_daily_dag.py for tasks to queue
[2026-03-29T19:07:37.260+0000] {logging_mixin.py:188} INFO - [2026-03-29T19:07:37.260+0000] {dagbag.py:545} INFO - Filling up the DagBag from /opt/airflow/dags/tmdb_daily_dag.py
[2026-03-29T19:07:37.267+0000] {processor.py:840} INFO - DAG(s) 'tmdb_raw_pipeline' retrieved from /opt/airflow/dags/tmdb_daily_dag.py
[2026-03-29T19:07:37.278+0000] {logging_mixin.py:188} INFO - [2026-03-29T19:07:37.278+0000] {dag.py:3096} INFO - Sync 1 DAGs
[2026-03-29T19:07:37.290+0000] {logging_mixin.py:188} INFO - [2026-03-29T19:07:37.289+0000] {dag.py:3954} INFO - Setting next_dagrun for tmdb_raw_pipeline to 2026-03-29 00:00:00+00:00, run_after=2026-03-30 00:00:00+00:00
[2026-03-29T19:07:37.297+0000] {processor.py:183} INFO - Processing /opt/airflow/dags/tmdb_daily_dag.py took 0.042 seconds
[2026-03-29T19:08:07.670+0000] {processor.py:161} INFO - Started process (PID=60690) to work on /opt/airflow/dags/tmdb_daily_dag.py
[2026-03-29T19:08:07.671+0000] {processor.py:830} INFO - Processing file /opt/airflow/dags/tmdb_daily_dag.py for tasks to queue
[2026-03-29T19:08:07.671+0000] {logging_mixin.py:188} INFO - [2026-03-29T19:08:07.671+0000] {dagbag.py:545} INFO - Filling up the DagBag from /opt/airflow/dags/tmdb_daily_dag.py
[2026-03-29T19:08:07.676+0000] {processor.py:840} INFO - DAG(s) 'tmdb_raw_pipeline' retrieved from /opt/airflow/dags/tmdb_daily_dag.py
[2026-03-29T19:08:07.686+0000] {logging_mixin.py:188} INFO - [2026-03-29T19:08:07.686+0000] {dag.py:3096} INFO - Sync 1 DAGs
[2026-03-29T19:08:07.694+0000] {logging_mixin.py:188} INFO - [2026-03-29T19:08:07.694+0000] {dag.py:3954} INFO - Setting next_dagrun for tmdb_raw_pipeline to 2026-03-29 00:00:00+00:00, run_after=2026-03-30 00:00:00+00:00
[2026-03-29T19:08:07.700+0000] {processor.py:183} INFO - Processing /opt/airflow/dags/tmdb_daily_dag.py took 0.033 seconds
[2026-03-29T19:08:38.220+0000] {processor.py:161} INFO - Started process (PID=60710) to work on /opt/airflow/dags/tmdb_daily_dag.py
[2026-03-29T19:08:38.221+0000] {processor.py:830} INFO - Processing file /opt/airflow/dags/tmdb_daily_dag.py for tasks to queue
[2026-03-29T19:08:38.222+0000] {logging_mixin.py:188} INFO - [2026-03-29T19:08:38.221+0000] {dagbag.py:545} INFO - Filling up the DagBag from /opt/airflow/dags/tmdb_daily_dag.py
[2026-03-29T19:08:38.228+0000] {processor.py:840} INFO - DAG(s) 'tmdb_raw_pipeline' retrieved from /opt/airflow/dags/tmdb_daily_dag.py
[2026-03-29T19:08:38.238+0000] {logging_mixin.py:188} INFO - [2026-03-29T19:08:38.238+0000] {dag.py:3096} INFO - Sync 1 DAGs
[2026-03-29T19:08:38.248+0000] {logging_mixin.py:188} INFO - [2026-03-29T19:08:38.248+0000] {dag.py:3954} INFO - Setting next_dagrun for tmdb_raw_pipeline to 2026-03-29 00:00:00+00:00, run_after=2026-03-30 00:00:00+00:00
[2026-03-29T19:08:38.254+0000] {processor.py:183} INFO - Processing /opt/airflow/dags/tmdb_daily_dag.py took 0.038 seconds
[2026-03-29T19:09:08.657+0000] {processor.py:161} INFO - Started process (PID=60730) to work on /opt/airflow/dags/tmdb_daily_dag.py
[2026-03-29T19:09:08.658+0000] {processor.py:830} INFO - Processing file /opt/airflow/dags/tmdb_daily_dag.py for tasks to queue
[2026-03-29T19:09:08.658+0000] {logging_mixin.py:188} INFO - [2026-03-29T19:09:08.658+0000] {dagbag.py:545} INFO - Filling up the DagBag from /opt/airflow/dags/tmdb_daily_dag.py
[2026-03-29T19:09:08.663+0000] {processor.py:840} INFO - DAG(s) 'tmdb_raw_pipeline' retrieved from /opt/airflow/dags/tmdb_daily_dag.py
[2026-03-29T19:09:08.673+0000] {logging_mixin.py:188} INFO - [2026-03-29T19:09:08.673+0000] {dag.py:3096} INFO - Sync 1 DAGs
[2026-03-29T19:09:08.680+0000] {logging_mixin.py:188} INFO - [2026-03-29T19:09:08.680+0000] {dag.py:3954} INFO - Setting next_dagrun for tmdb_raw_pipeline to 2026-03-29 00:00:00+00:00, run_after=2026-03-30 00:00:00+00:00
[2026-03-29T19:09:08.686+0000] {processor.py:183} INFO - Processing /opt/airflow/dags/tmdb_daily_dag.py took 0.031 seconds
[2026-03-29T19:09:39.212+0000] {processor.py:161} INFO - Started process (PID=60750) to work on /opt/airflow/dags/tmdb_daily_dag.py
[2026-03-29T19:09:39.213+0000] {processor.py:830} INFO - Processing file /opt/airflow/dags/tmdb_daily_dag.py for tasks to queue
[2026-03-29T19:09:39.213+0000] {logging_mixin.py:188} INFO - [2026-03-29T19:09:39.213+0000] {dagbag.py:545} INFO - Filling up the DagBag from /opt/airflow/dags/tmdb_daily_dag.py
[2026-03-29T19:09:39.219+0000] {processor.py:840} INFO - DAG(s) 'tmdb_raw_pipeline' retrieved from /opt/airflow/dags/tmdb_daily_dag.py
[2026-03-29T19:09:39.228+0000] {logging_mixin.py:188} INFO - [2026-03-29T19:09:39.228+0000] {dag.py:3096} INFO - Sync 1 DAGs
[2026-03-29T19:09:39.238+0000] {logging_mixin.py:188} INFO - [2026-03-29T19:09:39.238+0000] {dag.py:3954} INFO - Setting next_dagrun for tmdb_raw_pipeline to 2026-03-29 00:00:00+00:00, run_after=2026-03-30 00:00:00+00:00
[2026-03-29T19:09:39.246+0000] {processor.py:183} INFO - Processing /opt/airflow/dags/tmdb_daily_dag.py took 0.036 seconds
[2026-03-29T19:10:09.660+0000] {processor.py:161} INFO - Started process (PID=60770) to work on /opt/airflow/dags/tmdb_daily_dag.py
[2026-03-29T19:10:09.661+0000] {processor.py:830} INFO - Processing file /opt/airflow/dags/tmdb_daily_dag.py for tasks to queue
[2026-03-29T19:10:09.661+0000] {logging_mixin.py:188} INFO - [2026-03-29T19:10:09.661+0000] {dagbag.py:545} INFO - Filling up the DagBag from /opt/airflow/dags/tmdb_daily_dag.py
[2026-03-29T19:10:09.666+0000] {processor.py:840} INFO - DAG(s) 'tmdb_raw_pipeline' retrieved from /opt/airflow/dags/tmdb_daily_dag.py
[2026-03-29T19:10:09.678+0000] {logging_mixin.py:188} INFO - [2026-03-29T19:10:09.678+0000] {dag.py:3096} INFO - Sync 1 DAGs
[2026-03-29T19:10:09.685+0000] {logging_mixin.py:188} INFO - [2026-03-29T19:10:09.685+0000] {dag.py:3954} INFO - Setting next_dagrun for tmdb_raw_pipeline to 2026-03-29 00:00:00+00:00, run_after=2026-03-30 00:00:00+00:00
[2026-03-29T19:10:09.691+0000] {processor.py:183} INFO - Processing /opt/airflow/dags/tmdb_daily_dag.py took 0.033 seconds
[2026-03-29T19:10:40.126+0000] {processor.py:161} INFO - Started process (PID=60790) to work on /opt/airflow/dags/tmdb_daily_dag.py
[2026-03-29T19:10:40.127+0000] {processor.py:830} INFO - Processing file /opt/airflow/dags/tmdb_daily_dag.py for tasks to queue
[2026-03-29T19:10:40.128+0000] {logging_mixin.py:188} INFO - [2026-03-29T19:10:40.127+0000] {dagbag.py:545} INFO - Filling up the DagBag from /opt/airflow/dags/tmdb_daily_dag.py
[2026-03-29T19:10:40.138+0000] {processor.py:840} INFO - DAG(s) 'tmdb_raw_pipeline' retrieved from /opt/airflow/dags/tmdb_daily_dag.py
[2026-03-29T19:10:40.153+0000] {logging_mixin.py:188} INFO - [2026-03-29T19:10:40.153+0000] {dag.py:3096} INFO - Sync 1 DAGs
[2026-03-29T19:10:40.170+0000] {logging_mixin.py:188} INFO - [2026-03-29T19:10:40.170+0000] {dag.py:3954} INFO - Setting next_dagrun for tmdb_raw_pipeline to 2026-03-29 00:00:00+00:00, run_after=2026-03-30 00:00:00+00:00
[2026-03-29T19:10:40.182+0000] {processor.py:183} INFO - Processing /opt/airflow/dags/tmdb_daily_dag.py took 0.058 seconds
[2026-03-29T19:11:10.616+0000] {processor.py:161} INFO - Started process (PID=60810) to work on /opt/airflow/dags/tmdb_daily_dag.py
[2026-03-29T19:11:10.617+0000] {processor.py:830} INFO - Processing file /opt/airflow/dags/tmdb_daily_dag.py for tasks to queue
[2026-03-29T19:11:10.618+0000] {logging_mixin.py:188} INFO - [2026-03-29T19:11:10.617+0000] {dagbag.py:545} INFO - Filling up the DagBag from /opt/airflow/dags/tmdb_daily_dag.py
[2026-03-29T19:11:10.622+0000] {processor.py:840} INFO - DAG(s) 'tmdb_raw_pipeline' retrieved from /opt/airflow/dags/tmdb_daily_dag.py
[2026-03-29T19:11:10.632+0000] {logging_mixin.py:188} INFO - [2026-03-29T19:11:10.632+0000] {dag.py:3096} INFO - Sync 1 DAGs
[2026-03-29T19:11:10.640+0000] {logging_mixin.py:188} INFO - [2026-03-29T19:11:10.640+0000] {dag.py:3954} INFO - Setting next_dagrun for tmdb_raw_pipeline to 2026-03-29 00:00:00+00:00, run_after=2026-03-30 00:00:00+00:00
[2026-03-29T19:11:10.646+0000] {processor.py:183} INFO - Processing /opt/airflow/dags/tmdb_daily_dag.py took 0.034 seconds
[2026-03-29T19:11:41.105+0000] {processor.py:161} INFO - Started process (PID=60830) to work on /opt/airflow/dags/tmdb_daily_dag.py
[2026-03-29T19:11:41.106+0000] {processor.py:830} INFO - Processing file /opt/airflow/dags/tmdb_daily_dag.py for tasks to queue
[2026-03-29T19:11:41.106+0000] {logging_mixin.py:188} INFO - [2026-03-29T19:11:41.106+0000] {dagbag.py:545} INFO - Filling up the DagBag from /opt/airflow/dags/tmdb_daily_dag.py
[2026-03-29T19:11:41.112+0000] {processor.py:840} INFO - DAG(s) 'tmdb_raw_pipeline' retrieved from /opt/airflow/dags/tmdb_daily_dag.py
[2026-03-29T19:11:41.122+0000] {logging_mixin.py:188} INFO - [2026-03-29T19:11:41.122+0000] {dag.py:3096} INFO - Sync 1 DAGs
[2026-03-29T19:11:41.130+0000] {logging_mixin.py:188} INFO - [2026-03-29T19:11:41.130+0000] {dag.py:3954} INFO - Setting next_dagrun for tmdb_raw_pipeline to 2026-03-29 00:00:00+00:00, run_after=2026-03-30 00:00:00+00:00
[2026-03-29T19:11:41.136+0000] {processor.py:183} INFO - Processing /opt/airflow/dags/tmdb_daily_dag.py took 0.034 seconds
[2026-03-29T19:12:11.569+0000] {processor.py:161} INFO - Started process (PID=60850) to work on /opt/airflow/dags/tmdb_daily_dag.py
[2026-03-29T19:12:11.570+0000] {processor.py:830} INFO - Processing file /opt/airflow/dags/tmdb_daily_dag.py for tasks to queue
[2026-03-29T19:12:11.571+0000] {logging_mixin.py:188} INFO - [2026-03-29T19:12:11.570+0000] {dagbag.py:545} INFO - Filling up the DagBag from /opt/airflow/dags/tmdb_daily_dag.py
[2026-03-29T19:12:11.576+0000] {processor.py:840} INFO - DAG(s) 'tmdb_raw_pipeline' retrieved from /opt/airflow/dags/tmdb_daily_dag.py
[2026-03-29T19:12:11.586+0000] {logging_mixin.py:188} INFO - [2026-03-29T19:12:11.585+0000] {dag.py:3096} INFO - Sync 1 DAGs
[2026-03-29T19:12:11.594+0000] {logging_mixin.py:188} INFO - [2026-03-29T19:12:11.593+0000] {dag.py:3954} INFO - Setting next_dagrun for tmdb_raw_pipeline to 2026-03-29 00:00:00+00:00, run_after=2026-03-30 00:00:00+00:00
[2026-03-29T19:12:11.600+0000] {processor.py:183} INFO - Processing /opt/airflow/dags/tmdb_daily_dag.py took 0.033 seconds
[2026-03-29T19:12:42.113+0000] {processor.py:161} INFO - Started process (PID=60870) to work on /opt/airflow/dags/tmdb_daily_dag.py
[2026-03-29T19:12:42.115+0000] {processor.py:830} INFO - Processing file /opt/airflow/dags/tmdb_daily_dag.py for tasks to queue
[2026-03-29T19:12:42.115+0000] {logging_mixin.py:188} INFO - [2026-03-29T19:12:42.115+0000] {dagbag.py:545} INFO - Filling up the DagBag from /opt/airflow/dags/tmdb_daily_dag.py
[2026-03-29T19:12:42.123+0000] {processor.py:840} INFO - DAG(s) 'tmdb_raw_pipeline' retrieved from /opt/airflow/dags/tmdb_daily_dag.py
[2026-03-29T19:12:42.133+0000] {logging_mixin.py:188} INFO - [2026-03-29T19:12:42.133+0000] {dag.py:3096} INFO - Sync 1 DAGs
[2026-03-29T19:12:42.142+0000] {logging_mixin.py:188} INFO - [2026-03-29T19:12:42.142+0000] {dag.py:3954} INFO - Setting next_dagrun for tmdb_raw_pipeline to 2026-03-29 00:00:00+00:00, run_after=2026-03-30 00:00:00+00:00
[2026-03-29T19:12:42.147+0000] {processor.py:183} INFO - Processing /opt/airflow/dags/tmdb_daily_dag.py took 0.037 seconds
[2026-03-29T19:13:12.517+0000] {processor.py:161} INFO - Started process (PID=60890) to work on /opt/airflow/dags/tmdb_daily_dag.py
[2026-03-29T19:13:12.518+0000] {processor.py:830} INFO - Processing file /opt/airflow/dags/tmdb_daily_dag.py for tasks to queue
[2026-03-29T19:13:12.518+0000] {logging_mixin.py:188} INFO - [2026-03-29T19:13:12.518+0000] {dagbag.py:545} INFO - Filling up the DagBag from /opt/airflow/dags/tmdb_daily_dag.py
[2026-03-29T19:13:12.524+0000] {processor.py:840} INFO - DAG(s) 'tmdb_raw_pipeline' retrieved from /opt/airflow/dags/tmdb_daily_dag.py
[2026-03-29T19:13:12.534+0000] {logging_mixin.py:188} INFO - [2026-03-29T19:13:12.533+0000] {dag.py:3096} INFO - Sync 1 DAGs
[2026-03-29T19:13:12.541+0000] {logging_mixin.py:188} INFO - [2026-03-29T19:13:12.541+0000] {dag.py:3954} INFO - Setting next_dagrun for tmdb_raw_pipeline to 2026-03-29 00:00:00+00:00, run_after=2026-03-30 00:00:00+00:00
[2026-03-29T19:13:12.547+0000] {processor.py:183} INFO - Processing /opt/airflow/dags/tmdb_daily_dag.py took 0.033 seconds
[2026-03-29T19:13:42.971+0000] {processor.py:161} INFO - Started process (PID=60910) to work on /opt/airflow/dags/tmdb_daily_dag.py
[2026-03-29T19:13:42.972+0000] {processor.py:830} INFO - Processing file /opt/airflow/dags/tmdb_daily_dag.py for tasks to queue
[2026-03-29T19:13:42.972+0000] {logging_mixin.py:188} INFO - [2026-03-29T19:13:42.972+0000] {dagbag.py:545} INFO - Filling up the DagBag from /opt/airflow/dags/tmdb_daily_dag.py
[2026-03-29T19:13:42.979+0000] {processor.py:840} INFO - DAG(s) 'tmdb_raw_pipeline' retrieved from /opt/airflow/dags/tmdb_daily_dag.py
[2026-03-29T19:13:42.989+0000] {logging_mixin.py:188} INFO - [2026-03-29T19:13:42.989+0000] {dag.py:3096} INFO - Sync 1 DAGs
[2026-03-29T19:13:42.998+0000] {logging_mixin.py:188} INFO - [2026-03-29T19:13:42.998+0000] {dag.py:3954} INFO - Setting next_dagrun for tmdb_raw_pipeline to 2026-03-29 00:00:00+00:00, run_after=2026-03-30 00:00:00+00:00
[2026-03-29T19:13:43.005+0000] {processor.py:183} INFO - Processing /opt/airflow/dags/tmdb_daily_dag.py took 0.036 seconds
[2026-03-29T19:14:13.415+0000] {processor.py:161} INFO - Started process (PID=60930) to work on /opt/airflow/dags/tmdb_daily_dag.py
[2026-03-29T19:14:13.415+0000] {processor.py:830} INFO - Processing file /opt/airflow/dags/tmdb_daily_dag.py for tasks to queue
[2026-03-29T19:14:13.416+0000] {logging_mixin.py:188} INFO - [2026-03-29T19:14:13.416+0000] {dagbag.py:545} INFO - Filling up the DagBag from /opt/airflow/dags/tmdb_daily_dag.py
[2026-03-29T19:14:13.421+0000] {processor.py:840} INFO - DAG(s) 'tmdb_raw_pipeline' retrieved from /opt/airflow/dags/tmdb_daily_dag.py
[2026-03-29T19:14:13.430+0000] {logging_mixin.py:188} INFO - [2026-03-29T19:14:13.430+0000] {dag.py:3096} INFO - Sync 1 DAGs
[2026-03-29T19:14:13.437+0000] {logging_mixin.py:188} INFO - [2026-03-29T19:14:13.437+0000] {dag.py:3954} INFO - Setting next_dagrun for tmdb_raw_pipeline to 2026-03-29 00:00:00+00:00, run_after=2026-03-30 00:00:00+00:00
[2026-03-29T19:14:13.443+0000] {processor.py:183} INFO - Processing /opt/airflow/dags/tmdb_daily_dag.py took 0.031 seconds
[2026-03-29T19:14:43.903+0000] {processor.py:161} INFO - Started process (PID=60950) to work on /opt/airflow/dags/tmdb_daily_dag.py
[2026-03-29T19:14:43.904+0000] {processor.py:830} INFO - Processing file /opt/airflow/dags/tmdb_daily_dag.py for tasks to queue
[2026-03-29T19:14:43.905+0000] {logging_mixin.py:188} INFO - [2026-03-29T19:14:43.905+0000] {dagbag.py:545} INFO - Filling up the DagBag from /opt/airflow/dags/tmdb_daily_dag.py
[2026-03-29T19:14:43.910+0000] {processor.py:840} INFO - DAG(s) 'tmdb_raw_pipeline' retrieved from /opt/airflow/dags/tmdb_daily_dag.py
[2026-03-29T19:14:43.920+0000] {logging_mixin.py:188} INFO - [2026-03-29T19:14:43.920+0000] {dag.py:3096} INFO - Sync 1 DAGs
[2026-03-29T19:14:43.928+0000] {logging_mixin.py:188} INFO - [2026-03-29T19:14:43.928+0000] {dag.py:3954} INFO - Setting next_dagrun for tmdb_raw_pipeline to 2026-03-29 00:00:00+00:00, run_after=2026-03-30 00:00:00+00:00
[2026-03-29T19:14:43.935+0000] {processor.py:183} INFO - Processing /opt/airflow/dags/tmdb_daily_dag.py took 0.033 seconds
[2026-03-29T19:15:14.367+0000] {processor.py:161} INFO - Started process (PID=60970) to work on /opt/airflow/dags/tmdb_daily_dag.py
[2026-03-29T19:15:14.368+0000] {processor.py:830} INFO - Processing file /opt/airflow/dags/tmdb_daily_dag.py for tasks to queue
[2026-03-29T19:15:14.369+0000] {logging_mixin.py:188} INFO - [2026-03-29T19:15:14.369+0000] {dagbag.py:545} INFO - Filling up the DagBag from /opt/airflow/dags/tmdb_daily_dag.py
[2026-03-29T19:15:14.377+0000] {processor.py:840} INFO - DAG(s) 'tmdb_raw_pipeline' retrieved from /opt/airflow/dags/tmdb_daily_dag.py
[2026-03-29T19:15:14.391+0000] {logging_mixin.py:188} INFO - [2026-03-29T19:15:14.391+0000] {dag.py:3096} INFO - Sync 1 DAGs
[2026-03-29T19:15:14.401+0000] {logging_mixin.py:188} INFO - [2026-03-29T19:15:14.401+0000] {dag.py:3954} INFO - Setting next_dagrun for tmdb_raw_pipeline to 2026-03-29 00:00:00+00:00, run_after=2026-03-30 00:00:00+00:00
[2026-03-29T19:15:14.409+0000] {processor.py:183} INFO - Processing /opt/airflow/dags/tmdb_daily_dag.py took 0.047 seconds
[2026-03-29T19:15:44.861+0000] {processor.py:161} INFO - Started process (PID=60990) to work on /opt/airflow/dags/tmdb_daily_dag.py
[2026-03-29T19:15:44.862+0000] {processor.py:830} INFO - Processing file /opt/airflow/dags/tmdb_daily_dag.py for tasks to queue
[2026-03-29T19:15:44.863+0000] {logging_mixin.py:188} INFO - [2026-03-29T19:15:44.863+0000] {dagbag.py:545} INFO - Filling up the DagBag from /opt/airflow/dags/tmdb_daily_dag.py
[2026-03-29T19:15:44.868+0000] {processor.py:840} INFO - DAG(s) 'tmdb_raw_pipeline' retrieved from /opt/airflow/dags/tmdb_daily_dag.py
[2026-03-29T19:15:44.878+0000] {logging_mixin.py:188} INFO - [2026-03-29T19:15:44.877+0000] {dag.py:3096} INFO - Sync 1 DAGs
[2026-03-29T19:15:44.886+0000] {logging_mixin.py:188} INFO - [2026-03-29T19:15:44.886+0000] {dag.py:3954} INFO - Setting next_dagrun for tmdb_raw_pipeline to 2026-03-29 00:00:00+00:00, run_after=2026-03-30 00:00:00+00:00
[2026-03-29T19:15:44.893+0000] {processor.py:183} INFO - Processing /opt/airflow/dags/tmdb_daily_dag.py took 0.034 seconds
[2026-03-29T19:16:15.249+0000] {processor.py:161} INFO - Started process (PID=61010) to work on /opt/airflow/dags/tmdb_daily_dag.py
[2026-03-29T19:16:15.250+0000] {processor.py:830} INFO - Processing file /opt/airflow/dags/tmdb_daily_dag.py for tasks to queue
[2026-03-29T19:16:15.250+0000] {logging_mixin.py:188} INFO - [2026-03-29T19:16:15.250+0000] {dagbag.py:545} INFO - Filling up the DagBag from /opt/airflow/dags/tmdb_daily_dag.py
[2026-03-29T19:16:15.256+0000] {processor.py:840} INFO - DAG(s) 'tmdb_raw_pipeline' retrieved from /opt/airflow/dags/tmdb_daily_dag.py
[2026-03-29T19:16:15.265+0000] {logging_mixin.py:188} INFO - [2026-03-29T19:16:15.265+0000] {dag.py:3096} INFO - Sync 1 DAGs
[2026-03-29T19:16:15.273+0000] {logging_mixin.py:188} INFO - [2026-03-29T19:16:15.273+0000] {dag.py:3954} INFO - Setting next_dagrun for tmdb_raw_pipeline to 2026-03-29 00:00:00+00:00, run_after=2026-03-30 00:00:00+00:00
[2026-03-29T19:16:15.279+0000] {processor.py:183} INFO - Processing /opt/airflow/dags/tmdb_daily_dag.py took 0.033 seconds
[2026-03-29T19:16:45.853+0000] {processor.py:161} INFO - Started process (PID=61030) to work on /opt/airflow/dags/tmdb_daily_dag.py
[2026-03-29T19:16:45.854+0000] {processor.py:830} INFO - Processing file /opt/airflow/dags/tmdb_daily_dag.py for tasks to queue
[2026-03-29T19:16:45.854+0000] {logging_mixin.py:188} INFO - [2026-03-29T19:16:45.854+0000] {dagbag.py:545} INFO - Filling up the DagBag from /opt/airflow/dags/tmdb_daily_dag.py
[2026-03-29T19:16:45.861+0000] {processor.py:840} INFO - DAG(s) 'tmdb_raw_pipeline' retrieved from /opt/airflow/dags/tmdb_daily_dag.py
[2026-03-29T19:16:45.874+0000] {logging_mixin.py:188} INFO - [2026-03-29T19:16:45.874+0000] {dag.py:3096} INFO - Sync 1 DAGs
[2026-03-29T19:16:45.884+0000] {logging_mixin.py:188} INFO - [2026-03-29T19:16:45.884+0000] {dag.py:3954} INFO - Setting next_dagrun for tmdb_raw_pipeline to 2026-03-29 00:00:00+00:00, run_after=2026-03-30 00:00:00+00:00
[2026-03-29T19:16:45.891+0000] {processor.py:183} INFO - Processing /opt/airflow/dags/tmdb_daily_dag.py took 0.041 seconds
[2026-03-29T19:17:16.292+0000] {processor.py:161} INFO - Started process (PID=61049) to work on /opt/airflow/dags/tmdb_daily_dag.py
[2026-03-29T19:17:16.293+0000] {processor.py:830} INFO - Processing file /opt/airflow/dags/tmdb_daily_dag.py for tasks to queue
[2026-03-29T19:17:16.294+0000] {logging_mixin.py:188} INFO - [2026-03-29T19:17:16.294+0000] {dagbag.py:545} INFO - Filling up the DagBag from /opt/airflow/dags/tmdb_daily_dag.py
[2026-03-29T19:17:16.299+0000] {processor.py:840} INFO - DAG(s) 'tmdb_raw_pipeline' retrieved from /opt/airflow/dags/tmdb_daily_dag.py
[2026-03-29T19:17:16.313+0000] {logging_mixin.py:188} INFO - [2026-03-29T19:17:16.313+0000] {dag.py:3096} INFO - Sync 1 DAGs
[2026-03-29T19:17:16.325+0000] {logging_mixin.py:188} INFO - [2026-03-29T19:17:16.325+0000] {dag.py:3954} INFO - Setting next_dagrun for tmdb_raw_pipeline to 2026-03-29 00:00:00+00:00, run_after=2026-03-30 00:00:00+00:00
[2026-03-29T19:17:16.334+0000] {processor.py:183} INFO - Processing /opt/airflow/dags/tmdb_daily_dag.py took 0.045 seconds
[2026-03-29T19:17:46.784+0000] {processor.py:161} INFO - Started process (PID=61070) to work on /opt/airflow/dags/tmdb_daily_dag.py
[2026-03-29T19:17:46.785+0000] {processor.py:830} INFO - Processing file /opt/airflow/dags/tmdb_daily_dag.py for tasks to queue
[2026-03-29T19:17:46.785+0000] {logging_mixin.py:188} INFO - [2026-03-29T19:17:46.785+0000] {dagbag.py:545} INFO - Filling up the DagBag from /opt/airflow/dags/tmdb_daily_dag.py
[2026-03-29T19:17:46.790+0000] {processor.py:840} INFO - DAG(s) 'tmdb_raw_pipeline' retrieved from /opt/airflow/dags/tmdb_daily_dag.py
[2026-03-29T19:17:46.800+0000] {logging_mixin.py:188} INFO - [2026-03-29T19:17:46.800+0000] {dag.py:3096} INFO - Sync 1 DAGs
[2026-03-29T19:17:46.809+0000] {logging_mixin.py:188} INFO - [2026-03-29T19:17:46.808+0000] {dag.py:3954} INFO - Setting next_dagrun for tmdb_raw_pipeline to 2026-03-29 00:00:00+00:00, run_after=2026-03-30 00:00:00+00:00
[2026-03-29T19:17:46.815+0000] {processor.py:183} INFO - Processing /opt/airflow/dags/tmdb_daily_dag.py took 0.033 seconds
[2026-03-29T19:18:17.244+0000] {processor.py:161} INFO - Started process (PID=61090) to work on /opt/airflow/dags/tmdb_daily_dag.py
[2026-03-29T19:18:17.245+0000] {processor.py:830} INFO - Processing file /opt/airflow/dags/tmdb_daily_dag.py for tasks to queue
[2026-03-29T19:18:17.245+0000] {logging_mixin.py:188} INFO - [2026-03-29T19:18:17.245+0000] {dagbag.py:545} INFO - Filling up the DagBag from /opt/airflow/dags/tmdb_daily_dag.py
[2026-03-29T19:18:17.251+0000] {processor.py:840} INFO - DAG(s) 'tmdb_raw_pipeline' retrieved from /opt/airflow/dags/tmdb_daily_dag.py
[2026-03-29T19:18:17.260+0000] {logging_mixin.py:188} INFO - [2026-03-29T19:18:17.260+0000] {dag.py:3096} INFO - Sync 1 DAGs
[2026-03-29T19:18:17.268+0000] {logging_mixin.py:188} INFO - [2026-03-29T19:18:17.267+0000] {dag.py:3954} INFO - Setting next_dagrun for tmdb_raw_pipeline to 2026-03-29 00:00:00+00:00, run_after=2026-03-30 00:00:00+00:00
[2026-03-29T19:18:17.273+0000] {processor.py:183} INFO - Processing /opt/airflow/dags/tmdb_daily_dag.py took 0.031 seconds
[2026-03-29T19:18:47.721+0000] {processor.py:161} INFO - Started process (PID=61110) to work on /opt/airflow/dags/tmdb_daily_dag.py
[2026-03-29T19:18:47.722+0000] {processor.py:830} INFO - Processing file /opt/airflow/dags/tmdb_daily_dag.py for tasks to queue
[2026-03-29T19:18:47.722+0000] {logging_mixin.py:188} INFO - [2026-03-29T19:18:47.722+0000] {dagbag.py:545} INFO - Filling up the DagBag from /opt/airflow/dags/tmdb_daily_dag.py
[2026-03-29T19:18:47.728+0000] {processor.py:840} INFO - DAG(s) 'tmdb_raw_pipeline' retrieved from /opt/airflow/dags/tmdb_daily_dag.py
[2026-03-29T19:18:47.738+0000] {logging_mixin.py:188} INFO - [2026-03-29T19:18:47.738+0000] {dag.py:3096} INFO - Sync 1 DAGs
[2026-03-29T19:18:47.751+0000] {logging_mixin.py:188} INFO - [2026-03-29T19:18:47.751+0000] {dag.py:3954} INFO - Setting next_dagrun for tmdb_raw_pipeline to 2026-03-29 00:00:00+00:00, run_after=2026-03-30 00:00:00+00:00
[2026-03-29T19:18:47.758+0000] {processor.py:183} INFO - Processing /opt/airflow/dags/tmdb_daily_dag.py took 0.040 seconds
[2026-03-29T19:19:18.142+0000] {processor.py:161} INFO - Started process (PID=61130) to work on /opt/airflow/dags/tmdb_daily_dag.py
[2026-03-29T19:19:18.143+0000] {processor.py:830} INFO - Processing file /opt/airflow/dags/tmdb_daily_dag.py for tasks to queue
[2026-03-29T19:19:18.143+0000] {logging_mixin.py:188} INFO - [2026-03-29T19:19:18.143+0000] {dagbag.py:545} INFO - Filling up the DagBag from /opt/airflow/dags/tmdb_daily_dag.py
[2026-03-29T19:19:18.148+0000] {processor.py:840} INFO - DAG(s) 'tmdb_raw_pipeline' retrieved from /opt/airflow/dags/tmdb_daily_dag.py
[2026-03-29T19:19:18.158+0000] {logging_mixin.py:188} INFO - [2026-03-29T19:19:18.158+0000] {dag.py:3096} INFO - Sync 1 DAGs
[2026-03-29T19:19:18.165+0000] {logging_mixin.py:188} INFO - [2026-03-29T19:19:18.165+0000] {dag.py:3954} INFO - Setting next_dagrun for tmdb_raw_pipeline to 2026-03-29 00:00:00+00:00, run_after=2026-03-30 00:00:00+00:00
[2026-03-29T19:19:18.171+0000] {processor.py:183} INFO - Processing /opt/airflow/dags/tmdb_daily_dag.py took 0.032 seconds
[2026-03-29T19:19:48.711+0000] {processor.py:161} INFO - Started process (PID=61150) to work on /opt/airflow/dags/tmdb_daily_dag.py
[2026-03-29T19:19:48.712+0000] {processor.py:830} INFO - Processing file /opt/airflow/dags/tmdb_daily_dag.py for tasks to queue
[2026-03-29T19:19:48.713+0000] {logging_mixin.py:188} INFO - [2026-03-29T19:19:48.712+0000] {dagbag.py:545} INFO - Filling up the DagBag from /opt/airflow/dags/tmdb_daily_dag.py
[2026-03-29T19:19:48.719+0000] {processor.py:840} INFO - DAG(s) 'tmdb_raw_pipeline' retrieved from /opt/airflow/dags/tmdb_daily_dag.py
[2026-03-29T19:19:48.729+0000] {logging_mixin.py:188} INFO - [2026-03-29T19:19:48.729+0000] {dag.py:3096} INFO - Sync 1 DAGs
[2026-03-29T19:19:48.737+0000] {logging_mixin.py:188} INFO - [2026-03-29T19:19:48.737+0000] {dag.py:3954} INFO - Setting next_dagrun for tmdb_raw_pipeline to 2026-03-29 00:00:00+00:00, run_after=2026-03-30 00:00:00+00:00
[2026-03-29T19:19:48.744+0000] {processor.py:183} INFO - Processing /opt/airflow/dags/tmdb_daily_dag.py took 0.035 seconds
[2026-03-29T19:20:19.157+0000] {processor.py:161} INFO - Started process (PID=61170) to work on /opt/airflow/dags/tmdb_daily_dag.py
[2026-03-29T19:20:19.158+0000] {processor.py:830} INFO - Processing file /opt/airflow/dags/tmdb_daily_dag.py for tasks to queue
[2026-03-29T19:20:19.159+0000] {logging_mixin.py:188} INFO - [2026-03-29T19:20:19.158+0000] {dagbag.py:545} INFO - Filling up the DagBag from /opt/airflow/dags/tmdb_daily_dag.py
[2026-03-29T19:20:19.164+0000] {processor.py:840} INFO - DAG(s) 'tmdb_raw_pipeline' retrieved from /opt/airflow/dags/tmdb_daily_dag.py
[2026-03-29T19:20:19.173+0000] {logging_mixin.py:188} INFO - [2026-03-29T19:20:19.173+0000] {dag.py:3096} INFO - Sync 1 DAGs
[2026-03-29T19:20:19.181+0000] {logging_mixin.py:188} INFO - [2026-03-29T19:20:19.181+0000] {dag.py:3954} INFO - Setting next_dagrun for tmdb_raw_pipeline to 2026-03-29 00:00:00+00:00, run_after=2026-03-30 00:00:00+00:00
[2026-03-29T19:20:19.187+0000] {processor.py:183} INFO - Processing /opt/airflow/dags/tmdb_daily_dag.py took 0.032 seconds
[2026-03-29T19:20:49.725+0000] {processor.py:161} INFO - Started process (PID=61190) to work on /opt/airflow/dags/tmdb_daily_dag.py
[2026-03-29T19:20:49.726+0000] {processor.py:830} INFO - Processing file /opt/airflow/dags/tmdb_daily_dag.py for tasks to queue
[2026-03-29T19:20:49.727+0000] {logging_mixin.py:188} INFO - [2026-03-29T19:20:49.727+0000] {dagbag.py:545} INFO - Filling up the DagBag from /opt/airflow/dags/tmdb_daily_dag.py
[2026-03-29T19:20:49.736+0000] {processor.py:840} INFO - DAG(s) 'tmdb_raw_pipeline' retrieved from /opt/airflow/dags/tmdb_daily_dag.py
[2026-03-29T19:20:49.746+0000] {logging_mixin.py:188} INFO - [2026-03-29T19:20:49.746+0000] {dag.py:3096} INFO - Sync 1 DAGs
[2026-03-29T19:20:49.755+0000] {logging_mixin.py:188} INFO - [2026-03-29T19:20:49.755+0000] {dag.py:3954} INFO - Setting next_dagrun for tmdb_raw_pipeline to 2026-03-29 00:00:00+00:00, run_after=2026-03-30 00:00:00+00:00
[2026-03-29T19:20:49.761+0000] {processor.py:183} INFO - Processing /opt/airflow/dags/tmdb_daily_dag.py took 0.040 seconds
[2026-03-29T19:21:20.222+0000] {processor.py:161} INFO - Started process (PID=61210) to work on /opt/airflow/dags/tmdb_daily_dag.py
[2026-03-29T19:21:20.223+0000] {processor.py:830} INFO - Processing file /opt/airflow/dags/tmdb_daily_dag.py for tasks to queue
[2026-03-29T19:21:20.223+0000] {logging_mixin.py:188} INFO - [2026-03-29T19:21:20.223+0000] {dagbag.py:545} INFO - Filling up the DagBag from /opt/airflow/dags/tmdb_daily_dag.py
[2026-03-29T19:21:20.229+0000] {processor.py:840} INFO - DAG(s) 'tmdb_raw_pipeline' retrieved from /opt/airflow/dags/tmdb_daily_dag.py
[2026-03-29T19:21:20.238+0000] {logging_mixin.py:188} INFO - [2026-03-29T19:21:20.238+0000] {dag.py:3096} INFO - Sync 1 DAGs
[2026-03-29T19:21:20.246+0000] {logging_mixin.py:188} INFO - [2026-03-29T19:21:20.246+0000] {dag.py:3954} INFO - Setting next_dagrun for tmdb_raw_pipeline to 2026-03-29 00:00:00+00:00, run_after=2026-03-30 00:00:00+00:00
[2026-03-29T19:21:20.251+0000] {processor.py:183} INFO - Processing /opt/airflow/dags/tmdb_daily_dag.py took 0.034 seconds
[2026-03-29T19:21:50.722+0000] {processor.py:161} INFO - Started process (PID=61230) to work on /opt/airflow/dags/tmdb_daily_dag.py
[2026-03-29T19:21:50.723+0000] {processor.py:830} INFO - Processing file /opt/airflow/dags/tmdb_daily_dag.py for tasks to queue
[2026-03-29T19:21:50.723+0000] {logging_mixin.py:188} INFO - [2026-03-29T19:21:50.723+0000] {dagbag.py:545} INFO - Filling up the DagBag from /opt/airflow/dags/tmdb_daily_dag.py
[2026-03-29T19:21:50.730+0000] {processor.py:840} INFO - DAG(s) 'tmdb_raw_pipeline' retrieved from /opt/airflow/dags/tmdb_daily_dag.py
[2026-03-29T19:21:50.739+0000] {logging_mixin.py:188} INFO - [2026-03-29T19:21:50.739+0000] {dag.py:3096} INFO - Sync 1 DAGs
[2026-03-29T19:21:50.748+0000] {logging_mixin.py:188} INFO - [2026-03-29T19:21:50.748+0000] {dag.py:3954} INFO - Setting next_dagrun for tmdb_raw_pipeline to 2026-03-29 00:00:00+00:00, run_after=2026-03-30 00:00:00+00:00
[2026-03-29T19:21:50.754+0000] {processor.py:183} INFO - Processing /opt/airflow/dags/tmdb_daily_dag.py took 0.035 seconds
[2026-03-29T19:22:21.208+0000] {processor.py:161} INFO - Started process (PID=61250) to work on /opt/airflow/dags/tmdb_daily_dag.py
[2026-03-29T19:22:21.208+0000] {processor.py:830} INFO - Processing file /opt/airflow/dags/tmdb_daily_dag.py for tasks to queue
[2026-03-29T19:22:21.209+0000] {logging_mixin.py:188} INFO - [2026-03-29T19:22:21.209+0000] {dagbag.py:545} INFO - Filling up the DagBag from /opt/airflow/dags/tmdb_daily_dag.py
[2026-03-29T19:22:21.214+0000] {processor.py:840} INFO - DAG(s) 'tmdb_raw_pipeline' retrieved from /opt/airflow/dags/tmdb_daily_dag.py
[2026-03-29T19:22:21.224+0000] {logging_mixin.py:188} INFO - [2026-03-29T19:22:21.224+0000] {dag.py:3096} INFO - Sync 1 DAGs
[2026-03-29T19:22:21.232+0000] {logging_mixin.py:188} INFO - [2026-03-29T19:22:21.232+0000] {dag.py:3954} INFO - Setting next_dagrun for tmdb_raw_pipeline to 2026-03-29 00:00:00+00:00, run_after=2026-03-30 00:00:00+00:00
[2026-03-29T19:22:21.238+0000] {processor.py:183} INFO - Processing /opt/airflow/dags/tmdb_daily_dag.py took 0.033 seconds
[2026-03-29T19:22:51.799+0000] {processor.py:161} INFO - Started process (PID=61270) to work on /opt/airflow/dags/tmdb_daily_dag.py
[2026-03-29T19:22:51.800+0000] {processor.py:830} INFO - Processing file /opt/airflow/dags/tmdb_daily_dag.py for tasks to queue
[2026-03-29T19:22:51.800+0000] {logging_mixin.py:188} INFO - [2026-03-29T19:22:51.800+0000] {dagbag.py:545} INFO - Filling up the DagBag from /opt/airflow/dags/tmdb_daily_dag.py
[2026-03-29T19:22:51.807+0000] {processor.py:840} INFO - DAG(s) 'tmdb_raw_pipeline' retrieved from /opt/airflow/dags/tmdb_daily_dag.py
[2026-03-29T19:22:51.819+0000] {logging_mixin.py:188} INFO - [2026-03-29T19:22:51.818+0000] {dag.py:3096} INFO - Sync 1 DAGs
[2026-03-29T19:22:51.828+0000] {logging_mixin.py:188} INFO - [2026-03-29T19:22:51.828+0000] {dag.py:3954} INFO - Setting next_dagrun for tmdb_raw_pipeline to 2026-03-29 00:00:00+00:00, run_after=2026-03-30 00:00:00+00:00
[2026-03-29T19:22:51.834+0000] {processor.py:183} INFO - Processing /opt/airflow/dags/tmdb_daily_dag.py took 0.040 seconds
[2026-03-29T19:23:22.340+0000] {processor.py:161} INFO - Started process (PID=61290) to work on /opt/airflow/dags/tmdb_daily_dag.py
[2026-03-29T19:23:22.341+0000] {processor.py:830} INFO - Processing file /opt/airflow/dags/tmdb_daily_dag.py for tasks to queue
[2026-03-29T19:23:22.341+0000] {logging_mixin.py:188} INFO - [2026-03-29T19:23:22.341+0000] {dagbag.py:545} INFO - Filling up the DagBag from /opt/airflow/dags/tmdb_daily_dag.py
[2026-03-29T19:23:22.349+0000] {processor.py:840} INFO - DAG(s) 'tmdb_raw_pipeline' retrieved from /opt/airflow/dags/tmdb_daily_dag.py
[2026-03-29T19:23:22.361+0000] {logging_mixin.py:188} INFO - [2026-03-29T19:23:22.361+0000] {dag.py:3096} INFO - Sync 1 DAGs
[2026-03-29T19:23:22.369+0000] {logging_mixin.py:188} INFO - [2026-03-29T19:23:22.369+0000] {dag.py:3954} INFO - Setting next_dagrun for tmdb_raw_pipeline to 2026-03-29 00:00:00+00:00, run_after=2026-03-30 00:00:00+00:00
[2026-03-29T19:23:22.375+0000] {processor.py:183} INFO - Processing /opt/airflow/dags/tmdb_daily_dag.py took 0.038 seconds
[2026-03-29T19:23:52.844+0000] {processor.py:161} INFO - Started process (PID=61310) to work on /opt/airflow/dags/tmdb_daily_dag.py
[2026-03-29T19:23:52.845+0000] {processor.py:830} INFO - Processing file /opt/airflow/dags/tmdb_daily_dag.py for tasks to queue
[2026-03-29T19:23:52.845+0000] {logging_mixin.py:188} INFO - [2026-03-29T19:23:52.845+0000] {dagbag.py:545} INFO - Filling up the DagBag from /opt/airflow/dags/tmdb_daily_dag.py
[2026-03-29T19:23:52.851+0000] {processor.py:840} INFO - DAG(s) 'tmdb_raw_pipeline' retrieved from /opt/airflow/dags/tmdb_daily_dag.py
[2026-03-29T19:23:52.861+0000] {logging_mixin.py:188} INFO - [2026-03-29T19:23:52.861+0000] {dag.py:3096} INFO - Sync 1 DAGs
[2026-03-29T19:23:52.869+0000] {logging_mixin.py:188} INFO - [2026-03-29T19:23:52.869+0000] {dag.py:3954} INFO - Setting next_dagrun for tmdb_raw_pipeline to 2026-03-29 00:00:00+00:00, run_after=2026-03-30 00:00:00+00:00
[2026-03-29T19:23:52.875+0000] {processor.py:183} INFO - Processing /opt/airflow/dags/tmdb_daily_dag.py took 0.036 seconds
[2026-03-29T19:24:23.290+0000] {processor.py:161} INFO - Started process (PID=61330) to work on /opt/airflow/dags/tmdb_daily_dag.py
[2026-03-29T19:24:23.292+0000] {processor.py:830} INFO - Processing file /opt/airflow/dags/tmdb_daily_dag.py for tasks to queue
[2026-03-29T19:24:23.293+0000] {logging_mixin.py:188} INFO - [2026-03-29T19:24:23.293+0000] {dagbag.py:545} INFO - Filling up the DagBag from /opt/airflow/dags/tmdb_daily_dag.py
[2026-03-29T19:24:23.305+0000] {processor.py:840} INFO - DAG(s) 'tmdb_raw_pipeline' retrieved from /opt/airflow/dags/tmdb_daily_dag.py
[2026-03-29T19:24:23.326+0000] {logging_mixin.py:188} INFO - [2026-03-29T19:24:23.326+0000] {dag.py:3096} INFO - Sync 1 DAGs
[2026-03-29T19:24:23.340+0000] {logging_mixin.py:188} INFO - [2026-03-29T19:24:23.340+0000] {dag.py:3954} INFO - Setting next_dagrun for tmdb_raw_pipeline to 2026-03-29 00:00:00+00:00, run_after=2026-03-30 00:00:00+00:00
[2026-03-29T19:24:23.401+0000] {processor.py:183} INFO - Processing /opt/airflow/dags/tmdb_daily_dag.py took 0.115 seconds
[2026-03-29T19:24:53.896+0000] {processor.py:161} INFO - Started process (PID=61350) to work on /opt/airflow/dags/tmdb_daily_dag.py
[2026-03-29T19:24:53.898+0000] {processor.py:830} INFO - Processing file /opt/airflow/dags/tmdb_daily_dag.py for tasks to queue
[2026-03-29T19:24:53.898+0000] {logging_mixin.py:188} INFO - [2026-03-29T19:24:53.898+0000] {dagbag.py:545} INFO - Filling up the DagBag from /opt/airflow/dags/tmdb_daily_dag.py
[2026-03-29T19:24:53.903+0000] {processor.py:840} INFO - DAG(s) 'tmdb_raw_pipeline' retrieved from /opt/airflow/dags/tmdb_daily_dag.py
[2026-03-29T19:24:53.913+0000] {logging_mixin.py:188} INFO - [2026-03-29T19:24:53.913+0000] {dag.py:3096} INFO - Sync 1 DAGs
[2026-03-29T19:24:53.921+0000] {logging_mixin.py:188} INFO - [2026-03-29T19:24:53.921+0000] {dag.py:3954} INFO - Setting next_dagrun for tmdb_raw_pipeline to 2026-03-29 00:00:00+00:00, run_after=2026-03-30 00:00:00+00:00
[2026-03-29T19:24:53.927+0000] {processor.py:183} INFO - Processing /opt/airflow/dags/tmdb_daily_dag.py took 0.033 seconds
[2026-03-29T19:25:24.469+0000] {processor.py:161} INFO - Started process (PID=61370) to work on /opt/airflow/dags/tmdb_daily_dag.py
[2026-03-29T19:25:24.470+0000] {processor.py:830} INFO - Processing file /opt/airflow/dags/tmdb_daily_dag.py for tasks to queue
[2026-03-29T19:25:24.471+0000] {logging_mixin.py:188} INFO - [2026-03-29T19:25:24.470+0000] {dagbag.py:545} INFO - Filling up the DagBag from /opt/airflow/dags/tmdb_daily_dag.py
[2026-03-29T19:25:24.478+0000] {processor.py:840} INFO - DAG(s) 'tmdb_raw_pipeline' retrieved from /opt/airflow/dags/tmdb_daily_dag.py
[2026-03-29T19:25:24.490+0000] {logging_mixin.py:188} INFO - [2026-03-29T19:25:24.489+0000] {dag.py:3096} INFO - Sync 1 DAGs
[2026-03-29T19:25:24.500+0000] {logging_mixin.py:188} INFO - [2026-03-29T19:25:24.500+0000] {dag.py:3954} INFO - Setting next_dagrun for tmdb_raw_pipeline to 2026-03-29 00:00:00+00:00, run_after=2026-03-30 00:00:00+00:00
[2026-03-29T19:25:24.506+0000] {processor.py:183} INFO - Processing /opt/airflow/dags/tmdb_daily_dag.py took 0.043 seconds
[2026-03-29T19:25:54.961+0000] {processor.py:161} INFO - Started process (PID=61390) to work on /opt/airflow/dags/tmdb_daily_dag.py
[2026-03-29T19:25:54.962+0000] {processor.py:830} INFO - Processing file /opt/airflow/dags/tmdb_daily_dag.py for tasks to queue
[2026-03-29T19:25:54.963+0000] {logging_mixin.py:188} INFO - [2026-03-29T19:25:54.963+0000] {dagbag.py:545} INFO - Filling up the DagBag from /opt/airflow/dags/tmdb_daily_dag.py
[2026-03-29T19:25:54.971+0000] {processor.py:840} INFO - DAG(s) 'tmdb_raw_pipeline' retrieved from /opt/airflow/dags/tmdb_daily_dag.py
[2026-03-29T19:25:54.984+0000] {logging_mixin.py:188} INFO - [2026-03-29T19:25:54.984+0000] {dag.py:3096} INFO - Sync 1 DAGs
[2026-03-29T19:25:54.994+0000] {logging_mixin.py:188} INFO - [2026-03-29T19:25:54.994+0000] {dag.py:3954} INFO - Setting next_dagrun for tmdb_raw_pipeline to 2026-03-29 00:00:00+00:00, run_after=2026-03-30 00:00:00+00:00
[2026-03-29T19:25:55.000+0000] {processor.py:183} INFO - Processing /opt/airflow/dags/tmdb_daily_dag.py took 0.043 seconds
[2026-03-29T19:26:25.477+0000] {processor.py:161} INFO - Started process (PID=61410) to work on /opt/airflow/dags/tmdb_daily_dag.py
[2026-03-29T19:26:25.478+0000] {processor.py:830} INFO - Processing file /opt/airflow/dags/tmdb_daily_dag.py for tasks to queue
[2026-03-29T19:26:25.478+0000] {logging_mixin.py:188} INFO - [2026-03-29T19:26:25.478+0000] {dagbag.py:545} INFO - Filling up the DagBag from /opt/airflow/dags/tmdb_daily_dag.py
[2026-03-29T19:26:25.484+0000] {processor.py:840} INFO - DAG(s) 'tmdb_raw_pipeline' retrieved from /opt/airflow/dags/tmdb_daily_dag.py
[2026-03-29T19:26:25.493+0000] {logging_mixin.py:188} INFO - [2026-03-29T19:26:25.493+0000] {dag.py:3096} INFO - Sync 1 DAGs
[2026-03-29T19:26:25.502+0000] {logging_mixin.py:188} INFO - [2026-03-29T19:26:25.502+0000] {dag.py:3954} INFO - Setting next_dagrun for tmdb_raw_pipeline to 2026-03-29 00:00:00+00:00, run_after=2026-03-30 00:00:00+00:00
[2026-03-29T19:26:25.508+0000] {processor.py:183} INFO - Processing /opt/airflow/dags/tmdb_daily_dag.py took 0.033 seconds
[2026-03-29T19:26:55.969+0000] {processor.py:161} INFO - Started process (PID=61430) to work on /opt/airflow/dags/tmdb_daily_dag.py
[2026-03-29T19:26:55.970+0000] {processor.py:830} INFO - Processing file /opt/airflow/dags/tmdb_daily_dag.py for tasks to queue
[2026-03-29T19:26:55.970+0000] {logging_mixin.py:188} INFO - [2026-03-29T19:26:55.970+0000] {dagbag.py:545} INFO - Filling up the DagBag from /opt/airflow/dags/tmdb_daily_dag.py
[2026-03-29T19:26:55.977+0000] {processor.py:840} INFO - DAG(s) 'tmdb_raw_pipeline' retrieved from /opt/airflow/dags/tmdb_daily_dag.py
[2026-03-29T19:26:55.987+0000] {logging_mixin.py:188} INFO - [2026-03-29T19:26:55.987+0000] {dag.py:3096} INFO - Sync 1 DAGs
[2026-03-29T19:26:55.996+0000] {logging_mixin.py:188} INFO - [2026-03-29T19:26:55.996+0000] {dag.py:3954} INFO - Setting next_dagrun for tmdb_raw_pipeline to 2026-03-29 00:00:00+00:00, run_after=2026-03-30 00:00:00+00:00
[2026-03-29T19:26:56.003+0000] {processor.py:183} INFO - Processing /opt/airflow/dags/tmdb_daily_dag.py took 0.036 seconds
[2026-03-29T19:27:26.552+0000] {processor.py:161} INFO - Started process (PID=61450) to work on /opt/airflow/dags/tmdb_daily_dag.py
[2026-03-29T19:27:26.553+0000] {processor.py:830} INFO - Processing file /opt/airflow/dags/tmdb_daily_dag.py for tasks to queue
[2026-03-29T19:27:26.554+0000] {logging_mixin.py:188} INFO - [2026-03-29T19:27:26.554+0000] {dagbag.py:545} INFO - Filling up the DagBag from /opt/airflow/dags/tmdb_daily_dag.py
[2026-03-29T19:27:26.560+0000] {processor.py:840} INFO - DAG(s) 'tmdb_raw_pipeline' retrieved from /opt/airflow/dags/tmdb_daily_dag.py
[2026-03-29T19:27:26.570+0000] {logging_mixin.py:188} INFO - [2026-03-29T19:27:26.570+0000] {dag.py:3096} INFO - Sync 1 DAGs
[2026-03-29T19:27:26.579+0000] {logging_mixin.py:188} INFO - [2026-03-29T19:27:26.579+0000] {dag.py:3954} INFO - Setting next_dagrun for tmdb_raw_pipeline to 2026-03-29 00:00:00+00:00, run_after=2026-03-30 00:00:00+00:00
[2026-03-29T19:27:26.585+0000] {processor.py:183} INFO - Processing /opt/airflow/dags/tmdb_daily_dag.py took 0.039 seconds
[2026-03-29T19:27:57.022+0000] {processor.py:161} INFO - Started process (PID=61470) to work on /opt/airflow/dags/tmdb_daily_dag.py
[2026-03-29T19:27:57.023+0000] {processor.py:830} INFO - Processing file /opt/airflow/dags/tmdb_daily_dag.py for tasks to queue
[2026-03-29T19:27:57.023+0000] {logging_mixin.py:188} INFO - [2026-03-29T19:27:57.023+0000] {dagbag.py:545} INFO - Filling up the DagBag from /opt/airflow/dags/tmdb_daily_dag.py
[2026-03-29T19:27:57.029+0000] {processor.py:840} INFO - DAG(s) 'tmdb_raw_pipeline' retrieved from /opt/airflow/dags/tmdb_daily_dag.py
[2026-03-29T19:27:57.039+0000] {logging_mixin.py:188} INFO - [2026-03-29T19:27:57.039+0000] {dag.py:3096} INFO - Sync 1 DAGs
[2026-03-29T19:27:57.048+0000] {logging_mixin.py:188} INFO - [2026-03-29T19:27:57.048+0000] {dag.py:3954} INFO - Setting next_dagrun for tmdb_raw_pipeline to 2026-03-29 00:00:00+00:00, run_after=2026-03-30 00:00:00+00:00
[2026-03-29T19:27:57.055+0000] {processor.py:183} INFO - Processing /opt/airflow/dags/tmdb_daily_dag.py took 0.036 seconds
[2026-03-29T19:28:27.611+0000] {processor.py:161} INFO - Started process (PID=61490) to work on /opt/airflow/dags/tmdb_daily_dag.py
[2026-03-29T19:28:27.612+0000] {processor.py:830} INFO - Processing file /opt/airflow/dags/tmdb_daily_dag.py for tasks to queue
[2026-03-29T19:28:27.612+0000] {logging_mixin.py:188} INFO - [2026-03-29T19:28:27.612+0000] {dagbag.py:545} INFO - Filling up the DagBag from /opt/airflow/dags/tmdb_daily_dag.py
[2026-03-29T19:28:27.619+0000] {processor.py:840} INFO - DAG(s) 'tmdb_raw_pipeline' retrieved from /opt/airflow/dags/tmdb_daily_dag.py
[2026-03-29T19:28:27.628+0000] {logging_mixin.py:188} INFO - [2026-03-29T19:28:27.628+0000] {dag.py:3096} INFO - Sync 1 DAGs
[2026-03-29T19:28:27.637+0000] {logging_mixin.py:188} INFO - [2026-03-29T19:28:27.637+0000] {dag.py:3954} INFO - Setting next_dagrun for tmdb_raw_pipeline to 2026-03-29 00:00:00+00:00, run_after=2026-03-30 00:00:00+00:00
[2026-03-29T19:28:27.643+0000] {processor.py:183} INFO - Processing /opt/airflow/dags/tmdb_daily_dag.py took 0.035 seconds
[2026-03-29T19:28:58.100+0000] {processor.py:161} INFO - Started process (PID=61510) to work on /opt/airflow/dags/tmdb_daily_dag.py
[2026-03-29T19:28:58.101+0000] {processor.py:830} INFO - Processing file /opt/airflow/dags/tmdb_daily_dag.py for tasks to queue
[2026-03-29T19:28:58.101+0000] {logging_mixin.py:188} INFO - [2026-03-29T19:28:58.101+0000] {dagbag.py:545} INFO - Filling up the DagBag from /opt/airflow/dags/tmdb_daily_dag.py
[2026-03-29T19:28:58.108+0000] {processor.py:840} INFO - DAG(s) 'tmdb_raw_pipeline' retrieved from /opt/airflow/dags/tmdb_daily_dag.py
[2026-03-29T19:28:58.120+0000] {logging_mixin.py:188} INFO - [2026-03-29T19:28:58.120+0000] {dag.py:3096} INFO - Sync 1 DAGs
[2026-03-29T19:28:58.129+0000] {logging_mixin.py:188} INFO - [2026-03-29T19:28:58.128+0000] {dag.py:3954} INFO - Setting next_dagrun for tmdb_raw_pipeline to 2026-03-29 00:00:00+00:00, run_after=2026-03-30 00:00:00+00:00
[2026-03-29T19:28:58.134+0000] {processor.py:183} INFO - Processing /opt/airflow/dags/tmdb_daily_dag.py took 0.037 seconds
[2026-03-29T19:29:28.720+0000] {processor.py:161} INFO - Started process (PID=61530) to work on /opt/airflow/dags/tmdb_daily_dag.py
[2026-03-29T19:29:28.721+0000] {processor.py:830} INFO - Processing file /opt/airflow/dags/tmdb_daily_dag.py for tasks to queue
[2026-03-29T19:29:28.721+0000] {logging_mixin.py:188} INFO - [2026-03-29T19:29:28.721+0000] {dagbag.py:545} INFO - Filling up the DagBag from /opt/airflow/dags/tmdb_daily_dag.py
[2026-03-29T19:29:28.727+0000] {processor.py:840} INFO - DAG(s) 'tmdb_raw_pipeline' retrieved from /opt/airflow/dags/tmdb_daily_dag.py
[2026-03-29T19:29:28.738+0000] {logging_mixin.py:188} INFO - [2026-03-29T19:29:28.738+0000] {dag.py:3096} INFO - Sync 1 DAGs
[2026-03-29T19:29:28.747+0000] {logging_mixin.py:188} INFO - [2026-03-29T19:29:28.747+0000] {dag.py:3954} INFO - Setting next_dagrun for tmdb_raw_pipeline to 2026-03-29 00:00:00+00:00, run_after=2026-03-30 00:00:00+00:00
[2026-03-29T19:29:28.753+0000] {processor.py:183} INFO - Processing /opt/airflow/dags/tmdb_daily_dag.py took 0.036 seconds
[2026-03-29T19:29:59.227+0000] {processor.py:161} INFO - Started process (PID=61550) to work on /opt/airflow/dags/tmdb_daily_dag.py
[2026-03-29T19:29:59.228+0000] {processor.py:830} INFO - Processing file /opt/airflow/dags/tmdb_daily_dag.py for tasks to queue
[2026-03-29T19:29:59.229+0000] {logging_mixin.py:188} INFO - [2026-03-29T19:29:59.229+0000] {dagbag.py:545} INFO - Filling up the DagBag from /opt/airflow/dags/tmdb_daily_dag.py
[2026-03-29T19:29:59.236+0000] {processor.py:840} INFO - DAG(s) 'tmdb_raw_pipeline' retrieved from /opt/airflow/dags/tmdb_daily_dag.py
[2026-03-29T19:29:59.247+0000] {logging_mixin.py:188} INFO - [2026-03-29T19:29:59.247+0000] {dag.py:3096} INFO - Sync 1 DAGs
[2026-03-29T19:29:59.255+0000] {logging_mixin.py:188} INFO - [2026-03-29T19:29:59.255+0000] {dag.py:3954} INFO - Setting next_dagrun for tmdb_raw_pipeline to 2026-03-29 00:00:00+00:00, run_after=2026-03-30 00:00:00+00:00
[2026-03-29T19:29:59.262+0000] {processor.py:183} INFO - Processing /opt/airflow/dags/tmdb_daily_dag.py took 0.037 seconds
[2026-03-29T19:30:29.860+0000] {processor.py:161} INFO - Started process (PID=61570) to work on /opt/airflow/dags/tmdb_daily_dag.py
[2026-03-29T19:30:29.861+0000] {processor.py:830} INFO - Processing file /opt/airflow/dags/tmdb_daily_dag.py for tasks to queue
[2026-03-29T19:30:29.861+0000] {logging_mixin.py:188} INFO - [2026-03-29T19:30:29.861+0000] {dagbag.py:545} INFO - Filling up the DagBag from /opt/airflow/dags/tmdb_daily_dag.py
[2026-03-29T19:30:29.868+0000] {processor.py:840} INFO - DAG(s) 'tmdb_raw_pipeline' retrieved from /opt/airflow/dags/tmdb_daily_dag.py
[2026-03-29T19:30:29.879+0000] {logging_mixin.py:188} INFO - [2026-03-29T19:30:29.879+0000] {dag.py:3096} INFO - Sync 1 DAGs
[2026-03-29T19:30:29.888+0000] {logging_mixin.py:188} INFO - [2026-03-29T19:30:29.888+0000] {dag.py:3954} INFO - Setting next_dagrun for tmdb_raw_pipeline to 2026-03-29 00:00:00+00:00, run_after=2026-03-30 00:00:00+00:00
[2026-03-29T19:30:29.894+0000] {processor.py:183} INFO - Processing /opt/airflow/dags/tmdb_daily_dag.py took 0.042 seconds
[2026-03-29T19:31:00.410+0000] {processor.py:161} INFO - Started process (PID=61590) to work on /opt/airflow/dags/tmdb_daily_dag.py
[2026-03-29T19:31:00.412+0000] {processor.py:830} INFO - Processing file /opt/airflow/dags/tmdb_daily_dag.py for tasks to queue
[2026-03-29T19:31:00.412+0000] {logging_mixin.py:188} INFO - [2026-03-29T19:31:00.412+0000] {dagbag.py:545} INFO - Filling up the DagBag from /opt/airflow/dags/tmdb_daily_dag.py
[2026-03-29T19:31:00.422+0000] {processor.py:840} INFO - DAG(s) 'tmdb_raw_pipeline' retrieved from /opt/airflow/dags/tmdb_daily_dag.py
[2026-03-29T19:31:00.434+0000] {logging_mixin.py:188} INFO - [2026-03-29T19:31:00.434+0000] {dag.py:3096} INFO - Sync 1 DAGs
[2026-03-29T19:31:00.444+0000] {logging_mixin.py:188} INFO - [2026-03-29T19:31:00.443+0000] {dag.py:3954} INFO - Setting next_dagrun for tmdb_raw_pipeline to 2026-03-29 00:00:00+00:00, run_after=2026-03-30 00:00:00+00:00
[2026-03-29T19:31:00.450+0000] {processor.py:183} INFO - Processing /opt/airflow/dags/tmdb_daily_dag.py took 0.043 seconds
[2026-03-29T19:31:30.993+0000] {processor.py:161} INFO - Started process (PID=61610) to work on /opt/airflow/dags/tmdb_daily_dag.py
[2026-03-29T19:31:30.994+0000] {processor.py:830} INFO - Processing file /opt/airflow/dags/tmdb_daily_dag.py for tasks to queue
[2026-03-29T19:31:30.995+0000] {logging_mixin.py:188} INFO - [2026-03-29T19:31:30.994+0000] {dagbag.py:545} INFO - Filling up the DagBag from /opt/airflow/dags/tmdb_daily_dag.py
[2026-03-29T19:31:31.001+0000] {processor.py:840} INFO - DAG(s) 'tmdb_raw_pipeline' retrieved from /opt/airflow/dags/tmdb_daily_dag.py
[2026-03-29T19:31:31.011+0000] {logging_mixin.py:188} INFO - [2026-03-29T19:31:31.011+0000] {dag.py:3096} INFO - Sync 1 DAGs
[2026-03-29T19:31:31.019+0000] {logging_mixin.py:188} INFO - [2026-03-29T19:31:31.019+0000] {dag.py:3954} INFO - Setting next_dagrun for tmdb_raw_pipeline to 2026-03-29 00:00:00+00:00, run_after=2026-03-30 00:00:00+00:00
[2026-03-29T19:31:31.025+0000] {processor.py:183} INFO - Processing /opt/airflow/dags/tmdb_daily_dag.py took 0.034 seconds
[2026-03-29T19:32:01.564+0000] {processor.py:161} INFO - Started process (PID=61630) to work on /opt/airflow/dags/tmdb_daily_dag.py
[2026-03-29T19:32:01.565+0000] {processor.py:830} INFO - Processing file /opt/airflow/dags/tmdb_daily_dag.py for tasks to queue
[2026-03-29T19:32:01.566+0000] {logging_mixin.py:188} INFO - [2026-03-29T19:32:01.565+0000] {dagbag.py:545} INFO - Filling up the DagBag from /opt/airflow/dags/tmdb_daily_dag.py
[2026-03-29T19:32:01.572+0000] {processor.py:840} INFO - DAG(s) 'tmdb_raw_pipeline' retrieved from /opt/airflow/dags/tmdb_daily_dag.py
[2026-03-29T19:32:01.581+0000] {logging_mixin.py:188} INFO - [2026-03-29T19:32:01.581+0000] {dag.py:3096} INFO - Sync 1 DAGs
[2026-03-29T19:32:01.589+0000] {logging_mixin.py:188} INFO - [2026-03-29T19:32:01.589+0000] {dag.py:3954} INFO - Setting next_dagrun for tmdb_raw_pipeline to 2026-03-29 00:00:00+00:00, run_after=2026-03-30 00:00:00+00:00
[2026-03-29T19:32:01.596+0000] {processor.py:183} INFO - Processing /opt/airflow/dags/tmdb_daily_dag.py took 0.033 seconds
[2026-03-29T19:32:32.063+0000] {processor.py:161} INFO - Started process (PID=61650) to work on /opt/airflow/dags/tmdb_daily_dag.py
[2026-03-29T19:32:32.064+0000] {processor.py:830} INFO - Processing file /opt/airflow/dags/tmdb_daily_dag.py for tasks to queue
[2026-03-29T19:32:32.064+0000] {logging_mixin.py:188} INFO - [2026-03-29T19:32:32.064+0000] {dagbag.py:545} INFO - Filling up the DagBag from /opt/airflow/dags/tmdb_daily_dag.py
[2026-03-29T19:32:32.070+0000] {processor.py:840} INFO - DAG(s) 'tmdb_raw_pipeline' retrieved from /opt/airflow/dags/tmdb_daily_dag.py
[2026-03-29T19:32:32.080+0000] {logging_mixin.py:188} INFO - [2026-03-29T19:32:32.080+0000] {dag.py:3096} INFO - Sync 1 DAGs
[2026-03-29T19:32:32.088+0000] {logging_mixin.py:188} INFO - [2026-03-29T19:32:32.088+0000] {dag.py:3954} INFO - Setting next_dagrun for tmdb_raw_pipeline to 2026-03-29 00:00:00+00:00, run_after=2026-03-30 00:00:00+00:00
[2026-03-29T19:32:32.094+0000] {processor.py:183} INFO - Processing /opt/airflow/dags/tmdb_daily_dag.py took 0.035 seconds
[2026-03-29T19:33:02.534+0000] {processor.py:161} INFO - Started process (PID=61670) to work on /opt/airflow/dags/tmdb_daily_dag.py
[2026-03-29T19:33:02.535+0000] {processor.py:830} INFO - Processing file /opt/airflow/dags/tmdb_daily_dag.py for tasks to queue
[2026-03-29T19:33:02.535+0000] {logging_mixin.py:188} INFO - [2026-03-29T19:33:02.535+0000] {dagbag.py:545} INFO - Filling up the DagBag from /opt/airflow/dags/tmdb_daily_dag.py
[2026-03-29T19:33:02.541+0000] {processor.py:840} INFO - DAG(s) 'tmdb_raw_pipeline' retrieved from /opt/airflow/dags/tmdb_daily_dag.py
[2026-03-29T19:33:02.554+0000] {logging_mixin.py:188} INFO - [2026-03-29T19:33:02.554+0000] {dag.py:3096} INFO - Sync 1 DAGs
[2026-03-29T19:33:02.563+0000] {logging_mixin.py:188} INFO - [2026-03-29T19:33:02.563+0000] {dag.py:3954} INFO - Setting next_dagrun for tmdb_raw_pipeline to 2026-03-29 00:00:00+00:00, run_after=2026-03-30 00:00:00+00:00
[2026-03-29T19:33:02.569+0000] {processor.py:183} INFO - Processing /opt/airflow/dags/tmdb_daily_dag.py took 0.038 seconds
[2026-03-29T19:33:33.050+0000] {processor.py:161} INFO - Started process (PID=61690) to work on /opt/airflow/dags/tmdb_daily_dag.py
[2026-03-29T19:33:33.050+0000] {processor.py:830} INFO - Processing file /opt/airflow/dags/tmdb_daily_dag.py for tasks to queue
[2026-03-29T19:33:33.051+0000] {logging_mixin.py:188} INFO - [2026-03-29T19:33:33.051+0000] {dagbag.py:545} INFO - Filling up the DagBag from /opt/airflow/dags/tmdb_daily_dag.py
[2026-03-29T19:33:33.056+0000] {processor.py:840} INFO - DAG(s) 'tmdb_raw_pipeline' retrieved from /opt/airflow/dags/tmdb_daily_dag.py
[2026-03-29T19:33:33.066+0000] {logging_mixin.py:188} INFO - [2026-03-29T19:33:33.066+0000] {dag.py:3096} INFO - Sync 1 DAGs
[2026-03-29T19:33:33.074+0000] {logging_mixin.py:188} INFO - [2026-03-29T19:33:33.074+0000] {dag.py:3954} INFO - Setting next_dagrun for tmdb_raw_pipeline to 2026-03-29 00:00:00+00:00, run_after=2026-03-30 00:00:00+00:00
[2026-03-29T19:33:33.080+0000] {processor.py:183} INFO - Processing /opt/airflow/dags/tmdb_daily_dag.py took 0.032 seconds
[2026-03-29T19:34:03.542+0000] {processor.py:161} INFO - Started process (PID=61710) to work on /opt/airflow/dags/tmdb_daily_dag.py
[2026-03-29T19:34:03.543+0000] {processor.py:830} INFO - Processing file /opt/airflow/dags/tmdb_daily_dag.py for tasks to queue
[2026-03-29T19:34:03.543+0000] {logging_mixin.py:188} INFO - [2026-03-29T19:34:03.543+0000] {dagbag.py:545} INFO - Filling up the DagBag from /opt/airflow/dags/tmdb_daily_dag.py
[2026-03-29T19:34:03.549+0000] {processor.py:840} INFO - DAG(s) 'tmdb_raw_pipeline' retrieved from /opt/airflow/dags/tmdb_daily_dag.py
[2026-03-29T19:34:03.558+0000] {logging_mixin.py:188} INFO - [2026-03-29T19:34:03.558+0000] {dag.py:3096} INFO - Sync 1 DAGs
[2026-03-29T19:34:03.566+0000] {logging_mixin.py:188} INFO - [2026-03-29T19:34:03.566+0000] {dag.py:3954} INFO - Setting next_dagrun for tmdb_raw_pipeline to 2026-03-29 00:00:00+00:00, run_after=2026-03-30 00:00:00+00:00
[2026-03-29T19:34:03.573+0000] {processor.py:183} INFO - Processing /opt/airflow/dags/tmdb_daily_dag.py took 0.033 seconds
[2026-03-29T19:34:34.083+0000] {processor.py:161} INFO - Started process (PID=61730) to work on /opt/airflow/dags/tmdb_daily_dag.py
[2026-03-29T19:34:34.084+0000] {processor.py:830} INFO - Processing file /opt/airflow/dags/tmdb_daily_dag.py for tasks to queue
[2026-03-29T19:34:34.084+0000] {logging_mixin.py:188} INFO - [2026-03-29T19:34:34.084+0000] {dagbag.py:545} INFO - Filling up the DagBag from /opt/airflow/dags/tmdb_daily_dag.py
[2026-03-29T19:34:34.091+0000] {processor.py:840} INFO - DAG(s) 'tmdb_raw_pipeline' retrieved from /opt/airflow/dags/tmdb_daily_dag.py
[2026-03-29T19:34:34.100+0000] {logging_mixin.py:188} INFO - [2026-03-29T19:34:34.100+0000] {dag.py:3096} INFO - Sync 1 DAGs
[2026-03-29T19:34:34.109+0000] {logging_mixin.py:188} INFO - [2026-03-29T19:34:34.108+0000] {dag.py:3954} INFO - Setting next_dagrun for tmdb_raw_pipeline to 2026-03-29 00:00:00+00:00, run_after=2026-03-30 00:00:00+00:00
[2026-03-29T19:34:34.114+0000] {processor.py:183} INFO - Processing /opt/airflow/dags/tmdb_daily_dag.py took 0.035 seconds
[2026-03-29T19:35:04.565+0000] {processor.py:161} INFO - Started process (PID=61750) to work on /opt/airflow/dags/tmdb_daily_dag.py
[2026-03-29T19:35:04.566+0000] {processor.py:830} INFO - Processing file /opt/airflow/dags/tmdb_daily_dag.py for tasks to queue
[2026-03-29T19:35:04.567+0000] {logging_mixin.py:188} INFO - [2026-03-29T19:35:04.567+0000] {dagbag.py:545} INFO - Filling up the DagBag from /opt/airflow/dags/tmdb_daily_dag.py
[2026-03-29T19:35:04.572+0000] {processor.py:840} INFO - DAG(s) 'tmdb_raw_pipeline' retrieved from /opt/airflow/dags/tmdb_daily_dag.py
[2026-03-29T19:35:04.583+0000] {logging_mixin.py:188} INFO - [2026-03-29T19:35:04.583+0000] {dag.py:3096} INFO - Sync 1 DAGs
[2026-03-29T19:35:04.591+0000] {logging_mixin.py:188} INFO - [2026-03-29T19:35:04.591+0000] {dag.py:3954} INFO - Setting next_dagrun for tmdb_raw_pipeline to 2026-03-29 00:00:00+00:00, run_after=2026-03-30 00:00:00+00:00
[2026-03-29T19:35:04.597+0000] {processor.py:183} INFO - Processing /opt/airflow/dags/tmdb_daily_dag.py took 0.033 seconds
[2026-03-29T19:35:35.050+0000] {processor.py:161} INFO - Started process (PID=61770) to work on /opt/airflow/dags/tmdb_daily_dag.py
[2026-03-29T19:35:35.051+0000] {processor.py:830} INFO - Processing file /opt/airflow/dags/tmdb_daily_dag.py for tasks to queue
[2026-03-29T19:35:35.051+0000] {logging_mixin.py:188} INFO - [2026-03-29T19:35:35.051+0000] {dagbag.py:545} INFO - Filling up the DagBag from /opt/airflow/dags/tmdb_daily_dag.py
[2026-03-29T19:35:35.057+0000] {processor.py:840} INFO - DAG(s) 'tmdb_raw_pipeline' retrieved from /opt/airflow/dags/tmdb_daily_dag.py
[2026-03-29T19:35:35.065+0000] {logging_mixin.py:188} INFO - [2026-03-29T19:35:35.065+0000] {dag.py:3096} INFO - Sync 1 DAGs
[2026-03-29T19:35:35.077+0000] {logging_mixin.py:188} INFO - [2026-03-29T19:35:35.077+0000] {dag.py:3954} INFO - Setting next_dagrun for tmdb_raw_pipeline to 2026-03-29 00:00:00+00:00, run_after=2026-03-30 00:00:00+00:00
[2026-03-29T19:35:35.084+0000] {processor.py:183} INFO - Processing /opt/airflow/dags/tmdb_daily_dag.py took 0.036 seconds
[2026-03-29T19:36:05.579+0000] {processor.py:161} INFO - Started process (PID=61790) to work on /opt/airflow/dags/tmdb_daily_dag.py
[2026-03-29T19:36:05.579+0000] {processor.py:830} INFO - Processing file /opt/airflow/dags/tmdb_daily_dag.py for tasks to queue
[2026-03-29T19:36:05.580+0000] {logging_mixin.py:188} INFO - [2026-03-29T19:36:05.580+0000] {dagbag.py:545} INFO - Filling up the DagBag from /opt/airflow/dags/tmdb_daily_dag.py
[2026-03-29T19:36:05.586+0000] {processor.py:840} INFO - DAG(s) 'tmdb_raw_pipeline' retrieved from /opt/airflow/dags/tmdb_daily_dag.py
[2026-03-29T19:36:05.595+0000] {logging_mixin.py:188} INFO - [2026-03-29T19:36:05.595+0000] {dag.py:3096} INFO - Sync 1 DAGs
[2026-03-29T19:36:05.603+0000] {logging_mixin.py:188} INFO - [2026-03-29T19:36:05.603+0000] {dag.py:3954} INFO - Setting next_dagrun for tmdb_raw_pipeline to 2026-03-29 00:00:00+00:00, run_after=2026-03-30 00:00:00+00:00
[2026-03-29T19:36:05.609+0000] {processor.py:183} INFO - Processing /opt/airflow/dags/tmdb_daily_dag.py took 0.033 seconds
[2026-03-29T19:36:36.116+0000] {processor.py:161} INFO - Started process (PID=61810) to work on /opt/airflow/dags/tmdb_daily_dag.py
[2026-03-29T19:36:36.117+0000] {processor.py:830} INFO - Processing file /opt/airflow/dags/tmdb_daily_dag.py for tasks to queue
[2026-03-29T19:36:36.118+0000] {logging_mixin.py:188} INFO - [2026-03-29T19:36:36.117+0000] {dagbag.py:545} INFO - Filling up the DagBag from /opt/airflow/dags/tmdb_daily_dag.py
[2026-03-29T19:36:36.123+0000] {processor.py:840} INFO - DAG(s) 'tmdb_raw_pipeline' retrieved from /opt/airflow/dags/tmdb_daily_dag.py
[2026-03-29T19:36:36.134+0000] {logging_mixin.py:188} INFO - [2026-03-29T19:36:36.134+0000] {dag.py:3096} INFO - Sync 1 DAGs
[2026-03-29T19:36:36.142+0000] {logging_mixin.py:188} INFO - [2026-03-29T19:36:36.142+0000] {dag.py:3954} INFO - Setting next_dagrun for tmdb_raw_pipeline to 2026-03-29 00:00:00+00:00, run_after=2026-03-30 00:00:00+00:00
[2026-03-29T19:36:36.154+0000] {processor.py:183} INFO - Processing /opt/airflow/dags/tmdb_daily_dag.py took 0.039 seconds
[2026-03-29T19:37:06.595+0000] {processor.py:161} INFO - Started process (PID=61830) to work on /opt/airflow/dags/tmdb_daily_dag.py
[2026-03-29T19:37:06.596+0000] {processor.py:830} INFO - Processing file /opt/airflow/dags/tmdb_daily_dag.py for tasks to queue
[2026-03-29T19:37:06.596+0000] {logging_mixin.py:188} INFO - [2026-03-29T19:37:06.596+0000] {dagbag.py:545} INFO - Filling up the DagBag from /opt/airflow/dags/tmdb_daily_dag.py
[2026-03-29T19:37:06.603+0000] {processor.py:840} INFO - DAG(s) 'tmdb_raw_pipeline' retrieved from /opt/airflow/dags/tmdb_daily_dag.py
[2026-03-29T19:37:06.613+0000] {logging_mixin.py:188} INFO - [2026-03-29T19:37:06.613+0000] {dag.py:3096} INFO - Sync 1 DAGs
[2026-03-29T19:37:06.622+0000] {logging_mixin.py:188} INFO - [2026-03-29T19:37:06.621+0000] {dag.py:3954} INFO - Setting next_dagrun for tmdb_raw_pipeline to 2026-03-29 00:00:00+00:00, run_after=2026-03-30 00:00:00+00:00
[2026-03-29T19:37:06.628+0000] {processor.py:183} INFO - Processing /opt/airflow/dags/tmdb_daily_dag.py took 0.035 seconds
[2026-03-29T19:37:37.192+0000] {processor.py:161} INFO - Started process (PID=61850) to work on /opt/airflow/dags/tmdb_daily_dag.py
[2026-03-29T19:37:37.193+0000] {processor.py:830} INFO - Processing file /opt/airflow/dags/tmdb_daily_dag.py for tasks to queue
[2026-03-29T19:37:37.194+0000] {logging_mixin.py:188} INFO - [2026-03-29T19:37:37.194+0000] {dagbag.py:545} INFO - Filling up the DagBag from /opt/airflow/dags/tmdb_daily_dag.py
[2026-03-29T19:37:37.201+0000] {processor.py:840} INFO - DAG(s) 'tmdb_raw_pipeline' retrieved from /opt/airflow/dags/tmdb_daily_dag.py
[2026-03-29T19:37:37.213+0000] {logging_mixin.py:188} INFO - [2026-03-29T19:37:37.213+0000] {dag.py:3096} INFO - Sync 1 DAGs
[2026-03-29T19:37:37.221+0000] {logging_mixin.py:188} INFO - [2026-03-29T19:37:37.221+0000] {dag.py:3954} INFO - Setting next_dagrun for tmdb_raw_pipeline to 2026-03-29 00:00:00+00:00, run_after=2026-03-30 00:00:00+00:00
[2026-03-29T19:37:37.227+0000] {processor.py:183} INFO - Processing /opt/airflow/dags/tmdb_daily_dag.py took 0.037 seconds
[2026-03-29T19:38:07.742+0000] {processor.py:161} INFO - Started process (PID=61870) to work on /opt/airflow/dags/tmdb_daily_dag.py
[2026-03-29T19:38:07.743+0000] {processor.py:830} INFO - Processing file /opt/airflow/dags/tmdb_daily_dag.py for tasks to queue
[2026-03-29T19:38:07.743+0000] {logging_mixin.py:188} INFO - [2026-03-29T19:38:07.743+0000] {dagbag.py:545} INFO - Filling up the DagBag from /opt/airflow/dags/tmdb_daily_dag.py
[2026-03-29T19:38:07.749+0000] {processor.py:840} INFO - DAG(s) 'tmdb_raw_pipeline' retrieved from /opt/airflow/dags/tmdb_daily_dag.py
[2026-03-29T19:38:07.758+0000] {logging_mixin.py:188} INFO - [2026-03-29T19:38:07.758+0000] {dag.py:3096} INFO - Sync 1 DAGs
[2026-03-29T19:38:07.766+0000] {logging_mixin.py:188} INFO - [2026-03-29T19:38:07.766+0000] {dag.py:3954} INFO - Setting next_dagrun for tmdb_raw_pipeline to 2026-03-29 00:00:00+00:00, run_after=2026-03-30 00:00:00+00:00
[2026-03-29T19:38:07.773+0000] {processor.py:183} INFO - Processing /opt/airflow/dags/tmdb_daily_dag.py took 0.034 seconds
[2026-03-29T19:38:38.331+0000] {processor.py:161} INFO - Started process (PID=61890) to work on /opt/airflow/dags/tmdb_daily_dag.py
[2026-03-29T19:38:38.332+0000] {processor.py:830} INFO - Processing file /opt/airflow/dags/tmdb_daily_dag.py for tasks to queue
[2026-03-29T19:38:38.332+0000] {logging_mixin.py:188} INFO - [2026-03-29T19:38:38.332+0000] {dagbag.py:545} INFO - Filling up the DagBag from /opt/airflow/dags/tmdb_daily_dag.py
[2026-03-29T19:38:38.339+0000] {processor.py:840} INFO - DAG(s) 'tmdb_raw_pipeline' retrieved from /opt/airflow/dags/tmdb_daily_dag.py
[2026-03-29T19:38:38.350+0000] {logging_mixin.py:188} INFO - [2026-03-29T19:38:38.350+0000] {dag.py:3096} INFO - Sync 1 DAGs
[2026-03-29T19:38:38.359+0000] {logging_mixin.py:188} INFO - [2026-03-29T19:38:38.359+0000] {dag.py:3954} INFO - Setting next_dagrun for tmdb_raw_pipeline to 2026-03-29 00:00:00+00:00, run_after=2026-03-30 00:00:00+00:00
[2026-03-29T19:38:38.365+0000] {processor.py:183} INFO - Processing /opt/airflow/dags/tmdb_daily_dag.py took 0.037 seconds
[2026-03-29T19:39:08.838+0000] {processor.py:161} INFO - Started process (PID=61910) to work on /opt/airflow/dags/tmdb_daily_dag.py
[2026-03-29T19:39:08.840+0000] {processor.py:830} INFO - Processing file /opt/airflow/dags/tmdb_daily_dag.py for tasks to queue
[2026-03-29T19:39:08.840+0000] {logging_mixin.py:188} INFO - [2026-03-29T19:39:08.840+0000] {dagbag.py:545} INFO - Filling up the DagBag from /opt/airflow/dags/tmdb_daily_dag.py
[2026-03-29T19:39:08.847+0000] {processor.py:840} INFO - DAG(s) 'tmdb_raw_pipeline' retrieved from /opt/airflow/dags/tmdb_daily_dag.py
[2026-03-29T19:39:08.860+0000] {logging_mixin.py:188} INFO - [2026-03-29T19:39:08.860+0000] {dag.py:3096} INFO - Sync 1 DAGs
[2026-03-29T19:39:08.869+0000] {logging_mixin.py:188} INFO - [2026-03-29T19:39:08.869+0000] {dag.py:3954} INFO - Setting next_dagrun for tmdb_raw_pipeline to 2026-03-29 00:00:00+00:00, run_after=2026-03-30 00:00:00+00:00
[2026-03-29T19:39:08.876+0000] {processor.py:183} INFO - Processing /opt/airflow/dags/tmdb_daily_dag.py took 0.043 seconds
[2026-03-29T19:39:39.365+0000] {processor.py:161} INFO - Started process (PID=61930) to work on /opt/airflow/dags/tmdb_daily_dag.py
[2026-03-29T19:39:39.366+0000] {processor.py:830} INFO - Processing file /opt/airflow/dags/tmdb_daily_dag.py for tasks to queue
[2026-03-29T19:39:39.367+0000] {logging_mixin.py:188} INFO - [2026-03-29T19:39:39.366+0000] {dagbag.py:545} INFO - Filling up the DagBag from /opt/airflow/dags/tmdb_daily_dag.py
[2026-03-29T19:39:39.373+0000] {processor.py:840} INFO - DAG(s) 'tmdb_raw_pipeline' retrieved from /opt/airflow/dags/tmdb_daily_dag.py
[2026-03-29T19:39:39.384+0000] {logging_mixin.py:188} INFO - [2026-03-29T19:39:39.384+0000] {dag.py:3096} INFO - Sync 1 DAGs
[2026-03-29T19:39:39.395+0000] {logging_mixin.py:188} INFO - [2026-03-29T19:39:39.395+0000] {dag.py:3954} INFO - Setting next_dagrun for tmdb_raw_pipeline to 2026-03-29 00:00:00+00:00, run_after=2026-03-30 00:00:00+00:00
[2026-03-29T19:39:39.402+0000] {processor.py:183} INFO - Processing /opt/airflow/dags/tmdb_daily_dag.py took 0.039 seconds
[2026-03-29T19:40:09.881+0000] {processor.py:161} INFO - Started process (PID=61950) to work on /opt/airflow/dags/tmdb_daily_dag.py
[2026-03-29T19:40:09.885+0000] {processor.py:830} INFO - Processing file /opt/airflow/dags/tmdb_daily_dag.py for tasks to queue
[2026-03-29T19:40:09.886+0000] {logging_mixin.py:188} INFO - [2026-03-29T19:40:09.886+0000] {dagbag.py:545} INFO - Filling up the DagBag from /opt/airflow/dags/tmdb_daily_dag.py
[2026-03-29T19:40:09.912+0000] {processor.py:840} INFO - DAG(s) 'tmdb_raw_pipeline' retrieved from /opt/airflow/dags/tmdb_daily_dag.py
[2026-03-29T19:40:09.935+0000] {logging_mixin.py:188} INFO - [2026-03-29T19:40:09.934+0000] {dag.py:3096} INFO - Sync 1 DAGs
[2026-03-29T19:40:09.956+0000] {logging_mixin.py:188} INFO - [2026-03-29T19:40:09.956+0000] {dag.py:3954} INFO - Setting next_dagrun for tmdb_raw_pipeline to 2026-03-29 00:00:00+00:00, run_after=2026-03-30 00:00:00+00:00
[2026-03-29T19:40:09.980+0000] {processor.py:183} INFO - Processing /opt/airflow/dags/tmdb_daily_dag.py took 0.104 seconds
[2026-03-29T19:40:40.452+0000] {processor.py:161} INFO - Started process (PID=61970) to work on /opt/airflow/dags/tmdb_daily_dag.py
[2026-03-29T19:40:40.453+0000] {processor.py:830} INFO - Processing file /opt/airflow/dags/tmdb_daily_dag.py for tasks to queue
[2026-03-29T19:40:40.453+0000] {logging_mixin.py:188} INFO - [2026-03-29T19:40:40.453+0000] {dagbag.py:545} INFO - Filling up the DagBag from /opt/airflow/dags/tmdb_daily_dag.py
[2026-03-29T19:40:40.460+0000] {processor.py:840} INFO - DAG(s) 'tmdb_raw_pipeline' retrieved from /opt/airflow/dags/tmdb_daily_dag.py
[2026-03-29T19:40:40.469+0000] {logging_mixin.py:188} INFO - [2026-03-29T19:40:40.469+0000] {dag.py:3096} INFO - Sync 1 DAGs
[2026-03-29T19:40:40.478+0000] {logging_mixin.py:188} INFO - [2026-03-29T19:40:40.478+0000] {dag.py:3954} INFO - Setting next_dagrun for tmdb_raw_pipeline to 2026-03-29 00:00:00+00:00, run_after=2026-03-30 00:00:00+00:00
[2026-03-29T19:40:40.484+0000] {processor.py:183} INFO - Processing /opt/airflow/dags/tmdb_daily_dag.py took 0.035 seconds
[2026-03-29T19:41:10.962+0000] {processor.py:161} INFO - Started process (PID=61990) to work on /opt/airflow/dags/tmdb_daily_dag.py
[2026-03-29T19:41:10.963+0000] {processor.py:830} INFO - Processing file /opt/airflow/dags/tmdb_daily_dag.py for tasks to queue
[2026-03-29T19:41:10.963+0000] {logging_mixin.py:188} INFO - [2026-03-29T19:41:10.963+0000] {dagbag.py:545} INFO - Filling up the DagBag from /opt/airflow/dags/tmdb_daily_dag.py
[2026-03-29T19:41:10.970+0000] {processor.py:840} INFO - DAG(s) 'tmdb_raw_pipeline' retrieved from /opt/airflow/dags/tmdb_daily_dag.py
[2026-03-29T19:41:10.979+0000] {logging_mixin.py:188} INFO - [2026-03-29T19:41:10.979+0000] {dag.py:3096} INFO - Sync 1 DAGs
[2026-03-29T19:41:10.987+0000] {logging_mixin.py:188} INFO - [2026-03-29T19:41:10.987+0000] {dag.py:3954} INFO - Setting next_dagrun for tmdb_raw_pipeline to 2026-03-29 00:00:00+00:00, run_after=2026-03-30 00:00:00+00:00
[2026-03-29T19:41:10.993+0000] {processor.py:183} INFO - Processing /opt/airflow/dags/tmdb_daily_dag.py took 0.034 seconds
[2026-03-29T19:41:41.459+0000] {processor.py:161} INFO - Started process (PID=62010) to work on /opt/airflow/dags/tmdb_daily_dag.py
[2026-03-29T19:41:41.460+0000] {processor.py:830} INFO - Processing file /opt/airflow/dags/tmdb_daily_dag.py for tasks to queue
[2026-03-29T19:41:41.461+0000] {logging_mixin.py:188} INFO - [2026-03-29T19:41:41.461+0000] {dagbag.py:545} INFO - Filling up the DagBag from /opt/airflow/dags/tmdb_daily_dag.py
[2026-03-29T19:41:41.466+0000] {processor.py:840} INFO - DAG(s) 'tmdb_raw_pipeline' retrieved from /opt/airflow/dags/tmdb_daily_dag.py
[2026-03-29T19:41:41.475+0000] {logging_mixin.py:188} INFO - [2026-03-29T19:41:41.475+0000] {dag.py:3096} INFO - Sync 1 DAGs
[2026-03-29T19:41:41.484+0000] {logging_mixin.py:188} INFO - [2026-03-29T19:41:41.484+0000] {dag.py:3954} INFO - Setting next_dagrun for tmdb_raw_pipeline to 2026-03-29 00:00:00+00:00, run_after=2026-03-30 00:00:00+00:00
[2026-03-29T19:41:41.489+0000] {processor.py:183} INFO - Processing /opt/airflow/dags/tmdb_daily_dag.py took 0.032 seconds
[2026-03-29T19:42:11.924+0000] {processor.py:161} INFO - Started process (PID=62030) to work on /opt/airflow/dags/tmdb_daily_dag.py
[2026-03-29T19:42:11.926+0000] {processor.py:830} INFO - Processing file /opt/airflow/dags/tmdb_daily_dag.py for tasks to queue
[2026-03-29T19:42:11.926+0000] {logging_mixin.py:188} INFO - [2026-03-29T19:42:11.926+0000] {dagbag.py:545} INFO - Filling up the DagBag from /opt/airflow/dags/tmdb_daily_dag.py
[2026-03-29T19:42:11.932+0000] {processor.py:840} INFO - DAG(s) 'tmdb_raw_pipeline' retrieved from /opt/airflow/dags/tmdb_daily_dag.py
[2026-03-29T19:42:11.942+0000] {logging_mixin.py:188} INFO - [2026-03-29T19:42:11.942+0000] {dag.py:3096} INFO - Sync 1 DAGs
[2026-03-29T19:42:11.951+0000] {logging_mixin.py:188} INFO - [2026-03-29T19:42:11.951+0000] {dag.py:3954} INFO - Setting next_dagrun for tmdb_raw_pipeline to 2026-03-29 00:00:00+00:00, run_after=2026-03-30 00:00:00+00:00
[2026-03-29T19:42:11.957+0000] {processor.py:183} INFO - Processing /opt/airflow/dags/tmdb_daily_dag.py took 0.036 seconds
[2026-03-29T19:42:42.497+0000] {processor.py:161} INFO - Started process (PID=62050) to work on /opt/airflow/dags/tmdb_daily_dag.py
[2026-03-29T19:42:42.499+0000] {processor.py:830} INFO - Processing file /opt/airflow/dags/tmdb_daily_dag.py for tasks to queue
[2026-03-29T19:42:42.499+0000] {logging_mixin.py:188} INFO - [2026-03-29T19:42:42.499+0000] {dagbag.py:545} INFO - Filling up the DagBag from /opt/airflow/dags/tmdb_daily_dag.py
[2026-03-29T19:42:42.510+0000] {processor.py:840} INFO - DAG(s) 'tmdb_raw_pipeline' retrieved from /opt/airflow/dags/tmdb_daily_dag.py
[2026-03-29T19:42:42.524+0000] {logging_mixin.py:188} INFO - [2026-03-29T19:42:42.524+0000] {dag.py:3096} INFO - Sync 1 DAGs
[2026-03-29T19:42:42.535+0000] {logging_mixin.py:188} INFO - [2026-03-29T19:42:42.535+0000] {dag.py:3954} INFO - Setting next_dagrun for tmdb_raw_pipeline to 2026-03-29 00:00:00+00:00, run_after=2026-03-30 00:00:00+00:00
[2026-03-29T19:42:42.542+0000] {processor.py:183} INFO - Processing /opt/airflow/dags/tmdb_daily_dag.py took 0.047 seconds
[2026-03-29T19:43:12.976+0000] {processor.py:161} INFO - Started process (PID=62070) to work on /opt/airflow/dags/tmdb_daily_dag.py
[2026-03-29T19:43:12.977+0000] {processor.py:830} INFO - Processing file /opt/airflow/dags/tmdb_daily_dag.py for tasks to queue
[2026-03-29T19:43:12.977+0000] {logging_mixin.py:188} INFO - [2026-03-29T19:43:12.977+0000] {dagbag.py:545} INFO - Filling up the DagBag from /opt/airflow/dags/tmdb_daily_dag.py
[2026-03-29T19:43:12.987+0000] {processor.py:840} INFO - DAG(s) 'tmdb_raw_pipeline' retrieved from /opt/airflow/dags/tmdb_daily_dag.py
[2026-03-29T19:43:12.996+0000] {logging_mixin.py:188} INFO - [2026-03-29T19:43:12.996+0000] {dag.py:3096} INFO - Sync 1 DAGs
[2026-03-29T19:43:13.004+0000] {logging_mixin.py:188} INFO - [2026-03-29T19:43:13.004+0000] {dag.py:3954} INFO - Setting next_dagrun for tmdb_raw_pipeline to 2026-03-29 00:00:00+00:00, run_after=2026-03-30 00:00:00+00:00
[2026-03-29T19:43:13.010+0000] {processor.py:183} INFO - Processing /opt/airflow/dags/tmdb_daily_dag.py took 0.036 seconds
[2026-03-29T19:43:43.479+0000] {processor.py:161} INFO - Started process (PID=62090) to work on /opt/airflow/dags/tmdb_daily_dag.py
[2026-03-29T19:43:43.480+0000] {processor.py:830} INFO - Processing file /opt/airflow/dags/tmdb_daily_dag.py for tasks to queue
[2026-03-29T19:43:43.480+0000] {logging_mixin.py:188} INFO - [2026-03-29T19:43:43.480+0000] {dagbag.py:545} INFO - Filling up the DagBag from /opt/airflow/dags/tmdb_daily_dag.py
[2026-03-29T19:43:43.487+0000] {processor.py:840} INFO - DAG(s) 'tmdb_raw_pipeline' retrieved from /opt/airflow/dags/tmdb_daily_dag.py
[2026-03-29T19:43:43.497+0000] {logging_mixin.py:188} INFO - [2026-03-29T19:43:43.497+0000] {dag.py:3096} INFO - Sync 1 DAGs
[2026-03-29T19:43:43.506+0000] {logging_mixin.py:188} INFO - [2026-03-29T19:43:43.506+0000] {dag.py:3954} INFO - Setting next_dagrun for tmdb_raw_pipeline to 2026-03-29 00:00:00+00:00, run_after=2026-03-30 00:00:00+00:00
[2026-03-29T19:43:43.513+0000] {processor.py:183} INFO - Processing /opt/airflow/dags/tmdb_daily_dag.py took 0.036 seconds
[2026-03-29T19:44:14.095+0000] {processor.py:161} INFO - Started process (PID=62110) to work on /opt/airflow/dags/tmdb_daily_dag.py
[2026-03-29T19:44:14.098+0000] {processor.py:830} INFO - Processing file /opt/airflow/dags/tmdb_daily_dag.py for tasks to queue
[2026-03-29T19:44:14.099+0000] {logging_mixin.py:188} INFO - [2026-03-29T19:44:14.099+0000] {dagbag.py:545} INFO - Filling up the DagBag from /opt/airflow/dags/tmdb_daily_dag.py
[2026-03-29T19:44:14.107+0000] {processor.py:840} INFO - DAG(s) 'tmdb_raw_pipeline' retrieved from /opt/airflow/dags/tmdb_daily_dag.py
[2026-03-29T19:44:14.118+0000] {logging_mixin.py:188} INFO - [2026-03-29T19:44:14.118+0000] {dag.py:3096} INFO - Sync 1 DAGs
[2026-03-29T19:44:14.127+0000] {logging_mixin.py:188} INFO - [2026-03-29T19:44:14.127+0000] {dag.py:3954} INFO - Setting next_dagrun for tmdb_raw_pipeline to 2026-03-29 00:00:00+00:00, run_after=2026-03-30 00:00:00+00:00
[2026-03-29T19:44:14.134+0000] {processor.py:183} INFO - Processing /opt/airflow/dags/tmdb_daily_dag.py took 0.043 seconds
[2026-03-29T19:44:44.638+0000] {processor.py:161} INFO - Started process (PID=62130) to work on /opt/airflow/dags/tmdb_daily_dag.py
[2026-03-29T19:44:44.639+0000] {processor.py:830} INFO - Processing file /opt/airflow/dags/tmdb_daily_dag.py for tasks to queue
[2026-03-29T19:44:44.640+0000] {logging_mixin.py:188} INFO - [2026-03-29T19:44:44.639+0000] {dagbag.py:545} INFO - Filling up the DagBag from /opt/airflow/dags/tmdb_daily_dag.py
[2026-03-29T19:44:44.646+0000] {processor.py:840} INFO - DAG(s) 'tmdb_raw_pipeline' retrieved from /opt/airflow/dags/tmdb_daily_dag.py
[2026-03-29T19:44:44.656+0000] {logging_mixin.py:188} INFO - [2026-03-29T19:44:44.656+0000] {dag.py:3096} INFO - Sync 1 DAGs
[2026-03-29T19:44:44.666+0000] {logging_mixin.py:188} INFO - [2026-03-29T19:44:44.666+0000] {dag.py:3954} INFO - Setting next_dagrun for tmdb_raw_pipeline to 2026-03-29 00:00:00+00:00, run_after=2026-03-30 00:00:00+00:00
[2026-03-29T19:44:44.672+0000] {processor.py:183} INFO - Processing /opt/airflow/dags/tmdb_daily_dag.py took 0.038 seconds
[2026-03-29T19:45:15.162+0000] {processor.py:161} INFO - Started process (PID=62150) to work on /opt/airflow/dags/tmdb_daily_dag.py
[2026-03-29T19:45:15.163+0000] {processor.py:830} INFO - Processing file /opt/airflow/dags/tmdb_daily_dag.py for tasks to queue
[2026-03-29T19:45:15.164+0000] {logging_mixin.py:188} INFO - [2026-03-29T19:45:15.164+0000] {dagbag.py:545} INFO - Filling up the DagBag from /opt/airflow/dags/tmdb_daily_dag.py
[2026-03-29T19:45:15.171+0000] {processor.py:840} INFO - DAG(s) 'tmdb_raw_pipeline' retrieved from /opt/airflow/dags/tmdb_daily_dag.py
[2026-03-29T19:45:15.181+0000] {logging_mixin.py:188} INFO - [2026-03-29T19:45:15.181+0000] {dag.py:3096} INFO - Sync 1 DAGs
[2026-03-29T19:45:15.191+0000] {logging_mixin.py:188} INFO - [2026-03-29T19:45:15.191+0000] {dag.py:3954} INFO - Setting next_dagrun for tmdb_raw_pipeline to 2026-03-29 00:00:00+00:00, run_after=2026-03-30 00:00:00+00:00
[2026-03-29T19:45:15.197+0000] {processor.py:183} INFO - Processing /opt/airflow/dags/tmdb_daily_dag.py took 0.037 seconds
[2026-03-29T19:45:45.727+0000] {processor.py:161} INFO - Started process (PID=62170) to work on /opt/airflow/dags/tmdb_daily_dag.py
[2026-03-29T19:45:45.728+0000] {processor.py:830} INFO - Processing file /opt/airflow/dags/tmdb_daily_dag.py for tasks to queue
[2026-03-29T19:45:45.728+0000] {logging_mixin.py:188} INFO - [2026-03-29T19:45:45.728+0000] {dagbag.py:545} INFO - Filling up the DagBag from /opt/airflow/dags/tmdb_daily_dag.py
[2026-03-29T19:45:45.735+0000] {processor.py:840} INFO - DAG(s) 'tmdb_raw_pipeline' retrieved from /opt/airflow/dags/tmdb_daily_dag.py
[2026-03-29T19:45:45.744+0000] {logging_mixin.py:188} INFO - [2026-03-29T19:45:45.744+0000] {dag.py:3096} INFO - Sync 1 DAGs
[2026-03-29T19:45:45.753+0000] {logging_mixin.py:188} INFO - [2026-03-29T19:45:45.752+0000] {dag.py:3954} INFO - Setting next_dagrun for tmdb_raw_pipeline to 2026-03-29 00:00:00+00:00, run_after=2026-03-30 00:00:00+00:00
[2026-03-29T19:45:45.758+0000] {processor.py:183} INFO - Processing /opt/airflow/dags/tmdb_daily_dag.py took 0.034 seconds
[2026-03-29T19:46:16.357+0000] {processor.py:161} INFO - Started process (PID=62190) to work on /opt/airflow/dags/tmdb_daily_dag.py
[2026-03-29T19:46:16.358+0000] {processor.py:830} INFO - Processing file /opt/airflow/dags/tmdb_daily_dag.py for tasks to queue
[2026-03-29T19:46:16.359+0000] {logging_mixin.py:188} INFO - [2026-03-29T19:46:16.359+0000] {dagbag.py:545} INFO - Filling up the DagBag from /opt/airflow/dags/tmdb_daily_dag.py
[2026-03-29T19:46:16.367+0000] {processor.py:840} INFO - DAG(s) 'tmdb_raw_pipeline' retrieved from /opt/airflow/dags/tmdb_daily_dag.py
[2026-03-29T19:46:16.379+0000] {logging_mixin.py:188} INFO - [2026-03-29T19:46:16.379+0000] {dag.py:3096} INFO - Sync 1 DAGs
[2026-03-29T19:46:16.389+0000] {logging_mixin.py:188} INFO - [2026-03-29T19:46:16.389+0000] {dag.py:3954} INFO - Setting next_dagrun for tmdb_raw_pipeline to 2026-03-29 00:00:00+00:00, run_after=2026-03-30 00:00:00+00:00
[2026-03-29T19:46:16.397+0000] {processor.py:183} INFO - Processing /opt/airflow/dags/tmdb_daily_dag.py took 0.043 seconds
[2026-03-29T19:46:46.985+0000] {processor.py:161} INFO - Started process (PID=62210) to work on /opt/airflow/dags/tmdb_daily_dag.py
[2026-03-29T19:46:46.987+0000] {processor.py:830} INFO - Processing file /opt/airflow/dags/tmdb_daily_dag.py for tasks to queue
[2026-03-29T19:46:46.987+0000] {logging_mixin.py:188} INFO - [2026-03-29T19:46:46.987+0000] {dagbag.py:545} INFO - Filling up the DagBag from /opt/airflow/dags/tmdb_daily_dag.py
[2026-03-29T19:46:46.994+0000] {processor.py:840} INFO - DAG(s) 'tmdb_raw_pipeline' retrieved from /opt/airflow/dags/tmdb_daily_dag.py
[2026-03-29T19:46:47.007+0000] {logging_mixin.py:188} INFO - [2026-03-29T19:46:47.007+0000] {dag.py:3096} INFO - Sync 1 DAGs
[2026-03-29T19:46:47.018+0000] {logging_mixin.py:188} INFO - [2026-03-29T19:46:47.018+0000] {dag.py:3954} INFO - Setting next_dagrun for tmdb_raw_pipeline to 2026-03-29 00:00:00+00:00, run_after=2026-03-30 00:00:00+00:00
[2026-03-29T19:46:47.026+0000] {processor.py:183} INFO - Processing /opt/airflow/dags/tmdb_daily_dag.py took 0.044 seconds
[2026-03-29T19:47:17.558+0000] {processor.py:161} INFO - Started process (PID=62230) to work on /opt/airflow/dags/tmdb_daily_dag.py
[2026-03-29T19:47:17.559+0000] {processor.py:830} INFO - Processing file /opt/airflow/dags/tmdb_daily_dag.py for tasks to queue
[2026-03-29T19:47:17.559+0000] {logging_mixin.py:188} INFO - [2026-03-29T19:47:17.559+0000] {dagbag.py:545} INFO - Filling up the DagBag from /opt/airflow/dags/tmdb_daily_dag.py
[2026-03-29T19:47:17.567+0000] {processor.py:840} INFO - DAG(s) 'tmdb_raw_pipeline' retrieved from /opt/airflow/dags/tmdb_daily_dag.py
[2026-03-29T19:47:17.578+0000] {logging_mixin.py:188} INFO - [2026-03-29T19:47:17.578+0000] {dag.py:3096} INFO - Sync 1 DAGs
[2026-03-29T19:47:17.588+0000] {logging_mixin.py:188} INFO - [2026-03-29T19:47:17.588+0000] {dag.py:3954} INFO - Setting next_dagrun for tmdb_raw_pipeline to 2026-03-29 00:00:00+00:00, run_after=2026-03-30 00:00:00+00:00
[2026-03-29T19:47:17.594+0000] {processor.py:183} INFO - Processing /opt/airflow/dags/tmdb_daily_dag.py took 0.040 seconds
[2026-03-29T19:47:48.117+0000] {processor.py:161} INFO - Started process (PID=62250) to work on /opt/airflow/dags/tmdb_daily_dag.py
[2026-03-29T19:47:48.118+0000] {processor.py:830} INFO - Processing file /opt/airflow/dags/tmdb_daily_dag.py for tasks to queue
[2026-03-29T19:47:48.118+0000] {logging_mixin.py:188} INFO - [2026-03-29T19:47:48.118+0000] {dagbag.py:545} INFO - Filling up the DagBag from /opt/airflow/dags/tmdb_daily_dag.py
[2026-03-29T19:47:48.124+0000] {processor.py:840} INFO - DAG(s) 'tmdb_raw_pipeline' retrieved from /opt/airflow/dags/tmdb_daily_dag.py
[2026-03-29T19:47:48.134+0000] {logging_mixin.py:188} INFO - [2026-03-29T19:47:48.134+0000] {dag.py:3096} INFO - Sync 1 DAGs
[2026-03-29T19:47:48.142+0000] {logging_mixin.py:188} INFO - [2026-03-29T19:47:48.142+0000] {dag.py:3954} INFO - Setting next_dagrun for tmdb_raw_pipeline to 2026-03-29 00:00:00+00:00, run_after=2026-03-30 00:00:00+00:00
[2026-03-29T19:47:48.148+0000] {processor.py:183} INFO - Processing /opt/airflow/dags/tmdb_daily_dag.py took 0.036 seconds
[2026-03-29T19:48:18.590+0000] {processor.py:161} INFO - Started process (PID=62270) to work on /opt/airflow/dags/tmdb_daily_dag.py
[2026-03-29T19:48:18.591+0000] {processor.py:830} INFO - Processing file /opt/airflow/dags/tmdb_daily_dag.py for tasks to queue
[2026-03-29T19:48:18.592+0000] {logging_mixin.py:188} INFO - [2026-03-29T19:48:18.592+0000] {dagbag.py:545} INFO - Filling up the DagBag from /opt/airflow/dags/tmdb_daily_dag.py
[2026-03-29T19:48:18.598+0000] {processor.py:840} INFO - DAG(s) 'tmdb_raw_pipeline' retrieved from /opt/airflow/dags/tmdb_daily_dag.py
[2026-03-29T19:48:18.607+0000] {logging_mixin.py:188} INFO - [2026-03-29T19:48:18.607+0000] {dag.py:3096} INFO - Sync 1 DAGs
[2026-03-29T19:48:18.616+0000] {logging_mixin.py:188} INFO - [2026-03-29T19:48:18.616+0000] {dag.py:3954} INFO - Setting next_dagrun for tmdb_raw_pipeline to 2026-03-29 00:00:00+00:00, run_after=2026-03-30 00:00:00+00:00
[2026-03-29T19:48:18.622+0000] {processor.py:183} INFO - Processing /opt/airflow/dags/tmdb_daily_dag.py took 0.034 seconds
[2026-03-29T19:48:49.227+0000] {processor.py:161} INFO - Started process (PID=62290) to work on /opt/airflow/dags/tmdb_daily_dag.py
[2026-03-29T19:48:49.228+0000] {processor.py:830} INFO - Processing file /opt/airflow/dags/tmdb_daily_dag.py for tasks to queue
[2026-03-29T19:48:49.229+0000] {logging_mixin.py:188} INFO - [2026-03-29T19:48:49.229+0000] {dagbag.py:545} INFO - Filling up the DagBag from /opt/airflow/dags/tmdb_daily_dag.py
[2026-03-29T19:48:49.237+0000] {processor.py:840} INFO - DAG(s) 'tmdb_raw_pipeline' retrieved from /opt/airflow/dags/tmdb_daily_dag.py
[2026-03-29T19:48:49.250+0000] {logging_mixin.py:188} INFO - [2026-03-29T19:48:49.250+0000] {dag.py:3096} INFO - Sync 1 DAGs
[2026-03-29T19:48:49.260+0000] {logging_mixin.py:188} INFO - [2026-03-29T19:48:49.260+0000] {dag.py:3954} INFO - Setting next_dagrun for tmdb_raw_pipeline to 2026-03-29 00:00:00+00:00, run_after=2026-03-30 00:00:00+00:00
[2026-03-29T19:48:49.267+0000] {processor.py:183} INFO - Processing /opt/airflow/dags/tmdb_daily_dag.py took 0.044 seconds
[2026-03-29T19:49:19.731+0000] {processor.py:161} INFO - Started process (PID=62310) to work on /opt/airflow/dags/tmdb_daily_dag.py
[2026-03-29T19:49:19.733+0000] {processor.py:830} INFO - Processing file /opt/airflow/dags/tmdb_daily_dag.py for tasks to queue
[2026-03-29T19:49:19.733+0000] {logging_mixin.py:188} INFO - [2026-03-29T19:49:19.733+0000] {dagbag.py:545} INFO - Filling up the DagBag from /opt/airflow/dags/tmdb_daily_dag.py
[2026-03-29T19:49:19.744+0000] {processor.py:840} INFO - DAG(s) 'tmdb_raw_pipeline' retrieved from /opt/airflow/dags/tmdb_daily_dag.py
[2026-03-29T19:49:19.760+0000] {logging_mixin.py:188} INFO - [2026-03-29T19:49:19.760+0000] {dag.py:3096} INFO - Sync 1 DAGs
[2026-03-29T19:49:19.772+0000] {logging_mixin.py:188} INFO - [2026-03-29T19:49:19.772+0000] {dag.py:3954} INFO - Setting next_dagrun for tmdb_raw_pipeline to 2026-03-29 00:00:00+00:00, run_after=2026-03-30 00:00:00+00:00
[2026-03-29T19:49:19.782+0000] {processor.py:183} INFO - Processing /opt/airflow/dags/tmdb_daily_dag.py took 0.060 seconds
[2026-03-29T19:49:50.279+0000] {processor.py:161} INFO - Started process (PID=62330) to work on /opt/airflow/dags/tmdb_daily_dag.py
[2026-03-29T19:49:50.280+0000] {processor.py:830} INFO - Processing file /opt/airflow/dags/tmdb_daily_dag.py for tasks to queue
[2026-03-29T19:49:50.280+0000] {logging_mixin.py:188} INFO - [2026-03-29T19:49:50.280+0000] {dagbag.py:545} INFO - Filling up the DagBag from /opt/airflow/dags/tmdb_daily_dag.py
[2026-03-29T19:49:50.286+0000] {processor.py:840} INFO - DAG(s) 'tmdb_raw_pipeline' retrieved from /opt/airflow/dags/tmdb_daily_dag.py
[2026-03-29T19:49:50.297+0000] {logging_mixin.py:188} INFO - [2026-03-29T19:49:50.297+0000] {dag.py:3096} INFO - Sync 1 DAGs
[2026-03-29T19:49:50.307+0000] {logging_mixin.py:188} INFO - [2026-03-29T19:49:50.307+0000] {dag.py:3954} INFO - Setting next_dagrun for tmdb_raw_pipeline to 2026-03-29 00:00:00+00:00, run_after=2026-03-30 00:00:00+00:00
[2026-03-29T19:49:50.314+0000] {processor.py:183} INFO - Processing /opt/airflow/dags/tmdb_daily_dag.py took 0.039 seconds
[2026-03-29T19:50:20.793+0000] {processor.py:161} INFO - Started process (PID=62350) to work on /opt/airflow/dags/tmdb_daily_dag.py
[2026-03-29T19:50:20.795+0000] {processor.py:830} INFO - Processing file /opt/airflow/dags/tmdb_daily_dag.py for tasks to queue
[2026-03-29T19:50:20.795+0000] {logging_mixin.py:188} INFO - [2026-03-29T19:50:20.795+0000] {dagbag.py:545} INFO - Filling up the DagBag from /opt/airflow/dags/tmdb_daily_dag.py
[2026-03-29T19:50:20.803+0000] {processor.py:840} INFO - DAG(s) 'tmdb_raw_pipeline' retrieved from /opt/airflow/dags/tmdb_daily_dag.py
[2026-03-29T19:50:20.815+0000] {logging_mixin.py:188} INFO - [2026-03-29T19:50:20.815+0000] {dag.py:3096} INFO - Sync 1 DAGs
[2026-03-29T19:50:20.826+0000] {logging_mixin.py:188} INFO - [2026-03-29T19:50:20.825+0000] {dag.py:3954} INFO - Setting next_dagrun for tmdb_raw_pipeline to 2026-03-29 00:00:00+00:00, run_after=2026-03-30 00:00:00+00:00
[2026-03-29T19:50:20.834+0000] {processor.py:183} INFO - Processing /opt/airflow/dags/tmdb_daily_dag.py took 0.045 seconds
[2026-03-29T19:50:51.352+0000] {processor.py:161} INFO - Started process (PID=62370) to work on /opt/airflow/dags/tmdb_daily_dag.py
[2026-03-29T19:50:51.353+0000] {processor.py:830} INFO - Processing file /opt/airflow/dags/tmdb_daily_dag.py for tasks to queue
[2026-03-29T19:50:51.353+0000] {logging_mixin.py:188} INFO - [2026-03-29T19:50:51.353+0000] {dagbag.py:545} INFO - Filling up the DagBag from /opt/airflow/dags/tmdb_daily_dag.py
[2026-03-29T19:50:51.359+0000] {processor.py:840} INFO - DAG(s) 'tmdb_raw_pipeline' retrieved from /opt/airflow/dags/tmdb_daily_dag.py
[2026-03-29T19:50:51.368+0000] {logging_mixin.py:188} INFO - [2026-03-29T19:50:51.368+0000] {dag.py:3096} INFO - Sync 1 DAGs
[2026-03-29T19:50:51.377+0000] {logging_mixin.py:188} INFO - [2026-03-29T19:50:51.377+0000] {dag.py:3954} INFO - Setting next_dagrun for tmdb_raw_pipeline to 2026-03-29 00:00:00+00:00, run_after=2026-03-30 00:00:00+00:00
[2026-03-29T19:50:51.383+0000] {processor.py:183} INFO - Processing /opt/airflow/dags/tmdb_daily_dag.py took 0.033 seconds
[2026-03-29T19:51:21.885+0000] {processor.py:161} INFO - Started process (PID=62390) to work on /opt/airflow/dags/tmdb_daily_dag.py
[2026-03-29T19:51:21.886+0000] {processor.py:830} INFO - Processing file /opt/airflow/dags/tmdb_daily_dag.py for tasks to queue
[2026-03-29T19:51:21.886+0000] {logging_mixin.py:188} INFO - [2026-03-29T19:51:21.886+0000] {dagbag.py:545} INFO - Filling up the DagBag from /opt/airflow/dags/tmdb_daily_dag.py
[2026-03-29T19:51:21.893+0000] {processor.py:840} INFO - DAG(s) 'tmdb_raw_pipeline' retrieved from /opt/airflow/dags/tmdb_daily_dag.py
[2026-03-29T19:51:21.903+0000] {logging_mixin.py:188} INFO - [2026-03-29T19:51:21.903+0000] {dag.py:3096} INFO - Sync 1 DAGs
[2026-03-29T19:51:21.912+0000] {logging_mixin.py:188} INFO - [2026-03-29T19:51:21.912+0000] {dag.py:3954} INFO - Setting next_dagrun for tmdb_raw_pipeline to 2026-03-29 00:00:00+00:00, run_after=2026-03-30 00:00:00+00:00
[2026-03-29T19:51:21.918+0000] {processor.py:183} INFO - Processing /opt/airflow/dags/tmdb_daily_dag.py took 0.036 seconds
[2026-03-29T19:51:52.366+0000] {processor.py:161} INFO - Started process (PID=62410) to work on /opt/airflow/dags/tmdb_daily_dag.py
[2026-03-29T19:51:52.367+0000] {processor.py:830} INFO - Processing file /opt/airflow/dags/tmdb_daily_dag.py for tasks to queue
[2026-03-29T19:51:52.367+0000] {logging_mixin.py:188} INFO - [2026-03-29T19:51:52.367+0000] {dagbag.py:545} INFO - Filling up the DagBag from /opt/airflow/dags/tmdb_daily_dag.py
[2026-03-29T19:51:52.373+0000] {processor.py:840} INFO - DAG(s) 'tmdb_raw_pipeline' retrieved from /opt/airflow/dags/tmdb_daily_dag.py
[2026-03-29T19:51:52.383+0000] {logging_mixin.py:188} INFO - [2026-03-29T19:51:52.383+0000] {dag.py:3096} INFO - Sync 1 DAGs
[2026-03-29T19:51:52.392+0000] {logging_mixin.py:188} INFO - [2026-03-29T19:51:52.392+0000] {dag.py:3954} INFO - Setting next_dagrun for tmdb_raw_pipeline to 2026-03-29 00:00:00+00:00, run_after=2026-03-30 00:00:00+00:00
[2026-03-29T19:51:52.400+0000] {processor.py:183} INFO - Processing /opt/airflow/dags/tmdb_daily_dag.py took 0.036 seconds
[2026-03-29T19:52:23.000+0000] {processor.py:161} INFO - Started process (PID=62430) to work on /opt/airflow/dags/tmdb_daily_dag.py
[2026-03-29T19:52:23.000+0000] {processor.py:830} INFO - Processing file /opt/airflow/dags/tmdb_daily_dag.py for tasks to queue
[2026-03-29T19:52:23.001+0000] {logging_mixin.py:188} INFO - [2026-03-29T19:52:23.001+0000] {dagbag.py:545} INFO - Filling up the DagBag from /opt/airflow/dags/tmdb_daily_dag.py
[2026-03-29T19:52:23.007+0000] {processor.py:840} INFO - DAG(s) 'tmdb_raw_pipeline' retrieved from /opt/airflow/dags/tmdb_daily_dag.py
[2026-03-29T19:52:23.020+0000] {logging_mixin.py:188} INFO - [2026-03-29T19:52:23.020+0000] {dag.py:3096} INFO - Sync 1 DAGs
[2026-03-29T19:52:23.031+0000] {logging_mixin.py:188} INFO - [2026-03-29T19:52:23.031+0000] {dag.py:3954} INFO - Setting next_dagrun for tmdb_raw_pipeline to 2026-03-29 00:00:00+00:00, run_after=2026-03-30 00:00:00+00:00
[2026-03-29T19:52:23.038+0000] {processor.py:183} INFO - Processing /opt/airflow/dags/tmdb_daily_dag.py took 0.042 seconds
[2026-03-29T19:52:53.535+0000] {processor.py:161} INFO - Started process (PID=62450) to work on /opt/airflow/dags/tmdb_daily_dag.py
[2026-03-29T19:52:53.537+0000] {processor.py:830} INFO - Processing file /opt/airflow/dags/tmdb_daily_dag.py for tasks to queue
[2026-03-29T19:52:53.537+0000] {logging_mixin.py:188} INFO - [2026-03-29T19:52:53.537+0000] {dagbag.py:545} INFO - Filling up the DagBag from /opt/airflow/dags/tmdb_daily_dag.py
[2026-03-29T19:52:53.544+0000] {processor.py:840} INFO - DAG(s) 'tmdb_raw_pipeline' retrieved from /opt/airflow/dags/tmdb_daily_dag.py
[2026-03-29T19:52:53.555+0000] {logging_mixin.py:188} INFO - [2026-03-29T19:52:53.555+0000] {dag.py:3096} INFO - Sync 1 DAGs
[2026-03-29T19:52:53.564+0000] {logging_mixin.py:188} INFO - [2026-03-29T19:52:53.564+0000] {dag.py:3954} INFO - Setting next_dagrun for tmdb_raw_pipeline to 2026-03-29 00:00:00+00:00, run_after=2026-03-30 00:00:00+00:00
[2026-03-29T19:52:53.571+0000] {processor.py:183} INFO - Processing /opt/airflow/dags/tmdb_daily_dag.py took 0.039 seconds
[2026-03-29T19:53:24.121+0000] {processor.py:161} INFO - Started process (PID=62470) to work on /opt/airflow/dags/tmdb_daily_dag.py
[2026-03-29T19:53:24.121+0000] {processor.py:830} INFO - Processing file /opt/airflow/dags/tmdb_daily_dag.py for tasks to queue
[2026-03-29T19:53:24.122+0000] {logging_mixin.py:188} INFO - [2026-03-29T19:53:24.122+0000] {dagbag.py:545} INFO - Filling up the DagBag from /opt/airflow/dags/tmdb_daily_dag.py
[2026-03-29T19:53:24.127+0000] {processor.py:840} INFO - DAG(s) 'tmdb_raw_pipeline' retrieved from /opt/airflow/dags/tmdb_daily_dag.py
[2026-03-29T19:53:24.136+0000] {logging_mixin.py:188} INFO - [2026-03-29T19:53:24.136+0000] {dag.py:3096} INFO - Sync 1 DAGs
[2026-03-29T19:53:24.144+0000] {logging_mixin.py:188} INFO - [2026-03-29T19:53:24.144+0000] {dag.py:3954} INFO - Setting next_dagrun for tmdb_raw_pipeline to 2026-03-29 00:00:00+00:00, run_after=2026-03-30 00:00:00+00:00
[2026-03-29T19:53:24.150+0000] {processor.py:183} INFO - Processing /opt/airflow/dags/tmdb_daily_dag.py took 0.032 seconds
[2026-03-29T19:53:54.534+0000] {processor.py:161} INFO - Started process (PID=62490) to work on /opt/airflow/dags/tmdb_daily_dag.py
[2026-03-29T19:53:54.535+0000] {processor.py:830} INFO - Processing file /opt/airflow/dags/tmdb_daily_dag.py for tasks to queue
[2026-03-29T19:53:54.535+0000] {logging_mixin.py:188} INFO - [2026-03-29T19:53:54.535+0000] {dagbag.py:545} INFO - Filling up the DagBag from /opt/airflow/dags/tmdb_daily_dag.py
[2026-03-29T19:53:54.540+0000] {processor.py:840} INFO - DAG(s) 'tmdb_raw_pipeline' retrieved from /opt/airflow/dags/tmdb_daily_dag.py
[2026-03-29T19:53:54.549+0000] {logging_mixin.py:188} INFO - [2026-03-29T19:53:54.549+0000] {dag.py:3096} INFO - Sync 1 DAGs
[2026-03-29T19:53:54.557+0000] {logging_mixin.py:188} INFO - [2026-03-29T19:53:54.557+0000] {dag.py:3954} INFO - Setting next_dagrun for tmdb_raw_pipeline to 2026-03-29 00:00:00+00:00, run_after=2026-03-30 00:00:00+00:00
[2026-03-29T19:53:54.562+0000] {processor.py:183} INFO - Processing /opt/airflow/dags/tmdb_daily_dag.py took 0.031 seconds
[2026-03-29T19:54:25.110+0000] {processor.py:161} INFO - Started process (PID=62510) to work on /opt/airflow/dags/tmdb_daily_dag.py
[2026-03-29T19:54:25.111+0000] {processor.py:830} INFO - Processing file /opt/airflow/dags/tmdb_daily_dag.py for tasks to queue
[2026-03-29T19:54:25.111+0000] {logging_mixin.py:188} INFO - [2026-03-29T19:54:25.111+0000] {dagbag.py:545} INFO - Filling up the DagBag from /opt/airflow/dags/tmdb_daily_dag.py
[2026-03-29T19:54:25.118+0000] {processor.py:840} INFO - DAG(s) 'tmdb_raw_pipeline' retrieved from /opt/airflow/dags/tmdb_daily_dag.py
[2026-03-29T19:54:25.129+0000] {logging_mixin.py:188} INFO - [2026-03-29T19:54:25.129+0000] {dag.py:3096} INFO - Sync 1 DAGs
[2026-03-29T19:54:25.139+0000] {logging_mixin.py:188} INFO - [2026-03-29T19:54:25.139+0000] {dag.py:3954} INFO - Setting next_dagrun for tmdb_raw_pipeline to 2026-03-29 00:00:00+00:00, run_after=2026-03-30 00:00:00+00:00
[2026-03-29T19:54:25.146+0000] {processor.py:183} INFO - Processing /opt/airflow/dags/tmdb_daily_dag.py took 0.039 seconds
[2026-03-29T19:54:55.620+0000] {processor.py:161} INFO - Started process (PID=62530) to work on /opt/airflow/dags/tmdb_daily_dag.py
[2026-03-29T19:54:55.621+0000] {processor.py:830} INFO - Processing file /opt/airflow/dags/tmdb_daily_dag.py for tasks to queue
[2026-03-29T19:54:55.621+0000] {logging_mixin.py:188} INFO - [2026-03-29T19:54:55.621+0000] {dagbag.py:545} INFO - Filling up the DagBag from /opt/airflow/dags/tmdb_daily_dag.py
[2026-03-29T19:54:55.626+0000] {processor.py:840} INFO - DAG(s) 'tmdb_raw_pipeline' retrieved from /opt/airflow/dags/tmdb_daily_dag.py
[2026-03-29T19:54:55.635+0000] {logging_mixin.py:188} INFO - [2026-03-29T19:54:55.635+0000] {dag.py:3096} INFO - Sync 1 DAGs
[2026-03-29T19:54:55.644+0000] {logging_mixin.py:188} INFO - [2026-03-29T19:54:55.643+0000] {dag.py:3954} INFO - Setting next_dagrun for tmdb_raw_pipeline to 2026-03-29 00:00:00+00:00, run_after=2026-03-30 00:00:00+00:00
[2026-03-29T19:54:55.650+0000] {processor.py:183} INFO - Processing /opt/airflow/dags/tmdb_daily_dag.py took 0.033 seconds
[2026-03-29T19:55:26.236+0000] {processor.py:161} INFO - Started process (PID=62550) to work on /opt/airflow/dags/tmdb_daily_dag.py
[2026-03-29T19:55:26.237+0000] {processor.py:830} INFO - Processing file /opt/airflow/dags/tmdb_daily_dag.py for tasks to queue
[2026-03-29T19:55:26.238+0000] {logging_mixin.py:188} INFO - [2026-03-29T19:55:26.237+0000] {dagbag.py:545} INFO - Filling up the DagBag from /opt/airflow/dags/tmdb_daily_dag.py
[2026-03-29T19:55:26.244+0000] {processor.py:840} INFO - DAG(s) 'tmdb_raw_pipeline' retrieved from /opt/airflow/dags/tmdb_daily_dag.py
[2026-03-29T19:55:26.258+0000] {logging_mixin.py:188} INFO - [2026-03-29T19:55:26.258+0000] {dag.py:3096} INFO - Sync 1 DAGs
[2026-03-29T19:55:26.268+0000] {logging_mixin.py:188} INFO - [2026-03-29T19:55:26.268+0000] {dag.py:3954} INFO - Setting next_dagrun for tmdb_raw_pipeline to 2026-03-29 00:00:00+00:00, run_after=2026-03-30 00:00:00+00:00
[2026-03-29T19:55:26.275+0000] {processor.py:183} INFO - Processing /opt/airflow/dags/tmdb_daily_dag.py took 0.042 seconds
[2026-03-29T19:55:56.895+0000] {processor.py:161} INFO - Started process (PID=62570) to work on /opt/airflow/dags/tmdb_daily_dag.py
[2026-03-29T19:55:56.896+0000] {processor.py:830} INFO - Processing file /opt/airflow/dags/tmdb_daily_dag.py for tasks to queue
[2026-03-29T19:55:56.897+0000] {logging_mixin.py:188} INFO - [2026-03-29T19:55:56.897+0000] {dagbag.py:545} INFO - Filling up the DagBag from /opt/airflow/dags/tmdb_daily_dag.py
[2026-03-29T19:55:56.903+0000] {processor.py:840} INFO - DAG(s) 'tmdb_raw_pipeline' retrieved from /opt/airflow/dags/tmdb_daily_dag.py
[2026-03-29T19:55:56.918+0000] {logging_mixin.py:188} INFO - [2026-03-29T19:55:56.918+0000] {dag.py:3096} INFO - Sync 1 DAGs
[2026-03-29T19:55:56.930+0000] {logging_mixin.py:188} INFO - [2026-03-29T19:55:56.929+0000] {dag.py:3954} INFO - Setting next_dagrun for tmdb_raw_pipeline to 2026-03-29 00:00:00+00:00, run_after=2026-03-30 00:00:00+00:00
[2026-03-29T19:55:56.937+0000] {processor.py:183} INFO - Processing /opt/airflow/dags/tmdb_daily_dag.py took 0.045 seconds
[2026-03-29T19:56:27.552+0000] {processor.py:161} INFO - Started process (PID=62590) to work on /opt/airflow/dags/tmdb_daily_dag.py
[2026-03-29T19:56:27.553+0000] {processor.py:830} INFO - Processing file /opt/airflow/dags/tmdb_daily_dag.py for tasks to queue
[2026-03-29T19:56:27.553+0000] {logging_mixin.py:188} INFO - [2026-03-29T19:56:27.553+0000] {dagbag.py:545} INFO - Filling up the DagBag from /opt/airflow/dags/tmdb_daily_dag.py
[2026-03-29T19:56:27.559+0000] {processor.py:840} INFO - DAG(s) 'tmdb_raw_pipeline' retrieved from /opt/airflow/dags/tmdb_daily_dag.py
[2026-03-29T19:56:27.568+0000] {logging_mixin.py:188} INFO - [2026-03-29T19:56:27.568+0000] {dag.py:3096} INFO - Sync 1 DAGs
[2026-03-29T19:56:27.576+0000] {logging_mixin.py:188} INFO - [2026-03-29T19:56:27.576+0000] {dag.py:3954} INFO - Setting next_dagrun for tmdb_raw_pipeline to 2026-03-29 00:00:00+00:00, run_after=2026-03-30 00:00:00+00:00
[2026-03-29T19:56:27.583+0000] {processor.py:183} INFO - Processing /opt/airflow/dags/tmdb_daily_dag.py took 0.033 seconds
[2026-03-29T19:56:58.046+0000] {processor.py:161} INFO - Started process (PID=62610) to work on /opt/airflow/dags/tmdb_daily_dag.py
[2026-03-29T19:56:58.048+0000] {processor.py:830} INFO - Processing file /opt/airflow/dags/tmdb_daily_dag.py for tasks to queue
[2026-03-29T19:56:58.048+0000] {logging_mixin.py:188} INFO - [2026-03-29T19:56:58.048+0000] {dagbag.py:545} INFO - Filling up the DagBag from /opt/airflow/dags/tmdb_daily_dag.py
[2026-03-29T19:56:58.055+0000] {processor.py:840} INFO - DAG(s) 'tmdb_raw_pipeline' retrieved from /opt/airflow/dags/tmdb_daily_dag.py
[2026-03-29T19:56:58.066+0000] {logging_mixin.py:188} INFO - [2026-03-29T19:56:58.066+0000] {dag.py:3096} INFO - Sync 1 DAGs
[2026-03-29T19:56:58.075+0000] {logging_mixin.py:188} INFO - [2026-03-29T19:56:58.075+0000] {dag.py:3954} INFO - Setting next_dagrun for tmdb_raw_pipeline to 2026-03-29 00:00:00+00:00, run_after=2026-03-30 00:00:00+00:00
[2026-03-29T19:56:58.081+0000] {processor.py:183} INFO - Processing /opt/airflow/dags/tmdb_daily_dag.py took 0.037 seconds
[2026-03-29T19:57:28.632+0000] {processor.py:161} INFO - Started process (PID=62630) to work on /opt/airflow/dags/tmdb_daily_dag.py
[2026-03-29T19:57:28.633+0000] {processor.py:830} INFO - Processing file /opt/airflow/dags/tmdb_daily_dag.py for tasks to queue
[2026-03-29T19:57:28.634+0000] {logging_mixin.py:188} INFO - [2026-03-29T19:57:28.634+0000] {dagbag.py:545} INFO - Filling up the DagBag from /opt/airflow/dags/tmdb_daily_dag.py
[2026-03-29T19:57:28.640+0000] {processor.py:840} INFO - DAG(s) 'tmdb_raw_pipeline' retrieved from /opt/airflow/dags/tmdb_daily_dag.py
[2026-03-29T19:57:28.652+0000] {logging_mixin.py:188} INFO - [2026-03-29T19:57:28.651+0000] {dag.py:3096} INFO - Sync 1 DAGs
[2026-03-29T19:57:28.662+0000] {logging_mixin.py:188} INFO - [2026-03-29T19:57:28.662+0000] {dag.py:3954} INFO - Setting next_dagrun for tmdb_raw_pipeline to 2026-03-29 00:00:00+00:00, run_after=2026-03-30 00:00:00+00:00
[2026-03-29T19:57:28.669+0000] {processor.py:183} INFO - Processing /opt/airflow/dags/tmdb_daily_dag.py took 0.047 seconds
[2026-03-29T19:57:59.150+0000] {processor.py:161} INFO - Started process (PID=62650) to work on /opt/airflow/dags/tmdb_daily_dag.py
[2026-03-29T19:57:59.151+0000] {processor.py:830} INFO - Processing file /opt/airflow/dags/tmdb_daily_dag.py for tasks to queue
[2026-03-29T19:57:59.151+0000] {logging_mixin.py:188} INFO - [2026-03-29T19:57:59.151+0000] {dagbag.py:545} INFO - Filling up the DagBag from /opt/airflow/dags/tmdb_daily_dag.py
[2026-03-29T19:57:59.158+0000] {processor.py:840} INFO - DAG(s) 'tmdb_raw_pipeline' retrieved from /opt/airflow/dags/tmdb_daily_dag.py
[2026-03-29T19:57:59.168+0000] {logging_mixin.py:188} INFO - [2026-03-29T19:57:59.168+0000] {dag.py:3096} INFO - Sync 1 DAGs
[2026-03-29T19:57:59.177+0000] {logging_mixin.py:188} INFO - [2026-03-29T19:57:59.177+0000] {dag.py:3954} INFO - Setting next_dagrun for tmdb_raw_pipeline to 2026-03-29 00:00:00+00:00, run_after=2026-03-30 00:00:00+00:00
[2026-03-29T19:57:59.183+0000] {processor.py:183} INFO - Processing /opt/airflow/dags/tmdb_daily_dag.py took 0.036 seconds
[2026-03-29T19:58:29.760+0000] {processor.py:161} INFO - Started process (PID=62670) to work on /opt/airflow/dags/tmdb_daily_dag.py
[2026-03-29T19:58:29.762+0000] {processor.py:830} INFO - Processing file /opt/airflow/dags/tmdb_daily_dag.py for tasks to queue
[2026-03-29T19:58:29.763+0000] {logging_mixin.py:188} INFO - [2026-03-29T19:58:29.762+0000] {dagbag.py:545} INFO - Filling up the DagBag from /opt/airflow/dags/tmdb_daily_dag.py
[2026-03-29T19:58:29.775+0000] {processor.py:840} INFO - DAG(s) 'tmdb_raw_pipeline' retrieved from /opt/airflow/dags/tmdb_daily_dag.py
[2026-03-29T19:58:29.789+0000] {logging_mixin.py:188} INFO - [2026-03-29T19:58:29.789+0000] {dag.py:3096} INFO - Sync 1 DAGs
[2026-03-29T19:58:29.802+0000] {logging_mixin.py:188} INFO - [2026-03-29T19:58:29.801+0000] {dag.py:3954} INFO - Setting next_dagrun for tmdb_raw_pipeline to 2026-03-29 00:00:00+00:00, run_after=2026-03-30 00:00:00+00:00
[2026-03-29T19:58:29.810+0000] {processor.py:183} INFO - Processing /opt/airflow/dags/tmdb_daily_dag.py took 0.054 seconds
[2026-03-29T19:59:00.403+0000] {processor.py:161} INFO - Started process (PID=62690) to work on /opt/airflow/dags/tmdb_daily_dag.py
[2026-03-29T19:59:00.404+0000] {processor.py:830} INFO - Processing file /opt/airflow/dags/tmdb_daily_dag.py for tasks to queue
[2026-03-29T19:59:00.405+0000] {logging_mixin.py:188} INFO - [2026-03-29T19:59:00.404+0000] {dagbag.py:545} INFO - Filling up the DagBag from /opt/airflow/dags/tmdb_daily_dag.py
[2026-03-29T19:59:00.411+0000] {processor.py:840} INFO - DAG(s) 'tmdb_raw_pipeline' retrieved from /opt/airflow/dags/tmdb_daily_dag.py
[2026-03-29T19:59:00.422+0000] {logging_mixin.py:188} INFO - [2026-03-29T19:59:00.422+0000] {dag.py:3096} INFO - Sync 1 DAGs
[2026-03-29T19:59:00.430+0000] {logging_mixin.py:188} INFO - [2026-03-29T19:59:00.430+0000] {dag.py:3954} INFO - Setting next_dagrun for tmdb_raw_pipeline to 2026-03-29 00:00:00+00:00, run_after=2026-03-30 00:00:00+00:00
[2026-03-29T19:59:00.437+0000] {processor.py:183} INFO - Processing /opt/airflow/dags/tmdb_daily_dag.py took 0.036 seconds
[2026-03-29T19:59:30.986+0000] {processor.py:161} INFO - Started process (PID=62710) to work on /opt/airflow/dags/tmdb_daily_dag.py
[2026-03-29T19:59:30.988+0000] {processor.py:830} INFO - Processing file /opt/airflow/dags/tmdb_daily_dag.py for tasks to queue
[2026-03-29T19:59:30.988+0000] {logging_mixin.py:188} INFO - [2026-03-29T19:59:30.988+0000] {dagbag.py:545} INFO - Filling up the DagBag from /opt/airflow/dags/tmdb_daily_dag.py
[2026-03-29T19:59:30.996+0000] {processor.py:840} INFO - DAG(s) 'tmdb_raw_pipeline' retrieved from /opt/airflow/dags/tmdb_daily_dag.py
[2026-03-29T19:59:31.009+0000] {logging_mixin.py:188} INFO - [2026-03-29T19:59:31.008+0000] {dag.py:3096} INFO - Sync 1 DAGs
[2026-03-29T19:59:31.019+0000] {logging_mixin.py:188} INFO - [2026-03-29T19:59:31.018+0000] {dag.py:3954} INFO - Setting next_dagrun for tmdb_raw_pipeline to 2026-03-29 00:00:00+00:00, run_after=2026-03-30 00:00:00+00:00
[2026-03-29T19:59:31.026+0000] {processor.py:183} INFO - Processing /opt/airflow/dags/tmdb_daily_dag.py took 0.043 seconds
[2026-03-29T20:00:01.513+0000] {processor.py:161} INFO - Started process (PID=62730) to work on /opt/airflow/dags/tmdb_daily_dag.py
[2026-03-29T20:00:01.514+0000] {processor.py:830} INFO - Processing file /opt/airflow/dags/tmdb_daily_dag.py for tasks to queue
[2026-03-29T20:00:01.515+0000] {logging_mixin.py:188} INFO - [2026-03-29T20:00:01.514+0000] {dagbag.py:545} INFO - Filling up the DagBag from /opt/airflow/dags/tmdb_daily_dag.py
[2026-03-29T20:00:01.520+0000] {processor.py:840} INFO - DAG(s) 'tmdb_raw_pipeline' retrieved from /opt/airflow/dags/tmdb_daily_dag.py
[2026-03-29T20:00:01.529+0000] {logging_mixin.py:188} INFO - [2026-03-29T20:00:01.529+0000] {dag.py:3096} INFO - Sync 1 DAGs
[2026-03-29T20:00:01.537+0000] {logging_mixin.py:188} INFO - [2026-03-29T20:00:01.537+0000] {dag.py:3954} INFO - Setting next_dagrun for tmdb_raw_pipeline to 2026-03-29 00:00:00+00:00, run_after=2026-03-30 00:00:00+00:00
[2026-03-29T20:00:01.542+0000] {processor.py:183} INFO - Processing /opt/airflow/dags/tmdb_daily_dag.py took 0.031 seconds
[2026-03-29T20:00:32.032+0000] {processor.py:161} INFO - Started process (PID=62750) to work on /opt/airflow/dags/tmdb_daily_dag.py
[2026-03-29T20:00:32.033+0000] {processor.py:830} INFO - Processing file /opt/airflow/dags/tmdb_daily_dag.py for tasks to queue
[2026-03-29T20:00:32.034+0000] {logging_mixin.py:188} INFO - [2026-03-29T20:00:32.033+0000] {dagbag.py:545} INFO - Filling up the DagBag from /opt/airflow/dags/tmdb_daily_dag.py
[2026-03-29T20:00:32.039+0000] {processor.py:840} INFO - DAG(s) 'tmdb_raw_pipeline' retrieved from /opt/airflow/dags/tmdb_daily_dag.py
[2026-03-29T20:00:32.048+0000] {logging_mixin.py:188} INFO - [2026-03-29T20:00:32.048+0000] {dag.py:3096} INFO - Sync 1 DAGs
[2026-03-29T20:00:32.058+0000] {logging_mixin.py:188} INFO - [2026-03-29T20:00:32.058+0000] {dag.py:3954} INFO - Setting next_dagrun for tmdb_raw_pipeline to 2026-03-29 00:00:00+00:00, run_after=2026-03-30 00:00:00+00:00
[2026-03-29T20:00:32.064+0000] {processor.py:183} INFO - Processing /opt/airflow/dags/tmdb_daily_dag.py took 0.034 seconds
[2026-03-29T20:01:02.450+0000] {processor.py:161} INFO - Started process (PID=62770) to work on /opt/airflow/dags/tmdb_daily_dag.py
[2026-03-29T20:01:02.451+0000] {processor.py:830} INFO - Processing file /opt/airflow/dags/tmdb_daily_dag.py for tasks to queue
[2026-03-29T20:01:02.451+0000] {logging_mixin.py:188} INFO - [2026-03-29T20:01:02.451+0000] {dagbag.py:545} INFO - Filling up the DagBag from /opt/airflow/dags/tmdb_daily_dag.py
[2026-03-29T20:01:02.457+0000] {processor.py:840} INFO - DAG(s) 'tmdb_raw_pipeline' retrieved from /opt/airflow/dags/tmdb_daily_dag.py
[2026-03-29T20:01:02.473+0000] {logging_mixin.py:188} INFO - [2026-03-29T20:01:02.472+0000] {dag.py:3096} INFO - Sync 1 DAGs
[2026-03-29T20:01:02.482+0000] {logging_mixin.py:188} INFO - [2026-03-29T20:01:02.482+0000] {dag.py:3954} INFO - Setting next_dagrun for tmdb_raw_pipeline to 2026-03-29 00:00:00+00:00, run_after=2026-03-30 00:00:00+00:00
[2026-03-29T20:01:02.488+0000] {processor.py:183} INFO - Processing /opt/airflow/dags/tmdb_daily_dag.py took 0.039 seconds
[2026-03-29T20:01:33.027+0000] {processor.py:161} INFO - Started process (PID=62790) to work on /opt/airflow/dags/tmdb_daily_dag.py
[2026-03-29T20:01:33.028+0000] {processor.py:830} INFO - Processing file /opt/airflow/dags/tmdb_daily_dag.py for tasks to queue
[2026-03-29T20:01:33.028+0000] {logging_mixin.py:188} INFO - [2026-03-29T20:01:33.028+0000] {dagbag.py:545} INFO - Filling up the DagBag from /opt/airflow/dags/tmdb_daily_dag.py
[2026-03-29T20:01:33.034+0000] {processor.py:840} INFO - DAG(s) 'tmdb_raw_pipeline' retrieved from /opt/airflow/dags/tmdb_daily_dag.py
[2026-03-29T20:01:33.045+0000] {logging_mixin.py:188} INFO - [2026-03-29T20:01:33.044+0000] {dag.py:3096} INFO - Sync 1 DAGs
[2026-03-29T20:01:33.053+0000] {logging_mixin.py:188} INFO - [2026-03-29T20:01:33.053+0000] {dag.py:3954} INFO - Setting next_dagrun for tmdb_raw_pipeline to 2026-03-29 00:00:00+00:00, run_after=2026-03-30 00:00:00+00:00
[2026-03-29T20:01:33.059+0000] {processor.py:183} INFO - Processing /opt/airflow/dags/tmdb_daily_dag.py took 0.035 seconds
[2026-03-29T20:02:03.588+0000] {processor.py:161} INFO - Started process (PID=62810) to work on /opt/airflow/dags/tmdb_daily_dag.py
[2026-03-29T20:02:03.589+0000] {processor.py:830} INFO - Processing file /opt/airflow/dags/tmdb_daily_dag.py for tasks to queue
[2026-03-29T20:02:03.589+0000] {logging_mixin.py:188} INFO - [2026-03-29T20:02:03.589+0000] {dagbag.py:545} INFO - Filling up the DagBag from /opt/airflow/dags/tmdb_daily_dag.py
[2026-03-29T20:02:03.596+0000] {processor.py:840} INFO - DAG(s) 'tmdb_raw_pipeline' retrieved from /opt/airflow/dags/tmdb_daily_dag.py
[2026-03-29T20:02:03.607+0000] {logging_mixin.py:188} INFO - [2026-03-29T20:02:03.607+0000] {dag.py:3096} INFO - Sync 1 DAGs
[2026-03-29T20:02:03.617+0000] {logging_mixin.py:188} INFO - [2026-03-29T20:02:03.617+0000] {dag.py:3954} INFO - Setting next_dagrun for tmdb_raw_pipeline to 2026-03-29 00:00:00+00:00, run_after=2026-03-30 00:00:00+00:00
[2026-03-29T20:02:03.624+0000] {processor.py:183} INFO - Processing /opt/airflow/dags/tmdb_daily_dag.py took 0.038 seconds
[2026-03-29T20:02:34.133+0000] {processor.py:161} INFO - Started process (PID=62830) to work on /opt/airflow/dags/tmdb_daily_dag.py
[2026-03-29T20:02:34.134+0000] {processor.py:830} INFO - Processing file /opt/airflow/dags/tmdb_daily_dag.py for tasks to queue
[2026-03-29T20:02:34.134+0000] {logging_mixin.py:188} INFO - [2026-03-29T20:02:34.134+0000] {dagbag.py:545} INFO - Filling up the DagBag from /opt/airflow/dags/tmdb_daily_dag.py
[2026-03-29T20:02:34.141+0000] {processor.py:840} INFO - DAG(s) 'tmdb_raw_pipeline' retrieved from /opt/airflow/dags/tmdb_daily_dag.py
[2026-03-29T20:02:34.152+0000] {logging_mixin.py:188} INFO - [2026-03-29T20:02:34.152+0000] {dag.py:3096} INFO - Sync 1 DAGs
[2026-03-29T20:02:34.165+0000] {logging_mixin.py:188} INFO - [2026-03-29T20:02:34.165+0000] {dag.py:3954} INFO - Setting next_dagrun for tmdb_raw_pipeline to 2026-03-29 00:00:00+00:00, run_after=2026-03-30 00:00:00+00:00
[2026-03-29T20:02:34.172+0000] {processor.py:183} INFO - Processing /opt/airflow/dags/tmdb_daily_dag.py took 0.041 seconds
[2026-03-29T20:03:04.601+0000] {processor.py:161} INFO - Started process (PID=62850) to work on /opt/airflow/dags/tmdb_daily_dag.py
[2026-03-29T20:03:04.602+0000] {processor.py:830} INFO - Processing file /opt/airflow/dags/tmdb_daily_dag.py for tasks to queue
[2026-03-29T20:03:04.603+0000] {logging_mixin.py:188} INFO - [2026-03-29T20:03:04.603+0000] {dagbag.py:545} INFO - Filling up the DagBag from /opt/airflow/dags/tmdb_daily_dag.py
[2026-03-29T20:03:04.609+0000] {processor.py:840} INFO - DAG(s) 'tmdb_raw_pipeline' retrieved from /opt/airflow/dags/tmdb_daily_dag.py
[2026-03-29T20:03:04.618+0000] {logging_mixin.py:188} INFO - [2026-03-29T20:03:04.618+0000] {dag.py:3096} INFO - Sync 1 DAGs
[2026-03-29T20:03:04.626+0000] {logging_mixin.py:188} INFO - [2026-03-29T20:03:04.626+0000] {dag.py:3954} INFO - Setting next_dagrun for tmdb_raw_pipeline to 2026-03-29 00:00:00+00:00, run_after=2026-03-30 00:00:00+00:00
[2026-03-29T20:03:04.632+0000] {processor.py:183} INFO - Processing /opt/airflow/dags/tmdb_daily_dag.py took 0.034 seconds
[2026-03-29T20:03:35.096+0000] {processor.py:161} INFO - Started process (PID=62870) to work on /opt/airflow/dags/tmdb_daily_dag.py
[2026-03-29T20:03:35.097+0000] {processor.py:830} INFO - Processing file /opt/airflow/dags/tmdb_daily_dag.py for tasks to queue
[2026-03-29T20:03:35.098+0000] {logging_mixin.py:188} INFO - [2026-03-29T20:03:35.098+0000] {dagbag.py:545} INFO - Filling up the DagBag from /opt/airflow/dags/tmdb_daily_dag.py
[2026-03-29T20:03:35.103+0000] {processor.py:840} INFO - DAG(s) 'tmdb_raw_pipeline' retrieved from /opt/airflow/dags/tmdb_daily_dag.py
[2026-03-29T20:03:35.112+0000] {logging_mixin.py:188} INFO - [2026-03-29T20:03:35.112+0000] {dag.py:3096} INFO - Sync 1 DAGs
[2026-03-29T20:03:35.120+0000] {logging_mixin.py:188} INFO - [2026-03-29T20:03:35.120+0000] {dag.py:3954} INFO - Setting next_dagrun for tmdb_raw_pipeline to 2026-03-29 00:00:00+00:00, run_after=2026-03-30 00:00:00+00:00
[2026-03-29T20:03:35.126+0000] {processor.py:183} INFO - Processing /opt/airflow/dags/tmdb_daily_dag.py took 0.033 seconds
[2026-03-29T20:04:05.621+0000] {processor.py:161} INFO - Started process (PID=62890) to work on /opt/airflow/dags/tmdb_daily_dag.py
[2026-03-29T20:04:05.622+0000] {processor.py:830} INFO - Processing file /opt/airflow/dags/tmdb_daily_dag.py for tasks to queue
[2026-03-29T20:04:05.623+0000] {logging_mixin.py:188} INFO - [2026-03-29T20:04:05.623+0000] {dagbag.py:545} INFO - Filling up the DagBag from /opt/airflow/dags/tmdb_daily_dag.py
[2026-03-29T20:04:05.629+0000] {processor.py:840} INFO - DAG(s) 'tmdb_raw_pipeline' retrieved from /opt/airflow/dags/tmdb_daily_dag.py
[2026-03-29T20:04:05.640+0000] {logging_mixin.py:188} INFO - [2026-03-29T20:04:05.640+0000] {dag.py:3096} INFO - Sync 1 DAGs
[2026-03-29T20:04:05.650+0000] {logging_mixin.py:188} INFO - [2026-03-29T20:04:05.650+0000] {dag.py:3954} INFO - Setting next_dagrun for tmdb_raw_pipeline to 2026-03-29 00:00:00+00:00, run_after=2026-03-30 00:00:00+00:00
[2026-03-29T20:04:05.656+0000] {processor.py:183} INFO - Processing /opt/airflow/dags/tmdb_daily_dag.py took 0.037 seconds
[2026-03-29T20:04:36.180+0000] {processor.py:161} INFO - Started process (PID=62910) to work on /opt/airflow/dags/tmdb_daily_dag.py
[2026-03-29T20:04:36.181+0000] {processor.py:830} INFO - Processing file /opt/airflow/dags/tmdb_daily_dag.py for tasks to queue
[2026-03-29T20:04:36.182+0000] {logging_mixin.py:188} INFO - [2026-03-29T20:04:36.181+0000] {dagbag.py:545} INFO - Filling up the DagBag from /opt/airflow/dags/tmdb_daily_dag.py
[2026-03-29T20:04:36.189+0000] {processor.py:840} INFO - DAG(s) 'tmdb_raw_pipeline' retrieved from /opt/airflow/dags/tmdb_daily_dag.py
[2026-03-29T20:04:36.200+0000] {logging_mixin.py:188} INFO - [2026-03-29T20:04:36.200+0000] {dag.py:3096} INFO - Sync 1 DAGs
[2026-03-29T20:04:36.209+0000] {logging_mixin.py:188} INFO - [2026-03-29T20:04:36.209+0000] {dag.py:3954} INFO - Setting next_dagrun for tmdb_raw_pipeline to 2026-03-29 00:00:00+00:00, run_after=2026-03-30 00:00:00+00:00
[2026-03-29T20:04:36.215+0000] {processor.py:183} INFO - Processing /opt/airflow/dags/tmdb_daily_dag.py took 0.041 seconds
[2026-03-29T20:05:06.695+0000] {processor.py:161} INFO - Started process (PID=62930) to work on /opt/airflow/dags/tmdb_daily_dag.py
[2026-03-29T20:05:06.696+0000] {processor.py:830} INFO - Processing file /opt/airflow/dags/tmdb_daily_dag.py for tasks to queue
[2026-03-29T20:05:06.696+0000] {logging_mixin.py:188} INFO - [2026-03-29T20:05:06.696+0000] {dagbag.py:545} INFO - Filling up the DagBag from /opt/airflow/dags/tmdb_daily_dag.py
[2026-03-29T20:05:06.701+0000] {processor.py:840} INFO - DAG(s) 'tmdb_raw_pipeline' retrieved from /opt/airflow/dags/tmdb_daily_dag.py
[2026-03-29T20:05:06.711+0000] {logging_mixin.py:188} INFO - [2026-03-29T20:05:06.711+0000] {dag.py:3096} INFO - Sync 1 DAGs
[2026-03-29T20:05:06.719+0000] {logging_mixin.py:188} INFO - [2026-03-29T20:05:06.719+0000] {dag.py:3954} INFO - Setting next_dagrun for tmdb_raw_pipeline to 2026-03-29 00:00:00+00:00, run_after=2026-03-30 00:00:00+00:00
[2026-03-29T20:05:06.725+0000] {processor.py:183} INFO - Processing /opt/airflow/dags/tmdb_daily_dag.py took 0.033 seconds
[2026-03-29T20:05:37.210+0000] {processor.py:161} INFO - Started process (PID=62950) to work on /opt/airflow/dags/tmdb_daily_dag.py
[2026-03-29T20:05:37.211+0000] {processor.py:830} INFO - Processing file /opt/airflow/dags/tmdb_daily_dag.py for tasks to queue
[2026-03-29T20:05:37.211+0000] {logging_mixin.py:188} INFO - [2026-03-29T20:05:37.211+0000] {dagbag.py:545} INFO - Filling up the DagBag from /opt/airflow/dags/tmdb_daily_dag.py
[2026-03-29T20:05:37.217+0000] {processor.py:840} INFO - DAG(s) 'tmdb_raw_pipeline' retrieved from /opt/airflow/dags/tmdb_daily_dag.py
[2026-03-29T20:05:37.227+0000] {logging_mixin.py:188} INFO - [2026-03-29T20:05:37.227+0000] {dag.py:3096} INFO - Sync 1 DAGs
[2026-03-29T20:05:37.236+0000] {logging_mixin.py:188} INFO - [2026-03-29T20:05:37.236+0000] {dag.py:3954} INFO - Setting next_dagrun for tmdb_raw_pipeline to 2026-03-29 00:00:00+00:00, run_after=2026-03-30 00:00:00+00:00
[2026-03-29T20:05:37.242+0000] {processor.py:183} INFO - Processing /opt/airflow/dags/tmdb_daily_dag.py took 0.035 seconds
[2026-03-29T20:06:07.685+0000] {processor.py:161} INFO - Started process (PID=62970) to work on /opt/airflow/dags/tmdb_daily_dag.py
[2026-03-29T20:06:07.686+0000] {processor.py:830} INFO - Processing file /opt/airflow/dags/tmdb_daily_dag.py for tasks to queue
[2026-03-29T20:06:07.686+0000] {logging_mixin.py:188} INFO - [2026-03-29T20:06:07.686+0000] {dagbag.py:545} INFO - Filling up the DagBag from /opt/airflow/dags/tmdb_daily_dag.py
[2026-03-29T20:06:07.691+0000] {processor.py:840} INFO - DAG(s) 'tmdb_raw_pipeline' retrieved from /opt/airflow/dags/tmdb_daily_dag.py
[2026-03-29T20:06:07.701+0000] {logging_mixin.py:188} INFO - [2026-03-29T20:06:07.701+0000] {dag.py:3096} INFO - Sync 1 DAGs
[2026-03-29T20:06:07.709+0000] {logging_mixin.py:188} INFO - [2026-03-29T20:06:07.709+0000] {dag.py:3954} INFO - Setting next_dagrun for tmdb_raw_pipeline to 2026-03-29 00:00:00+00:00, run_after=2026-03-30 00:00:00+00:00
[2026-03-29T20:06:07.716+0000] {processor.py:183} INFO - Processing /opt/airflow/dags/tmdb_daily_dag.py took 0.033 seconds
[2026-03-29T20:06:38.229+0000] {processor.py:161} INFO - Started process (PID=62990) to work on /opt/airflow/dags/tmdb_daily_dag.py
[2026-03-29T20:06:38.230+0000] {processor.py:830} INFO - Processing file /opt/airflow/dags/tmdb_daily_dag.py for tasks to queue
[2026-03-29T20:06:38.230+0000] {logging_mixin.py:188} INFO - [2026-03-29T20:06:38.230+0000] {dagbag.py:545} INFO - Filling up the DagBag from /opt/airflow/dags/tmdb_daily_dag.py
[2026-03-29T20:06:38.236+0000] {processor.py:840} INFO - DAG(s) 'tmdb_raw_pipeline' retrieved from /opt/airflow/dags/tmdb_daily_dag.py
[2026-03-29T20:06:38.245+0000] {logging_mixin.py:188} INFO - [2026-03-29T20:06:38.245+0000] {dag.py:3096} INFO - Sync 1 DAGs
[2026-03-29T20:06:38.254+0000] {logging_mixin.py:188} INFO - [2026-03-29T20:06:38.254+0000] {dag.py:3954} INFO - Setting next_dagrun for tmdb_raw_pipeline to 2026-03-29 00:00:00+00:00, run_after=2026-03-30 00:00:00+00:00
[2026-03-29T20:06:38.261+0000] {processor.py:183} INFO - Processing /opt/airflow/dags/tmdb_daily_dag.py took 0.039 seconds
[2026-03-29T20:07:08.719+0000] {processor.py:161} INFO - Started process (PID=63010) to work on /opt/airflow/dags/tmdb_daily_dag.py
[2026-03-29T20:07:08.721+0000] {processor.py:830} INFO - Processing file /opt/airflow/dags/tmdb_daily_dag.py for tasks to queue
[2026-03-29T20:07:08.722+0000] {logging_mixin.py:188} INFO - [2026-03-29T20:07:08.721+0000] {dagbag.py:545} INFO - Filling up the DagBag from /opt/airflow/dags/tmdb_daily_dag.py
[2026-03-29T20:07:08.728+0000] {processor.py:840} INFO - DAG(s) 'tmdb_raw_pipeline' retrieved from /opt/airflow/dags/tmdb_daily_dag.py
[2026-03-29T20:07:08.737+0000] {logging_mixin.py:188} INFO - [2026-03-29T20:07:08.737+0000] {dag.py:3096} INFO - Sync 1 DAGs
[2026-03-29T20:07:08.745+0000] {logging_mixin.py:188} INFO - [2026-03-29T20:07:08.745+0000] {dag.py:3954} INFO - Setting next_dagrun for tmdb_raw_pipeline to 2026-03-29 00:00:00+00:00, run_after=2026-03-30 00:00:00+00:00
[2026-03-29T20:07:08.751+0000] {processor.py:183} INFO - Processing /opt/airflow/dags/tmdb_daily_dag.py took 0.036 seconds
[2026-03-29T20:07:39.246+0000] {processor.py:161} INFO - Started process (PID=63030) to work on /opt/airflow/dags/tmdb_daily_dag.py
[2026-03-29T20:07:39.247+0000] {processor.py:830} INFO - Processing file /opt/airflow/dags/tmdb_daily_dag.py for tasks to queue
[2026-03-29T20:07:39.247+0000] {logging_mixin.py:188} INFO - [2026-03-29T20:07:39.247+0000] {dagbag.py:545} INFO - Filling up the DagBag from /opt/airflow/dags/tmdb_daily_dag.py
[2026-03-29T20:07:39.255+0000] {processor.py:840} INFO - DAG(s) 'tmdb_raw_pipeline' retrieved from /opt/airflow/dags/tmdb_daily_dag.py
[2026-03-29T20:07:39.265+0000] {logging_mixin.py:188} INFO - [2026-03-29T20:07:39.265+0000] {dag.py:3096} INFO - Sync 1 DAGs
[2026-03-29T20:07:39.274+0000] {logging_mixin.py:188} INFO - [2026-03-29T20:07:39.274+0000] {dag.py:3954} INFO - Setting next_dagrun for tmdb_raw_pipeline to 2026-03-29 00:00:00+00:00, run_after=2026-03-30 00:00:00+00:00
[2026-03-29T20:07:39.280+0000] {processor.py:183} INFO - Processing /opt/airflow/dags/tmdb_daily_dag.py took 0.038 seconds
[2026-03-29T20:08:09.742+0000] {processor.py:161} INFO - Started process (PID=63050) to work on /opt/airflow/dags/tmdb_daily_dag.py
[2026-03-29T20:08:09.743+0000] {processor.py:830} INFO - Processing file /opt/airflow/dags/tmdb_daily_dag.py for tasks to queue
[2026-03-29T20:08:09.744+0000] {logging_mixin.py:188} INFO - [2026-03-29T20:08:09.743+0000] {dagbag.py:545} INFO - Filling up the DagBag from /opt/airflow/dags/tmdb_daily_dag.py
[2026-03-29T20:08:09.750+0000] {processor.py:840} INFO - DAG(s) 'tmdb_raw_pipeline' retrieved from /opt/airflow/dags/tmdb_daily_dag.py
[2026-03-29T20:08:09.759+0000] {logging_mixin.py:188} INFO - [2026-03-29T20:08:09.759+0000] {dag.py:3096} INFO - Sync 1 DAGs
[2026-03-29T20:08:09.768+0000] {logging_mixin.py:188} INFO - [2026-03-29T20:08:09.768+0000] {dag.py:3954} INFO - Setting next_dagrun for tmdb_raw_pipeline to 2026-03-29 00:00:00+00:00, run_after=2026-03-30 00:00:00+00:00
[2026-03-29T20:08:09.775+0000] {processor.py:183} INFO - Processing /opt/airflow/dags/tmdb_daily_dag.py took 0.036 seconds
[2026-03-29T20:08:40.295+0000] {processor.py:161} INFO - Started process (PID=63070) to work on /opt/airflow/dags/tmdb_daily_dag.py
[2026-03-29T20:08:40.297+0000] {processor.py:830} INFO - Processing file /opt/airflow/dags/tmdb_daily_dag.py for tasks to queue
[2026-03-29T20:08:40.297+0000] {logging_mixin.py:188} INFO - [2026-03-29T20:08:40.297+0000] {dagbag.py:545} INFO - Filling up the DagBag from /opt/airflow/dags/tmdb_daily_dag.py
[2026-03-29T20:08:40.307+0000] {processor.py:840} INFO - DAG(s) 'tmdb_raw_pipeline' retrieved from /opt/airflow/dags/tmdb_daily_dag.py
[2026-03-29T20:08:40.317+0000] {logging_mixin.py:188} INFO - [2026-03-29T20:08:40.317+0000] {dag.py:3096} INFO - Sync 1 DAGs
[2026-03-29T20:08:40.327+0000] {logging_mixin.py:188} INFO - [2026-03-29T20:08:40.326+0000] {dag.py:3954} INFO - Setting next_dagrun for tmdb_raw_pipeline to 2026-03-29 00:00:00+00:00, run_after=2026-03-30 00:00:00+00:00
[2026-03-29T20:08:40.333+0000] {processor.py:183} INFO - Processing /opt/airflow/dags/tmdb_daily_dag.py took 0.042 seconds
[2026-03-29T20:09:10.729+0000] {processor.py:161} INFO - Started process (PID=63090) to work on /opt/airflow/dags/tmdb_daily_dag.py
[2026-03-29T20:09:10.731+0000] {processor.py:830} INFO - Processing file /opt/airflow/dags/tmdb_daily_dag.py for tasks to queue
[2026-03-29T20:09:10.732+0000] {logging_mixin.py:188} INFO - [2026-03-29T20:09:10.731+0000] {dagbag.py:545} INFO - Filling up the DagBag from /opt/airflow/dags/tmdb_daily_dag.py
[2026-03-29T20:09:10.737+0000] {processor.py:840} INFO - DAG(s) 'tmdb_raw_pipeline' retrieved from /opt/airflow/dags/tmdb_daily_dag.py
[2026-03-29T20:09:10.746+0000] {logging_mixin.py:188} INFO - [2026-03-29T20:09:10.746+0000] {dag.py:3096} INFO - Sync 1 DAGs
[2026-03-29T20:09:10.754+0000] {logging_mixin.py:188} INFO - [2026-03-29T20:09:10.754+0000] {dag.py:3954} INFO - Setting next_dagrun for tmdb_raw_pipeline to 2026-03-29 00:00:00+00:00, run_after=2026-03-30 00:00:00+00:00
[2026-03-29T20:09:10.760+0000] {processor.py:183} INFO - Processing /opt/airflow/dags/tmdb_daily_dag.py took 0.034 seconds
[2026-03-29T20:09:41.300+0000] {processor.py:161} INFO - Started process (PID=63110) to work on /opt/airflow/dags/tmdb_daily_dag.py
[2026-03-29T20:09:41.301+0000] {processor.py:830} INFO - Processing file /opt/airflow/dags/tmdb_daily_dag.py for tasks to queue
[2026-03-29T20:09:41.302+0000] {logging_mixin.py:188} INFO - [2026-03-29T20:09:41.301+0000] {dagbag.py:545} INFO - Filling up the DagBag from /opt/airflow/dags/tmdb_daily_dag.py
[2026-03-29T20:09:41.307+0000] {processor.py:840} INFO - DAG(s) 'tmdb_raw_pipeline' retrieved from /opt/airflow/dags/tmdb_daily_dag.py
[2026-03-29T20:09:41.317+0000] {logging_mixin.py:188} INFO - [2026-03-29T20:09:41.317+0000] {dag.py:3096} INFO - Sync 1 DAGs
[2026-03-29T20:09:41.326+0000] {logging_mixin.py:188} INFO - [2026-03-29T20:09:41.326+0000] {dag.py:3954} INFO - Setting next_dagrun for tmdb_raw_pipeline to 2026-03-29 00:00:00+00:00, run_after=2026-03-30 00:00:00+00:00
[2026-03-29T20:09:41.333+0000] {processor.py:183} INFO - Processing /opt/airflow/dags/tmdb_daily_dag.py took 0.036 seconds
[2026-03-29T20:10:11.861+0000] {processor.py:161} INFO - Started process (PID=63130) to work on /opt/airflow/dags/tmdb_daily_dag.py
[2026-03-29T20:10:11.862+0000] {processor.py:830} INFO - Processing file /opt/airflow/dags/tmdb_daily_dag.py for tasks to queue
[2026-03-29T20:10:11.862+0000] {logging_mixin.py:188} INFO - [2026-03-29T20:10:11.862+0000] {dagbag.py:545} INFO - Filling up the DagBag from /opt/airflow/dags/tmdb_daily_dag.py
[2026-03-29T20:10:11.868+0000] {processor.py:840} INFO - DAG(s) 'tmdb_raw_pipeline' retrieved from /opt/airflow/dags/tmdb_daily_dag.py
[2026-03-29T20:10:11.878+0000] {logging_mixin.py:188} INFO - [2026-03-29T20:10:11.878+0000] {dag.py:3096} INFO - Sync 1 DAGs
[2026-03-29T20:10:11.886+0000] {logging_mixin.py:188} INFO - [2026-03-29T20:10:11.886+0000] {dag.py:3954} INFO - Setting next_dagrun for tmdb_raw_pipeline to 2026-03-29 00:00:00+00:00, run_after=2026-03-30 00:00:00+00:00
[2026-03-29T20:10:11.892+0000] {processor.py:183} INFO - Processing /opt/airflow/dags/tmdb_daily_dag.py took 0.034 seconds
[2026-03-29T20:10:42.381+0000] {processor.py:161} INFO - Started process (PID=63150) to work on /opt/airflow/dags/tmdb_daily_dag.py
[2026-03-29T20:10:42.382+0000] {processor.py:830} INFO - Processing file /opt/airflow/dags/tmdb_daily_dag.py for tasks to queue
[2026-03-29T20:10:42.383+0000] {logging_mixin.py:188} INFO - [2026-03-29T20:10:42.383+0000] {dagbag.py:545} INFO - Filling up the DagBag from /opt/airflow/dags/tmdb_daily_dag.py
[2026-03-29T20:10:42.390+0000] {processor.py:840} INFO - DAG(s) 'tmdb_raw_pipeline' retrieved from /opt/airflow/dags/tmdb_daily_dag.py
[2026-03-29T20:10:42.403+0000] {logging_mixin.py:188} INFO - [2026-03-29T20:10:42.402+0000] {dag.py:3096} INFO - Sync 1 DAGs
[2026-03-29T20:10:42.412+0000] {logging_mixin.py:188} INFO - [2026-03-29T20:10:42.412+0000] {dag.py:3954} INFO - Setting next_dagrun for tmdb_raw_pipeline to 2026-03-29 00:00:00+00:00, run_after=2026-03-30 00:00:00+00:00
[2026-03-29T20:10:42.419+0000] {processor.py:183} INFO - Processing /opt/airflow/dags/tmdb_daily_dag.py took 0.040 seconds
[2026-03-29T20:11:12.862+0000] {processor.py:161} INFO - Started process (PID=63170) to work on /opt/airflow/dags/tmdb_daily_dag.py
[2026-03-29T20:11:12.863+0000] {processor.py:830} INFO - Processing file /opt/airflow/dags/tmdb_daily_dag.py for tasks to queue
[2026-03-29T20:11:12.864+0000] {logging_mixin.py:188} INFO - [2026-03-29T20:11:12.863+0000] {dagbag.py:545} INFO - Filling up the DagBag from /opt/airflow/dags/tmdb_daily_dag.py
[2026-03-29T20:11:12.869+0000] {processor.py:840} INFO - DAG(s) 'tmdb_raw_pipeline' retrieved from /opt/airflow/dags/tmdb_daily_dag.py
[2026-03-29T20:11:12.879+0000] {logging_mixin.py:188} INFO - [2026-03-29T20:11:12.879+0000] {dag.py:3096} INFO - Sync 1 DAGs
[2026-03-29T20:11:12.888+0000] {logging_mixin.py:188} INFO - [2026-03-29T20:11:12.888+0000] {dag.py:3954} INFO - Setting next_dagrun for tmdb_raw_pipeline to 2026-03-29 00:00:00+00:00, run_after=2026-03-30 00:00:00+00:00
[2026-03-29T20:11:12.894+0000] {processor.py:183} INFO - Processing /opt/airflow/dags/tmdb_daily_dag.py took 0.035 seconds
[2026-03-29T20:11:43.477+0000] {processor.py:161} INFO - Started process (PID=63190) to work on /opt/airflow/dags/tmdb_daily_dag.py
[2026-03-29T20:11:43.478+0000] {processor.py:830} INFO - Processing file /opt/airflow/dags/tmdb_daily_dag.py for tasks to queue
[2026-03-29T20:11:43.479+0000] {logging_mixin.py:188} INFO - [2026-03-29T20:11:43.479+0000] {dagbag.py:545} INFO - Filling up the DagBag from /opt/airflow/dags/tmdb_daily_dag.py
[2026-03-29T20:11:43.487+0000] {processor.py:840} INFO - DAG(s) 'tmdb_raw_pipeline' retrieved from /opt/airflow/dags/tmdb_daily_dag.py
[2026-03-29T20:11:43.501+0000] {logging_mixin.py:188} INFO - [2026-03-29T20:11:43.501+0000] {dag.py:3096} INFO - Sync 1 DAGs
[2026-03-29T20:11:43.512+0000] {logging_mixin.py:188} INFO - [2026-03-29T20:11:43.511+0000] {dag.py:3954} INFO - Setting next_dagrun for tmdb_raw_pipeline to 2026-03-29 00:00:00+00:00, run_after=2026-03-30 00:00:00+00:00
[2026-03-29T20:11:43.519+0000] {processor.py:183} INFO - Processing /opt/airflow/dags/tmdb_daily_dag.py took 0.047 seconds
[2026-03-29T20:12:13.960+0000] {processor.py:161} INFO - Started process (PID=63210) to work on /opt/airflow/dags/tmdb_daily_dag.py
[2026-03-29T20:12:13.961+0000] {processor.py:830} INFO - Processing file /opt/airflow/dags/tmdb_daily_dag.py for tasks to queue
[2026-03-29T20:12:13.961+0000] {logging_mixin.py:188} INFO - [2026-03-29T20:12:13.961+0000] {dagbag.py:545} INFO - Filling up the DagBag from /opt/airflow/dags/tmdb_daily_dag.py
[2026-03-29T20:12:13.968+0000] {processor.py:840} INFO - DAG(s) 'tmdb_raw_pipeline' retrieved from /opt/airflow/dags/tmdb_daily_dag.py
[2026-03-29T20:12:13.979+0000] {logging_mixin.py:188} INFO - [2026-03-29T20:12:13.979+0000] {dag.py:3096} INFO - Sync 1 DAGs
[2026-03-29T20:12:13.989+0000] {logging_mixin.py:188} INFO - [2026-03-29T20:12:13.989+0000] {dag.py:3954} INFO - Setting next_dagrun for tmdb_raw_pipeline to 2026-03-29 00:00:00+00:00, run_after=2026-03-30 00:00:00+00:00
[2026-03-29T20:12:13.996+0000] {processor.py:183} INFO - Processing /opt/airflow/dags/tmdb_daily_dag.py took 0.039 seconds
[2026-03-29T20:12:44.534+0000] {processor.py:161} INFO - Started process (PID=63230) to work on /opt/airflow/dags/tmdb_daily_dag.py
[2026-03-29T20:12:44.535+0000] {processor.py:830} INFO - Processing file /opt/airflow/dags/tmdb_daily_dag.py for tasks to queue
[2026-03-29T20:12:44.535+0000] {logging_mixin.py:188} INFO - [2026-03-29T20:12:44.535+0000] {dagbag.py:545} INFO - Filling up the DagBag from /opt/airflow/dags/tmdb_daily_dag.py
[2026-03-29T20:12:44.541+0000] {processor.py:840} INFO - DAG(s) 'tmdb_raw_pipeline' retrieved from /opt/airflow/dags/tmdb_daily_dag.py
[2026-03-29T20:12:44.551+0000] {logging_mixin.py:188} INFO - [2026-03-29T20:12:44.551+0000] {dag.py:3096} INFO - Sync 1 DAGs
[2026-03-29T20:12:44.560+0000] {logging_mixin.py:188} INFO - [2026-03-29T20:12:44.560+0000] {dag.py:3954} INFO - Setting next_dagrun for tmdb_raw_pipeline to 2026-03-29 00:00:00+00:00, run_after=2026-03-30 00:00:00+00:00
[2026-03-29T20:12:44.567+0000] {processor.py:183} INFO - Processing /opt/airflow/dags/tmdb_daily_dag.py took 0.036 seconds
[2026-03-29T20:13:15.127+0000] {processor.py:161} INFO - Started process (PID=63250) to work on /opt/airflow/dags/tmdb_daily_dag.py
[2026-03-29T20:13:15.128+0000] {processor.py:830} INFO - Processing file /opt/airflow/dags/tmdb_daily_dag.py for tasks to queue
[2026-03-29T20:13:15.129+0000] {logging_mixin.py:188} INFO - [2026-03-29T20:13:15.129+0000] {dagbag.py:545} INFO - Filling up the DagBag from /opt/airflow/dags/tmdb_daily_dag.py
[2026-03-29T20:13:15.135+0000] {processor.py:840} INFO - DAG(s) 'tmdb_raw_pipeline' retrieved from /opt/airflow/dags/tmdb_daily_dag.py
[2026-03-29T20:13:15.147+0000] {logging_mixin.py:188} INFO - [2026-03-29T20:13:15.147+0000] {dag.py:3096} INFO - Sync 1 DAGs
[2026-03-29T20:13:15.158+0000] {logging_mixin.py:188} INFO - [2026-03-29T20:13:15.158+0000] {dag.py:3954} INFO - Setting next_dagrun for tmdb_raw_pipeline to 2026-03-29 00:00:00+00:00, run_after=2026-03-30 00:00:00+00:00
[2026-03-29T20:13:15.164+0000] {processor.py:183} INFO - Processing /opt/airflow/dags/tmdb_daily_dag.py took 0.039 seconds
[2026-03-29T20:13:45.665+0000] {processor.py:161} INFO - Started process (PID=63270) to work on /opt/airflow/dags/tmdb_daily_dag.py
[2026-03-29T20:13:45.666+0000] {processor.py:830} INFO - Processing file /opt/airflow/dags/tmdb_daily_dag.py for tasks to queue
[2026-03-29T20:13:45.667+0000] {logging_mixin.py:188} INFO - [2026-03-29T20:13:45.666+0000] {dagbag.py:545} INFO - Filling up the DagBag from /opt/airflow/dags/tmdb_daily_dag.py
[2026-03-29T20:13:45.673+0000] {processor.py:840} INFO - DAG(s) 'tmdb_raw_pipeline' retrieved from /opt/airflow/dags/tmdb_daily_dag.py
[2026-03-29T20:13:45.703+0000] {logging_mixin.py:188} INFO - [2026-03-29T20:13:45.703+0000] {dag.py:3096} INFO - Sync 1 DAGs
[2026-03-29T20:13:45.728+0000] {logging_mixin.py:188} INFO - [2026-03-29T20:13:45.728+0000] {dag.py:3954} INFO - Setting next_dagrun for tmdb_raw_pipeline to 2026-03-29 00:00:00+00:00, run_after=2026-03-30 00:00:00+00:00
[2026-03-29T20:13:45.740+0000] {processor.py:183} INFO - Processing /opt/airflow/dags/tmdb_daily_dag.py took 0.077 seconds
[2026-03-29T20:14:16.214+0000] {processor.py:161} INFO - Started process (PID=63290) to work on /opt/airflow/dags/tmdb_daily_dag.py
[2026-03-29T20:14:16.215+0000] {processor.py:830} INFO - Processing file /opt/airflow/dags/tmdb_daily_dag.py for tasks to queue
[2026-03-29T20:14:16.216+0000] {logging_mixin.py:188} INFO - [2026-03-29T20:14:16.215+0000] {dagbag.py:545} INFO - Filling up the DagBag from /opt/airflow/dags/tmdb_daily_dag.py
[2026-03-29T20:14:16.222+0000] {processor.py:840} INFO - DAG(s) 'tmdb_raw_pipeline' retrieved from /opt/airflow/dags/tmdb_daily_dag.py
[2026-03-29T20:14:16.233+0000] {logging_mixin.py:188} INFO - [2026-03-29T20:14:16.233+0000] {dag.py:3096} INFO - Sync 1 DAGs
[2026-03-29T20:14:16.253+0000] {logging_mixin.py:188} INFO - [2026-03-29T20:14:16.252+0000] {dag.py:3954} INFO - Setting next_dagrun for tmdb_raw_pipeline to 2026-03-29 00:00:00+00:00, run_after=2026-03-30 00:00:00+00:00
[2026-03-29T20:14:16.261+0000] {processor.py:183} INFO - Processing /opt/airflow/dags/tmdb_daily_dag.py took 0.050 seconds
[2026-03-29T20:14:46.841+0000] {processor.py:161} INFO - Started process (PID=63310) to work on /opt/airflow/dags/tmdb_daily_dag.py
[2026-03-29T20:14:46.842+0000] {processor.py:830} INFO - Processing file /opt/airflow/dags/tmdb_daily_dag.py for tasks to queue
[2026-03-29T20:14:46.843+0000] {logging_mixin.py:188} INFO - [2026-03-29T20:14:46.843+0000] {dagbag.py:545} INFO - Filling up the DagBag from /opt/airflow/dags/tmdb_daily_dag.py
[2026-03-29T20:14:46.850+0000] {processor.py:840} INFO - DAG(s) 'tmdb_raw_pipeline' retrieved from /opt/airflow/dags/tmdb_daily_dag.py
[2026-03-29T20:14:46.863+0000] {logging_mixin.py:188} INFO - [2026-03-29T20:14:46.863+0000] {dag.py:3096} INFO - Sync 1 DAGs
[2026-03-29T20:14:46.873+0000] {logging_mixin.py:188} INFO - [2026-03-29T20:14:46.873+0000] {dag.py:3954} INFO - Setting next_dagrun for tmdb_raw_pipeline to 2026-03-29 00:00:00+00:00, run_after=2026-03-30 00:00:00+00:00
[2026-03-29T20:14:46.881+0000] {processor.py:183} INFO - Processing /opt/airflow/dags/tmdb_daily_dag.py took 0.045 seconds
[2026-03-29T20:15:17.363+0000] {processor.py:161} INFO - Started process (PID=63330) to work on /opt/airflow/dags/tmdb_daily_dag.py
[2026-03-29T20:15:17.364+0000] {processor.py:830} INFO - Processing file /opt/airflow/dags/tmdb_daily_dag.py for tasks to queue
[2026-03-29T20:15:17.364+0000] {logging_mixin.py:188} INFO - [2026-03-29T20:15:17.364+0000] {dagbag.py:545} INFO - Filling up the DagBag from /opt/airflow/dags/tmdb_daily_dag.py
[2026-03-29T20:15:17.371+0000] {processor.py:840} INFO - DAG(s) 'tmdb_raw_pipeline' retrieved from /opt/airflow/dags/tmdb_daily_dag.py
[2026-03-29T20:15:17.383+0000] {logging_mixin.py:188} INFO - [2026-03-29T20:15:17.383+0000] {dag.py:3096} INFO - Sync 1 DAGs
[2026-03-29T20:15:17.394+0000] {logging_mixin.py:188} INFO - [2026-03-29T20:15:17.394+0000] {dag.py:3954} INFO - Setting next_dagrun for tmdb_raw_pipeline to 2026-03-29 00:00:00+00:00, run_after=2026-03-30 00:00:00+00:00
[2026-03-29T20:15:17.401+0000] {processor.py:183} INFO - Processing /opt/airflow/dags/tmdb_daily_dag.py took 0.042 seconds
[2026-03-29T20:15:47.922+0000] {processor.py:161} INFO - Started process (PID=63350) to work on /opt/airflow/dags/tmdb_daily_dag.py
[2026-03-29T20:15:47.924+0000] {processor.py:830} INFO - Processing file /opt/airflow/dags/tmdb_daily_dag.py for tasks to queue
[2026-03-29T20:15:47.924+0000] {logging_mixin.py:188} INFO - [2026-03-29T20:15:47.924+0000] {dagbag.py:545} INFO - Filling up the DagBag from /opt/airflow/dags/tmdb_daily_dag.py
[2026-03-29T20:15:47.930+0000] {processor.py:840} INFO - DAG(s) 'tmdb_raw_pipeline' retrieved from /opt/airflow/dags/tmdb_daily_dag.py
[2026-03-29T20:15:47.940+0000] {logging_mixin.py:188} INFO - [2026-03-29T20:15:47.940+0000] {dag.py:3096} INFO - Sync 1 DAGs
[2026-03-29T20:15:47.950+0000] {logging_mixin.py:188} INFO - [2026-03-29T20:15:47.950+0000] {dag.py:3954} INFO - Setting next_dagrun for tmdb_raw_pipeline to 2026-03-29 00:00:00+00:00, run_after=2026-03-30 00:00:00+00:00
[2026-03-29T20:15:47.956+0000] {processor.py:183} INFO - Processing /opt/airflow/dags/tmdb_daily_dag.py took 0.036 seconds
[2026-03-29T20:16:18.375+0000] {processor.py:161} INFO - Started process (PID=63370) to work on /opt/airflow/dags/tmdb_daily_dag.py
[2026-03-29T20:16:18.376+0000] {processor.py:830} INFO - Processing file /opt/airflow/dags/tmdb_daily_dag.py for tasks to queue
[2026-03-29T20:16:18.376+0000] {logging_mixin.py:188} INFO - [2026-03-29T20:16:18.376+0000] {dagbag.py:545} INFO - Filling up the DagBag from /opt/airflow/dags/tmdb_daily_dag.py
[2026-03-29T20:16:18.382+0000] {processor.py:840} INFO - DAG(s) 'tmdb_raw_pipeline' retrieved from /opt/airflow/dags/tmdb_daily_dag.py
[2026-03-29T20:16:18.392+0000] {logging_mixin.py:188} INFO - [2026-03-29T20:16:18.392+0000] {dag.py:3096} INFO - Sync 1 DAGs
[2026-03-29T20:16:18.401+0000] {logging_mixin.py:188} INFO - [2026-03-29T20:16:18.400+0000] {dag.py:3954} INFO - Setting next_dagrun for tmdb_raw_pipeline to 2026-03-29 00:00:00+00:00, run_after=2026-03-30 00:00:00+00:00
[2026-03-29T20:16:18.407+0000] {processor.py:183} INFO - Processing /opt/airflow/dags/tmdb_daily_dag.py took 0.036 seconds
[2026-03-29T20:16:48.918+0000] {processor.py:161} INFO - Started process (PID=63390) to work on /opt/airflow/dags/tmdb_daily_dag.py
[2026-03-29T20:16:48.919+0000] {processor.py:830} INFO - Processing file /opt/airflow/dags/tmdb_daily_dag.py for tasks to queue
[2026-03-29T20:16:48.919+0000] {logging_mixin.py:188} INFO - [2026-03-29T20:16:48.919+0000] {dagbag.py:545} INFO - Filling up the DagBag from /opt/airflow/dags/tmdb_daily_dag.py
[2026-03-29T20:16:48.925+0000] {processor.py:840} INFO - DAG(s) 'tmdb_raw_pipeline' retrieved from /opt/airflow/dags/tmdb_daily_dag.py
[2026-03-29T20:16:48.934+0000] {logging_mixin.py:188} INFO - [2026-03-29T20:16:48.934+0000] {dag.py:3096} INFO - Sync 1 DAGs
[2026-03-29T20:16:48.942+0000] {logging_mixin.py:188} INFO - [2026-03-29T20:16:48.942+0000] {dag.py:3954} INFO - Setting next_dagrun for tmdb_raw_pipeline to 2026-03-29 00:00:00+00:00, run_after=2026-03-30 00:00:00+00:00
[2026-03-29T20:16:48.949+0000] {processor.py:183} INFO - Processing /opt/airflow/dags/tmdb_daily_dag.py took 0.033 seconds
[2026-03-29T20:17:19.459+0000] {processor.py:161} INFO - Started process (PID=63410) to work on /opt/airflow/dags/tmdb_daily_dag.py
[2026-03-29T20:17:19.461+0000] {processor.py:830} INFO - Processing file /opt/airflow/dags/tmdb_daily_dag.py for tasks to queue
[2026-03-29T20:17:19.461+0000] {logging_mixin.py:188} INFO - [2026-03-29T20:17:19.461+0000] {dagbag.py:545} INFO - Filling up the DagBag from /opt/airflow/dags/tmdb_daily_dag.py
[2026-03-29T20:17:19.472+0000] {processor.py:840} INFO - DAG(s) 'tmdb_raw_pipeline' retrieved from /opt/airflow/dags/tmdb_daily_dag.py
[2026-03-29T20:17:19.484+0000] {logging_mixin.py:188} INFO - [2026-03-29T20:17:19.484+0000] {dag.py:3096} INFO - Sync 1 DAGs
[2026-03-29T20:17:19.494+0000] {logging_mixin.py:188} INFO - [2026-03-29T20:17:19.493+0000] {dag.py:3954} INFO - Setting next_dagrun for tmdb_raw_pipeline to 2026-03-29 00:00:00+00:00, run_after=2026-03-30 00:00:00+00:00
[2026-03-29T20:17:19.501+0000] {processor.py:183} INFO - Processing /opt/airflow/dags/tmdb_daily_dag.py took 0.044 seconds
[2026-03-29T20:17:50.031+0000] {processor.py:161} INFO - Started process (PID=63430) to work on /opt/airflow/dags/tmdb_daily_dag.py
[2026-03-29T20:17:50.032+0000] {processor.py:830} INFO - Processing file /opt/airflow/dags/tmdb_daily_dag.py for tasks to queue
[2026-03-29T20:17:50.033+0000] {logging_mixin.py:188} INFO - [2026-03-29T20:17:50.033+0000] {dagbag.py:545} INFO - Filling up the DagBag from /opt/airflow/dags/tmdb_daily_dag.py
[2026-03-29T20:17:50.039+0000] {processor.py:840} INFO - DAG(s) 'tmdb_raw_pipeline' retrieved from /opt/airflow/dags/tmdb_daily_dag.py
[2026-03-29T20:17:50.054+0000] {logging_mixin.py:188} INFO - [2026-03-29T20:17:50.054+0000] {dag.py:3096} INFO - Sync 1 DAGs
[2026-03-29T20:17:50.063+0000] {logging_mixin.py:188} INFO - [2026-03-29T20:17:50.063+0000] {dag.py:3954} INFO - Setting next_dagrun for tmdb_raw_pipeline to 2026-03-29 00:00:00+00:00, run_after=2026-03-30 00:00:00+00:00
[2026-03-29T20:17:50.070+0000] {processor.py:183} INFO - Processing /opt/airflow/dags/tmdb_daily_dag.py took 0.041 seconds
[2026-03-29T20:18:20.577+0000] {processor.py:161} INFO - Started process (PID=63450) to work on /opt/airflow/dags/tmdb_daily_dag.py
[2026-03-29T20:18:20.578+0000] {processor.py:830} INFO - Processing file /opt/airflow/dags/tmdb_daily_dag.py for tasks to queue
[2026-03-29T20:18:20.578+0000] {logging_mixin.py:188} INFO - [2026-03-29T20:18:20.578+0000] {dagbag.py:545} INFO - Filling up the DagBag from /opt/airflow/dags/tmdb_daily_dag.py
[2026-03-29T20:18:20.584+0000] {processor.py:840} INFO - DAG(s) 'tmdb_raw_pipeline' retrieved from /opt/airflow/dags/tmdb_daily_dag.py
[2026-03-29T20:18:20.594+0000] {logging_mixin.py:188} INFO - [2026-03-29T20:18:20.594+0000] {dag.py:3096} INFO - Sync 1 DAGs
[2026-03-29T20:18:20.603+0000] {logging_mixin.py:188} INFO - [2026-03-29T20:18:20.603+0000] {dag.py:3954} INFO - Setting next_dagrun for tmdb_raw_pipeline to 2026-03-29 00:00:00+00:00, run_after=2026-03-30 00:00:00+00:00
[2026-03-29T20:18:20.609+0000] {processor.py:183} INFO - Processing /opt/airflow/dags/tmdb_daily_dag.py took 0.034 seconds
[2026-03-29T20:18:51.142+0000] {processor.py:161} INFO - Started process (PID=63470) to work on /opt/airflow/dags/tmdb_daily_dag.py
[2026-03-29T20:18:51.145+0000] {processor.py:830} INFO - Processing file /opt/airflow/dags/tmdb_daily_dag.py for tasks to queue
[2026-03-29T20:18:51.145+0000] {logging_mixin.py:188} INFO - [2026-03-29T20:18:51.145+0000] {dagbag.py:545} INFO - Filling up the DagBag from /opt/airflow/dags/tmdb_daily_dag.py
[2026-03-29T20:18:51.153+0000] {processor.py:840} INFO - DAG(s) 'tmdb_raw_pipeline' retrieved from /opt/airflow/dags/tmdb_daily_dag.py
[2026-03-29T20:18:51.162+0000] {logging_mixin.py:188} INFO - [2026-03-29T20:18:51.162+0000] {dag.py:3096} INFO - Sync 1 DAGs
[2026-03-29T20:18:51.171+0000] {logging_mixin.py:188} INFO - [2026-03-29T20:18:51.171+0000] {dag.py:3954} INFO - Setting next_dagrun for tmdb_raw_pipeline to 2026-03-29 00:00:00+00:00, run_after=2026-03-30 00:00:00+00:00
[2026-03-29T20:18:51.177+0000] {processor.py:183} INFO - Processing /opt/airflow/dags/tmdb_daily_dag.py took 0.037 seconds
[2026-03-29T20:19:21.623+0000] {processor.py:161} INFO - Started process (PID=63490) to work on /opt/airflow/dags/tmdb_daily_dag.py
[2026-03-29T20:19:21.624+0000] {processor.py:830} INFO - Processing file /opt/airflow/dags/tmdb_daily_dag.py for tasks to queue
[2026-03-29T20:19:21.624+0000] {logging_mixin.py:188} INFO - [2026-03-29T20:19:21.624+0000] {dagbag.py:545} INFO - Filling up the DagBag from /opt/airflow/dags/tmdb_daily_dag.py
[2026-03-29T20:19:21.631+0000] {processor.py:840} INFO - DAG(s) 'tmdb_raw_pipeline' retrieved from /opt/airflow/dags/tmdb_daily_dag.py
[2026-03-29T20:19:21.642+0000] {logging_mixin.py:188} INFO - [2026-03-29T20:19:21.642+0000] {dag.py:3096} INFO - Sync 1 DAGs
[2026-03-29T20:19:21.650+0000] {logging_mixin.py:188} INFO - [2026-03-29T20:19:21.650+0000] {dag.py:3954} INFO - Setting next_dagrun for tmdb_raw_pipeline to 2026-03-29 00:00:00+00:00, run_after=2026-03-30 00:00:00+00:00
[2026-03-29T20:19:21.657+0000] {processor.py:183} INFO - Processing /opt/airflow/dags/tmdb_daily_dag.py took 0.036 seconds
[2026-03-29T20:19:52.183+0000] {processor.py:161} INFO - Started process (PID=63510) to work on /opt/airflow/dags/tmdb_daily_dag.py
[2026-03-29T20:19:52.184+0000] {processor.py:830} INFO - Processing file /opt/airflow/dags/tmdb_daily_dag.py for tasks to queue
[2026-03-29T20:19:52.185+0000] {logging_mixin.py:188} INFO - [2026-03-29T20:19:52.184+0000] {dagbag.py:545} INFO - Filling up the DagBag from /opt/airflow/dags/tmdb_daily_dag.py
[2026-03-29T20:19:52.190+0000] {processor.py:840} INFO - DAG(s) 'tmdb_raw_pipeline' retrieved from /opt/airflow/dags/tmdb_daily_dag.py
[2026-03-29T20:19:52.200+0000] {logging_mixin.py:188} INFO - [2026-03-29T20:19:52.199+0000] {dag.py:3096} INFO - Sync 1 DAGs
[2026-03-29T20:19:52.208+0000] {logging_mixin.py:188} INFO - [2026-03-29T20:19:52.208+0000] {dag.py:3954} INFO - Setting next_dagrun for tmdb_raw_pipeline to 2026-03-29 00:00:00+00:00, run_after=2026-03-30 00:00:00+00:00
[2026-03-29T20:19:52.214+0000] {processor.py:183} INFO - Processing /opt/airflow/dags/tmdb_daily_dag.py took 0.033 seconds
[2026-03-29T20:20:22.749+0000] {processor.py:161} INFO - Started process (PID=63530) to work on /opt/airflow/dags/tmdb_daily_dag.py
[2026-03-29T20:20:22.750+0000] {processor.py:830} INFO - Processing file /opt/airflow/dags/tmdb_daily_dag.py for tasks to queue
[2026-03-29T20:20:22.750+0000] {logging_mixin.py:188} INFO - [2026-03-29T20:20:22.750+0000] {dagbag.py:545} INFO - Filling up the DagBag from /opt/airflow/dags/tmdb_daily_dag.py
[2026-03-29T20:20:22.758+0000] {processor.py:840} INFO - DAG(s) 'tmdb_raw_pipeline' retrieved from /opt/airflow/dags/tmdb_daily_dag.py
[2026-03-29T20:20:22.770+0000] {logging_mixin.py:188} INFO - [2026-03-29T20:20:22.769+0000] {dag.py:3096} INFO - Sync 1 DAGs
[2026-03-29T20:20:22.780+0000] {logging_mixin.py:188} INFO - [2026-03-29T20:20:22.779+0000] {dag.py:3954} INFO - Setting next_dagrun for tmdb_raw_pipeline to 2026-03-29 00:00:00+00:00, run_after=2026-03-30 00:00:00+00:00
[2026-03-29T20:20:22.786+0000] {processor.py:183} INFO - Processing /opt/airflow/dags/tmdb_daily_dag.py took 0.041 seconds
[2026-03-29T20:20:53.247+0000] {processor.py:161} INFO - Started process (PID=63550) to work on /opt/airflow/dags/tmdb_daily_dag.py
[2026-03-29T20:20:53.248+0000] {processor.py:830} INFO - Processing file /opt/airflow/dags/tmdb_daily_dag.py for tasks to queue
[2026-03-29T20:20:53.249+0000] {logging_mixin.py:188} INFO - [2026-03-29T20:20:53.249+0000] {dagbag.py:545} INFO - Filling up the DagBag from /opt/airflow/dags/tmdb_daily_dag.py
[2026-03-29T20:20:53.256+0000] {processor.py:840} INFO - DAG(s) 'tmdb_raw_pipeline' retrieved from /opt/airflow/dags/tmdb_daily_dag.py
[2026-03-29T20:20:53.265+0000] {logging_mixin.py:188} INFO - [2026-03-29T20:20:53.265+0000] {dag.py:3096} INFO - Sync 1 DAGs
[2026-03-29T20:20:53.277+0000] {logging_mixin.py:188} INFO - [2026-03-29T20:20:53.277+0000] {dag.py:3954} INFO - Setting next_dagrun for tmdb_raw_pipeline to 2026-03-29 00:00:00+00:00, run_after=2026-03-30 00:00:00+00:00
[2026-03-29T20:20:53.283+0000] {processor.py:183} INFO - Processing /opt/airflow/dags/tmdb_daily_dag.py took 0.039 seconds
[2026-03-29T20:21:23.806+0000] {processor.py:161} INFO - Started process (PID=63570) to work on /opt/airflow/dags/tmdb_daily_dag.py
[2026-03-29T20:21:23.807+0000] {processor.py:830} INFO - Processing file /opt/airflow/dags/tmdb_daily_dag.py for tasks to queue
[2026-03-29T20:21:23.807+0000] {logging_mixin.py:188} INFO - [2026-03-29T20:21:23.807+0000] {dagbag.py:545} INFO - Filling up the DagBag from /opt/airflow/dags/tmdb_daily_dag.py
[2026-03-29T20:21:23.815+0000] {processor.py:840} INFO - DAG(s) 'tmdb_raw_pipeline' retrieved from /opt/airflow/dags/tmdb_daily_dag.py
[2026-03-29T20:21:23.826+0000] {logging_mixin.py:188} INFO - [2026-03-29T20:21:23.826+0000] {dag.py:3096} INFO - Sync 1 DAGs
[2026-03-29T20:21:23.837+0000] {logging_mixin.py:188} INFO - [2026-03-29T20:21:23.836+0000] {dag.py:3954} INFO - Setting next_dagrun for tmdb_raw_pipeline to 2026-03-29 00:00:00+00:00, run_after=2026-03-30 00:00:00+00:00
[2026-03-29T20:21:23.842+0000] {processor.py:183} INFO - Processing /opt/airflow/dags/tmdb_daily_dag.py took 0.042 seconds
[2026-03-29T20:21:54.289+0000] {processor.py:161} INFO - Started process (PID=63590) to work on /opt/airflow/dags/tmdb_daily_dag.py
[2026-03-29T20:21:54.290+0000] {processor.py:830} INFO - Processing file /opt/airflow/dags/tmdb_daily_dag.py for tasks to queue
[2026-03-29T20:21:54.291+0000] {logging_mixin.py:188} INFO - [2026-03-29T20:21:54.291+0000] {dagbag.py:545} INFO - Filling up the DagBag from /opt/airflow/dags/tmdb_daily_dag.py
[2026-03-29T20:21:54.297+0000] {processor.py:840} INFO - DAG(s) 'tmdb_raw_pipeline' retrieved from /opt/airflow/dags/tmdb_daily_dag.py
[2026-03-29T20:21:54.311+0000] {logging_mixin.py:188} INFO - [2026-03-29T20:21:54.311+0000] {dag.py:3096} INFO - Sync 1 DAGs
[2026-03-29T20:21:54.320+0000] {logging_mixin.py:188} INFO - [2026-03-29T20:21:54.320+0000] {dag.py:3954} INFO - Setting next_dagrun for tmdb_raw_pipeline to 2026-03-29 00:00:00+00:00, run_after=2026-03-30 00:00:00+00:00
[2026-03-29T20:21:54.327+0000] {processor.py:183} INFO - Processing /opt/airflow/dags/tmdb_daily_dag.py took 0.041 seconds
[2026-03-29T20:22:24.797+0000] {processor.py:161} INFO - Started process (PID=63610) to work on /opt/airflow/dags/tmdb_daily_dag.py
[2026-03-29T20:22:24.798+0000] {processor.py:830} INFO - Processing file /opt/airflow/dags/tmdb_daily_dag.py for tasks to queue
[2026-03-29T20:22:24.798+0000] {logging_mixin.py:188} INFO - [2026-03-29T20:22:24.798+0000] {dagbag.py:545} INFO - Filling up the DagBag from /opt/airflow/dags/tmdb_daily_dag.py
[2026-03-29T20:22:24.804+0000] {processor.py:840} INFO - DAG(s) 'tmdb_raw_pipeline' retrieved from /opt/airflow/dags/tmdb_daily_dag.py
[2026-03-29T20:22:24.813+0000] {logging_mixin.py:188} INFO - [2026-03-29T20:22:24.813+0000] {dag.py:3096} INFO - Sync 1 DAGs
[2026-03-29T20:22:24.822+0000] {logging_mixin.py:188} INFO - [2026-03-29T20:22:24.822+0000] {dag.py:3954} INFO - Setting next_dagrun for tmdb_raw_pipeline to 2026-03-29 00:00:00+00:00, run_after=2026-03-30 00:00:00+00:00
[2026-03-29T20:22:24.830+0000] {processor.py:183} INFO - Processing /opt/airflow/dags/tmdb_daily_dag.py took 0.036 seconds
[2026-03-29T20:22:55.312+0000] {processor.py:161} INFO - Started process (PID=63630) to work on /opt/airflow/dags/tmdb_daily_dag.py
[2026-03-29T20:22:55.313+0000] {processor.py:830} INFO - Processing file /opt/airflow/dags/tmdb_daily_dag.py for tasks to queue
[2026-03-29T20:22:55.314+0000] {logging_mixin.py:188} INFO - [2026-03-29T20:22:55.314+0000] {dagbag.py:545} INFO - Filling up the DagBag from /opt/airflow/dags/tmdb_daily_dag.py
[2026-03-29T20:22:55.319+0000] {processor.py:840} INFO - DAG(s) 'tmdb_raw_pipeline' retrieved from /opt/airflow/dags/tmdb_daily_dag.py
[2026-03-29T20:22:55.329+0000] {logging_mixin.py:188} INFO - [2026-03-29T20:22:55.329+0000] {dag.py:3096} INFO - Sync 1 DAGs
[2026-03-29T20:22:55.337+0000] {logging_mixin.py:188} INFO - [2026-03-29T20:22:55.337+0000] {dag.py:3954} INFO - Setting next_dagrun for tmdb_raw_pipeline to 2026-03-29 00:00:00+00:00, run_after=2026-03-30 00:00:00+00:00
[2026-03-29T20:22:55.343+0000] {processor.py:183} INFO - Processing /opt/airflow/dags/tmdb_daily_dag.py took 0.033 seconds
[2026-03-29T20:23:25.811+0000] {processor.py:161} INFO - Started process (PID=63650) to work on /opt/airflow/dags/tmdb_daily_dag.py
[2026-03-29T20:23:25.812+0000] {processor.py:830} INFO - Processing file /opt/airflow/dags/tmdb_daily_dag.py for tasks to queue
[2026-03-29T20:23:25.813+0000] {logging_mixin.py:188} INFO - [2026-03-29T20:23:25.813+0000] {dagbag.py:545} INFO - Filling up the DagBag from /opt/airflow/dags/tmdb_daily_dag.py
[2026-03-29T20:23:25.818+0000] {processor.py:840} INFO - DAG(s) 'tmdb_raw_pipeline' retrieved from /opt/airflow/dags/tmdb_daily_dag.py
[2026-03-29T20:23:25.828+0000] {logging_mixin.py:188} INFO - [2026-03-29T20:23:25.828+0000] {dag.py:3096} INFO - Sync 1 DAGs
[2026-03-29T20:23:25.837+0000] {logging_mixin.py:188} INFO - [2026-03-29T20:23:25.837+0000] {dag.py:3954} INFO - Setting next_dagrun for tmdb_raw_pipeline to 2026-03-29 00:00:00+00:00, run_after=2026-03-30 00:00:00+00:00
[2026-03-29T20:23:25.843+0000] {processor.py:183} INFO - Processing /opt/airflow/dags/tmdb_daily_dag.py took 0.035 seconds
[2026-03-29T20:23:56.344+0000] {processor.py:161} INFO - Started process (PID=63670) to work on /opt/airflow/dags/tmdb_daily_dag.py
[2026-03-29T20:23:56.345+0000] {processor.py:830} INFO - Processing file /opt/airflow/dags/tmdb_daily_dag.py for tasks to queue
[2026-03-29T20:23:56.346+0000] {logging_mixin.py:188} INFO - [2026-03-29T20:23:56.345+0000] {dagbag.py:545} INFO - Filling up the DagBag from /opt/airflow/dags/tmdb_daily_dag.py
[2026-03-29T20:23:56.352+0000] {processor.py:840} INFO - DAG(s) 'tmdb_raw_pipeline' retrieved from /opt/airflow/dags/tmdb_daily_dag.py
[2026-03-29T20:23:56.362+0000] {logging_mixin.py:188} INFO - [2026-03-29T20:23:56.362+0000] {dag.py:3096} INFO - Sync 1 DAGs
[2026-03-29T20:23:56.371+0000] {logging_mixin.py:188} INFO - [2026-03-29T20:23:56.371+0000] {dag.py:3954} INFO - Setting next_dagrun for tmdb_raw_pipeline to 2026-03-29 00:00:00+00:00, run_after=2026-03-30 00:00:00+00:00
[2026-03-29T20:23:56.378+0000] {processor.py:183} INFO - Processing /opt/airflow/dags/tmdb_daily_dag.py took 0.036 seconds
[2026-03-29T20:24:26.902+0000] {processor.py:161} INFO - Started process (PID=63690) to work on /opt/airflow/dags/tmdb_daily_dag.py
[2026-03-29T20:24:26.903+0000] {processor.py:830} INFO - Processing file /opt/airflow/dags/tmdb_daily_dag.py for tasks to queue
[2026-03-29T20:24:26.903+0000] {logging_mixin.py:188} INFO - [2026-03-29T20:24:26.903+0000] {dagbag.py:545} INFO - Filling up the DagBag from /opt/airflow/dags/tmdb_daily_dag.py
[2026-03-29T20:24:26.910+0000] {processor.py:840} INFO - DAG(s) 'tmdb_raw_pipeline' retrieved from /opt/airflow/dags/tmdb_daily_dag.py
[2026-03-29T20:24:26.921+0000] {logging_mixin.py:188} INFO - [2026-03-29T20:24:26.921+0000] {dag.py:3096} INFO - Sync 1 DAGs
[2026-03-29T20:24:26.932+0000] {logging_mixin.py:188} INFO - [2026-03-29T20:24:26.932+0000] {dag.py:3954} INFO - Setting next_dagrun for tmdb_raw_pipeline to 2026-03-29 00:00:00+00:00, run_after=2026-03-30 00:00:00+00:00
[2026-03-29T20:24:26.940+0000] {processor.py:183} INFO - Processing /opt/airflow/dags/tmdb_daily_dag.py took 0.041 seconds
[2026-03-29T20:24:57.449+0000] {processor.py:161} INFO - Started process (PID=63710) to work on /opt/airflow/dags/tmdb_daily_dag.py
[2026-03-29T20:24:57.450+0000] {processor.py:830} INFO - Processing file /opt/airflow/dags/tmdb_daily_dag.py for tasks to queue
[2026-03-29T20:24:57.450+0000] {logging_mixin.py:188} INFO - [2026-03-29T20:24:57.450+0000] {dagbag.py:545} INFO - Filling up the DagBag from /opt/airflow/dags/tmdb_daily_dag.py
[2026-03-29T20:24:57.455+0000] {processor.py:840} INFO - DAG(s) 'tmdb_raw_pipeline' retrieved from /opt/airflow/dags/tmdb_daily_dag.py
[2026-03-29T20:24:57.465+0000] {logging_mixin.py:188} INFO - [2026-03-29T20:24:57.464+0000] {dag.py:3096} INFO - Sync 1 DAGs
[2026-03-29T20:24:57.473+0000] {logging_mixin.py:188} INFO - [2026-03-29T20:24:57.473+0000] {dag.py:3954} INFO - Setting next_dagrun for tmdb_raw_pipeline to 2026-03-29 00:00:00+00:00, run_after=2026-03-30 00:00:00+00:00
[2026-03-29T20:24:57.479+0000] {processor.py:183} INFO - Processing /opt/airflow/dags/tmdb_daily_dag.py took 0.033 seconds
[2026-03-29T20:25:27.974+0000] {processor.py:161} INFO - Started process (PID=63730) to work on /opt/airflow/dags/tmdb_daily_dag.py
[2026-03-29T20:25:27.975+0000] {processor.py:830} INFO - Processing file /opt/airflow/dags/tmdb_daily_dag.py for tasks to queue
[2026-03-29T20:25:27.976+0000] {logging_mixin.py:188} INFO - [2026-03-29T20:25:27.976+0000] {dagbag.py:545} INFO - Filling up the DagBag from /opt/airflow/dags/tmdb_daily_dag.py
[2026-03-29T20:25:27.982+0000] {processor.py:840} INFO - DAG(s) 'tmdb_raw_pipeline' retrieved from /opt/airflow/dags/tmdb_daily_dag.py
[2026-03-29T20:25:27.991+0000] {logging_mixin.py:188} INFO - [2026-03-29T20:25:27.991+0000] {dag.py:3096} INFO - Sync 1 DAGs
[2026-03-29T20:25:28.000+0000] {logging_mixin.py:188} INFO - [2026-03-29T20:25:28.000+0000] {dag.py:3954} INFO - Setting next_dagrun for tmdb_raw_pipeline to 2026-03-29 00:00:00+00:00, run_after=2026-03-30 00:00:00+00:00
[2026-03-29T20:25:28.006+0000] {processor.py:183} INFO - Processing /opt/airflow/dags/tmdb_daily_dag.py took 0.036 seconds
[2026-03-29T20:25:58.482+0000] {processor.py:161} INFO - Started process (PID=63750) to work on /opt/airflow/dags/tmdb_daily_dag.py
[2026-03-29T20:25:58.483+0000] {processor.py:830} INFO - Processing file /opt/airflow/dags/tmdb_daily_dag.py for tasks to queue
[2026-03-29T20:25:58.484+0000] {logging_mixin.py:188} INFO - [2026-03-29T20:25:58.484+0000] {dagbag.py:545} INFO - Filling up the DagBag from /opt/airflow/dags/tmdb_daily_dag.py
[2026-03-29T20:25:58.489+0000] {processor.py:840} INFO - DAG(s) 'tmdb_raw_pipeline' retrieved from /opt/airflow/dags/tmdb_daily_dag.py
[2026-03-29T20:25:58.498+0000] {logging_mixin.py:188} INFO - [2026-03-29T20:25:58.498+0000] {dag.py:3096} INFO - Sync 1 DAGs
[2026-03-29T20:25:58.506+0000] {logging_mixin.py:188} INFO - [2026-03-29T20:25:58.506+0000] {dag.py:3954} INFO - Setting next_dagrun for tmdb_raw_pipeline to 2026-03-29 00:00:00+00:00, run_after=2026-03-30 00:00:00+00:00
[2026-03-29T20:25:58.512+0000] {processor.py:183} INFO - Processing /opt/airflow/dags/tmdb_daily_dag.py took 0.036 seconds
[2026-03-29T20:26:29.058+0000] {processor.py:161} INFO - Started process (PID=63770) to work on /opt/airflow/dags/tmdb_daily_dag.py
[2026-03-29T20:26:29.059+0000] {processor.py:830} INFO - Processing file /opt/airflow/dags/tmdb_daily_dag.py for tasks to queue
[2026-03-29T20:26:29.059+0000] {logging_mixin.py:188} INFO - [2026-03-29T20:26:29.059+0000] {dagbag.py:545} INFO - Filling up the DagBag from /opt/airflow/dags/tmdb_daily_dag.py
[2026-03-29T20:26:29.066+0000] {processor.py:840} INFO - DAG(s) 'tmdb_raw_pipeline' retrieved from /opt/airflow/dags/tmdb_daily_dag.py
[2026-03-29T20:26:29.078+0000] {logging_mixin.py:188} INFO - [2026-03-29T20:26:29.078+0000] {dag.py:3096} INFO - Sync 1 DAGs
[2026-03-29T20:26:29.087+0000] {logging_mixin.py:188} INFO - [2026-03-29T20:26:29.087+0000] {dag.py:3954} INFO - Setting next_dagrun for tmdb_raw_pipeline to 2026-03-29 00:00:00+00:00, run_after=2026-03-30 00:00:00+00:00
[2026-03-29T20:26:29.093+0000] {processor.py:183} INFO - Processing /opt/airflow/dags/tmdb_daily_dag.py took 0.038 seconds
[2026-03-29T20:26:59.568+0000] {processor.py:161} INFO - Started process (PID=63790) to work on /opt/airflow/dags/tmdb_daily_dag.py
[2026-03-29T20:26:59.569+0000] {processor.py:830} INFO - Processing file /opt/airflow/dags/tmdb_daily_dag.py for tasks to queue
[2026-03-29T20:26:59.569+0000] {logging_mixin.py:188} INFO - [2026-03-29T20:26:59.569+0000] {dagbag.py:545} INFO - Filling up the DagBag from /opt/airflow/dags/tmdb_daily_dag.py
[2026-03-29T20:26:59.575+0000] {processor.py:840} INFO - DAG(s) 'tmdb_raw_pipeline' retrieved from /opt/airflow/dags/tmdb_daily_dag.py
[2026-03-29T20:26:59.587+0000] {logging_mixin.py:188} INFO - [2026-03-29T20:26:59.586+0000] {dag.py:3096} INFO - Sync 1 DAGs
[2026-03-29T20:26:59.595+0000] {logging_mixin.py:188} INFO - [2026-03-29T20:26:59.595+0000] {dag.py:3954} INFO - Setting next_dagrun for tmdb_raw_pipeline to 2026-03-29 00:00:00+00:00, run_after=2026-03-30 00:00:00+00:00
[2026-03-29T20:26:59.603+0000] {processor.py:183} INFO - Processing /opt/airflow/dags/tmdb_daily_dag.py took 0.040 seconds
[2026-03-29T20:27:30.081+0000] {processor.py:161} INFO - Started process (PID=63810) to work on /opt/airflow/dags/tmdb_daily_dag.py
[2026-03-29T20:27:30.082+0000] {processor.py:830} INFO - Processing file /opt/airflow/dags/tmdb_daily_dag.py for tasks to queue
[2026-03-29T20:27:30.082+0000] {logging_mixin.py:188} INFO - [2026-03-29T20:27:30.082+0000] {dagbag.py:545} INFO - Filling up the DagBag from /opt/airflow/dags/tmdb_daily_dag.py
[2026-03-29T20:27:30.091+0000] {processor.py:840} INFO - DAG(s) 'tmdb_raw_pipeline' retrieved from /opt/airflow/dags/tmdb_daily_dag.py
[2026-03-29T20:27:30.104+0000] {logging_mixin.py:188} INFO - [2026-03-29T20:27:30.104+0000] {dag.py:3096} INFO - Sync 1 DAGs
[2026-03-29T20:27:30.114+0000] {logging_mixin.py:188} INFO - [2026-03-29T20:27:30.113+0000] {dag.py:3954} INFO - Setting next_dagrun for tmdb_raw_pipeline to 2026-03-29 00:00:00+00:00, run_after=2026-03-30 00:00:00+00:00
[2026-03-29T20:27:30.120+0000] {processor.py:183} INFO - Processing /opt/airflow/dags/tmdb_daily_dag.py took 0.042 seconds
[2026-03-29T20:28:00.676+0000] {processor.py:161} INFO - Started process (PID=63830) to work on /opt/airflow/dags/tmdb_daily_dag.py
[2026-03-29T20:28:00.678+0000] {processor.py:830} INFO - Processing file /opt/airflow/dags/tmdb_daily_dag.py for tasks to queue
[2026-03-29T20:28:00.678+0000] {logging_mixin.py:188} INFO - [2026-03-29T20:28:00.678+0000] {dagbag.py:545} INFO - Filling up the DagBag from /opt/airflow/dags/tmdb_daily_dag.py
[2026-03-29T20:28:00.689+0000] {processor.py:840} INFO - DAG(s) 'tmdb_raw_pipeline' retrieved from /opt/airflow/dags/tmdb_daily_dag.py
[2026-03-29T20:28:00.701+0000] {logging_mixin.py:188} INFO - [2026-03-29T20:28:00.701+0000] {dag.py:3096} INFO - Sync 1 DAGs
[2026-03-29T20:28:00.713+0000] {logging_mixin.py:188} INFO - [2026-03-29T20:28:00.712+0000] {dag.py:3954} INFO - Setting next_dagrun for tmdb_raw_pipeline to 2026-03-29 00:00:00+00:00, run_after=2026-03-30 00:00:00+00:00
[2026-03-29T20:28:00.734+0000] {processor.py:183} INFO - Processing /opt/airflow/dags/tmdb_daily_dag.py took 0.061 seconds
[2026-03-29T20:28:31.282+0000] {processor.py:161} INFO - Started process (PID=63850) to work on /opt/airflow/dags/tmdb_daily_dag.py
[2026-03-29T20:28:31.283+0000] {processor.py:830} INFO - Processing file /opt/airflow/dags/tmdb_daily_dag.py for tasks to queue
[2026-03-29T20:28:31.284+0000] {logging_mixin.py:188} INFO - [2026-03-29T20:28:31.283+0000] {dagbag.py:545} INFO - Filling up the DagBag from /opt/airflow/dags/tmdb_daily_dag.py
[2026-03-29T20:28:31.290+0000] {processor.py:840} INFO - DAG(s) 'tmdb_raw_pipeline' retrieved from /opt/airflow/dags/tmdb_daily_dag.py
[2026-03-29T20:28:31.299+0000] {logging_mixin.py:188} INFO - [2026-03-29T20:28:31.299+0000] {dag.py:3096} INFO - Sync 1 DAGs
[2026-03-29T20:28:31.308+0000] {logging_mixin.py:188} INFO - [2026-03-29T20:28:31.308+0000] {dag.py:3954} INFO - Setting next_dagrun for tmdb_raw_pipeline to 2026-03-29 00:00:00+00:00, run_after=2026-03-30 00:00:00+00:00
[2026-03-29T20:28:31.314+0000] {processor.py:183} INFO - Processing /opt/airflow/dags/tmdb_daily_dag.py took 0.034 seconds
[2026-03-29T20:29:01.722+0000] {processor.py:161} INFO - Started process (PID=63870) to work on /opt/airflow/dags/tmdb_daily_dag.py
[2026-03-29T20:29:01.723+0000] {processor.py:830} INFO - Processing file /opt/airflow/dags/tmdb_daily_dag.py for tasks to queue
[2026-03-29T20:29:01.723+0000] {logging_mixin.py:188} INFO - [2026-03-29T20:29:01.723+0000] {dagbag.py:545} INFO - Filling up the DagBag from /opt/airflow/dags/tmdb_daily_dag.py
[2026-03-29T20:29:01.729+0000] {processor.py:840} INFO - DAG(s) 'tmdb_raw_pipeline' retrieved from /opt/airflow/dags/tmdb_daily_dag.py
[2026-03-29T20:29:01.738+0000] {logging_mixin.py:188} INFO - [2026-03-29T20:29:01.738+0000] {dag.py:3096} INFO - Sync 1 DAGs
[2026-03-29T20:29:01.746+0000] {logging_mixin.py:188} INFO - [2026-03-29T20:29:01.746+0000] {dag.py:3954} INFO - Setting next_dagrun for tmdb_raw_pipeline to 2026-03-29 00:00:00+00:00, run_after=2026-03-30 00:00:00+00:00
[2026-03-29T20:29:01.753+0000] {processor.py:183} INFO - Processing /opt/airflow/dags/tmdb_daily_dag.py took 0.033 seconds
[2026-03-29T20:29:32.320+0000] {processor.py:161} INFO - Started process (PID=63890) to work on /opt/airflow/dags/tmdb_daily_dag.py
[2026-03-29T20:29:32.321+0000] {processor.py:830} INFO - Processing file /opt/airflow/dags/tmdb_daily_dag.py for tasks to queue
[2026-03-29T20:29:32.321+0000] {logging_mixin.py:188} INFO - [2026-03-29T20:29:32.321+0000] {dagbag.py:545} INFO - Filling up the DagBag from /opt/airflow/dags/tmdb_daily_dag.py
[2026-03-29T20:29:32.328+0000] {processor.py:840} INFO - DAG(s) 'tmdb_raw_pipeline' retrieved from /opt/airflow/dags/tmdb_daily_dag.py
[2026-03-29T20:29:32.338+0000] {logging_mixin.py:188} INFO - [2026-03-29T20:29:32.338+0000] {dag.py:3096} INFO - Sync 1 DAGs
[2026-03-29T20:29:32.346+0000] {logging_mixin.py:188} INFO - [2026-03-29T20:29:32.346+0000] {dag.py:3954} INFO - Setting next_dagrun for tmdb_raw_pipeline to 2026-03-29 00:00:00+00:00, run_after=2026-03-30 00:00:00+00:00
[2026-03-29T20:29:32.353+0000] {processor.py:183} INFO - Processing /opt/airflow/dags/tmdb_daily_dag.py took 0.035 seconds
[2026-03-29T20:30:02.968+0000] {processor.py:161} INFO - Started process (PID=63910) to work on /opt/airflow/dags/tmdb_daily_dag.py
[2026-03-29T20:30:02.970+0000] {processor.py:830} INFO - Processing file /opt/airflow/dags/tmdb_daily_dag.py for tasks to queue
[2026-03-29T20:30:02.970+0000] {logging_mixin.py:188} INFO - [2026-03-29T20:30:02.970+0000] {dagbag.py:545} INFO - Filling up the DagBag from /opt/airflow/dags/tmdb_daily_dag.py
[2026-03-29T20:30:02.977+0000] {processor.py:840} INFO - DAG(s) 'tmdb_raw_pipeline' retrieved from /opt/airflow/dags/tmdb_daily_dag.py
[2026-03-29T20:30:02.990+0000] {logging_mixin.py:188} INFO - [2026-03-29T20:30:02.990+0000] {dag.py:3096} INFO - Sync 1 DAGs
[2026-03-29T20:30:03.001+0000] {logging_mixin.py:188} INFO - [2026-03-29T20:30:03.001+0000] {dag.py:3954} INFO - Setting next_dagrun for tmdb_raw_pipeline to 2026-03-29 00:00:00+00:00, run_after=2026-03-30 00:00:00+00:00
[2026-03-29T20:30:03.010+0000] {processor.py:183} INFO - Processing /opt/airflow/dags/tmdb_daily_dag.py took 0.044 seconds
[2026-03-29T20:30:33.591+0000] {processor.py:161} INFO - Started process (PID=63930) to work on /opt/airflow/dags/tmdb_daily_dag.py
[2026-03-29T20:30:33.592+0000] {processor.py:830} INFO - Processing file /opt/airflow/dags/tmdb_daily_dag.py for tasks to queue
[2026-03-29T20:30:33.593+0000] {logging_mixin.py:188} INFO - [2026-03-29T20:30:33.592+0000] {dagbag.py:545} INFO - Filling up the DagBag from /opt/airflow/dags/tmdb_daily_dag.py
[2026-03-29T20:30:33.600+0000] {processor.py:840} INFO - DAG(s) 'tmdb_raw_pipeline' retrieved from /opt/airflow/dags/tmdb_daily_dag.py
[2026-03-29T20:30:33.613+0000] {logging_mixin.py:188} INFO - [2026-03-29T20:30:33.613+0000] {dag.py:3096} INFO - Sync 1 DAGs
[2026-03-29T20:30:33.623+0000] {logging_mixin.py:188} INFO - [2026-03-29T20:30:33.622+0000] {dag.py:3954} INFO - Setting next_dagrun for tmdb_raw_pipeline to 2026-03-29 00:00:00+00:00, run_after=2026-03-30 00:00:00+00:00
[2026-03-29T20:30:33.630+0000] {processor.py:183} INFO - Processing /opt/airflow/dags/tmdb_daily_dag.py took 0.045 seconds
[2026-03-29T20:31:04.106+0000] {processor.py:161} INFO - Started process (PID=63950) to work on /opt/airflow/dags/tmdb_daily_dag.py
[2026-03-29T20:31:04.108+0000] {processor.py:830} INFO - Processing file /opt/airflow/dags/tmdb_daily_dag.py for tasks to queue
[2026-03-29T20:31:04.108+0000] {logging_mixin.py:188} INFO - [2026-03-29T20:31:04.108+0000] {dagbag.py:545} INFO - Filling up the DagBag from /opt/airflow/dags/tmdb_daily_dag.py
[2026-03-29T20:31:04.114+0000] {processor.py:840} INFO - DAG(s) 'tmdb_raw_pipeline' retrieved from /opt/airflow/dags/tmdb_daily_dag.py
[2026-03-29T20:31:04.125+0000] {logging_mixin.py:188} INFO - [2026-03-29T20:31:04.125+0000] {dag.py:3096} INFO - Sync 1 DAGs
[2026-03-29T20:31:04.134+0000] {logging_mixin.py:188} INFO - [2026-03-29T20:31:04.134+0000] {dag.py:3954} INFO - Setting next_dagrun for tmdb_raw_pipeline to 2026-03-29 00:00:00+00:00, run_after=2026-03-30 00:00:00+00:00
[2026-03-29T20:31:04.140+0000] {processor.py:183} INFO - Processing /opt/airflow/dags/tmdb_daily_dag.py took 0.036 seconds
[2026-03-29T20:31:34.605+0000] {processor.py:161} INFO - Started process (PID=63970) to work on /opt/airflow/dags/tmdb_daily_dag.py
[2026-03-29T20:31:34.606+0000] {processor.py:830} INFO - Processing file /opt/airflow/dags/tmdb_daily_dag.py for tasks to queue
[2026-03-29T20:31:34.607+0000] {logging_mixin.py:188} INFO - [2026-03-29T20:31:34.607+0000] {dagbag.py:545} INFO - Filling up the DagBag from /opt/airflow/dags/tmdb_daily_dag.py
[2026-03-29T20:31:34.612+0000] {processor.py:840} INFO - DAG(s) 'tmdb_raw_pipeline' retrieved from /opt/airflow/dags/tmdb_daily_dag.py
[2026-03-29T20:31:34.621+0000] {logging_mixin.py:188} INFO - [2026-03-29T20:31:34.621+0000] {dag.py:3096} INFO - Sync 1 DAGs
[2026-03-29T20:31:34.629+0000] {logging_mixin.py:188} INFO - [2026-03-29T20:31:34.629+0000] {dag.py:3954} INFO - Setting next_dagrun for tmdb_raw_pipeline to 2026-03-29 00:00:00+00:00, run_after=2026-03-30 00:00:00+00:00
[2026-03-29T20:31:34.635+0000] {processor.py:183} INFO - Processing /opt/airflow/dags/tmdb_daily_dag.py took 0.032 seconds
[2026-03-29T20:32:05.039+0000] {processor.py:161} INFO - Started process (PID=63990) to work on /opt/airflow/dags/tmdb_daily_dag.py
[2026-03-29T20:32:05.040+0000] {processor.py:830} INFO - Processing file /opt/airflow/dags/tmdb_daily_dag.py for tasks to queue
[2026-03-29T20:32:05.040+0000] {logging_mixin.py:188} INFO - [2026-03-29T20:32:05.040+0000] {dagbag.py:545} INFO - Filling up the DagBag from /opt/airflow/dags/tmdb_daily_dag.py
[2026-03-29T20:32:05.045+0000] {processor.py:840} INFO - DAG(s) 'tmdb_raw_pipeline' retrieved from /opt/airflow/dags/tmdb_daily_dag.py
[2026-03-29T20:32:05.054+0000] {logging_mixin.py:188} INFO - [2026-03-29T20:32:05.054+0000] {dag.py:3096} INFO - Sync 1 DAGs
[2026-03-29T20:32:05.061+0000] {logging_mixin.py:188} INFO - [2026-03-29T20:32:05.061+0000] {dag.py:3954} INFO - Setting next_dagrun for tmdb_raw_pipeline to 2026-03-29 00:00:00+00:00, run_after=2026-03-30 00:00:00+00:00
[2026-03-29T20:32:05.067+0000] {processor.py:183} INFO - Processing /opt/airflow/dags/tmdb_daily_dag.py took 0.031 seconds
[2026-03-29T20:32:35.542+0000] {processor.py:161} INFO - Started process (PID=64010) to work on /opt/airflow/dags/tmdb_daily_dag.py
[2026-03-29T20:32:35.543+0000] {processor.py:830} INFO - Processing file /opt/airflow/dags/tmdb_daily_dag.py for tasks to queue
[2026-03-29T20:32:35.543+0000] {logging_mixin.py:188} INFO - [2026-03-29T20:32:35.543+0000] {dagbag.py:545} INFO - Filling up the DagBag from /opt/airflow/dags/tmdb_daily_dag.py
[2026-03-29T20:32:35.549+0000] {processor.py:840} INFO - DAG(s) 'tmdb_raw_pipeline' retrieved from /opt/airflow/dags/tmdb_daily_dag.py
[2026-03-29T20:32:35.560+0000] {logging_mixin.py:188} INFO - [2026-03-29T20:32:35.560+0000] {dag.py:3096} INFO - Sync 1 DAGs
[2026-03-29T20:32:35.570+0000] {logging_mixin.py:188} INFO - [2026-03-29T20:32:35.570+0000] {dag.py:3954} INFO - Setting next_dagrun for tmdb_raw_pipeline to 2026-03-29 00:00:00+00:00, run_after=2026-03-30 00:00:00+00:00
[2026-03-29T20:32:35.576+0000] {processor.py:183} INFO - Processing /opt/airflow/dags/tmdb_daily_dag.py took 0.037 seconds
[2026-03-29T20:33:05.998+0000] {processor.py:161} INFO - Started process (PID=64030) to work on /opt/airflow/dags/tmdb_daily_dag.py
[2026-03-29T20:33:05.999+0000] {processor.py:830} INFO - Processing file /opt/airflow/dags/tmdb_daily_dag.py for tasks to queue
[2026-03-29T20:33:05.999+0000] {logging_mixin.py:188} INFO - [2026-03-29T20:33:05.999+0000] {dagbag.py:545} INFO - Filling up the DagBag from /opt/airflow/dags/tmdb_daily_dag.py
[2026-03-29T20:33:06.005+0000] {processor.py:840} INFO - DAG(s) 'tmdb_raw_pipeline' retrieved from /opt/airflow/dags/tmdb_daily_dag.py
[2026-03-29T20:33:06.014+0000] {logging_mixin.py:188} INFO - [2026-03-29T20:33:06.014+0000] {dag.py:3096} INFO - Sync 1 DAGs
[2026-03-29T20:33:06.022+0000] {logging_mixin.py:188} INFO - [2026-03-29T20:33:06.022+0000] {dag.py:3954} INFO - Setting next_dagrun for tmdb_raw_pipeline to 2026-03-29 00:00:00+00:00, run_after=2026-03-30 00:00:00+00:00
[2026-03-29T20:33:06.029+0000] {processor.py:183} INFO - Processing /opt/airflow/dags/tmdb_daily_dag.py took 0.033 seconds
[2026-03-29T20:33:36.515+0000] {processor.py:161} INFO - Started process (PID=64050) to work on /opt/airflow/dags/tmdb_daily_dag.py
[2026-03-29T20:33:36.517+0000] {processor.py:830} INFO - Processing file /opt/airflow/dags/tmdb_daily_dag.py for tasks to queue
[2026-03-29T20:33:36.517+0000] {logging_mixin.py:188} INFO - [2026-03-29T20:33:36.517+0000] {dagbag.py:545} INFO - Filling up the DagBag from /opt/airflow/dags/tmdb_daily_dag.py
[2026-03-29T20:33:36.523+0000] {processor.py:840} INFO - DAG(s) 'tmdb_raw_pipeline' retrieved from /opt/airflow/dags/tmdb_daily_dag.py
[2026-03-29T20:33:36.533+0000] {logging_mixin.py:188} INFO - [2026-03-29T20:33:36.533+0000] {dag.py:3096} INFO - Sync 1 DAGs
[2026-03-29T20:33:36.542+0000] {logging_mixin.py:188} INFO - [2026-03-29T20:33:36.542+0000] {dag.py:3954} INFO - Setting next_dagrun for tmdb_raw_pipeline to 2026-03-29 00:00:00+00:00, run_after=2026-03-30 00:00:00+00:00
[2026-03-29T20:33:36.548+0000] {processor.py:183} INFO - Processing /opt/airflow/dags/tmdb_daily_dag.py took 0.035 seconds
[2026-03-29T20:34:13.859+0000] {processor.py:161} INFO - Started process (PID=64070) to work on /opt/airflow/dags/tmdb_daily_dag.py
[2026-03-29T20:34:13.861+0000] {processor.py:830} INFO - Processing file /opt/airflow/dags/tmdb_daily_dag.py for tasks to queue
[2026-03-29T20:34:13.861+0000] {logging_mixin.py:188} INFO - [2026-03-29T20:34:13.861+0000] {dagbag.py:545} INFO - Filling up the DagBag from /opt/airflow/dags/tmdb_daily_dag.py
[2026-03-29T20:34:13.868+0000] {processor.py:840} INFO - DAG(s) 'tmdb_raw_pipeline' retrieved from /opt/airflow/dags/tmdb_daily_dag.py
[2026-03-29T20:34:13.885+0000] {logging_mixin.py:188} INFO - [2026-03-29T20:34:13.885+0000] {dag.py:3096} INFO - Sync 1 DAGs
[2026-03-29T20:34:13.895+0000] {logging_mixin.py:188} INFO - [2026-03-29T20:34:13.895+0000] {dag.py:3954} INFO - Setting next_dagrun for tmdb_raw_pipeline to 2026-03-29 00:00:00+00:00, run_after=2026-03-30 00:00:00+00:00
[2026-03-29T20:34:13.903+0000] {processor.py:183} INFO - Processing /opt/airflow/dags/tmdb_daily_dag.py took 0.047 seconds
[2026-03-29T20:34:44.331+0000] {processor.py:161} INFO - Started process (PID=64090) to work on /opt/airflow/dags/tmdb_daily_dag.py
[2026-03-29T20:34:44.334+0000] {processor.py:830} INFO - Processing file /opt/airflow/dags/tmdb_daily_dag.py for tasks to queue
[2026-03-29T20:34:44.334+0000] {logging_mixin.py:188} INFO - [2026-03-29T20:34:44.334+0000] {dagbag.py:545} INFO - Filling up the DagBag from /opt/airflow/dags/tmdb_daily_dag.py
[2026-03-29T20:34:44.339+0000] {processor.py:840} INFO - DAG(s) 'tmdb_raw_pipeline' retrieved from /opt/airflow/dags/tmdb_daily_dag.py
[2026-03-29T20:34:44.349+0000] {logging_mixin.py:188} INFO - [2026-03-29T20:34:44.349+0000] {dag.py:3096} INFO - Sync 1 DAGs
[2026-03-29T20:34:44.356+0000] {logging_mixin.py:188} INFO - [2026-03-29T20:34:44.356+0000] {dag.py:3954} INFO - Setting next_dagrun for tmdb_raw_pipeline to 2026-03-29 00:00:00+00:00, run_after=2026-03-30 00:00:00+00:00
[2026-03-29T20:34:44.363+0000] {processor.py:183} INFO - Processing /opt/airflow/dags/tmdb_daily_dag.py took 0.034 seconds
[2026-03-29T20:35:14.781+0000] {processor.py:161} INFO - Started process (PID=64108) to work on /opt/airflow/dags/tmdb_daily_dag.py
[2026-03-29T20:35:14.782+0000] {processor.py:830} INFO - Processing file /opt/airflow/dags/tmdb_daily_dag.py for tasks to queue
[2026-03-29T20:35:14.782+0000] {logging_mixin.py:188} INFO - [2026-03-29T20:35:14.782+0000] {dagbag.py:545} INFO - Filling up the DagBag from /opt/airflow/dags/tmdb_daily_dag.py
[2026-03-29T20:35:14.788+0000] {processor.py:840} INFO - DAG(s) 'tmdb_raw_pipeline' retrieved from /opt/airflow/dags/tmdb_daily_dag.py
[2026-03-29T20:35:14.803+0000] {logging_mixin.py:188} INFO - [2026-03-29T20:35:14.803+0000] {dag.py:3096} INFO - Sync 1 DAGs
[2026-03-29T20:35:14.813+0000] {logging_mixin.py:188} INFO - [2026-03-29T20:35:14.813+0000] {dag.py:3954} INFO - Setting next_dagrun for tmdb_raw_pipeline to 2026-03-29 00:00:00+00:00, run_after=2026-03-30 00:00:00+00:00
[2026-03-29T20:35:14.822+0000] {processor.py:183} INFO - Processing /opt/airflow/dags/tmdb_daily_dag.py took 0.044 seconds
[2026-03-29T20:35:45.291+0000] {processor.py:161} INFO - Started process (PID=64130) to work on /opt/airflow/dags/tmdb_daily_dag.py
[2026-03-29T20:35:45.293+0000] {processor.py:830} INFO - Processing file /opt/airflow/dags/tmdb_daily_dag.py for tasks to queue
[2026-03-29T20:35:45.293+0000] {logging_mixin.py:188} INFO - [2026-03-29T20:35:45.293+0000] {dagbag.py:545} INFO - Filling up the DagBag from /opt/airflow/dags/tmdb_daily_dag.py
[2026-03-29T20:35:45.302+0000] {processor.py:840} INFO - DAG(s) 'tmdb_raw_pipeline' retrieved from /opt/airflow/dags/tmdb_daily_dag.py
[2026-03-29T20:35:45.335+0000] {logging_mixin.py:188} INFO - [2026-03-29T20:35:45.335+0000] {dag.py:3096} INFO - Sync 1 DAGs
[2026-03-29T20:35:45.353+0000] {logging_mixin.py:188} INFO - [2026-03-29T20:35:45.353+0000] {dag.py:3954} INFO - Setting next_dagrun for tmdb_raw_pipeline to 2026-03-29 00:00:00+00:00, run_after=2026-03-30 00:00:00+00:00
[2026-03-29T20:35:45.370+0000] {processor.py:183} INFO - Processing /opt/airflow/dags/tmdb_daily_dag.py took 0.082 seconds
[2026-03-29T20:36:15.803+0000] {processor.py:161} INFO - Started process (PID=64150) to work on /opt/airflow/dags/tmdb_daily_dag.py
[2026-03-29T20:36:15.804+0000] {processor.py:830} INFO - Processing file /opt/airflow/dags/tmdb_daily_dag.py for tasks to queue
[2026-03-29T20:36:15.804+0000] {logging_mixin.py:188} INFO - [2026-03-29T20:36:15.804+0000] {dagbag.py:545} INFO - Filling up the DagBag from /opt/airflow/dags/tmdb_daily_dag.py
[2026-03-29T20:36:15.810+0000] {processor.py:840} INFO - DAG(s) 'tmdb_raw_pipeline' retrieved from /opt/airflow/dags/tmdb_daily_dag.py
[2026-03-29T20:36:15.819+0000] {logging_mixin.py:188} INFO - [2026-03-29T20:36:15.819+0000] {dag.py:3096} INFO - Sync 1 DAGs
[2026-03-29T20:36:15.830+0000] {logging_mixin.py:188} INFO - [2026-03-29T20:36:15.830+0000] {dag.py:3954} INFO - Setting next_dagrun for tmdb_raw_pipeline to 2026-03-29 00:00:00+00:00, run_after=2026-03-30 00:00:00+00:00
[2026-03-29T20:36:15.837+0000] {processor.py:183} INFO - Processing /opt/airflow/dags/tmdb_daily_dag.py took 0.037 seconds
[2026-03-29T20:36:46.289+0000] {processor.py:161} INFO - Started process (PID=64170) to work on /opt/airflow/dags/tmdb_daily_dag.py
[2026-03-29T20:36:46.291+0000] {processor.py:830} INFO - Processing file /opt/airflow/dags/tmdb_daily_dag.py for tasks to queue
[2026-03-29T20:36:46.291+0000] {logging_mixin.py:188} INFO - [2026-03-29T20:36:46.291+0000] {dagbag.py:545} INFO - Filling up the DagBag from /opt/airflow/dags/tmdb_daily_dag.py
[2026-03-29T20:36:46.297+0000] {processor.py:840} INFO - DAG(s) 'tmdb_raw_pipeline' retrieved from /opt/airflow/dags/tmdb_daily_dag.py
[2026-03-29T20:36:46.307+0000] {logging_mixin.py:188} INFO - [2026-03-29T20:36:46.307+0000] {dag.py:3096} INFO - Sync 1 DAGs
[2026-03-29T20:36:46.315+0000] {logging_mixin.py:188} INFO - [2026-03-29T20:36:46.315+0000] {dag.py:3954} INFO - Setting next_dagrun for tmdb_raw_pipeline to 2026-03-29 00:00:00+00:00, run_after=2026-03-30 00:00:00+00:00
[2026-03-29T20:36:46.321+0000] {processor.py:183} INFO - Processing /opt/airflow/dags/tmdb_daily_dag.py took 0.035 seconds
[2026-03-29T20:37:16.667+0000] {processor.py:161} INFO - Started process (PID=64190) to work on /opt/airflow/dags/tmdb_daily_dag.py
[2026-03-29T20:37:16.668+0000] {processor.py:830} INFO - Processing file /opt/airflow/dags/tmdb_daily_dag.py for tasks to queue
[2026-03-29T20:37:16.668+0000] {logging_mixin.py:188} INFO - [2026-03-29T20:37:16.668+0000] {dagbag.py:545} INFO - Filling up the DagBag from /opt/airflow/dags/tmdb_daily_dag.py
[2026-03-29T20:37:16.672+0000] {processor.py:840} INFO - DAG(s) 'tmdb_raw_pipeline' retrieved from /opt/airflow/dags/tmdb_daily_dag.py
[2026-03-29T20:37:16.682+0000] {logging_mixin.py:188} INFO - [2026-03-29T20:37:16.682+0000] {dag.py:3096} INFO - Sync 1 DAGs
[2026-03-29T20:37:16.689+0000] {logging_mixin.py:188} INFO - [2026-03-29T20:37:16.689+0000] {dag.py:3954} INFO - Setting next_dagrun for tmdb_raw_pipeline to 2026-03-29 00:00:00+00:00, run_after=2026-03-30 00:00:00+00:00
[2026-03-29T20:37:16.695+0000] {processor.py:183} INFO - Processing /opt/airflow/dags/tmdb_daily_dag.py took 0.031 seconds
[2026-03-29T20:37:47.204+0000] {processor.py:161} INFO - Started process (PID=64210) to work on /opt/airflow/dags/tmdb_daily_dag.py
[2026-03-29T20:37:47.205+0000] {processor.py:830} INFO - Processing file /opt/airflow/dags/tmdb_daily_dag.py for tasks to queue
[2026-03-29T20:37:47.205+0000] {logging_mixin.py:188} INFO - [2026-03-29T20:37:47.205+0000] {dagbag.py:545} INFO - Filling up the DagBag from /opt/airflow/dags/tmdb_daily_dag.py
[2026-03-29T20:37:47.211+0000] {processor.py:840} INFO - DAG(s) 'tmdb_raw_pipeline' retrieved from /opt/airflow/dags/tmdb_daily_dag.py
[2026-03-29T20:37:47.221+0000] {logging_mixin.py:188} INFO - [2026-03-29T20:37:47.221+0000] {dag.py:3096} INFO - Sync 1 DAGs
[2026-03-29T20:37:47.229+0000] {logging_mixin.py:188} INFO - [2026-03-29T20:37:47.229+0000] {dag.py:3954} INFO - Setting next_dagrun for tmdb_raw_pipeline to 2026-03-29 00:00:00+00:00, run_after=2026-03-30 00:00:00+00:00
[2026-03-29T20:37:47.235+0000] {processor.py:183} INFO - Processing /opt/airflow/dags/tmdb_daily_dag.py took 0.034 seconds
[2026-03-29T20:38:17.692+0000] {processor.py:161} INFO - Started process (PID=64230) to work on /opt/airflow/dags/tmdb_daily_dag.py
[2026-03-29T20:38:17.693+0000] {processor.py:830} INFO - Processing file /opt/airflow/dags/tmdb_daily_dag.py for tasks to queue
[2026-03-29T20:38:17.694+0000] {logging_mixin.py:188} INFO - [2026-03-29T20:38:17.693+0000] {dagbag.py:545} INFO - Filling up the DagBag from /opt/airflow/dags/tmdb_daily_dag.py
[2026-03-29T20:38:17.699+0000] {processor.py:840} INFO - DAG(s) 'tmdb_raw_pipeline' retrieved from /opt/airflow/dags/tmdb_daily_dag.py
[2026-03-29T20:38:17.708+0000] {logging_mixin.py:188} INFO - [2026-03-29T20:38:17.708+0000] {dag.py:3096} INFO - Sync 1 DAGs
[2026-03-29T20:38:17.716+0000] {logging_mixin.py:188} INFO - [2026-03-29T20:38:17.716+0000] {dag.py:3954} INFO - Setting next_dagrun for tmdb_raw_pipeline to 2026-03-29 00:00:00+00:00, run_after=2026-03-30 00:00:00+00:00
[2026-03-29T20:38:17.722+0000] {processor.py:183} INFO - Processing /opt/airflow/dags/tmdb_daily_dag.py took 0.032 seconds
[2026-03-29T20:38:48.235+0000] {processor.py:161} INFO - Started process (PID=64250) to work on /opt/airflow/dags/tmdb_daily_dag.py
[2026-03-29T20:38:48.236+0000] {processor.py:830} INFO - Processing file /opt/airflow/dags/tmdb_daily_dag.py for tasks to queue
[2026-03-29T20:38:48.237+0000] {logging_mixin.py:188} INFO - [2026-03-29T20:38:48.237+0000] {dagbag.py:545} INFO - Filling up the DagBag from /opt/airflow/dags/tmdb_daily_dag.py
[2026-03-29T20:38:48.243+0000] {processor.py:840} INFO - DAG(s) 'tmdb_raw_pipeline' retrieved from /opt/airflow/dags/tmdb_daily_dag.py
[2026-03-29T20:38:48.257+0000] {logging_mixin.py:188} INFO - [2026-03-29T20:38:48.257+0000] {dag.py:3096} INFO - Sync 1 DAGs
[2026-03-29T20:38:48.267+0000] {logging_mixin.py:188} INFO - [2026-03-29T20:38:48.267+0000] {dag.py:3954} INFO - Setting next_dagrun for tmdb_raw_pipeline to 2026-03-29 00:00:00+00:00, run_after=2026-03-30 00:00:00+00:00
[2026-03-29T20:38:48.274+0000] {processor.py:183} INFO - Processing /opt/airflow/dags/tmdb_daily_dag.py took 0.043 seconds
[2026-03-29T20:39:18.733+0000] {processor.py:161} INFO - Started process (PID=64270) to work on /opt/airflow/dags/tmdb_daily_dag.py
[2026-03-29T20:39:18.735+0000] {processor.py:830} INFO - Processing file /opt/airflow/dags/tmdb_daily_dag.py for tasks to queue
[2026-03-29T20:39:18.735+0000] {logging_mixin.py:188} INFO - [2026-03-29T20:39:18.735+0000] {dagbag.py:545} INFO - Filling up the DagBag from /opt/airflow/dags/tmdb_daily_dag.py
[2026-03-29T20:39:18.746+0000] {processor.py:840} INFO - DAG(s) 'tmdb_raw_pipeline' retrieved from /opt/airflow/dags/tmdb_daily_dag.py
[2026-03-29T20:39:18.756+0000] {logging_mixin.py:188} INFO - [2026-03-29T20:39:18.756+0000] {dag.py:3096} INFO - Sync 1 DAGs
[2026-03-29T20:39:18.765+0000] {logging_mixin.py:188} INFO - [2026-03-29T20:39:18.765+0000] {dag.py:3954} INFO - Setting next_dagrun for tmdb_raw_pipeline to 2026-03-29 00:00:00+00:00, run_after=2026-03-30 00:00:00+00:00
[2026-03-29T20:39:18.772+0000] {processor.py:183} INFO - Processing /opt/airflow/dags/tmdb_daily_dag.py took 0.043 seconds
[2026-03-29T20:39:49.267+0000] {processor.py:161} INFO - Started process (PID=64290) to work on /opt/airflow/dags/tmdb_daily_dag.py
[2026-03-29T20:39:49.268+0000] {processor.py:830} INFO - Processing file /opt/airflow/dags/tmdb_daily_dag.py for tasks to queue
[2026-03-29T20:39:49.268+0000] {logging_mixin.py:188} INFO - [2026-03-29T20:39:49.268+0000] {dagbag.py:545} INFO - Filling up the DagBag from /opt/airflow/dags/tmdb_daily_dag.py
[2026-03-29T20:39:49.275+0000] {processor.py:840} INFO - DAG(s) 'tmdb_raw_pipeline' retrieved from /opt/airflow/dags/tmdb_daily_dag.py
[2026-03-29T20:39:49.285+0000] {logging_mixin.py:188} INFO - [2026-03-29T20:39:49.285+0000] {dag.py:3096} INFO - Sync 1 DAGs
[2026-03-29T20:39:49.293+0000] {logging_mixin.py:188} INFO - [2026-03-29T20:39:49.293+0000] {dag.py:3954} INFO - Setting next_dagrun for tmdb_raw_pipeline to 2026-03-29 00:00:00+00:00, run_after=2026-03-30 00:00:00+00:00
[2026-03-29T20:39:49.299+0000] {processor.py:183} INFO - Processing /opt/airflow/dags/tmdb_daily_dag.py took 0.035 seconds
[2026-03-29T20:39:55.395+0000] {processor.py:161} INFO - Started process (PID=64300) to work on /opt/airflow/dags/tmdb_daily_dag.py
[2026-03-29T20:39:55.398+0000] {processor.py:830} INFO - Processing file /opt/airflow/dags/tmdb_daily_dag.py for tasks to queue
[2026-03-29T20:39:55.399+0000] {logging_mixin.py:188} INFO - [2026-03-29T20:39:55.398+0000] {dagbag.py:545} INFO - Filling up the DagBag from /opt/airflow/dags/tmdb_daily_dag.py
[2026-03-29T20:39:55.422+0000] {processor.py:840} INFO - DAG(s) 'tmdb_raw_pipeline' retrieved from /opt/airflow/dags/tmdb_daily_dag.py
[2026-03-29T20:39:55.440+0000] {logging_mixin.py:188} INFO - [2026-03-29T20:39:55.440+0000] {dag.py:3096} INFO - Sync 1 DAGs
[2026-03-29T20:39:55.454+0000] {logging_mixin.py:188} INFO - [2026-03-29T20:39:55.454+0000] {dag.py:3954} INFO - Setting next_dagrun for tmdb_raw_pipeline to 2026-03-29 00:00:00+00:00, run_after=2026-03-30 00:00:00+00:00
[2026-03-29T20:39:55.474+0000] {processor.py:183} INFO - Processing /opt/airflow/dags/tmdb_daily_dag.py took 0.089 seconds
[2026-03-29T20:40:25.796+0000] {processor.py:161} INFO - Started process (PID=64320) to work on /opt/airflow/dags/tmdb_daily_dag.py
[2026-03-29T20:40:25.798+0000] {processor.py:830} INFO - Processing file /opt/airflow/dags/tmdb_daily_dag.py for tasks to queue
[2026-03-29T20:40:25.798+0000] {logging_mixin.py:188} INFO - [2026-03-29T20:40:25.798+0000] {dagbag.py:545} INFO - Filling up the DagBag from /opt/airflow/dags/tmdb_daily_dag.py
[2026-03-29T20:40:25.807+0000] {processor.py:840} INFO - DAG(s) 'tmdb_raw_pipeline' retrieved from /opt/airflow/dags/tmdb_daily_dag.py
[2026-03-29T20:40:25.819+0000] {logging_mixin.py:188} INFO - [2026-03-29T20:40:25.819+0000] {dag.py:3096} INFO - Sync 1 DAGs
[2026-03-29T20:40:25.829+0000] {logging_mixin.py:188} INFO - [2026-03-29T20:40:25.829+0000] {dag.py:3954} INFO - Setting next_dagrun for tmdb_raw_pipeline to 2026-03-29 00:00:00+00:00, run_after=2026-03-30 00:00:00+00:00
[2026-03-29T20:40:25.838+0000] {processor.py:183} INFO - Processing /opt/airflow/dags/tmdb_daily_dag.py took 0.047 seconds
[2026-03-29T20:40:56.292+0000] {processor.py:161} INFO - Started process (PID=64340) to work on /opt/airflow/dags/tmdb_daily_dag.py
[2026-03-29T20:40:56.295+0000] {processor.py:830} INFO - Processing file /opt/airflow/dags/tmdb_daily_dag.py for tasks to queue
[2026-03-29T20:40:56.295+0000] {logging_mixin.py:188} INFO - [2026-03-29T20:40:56.295+0000] {dagbag.py:545} INFO - Filling up the DagBag from /opt/airflow/dags/tmdb_daily_dag.py
[2026-03-29T20:40:56.307+0000] {processor.py:840} INFO - DAG(s) 'tmdb_raw_pipeline' retrieved from /opt/airflow/dags/tmdb_daily_dag.py
[2026-03-29T20:40:56.323+0000] {logging_mixin.py:188} INFO - [2026-03-29T20:40:56.322+0000] {dag.py:3096} INFO - Sync 1 DAGs
[2026-03-29T20:40:56.335+0000] {logging_mixin.py:188} INFO - [2026-03-29T20:40:56.334+0000] {dag.py:3954} INFO - Setting next_dagrun for tmdb_raw_pipeline to 2026-03-29 00:00:00+00:00, run_after=2026-03-30 00:00:00+00:00
[2026-03-29T20:40:56.342+0000] {processor.py:183} INFO - Processing /opt/airflow/dags/tmdb_daily_dag.py took 0.057 seconds
[2026-03-29T20:41:26.806+0000] {processor.py:161} INFO - Started process (PID=64360) to work on /opt/airflow/dags/tmdb_daily_dag.py
[2026-03-29T20:41:26.808+0000] {processor.py:830} INFO - Processing file /opt/airflow/dags/tmdb_daily_dag.py for tasks to queue
[2026-03-29T20:41:26.809+0000] {logging_mixin.py:188} INFO - [2026-03-29T20:41:26.809+0000] {dagbag.py:545} INFO - Filling up the DagBag from /opt/airflow/dags/tmdb_daily_dag.py
[2026-03-29T20:41:26.823+0000] {processor.py:840} INFO - DAG(s) 'tmdb_raw_pipeline' retrieved from /opt/airflow/dags/tmdb_daily_dag.py
[2026-03-29T20:41:26.844+0000] {logging_mixin.py:188} INFO - [2026-03-29T20:41:26.843+0000] {dag.py:3096} INFO - Sync 1 DAGs
[2026-03-29T20:41:26.859+0000] {logging_mixin.py:188} INFO - [2026-03-29T20:41:26.859+0000] {dag.py:3954} INFO - Setting next_dagrun for tmdb_raw_pipeline to 2026-03-29 00:00:00+00:00, run_after=2026-03-30 00:00:00+00:00
[2026-03-29T20:41:26.869+0000] {processor.py:183} INFO - Processing /opt/airflow/dags/tmdb_daily_dag.py took 0.070 seconds
[2026-03-29T20:41:57.269+0000] {processor.py:161} INFO - Started process (PID=64380) to work on /opt/airflow/dags/tmdb_daily_dag.py
[2026-03-29T20:41:57.272+0000] {processor.py:830} INFO - Processing file /opt/airflow/dags/tmdb_daily_dag.py for tasks to queue
[2026-03-29T20:41:57.273+0000] {logging_mixin.py:188} INFO - [2026-03-29T20:41:57.273+0000] {dagbag.py:545} INFO - Filling up the DagBag from /opt/airflow/dags/tmdb_daily_dag.py
[2026-03-29T20:41:57.284+0000] {processor.py:840} INFO - DAG(s) 'tmdb_raw_pipeline' retrieved from /opt/airflow/dags/tmdb_daily_dag.py
[2026-03-29T20:41:57.298+0000] {logging_mixin.py:188} INFO - [2026-03-29T20:41:57.298+0000] {dag.py:3096} INFO - Sync 1 DAGs
[2026-03-29T20:41:57.309+0000] {logging_mixin.py:188} INFO - [2026-03-29T20:41:57.309+0000] {dag.py:3954} INFO - Setting next_dagrun for tmdb_raw_pipeline to 2026-03-29 00:00:00+00:00, run_after=2026-03-30 00:00:00+00:00
[2026-03-29T20:41:57.317+0000] {processor.py:183} INFO - Processing /opt/airflow/dags/tmdb_daily_dag.py took 0.052 seconds
[2026-03-29T20:42:27.789+0000] {processor.py:161} INFO - Started process (PID=64400) to work on /opt/airflow/dags/tmdb_daily_dag.py
[2026-03-29T20:42:27.791+0000] {processor.py:830} INFO - Processing file /opt/airflow/dags/tmdb_daily_dag.py for tasks to queue
[2026-03-29T20:42:27.792+0000] {logging_mixin.py:188} INFO - [2026-03-29T20:42:27.791+0000] {dagbag.py:545} INFO - Filling up the DagBag from /opt/airflow/dags/tmdb_daily_dag.py
[2026-03-29T20:42:27.805+0000] {processor.py:840} INFO - DAG(s) 'tmdb_raw_pipeline' retrieved from /opt/airflow/dags/tmdb_daily_dag.py
[2026-03-29T20:42:27.823+0000] {logging_mixin.py:188} INFO - [2026-03-29T20:42:27.823+0000] {dag.py:3096} INFO - Sync 1 DAGs
[2026-03-29T20:42:27.837+0000] {logging_mixin.py:188} INFO - [2026-03-29T20:42:27.836+0000] {dag.py:3954} INFO - Setting next_dagrun for tmdb_raw_pipeline to 2026-03-29 00:00:00+00:00, run_after=2026-03-30 00:00:00+00:00
[2026-03-29T20:42:27.848+0000] {processor.py:183} INFO - Processing /opt/airflow/dags/tmdb_daily_dag.py took 0.066 seconds
[2026-03-29T20:42:58.293+0000] {processor.py:161} INFO - Started process (PID=64420) to work on /opt/airflow/dags/tmdb_daily_dag.py
[2026-03-29T20:42:58.295+0000] {processor.py:830} INFO - Processing file /opt/airflow/dags/tmdb_daily_dag.py for tasks to queue
[2026-03-29T20:42:58.295+0000] {logging_mixin.py:188} INFO - [2026-03-29T20:42:58.295+0000] {dagbag.py:545} INFO - Filling up the DagBag from /opt/airflow/dags/tmdb_daily_dag.py
[2026-03-29T20:42:58.307+0000] {processor.py:840} INFO - DAG(s) 'tmdb_raw_pipeline' retrieved from /opt/airflow/dags/tmdb_daily_dag.py
[2026-03-29T20:42:58.327+0000] {logging_mixin.py:188} INFO - [2026-03-29T20:42:58.326+0000] {dag.py:3096} INFO - Sync 1 DAGs
[2026-03-29T20:42:58.340+0000] {logging_mixin.py:188} INFO - [2026-03-29T20:42:58.340+0000] {dag.py:3954} INFO - Setting next_dagrun for tmdb_raw_pipeline to 2026-03-29 00:00:00+00:00, run_after=2026-03-30 00:00:00+00:00
[2026-03-29T20:42:58.348+0000] {processor.py:183} INFO - Processing /opt/airflow/dags/tmdb_daily_dag.py took 0.061 seconds
[2026-03-29T20:43:28.848+0000] {processor.py:161} INFO - Started process (PID=64440) to work on /opt/airflow/dags/tmdb_daily_dag.py
[2026-03-29T20:43:28.850+0000] {processor.py:830} INFO - Processing file /opt/airflow/dags/tmdb_daily_dag.py for tasks to queue
[2026-03-29T20:43:28.850+0000] {logging_mixin.py:188} INFO - [2026-03-29T20:43:28.850+0000] {dagbag.py:545} INFO - Filling up the DagBag from /opt/airflow/dags/tmdb_daily_dag.py
[2026-03-29T20:43:28.860+0000] {processor.py:840} INFO - DAG(s) 'tmdb_raw_pipeline' retrieved from /opt/airflow/dags/tmdb_daily_dag.py
[2026-03-29T20:43:28.874+0000] {logging_mixin.py:188} INFO - [2026-03-29T20:43:28.874+0000] {dag.py:3096} INFO - Sync 1 DAGs
[2026-03-29T20:43:28.885+0000] {logging_mixin.py:188} INFO - [2026-03-29T20:43:28.885+0000] {dag.py:3954} INFO - Setting next_dagrun for tmdb_raw_pipeline to 2026-03-29 00:00:00+00:00, run_after=2026-03-30 00:00:00+00:00
[2026-03-29T20:43:28.893+0000] {processor.py:183} INFO - Processing /opt/airflow/dags/tmdb_daily_dag.py took 0.051 seconds
[2026-03-29T20:43:59.325+0000] {processor.py:161} INFO - Started process (PID=64460) to work on /opt/airflow/dags/tmdb_daily_dag.py
[2026-03-29T20:43:59.327+0000] {processor.py:830} INFO - Processing file /opt/airflow/dags/tmdb_daily_dag.py for tasks to queue
[2026-03-29T20:43:59.328+0000] {logging_mixin.py:188} INFO - [2026-03-29T20:43:59.327+0000] {dagbag.py:545} INFO - Filling up the DagBag from /opt/airflow/dags/tmdb_daily_dag.py
[2026-03-29T20:43:59.339+0000] {processor.py:840} INFO - DAG(s) 'tmdb_raw_pipeline' retrieved from /opt/airflow/dags/tmdb_daily_dag.py
[2026-03-29T20:43:59.354+0000] {logging_mixin.py:188} INFO - [2026-03-29T20:43:59.354+0000] {dag.py:3096} INFO - Sync 1 DAGs
[2026-03-29T20:43:59.365+0000] {logging_mixin.py:188} INFO - [2026-03-29T20:43:59.365+0000] {dag.py:3954} INFO - Setting next_dagrun for tmdb_raw_pipeline to 2026-03-29 00:00:00+00:00, run_after=2026-03-30 00:00:00+00:00
[2026-03-29T20:43:59.373+0000] {processor.py:183} INFO - Processing /opt/airflow/dags/tmdb_daily_dag.py took 0.054 seconds
[2026-03-29T20:44:29.834+0000] {processor.py:161} INFO - Started process (PID=64480) to work on /opt/airflow/dags/tmdb_daily_dag.py
[2026-03-29T20:44:29.836+0000] {processor.py:830} INFO - Processing file /opt/airflow/dags/tmdb_daily_dag.py for tasks to queue
[2026-03-29T20:44:29.836+0000] {logging_mixin.py:188} INFO - [2026-03-29T20:44:29.836+0000] {dagbag.py:545} INFO - Filling up the DagBag from /opt/airflow/dags/tmdb_daily_dag.py
[2026-03-29T20:44:29.847+0000] {processor.py:840} INFO - DAG(s) 'tmdb_raw_pipeline' retrieved from /opt/airflow/dags/tmdb_daily_dag.py
[2026-03-29T20:44:29.864+0000] {logging_mixin.py:188} INFO - [2026-03-29T20:44:29.864+0000] {dag.py:3096} INFO - Sync 1 DAGs
[2026-03-29T20:44:29.880+0000] {logging_mixin.py:188} INFO - [2026-03-29T20:44:29.880+0000] {dag.py:3954} INFO - Setting next_dagrun for tmdb_raw_pipeline to 2026-03-29 00:00:00+00:00, run_after=2026-03-30 00:00:00+00:00
[2026-03-29T20:44:29.888+0000] {processor.py:183} INFO - Processing /opt/airflow/dags/tmdb_daily_dag.py took 0.062 seconds
[2026-03-29T20:45:00.408+0000] {processor.py:161} INFO - Started process (PID=64500) to work on /opt/airflow/dags/tmdb_daily_dag.py
[2026-03-29T20:45:00.409+0000] {processor.py:830} INFO - Processing file /opt/airflow/dags/tmdb_daily_dag.py for tasks to queue
[2026-03-29T20:45:00.410+0000] {logging_mixin.py:188} INFO - [2026-03-29T20:45:00.410+0000] {dagbag.py:545} INFO - Filling up the DagBag from /opt/airflow/dags/tmdb_daily_dag.py
[2026-03-29T20:45:00.420+0000] {processor.py:840} INFO - DAG(s) 'tmdb_raw_pipeline' retrieved from /opt/airflow/dags/tmdb_daily_dag.py
[2026-03-29T20:45:00.435+0000] {logging_mixin.py:188} INFO - [2026-03-29T20:45:00.435+0000] {dag.py:3096} INFO - Sync 1 DAGs
[2026-03-29T20:45:00.446+0000] {logging_mixin.py:188} INFO - [2026-03-29T20:45:00.446+0000] {dag.py:3954} INFO - Setting next_dagrun for tmdb_raw_pipeline to 2026-03-29 00:00:00+00:00, run_after=2026-03-30 00:00:00+00:00
[2026-03-29T20:45:00.453+0000] {processor.py:183} INFO - Processing /opt/airflow/dags/tmdb_daily_dag.py took 0.050 seconds
[2026-03-29T20:45:30.870+0000] {processor.py:161} INFO - Started process (PID=64520) to work on /opt/airflow/dags/tmdb_daily_dag.py
[2026-03-29T20:45:30.872+0000] {processor.py:830} INFO - Processing file /opt/airflow/dags/tmdb_daily_dag.py for tasks to queue
[2026-03-29T20:45:30.872+0000] {logging_mixin.py:188} INFO - [2026-03-29T20:45:30.872+0000] {dagbag.py:545} INFO - Filling up the DagBag from /opt/airflow/dags/tmdb_daily_dag.py
[2026-03-29T20:45:30.882+0000] {processor.py:840} INFO - DAG(s) 'tmdb_raw_pipeline' retrieved from /opt/airflow/dags/tmdb_daily_dag.py
[2026-03-29T20:45:30.897+0000] {logging_mixin.py:188} INFO - [2026-03-29T20:45:30.897+0000] {dag.py:3096} INFO - Sync 1 DAGs
[2026-03-29T20:45:30.914+0000] {logging_mixin.py:188} INFO - [2026-03-29T20:45:30.914+0000] {dag.py:3954} INFO - Setting next_dagrun for tmdb_raw_pipeline to 2026-03-29 00:00:00+00:00, run_after=2026-03-30 00:00:00+00:00
[2026-03-29T20:45:30.921+0000] {processor.py:183} INFO - Processing /opt/airflow/dags/tmdb_daily_dag.py took 0.055 seconds
[2026-03-29T20:46:01.418+0000] {processor.py:161} INFO - Started process (PID=64540) to work on /opt/airflow/dags/tmdb_daily_dag.py
[2026-03-29T20:46:01.420+0000] {processor.py:830} INFO - Processing file /opt/airflow/dags/tmdb_daily_dag.py for tasks to queue
[2026-03-29T20:46:01.420+0000] {logging_mixin.py:188} INFO - [2026-03-29T20:46:01.420+0000] {dagbag.py:545} INFO - Filling up the DagBag from /opt/airflow/dags/tmdb_daily_dag.py
[2026-03-29T20:46:01.432+0000] {processor.py:840} INFO - DAG(s) 'tmdb_raw_pipeline' retrieved from /opt/airflow/dags/tmdb_daily_dag.py
[2026-03-29T20:46:01.446+0000] {logging_mixin.py:188} INFO - [2026-03-29T20:46:01.446+0000] {dag.py:3096} INFO - Sync 1 DAGs
[2026-03-29T20:46:01.457+0000] {logging_mixin.py:188} INFO - [2026-03-29T20:46:01.457+0000] {dag.py:3954} INFO - Setting next_dagrun for tmdb_raw_pipeline to 2026-03-29 00:00:00+00:00, run_after=2026-03-30 00:00:00+00:00
[2026-03-29T20:46:01.465+0000] {processor.py:183} INFO - Processing /opt/airflow/dags/tmdb_daily_dag.py took 0.053 seconds
[2026-03-29T20:46:31.913+0000] {processor.py:161} INFO - Started process (PID=64560) to work on /opt/airflow/dags/tmdb_daily_dag.py
[2026-03-29T20:46:31.915+0000] {processor.py:830} INFO - Processing file /opt/airflow/dags/tmdb_daily_dag.py for tasks to queue
[2026-03-29T20:46:31.915+0000] {logging_mixin.py:188} INFO - [2026-03-29T20:46:31.915+0000] {dagbag.py:545} INFO - Filling up the DagBag from /opt/airflow/dags/tmdb_daily_dag.py
[2026-03-29T20:46:31.926+0000] {processor.py:840} INFO - DAG(s) 'tmdb_raw_pipeline' retrieved from /opt/airflow/dags/tmdb_daily_dag.py
[2026-03-29T20:46:31.942+0000] {logging_mixin.py:188} INFO - [2026-03-29T20:46:31.942+0000] {dag.py:3096} INFO - Sync 1 DAGs
[2026-03-29T20:46:31.955+0000] {logging_mixin.py:188} INFO - [2026-03-29T20:46:31.955+0000] {dag.py:3954} INFO - Setting next_dagrun for tmdb_raw_pipeline to 2026-03-29 00:00:00+00:00, run_after=2026-03-30 00:00:00+00:00
[2026-03-29T20:46:31.963+0000] {processor.py:183} INFO - Processing /opt/airflow/dags/tmdb_daily_dag.py took 0.056 seconds
[2026-03-29T20:47:02.474+0000] {processor.py:161} INFO - Started process (PID=64580) to work on /opt/airflow/dags/tmdb_daily_dag.py
[2026-03-29T20:47:02.476+0000] {processor.py:830} INFO - Processing file /opt/airflow/dags/tmdb_daily_dag.py for tasks to queue
[2026-03-29T20:47:02.477+0000] {logging_mixin.py:188} INFO - [2026-03-29T20:47:02.477+0000] {dagbag.py:545} INFO - Filling up the DagBag from /opt/airflow/dags/tmdb_daily_dag.py
[2026-03-29T20:47:02.491+0000] {processor.py:840} INFO - DAG(s) 'tmdb_raw_pipeline' retrieved from /opt/airflow/dags/tmdb_daily_dag.py
[2026-03-29T20:47:02.509+0000] {logging_mixin.py:188} INFO - [2026-03-29T20:47:02.508+0000] {dag.py:3096} INFO - Sync 1 DAGs
[2026-03-29T20:47:02.520+0000] {logging_mixin.py:188} INFO - [2026-03-29T20:47:02.520+0000] {dag.py:3954} INFO - Setting next_dagrun for tmdb_raw_pipeline to 2026-03-29 00:00:00+00:00, run_after=2026-03-30 00:00:00+00:00
[2026-03-29T20:47:02.527+0000] {processor.py:183} INFO - Processing /opt/airflow/dags/tmdb_daily_dag.py took 0.059 seconds
[2026-03-29T20:47:33.027+0000] {processor.py:161} INFO - Started process (PID=64600) to work on /opt/airflow/dags/tmdb_daily_dag.py
[2026-03-29T20:47:33.029+0000] {processor.py:830} INFO - Processing file /opt/airflow/dags/tmdb_daily_dag.py for tasks to queue
[2026-03-29T20:47:33.030+0000] {logging_mixin.py:188} INFO - [2026-03-29T20:47:33.029+0000] {dagbag.py:545} INFO - Filling up the DagBag from /opt/airflow/dags/tmdb_daily_dag.py
[2026-03-29T20:47:33.047+0000] {processor.py:840} INFO - DAG(s) 'tmdb_raw_pipeline' retrieved from /opt/airflow/dags/tmdb_daily_dag.py
[2026-03-29T20:47:33.077+0000] {logging_mixin.py:188} INFO - [2026-03-29T20:47:33.077+0000] {dag.py:3096} INFO - Sync 1 DAGs
[2026-03-29T20:47:33.101+0000] {logging_mixin.py:188} INFO - [2026-03-29T20:47:33.100+0000] {dag.py:3954} INFO - Setting next_dagrun for tmdb_raw_pipeline to 2026-03-29 00:00:00+00:00, run_after=2026-03-30 00:00:00+00:00
[2026-03-29T20:47:33.115+0000] {processor.py:183} INFO - Processing /opt/airflow/dags/tmdb_daily_dag.py took 0.099 seconds
[2026-03-29T20:48:03.473+0000] {processor.py:161} INFO - Started process (PID=64620) to work on /opt/airflow/dags/tmdb_daily_dag.py
[2026-03-29T20:48:03.475+0000] {processor.py:830} INFO - Processing file /opt/airflow/dags/tmdb_daily_dag.py for tasks to queue
[2026-03-29T20:48:03.475+0000] {logging_mixin.py:188} INFO - [2026-03-29T20:48:03.475+0000] {dagbag.py:545} INFO - Filling up the DagBag from /opt/airflow/dags/tmdb_daily_dag.py
[2026-03-29T20:48:03.482+0000] {processor.py:840} INFO - DAG(s) 'tmdb_raw_pipeline' retrieved from /opt/airflow/dags/tmdb_daily_dag.py
[2026-03-29T20:48:03.492+0000] {logging_mixin.py:188} INFO - [2026-03-29T20:48:03.492+0000] {dag.py:3096} INFO - Sync 1 DAGs
[2026-03-29T20:48:03.502+0000] {logging_mixin.py:188} INFO - [2026-03-29T20:48:03.502+0000] {dag.py:3954} INFO - Setting next_dagrun for tmdb_raw_pipeline to 2026-03-29 00:00:00+00:00, run_after=2026-03-30 00:00:00+00:00
[2026-03-29T20:48:03.508+0000] {processor.py:183} INFO - Processing /opt/airflow/dags/tmdb_daily_dag.py took 0.039 seconds
[2026-03-29T20:48:33.927+0000] {processor.py:161} INFO - Started process (PID=64640) to work on /opt/airflow/dags/tmdb_daily_dag.py
[2026-03-29T20:48:33.929+0000] {processor.py:830} INFO - Processing file /opt/airflow/dags/tmdb_daily_dag.py for tasks to queue
[2026-03-29T20:48:33.930+0000] {logging_mixin.py:188} INFO - [2026-03-29T20:48:33.929+0000] {dagbag.py:545} INFO - Filling up the DagBag from /opt/airflow/dags/tmdb_daily_dag.py
[2026-03-29T20:48:33.942+0000] {processor.py:840} INFO - DAG(s) 'tmdb_raw_pipeline' retrieved from /opt/airflow/dags/tmdb_daily_dag.py
[2026-03-29T20:48:33.961+0000] {logging_mixin.py:188} INFO - [2026-03-29T20:48:33.961+0000] {dag.py:3096} INFO - Sync 1 DAGs
[2026-03-29T20:48:33.975+0000] {logging_mixin.py:188} INFO - [2026-03-29T20:48:33.975+0000] {dag.py:3954} INFO - Setting next_dagrun for tmdb_raw_pipeline to 2026-03-29 00:00:00+00:00, run_after=2026-03-30 00:00:00+00:00
[2026-03-29T20:48:33.984+0000] {processor.py:183} INFO - Processing /opt/airflow/dags/tmdb_daily_dag.py took 0.063 seconds
[2026-03-29T20:49:04.494+0000] {processor.py:161} INFO - Started process (PID=64660) to work on /opt/airflow/dags/tmdb_daily_dag.py
[2026-03-29T20:49:04.497+0000] {processor.py:830} INFO - Processing file /opt/airflow/dags/tmdb_daily_dag.py for tasks to queue
[2026-03-29T20:49:04.498+0000] {logging_mixin.py:188} INFO - [2026-03-29T20:49:04.498+0000] {dagbag.py:545} INFO - Filling up the DagBag from /opt/airflow/dags/tmdb_daily_dag.py
[2026-03-29T20:49:04.511+0000] {processor.py:840} INFO - DAG(s) 'tmdb_raw_pipeline' retrieved from /opt/airflow/dags/tmdb_daily_dag.py
[2026-03-29T20:49:04.535+0000] {logging_mixin.py:188} INFO - [2026-03-29T20:49:04.535+0000] {dag.py:3096} INFO - Sync 1 DAGs
[2026-03-29T20:49:04.556+0000] {logging_mixin.py:188} INFO - [2026-03-29T20:49:04.555+0000] {dag.py:3954} INFO - Setting next_dagrun for tmdb_raw_pipeline to 2026-03-29 00:00:00+00:00, run_after=2026-03-30 00:00:00+00:00
[2026-03-29T20:49:04.565+0000] {processor.py:183} INFO - Processing /opt/airflow/dags/tmdb_daily_dag.py took 0.077 seconds
[2026-03-29T20:49:35.088+0000] {processor.py:161} INFO - Started process (PID=64680) to work on /opt/airflow/dags/tmdb_daily_dag.py
[2026-03-29T20:49:35.090+0000] {processor.py:830} INFO - Processing file /opt/airflow/dags/tmdb_daily_dag.py for tasks to queue
[2026-03-29T20:49:35.090+0000] {logging_mixin.py:188} INFO - [2026-03-29T20:49:35.090+0000] {dagbag.py:545} INFO - Filling up the DagBag from /opt/airflow/dags/tmdb_daily_dag.py
[2026-03-29T20:49:35.107+0000] {processor.py:840} INFO - DAG(s) 'tmdb_raw_pipeline' retrieved from /opt/airflow/dags/tmdb_daily_dag.py
[2026-03-29T20:49:35.131+0000] {logging_mixin.py:188} INFO - [2026-03-29T20:49:35.131+0000] {dag.py:3096} INFO - Sync 1 DAGs
[2026-03-29T20:49:35.146+0000] {logging_mixin.py:188} INFO - [2026-03-29T20:49:35.145+0000] {dag.py:3954} INFO - Setting next_dagrun for tmdb_raw_pipeline to 2026-03-29 00:00:00+00:00, run_after=2026-03-30 00:00:00+00:00
[2026-03-29T20:49:35.157+0000] {processor.py:183} INFO - Processing /opt/airflow/dags/tmdb_daily_dag.py took 0.075 seconds
[2026-03-29T20:50:05.665+0000] {processor.py:161} INFO - Started process (PID=64700) to work on /opt/airflow/dags/tmdb_daily_dag.py
[2026-03-29T20:50:05.667+0000] {processor.py:830} INFO - Processing file /opt/airflow/dags/tmdb_daily_dag.py for tasks to queue
[2026-03-29T20:50:05.671+0000] {logging_mixin.py:188} INFO - [2026-03-29T20:50:05.669+0000] {dagbag.py:545} INFO - Filling up the DagBag from /opt/airflow/dags/tmdb_daily_dag.py
[2026-03-29T20:50:05.687+0000] {processor.py:840} INFO - DAG(s) 'tmdb_raw_pipeline' retrieved from /opt/airflow/dags/tmdb_daily_dag.py
[2026-03-29T20:50:05.709+0000] {logging_mixin.py:188} INFO - [2026-03-29T20:50:05.709+0000] {dag.py:3096} INFO - Sync 1 DAGs
[2026-03-29T20:50:05.722+0000] {logging_mixin.py:188} INFO - [2026-03-29T20:50:05.722+0000] {dag.py:3954} INFO - Setting next_dagrun for tmdb_raw_pipeline to 2026-03-29 00:00:00+00:00, run_after=2026-03-30 00:00:00+00:00
[2026-03-29T20:50:05.733+0000] {processor.py:183} INFO - Processing /opt/airflow/dags/tmdb_daily_dag.py took 0.081 seconds
[2026-03-29T20:50:36.121+0000] {processor.py:161} INFO - Started process (PID=64720) to work on /opt/airflow/dags/tmdb_daily_dag.py
[2026-03-29T20:50:36.123+0000] {processor.py:830} INFO - Processing file /opt/airflow/dags/tmdb_daily_dag.py for tasks to queue
[2026-03-29T20:50:36.124+0000] {logging_mixin.py:188} INFO - [2026-03-29T20:50:36.124+0000] {dagbag.py:545} INFO - Filling up the DagBag from /opt/airflow/dags/tmdb_daily_dag.py
[2026-03-29T20:50:36.136+0000] {processor.py:840} INFO - DAG(s) 'tmdb_raw_pipeline' retrieved from /opt/airflow/dags/tmdb_daily_dag.py
[2026-03-29T20:50:36.155+0000] {logging_mixin.py:188} INFO - [2026-03-29T20:50:36.155+0000] {dag.py:3096} INFO - Sync 1 DAGs
[2026-03-29T20:50:36.167+0000] {logging_mixin.py:188} INFO - [2026-03-29T20:50:36.167+0000] {dag.py:3954} INFO - Setting next_dagrun for tmdb_raw_pipeline to 2026-03-29 00:00:00+00:00, run_after=2026-03-30 00:00:00+00:00
[2026-03-29T20:50:36.174+0000] {processor.py:183} INFO - Processing /opt/airflow/dags/tmdb_daily_dag.py took 0.059 seconds
[2026-03-29T20:51:06.824+0000] {processor.py:161} INFO - Started process (PID=64740) to work on /opt/airflow/dags/tmdb_daily_dag.py
[2026-03-29T20:51:06.825+0000] {processor.py:830} INFO - Processing file /opt/airflow/dags/tmdb_daily_dag.py for tasks to queue
[2026-03-29T20:51:06.826+0000] {logging_mixin.py:188} INFO - [2026-03-29T20:51:06.826+0000] {dagbag.py:545} INFO - Filling up the DagBag from /opt/airflow/dags/tmdb_daily_dag.py
[2026-03-29T20:51:06.844+0000] {processor.py:840} INFO - DAG(s) 'tmdb_raw_pipeline' retrieved from /opt/airflow/dags/tmdb_daily_dag.py
[2026-03-29T20:51:06.885+0000] {logging_mixin.py:188} INFO - [2026-03-29T20:51:06.885+0000] {dag.py:3096} INFO - Sync 1 DAGs
[2026-03-29T20:51:06.918+0000] {logging_mixin.py:188} INFO - [2026-03-29T20:51:06.918+0000] {dag.py:3954} INFO - Setting next_dagrun for tmdb_raw_pipeline to 2026-03-29 00:00:00+00:00, run_after=2026-03-30 00:00:00+00:00
[2026-03-29T20:51:06.932+0000] {processor.py:183} INFO - Processing /opt/airflow/dags/tmdb_daily_dag.py took 0.159 seconds
[2026-03-29T20:51:37.653+0000] {processor.py:161} INFO - Started process (PID=64760) to work on /opt/airflow/dags/tmdb_daily_dag.py
[2026-03-29T20:51:37.656+0000] {processor.py:830} INFO - Processing file /opt/airflow/dags/tmdb_daily_dag.py for tasks to queue
[2026-03-29T20:51:37.657+0000] {logging_mixin.py:188} INFO - [2026-03-29T20:51:37.657+0000] {dagbag.py:545} INFO - Filling up the DagBag from /opt/airflow/dags/tmdb_daily_dag.py
[2026-03-29T20:51:37.687+0000] {processor.py:840} INFO - DAG(s) 'tmdb_raw_pipeline' retrieved from /opt/airflow/dags/tmdb_daily_dag.py
[2026-03-29T20:51:37.738+0000] {logging_mixin.py:188} INFO - [2026-03-29T20:51:37.738+0000] {dag.py:3096} INFO - Sync 1 DAGs
[2026-03-29T20:51:37.758+0000] {logging_mixin.py:188} INFO - [2026-03-29T20:51:37.758+0000] {dag.py:3954} INFO - Setting next_dagrun for tmdb_raw_pipeline to 2026-03-29 00:00:00+00:00, run_after=2026-03-30 00:00:00+00:00
[2026-03-29T20:51:37.769+0000] {processor.py:183} INFO - Processing /opt/airflow/dags/tmdb_daily_dag.py took 0.129 seconds
[2026-03-29T20:52:08.151+0000] {processor.py:161} INFO - Started process (PID=64780) to work on /opt/airflow/dags/tmdb_daily_dag.py
[2026-03-29T20:52:08.153+0000] {processor.py:830} INFO - Processing file /opt/airflow/dags/tmdb_daily_dag.py for tasks to queue
[2026-03-29T20:52:08.154+0000] {logging_mixin.py:188} INFO - [2026-03-29T20:52:08.154+0000] {dagbag.py:545} INFO - Filling up the DagBag from /opt/airflow/dags/tmdb_daily_dag.py
[2026-03-29T20:52:08.163+0000] {processor.py:840} INFO - DAG(s) 'tmdb_raw_pipeline' retrieved from /opt/airflow/dags/tmdb_daily_dag.py
[2026-03-29T20:52:08.178+0000] {logging_mixin.py:188} INFO - [2026-03-29T20:52:08.177+0000] {dag.py:3096} INFO - Sync 1 DAGs
[2026-03-29T20:52:08.189+0000] {logging_mixin.py:188} INFO - [2026-03-29T20:52:08.189+0000] {dag.py:3954} INFO - Setting next_dagrun for tmdb_raw_pipeline to 2026-03-29 00:00:00+00:00, run_after=2026-03-30 00:00:00+00:00
[2026-03-29T20:52:08.196+0000] {processor.py:183} INFO - Processing /opt/airflow/dags/tmdb_daily_dag.py took 0.050 seconds
[2026-03-29T20:52:38.739+0000] {processor.py:161} INFO - Started process (PID=64800) to work on /opt/airflow/dags/tmdb_daily_dag.py
[2026-03-29T20:52:38.741+0000] {processor.py:830} INFO - Processing file /opt/airflow/dags/tmdb_daily_dag.py for tasks to queue
[2026-03-29T20:52:38.743+0000] {logging_mixin.py:188} INFO - [2026-03-29T20:52:38.742+0000] {dagbag.py:545} INFO - Filling up the DagBag from /opt/airflow/dags/tmdb_daily_dag.py
[2026-03-29T20:52:38.760+0000] {processor.py:840} INFO - DAG(s) 'tmdb_raw_pipeline' retrieved from /opt/airflow/dags/tmdb_daily_dag.py
[2026-03-29T20:52:38.788+0000] {logging_mixin.py:188} INFO - [2026-03-29T20:52:38.788+0000] {dag.py:3096} INFO - Sync 1 DAGs
[2026-03-29T20:52:38.805+0000] {logging_mixin.py:188} INFO - [2026-03-29T20:52:38.805+0000] {dag.py:3954} INFO - Setting next_dagrun for tmdb_raw_pipeline to 2026-03-29 00:00:00+00:00, run_after=2026-03-30 00:00:00+00:00
[2026-03-29T20:52:38.818+0000] {processor.py:183} INFO - Processing /opt/airflow/dags/tmdb_daily_dag.py took 0.088 seconds
[2026-03-29T20:53:09.300+0000] {processor.py:161} INFO - Started process (PID=64820) to work on /opt/airflow/dags/tmdb_daily_dag.py
[2026-03-29T20:53:09.303+0000] {processor.py:830} INFO - Processing file /opt/airflow/dags/tmdb_daily_dag.py for tasks to queue
[2026-03-29T20:53:09.303+0000] {logging_mixin.py:188} INFO - [2026-03-29T20:53:09.303+0000] {dagbag.py:545} INFO - Filling up the DagBag from /opt/airflow/dags/tmdb_daily_dag.py
[2026-03-29T20:53:09.314+0000] {processor.py:840} INFO - DAG(s) 'tmdb_raw_pipeline' retrieved from /opt/airflow/dags/tmdb_daily_dag.py
[2026-03-29T20:53:09.329+0000] {logging_mixin.py:188} INFO - [2026-03-29T20:53:09.329+0000] {dag.py:3096} INFO - Sync 1 DAGs
[2026-03-29T20:53:09.364+0000] {logging_mixin.py:188} INFO - [2026-03-29T20:53:09.364+0000] {dag.py:3954} INFO - Setting next_dagrun for tmdb_raw_pipeline to 2026-03-29 00:00:00+00:00, run_after=2026-03-30 00:00:00+00:00
[2026-03-29T20:53:09.375+0000] {processor.py:183} INFO - Processing /opt/airflow/dags/tmdb_daily_dag.py took 0.081 seconds
[2026-03-29T20:53:39.894+0000] {processor.py:161} INFO - Started process (PID=64840) to work on /opt/airflow/dags/tmdb_daily_dag.py
[2026-03-29T20:53:39.896+0000] {processor.py:830} INFO - Processing file /opt/airflow/dags/tmdb_daily_dag.py for tasks to queue
[2026-03-29T20:53:39.897+0000] {logging_mixin.py:188} INFO - [2026-03-29T20:53:39.896+0000] {dagbag.py:545} INFO - Filling up the DagBag from /opt/airflow/dags/tmdb_daily_dag.py
[2026-03-29T20:53:39.910+0000] {processor.py:840} INFO - DAG(s) 'tmdb_raw_pipeline' retrieved from /opt/airflow/dags/tmdb_daily_dag.py
[2026-03-29T20:53:39.929+0000] {logging_mixin.py:188} INFO - [2026-03-29T20:53:39.929+0000] {dag.py:3096} INFO - Sync 1 DAGs
[2026-03-29T20:53:39.942+0000] {logging_mixin.py:188} INFO - [2026-03-29T20:53:39.942+0000] {dag.py:3954} INFO - Setting next_dagrun for tmdb_raw_pipeline to 2026-03-29 00:00:00+00:00, run_after=2026-03-30 00:00:00+00:00
[2026-03-29T20:53:39.951+0000] {processor.py:183} INFO - Processing /opt/airflow/dags/tmdb_daily_dag.py took 0.064 seconds
[2026-03-29T20:54:10.339+0000] {processor.py:161} INFO - Started process (PID=64860) to work on /opt/airflow/dags/tmdb_daily_dag.py
[2026-03-29T20:54:10.341+0000] {processor.py:830} INFO - Processing file /opt/airflow/dags/tmdb_daily_dag.py for tasks to queue
[2026-03-29T20:54:10.341+0000] {logging_mixin.py:188} INFO - [2026-03-29T20:54:10.341+0000] {dagbag.py:545} INFO - Filling up the DagBag from /opt/airflow/dags/tmdb_daily_dag.py
[2026-03-29T20:54:10.350+0000] {processor.py:840} INFO - DAG(s) 'tmdb_raw_pipeline' retrieved from /opt/airflow/dags/tmdb_daily_dag.py
[2026-03-29T20:54:10.364+0000] {logging_mixin.py:188} INFO - [2026-03-29T20:54:10.364+0000] {dag.py:3096} INFO - Sync 1 DAGs
[2026-03-29T20:54:10.375+0000] {logging_mixin.py:188} INFO - [2026-03-29T20:54:10.375+0000] {dag.py:3954} INFO - Setting next_dagrun for tmdb_raw_pipeline to 2026-03-29 00:00:00+00:00, run_after=2026-03-30 00:00:00+00:00
[2026-03-29T20:54:10.381+0000] {processor.py:183} INFO - Processing /opt/airflow/dags/tmdb_daily_dag.py took 0.046 seconds
[2026-03-29T20:54:40.807+0000] {processor.py:161} INFO - Started process (PID=64880) to work on /opt/airflow/dags/tmdb_daily_dag.py
[2026-03-29T20:54:40.810+0000] {processor.py:830} INFO - Processing file /opt/airflow/dags/tmdb_daily_dag.py for tasks to queue
[2026-03-29T20:54:40.810+0000] {logging_mixin.py:188} INFO - [2026-03-29T20:54:40.810+0000] {dagbag.py:545} INFO - Filling up the DagBag from /opt/airflow/dags/tmdb_daily_dag.py
[2026-03-29T20:54:40.822+0000] {processor.py:840} INFO - DAG(s) 'tmdb_raw_pipeline' retrieved from /opt/airflow/dags/tmdb_daily_dag.py
[2026-03-29T20:54:40.837+0000] {logging_mixin.py:188} INFO - [2026-03-29T20:54:40.837+0000] {dag.py:3096} INFO - Sync 1 DAGs
[2026-03-29T20:54:40.847+0000] {logging_mixin.py:188} INFO - [2026-03-29T20:54:40.847+0000] {dag.py:3954} INFO - Setting next_dagrun for tmdb_raw_pipeline to 2026-03-29 00:00:00+00:00, run_after=2026-03-30 00:00:00+00:00
[2026-03-29T20:54:40.854+0000] {processor.py:183} INFO - Processing /opt/airflow/dags/tmdb_daily_dag.py took 0.054 seconds
[2026-03-29T20:55:11.343+0000] {processor.py:161} INFO - Started process (PID=64900) to work on /opt/airflow/dags/tmdb_daily_dag.py
[2026-03-29T20:55:11.347+0000] {processor.py:830} INFO - Processing file /opt/airflow/dags/tmdb_daily_dag.py for tasks to queue
[2026-03-29T20:55:11.348+0000] {logging_mixin.py:188} INFO - [2026-03-29T20:55:11.347+0000] {dagbag.py:545} INFO - Filling up the DagBag from /opt/airflow/dags/tmdb_daily_dag.py
[2026-03-29T20:55:11.358+0000] {processor.py:840} INFO - DAG(s) 'tmdb_raw_pipeline' retrieved from /opt/airflow/dags/tmdb_daily_dag.py
[2026-03-29T20:55:11.372+0000] {logging_mixin.py:188} INFO - [2026-03-29T20:55:11.372+0000] {dag.py:3096} INFO - Sync 1 DAGs
[2026-03-29T20:55:11.386+0000] {logging_mixin.py:188} INFO - [2026-03-29T20:55:11.386+0000] {dag.py:3954} INFO - Setting next_dagrun for tmdb_raw_pipeline to 2026-03-29 00:00:00+00:00, run_after=2026-03-30 00:00:00+00:00
[2026-03-29T20:55:11.394+0000] {processor.py:183} INFO - Processing /opt/airflow/dags/tmdb_daily_dag.py took 0.058 seconds
[2026-03-29T20:55:41.792+0000] {processor.py:161} INFO - Started process (PID=64920) to work on /opt/airflow/dags/tmdb_daily_dag.py
[2026-03-29T20:55:41.794+0000] {processor.py:830} INFO - Processing file /opt/airflow/dags/tmdb_daily_dag.py for tasks to queue
[2026-03-29T20:55:41.795+0000] {logging_mixin.py:188} INFO - [2026-03-29T20:55:41.794+0000] {dagbag.py:545} INFO - Filling up the DagBag from /opt/airflow/dags/tmdb_daily_dag.py
[2026-03-29T20:55:41.805+0000] {processor.py:840} INFO - DAG(s) 'tmdb_raw_pipeline' retrieved from /opt/airflow/dags/tmdb_daily_dag.py
[2026-03-29T20:55:41.819+0000] {logging_mixin.py:188} INFO - [2026-03-29T20:55:41.819+0000] {dag.py:3096} INFO - Sync 1 DAGs
[2026-03-29T20:55:41.829+0000] {logging_mixin.py:188} INFO - [2026-03-29T20:55:41.829+0000] {dag.py:3954} INFO - Setting next_dagrun for tmdb_raw_pipeline to 2026-03-29 00:00:00+00:00, run_after=2026-03-30 00:00:00+00:00
[2026-03-29T20:55:41.836+0000] {processor.py:183} INFO - Processing /opt/airflow/dags/tmdb_daily_dag.py took 0.051 seconds
[2026-03-29T20:56:12.356+0000] {processor.py:161} INFO - Started process (PID=64940) to work on /opt/airflow/dags/tmdb_daily_dag.py
[2026-03-29T20:56:12.359+0000] {processor.py:830} INFO - Processing file /opt/airflow/dags/tmdb_daily_dag.py for tasks to queue
[2026-03-29T20:56:12.360+0000] {logging_mixin.py:188} INFO - [2026-03-29T20:56:12.359+0000] {dagbag.py:545} INFO - Filling up the DagBag from /opt/airflow/dags/tmdb_daily_dag.py
[2026-03-29T20:56:12.385+0000] {processor.py:840} INFO - DAG(s) 'tmdb_raw_pipeline' retrieved from /opt/airflow/dags/tmdb_daily_dag.py
[2026-03-29T20:56:12.403+0000] {logging_mixin.py:188} INFO - [2026-03-29T20:56:12.403+0000] {dag.py:3096} INFO - Sync 1 DAGs
[2026-03-29T20:56:12.414+0000] {logging_mixin.py:188} INFO - [2026-03-29T20:56:12.413+0000] {dag.py:3954} INFO - Setting next_dagrun for tmdb_raw_pipeline to 2026-03-29 00:00:00+00:00, run_after=2026-03-30 00:00:00+00:00
[2026-03-29T20:56:12.420+0000] {processor.py:183} INFO - Processing /opt/airflow/dags/tmdb_daily_dag.py took 0.070 seconds
[2026-03-29T20:56:42.973+0000] {processor.py:161} INFO - Started process (PID=64960) to work on /opt/airflow/dags/tmdb_daily_dag.py
[2026-03-29T20:56:42.976+0000] {processor.py:830} INFO - Processing file /opt/airflow/dags/tmdb_daily_dag.py for tasks to queue
[2026-03-29T20:56:42.977+0000] {logging_mixin.py:188} INFO - [2026-03-29T20:56:42.976+0000] {dagbag.py:545} INFO - Filling up the DagBag from /opt/airflow/dags/tmdb_daily_dag.py
[2026-03-29T20:56:42.992+0000] {processor.py:840} INFO - DAG(s) 'tmdb_raw_pipeline' retrieved from /opt/airflow/dags/tmdb_daily_dag.py
[2026-03-29T20:56:43.019+0000] {logging_mixin.py:188} INFO - [2026-03-29T20:56:43.018+0000] {dag.py:3096} INFO - Sync 1 DAGs
[2026-03-29T20:56:43.032+0000] {logging_mixin.py:188} INFO - [2026-03-29T20:56:43.032+0000] {dag.py:3954} INFO - Setting next_dagrun for tmdb_raw_pipeline to 2026-03-29 00:00:00+00:00, run_after=2026-03-30 00:00:00+00:00
[2026-03-29T20:56:43.043+0000] {processor.py:183} INFO - Processing /opt/airflow/dags/tmdb_daily_dag.py took 0.079 seconds
[2026-03-29T20:57:13.457+0000] {processor.py:161} INFO - Started process (PID=64980) to work on /opt/airflow/dags/tmdb_daily_dag.py
[2026-03-29T20:57:13.459+0000] {processor.py:830} INFO - Processing file /opt/airflow/dags/tmdb_daily_dag.py for tasks to queue
[2026-03-29T20:57:13.460+0000] {logging_mixin.py:188} INFO - [2026-03-29T20:57:13.460+0000] {dagbag.py:545} INFO - Filling up the DagBag from /opt/airflow/dags/tmdb_daily_dag.py
[2026-03-29T20:57:13.474+0000] {processor.py:840} INFO - DAG(s) 'tmdb_raw_pipeline' retrieved from /opt/airflow/dags/tmdb_daily_dag.py
[2026-03-29T20:57:13.495+0000] {logging_mixin.py:188} INFO - [2026-03-29T20:57:13.495+0000] {dag.py:3096} INFO - Sync 1 DAGs
[2026-03-29T20:57:13.511+0000] {logging_mixin.py:188} INFO - [2026-03-29T20:57:13.511+0000] {dag.py:3954} INFO - Setting next_dagrun for tmdb_raw_pipeline to 2026-03-29 00:00:00+00:00, run_after=2026-03-30 00:00:00+00:00
[2026-03-29T20:57:13.522+0000] {processor.py:183} INFO - Processing /opt/airflow/dags/tmdb_daily_dag.py took 0.072 seconds
[2026-03-29T20:57:43.934+0000] {processor.py:161} INFO - Started process (PID=65000) to work on /opt/airflow/dags/tmdb_daily_dag.py
[2026-03-29T20:57:43.937+0000] {processor.py:830} INFO - Processing file /opt/airflow/dags/tmdb_daily_dag.py for tasks to queue
[2026-03-29T20:57:43.938+0000] {logging_mixin.py:188} INFO - [2026-03-29T20:57:43.938+0000] {dagbag.py:545} INFO - Filling up the DagBag from /opt/airflow/dags/tmdb_daily_dag.py
[2026-03-29T20:57:43.949+0000] {processor.py:840} INFO - DAG(s) 'tmdb_raw_pipeline' retrieved from /opt/airflow/dags/tmdb_daily_dag.py
[2026-03-29T20:57:43.966+0000] {logging_mixin.py:188} INFO - [2026-03-29T20:57:43.966+0000] {dag.py:3096} INFO - Sync 1 DAGs
[2026-03-29T20:57:43.978+0000] {logging_mixin.py:188} INFO - [2026-03-29T20:57:43.978+0000] {dag.py:3954} INFO - Setting next_dagrun for tmdb_raw_pipeline to 2026-03-29 00:00:00+00:00, run_after=2026-03-30 00:00:00+00:00
[2026-03-29T20:57:43.987+0000] {processor.py:183} INFO - Processing /opt/airflow/dags/tmdb_daily_dag.py took 0.058 seconds
[2026-03-29T20:58:14.419+0000] {processor.py:161} INFO - Started process (PID=65020) to work on /opt/airflow/dags/tmdb_daily_dag.py
[2026-03-29T20:58:14.420+0000] {processor.py:830} INFO - Processing file /opt/airflow/dags/tmdb_daily_dag.py for tasks to queue
[2026-03-29T20:58:14.420+0000] {logging_mixin.py:188} INFO - [2026-03-29T20:58:14.420+0000] {dagbag.py:545} INFO - Filling up the DagBag from /opt/airflow/dags/tmdb_daily_dag.py
[2026-03-29T20:58:14.427+0000] {processor.py:840} INFO - DAG(s) 'tmdb_raw_pipeline' retrieved from /opt/airflow/dags/tmdb_daily_dag.py
[2026-03-29T20:58:14.442+0000] {logging_mixin.py:188} INFO - [2026-03-29T20:58:14.442+0000] {dag.py:3096} INFO - Sync 1 DAGs
[2026-03-29T20:58:14.451+0000] {logging_mixin.py:188} INFO - [2026-03-29T20:58:14.451+0000] {dag.py:3954} INFO - Setting next_dagrun for tmdb_raw_pipeline to 2026-03-29 00:00:00+00:00, run_after=2026-03-30 00:00:00+00:00
[2026-03-29T20:58:14.459+0000] {processor.py:183} INFO - Processing /opt/airflow/dags/tmdb_daily_dag.py took 0.043 seconds
[2026-03-29T20:58:44.979+0000] {processor.py:161} INFO - Started process (PID=65040) to work on /opt/airflow/dags/tmdb_daily_dag.py
[2026-03-29T20:58:44.982+0000] {processor.py:830} INFO - Processing file /opt/airflow/dags/tmdb_daily_dag.py for tasks to queue
[2026-03-29T20:58:44.982+0000] {logging_mixin.py:188} INFO - [2026-03-29T20:58:44.982+0000] {dagbag.py:545} INFO - Filling up the DagBag from /opt/airflow/dags/tmdb_daily_dag.py
[2026-03-29T20:58:44.994+0000] {processor.py:840} INFO - DAG(s) 'tmdb_raw_pipeline' retrieved from /opt/airflow/dags/tmdb_daily_dag.py
[2026-03-29T20:58:45.016+0000] {logging_mixin.py:188} INFO - [2026-03-29T20:58:45.016+0000] {dag.py:3096} INFO - Sync 1 DAGs
[2026-03-29T20:58:45.030+0000] {logging_mixin.py:188} INFO - [2026-03-29T20:58:45.030+0000] {dag.py:3954} INFO - Setting next_dagrun for tmdb_raw_pipeline to 2026-03-29 00:00:00+00:00, run_after=2026-03-30 00:00:00+00:00
[2026-03-29T20:58:45.038+0000] {processor.py:183} INFO - Processing /opt/airflow/dags/tmdb_daily_dag.py took 0.065 seconds
[2026-03-29T20:59:15.546+0000] {processor.py:161} INFO - Started process (PID=65060) to work on /opt/airflow/dags/tmdb_daily_dag.py
[2026-03-29T20:59:15.548+0000] {processor.py:830} INFO - Processing file /opt/airflow/dags/tmdb_daily_dag.py for tasks to queue
[2026-03-29T20:59:15.548+0000] {logging_mixin.py:188} INFO - [2026-03-29T20:59:15.548+0000] {dagbag.py:545} INFO - Filling up the DagBag from /opt/airflow/dags/tmdb_daily_dag.py
[2026-03-29T20:59:15.556+0000] {processor.py:840} INFO - DAG(s) 'tmdb_raw_pipeline' retrieved from /opt/airflow/dags/tmdb_daily_dag.py
[2026-03-29T20:59:15.570+0000] {logging_mixin.py:188} INFO - [2026-03-29T20:59:15.570+0000] {dag.py:3096} INFO - Sync 1 DAGs
[2026-03-29T20:59:15.580+0000] {logging_mixin.py:188} INFO - [2026-03-29T20:59:15.580+0000] {dag.py:3954} INFO - Setting next_dagrun for tmdb_raw_pipeline to 2026-03-29 00:00:00+00:00, run_after=2026-03-30 00:00:00+00:00
[2026-03-29T20:59:15.587+0000] {processor.py:183} INFO - Processing /opt/airflow/dags/tmdb_daily_dag.py took 0.044 seconds
[2026-03-29T20:59:46.083+0000] {processor.py:161} INFO - Started process (PID=65080) to work on /opt/airflow/dags/tmdb_daily_dag.py
[2026-03-29T20:59:46.085+0000] {processor.py:830} INFO - Processing file /opt/airflow/dags/tmdb_daily_dag.py for tasks to queue
[2026-03-29T20:59:46.086+0000] {logging_mixin.py:188} INFO - [2026-03-29T20:59:46.085+0000] {dagbag.py:545} INFO - Filling up the DagBag from /opt/airflow/dags/tmdb_daily_dag.py
[2026-03-29T20:59:46.101+0000] {processor.py:840} INFO - DAG(s) 'tmdb_raw_pipeline' retrieved from /opt/airflow/dags/tmdb_daily_dag.py
[2026-03-29T20:59:46.131+0000] {logging_mixin.py:188} INFO - [2026-03-29T20:59:46.131+0000] {dag.py:3096} INFO - Sync 1 DAGs
[2026-03-29T20:59:46.147+0000] {logging_mixin.py:188} INFO - [2026-03-29T20:59:46.147+0000] {dag.py:3954} INFO - Setting next_dagrun for tmdb_raw_pipeline to 2026-03-29 00:00:00+00:00, run_after=2026-03-30 00:00:00+00:00
[2026-03-29T20:59:46.157+0000] {processor.py:183} INFO - Processing /opt/airflow/dags/tmdb_daily_dag.py took 0.084 seconds
[2026-03-29T21:00:16.573+0000] {processor.py:161} INFO - Started process (PID=65100) to work on /opt/airflow/dags/tmdb_daily_dag.py
[2026-03-29T21:00:16.575+0000] {processor.py:830} INFO - Processing file /opt/airflow/dags/tmdb_daily_dag.py for tasks to queue
[2026-03-29T21:00:16.575+0000] {logging_mixin.py:188} INFO - [2026-03-29T21:00:16.575+0000] {dagbag.py:545} INFO - Filling up the DagBag from /opt/airflow/dags/tmdb_daily_dag.py
[2026-03-29T21:00:16.582+0000] {processor.py:840} INFO - DAG(s) 'tmdb_raw_pipeline' retrieved from /opt/airflow/dags/tmdb_daily_dag.py
[2026-03-29T21:00:16.593+0000] {logging_mixin.py:188} INFO - [2026-03-29T21:00:16.593+0000] {dag.py:3096} INFO - Sync 1 DAGs
[2026-03-29T21:00:16.603+0000] {logging_mixin.py:188} INFO - [2026-03-29T21:00:16.603+0000] {dag.py:3954} INFO - Setting next_dagrun for tmdb_raw_pipeline to 2026-03-29 00:00:00+00:00, run_after=2026-03-30 00:00:00+00:00
[2026-03-29T21:00:16.610+0000] {processor.py:183} INFO - Processing /opt/airflow/dags/tmdb_daily_dag.py took 0.040 seconds
[2026-03-29T21:00:47.086+0000] {processor.py:161} INFO - Started process (PID=65120) to work on /opt/airflow/dags/tmdb_daily_dag.py
[2026-03-29T21:00:47.088+0000] {processor.py:830} INFO - Processing file /opt/airflow/dags/tmdb_daily_dag.py for tasks to queue
[2026-03-29T21:00:47.089+0000] {logging_mixin.py:188} INFO - [2026-03-29T21:00:47.089+0000] {dagbag.py:545} INFO - Filling up the DagBag from /opt/airflow/dags/tmdb_daily_dag.py
[2026-03-29T21:00:47.102+0000] {processor.py:840} INFO - DAG(s) 'tmdb_raw_pipeline' retrieved from /opt/airflow/dags/tmdb_daily_dag.py
[2026-03-29T21:00:47.119+0000] {logging_mixin.py:188} INFO - [2026-03-29T21:00:47.119+0000] {dag.py:3096} INFO - Sync 1 DAGs
[2026-03-29T21:00:47.133+0000] {logging_mixin.py:188} INFO - [2026-03-29T21:00:47.133+0000] {dag.py:3954} INFO - Setting next_dagrun for tmdb_raw_pipeline to 2026-03-29 00:00:00+00:00, run_after=2026-03-30 00:00:00+00:00
[2026-03-29T21:00:47.142+0000] {processor.py:183} INFO - Processing /opt/airflow/dags/tmdb_daily_dag.py took 0.058 seconds
[2026-03-29T21:01:17.592+0000] {processor.py:161} INFO - Started process (PID=65140) to work on /opt/airflow/dags/tmdb_daily_dag.py
[2026-03-29T21:01:17.594+0000] {processor.py:830} INFO - Processing file /opt/airflow/dags/tmdb_daily_dag.py for tasks to queue
[2026-03-29T21:01:17.594+0000] {logging_mixin.py:188} INFO - [2026-03-29T21:01:17.594+0000] {dagbag.py:545} INFO - Filling up the DagBag from /opt/airflow/dags/tmdb_daily_dag.py
[2026-03-29T21:01:17.608+0000] {processor.py:840} INFO - DAG(s) 'tmdb_raw_pipeline' retrieved from /opt/airflow/dags/tmdb_daily_dag.py
[2026-03-29T21:01:17.629+0000] {logging_mixin.py:188} INFO - [2026-03-29T21:01:17.629+0000] {dag.py:3096} INFO - Sync 1 DAGs
[2026-03-29T21:01:17.643+0000] {logging_mixin.py:188} INFO - [2026-03-29T21:01:17.643+0000] {dag.py:3954} INFO - Setting next_dagrun for tmdb_raw_pipeline to 2026-03-29 00:00:00+00:00, run_after=2026-03-30 00:00:00+00:00
[2026-03-29T21:01:17.650+0000] {processor.py:183} INFO - Processing /opt/airflow/dags/tmdb_daily_dag.py took 0.061 seconds
[2026-03-29T21:01:48.136+0000] {processor.py:161} INFO - Started process (PID=65160) to work on /opt/airflow/dags/tmdb_daily_dag.py
[2026-03-29T21:01:48.138+0000] {processor.py:830} INFO - Processing file /opt/airflow/dags/tmdb_daily_dag.py for tasks to queue
[2026-03-29T21:01:48.139+0000] {logging_mixin.py:188} INFO - [2026-03-29T21:01:48.138+0000] {dagbag.py:545} INFO - Filling up the DagBag from /opt/airflow/dags/tmdb_daily_dag.py
[2026-03-29T21:01:48.155+0000] {processor.py:840} INFO - DAG(s) 'tmdb_raw_pipeline' retrieved from /opt/airflow/dags/tmdb_daily_dag.py
[2026-03-29T21:01:48.195+0000] {logging_mixin.py:188} INFO - [2026-03-29T21:01:48.195+0000] {dag.py:3096} INFO - Sync 1 DAGs
[2026-03-29T21:01:48.213+0000] {logging_mixin.py:188} INFO - [2026-03-29T21:01:48.212+0000] {dag.py:3954} INFO - Setting next_dagrun for tmdb_raw_pipeline to 2026-03-29 00:00:00+00:00, run_after=2026-03-30 00:00:00+00:00
[2026-03-29T21:01:48.221+0000] {processor.py:183} INFO - Processing /opt/airflow/dags/tmdb_daily_dag.py took 0.092 seconds
[2026-03-29T21:02:18.587+0000] {processor.py:161} INFO - Started process (PID=65180) to work on /opt/airflow/dags/tmdb_daily_dag.py
[2026-03-29T21:02:18.590+0000] {processor.py:830} INFO - Processing file /opt/airflow/dags/tmdb_daily_dag.py for tasks to queue
[2026-03-29T21:02:18.590+0000] {logging_mixin.py:188} INFO - [2026-03-29T21:02:18.590+0000] {dagbag.py:545} INFO - Filling up the DagBag from /opt/airflow/dags/tmdb_daily_dag.py
[2026-03-29T21:02:18.601+0000] {processor.py:840} INFO - DAG(s) 'tmdb_raw_pipeline' retrieved from /opt/airflow/dags/tmdb_daily_dag.py
[2026-03-29T21:02:18.620+0000] {logging_mixin.py:188} INFO - [2026-03-29T21:02:18.620+0000] {dag.py:3096} INFO - Sync 1 DAGs
[2026-03-29T21:02:18.635+0000] {logging_mixin.py:188} INFO - [2026-03-29T21:02:18.634+0000] {dag.py:3954} INFO - Setting next_dagrun for tmdb_raw_pipeline to 2026-03-29 00:00:00+00:00, run_after=2026-03-30 00:00:00+00:00
[2026-03-29T21:02:18.642+0000] {processor.py:183} INFO - Processing /opt/airflow/dags/tmdb_daily_dag.py took 0.060 seconds
[2026-03-29T21:02:49.085+0000] {processor.py:161} INFO - Started process (PID=65200) to work on /opt/airflow/dags/tmdb_daily_dag.py
[2026-03-29T21:02:49.087+0000] {processor.py:830} INFO - Processing file /opt/airflow/dags/tmdb_daily_dag.py for tasks to queue
[2026-03-29T21:02:49.087+0000] {logging_mixin.py:188} INFO - [2026-03-29T21:02:49.087+0000] {dagbag.py:545} INFO - Filling up the DagBag from /opt/airflow/dags/tmdb_daily_dag.py
[2026-03-29T21:02:49.096+0000] {processor.py:840} INFO - DAG(s) 'tmdb_raw_pipeline' retrieved from /opt/airflow/dags/tmdb_daily_dag.py
[2026-03-29T21:02:49.108+0000] {logging_mixin.py:188} INFO - [2026-03-29T21:02:49.108+0000] {dag.py:3096} INFO - Sync 1 DAGs
[2026-03-29T21:02:49.118+0000] {logging_mixin.py:188} INFO - [2026-03-29T21:02:49.118+0000] {dag.py:3954} INFO - Setting next_dagrun for tmdb_raw_pipeline to 2026-03-29 00:00:00+00:00, run_after=2026-03-30 00:00:00+00:00
[2026-03-29T21:02:49.125+0000] {processor.py:183} INFO - Processing /opt/airflow/dags/tmdb_daily_dag.py took 0.044 seconds
[2026-03-29T21:03:19.587+0000] {processor.py:161} INFO - Started process (PID=65220) to work on /opt/airflow/dags/tmdb_daily_dag.py
[2026-03-29T21:03:19.589+0000] {processor.py:830} INFO - Processing file /opt/airflow/dags/tmdb_daily_dag.py for tasks to queue
[2026-03-29T21:03:19.589+0000] {logging_mixin.py:188} INFO - [2026-03-29T21:03:19.589+0000] {dagbag.py:545} INFO - Filling up the DagBag from /opt/airflow/dags/tmdb_daily_dag.py
[2026-03-29T21:03:19.598+0000] {processor.py:840} INFO - DAG(s) 'tmdb_raw_pipeline' retrieved from /opt/airflow/dags/tmdb_daily_dag.py
[2026-03-29T21:03:19.615+0000] {logging_mixin.py:188} INFO - [2026-03-29T21:03:19.615+0000] {dag.py:3096} INFO - Sync 1 DAGs
[2026-03-29T21:03:19.627+0000] {logging_mixin.py:188} INFO - [2026-03-29T21:03:19.627+0000] {dag.py:3954} INFO - Setting next_dagrun for tmdb_raw_pipeline to 2026-03-29 00:00:00+00:00, run_after=2026-03-30 00:00:00+00:00
[2026-03-29T21:03:19.635+0000] {processor.py:183} INFO - Processing /opt/airflow/dags/tmdb_daily_dag.py took 0.052 seconds
[2026-03-29T21:03:50.073+0000] {processor.py:161} INFO - Started process (PID=65240) to work on /opt/airflow/dags/tmdb_daily_dag.py
[2026-03-29T21:03:50.074+0000] {processor.py:830} INFO - Processing file /opt/airflow/dags/tmdb_daily_dag.py for tasks to queue
[2026-03-29T21:03:50.075+0000] {logging_mixin.py:188} INFO - [2026-03-29T21:03:50.075+0000] {dagbag.py:545} INFO - Filling up the DagBag from /opt/airflow/dags/tmdb_daily_dag.py
[2026-03-29T21:03:50.085+0000] {processor.py:840} INFO - DAG(s) 'tmdb_raw_pipeline' retrieved from /opt/airflow/dags/tmdb_daily_dag.py
[2026-03-29T21:03:50.111+0000] {logging_mixin.py:188} INFO - [2026-03-29T21:03:50.110+0000] {dag.py:3096} INFO - Sync 1 DAGs
[2026-03-29T21:03:50.122+0000] {logging_mixin.py:188} INFO - [2026-03-29T21:03:50.122+0000] {dag.py:3954} INFO - Setting next_dagrun for tmdb_raw_pipeline to 2026-03-29 00:00:00+00:00, run_after=2026-03-30 00:00:00+00:00
[2026-03-29T21:03:50.130+0000] {processor.py:183} INFO - Processing /opt/airflow/dags/tmdb_daily_dag.py took 0.063 seconds
[2026-03-29T21:04:20.609+0000] {processor.py:161} INFO - Started process (PID=65260) to work on /opt/airflow/dags/tmdb_daily_dag.py
[2026-03-29T21:04:20.612+0000] {processor.py:830} INFO - Processing file /opt/airflow/dags/tmdb_daily_dag.py for tasks to queue
[2026-03-29T21:04:20.613+0000] {logging_mixin.py:188} INFO - [2026-03-29T21:04:20.613+0000] {dagbag.py:545} INFO - Filling up the DagBag from /opt/airflow/dags/tmdb_daily_dag.py
[2026-03-29T21:04:20.623+0000] {processor.py:840} INFO - DAG(s) 'tmdb_raw_pipeline' retrieved from /opt/airflow/dags/tmdb_daily_dag.py
[2026-03-29T21:04:20.644+0000] {logging_mixin.py:188} INFO - [2026-03-29T21:04:20.644+0000] {dag.py:3096} INFO - Sync 1 DAGs
[2026-03-29T21:04:20.655+0000] {logging_mixin.py:188} INFO - [2026-03-29T21:04:20.655+0000] {dag.py:3954} INFO - Setting next_dagrun for tmdb_raw_pipeline to 2026-03-29 00:00:00+00:00, run_after=2026-03-30 00:00:00+00:00
[2026-03-29T21:04:20.662+0000] {processor.py:183} INFO - Processing /opt/airflow/dags/tmdb_daily_dag.py took 0.061 seconds
[2026-03-29T21:04:51.200+0000] {processor.py:161} INFO - Started process (PID=65280) to work on /opt/airflow/dags/tmdb_daily_dag.py
[2026-03-29T21:04:51.203+0000] {processor.py:830} INFO - Processing file /opt/airflow/dags/tmdb_daily_dag.py for tasks to queue
[2026-03-29T21:04:51.204+0000] {logging_mixin.py:188} INFO - [2026-03-29T21:04:51.203+0000] {dagbag.py:545} INFO - Filling up the DagBag from /opt/airflow/dags/tmdb_daily_dag.py
[2026-03-29T21:04:51.233+0000] {processor.py:840} INFO - DAG(s) 'tmdb_raw_pipeline' retrieved from /opt/airflow/dags/tmdb_daily_dag.py
[2026-03-29T21:04:51.259+0000] {logging_mixin.py:188} INFO - [2026-03-29T21:04:51.259+0000] {dag.py:3096} INFO - Sync 1 DAGs
[2026-03-29T21:04:51.276+0000] {logging_mixin.py:188} INFO - [2026-03-29T21:04:51.276+0000] {dag.py:3954} INFO - Setting next_dagrun for tmdb_raw_pipeline to 2026-03-29 00:00:00+00:00, run_after=2026-03-30 00:00:00+00:00
[2026-03-29T21:04:51.286+0000] {processor.py:183} INFO - Processing /opt/airflow/dags/tmdb_daily_dag.py took 0.096 seconds
[2026-03-29T21:05:21.731+0000] {processor.py:161} INFO - Started process (PID=65300) to work on /opt/airflow/dags/tmdb_daily_dag.py
[2026-03-29T21:05:21.737+0000] {processor.py:830} INFO - Processing file /opt/airflow/dags/tmdb_daily_dag.py for tasks to queue
[2026-03-29T21:05:21.738+0000] {logging_mixin.py:188} INFO - [2026-03-29T21:05:21.738+0000] {dagbag.py:545} INFO - Filling up the DagBag from /opt/airflow/dags/tmdb_daily_dag.py
[2026-03-29T21:05:21.751+0000] {processor.py:840} INFO - DAG(s) 'tmdb_raw_pipeline' retrieved from /opt/airflow/dags/tmdb_daily_dag.py
[2026-03-29T21:05:21.771+0000] {logging_mixin.py:188} INFO - [2026-03-29T21:05:21.771+0000] {dag.py:3096} INFO - Sync 1 DAGs
[2026-03-29T21:05:21.785+0000] {logging_mixin.py:188} INFO - [2026-03-29T21:05:21.785+0000] {dag.py:3954} INFO - Setting next_dagrun for tmdb_raw_pipeline to 2026-03-29 00:00:00+00:00, run_after=2026-03-30 00:00:00+00:00
[2026-03-29T21:05:21.800+0000] {processor.py:183} INFO - Processing /opt/airflow/dags/tmdb_daily_dag.py took 0.076 seconds
[2026-03-29T21:05:52.230+0000] {processor.py:161} INFO - Started process (PID=65320) to work on /opt/airflow/dags/tmdb_daily_dag.py
[2026-03-29T21:05:52.233+0000] {processor.py:830} INFO - Processing file /opt/airflow/dags/tmdb_daily_dag.py for tasks to queue
[2026-03-29T21:05:52.234+0000] {logging_mixin.py:188} INFO - [2026-03-29T21:05:52.233+0000] {dagbag.py:545} INFO - Filling up the DagBag from /opt/airflow/dags/tmdb_daily_dag.py
[2026-03-29T21:05:52.245+0000] {processor.py:840} INFO - DAG(s) 'tmdb_raw_pipeline' retrieved from /opt/airflow/dags/tmdb_daily_dag.py
[2026-03-29T21:05:52.263+0000] {logging_mixin.py:188} INFO - [2026-03-29T21:05:52.263+0000] {dag.py:3096} INFO - Sync 1 DAGs
[2026-03-29T21:05:52.278+0000] {logging_mixin.py:188} INFO - [2026-03-29T21:05:52.278+0000] {dag.py:3954} INFO - Setting next_dagrun for tmdb_raw_pipeline to 2026-03-29 00:00:00+00:00, run_after=2026-03-30 00:00:00+00:00
[2026-03-29T21:05:52.287+0000] {processor.py:183} INFO - Processing /opt/airflow/dags/tmdb_daily_dag.py took 0.063 seconds
[2026-03-29T21:06:22.774+0000] {processor.py:161} INFO - Started process (PID=65340) to work on /opt/airflow/dags/tmdb_daily_dag.py
[2026-03-29T21:06:22.777+0000] {processor.py:830} INFO - Processing file /opt/airflow/dags/tmdb_daily_dag.py for tasks to queue
[2026-03-29T21:06:22.781+0000] {logging_mixin.py:188} INFO - [2026-03-29T21:06:22.778+0000] {dagbag.py:545} INFO - Filling up the DagBag from /opt/airflow/dags/tmdb_daily_dag.py
[2026-03-29T21:06:22.811+0000] {processor.py:840} INFO - DAG(s) 'tmdb_raw_pipeline' retrieved from /opt/airflow/dags/tmdb_daily_dag.py
[2026-03-29T21:06:22.854+0000] {logging_mixin.py:188} INFO - [2026-03-29T21:06:22.854+0000] {dag.py:3096} INFO - Sync 1 DAGs
[2026-03-29T21:06:22.877+0000] {logging_mixin.py:188} INFO - [2026-03-29T21:06:22.877+0000] {dag.py:3954} INFO - Setting next_dagrun for tmdb_raw_pipeline to 2026-03-29 00:00:00+00:00, run_after=2026-03-30 00:00:00+00:00
[2026-03-29T21:06:22.887+0000] {processor.py:183} INFO - Processing /opt/airflow/dags/tmdb_daily_dag.py took 0.122 seconds
[2026-03-29T21:06:30.858+0000] {processor.py:161} INFO - Started process (PID=65345) to work on /opt/airflow/dags/tmdb_daily_dag.py
[2026-03-29T21:06:30.860+0000] {processor.py:830} INFO - Processing file /opt/airflow/dags/tmdb_daily_dag.py for tasks to queue
[2026-03-29T21:06:30.861+0000] {logging_mixin.py:188} INFO - [2026-03-29T21:06:30.860+0000] {dagbag.py:545} INFO - Filling up the DagBag from /opt/airflow/dags/tmdb_daily_dag.py
[2026-03-29T21:06:30.871+0000] {logging_mixin.py:188} INFO - [2026-03-29T21:06:30.866+0000] {dagbag.py:355} ERROR - Failed to import: /opt/airflow/dags/tmdb_daily_dag.py
Traceback (most recent call last):
  File "/home/airflow/.local/lib/python3.12/site-packages/airflow/models/dagbag.py", line 351, in parse
    loader.exec_module(new_module)
  File "<frozen importlib._bootstrap_external>", line 995, in exec_module
  File "<frozen importlib._bootstrap>", line 488, in _call_with_frames_removed
  File "/opt/airflow/dags/tmdb_daily_dag.py", line 16, in <module>
    from airflow.providers.standard.sensors.time_delta import TimeDeltaSensor
ModuleNotFoundError: No module named 'airflow.providers.standard'
[2026-03-29T21:06:30.871+0000] {processor.py:842} WARNING - No viable dags retrieved from /opt/airflow/dags/tmdb_daily_dag.py
[2026-03-29T21:06:30.891+0000] {processor.py:183} INFO - Processing /opt/airflow/dags/tmdb_daily_dag.py took 0.038 seconds
[2026-03-29T21:07:01.449+0000] {processor.py:161} INFO - Started process (PID=65365) to work on /opt/airflow/dags/tmdb_daily_dag.py
[2026-03-29T21:07:01.452+0000] {processor.py:830} INFO - Processing file /opt/airflow/dags/tmdb_daily_dag.py for tasks to queue
[2026-03-29T21:07:01.454+0000] {logging_mixin.py:188} INFO - [2026-03-29T21:07:01.453+0000] {dagbag.py:545} INFO - Filling up the DagBag from /opt/airflow/dags/tmdb_daily_dag.py
[2026-03-29T21:07:01.460+0000] {logging_mixin.py:188} INFO - [2026-03-29T21:07:01.458+0000] {dagbag.py:355} ERROR - Failed to import: /opt/airflow/dags/tmdb_daily_dag.py
Traceback (most recent call last):
  File "/home/airflow/.local/lib/python3.12/site-packages/airflow/models/dagbag.py", line 351, in parse
    loader.exec_module(new_module)
  File "<frozen importlib._bootstrap_external>", line 995, in exec_module
  File "<frozen importlib._bootstrap>", line 488, in _call_with_frames_removed
  File "/opt/airflow/dags/tmdb_daily_dag.py", line 16, in <module>
    from airflow.providers.standard.sensors.time_delta import TimeDeltaSensor
ModuleNotFoundError: No module named 'airflow.providers.standard'
[2026-03-29T21:07:01.460+0000] {processor.py:842} WARNING - No viable dags retrieved from /opt/airflow/dags/tmdb_daily_dag.py
[2026-03-29T21:07:01.486+0000] {processor.py:183} INFO - Processing /opt/airflow/dags/tmdb_daily_dag.py took 0.053 seconds
[2026-03-29T21:07:32.102+0000] {processor.py:161} INFO - Started process (PID=65385) to work on /opt/airflow/dags/tmdb_daily_dag.py
[2026-03-29T21:07:32.105+0000] {processor.py:830} INFO - Processing file /opt/airflow/dags/tmdb_daily_dag.py for tasks to queue
[2026-03-29T21:07:32.106+0000] {logging_mixin.py:188} INFO - [2026-03-29T21:07:32.105+0000] {dagbag.py:545} INFO - Filling up the DagBag from /opt/airflow/dags/tmdb_daily_dag.py
[2026-03-29T21:07:32.111+0000] {logging_mixin.py:188} INFO - [2026-03-29T21:07:32.110+0000] {dagbag.py:355} ERROR - Failed to import: /opt/airflow/dags/tmdb_daily_dag.py
Traceback (most recent call last):
  File "/home/airflow/.local/lib/python3.12/site-packages/airflow/models/dagbag.py", line 351, in parse
    loader.exec_module(new_module)
  File "<frozen importlib._bootstrap_external>", line 995, in exec_module
  File "<frozen importlib._bootstrap>", line 488, in _call_with_frames_removed
  File "/opt/airflow/dags/tmdb_daily_dag.py", line 16, in <module>
    from airflow.providers.standard.sensors.time_delta import TimeDeltaSensor
ModuleNotFoundError: No module named 'airflow.providers.standard'
[2026-03-29T21:07:32.111+0000] {processor.py:842} WARNING - No viable dags retrieved from /opt/airflow/dags/tmdb_daily_dag.py
[2026-03-29T21:07:32.145+0000] {processor.py:183} INFO - Processing /opt/airflow/dags/tmdb_daily_dag.py took 0.053 seconds
[2026-03-29T21:08:02.689+0000] {processor.py:161} INFO - Started process (PID=65405) to work on /opt/airflow/dags/tmdb_daily_dag.py
[2026-03-29T21:08:02.691+0000] {processor.py:830} INFO - Processing file /opt/airflow/dags/tmdb_daily_dag.py for tasks to queue
[2026-03-29T21:08:02.692+0000] {logging_mixin.py:188} INFO - [2026-03-29T21:08:02.691+0000] {dagbag.py:545} INFO - Filling up the DagBag from /opt/airflow/dags/tmdb_daily_dag.py
[2026-03-29T21:08:02.697+0000] {logging_mixin.py:188} INFO - [2026-03-29T21:08:02.696+0000] {dagbag.py:355} ERROR - Failed to import: /opt/airflow/dags/tmdb_daily_dag.py
Traceback (most recent call last):
  File "/home/airflow/.local/lib/python3.12/site-packages/airflow/models/dagbag.py", line 351, in parse
    loader.exec_module(new_module)
  File "<frozen importlib._bootstrap_external>", line 995, in exec_module
  File "<frozen importlib._bootstrap>", line 488, in _call_with_frames_removed
  File "/opt/airflow/dags/tmdb_daily_dag.py", line 16, in <module>
    from airflow.providers.standard.sensors.time_delta import TimeDeltaSensor
ModuleNotFoundError: No module named 'airflow.providers.standard'
[2026-03-29T21:08:02.697+0000] {processor.py:842} WARNING - No viable dags retrieved from /opt/airflow/dags/tmdb_daily_dag.py
[2026-03-29T21:08:02.718+0000] {processor.py:183} INFO - Processing /opt/airflow/dags/tmdb_daily_dag.py took 0.039 seconds
[2026-03-29T21:08:28.170+0000] {processor.py:161} INFO - Started process (PID=65425) to work on /opt/airflow/dags/tmdb_daily_dag.py
[2026-03-29T21:08:28.172+0000] {processor.py:830} INFO - Processing file /opt/airflow/dags/tmdb_daily_dag.py for tasks to queue
[2026-03-29T21:08:28.173+0000] {logging_mixin.py:188} INFO - [2026-03-29T21:08:28.173+0000] {dagbag.py:545} INFO - Filling up the DagBag from /opt/airflow/dags/tmdb_daily_dag.py
[2026-03-29T21:08:28.204+0000] {logging_mixin.py:188} INFO - [2026-03-29T21:08:28.196+0000] {dagbag.py:355} ERROR - Failed to import: /opt/airflow/dags/tmdb_daily_dag.py
Traceback (most recent call last):
  File "/home/airflow/.local/lib/python3.12/site-packages/airflow/models/dagbag.py", line 351, in parse
    loader.exec_module(new_module)
  File "<frozen importlib._bootstrap_external>", line 995, in exec_module
  File "<frozen importlib._bootstrap>", line 488, in _call_with_frames_removed
  File "/opt/airflow/dags/tmdb_daily_dag.py", line 156, in <module>
    wait_before_api = TimeDeltaSensor(
                      ^^^^^^^^^^^^^^^^
  File "/home/airflow/.local/lib/python3.12/site-packages/airflow/models/baseoperator.py", line 484, in apply_defaults
    result = func(self, **kwargs, default_args=default_args)
             ^^^^^^^^^^^^^^^^^^^^^^^^^^^^^^^^^^^^^^^^^^^^^^^
  File "/home/airflow/.local/lib/python3.12/site-packages/airflow/sensors/time_delta.py", line 45, in __init__
    super().__init__(**kwargs)
  File "/home/airflow/.local/lib/python3.12/site-packages/airflow/models/baseoperator.py", line 484, in apply_defaults
    result = func(self, **kwargs, default_args=default_args)
             ^^^^^^^^^^^^^^^^^^^^^^^^^^^^^^^^^^^^^^^^^^^^^^^
  File "/home/airflow/.local/lib/python3.12/site-packages/airflow/sensors/base.py", line 146, in __init__
    super().__init__(**kwargs)
  File "/home/airflow/.local/lib/python3.12/site-packages/airflow/models/baseoperator.py", line 484, in apply_defaults
    result = func(self, **kwargs, default_args=default_args)
             ^^^^^^^^^^^^^^^^^^^^^^^^^^^^^^^^^^^^^^^^^^^^^^^
  File "/home/airflow/.local/lib/python3.12/site-packages/airflow/models/baseoperator.py", line 881, in __init__
    raise AirflowException(
airflow.exceptions.AirflowException: Invalid arguments were passed to TimeDeltaSensor (task_id: wait_before_api). Invalid arguments were:
**kwargs: {'deferrable': True}
[2026-03-29T21:08:28.204+0000] {processor.py:842} WARNING - No viable dags retrieved from /opt/airflow/dags/tmdb_daily_dag.py
[2026-03-29T21:08:28.229+0000] {processor.py:183} INFO - Processing /opt/airflow/dags/tmdb_daily_dag.py took 0.072 seconds
[2026-03-29T21:08:58.692+0000] {processor.py:161} INFO - Started process (PID=65445) to work on /opt/airflow/dags/tmdb_daily_dag.py
[2026-03-29T21:08:58.694+0000] {processor.py:830} INFO - Processing file /opt/airflow/dags/tmdb_daily_dag.py for tasks to queue
[2026-03-29T21:08:58.694+0000] {logging_mixin.py:188} INFO - [2026-03-29T21:08:58.694+0000] {dagbag.py:545} INFO - Filling up the DagBag from /opt/airflow/dags/tmdb_daily_dag.py
[2026-03-29T21:08:58.701+0000] {logging_mixin.py:188} INFO - [2026-03-29T21:08:58.699+0000] {dagbag.py:355} ERROR - Failed to import: /opt/airflow/dags/tmdb_daily_dag.py
Traceback (most recent call last):
  File "/home/airflow/.local/lib/python3.12/site-packages/airflow/models/dagbag.py", line 351, in parse
    loader.exec_module(new_module)
  File "<frozen importlib._bootstrap_external>", line 995, in exec_module
  File "<frozen importlib._bootstrap>", line 488, in _call_with_frames_removed
  File "/opt/airflow/dags/tmdb_daily_dag.py", line 156, in <module>
    wait_before_api = TimeDeltaSensor(
                      ^^^^^^^^^^^^^^^^
  File "/home/airflow/.local/lib/python3.12/site-packages/airflow/models/baseoperator.py", line 484, in apply_defaults
    result = func(self, **kwargs, default_args=default_args)
             ^^^^^^^^^^^^^^^^^^^^^^^^^^^^^^^^^^^^^^^^^^^^^^^
  File "/home/airflow/.local/lib/python3.12/site-packages/airflow/sensors/time_delta.py", line 45, in __init__
    super().__init__(**kwargs)
  File "/home/airflow/.local/lib/python3.12/site-packages/airflow/models/baseoperator.py", line 484, in apply_defaults
    result = func(self, **kwargs, default_args=default_args)
             ^^^^^^^^^^^^^^^^^^^^^^^^^^^^^^^^^^^^^^^^^^^^^^^
  File "/home/airflow/.local/lib/python3.12/site-packages/airflow/sensors/base.py", line 146, in __init__
    super().__init__(**kwargs)
  File "/home/airflow/.local/lib/python3.12/site-packages/airflow/models/baseoperator.py", line 484, in apply_defaults
    result = func(self, **kwargs, default_args=default_args)
             ^^^^^^^^^^^^^^^^^^^^^^^^^^^^^^^^^^^^^^^^^^^^^^^
  File "/home/airflow/.local/lib/python3.12/site-packages/airflow/models/baseoperator.py", line 881, in __init__
    raise AirflowException(
airflow.exceptions.AirflowException: Invalid arguments were passed to TimeDeltaSensor (task_id: wait_before_api). Invalid arguments were:
**kwargs: {'deferrable': True}
[2026-03-29T21:08:58.701+0000] {processor.py:842} WARNING - No viable dags retrieved from /opt/airflow/dags/tmdb_daily_dag.py
[2026-03-29T21:08:58.712+0000] {processor.py:183} INFO - Processing /opt/airflow/dags/tmdb_daily_dag.py took 0.024 seconds
[2026-03-29T21:09:29.312+0000] {processor.py:161} INFO - Started process (PID=65465) to work on /opt/airflow/dags/tmdb_daily_dag.py
[2026-03-29T21:09:29.314+0000] {processor.py:830} INFO - Processing file /opt/airflow/dags/tmdb_daily_dag.py for tasks to queue
[2026-03-29T21:09:29.315+0000] {logging_mixin.py:188} INFO - [2026-03-29T21:09:29.314+0000] {dagbag.py:545} INFO - Filling up the DagBag from /opt/airflow/dags/tmdb_daily_dag.py
[2026-03-29T21:09:29.329+0000] {logging_mixin.py:188} INFO - [2026-03-29T21:09:29.326+0000] {dagbag.py:355} ERROR - Failed to import: /opt/airflow/dags/tmdb_daily_dag.py
Traceback (most recent call last):
  File "/home/airflow/.local/lib/python3.12/site-packages/airflow/models/dagbag.py", line 351, in parse
    loader.exec_module(new_module)
  File "<frozen importlib._bootstrap_external>", line 995, in exec_module
  File "<frozen importlib._bootstrap>", line 488, in _call_with_frames_removed
  File "/opt/airflow/dags/tmdb_daily_dag.py", line 156, in <module>
    wait_before_api = TimeDeltaSensor(
                      ^^^^^^^^^^^^^^^^
  File "/home/airflow/.local/lib/python3.12/site-packages/airflow/models/baseoperator.py", line 484, in apply_defaults
    result = func(self, **kwargs, default_args=default_args)
             ^^^^^^^^^^^^^^^^^^^^^^^^^^^^^^^^^^^^^^^^^^^^^^^
  File "/home/airflow/.local/lib/python3.12/site-packages/airflow/sensors/time_delta.py", line 45, in __init__
    super().__init__(**kwargs)
  File "/home/airflow/.local/lib/python3.12/site-packages/airflow/models/baseoperator.py", line 484, in apply_defaults
    result = func(self, **kwargs, default_args=default_args)
             ^^^^^^^^^^^^^^^^^^^^^^^^^^^^^^^^^^^^^^^^^^^^^^^
  File "/home/airflow/.local/lib/python3.12/site-packages/airflow/sensors/base.py", line 146, in __init__
    super().__init__(**kwargs)
  File "/home/airflow/.local/lib/python3.12/site-packages/airflow/models/baseoperator.py", line 484, in apply_defaults
    result = func(self, **kwargs, default_args=default_args)
             ^^^^^^^^^^^^^^^^^^^^^^^^^^^^^^^^^^^^^^^^^^^^^^^
  File "/home/airflow/.local/lib/python3.12/site-packages/airflow/models/baseoperator.py", line 881, in __init__
    raise AirflowException(
airflow.exceptions.AirflowException: Invalid arguments were passed to TimeDeltaSensor (task_id: wait_before_api). Invalid arguments were:
**kwargs: {'deferrable': True}
[2026-03-29T21:09:29.330+0000] {processor.py:842} WARNING - No viable dags retrieved from /opt/airflow/dags/tmdb_daily_dag.py
[2026-03-29T21:09:29.362+0000] {processor.py:183} INFO - Processing /opt/airflow/dags/tmdb_daily_dag.py took 0.067 seconds
[2026-03-29T21:09:59.854+0000] {processor.py:161} INFO - Started process (PID=65485) to work on /opt/airflow/dags/tmdb_daily_dag.py
[2026-03-29T21:09:59.858+0000] {processor.py:830} INFO - Processing file /opt/airflow/dags/tmdb_daily_dag.py for tasks to queue
[2026-03-29T21:09:59.859+0000] {logging_mixin.py:188} INFO - [2026-03-29T21:09:59.859+0000] {dagbag.py:545} INFO - Filling up the DagBag from /opt/airflow/dags/tmdb_daily_dag.py
[2026-03-29T21:09:59.878+0000] {logging_mixin.py:188} INFO - [2026-03-29T21:09:59.875+0000] {dagbag.py:355} ERROR - Failed to import: /opt/airflow/dags/tmdb_daily_dag.py
Traceback (most recent call last):
  File "/home/airflow/.local/lib/python3.12/site-packages/airflow/models/dagbag.py", line 351, in parse
    loader.exec_module(new_module)
  File "<frozen importlib._bootstrap_external>", line 995, in exec_module
  File "<frozen importlib._bootstrap>", line 488, in _call_with_frames_removed
  File "/opt/airflow/dags/tmdb_daily_dag.py", line 156, in <module>
    wait_before_api = TimeDeltaSensor(
                      ^^^^^^^^^^^^^^^^
  File "/home/airflow/.local/lib/python3.12/site-packages/airflow/models/baseoperator.py", line 484, in apply_defaults
    result = func(self, **kwargs, default_args=default_args)
             ^^^^^^^^^^^^^^^^^^^^^^^^^^^^^^^^^^^^^^^^^^^^^^^
  File "/home/airflow/.local/lib/python3.12/site-packages/airflow/sensors/time_delta.py", line 45, in __init__
    super().__init__(**kwargs)
  File "/home/airflow/.local/lib/python3.12/site-packages/airflow/models/baseoperator.py", line 484, in apply_defaults
    result = func(self, **kwargs, default_args=default_args)
             ^^^^^^^^^^^^^^^^^^^^^^^^^^^^^^^^^^^^^^^^^^^^^^^
  File "/home/airflow/.local/lib/python3.12/site-packages/airflow/sensors/base.py", line 146, in __init__
    super().__init__(**kwargs)
  File "/home/airflow/.local/lib/python3.12/site-packages/airflow/models/baseoperator.py", line 484, in apply_defaults
    result = func(self, **kwargs, default_args=default_args)
             ^^^^^^^^^^^^^^^^^^^^^^^^^^^^^^^^^^^^^^^^^^^^^^^
  File "/home/airflow/.local/lib/python3.12/site-packages/airflow/models/baseoperator.py", line 881, in __init__
    raise AirflowException(
airflow.exceptions.AirflowException: Invalid arguments were passed to TimeDeltaSensor (task_id: wait_before_api). Invalid arguments were:
**kwargs: {'deferrable': True}
[2026-03-29T21:09:59.878+0000] {processor.py:842} WARNING - No viable dags retrieved from /opt/airflow/dags/tmdb_daily_dag.py
[2026-03-29T21:09:59.900+0000] {processor.py:183} INFO - Processing /opt/airflow/dags/tmdb_daily_dag.py took 0.060 seconds
[2026-03-29T21:10:19.089+0000] {processor.py:161} INFO - Started process (PID=65490) to work on /opt/airflow/dags/tmdb_daily_dag.py
[2026-03-29T21:10:19.092+0000] {processor.py:830} INFO - Processing file /opt/airflow/dags/tmdb_daily_dag.py for tasks to queue
[2026-03-29T21:10:19.093+0000] {logging_mixin.py:188} INFO - [2026-03-29T21:10:19.093+0000] {dagbag.py:545} INFO - Filling up the DagBag from /opt/airflow/dags/tmdb_daily_dag.py
[2026-03-29T21:10:19.127+0000] {processor.py:840} INFO - DAG(s) 'tmdb_raw_pipeline' retrieved from /opt/airflow/dags/tmdb_daily_dag.py
[2026-03-29T21:10:19.355+0000] {logging_mixin.py:188} INFO - [2026-03-29T21:10:19.355+0000] {dag.py:3096} INFO - Sync 1 DAGs
[2026-03-29T21:10:19.368+0000] {logging_mixin.py:188} INFO - [2026-03-29T21:10:19.367+0000] {dag.py:3954} INFO - Setting next_dagrun for tmdb_raw_pipeline to 2026-03-29 00:00:00+00:00, run_after=2026-03-30 00:00:00+00:00
[2026-03-29T21:10:19.379+0000] {processor.py:183} INFO - Processing /opt/airflow/dags/tmdb_daily_dag.py took 0.297 seconds
[2026-03-29T21:10:20.422+0000] {processor.py:161} INFO - Started process (PID=65495) to work on /opt/airflow/dags/tmdb_daily_dag.py
[2026-03-29T21:10:20.423+0000] {processor.py:830} INFO - Processing file /opt/airflow/dags/tmdb_daily_dag.py for tasks to queue
[2026-03-29T21:10:20.424+0000] {logging_mixin.py:188} INFO - [2026-03-29T21:10:20.423+0000] {dagbag.py:545} INFO - Filling up the DagBag from /opt/airflow/dags/tmdb_daily_dag.py
[2026-03-29T21:10:20.432+0000] {processor.py:840} INFO - DAG(s) 'tmdb_raw_pipeline' retrieved from /opt/airflow/dags/tmdb_daily_dag.py
[2026-03-29T21:10:20.442+0000] {logging_mixin.py:188} INFO - [2026-03-29T21:10:20.442+0000] {dag.py:3096} INFO - Sync 1 DAGs
[2026-03-29T21:10:20.457+0000] {logging_mixin.py:188} INFO - [2026-03-29T21:10:20.456+0000] {dag.py:3954} INFO - Setting next_dagrun for tmdb_raw_pipeline to 2026-03-29 00:00:00+00:00, run_after=2026-03-30 00:00:00+00:00
[2026-03-29T21:10:20.466+0000] {processor.py:183} INFO - Processing /opt/airflow/dags/tmdb_daily_dag.py took 0.050 seconds
[2026-03-29T21:10:21.460+0000] {processor.py:161} INFO - Started process (PID=65500) to work on /opt/airflow/dags/tmdb_daily_dag.py
[2026-03-29T21:10:21.462+0000] {processor.py:830} INFO - Processing file /opt/airflow/dags/tmdb_daily_dag.py for tasks to queue
[2026-03-29T21:10:21.463+0000] {logging_mixin.py:188} INFO - [2026-03-29T21:10:21.463+0000] {dagbag.py:545} INFO - Filling up the DagBag from /opt/airflow/dags/tmdb_daily_dag.py
[2026-03-29T21:10:21.491+0000] {processor.py:840} INFO - DAG(s) 'tmdb_raw_pipeline' retrieved from /opt/airflow/dags/tmdb_daily_dag.py
[2026-03-29T21:10:21.513+0000] {logging_mixin.py:188} INFO - [2026-03-29T21:10:21.513+0000] {dag.py:3096} INFO - Sync 1 DAGs
[2026-03-29T21:10:21.535+0000] {logging_mixin.py:188} INFO - [2026-03-29T21:10:21.535+0000] {dag.py:3954} INFO - Setting next_dagrun for tmdb_raw_pipeline to 2026-03-29 00:00:00+00:00, run_after=2026-03-30 00:00:00+00:00
[2026-03-29T21:10:21.554+0000] {processor.py:183} INFO - Processing /opt/airflow/dags/tmdb_daily_dag.py took 0.101 seconds
[2026-03-29T21:10:52.129+0000] {processor.py:161} INFO - Started process (PID=65520) to work on /opt/airflow/dags/tmdb_daily_dag.py
[2026-03-29T21:10:52.135+0000] {processor.py:830} INFO - Processing file /opt/airflow/dags/tmdb_daily_dag.py for tasks to queue
[2026-03-29T21:10:52.136+0000] {logging_mixin.py:188} INFO - [2026-03-29T21:10:52.136+0000] {dagbag.py:545} INFO - Filling up the DagBag from /opt/airflow/dags/tmdb_daily_dag.py
[2026-03-29T21:10:52.159+0000] {processor.py:840} INFO - DAG(s) 'tmdb_raw_pipeline' retrieved from /opt/airflow/dags/tmdb_daily_dag.py
[2026-03-29T21:10:52.208+0000] {logging_mixin.py:188} INFO - [2026-03-29T21:10:52.207+0000] {dag.py:3096} INFO - Sync 1 DAGs
[2026-03-29T21:10:52.235+0000] {logging_mixin.py:188} INFO - [2026-03-29T21:10:52.235+0000] {dag.py:3954} INFO - Setting next_dagrun for tmdb_raw_pipeline to 2026-03-29 00:00:00+00:00, run_after=2026-03-30 00:00:00+00:00
[2026-03-29T21:10:52.249+0000] {processor.py:183} INFO - Processing /opt/airflow/dags/tmdb_daily_dag.py took 0.161 seconds
[2026-03-29T21:11:22.703+0000] {processor.py:161} INFO - Started process (PID=65540) to work on /opt/airflow/dags/tmdb_daily_dag.py
[2026-03-29T21:11:22.709+0000] {processor.py:830} INFO - Processing file /opt/airflow/dags/tmdb_daily_dag.py for tasks to queue
[2026-03-29T21:11:22.711+0000] {logging_mixin.py:188} INFO - [2026-03-29T21:11:22.711+0000] {dagbag.py:545} INFO - Filling up the DagBag from /opt/airflow/dags/tmdb_daily_dag.py
[2026-03-29T21:11:22.736+0000] {processor.py:840} INFO - DAG(s) 'tmdb_raw_pipeline' retrieved from /opt/airflow/dags/tmdb_daily_dag.py
[2026-03-29T21:11:22.780+0000] {logging_mixin.py:188} INFO - [2026-03-29T21:11:22.780+0000] {dag.py:3096} INFO - Sync 1 DAGs
[2026-03-29T21:11:22.805+0000] {logging_mixin.py:188} INFO - [2026-03-29T21:11:22.804+0000] {dag.py:3954} INFO - Setting next_dagrun for tmdb_raw_pipeline to 2026-03-29 00:00:00+00:00, run_after=2026-03-30 00:00:00+00:00
[2026-03-29T21:11:22.822+0000] {processor.py:183} INFO - Processing /opt/airflow/dags/tmdb_daily_dag.py took 0.138 seconds
[2026-03-29T21:11:53.305+0000] {processor.py:161} INFO - Started process (PID=65560) to work on /opt/airflow/dags/tmdb_daily_dag.py
[2026-03-29T21:11:53.309+0000] {processor.py:830} INFO - Processing file /opt/airflow/dags/tmdb_daily_dag.py for tasks to queue
[2026-03-29T21:11:53.310+0000] {logging_mixin.py:188} INFO - [2026-03-29T21:11:53.309+0000] {dagbag.py:545} INFO - Filling up the DagBag from /opt/airflow/dags/tmdb_daily_dag.py
[2026-03-29T21:11:53.329+0000] {processor.py:840} INFO - DAG(s) 'tmdb_raw_pipeline' retrieved from /opt/airflow/dags/tmdb_daily_dag.py
[2026-03-29T21:11:53.362+0000] {logging_mixin.py:188} INFO - [2026-03-29T21:11:53.362+0000] {dag.py:3096} INFO - Sync 1 DAGs
[2026-03-29T21:11:53.381+0000] {logging_mixin.py:188} INFO - [2026-03-29T21:11:53.381+0000] {dag.py:3954} INFO - Setting next_dagrun for tmdb_raw_pipeline to 2026-03-29 00:00:00+00:00, run_after=2026-03-30 00:00:00+00:00
[2026-03-29T21:11:53.395+0000] {processor.py:183} INFO - Processing /opt/airflow/dags/tmdb_daily_dag.py took 0.100 seconds
[2026-03-29T21:12:23.766+0000] {processor.py:161} INFO - Started process (PID=65580) to work on /opt/airflow/dags/tmdb_daily_dag.py
[2026-03-29T21:12:23.768+0000] {processor.py:830} INFO - Processing file /opt/airflow/dags/tmdb_daily_dag.py for tasks to queue
[2026-03-29T21:12:23.769+0000] {logging_mixin.py:188} INFO - [2026-03-29T21:12:23.768+0000] {dagbag.py:545} INFO - Filling up the DagBag from /opt/airflow/dags/tmdb_daily_dag.py
[2026-03-29T21:12:23.786+0000] {processor.py:840} INFO - DAG(s) 'tmdb_raw_pipeline' retrieved from /opt/airflow/dags/tmdb_daily_dag.py
[2026-03-29T21:12:23.816+0000] {logging_mixin.py:188} INFO - [2026-03-29T21:12:23.815+0000] {dag.py:3096} INFO - Sync 1 DAGs
[2026-03-29T21:12:23.828+0000] {logging_mixin.py:188} INFO - [2026-03-29T21:12:23.828+0000] {dag.py:3954} INFO - Setting next_dagrun for tmdb_raw_pipeline to 2026-03-29 00:00:00+00:00, run_after=2026-03-30 00:00:00+00:00
[2026-03-29T21:12:23.838+0000] {processor.py:183} INFO - Processing /opt/airflow/dags/tmdb_daily_dag.py took 0.078 seconds
[2026-03-29T21:12:54.289+0000] {processor.py:161} INFO - Started process (PID=65600) to work on /opt/airflow/dags/tmdb_daily_dag.py
[2026-03-29T21:12:54.295+0000] {processor.py:830} INFO - Processing file /opt/airflow/dags/tmdb_daily_dag.py for tasks to queue
[2026-03-29T21:12:54.299+0000] {logging_mixin.py:188} INFO - [2026-03-29T21:12:54.295+0000] {dagbag.py:545} INFO - Filling up the DagBag from /opt/airflow/dags/tmdb_daily_dag.py
[2026-03-29T21:12:54.330+0000] {processor.py:840} INFO - DAG(s) 'tmdb_raw_pipeline' retrieved from /opt/airflow/dags/tmdb_daily_dag.py
[2026-03-29T21:12:54.380+0000] {logging_mixin.py:188} INFO - [2026-03-29T21:12:54.379+0000] {dag.py:3096} INFO - Sync 1 DAGs
[2026-03-29T21:12:54.400+0000] {logging_mixin.py:188} INFO - [2026-03-29T21:12:54.400+0000] {dag.py:3954} INFO - Setting next_dagrun for tmdb_raw_pipeline to 2026-03-29 00:00:00+00:00, run_after=2026-03-30 00:00:00+00:00
[2026-03-29T21:12:54.416+0000] {processor.py:183} INFO - Processing /opt/airflow/dags/tmdb_daily_dag.py took 0.158 seconds
[2026-03-29T21:13:24.920+0000] {processor.py:161} INFO - Started process (PID=65620) to work on /opt/airflow/dags/tmdb_daily_dag.py
[2026-03-29T21:13:24.926+0000] {processor.py:830} INFO - Processing file /opt/airflow/dags/tmdb_daily_dag.py for tasks to queue
[2026-03-29T21:13:24.927+0000] {logging_mixin.py:188} INFO - [2026-03-29T21:13:24.927+0000] {dagbag.py:545} INFO - Filling up the DagBag from /opt/airflow/dags/tmdb_daily_dag.py
[2026-03-29T21:13:24.953+0000] {processor.py:840} INFO - DAG(s) 'tmdb_raw_pipeline' retrieved from /opt/airflow/dags/tmdb_daily_dag.py
[2026-03-29T21:13:25.009+0000] {logging_mixin.py:188} INFO - [2026-03-29T21:13:25.008+0000] {dag.py:3096} INFO - Sync 1 DAGs
[2026-03-29T21:13:25.026+0000] {logging_mixin.py:188} INFO - [2026-03-29T21:13:25.026+0000] {dag.py:3954} INFO - Setting next_dagrun for tmdb_raw_pipeline to 2026-03-29 00:00:00+00:00, run_after=2026-03-30 00:00:00+00:00
[2026-03-29T21:13:25.041+0000] {processor.py:183} INFO - Processing /opt/airflow/dags/tmdb_daily_dag.py took 0.143 seconds
[2026-03-29T21:13:55.495+0000] {processor.py:161} INFO - Started process (PID=65640) to work on /opt/airflow/dags/tmdb_daily_dag.py
[2026-03-29T21:13:55.499+0000] {processor.py:830} INFO - Processing file /opt/airflow/dags/tmdb_daily_dag.py for tasks to queue
[2026-03-29T21:13:55.501+0000] {logging_mixin.py:188} INFO - [2026-03-29T21:13:55.501+0000] {dagbag.py:545} INFO - Filling up the DagBag from /opt/airflow/dags/tmdb_daily_dag.py
[2026-03-29T21:13:55.526+0000] {processor.py:840} INFO - DAG(s) 'tmdb_raw_pipeline' retrieved from /opt/airflow/dags/tmdb_daily_dag.py
[2026-03-29T21:13:55.559+0000] {logging_mixin.py:188} INFO - [2026-03-29T21:13:55.559+0000] {dag.py:3096} INFO - Sync 1 DAGs
[2026-03-29T21:13:55.579+0000] {logging_mixin.py:188} INFO - [2026-03-29T21:13:55.579+0000] {dag.py:3954} INFO - Setting next_dagrun for tmdb_raw_pipeline to 2026-03-29 00:00:00+00:00, run_after=2026-03-30 00:00:00+00:00
[2026-03-29T21:13:55.594+0000] {processor.py:183} INFO - Processing /opt/airflow/dags/tmdb_daily_dag.py took 0.120 seconds
[2026-03-29T21:14:26.104+0000] {processor.py:161} INFO - Started process (PID=65660) to work on /opt/airflow/dags/tmdb_daily_dag.py
[2026-03-29T21:14:26.108+0000] {processor.py:830} INFO - Processing file /opt/airflow/dags/tmdb_daily_dag.py for tasks to queue
[2026-03-29T21:14:26.110+0000] {logging_mixin.py:188} INFO - [2026-03-29T21:14:26.109+0000] {dagbag.py:545} INFO - Filling up the DagBag from /opt/airflow/dags/tmdb_daily_dag.py
[2026-03-29T21:14:26.139+0000] {processor.py:840} INFO - DAG(s) 'tmdb_raw_pipeline' retrieved from /opt/airflow/dags/tmdb_daily_dag.py
[2026-03-29T21:14:26.182+0000] {logging_mixin.py:188} INFO - [2026-03-29T21:14:26.182+0000] {dag.py:3096} INFO - Sync 1 DAGs
[2026-03-29T21:14:26.212+0000] {logging_mixin.py:188} INFO - [2026-03-29T21:14:26.212+0000] {dag.py:3954} INFO - Setting next_dagrun for tmdb_raw_pipeline to 2026-03-29 00:00:00+00:00, run_after=2026-03-30 00:00:00+00:00
[2026-03-29T21:14:26.229+0000] {processor.py:183} INFO - Processing /opt/airflow/dags/tmdb_daily_dag.py took 0.150 seconds
[2026-03-29T21:14:56.699+0000] {processor.py:161} INFO - Started process (PID=65680) to work on /opt/airflow/dags/tmdb_daily_dag.py
[2026-03-29T21:14:56.702+0000] {processor.py:830} INFO - Processing file /opt/airflow/dags/tmdb_daily_dag.py for tasks to queue
[2026-03-29T21:14:56.704+0000] {logging_mixin.py:188} INFO - [2026-03-29T21:14:56.704+0000] {dagbag.py:545} INFO - Filling up the DagBag from /opt/airflow/dags/tmdb_daily_dag.py
[2026-03-29T21:14:56.722+0000] {processor.py:840} INFO - DAG(s) 'tmdb_raw_pipeline' retrieved from /opt/airflow/dags/tmdb_daily_dag.py
[2026-03-29T21:14:56.747+0000] {logging_mixin.py:188} INFO - [2026-03-29T21:14:56.746+0000] {dag.py:3096} INFO - Sync 1 DAGs
[2026-03-29T21:14:56.764+0000] {logging_mixin.py:188} INFO - [2026-03-29T21:14:56.764+0000] {dag.py:3954} INFO - Setting next_dagrun for tmdb_raw_pipeline to 2026-03-29 00:00:00+00:00, run_after=2026-03-30 00:00:00+00:00
[2026-03-29T21:14:56.775+0000] {processor.py:183} INFO - Processing /opt/airflow/dags/tmdb_daily_dag.py took 0.094 seconds
[2026-03-29T21:15:27.229+0000] {processor.py:161} INFO - Started process (PID=65700) to work on /opt/airflow/dags/tmdb_daily_dag.py
[2026-03-29T21:15:27.233+0000] {processor.py:830} INFO - Processing file /opt/airflow/dags/tmdb_daily_dag.py for tasks to queue
[2026-03-29T21:15:27.235+0000] {logging_mixin.py:188} INFO - [2026-03-29T21:15:27.235+0000] {dagbag.py:545} INFO - Filling up the DagBag from /opt/airflow/dags/tmdb_daily_dag.py
[2026-03-29T21:15:27.252+0000] {processor.py:840} INFO - DAG(s) 'tmdb_raw_pipeline' retrieved from /opt/airflow/dags/tmdb_daily_dag.py
[2026-03-29T21:15:27.281+0000] {logging_mixin.py:188} INFO - [2026-03-29T21:15:27.281+0000] {dag.py:3096} INFO - Sync 1 DAGs
[2026-03-29T21:15:27.298+0000] {logging_mixin.py:188} INFO - [2026-03-29T21:15:27.298+0000] {dag.py:3954} INFO - Setting next_dagrun for tmdb_raw_pipeline to 2026-03-29 00:00:00+00:00, run_after=2026-03-30 00:00:00+00:00
[2026-03-29T21:15:27.314+0000] {processor.py:183} INFO - Processing /opt/airflow/dags/tmdb_daily_dag.py took 0.103 seconds
[2026-03-29T21:15:50.674+0000] {processor.py:161} INFO - Started process (PID=65720) to work on /opt/airflow/dags/tmdb_daily_dag.py
[2026-03-29T21:15:50.681+0000] {processor.py:830} INFO - Processing file /opt/airflow/dags/tmdb_daily_dag.py for tasks to queue
[2026-03-29T21:15:50.682+0000] {logging_mixin.py:188} INFO - [2026-03-29T21:15:50.681+0000] {dagbag.py:545} INFO - Filling up the DagBag from /opt/airflow/dags/tmdb_daily_dag.py
[2026-03-29T21:15:50.754+0000] {processor.py:840} INFO - DAG(s) 'tmdb_raw_pipeline' retrieved from /opt/airflow/dags/tmdb_daily_dag.py
[2026-03-29T21:15:50.769+0000] {logging_mixin.py:188} INFO - [2026-03-29T21:15:50.768+0000] {dag.py:3096} INFO - Sync 1 DAGs
[2026-03-29T21:15:50.796+0000] {logging_mixin.py:188} INFO - [2026-03-29T21:15:50.796+0000] {dag.py:3954} INFO - Setting next_dagrun for tmdb_raw_pipeline to 2026-03-29 00:00:00+00:00, run_after=2026-03-30 00:00:00+00:00
[2026-03-29T21:15:50.812+0000] {processor.py:183} INFO - Processing /opt/airflow/dags/tmdb_daily_dag.py took 0.164 seconds
[2026-03-29T21:16:21.178+0000] {processor.py:161} INFO - Started process (PID=65740) to work on /opt/airflow/dags/tmdb_daily_dag.py
[2026-03-29T21:16:21.182+0000] {processor.py:830} INFO - Processing file /opt/airflow/dags/tmdb_daily_dag.py for tasks to queue
[2026-03-29T21:16:21.183+0000] {logging_mixin.py:188} INFO - [2026-03-29T21:16:21.182+0000] {dagbag.py:545} INFO - Filling up the DagBag from /opt/airflow/dags/tmdb_daily_dag.py
[2026-03-29T21:16:21.220+0000] {processor.py:840} INFO - DAG(s) 'tmdb_raw_pipeline' retrieved from /opt/airflow/dags/tmdb_daily_dag.py
[2026-03-29T21:16:21.233+0000] {logging_mixin.py:188} INFO - [2026-03-29T21:16:21.233+0000] {dag.py:3096} INFO - Sync 1 DAGs
[2026-03-29T21:16:21.247+0000] {logging_mixin.py:188} INFO - [2026-03-29T21:16:21.247+0000] {dag.py:3954} INFO - Setting next_dagrun for tmdb_raw_pipeline to 2026-03-29 00:00:00+00:00, run_after=2026-03-30 00:00:00+00:00
[2026-03-29T21:16:21.257+0000] {processor.py:183} INFO - Processing /opt/airflow/dags/tmdb_daily_dag.py took 0.088 seconds
[2026-03-29T21:16:51.688+0000] {processor.py:161} INFO - Started process (PID=65760) to work on /opt/airflow/dags/tmdb_daily_dag.py
[2026-03-29T21:16:51.690+0000] {processor.py:830} INFO - Processing file /opt/airflow/dags/tmdb_daily_dag.py for tasks to queue
[2026-03-29T21:16:51.691+0000] {logging_mixin.py:188} INFO - [2026-03-29T21:16:51.691+0000] {dagbag.py:545} INFO - Filling up the DagBag from /opt/airflow/dags/tmdb_daily_dag.py
[2026-03-29T21:16:51.732+0000] {processor.py:840} INFO - DAG(s) 'tmdb_raw_pipeline' retrieved from /opt/airflow/dags/tmdb_daily_dag.py
[2026-03-29T21:16:51.745+0000] {logging_mixin.py:188} INFO - [2026-03-29T21:16:51.744+0000] {dag.py:3096} INFO - Sync 1 DAGs
[2026-03-29T21:16:51.759+0000] {logging_mixin.py:188} INFO - [2026-03-29T21:16:51.758+0000] {dag.py:3954} INFO - Setting next_dagrun for tmdb_raw_pipeline to 2026-03-29 00:00:00+00:00, run_after=2026-03-30 00:00:00+00:00
[2026-03-29T21:16:51.773+0000] {processor.py:183} INFO - Processing /opt/airflow/dags/tmdb_daily_dag.py took 0.095 seconds
[2026-03-29T21:17:22.549+0000] {processor.py:161} INFO - Started process (PID=65787) to work on /opt/airflow/dags/tmdb_daily_dag.py
[2026-03-29T21:17:22.581+0000] {processor.py:830} INFO - Processing file /opt/airflow/dags/tmdb_daily_dag.py for tasks to queue
[2026-03-29T21:17:22.588+0000] {logging_mixin.py:188} INFO - [2026-03-29T21:17:22.585+0000] {dagbag.py:545} INFO - Filling up the DagBag from /opt/airflow/dags/tmdb_daily_dag.py
[2026-03-29T21:17:22.803+0000] {processor.py:840} INFO - DAG(s) 'tmdb_raw_pipeline' retrieved from /opt/airflow/dags/tmdb_daily_dag.py
[2026-03-29T21:17:22.916+0000] {logging_mixin.py:188} INFO - [2026-03-29T21:17:22.916+0000] {dag.py:3096} INFO - Sync 1 DAGs
[2026-03-29T21:17:23.090+0000] {processor.py:183} INFO - Processing /opt/airflow/dags/tmdb_daily_dag.py took 0.611 seconds
[2026-03-29T21:17:54.015+0000] {processor.py:161} INFO - Started process (PID=65818) to work on /opt/airflow/dags/tmdb_daily_dag.py
[2026-03-29T21:17:54.017+0000] {processor.py:830} INFO - Processing file /opt/airflow/dags/tmdb_daily_dag.py for tasks to queue
[2026-03-29T21:17:54.018+0000] {logging_mixin.py:188} INFO - [2026-03-29T21:17:54.018+0000] {dagbag.py:545} INFO - Filling up the DagBag from /opt/airflow/dags/tmdb_daily_dag.py
[2026-03-29T21:17:54.064+0000] {processor.py:840} INFO - DAG(s) 'tmdb_raw_pipeline' retrieved from /opt/airflow/dags/tmdb_daily_dag.py
[2026-03-29T21:17:54.077+0000] {logging_mixin.py:188} INFO - [2026-03-29T21:17:54.077+0000] {dag.py:3096} INFO - Sync 1 DAGs
[2026-03-29T21:17:54.102+0000] {logging_mixin.py:188} INFO - [2026-03-29T21:17:54.102+0000] {dag.py:3954} INFO - Setting next_dagrun for tmdb_raw_pipeline to 2026-03-29 00:00:00+00:00, run_after=2026-03-30 00:00:00+00:00
[2026-03-29T21:17:54.111+0000] {processor.py:183} INFO - Processing /opt/airflow/dags/tmdb_daily_dag.py took 0.103 seconds
[2026-03-29T21:18:24.552+0000] {processor.py:161} INFO - Started process (PID=65838) to work on /opt/airflow/dags/tmdb_daily_dag.py
[2026-03-29T21:18:24.555+0000] {processor.py:830} INFO - Processing file /opt/airflow/dags/tmdb_daily_dag.py for tasks to queue
[2026-03-29T21:18:24.556+0000] {logging_mixin.py:188} INFO - [2026-03-29T21:18:24.555+0000] {dagbag.py:545} INFO - Filling up the DagBag from /opt/airflow/dags/tmdb_daily_dag.py
[2026-03-29T21:18:24.593+0000] {processor.py:840} INFO - DAG(s) 'tmdb_raw_pipeline' retrieved from /opt/airflow/dags/tmdb_daily_dag.py
[2026-03-29T21:18:24.607+0000] {logging_mixin.py:188} INFO - [2026-03-29T21:18:24.607+0000] {dag.py:3096} INFO - Sync 1 DAGs
[2026-03-29T21:18:24.624+0000] {logging_mixin.py:188} INFO - [2026-03-29T21:18:24.623+0000] {dag.py:3954} INFO - Setting next_dagrun for tmdb_raw_pipeline to 2026-03-29 00:00:00+00:00, run_after=2026-03-30 00:00:00+00:00
[2026-03-29T21:18:24.638+0000] {processor.py:183} INFO - Processing /opt/airflow/dags/tmdb_daily_dag.py took 0.102 seconds
[2026-03-29T21:18:55.050+0000] {processor.py:161} INFO - Started process (PID=65858) to work on /opt/airflow/dags/tmdb_daily_dag.py
[2026-03-29T21:18:55.052+0000] {processor.py:830} INFO - Processing file /opt/airflow/dags/tmdb_daily_dag.py for tasks to queue
[2026-03-29T21:18:55.053+0000] {logging_mixin.py:188} INFO - [2026-03-29T21:18:55.053+0000] {dagbag.py:545} INFO - Filling up the DagBag from /opt/airflow/dags/tmdb_daily_dag.py
[2026-03-29T21:18:55.096+0000] {processor.py:840} INFO - DAG(s) 'tmdb_raw_pipeline' retrieved from /opt/airflow/dags/tmdb_daily_dag.py
[2026-03-29T21:18:55.111+0000] {logging_mixin.py:188} INFO - [2026-03-29T21:18:55.110+0000] {dag.py:3096} INFO - Sync 1 DAGs
[2026-03-29T21:18:55.135+0000] {logging_mixin.py:188} INFO - [2026-03-29T21:18:55.135+0000] {dag.py:3954} INFO - Setting next_dagrun for tmdb_raw_pipeline to 2026-03-29 00:00:00+00:00, run_after=2026-03-30 00:00:00+00:00
[2026-03-29T21:18:55.151+0000] {processor.py:183} INFO - Processing /opt/airflow/dags/tmdb_daily_dag.py took 0.107 seconds
[2026-03-29T21:19:25.640+0000] {processor.py:161} INFO - Started process (PID=65878) to work on /opt/airflow/dags/tmdb_daily_dag.py
[2026-03-29T21:19:25.642+0000] {processor.py:830} INFO - Processing file /opt/airflow/dags/tmdb_daily_dag.py for tasks to queue
[2026-03-29T21:19:25.644+0000] {logging_mixin.py:188} INFO - [2026-03-29T21:19:25.642+0000] {dagbag.py:545} INFO - Filling up the DagBag from /opt/airflow/dags/tmdb_daily_dag.py
[2026-03-29T21:19:25.686+0000] {processor.py:840} INFO - DAG(s) 'tmdb_raw_pipeline' retrieved from /opt/airflow/dags/tmdb_daily_dag.py
[2026-03-29T21:19:25.709+0000] {logging_mixin.py:188} INFO - [2026-03-29T21:19:25.709+0000] {dag.py:3096} INFO - Sync 1 DAGs
[2026-03-29T21:19:25.725+0000] {logging_mixin.py:188} INFO - [2026-03-29T21:19:25.725+0000] {dag.py:3954} INFO - Setting next_dagrun for tmdb_raw_pipeline to 2026-03-29 00:00:00+00:00, run_after=2026-03-30 00:00:00+00:00
[2026-03-29T21:19:25.737+0000] {processor.py:183} INFO - Processing /opt/airflow/dags/tmdb_daily_dag.py took 0.109 seconds
[2026-03-29T21:19:56.042+0000] {processor.py:161} INFO - Started process (PID=65898) to work on /opt/airflow/dags/tmdb_daily_dag.py
[2026-03-29T21:19:56.044+0000] {processor.py:830} INFO - Processing file /opt/airflow/dags/tmdb_daily_dag.py for tasks to queue
[2026-03-29T21:19:56.045+0000] {logging_mixin.py:188} INFO - [2026-03-29T21:19:56.044+0000] {dagbag.py:545} INFO - Filling up the DagBag from /opt/airflow/dags/tmdb_daily_dag.py
[2026-03-29T21:19:56.085+0000] {processor.py:840} INFO - DAG(s) 'tmdb_raw_pipeline' retrieved from /opt/airflow/dags/tmdb_daily_dag.py
[2026-03-29T21:19:56.102+0000] {logging_mixin.py:188} INFO - [2026-03-29T21:19:56.101+0000] {dag.py:3096} INFO - Sync 1 DAGs
[2026-03-29T21:19:56.121+0000] {logging_mixin.py:188} INFO - [2026-03-29T21:19:56.120+0000] {dag.py:3954} INFO - Setting next_dagrun for tmdb_raw_pipeline to 2026-03-29 00:00:00+00:00, run_after=2026-03-30 00:00:00+00:00
[2026-03-29T21:19:56.133+0000] {processor.py:183} INFO - Processing /opt/airflow/dags/tmdb_daily_dag.py took 0.103 seconds
[2026-03-29T21:20:26.496+0000] {processor.py:161} INFO - Started process (PID=65918) to work on /opt/airflow/dags/tmdb_daily_dag.py
[2026-03-29T21:20:26.499+0000] {processor.py:830} INFO - Processing file /opt/airflow/dags/tmdb_daily_dag.py for tasks to queue
[2026-03-29T21:20:26.500+0000] {logging_mixin.py:188} INFO - [2026-03-29T21:20:26.499+0000] {dagbag.py:545} INFO - Filling up the DagBag from /opt/airflow/dags/tmdb_daily_dag.py
[2026-03-29T21:20:26.545+0000] {processor.py:840} INFO - DAG(s) 'tmdb_raw_pipeline' retrieved from /opt/airflow/dags/tmdb_daily_dag.py
[2026-03-29T21:20:26.570+0000] {logging_mixin.py:188} INFO - [2026-03-29T21:20:26.570+0000] {dag.py:3096} INFO - Sync 1 DAGs
[2026-03-29T21:20:26.586+0000] {logging_mixin.py:188} INFO - [2026-03-29T21:20:26.586+0000] {dag.py:3954} INFO - Setting next_dagrun for tmdb_raw_pipeline to 2026-03-29 00:00:00+00:00, run_after=2026-03-30 00:00:00+00:00
[2026-03-29T21:20:26.601+0000] {processor.py:183} INFO - Processing /opt/airflow/dags/tmdb_daily_dag.py took 0.119 seconds
[2026-03-29T21:20:56.960+0000] {processor.py:161} INFO - Started process (PID=65938) to work on /opt/airflow/dags/tmdb_daily_dag.py
[2026-03-29T21:20:56.963+0000] {processor.py:830} INFO - Processing file /opt/airflow/dags/tmdb_daily_dag.py for tasks to queue
[2026-03-29T21:20:56.964+0000] {logging_mixin.py:188} INFO - [2026-03-29T21:20:56.963+0000] {dagbag.py:545} INFO - Filling up the DagBag from /opt/airflow/dags/tmdb_daily_dag.py
[2026-03-29T21:20:56.995+0000] {processor.py:840} INFO - DAG(s) 'tmdb_raw_pipeline' retrieved from /opt/airflow/dags/tmdb_daily_dag.py
[2026-03-29T21:20:57.008+0000] {logging_mixin.py:188} INFO - [2026-03-29T21:20:57.008+0000] {dag.py:3096} INFO - Sync 1 DAGs
[2026-03-29T21:20:57.022+0000] {logging_mixin.py:188} INFO - [2026-03-29T21:20:57.021+0000] {dag.py:3954} INFO - Setting next_dagrun for tmdb_raw_pipeline to 2026-03-29 00:00:00+00:00, run_after=2026-03-30 00:00:00+00:00
[2026-03-29T21:20:57.031+0000] {processor.py:183} INFO - Processing /opt/airflow/dags/tmdb_daily_dag.py took 0.079 seconds
[2026-03-29T21:21:27.436+0000] {processor.py:161} INFO - Started process (PID=65958) to work on /opt/airflow/dags/tmdb_daily_dag.py
[2026-03-29T21:21:27.439+0000] {processor.py:830} INFO - Processing file /opt/airflow/dags/tmdb_daily_dag.py for tasks to queue
[2026-03-29T21:21:27.440+0000] {logging_mixin.py:188} INFO - [2026-03-29T21:21:27.439+0000] {dagbag.py:545} INFO - Filling up the DagBag from /opt/airflow/dags/tmdb_daily_dag.py
[2026-03-29T21:21:27.472+0000] {processor.py:840} INFO - DAG(s) 'tmdb_raw_pipeline' retrieved from /opt/airflow/dags/tmdb_daily_dag.py
[2026-03-29T21:21:27.483+0000] {logging_mixin.py:188} INFO - [2026-03-29T21:21:27.483+0000] {dag.py:3096} INFO - Sync 1 DAGs
[2026-03-29T21:21:27.497+0000] {logging_mixin.py:188} INFO - [2026-03-29T21:21:27.497+0000] {dag.py:3954} INFO - Setting next_dagrun for tmdb_raw_pipeline to 2026-03-29 00:00:00+00:00, run_after=2026-03-30 00:00:00+00:00
[2026-03-29T21:21:27.506+0000] {processor.py:183} INFO - Processing /opt/airflow/dags/tmdb_daily_dag.py took 0.078 seconds
[2026-03-29T21:21:57.899+0000] {processor.py:161} INFO - Started process (PID=65978) to work on /opt/airflow/dags/tmdb_daily_dag.py
[2026-03-29T21:21:57.903+0000] {processor.py:830} INFO - Processing file /opt/airflow/dags/tmdb_daily_dag.py for tasks to queue
[2026-03-29T21:21:57.904+0000] {logging_mixin.py:188} INFO - [2026-03-29T21:21:57.903+0000] {dagbag.py:545} INFO - Filling up the DagBag from /opt/airflow/dags/tmdb_daily_dag.py
[2026-03-29T21:21:57.961+0000] {processor.py:840} INFO - DAG(s) 'tmdb_raw_pipeline' retrieved from /opt/airflow/dags/tmdb_daily_dag.py
[2026-03-29T21:21:57.990+0000] {logging_mixin.py:188} INFO - [2026-03-29T21:21:57.990+0000] {dag.py:3096} INFO - Sync 1 DAGs
[2026-03-29T21:21:58.013+0000] {logging_mixin.py:188} INFO - [2026-03-29T21:21:58.013+0000] {dag.py:3954} INFO - Setting next_dagrun for tmdb_raw_pipeline to 2026-03-29 00:00:00+00:00, run_after=2026-03-30 00:00:00+00:00
[2026-03-29T21:21:58.027+0000] {processor.py:183} INFO - Processing /opt/airflow/dags/tmdb_daily_dag.py took 0.144 seconds
[2026-03-29T21:22:28.571+0000] {processor.py:161} INFO - Started process (PID=65998) to work on /opt/airflow/dags/tmdb_daily_dag.py
[2026-03-29T21:22:28.574+0000] {processor.py:830} INFO - Processing file /opt/airflow/dags/tmdb_daily_dag.py for tasks to queue
[2026-03-29T21:22:28.576+0000] {logging_mixin.py:188} INFO - [2026-03-29T21:22:28.575+0000] {dagbag.py:545} INFO - Filling up the DagBag from /opt/airflow/dags/tmdb_daily_dag.py
[2026-03-29T21:22:28.622+0000] {processor.py:840} INFO - DAG(s) 'tmdb_raw_pipeline' retrieved from /opt/airflow/dags/tmdb_daily_dag.py
[2026-03-29T21:22:28.645+0000] {logging_mixin.py:188} INFO - [2026-03-29T21:22:28.645+0000] {dag.py:3096} INFO - Sync 1 DAGs
[2026-03-29T21:22:28.661+0000] {logging_mixin.py:188} INFO - [2026-03-29T21:22:28.661+0000] {dag.py:3954} INFO - Setting next_dagrun for tmdb_raw_pipeline to 2026-03-29 00:00:00+00:00, run_after=2026-03-30 00:00:00+00:00
[2026-03-29T21:22:28.672+0000] {processor.py:183} INFO - Processing /opt/airflow/dags/tmdb_daily_dag.py took 0.116 seconds
[2026-03-29T21:22:59.035+0000] {processor.py:161} INFO - Started process (PID=66018) to work on /opt/airflow/dags/tmdb_daily_dag.py
[2026-03-29T21:22:59.038+0000] {processor.py:830} INFO - Processing file /opt/airflow/dags/tmdb_daily_dag.py for tasks to queue
[2026-03-29T21:22:59.039+0000] {logging_mixin.py:188} INFO - [2026-03-29T21:22:59.039+0000] {dagbag.py:545} INFO - Filling up the DagBag from /opt/airflow/dags/tmdb_daily_dag.py
[2026-03-29T21:22:59.071+0000] {processor.py:840} INFO - DAG(s) 'tmdb_raw_pipeline' retrieved from /opt/airflow/dags/tmdb_daily_dag.py
[2026-03-29T21:22:59.083+0000] {logging_mixin.py:188} INFO - [2026-03-29T21:22:59.083+0000] {dag.py:3096} INFO - Sync 1 DAGs
[2026-03-29T21:22:59.097+0000] {logging_mixin.py:188} INFO - [2026-03-29T21:22:59.097+0000] {dag.py:3954} INFO - Setting next_dagrun for tmdb_raw_pipeline to 2026-03-29 00:00:00+00:00, run_after=2026-03-30 00:00:00+00:00
[2026-03-29T21:22:59.106+0000] {processor.py:183} INFO - Processing /opt/airflow/dags/tmdb_daily_dag.py took 0.077 seconds
[2026-03-29T21:23:29.565+0000] {processor.py:161} INFO - Started process (PID=66038) to work on /opt/airflow/dags/tmdb_daily_dag.py
[2026-03-29T21:23:29.569+0000] {processor.py:830} INFO - Processing file /opt/airflow/dags/tmdb_daily_dag.py for tasks to queue
[2026-03-29T21:23:29.570+0000] {logging_mixin.py:188} INFO - [2026-03-29T21:23:29.569+0000] {dagbag.py:545} INFO - Filling up the DagBag from /opt/airflow/dags/tmdb_daily_dag.py
[2026-03-29T21:23:29.632+0000] {processor.py:840} INFO - DAG(s) 'tmdb_raw_pipeline' retrieved from /opt/airflow/dags/tmdb_daily_dag.py
[2026-03-29T21:23:29.654+0000] {logging_mixin.py:188} INFO - [2026-03-29T21:23:29.654+0000] {dag.py:3096} INFO - Sync 1 DAGs
[2026-03-29T21:23:29.675+0000] {logging_mixin.py:188} INFO - [2026-03-29T21:23:29.675+0000] {dag.py:3954} INFO - Setting next_dagrun for tmdb_raw_pipeline to 2026-03-29 00:00:00+00:00, run_after=2026-03-30 00:00:00+00:00
[2026-03-29T21:23:29.686+0000] {processor.py:183} INFO - Processing /opt/airflow/dags/tmdb_daily_dag.py took 0.131 seconds
[2026-03-29T21:24:00.030+0000] {processor.py:161} INFO - Started process (PID=66058) to work on /opt/airflow/dags/tmdb_daily_dag.py
[2026-03-29T21:24:00.032+0000] {processor.py:830} INFO - Processing file /opt/airflow/dags/tmdb_daily_dag.py for tasks to queue
[2026-03-29T21:24:00.033+0000] {logging_mixin.py:188} INFO - [2026-03-29T21:24:00.033+0000] {dagbag.py:545} INFO - Filling up the DagBag from /opt/airflow/dags/tmdb_daily_dag.py
[2026-03-29T21:24:00.057+0000] {processor.py:840} INFO - DAG(s) 'tmdb_raw_pipeline' retrieved from /opt/airflow/dags/tmdb_daily_dag.py
[2026-03-29T21:24:00.067+0000] {logging_mixin.py:188} INFO - [2026-03-29T21:24:00.067+0000] {dag.py:3096} INFO - Sync 1 DAGs
[2026-03-29T21:24:00.080+0000] {logging_mixin.py:188} INFO - [2026-03-29T21:24:00.080+0000] {dag.py:3954} INFO - Setting next_dagrun for tmdb_raw_pipeline to 2026-03-29 00:00:00+00:00, run_after=2026-03-30 00:00:00+00:00
[2026-03-29T21:24:00.088+0000] {processor.py:183} INFO - Processing /opt/airflow/dags/tmdb_daily_dag.py took 0.065 seconds
[2026-03-29T21:24:30.464+0000] {processor.py:161} INFO - Started process (PID=66078) to work on /opt/airflow/dags/tmdb_daily_dag.py
[2026-03-29T21:24:30.467+0000] {processor.py:830} INFO - Processing file /opt/airflow/dags/tmdb_daily_dag.py for tasks to queue
[2026-03-29T21:24:30.467+0000] {logging_mixin.py:188} INFO - [2026-03-29T21:24:30.467+0000] {dagbag.py:545} INFO - Filling up the DagBag from /opt/airflow/dags/tmdb_daily_dag.py
[2026-03-29T21:24:30.486+0000] {processor.py:840} INFO - DAG(s) 'tmdb_raw_pipeline' retrieved from /opt/airflow/dags/tmdb_daily_dag.py
[2026-03-29T21:24:30.493+0000] {logging_mixin.py:188} INFO - [2026-03-29T21:24:30.493+0000] {dag.py:3096} INFO - Sync 1 DAGs
[2026-03-29T21:24:30.503+0000] {logging_mixin.py:188} INFO - [2026-03-29T21:24:30.503+0000] {dag.py:3954} INFO - Setting next_dagrun for tmdb_raw_pipeline to 2026-03-29 00:00:00+00:00, run_after=2026-03-30 00:00:00+00:00
[2026-03-29T21:24:30.510+0000] {processor.py:183} INFO - Processing /opt/airflow/dags/tmdb_daily_dag.py took 0.051 seconds
[2026-03-29T21:25:00.960+0000] {processor.py:161} INFO - Started process (PID=66098) to work on /opt/airflow/dags/tmdb_daily_dag.py
[2026-03-29T21:25:00.963+0000] {processor.py:830} INFO - Processing file /opt/airflow/dags/tmdb_daily_dag.py for tasks to queue
[2026-03-29T21:25:00.964+0000] {logging_mixin.py:188} INFO - [2026-03-29T21:25:00.964+0000] {dagbag.py:545} INFO - Filling up the DagBag from /opt/airflow/dags/tmdb_daily_dag.py
[2026-03-29T21:25:00.985+0000] {processor.py:840} INFO - DAG(s) 'tmdb_raw_pipeline' retrieved from /opt/airflow/dags/tmdb_daily_dag.py
[2026-03-29T21:25:00.992+0000] {logging_mixin.py:188} INFO - [2026-03-29T21:25:00.992+0000] {dag.py:3096} INFO - Sync 1 DAGs
[2026-03-29T21:25:01.004+0000] {logging_mixin.py:188} INFO - [2026-03-29T21:25:01.004+0000] {dag.py:3954} INFO - Setting next_dagrun for tmdb_raw_pipeline to 2026-03-29 00:00:00+00:00, run_after=2026-03-30 00:00:00+00:00
[2026-03-29T21:25:01.012+0000] {processor.py:183} INFO - Processing /opt/airflow/dags/tmdb_daily_dag.py took 0.058 seconds
[2026-03-29T21:25:31.379+0000] {processor.py:161} INFO - Started process (PID=66118) to work on /opt/airflow/dags/tmdb_daily_dag.py
[2026-03-29T21:25:31.382+0000] {processor.py:830} INFO - Processing file /opt/airflow/dags/tmdb_daily_dag.py for tasks to queue
[2026-03-29T21:25:31.384+0000] {logging_mixin.py:188} INFO - [2026-03-29T21:25:31.383+0000] {dagbag.py:545} INFO - Filling up the DagBag from /opt/airflow/dags/tmdb_daily_dag.py
[2026-03-29T21:25:31.415+0000] {processor.py:840} INFO - DAG(s) 'tmdb_raw_pipeline' retrieved from /opt/airflow/dags/tmdb_daily_dag.py
[2026-03-29T21:25:31.430+0000] {logging_mixin.py:188} INFO - [2026-03-29T21:25:31.429+0000] {dag.py:3096} INFO - Sync 1 DAGs
[2026-03-29T21:25:31.448+0000] {logging_mixin.py:188} INFO - [2026-03-29T21:25:31.447+0000] {dag.py:3954} INFO - Setting next_dagrun for tmdb_raw_pipeline to 2026-03-29 00:00:00+00:00, run_after=2026-03-30 00:00:00+00:00
[2026-03-29T21:25:31.458+0000] {processor.py:183} INFO - Processing /opt/airflow/dags/tmdb_daily_dag.py took 0.089 seconds
[2026-03-29T21:26:01.862+0000] {processor.py:161} INFO - Started process (PID=66138) to work on /opt/airflow/dags/tmdb_daily_dag.py
[2026-03-29T21:26:01.866+0000] {processor.py:830} INFO - Processing file /opt/airflow/dags/tmdb_daily_dag.py for tasks to queue
[2026-03-29T21:26:01.867+0000] {logging_mixin.py:188} INFO - [2026-03-29T21:26:01.866+0000] {dagbag.py:545} INFO - Filling up the DagBag from /opt/airflow/dags/tmdb_daily_dag.py
[2026-03-29T21:26:01.900+0000] {processor.py:840} INFO - DAG(s) 'tmdb_raw_pipeline' retrieved from /opt/airflow/dags/tmdb_daily_dag.py
[2026-03-29T21:26:01.913+0000] {logging_mixin.py:188} INFO - [2026-03-29T21:26:01.913+0000] {dag.py:3096} INFO - Sync 1 DAGs
[2026-03-29T21:26:01.936+0000] {logging_mixin.py:188} INFO - [2026-03-29T21:26:01.936+0000] {dag.py:3954} INFO - Setting next_dagrun for tmdb_raw_pipeline to 2026-03-29 00:00:00+00:00, run_after=2026-03-30 00:00:00+00:00
[2026-03-29T21:26:01.949+0000] {processor.py:183} INFO - Processing /opt/airflow/dags/tmdb_daily_dag.py took 0.097 seconds
[2026-03-29T21:26:32.368+0000] {processor.py:161} INFO - Started process (PID=66158) to work on /opt/airflow/dags/tmdb_daily_dag.py
[2026-03-29T21:26:32.370+0000] {processor.py:830} INFO - Processing file /opt/airflow/dags/tmdb_daily_dag.py for tasks to queue
[2026-03-29T21:26:32.371+0000] {logging_mixin.py:188} INFO - [2026-03-29T21:26:32.370+0000] {dagbag.py:545} INFO - Filling up the DagBag from /opt/airflow/dags/tmdb_daily_dag.py
[2026-03-29T21:26:32.410+0000] {processor.py:840} INFO - DAG(s) 'tmdb_raw_pipeline' retrieved from /opt/airflow/dags/tmdb_daily_dag.py
[2026-03-29T21:26:32.421+0000] {logging_mixin.py:188} INFO - [2026-03-29T21:26:32.421+0000] {dag.py:3096} INFO - Sync 1 DAGs
[2026-03-29T21:26:32.442+0000] {logging_mixin.py:188} INFO - [2026-03-29T21:26:32.442+0000] {dag.py:3954} INFO - Setting next_dagrun for tmdb_raw_pipeline to 2026-03-29 00:00:00+00:00, run_after=2026-03-30 00:00:00+00:00
[2026-03-29T21:26:32.451+0000] {processor.py:183} INFO - Processing /opt/airflow/dags/tmdb_daily_dag.py took 0.090 seconds
[2026-03-29T21:27:02.909+0000] {processor.py:161} INFO - Started process (PID=66178) to work on /opt/airflow/dags/tmdb_daily_dag.py
[2026-03-29T21:27:02.913+0000] {processor.py:830} INFO - Processing file /opt/airflow/dags/tmdb_daily_dag.py for tasks to queue
[2026-03-29T21:27:02.914+0000] {logging_mixin.py:188} INFO - [2026-03-29T21:27:02.914+0000] {dagbag.py:545} INFO - Filling up the DagBag from /opt/airflow/dags/tmdb_daily_dag.py
[2026-03-29T21:27:02.947+0000] {processor.py:840} INFO - DAG(s) 'tmdb_raw_pipeline' retrieved from /opt/airflow/dags/tmdb_daily_dag.py
[2026-03-29T21:27:02.965+0000] {logging_mixin.py:188} INFO - [2026-03-29T21:27:02.964+0000] {dag.py:3096} INFO - Sync 1 DAGs
[2026-03-29T21:27:02.984+0000] {logging_mixin.py:188} INFO - [2026-03-29T21:27:02.984+0000] {dag.py:3954} INFO - Setting next_dagrun for tmdb_raw_pipeline to 2026-03-29 00:00:00+00:00, run_after=2026-03-30 00:00:00+00:00
[2026-03-29T21:27:02.996+0000] {processor.py:183} INFO - Processing /opt/airflow/dags/tmdb_daily_dag.py took 0.096 seconds
[2026-03-29T21:27:33.376+0000] {processor.py:161} INFO - Started process (PID=66198) to work on /opt/airflow/dags/tmdb_daily_dag.py
[2026-03-29T21:27:33.379+0000] {processor.py:830} INFO - Processing file /opt/airflow/dags/tmdb_daily_dag.py for tasks to queue
[2026-03-29T21:27:33.380+0000] {logging_mixin.py:188} INFO - [2026-03-29T21:27:33.379+0000] {dagbag.py:545} INFO - Filling up the DagBag from /opt/airflow/dags/tmdb_daily_dag.py
[2026-03-29T21:27:33.430+0000] {processor.py:840} INFO - DAG(s) 'tmdb_raw_pipeline' retrieved from /opt/airflow/dags/tmdb_daily_dag.py
[2026-03-29T21:27:33.462+0000] {logging_mixin.py:188} INFO - [2026-03-29T21:27:33.462+0000] {dag.py:3096} INFO - Sync 1 DAGs
[2026-03-29T21:27:33.485+0000] {logging_mixin.py:188} INFO - [2026-03-29T21:27:33.485+0000] {dag.py:3954} INFO - Setting next_dagrun for tmdb_raw_pipeline to 2026-03-29 00:00:00+00:00, run_after=2026-03-30 00:00:00+00:00
[2026-03-29T21:27:33.505+0000] {processor.py:183} INFO - Processing /opt/airflow/dags/tmdb_daily_dag.py took 0.143 seconds
[2026-03-29T21:28:03.934+0000] {processor.py:161} INFO - Started process (PID=66218) to work on /opt/airflow/dags/tmdb_daily_dag.py
[2026-03-29T21:28:03.938+0000] {processor.py:830} INFO - Processing file /opt/airflow/dags/tmdb_daily_dag.py for tasks to queue
[2026-03-29T21:28:03.939+0000] {logging_mixin.py:188} INFO - [2026-03-29T21:28:03.939+0000] {dagbag.py:545} INFO - Filling up the DagBag from /opt/airflow/dags/tmdb_daily_dag.py
[2026-03-29T21:28:03.986+0000] {processor.py:840} INFO - DAG(s) 'tmdb_raw_pipeline' retrieved from /opt/airflow/dags/tmdb_daily_dag.py
[2026-03-29T21:28:04.012+0000] {logging_mixin.py:188} INFO - [2026-03-29T21:28:04.011+0000] {dag.py:3096} INFO - Sync 1 DAGs
[2026-03-29T21:28:04.031+0000] {logging_mixin.py:188} INFO - [2026-03-29T21:28:04.031+0000] {dag.py:3954} INFO - Setting next_dagrun for tmdb_raw_pipeline to 2026-03-29 00:00:00+00:00, run_after=2026-03-30 00:00:00+00:00
[2026-03-29T21:28:04.043+0000] {processor.py:183} INFO - Processing /opt/airflow/dags/tmdb_daily_dag.py took 0.123 seconds
[2026-03-29T21:28:16.228+0000] {processor.py:161} INFO - Started process (PID=66238) to work on /opt/airflow/dags/tmdb_daily_dag.py
[2026-03-29T21:28:16.231+0000] {processor.py:830} INFO - Processing file /opt/airflow/dags/tmdb_daily_dag.py for tasks to queue
[2026-03-29T21:28:16.233+0000] {logging_mixin.py:188} INFO - [2026-03-29T21:28:16.232+0000] {dagbag.py:545} INFO - Filling up the DagBag from /opt/airflow/dags/tmdb_daily_dag.py
[2026-03-29T21:28:16.271+0000] {processor.py:840} INFO - DAG(s) 'tmdb_raw_pipeline' retrieved from /opt/airflow/dags/tmdb_daily_dag.py
[2026-03-29T21:28:16.288+0000] {logging_mixin.py:188} INFO - [2026-03-29T21:28:16.287+0000] {dag.py:3096} INFO - Sync 1 DAGs
[2026-03-29T21:28:16.308+0000] {logging_mixin.py:188} INFO - [2026-03-29T21:28:16.307+0000] {dag.py:3954} INFO - Setting next_dagrun for tmdb_raw_pipeline to 2026-03-29 00:00:00+00:00, run_after=2026-03-30 00:00:00+00:00
[2026-03-29T21:28:16.327+0000] {processor.py:183} INFO - Processing /opt/airflow/dags/tmdb_daily_dag.py took 0.110 seconds
[2026-03-29T21:28:46.725+0000] {processor.py:161} INFO - Started process (PID=66258) to work on /opt/airflow/dags/tmdb_daily_dag.py
[2026-03-29T21:28:46.728+0000] {processor.py:830} INFO - Processing file /opt/airflow/dags/tmdb_daily_dag.py for tasks to queue
[2026-03-29T21:28:46.729+0000] {logging_mixin.py:188} INFO - [2026-03-29T21:28:46.728+0000] {dagbag.py:545} INFO - Filling up the DagBag from /opt/airflow/dags/tmdb_daily_dag.py
[2026-03-29T21:28:46.751+0000] {processor.py:840} INFO - DAG(s) 'tmdb_raw_pipeline' retrieved from /opt/airflow/dags/tmdb_daily_dag.py
[2026-03-29T21:28:46.757+0000] {logging_mixin.py:188} INFO - [2026-03-29T21:28:46.757+0000] {dag.py:3096} INFO - Sync 1 DAGs
[2026-03-29T21:28:46.767+0000] {logging_mixin.py:188} INFO - [2026-03-29T21:28:46.767+0000] {dag.py:3954} INFO - Setting next_dagrun for tmdb_raw_pipeline to 2026-03-29 00:00:00+00:00, run_after=2026-03-30 00:00:00+00:00
[2026-03-29T21:28:46.774+0000] {processor.py:183} INFO - Processing /opt/airflow/dags/tmdb_daily_dag.py took 0.055 seconds
[2026-03-29T21:29:17.198+0000] {processor.py:161} INFO - Started process (PID=66278) to work on /opt/airflow/dags/tmdb_daily_dag.py
[2026-03-29T21:29:17.201+0000] {processor.py:830} INFO - Processing file /opt/airflow/dags/tmdb_daily_dag.py for tasks to queue
[2026-03-29T21:29:17.202+0000] {logging_mixin.py:188} INFO - [2026-03-29T21:29:17.201+0000] {dagbag.py:545} INFO - Filling up the DagBag from /opt/airflow/dags/tmdb_daily_dag.py
[2026-03-29T21:29:17.233+0000] {processor.py:840} INFO - DAG(s) 'tmdb_raw_pipeline' retrieved from /opt/airflow/dags/tmdb_daily_dag.py
[2026-03-29T21:29:17.243+0000] {logging_mixin.py:188} INFO - [2026-03-29T21:29:17.243+0000] {dag.py:3096} INFO - Sync 1 DAGs
[2026-03-29T21:29:17.258+0000] {logging_mixin.py:188} INFO - [2026-03-29T21:29:17.258+0000] {dag.py:3954} INFO - Setting next_dagrun for tmdb_raw_pipeline to 2026-03-29 00:00:00+00:00, run_after=2026-03-30 00:00:00+00:00
[2026-03-29T21:29:17.268+0000] {processor.py:183} INFO - Processing /opt/airflow/dags/tmdb_daily_dag.py took 0.078 seconds
[2026-03-29T21:29:47.672+0000] {processor.py:161} INFO - Started process (PID=66298) to work on /opt/airflow/dags/tmdb_daily_dag.py
[2026-03-29T21:29:47.674+0000] {processor.py:830} INFO - Processing file /opt/airflow/dags/tmdb_daily_dag.py for tasks to queue
[2026-03-29T21:29:47.675+0000] {logging_mixin.py:188} INFO - [2026-03-29T21:29:47.675+0000] {dagbag.py:545} INFO - Filling up the DagBag from /opt/airflow/dags/tmdb_daily_dag.py
[2026-03-29T21:29:47.702+0000] {processor.py:840} INFO - DAG(s) 'tmdb_raw_pipeline' retrieved from /opt/airflow/dags/tmdb_daily_dag.py
[2026-03-29T21:29:47.712+0000] {logging_mixin.py:188} INFO - [2026-03-29T21:29:47.712+0000] {dag.py:3096} INFO - Sync 1 DAGs
[2026-03-29T21:29:47.726+0000] {logging_mixin.py:188} INFO - [2026-03-29T21:29:47.726+0000] {dag.py:3954} INFO - Setting next_dagrun for tmdb_raw_pipeline to 2026-03-29 00:00:00+00:00, run_after=2026-03-30 00:00:00+00:00
[2026-03-29T21:29:47.735+0000] {processor.py:183} INFO - Processing /opt/airflow/dags/tmdb_daily_dag.py took 0.069 seconds
[2026-03-29T21:30:18.232+0000] {processor.py:161} INFO - Started process (PID=66318) to work on /opt/airflow/dags/tmdb_daily_dag.py
[2026-03-29T21:30:18.238+0000] {processor.py:830} INFO - Processing file /opt/airflow/dags/tmdb_daily_dag.py for tasks to queue
[2026-03-29T21:30:18.239+0000] {logging_mixin.py:188} INFO - [2026-03-29T21:30:18.238+0000] {dagbag.py:545} INFO - Filling up the DagBag from /opt/airflow/dags/tmdb_daily_dag.py
[2026-03-29T21:30:18.261+0000] {processor.py:840} INFO - DAG(s) 'tmdb_raw_pipeline' retrieved from /opt/airflow/dags/tmdb_daily_dag.py
[2026-03-29T21:30:18.268+0000] {logging_mixin.py:188} INFO - [2026-03-29T21:30:18.268+0000] {dag.py:3096} INFO - Sync 1 DAGs
[2026-03-29T21:30:18.280+0000] {logging_mixin.py:188} INFO - [2026-03-29T21:30:18.279+0000] {dag.py:3954} INFO - Setting next_dagrun for tmdb_raw_pipeline to 2026-03-29 00:00:00+00:00, run_after=2026-03-30 00:00:00+00:00
[2026-03-29T21:30:18.287+0000] {processor.py:183} INFO - Processing /opt/airflow/dags/tmdb_daily_dag.py took 0.062 seconds
[2026-03-29T21:30:48.702+0000] {processor.py:161} INFO - Started process (PID=66338) to work on /opt/airflow/dags/tmdb_daily_dag.py
[2026-03-29T21:30:48.706+0000] {processor.py:830} INFO - Processing file /opt/airflow/dags/tmdb_daily_dag.py for tasks to queue
[2026-03-29T21:30:48.706+0000] {logging_mixin.py:188} INFO - [2026-03-29T21:30:48.706+0000] {dagbag.py:545} INFO - Filling up the DagBag from /opt/airflow/dags/tmdb_daily_dag.py
[2026-03-29T21:30:48.731+0000] {processor.py:840} INFO - DAG(s) 'tmdb_raw_pipeline' retrieved from /opt/airflow/dags/tmdb_daily_dag.py
[2026-03-29T21:30:48.738+0000] {logging_mixin.py:188} INFO - [2026-03-29T21:30:48.738+0000] {dag.py:3096} INFO - Sync 1 DAGs
[2026-03-29T21:30:48.749+0000] {logging_mixin.py:188} INFO - [2026-03-29T21:30:48.749+0000] {dag.py:3954} INFO - Setting next_dagrun for tmdb_raw_pipeline to 2026-03-29 00:00:00+00:00, run_after=2026-03-30 00:00:00+00:00
[2026-03-29T21:30:48.756+0000] {processor.py:183} INFO - Processing /opt/airflow/dags/tmdb_daily_dag.py took 0.061 seconds
[2026-03-29T21:31:19.093+0000] {processor.py:161} INFO - Started process (PID=66358) to work on /opt/airflow/dags/tmdb_daily_dag.py
[2026-03-29T21:31:19.095+0000] {processor.py:830} INFO - Processing file /opt/airflow/dags/tmdb_daily_dag.py for tasks to queue
[2026-03-29T21:31:19.096+0000] {logging_mixin.py:188} INFO - [2026-03-29T21:31:19.096+0000] {dagbag.py:545} INFO - Filling up the DagBag from /opt/airflow/dags/tmdb_daily_dag.py
[2026-03-29T21:31:19.122+0000] {processor.py:840} INFO - DAG(s) 'tmdb_raw_pipeline' retrieved from /opt/airflow/dags/tmdb_daily_dag.py
[2026-03-29T21:31:19.134+0000] {logging_mixin.py:188} INFO - [2026-03-29T21:31:19.134+0000] {dag.py:3096} INFO - Sync 1 DAGs
[2026-03-29T21:31:19.147+0000] {logging_mixin.py:188} INFO - [2026-03-29T21:31:19.147+0000] {dag.py:3954} INFO - Setting next_dagrun for tmdb_raw_pipeline to 2026-03-29 00:00:00+00:00, run_after=2026-03-30 00:00:00+00:00
[2026-03-29T21:31:19.157+0000] {processor.py:183} INFO - Processing /opt/airflow/dags/tmdb_daily_dag.py took 0.072 seconds
[2026-03-29T21:31:49.512+0000] {processor.py:161} INFO - Started process (PID=66378) to work on /opt/airflow/dags/tmdb_daily_dag.py
[2026-03-29T21:31:49.515+0000] {processor.py:830} INFO - Processing file /opt/airflow/dags/tmdb_daily_dag.py for tasks to queue
[2026-03-29T21:31:49.516+0000] {logging_mixin.py:188} INFO - [2026-03-29T21:31:49.516+0000] {dagbag.py:545} INFO - Filling up the DagBag from /opt/airflow/dags/tmdb_daily_dag.py
[2026-03-29T21:31:49.534+0000] {processor.py:840} INFO - DAG(s) 'tmdb_raw_pipeline' retrieved from /opt/airflow/dags/tmdb_daily_dag.py
[2026-03-29T21:31:49.542+0000] {logging_mixin.py:188} INFO - [2026-03-29T21:31:49.542+0000] {dag.py:3096} INFO - Sync 1 DAGs
[2026-03-29T21:31:49.554+0000] {logging_mixin.py:188} INFO - [2026-03-29T21:31:49.554+0000] {dag.py:3954} INFO - Setting next_dagrun for tmdb_raw_pipeline to 2026-03-29 00:00:00+00:00, run_after=2026-03-30 00:00:00+00:00
[2026-03-29T21:31:49.562+0000] {processor.py:183} INFO - Processing /opt/airflow/dags/tmdb_daily_dag.py took 0.054 seconds
[2026-03-29T21:32:20.001+0000] {processor.py:161} INFO - Started process (PID=66398) to work on /opt/airflow/dags/tmdb_daily_dag.py
[2026-03-29T21:32:20.004+0000] {processor.py:830} INFO - Processing file /opt/airflow/dags/tmdb_daily_dag.py for tasks to queue
[2026-03-29T21:32:20.005+0000] {logging_mixin.py:188} INFO - [2026-03-29T21:32:20.005+0000] {dagbag.py:545} INFO - Filling up the DagBag from /opt/airflow/dags/tmdb_daily_dag.py
[2026-03-29T21:32:20.037+0000] {processor.py:840} INFO - DAG(s) 'tmdb_raw_pipeline' retrieved from /opt/airflow/dags/tmdb_daily_dag.py
[2026-03-29T21:32:20.044+0000] {logging_mixin.py:188} INFO - [2026-03-29T21:32:20.044+0000] {dag.py:3096} INFO - Sync 1 DAGs
[2026-03-29T21:32:20.057+0000] {logging_mixin.py:188} INFO - [2026-03-29T21:32:20.056+0000] {dag.py:3954} INFO - Setting next_dagrun for tmdb_raw_pipeline to 2026-03-29 00:00:00+00:00, run_after=2026-03-30 00:00:00+00:00
[2026-03-29T21:32:20.067+0000] {processor.py:183} INFO - Processing /opt/airflow/dags/tmdb_daily_dag.py took 0.071 seconds
[2026-03-29T21:32:50.545+0000] {processor.py:161} INFO - Started process (PID=66418) to work on /opt/airflow/dags/tmdb_daily_dag.py
[2026-03-29T21:32:50.550+0000] {processor.py:830} INFO - Processing file /opt/airflow/dags/tmdb_daily_dag.py for tasks to queue
[2026-03-29T21:32:50.551+0000] {logging_mixin.py:188} INFO - [2026-03-29T21:32:50.551+0000] {dagbag.py:545} INFO - Filling up the DagBag from /opt/airflow/dags/tmdb_daily_dag.py
[2026-03-29T21:32:50.571+0000] {processor.py:840} INFO - DAG(s) 'tmdb_raw_pipeline' retrieved from /opt/airflow/dags/tmdb_daily_dag.py
[2026-03-29T21:32:50.578+0000] {logging_mixin.py:188} INFO - [2026-03-29T21:32:50.578+0000] {dag.py:3096} INFO - Sync 1 DAGs
[2026-03-29T21:32:50.588+0000] {logging_mixin.py:188} INFO - [2026-03-29T21:32:50.587+0000] {dag.py:3954} INFO - Setting next_dagrun for tmdb_raw_pipeline to 2026-03-29 00:00:00+00:00, run_after=2026-03-30 00:00:00+00:00
[2026-03-29T21:32:50.597+0000] {processor.py:183} INFO - Processing /opt/airflow/dags/tmdb_daily_dag.py took 0.058 seconds
[2026-03-29T21:33:20.972+0000] {processor.py:161} INFO - Started process (PID=66438) to work on /opt/airflow/dags/tmdb_daily_dag.py
[2026-03-29T21:33:20.975+0000] {processor.py:830} INFO - Processing file /opt/airflow/dags/tmdb_daily_dag.py for tasks to queue
[2026-03-29T21:33:20.976+0000] {logging_mixin.py:188} INFO - [2026-03-29T21:33:20.975+0000] {dagbag.py:545} INFO - Filling up the DagBag from /opt/airflow/dags/tmdb_daily_dag.py
[2026-03-29T21:33:21.003+0000] {processor.py:840} INFO - DAG(s) 'tmdb_raw_pipeline' retrieved from /opt/airflow/dags/tmdb_daily_dag.py
[2026-03-29T21:33:21.012+0000] {logging_mixin.py:188} INFO - [2026-03-29T21:33:21.012+0000] {dag.py:3096} INFO - Sync 1 DAGs
[2026-03-29T21:33:21.024+0000] {logging_mixin.py:188} INFO - [2026-03-29T21:33:21.023+0000] {dag.py:3954} INFO - Setting next_dagrun for tmdb_raw_pipeline to 2026-03-29 00:00:00+00:00, run_after=2026-03-30 00:00:00+00:00
[2026-03-29T21:33:21.031+0000] {processor.py:183} INFO - Processing /opt/airflow/dags/tmdb_daily_dag.py took 0.067 seconds
[2026-03-29T21:33:51.516+0000] {processor.py:161} INFO - Started process (PID=66458) to work on /opt/airflow/dags/tmdb_daily_dag.py
[2026-03-29T21:33:51.519+0000] {processor.py:830} INFO - Processing file /opt/airflow/dags/tmdb_daily_dag.py for tasks to queue
[2026-03-29T21:33:51.520+0000] {logging_mixin.py:188} INFO - [2026-03-29T21:33:51.519+0000] {dagbag.py:545} INFO - Filling up the DagBag from /opt/airflow/dags/tmdb_daily_dag.py
[2026-03-29T21:33:51.563+0000] {processor.py:840} INFO - DAG(s) 'tmdb_raw_pipeline' retrieved from /opt/airflow/dags/tmdb_daily_dag.py
[2026-03-29T21:33:51.584+0000] {logging_mixin.py:188} INFO - [2026-03-29T21:33:51.584+0000] {dag.py:3096} INFO - Sync 1 DAGs
[2026-03-29T21:33:51.599+0000] {logging_mixin.py:188} INFO - [2026-03-29T21:33:51.599+0000] {dag.py:3954} INFO - Setting next_dagrun for tmdb_raw_pipeline to 2026-03-29 00:00:00+00:00, run_after=2026-03-30 00:00:00+00:00
[2026-03-29T21:33:51.608+0000] {processor.py:183} INFO - Processing /opt/airflow/dags/tmdb_daily_dag.py took 0.101 seconds
[2026-03-29T21:34:22.002+0000] {processor.py:161} INFO - Started process (PID=66478) to work on /opt/airflow/dags/tmdb_daily_dag.py
[2026-03-29T21:34:22.005+0000] {processor.py:830} INFO - Processing file /opt/airflow/dags/tmdb_daily_dag.py for tasks to queue
[2026-03-29T21:34:22.006+0000] {logging_mixin.py:188} INFO - [2026-03-29T21:34:22.006+0000] {dagbag.py:545} INFO - Filling up the DagBag from /opt/airflow/dags/tmdb_daily_dag.py
[2026-03-29T21:34:22.039+0000] {processor.py:840} INFO - DAG(s) 'tmdb_raw_pipeline' retrieved from /opt/airflow/dags/tmdb_daily_dag.py
[2026-03-29T21:34:22.052+0000] {logging_mixin.py:188} INFO - [2026-03-29T21:34:22.052+0000] {dag.py:3096} INFO - Sync 1 DAGs
[2026-03-29T21:34:22.069+0000] {logging_mixin.py:188} INFO - [2026-03-29T21:34:22.069+0000] {dag.py:3954} INFO - Setting next_dagrun for tmdb_raw_pipeline to 2026-03-29 00:00:00+00:00, run_after=2026-03-30 00:00:00+00:00
[2026-03-29T21:34:22.079+0000] {processor.py:183} INFO - Processing /opt/airflow/dags/tmdb_daily_dag.py took 0.087 seconds
[2026-03-29T21:34:52.614+0000] {processor.py:161} INFO - Started process (PID=66498) to work on /opt/airflow/dags/tmdb_daily_dag.py
[2026-03-29T21:34:52.616+0000] {processor.py:830} INFO - Processing file /opt/airflow/dags/tmdb_daily_dag.py for tasks to queue
[2026-03-29T21:34:52.619+0000] {logging_mixin.py:188} INFO - [2026-03-29T21:34:52.617+0000] {dagbag.py:545} INFO - Filling up the DagBag from /opt/airflow/dags/tmdb_daily_dag.py
[2026-03-29T21:34:52.667+0000] {processor.py:840} INFO - DAG(s) 'tmdb_raw_pipeline' retrieved from /opt/airflow/dags/tmdb_daily_dag.py
[2026-03-29T21:34:52.682+0000] {logging_mixin.py:188} INFO - [2026-03-29T21:34:52.682+0000] {dag.py:3096} INFO - Sync 1 DAGs
[2026-03-29T21:34:52.701+0000] {logging_mixin.py:188} INFO - [2026-03-29T21:34:52.701+0000] {dag.py:3954} INFO - Setting next_dagrun for tmdb_raw_pipeline to 2026-03-29 00:00:00+00:00, run_after=2026-03-30 00:00:00+00:00
[2026-03-29T21:34:52.718+0000] {processor.py:183} INFO - Processing /opt/airflow/dags/tmdb_daily_dag.py took 0.115 seconds
[2026-03-29T21:35:23.101+0000] {processor.py:161} INFO - Started process (PID=66518) to work on /opt/airflow/dags/tmdb_daily_dag.py
[2026-03-29T21:35:23.103+0000] {processor.py:830} INFO - Processing file /opt/airflow/dags/tmdb_daily_dag.py for tasks to queue
[2026-03-29T21:35:23.104+0000] {logging_mixin.py:188} INFO - [2026-03-29T21:35:23.103+0000] {dagbag.py:545} INFO - Filling up the DagBag from /opt/airflow/dags/tmdb_daily_dag.py
[2026-03-29T21:35:23.147+0000] {processor.py:840} INFO - DAG(s) 'tmdb_raw_pipeline' retrieved from /opt/airflow/dags/tmdb_daily_dag.py
[2026-03-29T21:35:23.170+0000] {logging_mixin.py:188} INFO - [2026-03-29T21:35:23.170+0000] {dag.py:3096} INFO - Sync 1 DAGs
[2026-03-29T21:35:23.187+0000] {logging_mixin.py:188} INFO - [2026-03-29T21:35:23.187+0000] {dag.py:3954} INFO - Setting next_dagrun for tmdb_raw_pipeline to 2026-03-29 00:00:00+00:00, run_after=2026-03-30 00:00:00+00:00
[2026-03-29T21:35:23.200+0000] {processor.py:183} INFO - Processing /opt/airflow/dags/tmdb_daily_dag.py took 0.107 seconds
[2026-03-29T21:35:53.788+0000] {processor.py:161} INFO - Started process (PID=66538) to work on /opt/airflow/dags/tmdb_daily_dag.py
[2026-03-29T21:35:53.796+0000] {processor.py:830} INFO - Processing file /opt/airflow/dags/tmdb_daily_dag.py for tasks to queue
[2026-03-29T21:35:53.798+0000] {logging_mixin.py:188} INFO - [2026-03-29T21:35:53.797+0000] {dagbag.py:545} INFO - Filling up the DagBag from /opt/airflow/dags/tmdb_daily_dag.py
[2026-03-29T21:35:53.939+0000] {processor.py:840} INFO - DAG(s) 'tmdb_raw_pipeline' retrieved from /opt/airflow/dags/tmdb_daily_dag.py
[2026-03-29T21:35:53.980+0000] {logging_mixin.py:188} INFO - [2026-03-29T21:35:53.980+0000] {dag.py:3096} INFO - Sync 1 DAGs
[2026-03-29T21:35:54.034+0000] {logging_mixin.py:188} INFO - [2026-03-29T21:35:54.034+0000] {dag.py:3954} INFO - Setting next_dagrun for tmdb_raw_pipeline to 2026-03-29 00:00:00+00:00, run_after=2026-03-30 00:00:00+00:00
[2026-03-29T21:35:54.065+0000] {processor.py:183} INFO - Processing /opt/airflow/dags/tmdb_daily_dag.py took 0.303 seconds
[2026-03-29T21:36:24.244+0000] {processor.py:161} INFO - Started process (PID=66558) to work on /opt/airflow/dags/tmdb_daily_dag.py
[2026-03-29T21:36:24.247+0000] {processor.py:830} INFO - Processing file /opt/airflow/dags/tmdb_daily_dag.py for tasks to queue
[2026-03-29T21:36:24.248+0000] {logging_mixin.py:188} INFO - [2026-03-29T21:36:24.248+0000] {dagbag.py:545} INFO - Filling up the DagBag from /opt/airflow/dags/tmdb_daily_dag.py
[2026-03-29T21:36:24.269+0000] {processor.py:840} INFO - DAG(s) 'tmdb_raw_pipeline' retrieved from /opt/airflow/dags/tmdb_daily_dag.py
[2026-03-29T21:36:24.276+0000] {logging_mixin.py:188} INFO - [2026-03-29T21:36:24.276+0000] {dag.py:3096} INFO - Sync 1 DAGs
[2026-03-29T21:36:24.287+0000] {logging_mixin.py:188} INFO - [2026-03-29T21:36:24.286+0000] {dag.py:3954} INFO - Setting next_dagrun for tmdb_raw_pipeline to 2026-03-29 00:00:00+00:00, run_after=2026-03-30 00:00:00+00:00
[2026-03-29T21:36:24.293+0000] {processor.py:183} INFO - Processing /opt/airflow/dags/tmdb_daily_dag.py took 0.058 seconds
[2026-03-29T21:36:54.749+0000] {processor.py:161} INFO - Started process (PID=66578) to work on /opt/airflow/dags/tmdb_daily_dag.py
[2026-03-29T21:36:54.752+0000] {processor.py:830} INFO - Processing file /opt/airflow/dags/tmdb_daily_dag.py for tasks to queue
[2026-03-29T21:36:54.753+0000] {logging_mixin.py:188} INFO - [2026-03-29T21:36:54.752+0000] {dagbag.py:545} INFO - Filling up the DagBag from /opt/airflow/dags/tmdb_daily_dag.py
[2026-03-29T21:36:54.775+0000] {processor.py:840} INFO - DAG(s) 'tmdb_raw_pipeline' retrieved from /opt/airflow/dags/tmdb_daily_dag.py
[2026-03-29T21:36:54.782+0000] {logging_mixin.py:188} INFO - [2026-03-29T21:36:54.782+0000] {dag.py:3096} INFO - Sync 1 DAGs
[2026-03-29T21:36:54.792+0000] {logging_mixin.py:188} INFO - [2026-03-29T21:36:54.792+0000] {dag.py:3954} INFO - Setting next_dagrun for tmdb_raw_pipeline to 2026-03-29 00:00:00+00:00, run_after=2026-03-30 00:00:00+00:00
[2026-03-29T21:36:54.799+0000] {processor.py:183} INFO - Processing /opt/airflow/dags/tmdb_daily_dag.py took 0.056 seconds
[2026-03-29T21:37:25.181+0000] {processor.py:161} INFO - Started process (PID=66598) to work on /opt/airflow/dags/tmdb_daily_dag.py
[2026-03-29T21:37:25.185+0000] {processor.py:830} INFO - Processing file /opt/airflow/dags/tmdb_daily_dag.py for tasks to queue
[2026-03-29T21:37:25.186+0000] {logging_mixin.py:188} INFO - [2026-03-29T21:37:25.186+0000] {dagbag.py:545} INFO - Filling up the DagBag from /opt/airflow/dags/tmdb_daily_dag.py
[2026-03-29T21:37:25.212+0000] {processor.py:840} INFO - DAG(s) 'tmdb_raw_pipeline' retrieved from /opt/airflow/dags/tmdb_daily_dag.py
[2026-03-29T21:37:25.223+0000] {logging_mixin.py:188} INFO - [2026-03-29T21:37:25.223+0000] {dag.py:3096} INFO - Sync 1 DAGs
[2026-03-29T21:37:25.235+0000] {logging_mixin.py:188} INFO - [2026-03-29T21:37:25.235+0000] {dag.py:3954} INFO - Setting next_dagrun for tmdb_raw_pipeline to 2026-03-29 00:00:00+00:00, run_after=2026-03-30 00:00:00+00:00
[2026-03-29T21:37:25.250+0000] {processor.py:183} INFO - Processing /opt/airflow/dags/tmdb_daily_dag.py took 0.082 seconds
[2026-03-29T21:37:55.654+0000] {processor.py:161} INFO - Started process (PID=66618) to work on /opt/airflow/dags/tmdb_daily_dag.py
[2026-03-29T21:37:55.656+0000] {processor.py:830} INFO - Processing file /opt/airflow/dags/tmdb_daily_dag.py for tasks to queue
[2026-03-29T21:37:55.657+0000] {logging_mixin.py:188} INFO - [2026-03-29T21:37:55.656+0000] {dagbag.py:545} INFO - Filling up the DagBag from /opt/airflow/dags/tmdb_daily_dag.py
[2026-03-29T21:37:55.682+0000] {processor.py:840} INFO - DAG(s) 'tmdb_raw_pipeline' retrieved from /opt/airflow/dags/tmdb_daily_dag.py
[2026-03-29T21:37:55.692+0000] {logging_mixin.py:188} INFO - [2026-03-29T21:37:55.692+0000] {dag.py:3096} INFO - Sync 1 DAGs
[2026-03-29T21:37:55.713+0000] {logging_mixin.py:188} INFO - [2026-03-29T21:37:55.712+0000] {dag.py:3954} INFO - Setting next_dagrun for tmdb_raw_pipeline to 2026-03-29 00:00:00+00:00, run_after=2026-03-30 00:00:00+00:00
[2026-03-29T21:37:55.741+0000] {processor.py:183} INFO - Processing /opt/airflow/dags/tmdb_daily_dag.py took 0.093 seconds
[2026-03-29T21:38:26.159+0000] {processor.py:161} INFO - Started process (PID=66638) to work on /opt/airflow/dags/tmdb_daily_dag.py
[2026-03-29T21:38:26.161+0000] {processor.py:830} INFO - Processing file /opt/airflow/dags/tmdb_daily_dag.py for tasks to queue
[2026-03-29T21:38:26.162+0000] {logging_mixin.py:188} INFO - [2026-03-29T21:38:26.161+0000] {dagbag.py:545} INFO - Filling up the DagBag from /opt/airflow/dags/tmdb_daily_dag.py
[2026-03-29T21:38:26.209+0000] {processor.py:840} INFO - DAG(s) 'tmdb_raw_pipeline' retrieved from /opt/airflow/dags/tmdb_daily_dag.py
[2026-03-29T21:38:26.222+0000] {logging_mixin.py:188} INFO - [2026-03-29T21:38:26.222+0000] {dag.py:3096} INFO - Sync 1 DAGs
[2026-03-29T21:38:26.252+0000] {logging_mixin.py:188} INFO - [2026-03-29T21:38:26.251+0000] {dag.py:3954} INFO - Setting next_dagrun for tmdb_raw_pipeline to 2026-03-29 00:00:00+00:00, run_after=2026-03-30 00:00:00+00:00
[2026-03-29T21:38:26.263+0000] {processor.py:183} INFO - Processing /opt/airflow/dags/tmdb_daily_dag.py took 0.114 seconds
[2026-03-29T21:38:56.606+0000] {processor.py:161} INFO - Started process (PID=66658) to work on /opt/airflow/dags/tmdb_daily_dag.py
[2026-03-29T21:38:56.608+0000] {processor.py:830} INFO - Processing file /opt/airflow/dags/tmdb_daily_dag.py for tasks to queue
[2026-03-29T21:38:56.608+0000] {logging_mixin.py:188} INFO - [2026-03-29T21:38:56.608+0000] {dagbag.py:545} INFO - Filling up the DagBag from /opt/airflow/dags/tmdb_daily_dag.py
[2026-03-29T21:38:56.625+0000] {processor.py:840} INFO - DAG(s) 'tmdb_raw_pipeline' retrieved from /opt/airflow/dags/tmdb_daily_dag.py
[2026-03-29T21:38:56.631+0000] {logging_mixin.py:188} INFO - [2026-03-29T21:38:56.631+0000] {dag.py:3096} INFO - Sync 1 DAGs
[2026-03-29T21:38:56.641+0000] {logging_mixin.py:188} INFO - [2026-03-29T21:38:56.641+0000] {dag.py:3954} INFO - Setting next_dagrun for tmdb_raw_pipeline to 2026-03-29 00:00:00+00:00, run_after=2026-03-30 00:00:00+00:00
[2026-03-29T21:38:56.647+0000] {processor.py:183} INFO - Processing /opt/airflow/dags/tmdb_daily_dag.py took 0.044 seconds
[2026-03-29T21:39:27.261+0000] {processor.py:161} INFO - Started process (PID=66678) to work on /opt/airflow/dags/tmdb_daily_dag.py
[2026-03-29T21:39:27.264+0000] {processor.py:830} INFO - Processing file /opt/airflow/dags/tmdb_daily_dag.py for tasks to queue
[2026-03-29T21:39:27.266+0000] {logging_mixin.py:188} INFO - [2026-03-29T21:39:27.265+0000] {dagbag.py:545} INFO - Filling up the DagBag from /opt/airflow/dags/tmdb_daily_dag.py
[2026-03-29T21:39:27.312+0000] {processor.py:840} INFO - DAG(s) 'tmdb_raw_pipeline' retrieved from /opt/airflow/dags/tmdb_daily_dag.py
[2026-03-29T21:39:27.327+0000] {logging_mixin.py:188} INFO - [2026-03-29T21:39:27.326+0000] {dag.py:3096} INFO - Sync 1 DAGs
[2026-03-29T21:39:27.347+0000] {logging_mixin.py:188} INFO - [2026-03-29T21:39:27.347+0000] {dag.py:3954} INFO - Setting next_dagrun for tmdb_raw_pipeline to 2026-03-29 00:00:00+00:00, run_after=2026-03-30 00:00:00+00:00
[2026-03-29T21:39:27.388+0000] {processor.py:183} INFO - Processing /opt/airflow/dags/tmdb_daily_dag.py took 0.141 seconds
[2026-03-29T21:39:57.808+0000] {processor.py:161} INFO - Started process (PID=66698) to work on /opt/airflow/dags/tmdb_daily_dag.py
[2026-03-29T21:39:57.811+0000] {processor.py:830} INFO - Processing file /opt/airflow/dags/tmdb_daily_dag.py for tasks to queue
[2026-03-29T21:39:57.812+0000] {logging_mixin.py:188} INFO - [2026-03-29T21:39:57.811+0000] {dagbag.py:545} INFO - Filling up the DagBag from /opt/airflow/dags/tmdb_daily_dag.py
[2026-03-29T21:39:57.833+0000] {processor.py:840} INFO - DAG(s) 'tmdb_raw_pipeline' retrieved from /opt/airflow/dags/tmdb_daily_dag.py
[2026-03-29T21:39:57.840+0000] {logging_mixin.py:188} INFO - [2026-03-29T21:39:57.839+0000] {dag.py:3096} INFO - Sync 1 DAGs
[2026-03-29T21:39:57.850+0000] {logging_mixin.py:188} INFO - [2026-03-29T21:39:57.850+0000] {dag.py:3954} INFO - Setting next_dagrun for tmdb_raw_pipeline to 2026-03-29 00:00:00+00:00, run_after=2026-03-30 00:00:00+00:00
[2026-03-29T21:39:57.857+0000] {processor.py:183} INFO - Processing /opt/airflow/dags/tmdb_daily_dag.py took 0.054 seconds
[2026-03-29T21:40:28.269+0000] {processor.py:161} INFO - Started process (PID=66718) to work on /opt/airflow/dags/tmdb_daily_dag.py
[2026-03-29T21:40:28.272+0000] {processor.py:830} INFO - Processing file /opt/airflow/dags/tmdb_daily_dag.py for tasks to queue
[2026-03-29T21:40:28.272+0000] {logging_mixin.py:188} INFO - [2026-03-29T21:40:28.272+0000] {dagbag.py:545} INFO - Filling up the DagBag from /opt/airflow/dags/tmdb_daily_dag.py
[2026-03-29T21:40:28.294+0000] {processor.py:840} INFO - DAG(s) 'tmdb_raw_pipeline' retrieved from /opt/airflow/dags/tmdb_daily_dag.py
[2026-03-29T21:40:28.301+0000] {logging_mixin.py:188} INFO - [2026-03-29T21:40:28.301+0000] {dag.py:3096} INFO - Sync 1 DAGs
[2026-03-29T21:40:28.312+0000] {logging_mixin.py:188} INFO - [2026-03-29T21:40:28.312+0000] {dag.py:3954} INFO - Setting next_dagrun for tmdb_raw_pipeline to 2026-03-29 00:00:00+00:00, run_after=2026-03-30 00:00:00+00:00
[2026-03-29T21:40:28.319+0000] {processor.py:183} INFO - Processing /opt/airflow/dags/tmdb_daily_dag.py took 0.055 seconds
[2026-03-29T21:40:58.809+0000] {processor.py:161} INFO - Started process (PID=66738) to work on /opt/airflow/dags/tmdb_daily_dag.py
[2026-03-29T21:40:58.811+0000] {processor.py:830} INFO - Processing file /opt/airflow/dags/tmdb_daily_dag.py for tasks to queue
[2026-03-29T21:40:58.812+0000] {logging_mixin.py:188} INFO - [2026-03-29T21:40:58.812+0000] {dagbag.py:545} INFO - Filling up the DagBag from /opt/airflow/dags/tmdb_daily_dag.py
[2026-03-29T21:40:58.835+0000] {processor.py:840} INFO - DAG(s) 'tmdb_raw_pipeline' retrieved from /opt/airflow/dags/tmdb_daily_dag.py
[2026-03-29T21:40:58.843+0000] {logging_mixin.py:188} INFO - [2026-03-29T21:40:58.843+0000] {dag.py:3096} INFO - Sync 1 DAGs
[2026-03-29T21:40:58.854+0000] {logging_mixin.py:188} INFO - [2026-03-29T21:40:58.854+0000] {dag.py:3954} INFO - Setting next_dagrun for tmdb_raw_pipeline to 2026-03-29 00:00:00+00:00, run_after=2026-03-30 00:00:00+00:00
[2026-03-29T21:40:58.861+0000] {processor.py:183} INFO - Processing /opt/airflow/dags/tmdb_daily_dag.py took 0.058 seconds
[2026-03-29T21:41:29.258+0000] {processor.py:161} INFO - Started process (PID=66758) to work on /opt/airflow/dags/tmdb_daily_dag.py
[2026-03-29T21:41:29.260+0000] {processor.py:830} INFO - Processing file /opt/airflow/dags/tmdb_daily_dag.py for tasks to queue
[2026-03-29T21:41:29.260+0000] {logging_mixin.py:188} INFO - [2026-03-29T21:41:29.260+0000] {dagbag.py:545} INFO - Filling up the DagBag from /opt/airflow/dags/tmdb_daily_dag.py
[2026-03-29T21:41:29.280+0000] {processor.py:840} INFO - DAG(s) 'tmdb_raw_pipeline' retrieved from /opt/airflow/dags/tmdb_daily_dag.py
[2026-03-29T21:41:29.287+0000] {logging_mixin.py:188} INFO - [2026-03-29T21:41:29.287+0000] {dag.py:3096} INFO - Sync 1 DAGs
[2026-03-29T21:41:29.298+0000] {logging_mixin.py:188} INFO - [2026-03-29T21:41:29.298+0000] {dag.py:3954} INFO - Setting next_dagrun for tmdb_raw_pipeline to 2026-03-29 00:00:00+00:00, run_after=2026-03-30 00:00:00+00:00
[2026-03-29T21:41:29.305+0000] {processor.py:183} INFO - Processing /opt/airflow/dags/tmdb_daily_dag.py took 0.054 seconds
[2026-03-29T21:41:59.757+0000] {processor.py:161} INFO - Started process (PID=66778) to work on /opt/airflow/dags/tmdb_daily_dag.py
[2026-03-29T21:41:59.760+0000] {processor.py:830} INFO - Processing file /opt/airflow/dags/tmdb_daily_dag.py for tasks to queue
[2026-03-29T21:41:59.761+0000] {logging_mixin.py:188} INFO - [2026-03-29T21:41:59.761+0000] {dagbag.py:545} INFO - Filling up the DagBag from /opt/airflow/dags/tmdb_daily_dag.py
[2026-03-29T21:41:59.784+0000] {processor.py:840} INFO - DAG(s) 'tmdb_raw_pipeline' retrieved from /opt/airflow/dags/tmdb_daily_dag.py
[2026-03-29T21:41:59.792+0000] {logging_mixin.py:188} INFO - [2026-03-29T21:41:59.792+0000] {dag.py:3096} INFO - Sync 1 DAGs
[2026-03-29T21:41:59.804+0000] {logging_mixin.py:188} INFO - [2026-03-29T21:41:59.803+0000] {dag.py:3954} INFO - Setting next_dagrun for tmdb_raw_pipeline to 2026-03-29 00:00:00+00:00, run_after=2026-03-30 00:00:00+00:00
[2026-03-29T21:41:59.811+0000] {processor.py:183} INFO - Processing /opt/airflow/dags/tmdb_daily_dag.py took 0.060 seconds
[2026-03-29T21:42:30.389+0000] {processor.py:161} INFO - Started process (PID=66798) to work on /opt/airflow/dags/tmdb_daily_dag.py
[2026-03-29T21:42:30.391+0000] {processor.py:830} INFO - Processing file /opt/airflow/dags/tmdb_daily_dag.py for tasks to queue
[2026-03-29T21:42:30.392+0000] {logging_mixin.py:188} INFO - [2026-03-29T21:42:30.392+0000] {dagbag.py:545} INFO - Filling up the DagBag from /opt/airflow/dags/tmdb_daily_dag.py
[2026-03-29T21:42:30.419+0000] {processor.py:840} INFO - DAG(s) 'tmdb_raw_pipeline' retrieved from /opt/airflow/dags/tmdb_daily_dag.py
[2026-03-29T21:42:30.435+0000] {logging_mixin.py:188} INFO - [2026-03-29T21:42:30.435+0000] {dag.py:3096} INFO - Sync 1 DAGs
[2026-03-29T21:42:30.456+0000] {logging_mixin.py:188} INFO - [2026-03-29T21:42:30.456+0000] {dag.py:3954} INFO - Setting next_dagrun for tmdb_raw_pipeline to 2026-03-29 00:00:00+00:00, run_after=2026-03-30 00:00:00+00:00
[2026-03-29T21:42:30.466+0000] {processor.py:183} INFO - Processing /opt/airflow/dags/tmdb_daily_dag.py took 0.087 seconds
[2026-03-29T21:43:00.891+0000] {processor.py:161} INFO - Started process (PID=66818) to work on /opt/airflow/dags/tmdb_daily_dag.py
[2026-03-29T21:43:00.894+0000] {processor.py:830} INFO - Processing file /opt/airflow/dags/tmdb_daily_dag.py for tasks to queue
[2026-03-29T21:43:00.894+0000] {logging_mixin.py:188} INFO - [2026-03-29T21:43:00.894+0000] {dagbag.py:545} INFO - Filling up the DagBag from /opt/airflow/dags/tmdb_daily_dag.py
[2026-03-29T21:43:00.918+0000] {processor.py:840} INFO - DAG(s) 'tmdb_raw_pipeline' retrieved from /opt/airflow/dags/tmdb_daily_dag.py
[2026-03-29T21:43:00.926+0000] {logging_mixin.py:188} INFO - [2026-03-29T21:43:00.926+0000] {dag.py:3096} INFO - Sync 1 DAGs
[2026-03-29T21:43:00.938+0000] {logging_mixin.py:188} INFO - [2026-03-29T21:43:00.938+0000] {dag.py:3954} INFO - Setting next_dagrun for tmdb_raw_pipeline to 2026-03-29 00:00:00+00:00, run_after=2026-03-30 00:00:00+00:00
[2026-03-29T21:43:00.945+0000] {processor.py:183} INFO - Processing /opt/airflow/dags/tmdb_daily_dag.py took 0.060 seconds
[2026-03-29T21:43:31.575+0000] {processor.py:161} INFO - Started process (PID=66838) to work on /opt/airflow/dags/tmdb_daily_dag.py
[2026-03-29T21:43:31.577+0000] {processor.py:830} INFO - Processing file /opt/airflow/dags/tmdb_daily_dag.py for tasks to queue
[2026-03-29T21:43:31.578+0000] {logging_mixin.py:188} INFO - [2026-03-29T21:43:31.578+0000] {dagbag.py:545} INFO - Filling up the DagBag from /opt/airflow/dags/tmdb_daily_dag.py
[2026-03-29T21:43:31.633+0000] {processor.py:840} INFO - DAG(s) 'tmdb_raw_pipeline' retrieved from /opt/airflow/dags/tmdb_daily_dag.py
[2026-03-29T21:43:31.654+0000] {logging_mixin.py:188} INFO - [2026-03-29T21:43:31.654+0000] {dag.py:3096} INFO - Sync 1 DAGs
[2026-03-29T21:43:31.673+0000] {logging_mixin.py:188} INFO - [2026-03-29T21:43:31.673+0000] {dag.py:3954} INFO - Setting next_dagrun for tmdb_raw_pipeline to 2026-03-29 00:00:00+00:00, run_after=2026-03-30 00:00:00+00:00
[2026-03-29T21:43:31.683+0000] {processor.py:183} INFO - Processing /opt/airflow/dags/tmdb_daily_dag.py took 0.125 seconds
[2026-03-29T21:44:02.141+0000] {processor.py:161} INFO - Started process (PID=66858) to work on /opt/airflow/dags/tmdb_daily_dag.py
[2026-03-29T21:44:02.143+0000] {processor.py:830} INFO - Processing file /opt/airflow/dags/tmdb_daily_dag.py for tasks to queue
[2026-03-29T21:44:02.144+0000] {logging_mixin.py:188} INFO - [2026-03-29T21:44:02.144+0000] {dagbag.py:545} INFO - Filling up the DagBag from /opt/airflow/dags/tmdb_daily_dag.py
[2026-03-29T21:44:02.166+0000] {processor.py:840} INFO - DAG(s) 'tmdb_raw_pipeline' retrieved from /opt/airflow/dags/tmdb_daily_dag.py
[2026-03-29T21:44:02.173+0000] {logging_mixin.py:188} INFO - [2026-03-29T21:44:02.173+0000] {dag.py:3096} INFO - Sync 1 DAGs
[2026-03-29T21:44:02.185+0000] {logging_mixin.py:188} INFO - [2026-03-29T21:44:02.185+0000] {dag.py:3954} INFO - Setting next_dagrun for tmdb_raw_pipeline to 2026-03-29 00:00:00+00:00, run_after=2026-03-30 00:00:00+00:00
[2026-03-29T21:44:02.192+0000] {processor.py:183} INFO - Processing /opt/airflow/dags/tmdb_daily_dag.py took 0.056 seconds
[2026-03-29T21:44:32.708+0000] {processor.py:161} INFO - Started process (PID=66878) to work on /opt/airflow/dags/tmdb_daily_dag.py
[2026-03-29T21:44:32.710+0000] {processor.py:830} INFO - Processing file /opt/airflow/dags/tmdb_daily_dag.py for tasks to queue
[2026-03-29T21:44:32.711+0000] {logging_mixin.py:188} INFO - [2026-03-29T21:44:32.711+0000] {dagbag.py:545} INFO - Filling up the DagBag from /opt/airflow/dags/tmdb_daily_dag.py
[2026-03-29T21:44:32.734+0000] {processor.py:840} INFO - DAG(s) 'tmdb_raw_pipeline' retrieved from /opt/airflow/dags/tmdb_daily_dag.py
[2026-03-29T21:44:32.742+0000] {logging_mixin.py:188} INFO - [2026-03-29T21:44:32.742+0000] {dag.py:3096} INFO - Sync 1 DAGs
[2026-03-29T21:44:32.755+0000] {logging_mixin.py:188} INFO - [2026-03-29T21:44:32.754+0000] {dag.py:3954} INFO - Setting next_dagrun for tmdb_raw_pipeline to 2026-03-29 00:00:00+00:00, run_after=2026-03-30 00:00:00+00:00
[2026-03-29T21:44:32.762+0000] {processor.py:183} INFO - Processing /opt/airflow/dags/tmdb_daily_dag.py took 0.061 seconds
[2026-03-29T21:45:03.363+0000] {processor.py:161} INFO - Started process (PID=66898) to work on /opt/airflow/dags/tmdb_daily_dag.py
[2026-03-29T21:45:03.367+0000] {processor.py:830} INFO - Processing file /opt/airflow/dags/tmdb_daily_dag.py for tasks to queue
[2026-03-29T21:45:03.368+0000] {logging_mixin.py:188} INFO - [2026-03-29T21:45:03.368+0000] {dagbag.py:545} INFO - Filling up the DagBag from /opt/airflow/dags/tmdb_daily_dag.py
[2026-03-29T21:45:03.392+0000] {processor.py:840} INFO - DAG(s) 'tmdb_raw_pipeline' retrieved from /opt/airflow/dags/tmdb_daily_dag.py
[2026-03-29T21:45:03.403+0000] {logging_mixin.py:188} INFO - [2026-03-29T21:45:03.403+0000] {dag.py:3096} INFO - Sync 1 DAGs
[2026-03-29T21:45:03.414+0000] {logging_mixin.py:188} INFO - [2026-03-29T21:45:03.414+0000] {dag.py:3954} INFO - Setting next_dagrun for tmdb_raw_pipeline to 2026-03-29 00:00:00+00:00, run_after=2026-03-30 00:00:00+00:00
[2026-03-29T21:45:03.422+0000] {processor.py:183} INFO - Processing /opt/airflow/dags/tmdb_daily_dag.py took 0.065 seconds
[2026-03-29T21:45:33.979+0000] {processor.py:161} INFO - Started process (PID=66918) to work on /opt/airflow/dags/tmdb_daily_dag.py
[2026-03-29T21:45:33.985+0000] {processor.py:830} INFO - Processing file /opt/airflow/dags/tmdb_daily_dag.py for tasks to queue
[2026-03-29T21:45:33.987+0000] {logging_mixin.py:188} INFO - [2026-03-29T21:45:33.986+0000] {dagbag.py:545} INFO - Filling up the DagBag from /opt/airflow/dags/tmdb_daily_dag.py
[2026-03-29T21:45:34.041+0000] {processor.py:840} INFO - DAG(s) 'tmdb_raw_pipeline' retrieved from /opt/airflow/dags/tmdb_daily_dag.py
[2026-03-29T21:45:34.057+0000] {logging_mixin.py:188} INFO - [2026-03-29T21:45:34.057+0000] {dag.py:3096} INFO - Sync 1 DAGs
[2026-03-29T21:45:34.077+0000] {logging_mixin.py:188} INFO - [2026-03-29T21:45:34.077+0000] {dag.py:3954} INFO - Setting next_dagrun for tmdb_raw_pipeline to 2026-03-29 00:00:00+00:00, run_after=2026-03-30 00:00:00+00:00
[2026-03-29T21:45:34.094+0000] {processor.py:183} INFO - Processing /opt/airflow/dags/tmdb_daily_dag.py took 0.128 seconds
[2026-03-29T21:46:04.595+0000] {processor.py:161} INFO - Started process (PID=66943) to work on /opt/airflow/dags/tmdb_daily_dag.py
[2026-03-29T21:46:04.598+0000] {processor.py:830} INFO - Processing file /opt/airflow/dags/tmdb_daily_dag.py for tasks to queue
[2026-03-29T21:46:04.599+0000] {logging_mixin.py:188} INFO - [2026-03-29T21:46:04.598+0000] {dagbag.py:545} INFO - Filling up the DagBag from /opt/airflow/dags/tmdb_daily_dag.py
[2026-03-29T21:46:04.688+0000] {processor.py:840} INFO - DAG(s) 'tmdb_raw_pipeline' retrieved from /opt/airflow/dags/tmdb_daily_dag.py
[2026-03-29T21:46:04.711+0000] {logging_mixin.py:188} INFO - [2026-03-29T21:46:04.711+0000] {dag.py:3096} INFO - Sync 1 DAGs
[2026-03-29T21:46:04.733+0000] {logging_mixin.py:188} INFO - [2026-03-29T21:46:04.733+0000] {dag.py:3954} INFO - Setting next_dagrun for tmdb_raw_pipeline to 2026-03-29 00:00:00+00:00, run_after=2026-03-30 00:00:00+00:00
[2026-03-29T21:46:04.744+0000] {processor.py:183} INFO - Processing /opt/airflow/dags/tmdb_daily_dag.py took 0.167 seconds
[2026-03-29T21:46:35.368+0000] {processor.py:161} INFO - Started process (PID=66963) to work on /opt/airflow/dags/tmdb_daily_dag.py
[2026-03-29T21:46:35.371+0000] {processor.py:830} INFO - Processing file /opt/airflow/dags/tmdb_daily_dag.py for tasks to queue
[2026-03-29T21:46:35.372+0000] {logging_mixin.py:188} INFO - [2026-03-29T21:46:35.371+0000] {dagbag.py:545} INFO - Filling up the DagBag from /opt/airflow/dags/tmdb_daily_dag.py
[2026-03-29T21:46:35.424+0000] {processor.py:840} INFO - DAG(s) 'tmdb_raw_pipeline' retrieved from /opt/airflow/dags/tmdb_daily_dag.py
[2026-03-29T21:46:35.435+0000] {logging_mixin.py:188} INFO - [2026-03-29T21:46:35.435+0000] {dag.py:3096} INFO - Sync 1 DAGs
[2026-03-29T21:46:35.459+0000] {logging_mixin.py:188} INFO - [2026-03-29T21:46:35.458+0000] {dag.py:3954} INFO - Setting next_dagrun for tmdb_raw_pipeline to 2026-03-29 00:00:00+00:00, run_after=2026-03-30 00:00:00+00:00
[2026-03-29T21:46:35.468+0000] {processor.py:183} INFO - Processing /opt/airflow/dags/tmdb_daily_dag.py took 0.132 seconds
[2026-03-29T21:47:05.850+0000] {processor.py:161} INFO - Started process (PID=66983) to work on /opt/airflow/dags/tmdb_daily_dag.py
[2026-03-29T21:47:05.852+0000] {processor.py:830} INFO - Processing file /opt/airflow/dags/tmdb_daily_dag.py for tasks to queue
[2026-03-29T21:47:05.853+0000] {logging_mixin.py:188} INFO - [2026-03-29T21:47:05.852+0000] {dagbag.py:545} INFO - Filling up the DagBag from /opt/airflow/dags/tmdb_daily_dag.py
[2026-03-29T21:47:05.877+0000] {processor.py:840} INFO - DAG(s) 'tmdb_raw_pipeline' retrieved from /opt/airflow/dags/tmdb_daily_dag.py
[2026-03-29T21:47:05.884+0000] {logging_mixin.py:188} INFO - [2026-03-29T21:47:05.884+0000] {dag.py:3096} INFO - Sync 1 DAGs
[2026-03-29T21:47:05.895+0000] {logging_mixin.py:188} INFO - [2026-03-29T21:47:05.895+0000] {dag.py:3954} INFO - Setting next_dagrun for tmdb_raw_pipeline to 2026-03-29 00:00:00+00:00, run_after=2026-03-30 00:00:00+00:00
[2026-03-29T21:47:05.902+0000] {processor.py:183} INFO - Processing /opt/airflow/dags/tmdb_daily_dag.py took 0.057 seconds
[2026-03-29T21:47:36.399+0000] {processor.py:161} INFO - Started process (PID=67003) to work on /opt/airflow/dags/tmdb_daily_dag.py
[2026-03-29T21:47:36.403+0000] {processor.py:830} INFO - Processing file /opt/airflow/dags/tmdb_daily_dag.py for tasks to queue
[2026-03-29T21:47:36.404+0000] {logging_mixin.py:188} INFO - [2026-03-29T21:47:36.403+0000] {dagbag.py:545} INFO - Filling up the DagBag from /opt/airflow/dags/tmdb_daily_dag.py
[2026-03-29T21:47:36.458+0000] {processor.py:840} INFO - DAG(s) 'tmdb_raw_pipeline' retrieved from /opt/airflow/dags/tmdb_daily_dag.py
[2026-03-29T21:47:36.471+0000] {logging_mixin.py:188} INFO - [2026-03-29T21:47:36.471+0000] {dag.py:3096} INFO - Sync 1 DAGs
[2026-03-29T21:47:36.495+0000] {logging_mixin.py:188} INFO - [2026-03-29T21:47:36.495+0000] {dag.py:3954} INFO - Setting next_dagrun for tmdb_raw_pipeline to 2026-03-29 00:00:00+00:00, run_after=2026-03-30 00:00:00+00:00
[2026-03-29T21:47:36.506+0000] {processor.py:183} INFO - Processing /opt/airflow/dags/tmdb_daily_dag.py took 0.117 seconds
[2026-03-29T21:48:06.944+0000] {processor.py:161} INFO - Started process (PID=67023) to work on /opt/airflow/dags/tmdb_daily_dag.py
[2026-03-29T21:48:06.947+0000] {processor.py:830} INFO - Processing file /opt/airflow/dags/tmdb_daily_dag.py for tasks to queue
[2026-03-29T21:48:06.948+0000] {logging_mixin.py:188} INFO - [2026-03-29T21:48:06.948+0000] {dagbag.py:545} INFO - Filling up the DagBag from /opt/airflow/dags/tmdb_daily_dag.py
[2026-03-29T21:48:06.984+0000] {processor.py:840} INFO - DAG(s) 'tmdb_raw_pipeline' retrieved from /opt/airflow/dags/tmdb_daily_dag.py
[2026-03-29T21:48:07.003+0000] {logging_mixin.py:188} INFO - [2026-03-29T21:48:07.003+0000] {dag.py:3096} INFO - Sync 1 DAGs
[2026-03-29T21:48:07.022+0000] {logging_mixin.py:188} INFO - [2026-03-29T21:48:07.022+0000] {dag.py:3954} INFO - Setting next_dagrun for tmdb_raw_pipeline to 2026-03-29 00:00:00+00:00, run_after=2026-03-30 00:00:00+00:00
[2026-03-29T21:48:07.030+0000] {processor.py:183} INFO - Processing /opt/airflow/dags/tmdb_daily_dag.py took 0.093 seconds
[2026-03-29T21:48:37.462+0000] {processor.py:161} INFO - Started process (PID=67043) to work on /opt/airflow/dags/tmdb_daily_dag.py
[2026-03-29T21:48:37.464+0000] {processor.py:830} INFO - Processing file /opt/airflow/dags/tmdb_daily_dag.py for tasks to queue
[2026-03-29T21:48:37.465+0000] {logging_mixin.py:188} INFO - [2026-03-29T21:48:37.465+0000] {dagbag.py:545} INFO - Filling up the DagBag from /opt/airflow/dags/tmdb_daily_dag.py
[2026-03-29T21:48:37.519+0000] {processor.py:840} INFO - DAG(s) 'tmdb_raw_pipeline' retrieved from /opt/airflow/dags/tmdb_daily_dag.py
[2026-03-29T21:48:37.533+0000] {logging_mixin.py:188} INFO - [2026-03-29T21:48:37.532+0000] {dag.py:3096} INFO - Sync 1 DAGs
[2026-03-29T21:48:37.552+0000] {logging_mixin.py:188} INFO - [2026-03-29T21:48:37.551+0000] {dag.py:3954} INFO - Setting next_dagrun for tmdb_raw_pipeline to 2026-03-29 00:00:00+00:00, run_after=2026-03-30 00:00:00+00:00
[2026-03-29T21:48:37.569+0000] {processor.py:183} INFO - Processing /opt/airflow/dags/tmdb_daily_dag.py took 0.115 seconds
[2026-03-29T21:49:07.950+0000] {processor.py:161} INFO - Started process (PID=67063) to work on /opt/airflow/dags/tmdb_daily_dag.py
[2026-03-29T21:49:07.953+0000] {processor.py:830} INFO - Processing file /opt/airflow/dags/tmdb_daily_dag.py for tasks to queue
[2026-03-29T21:49:07.954+0000] {logging_mixin.py:188} INFO - [2026-03-29T21:49:07.953+0000] {dagbag.py:545} INFO - Filling up the DagBag from /opt/airflow/dags/tmdb_daily_dag.py
[2026-03-29T21:49:07.975+0000] {processor.py:840} INFO - DAG(s) 'tmdb_raw_pipeline' retrieved from /opt/airflow/dags/tmdb_daily_dag.py
[2026-03-29T21:49:07.982+0000] {logging_mixin.py:188} INFO - [2026-03-29T21:49:07.982+0000] {dag.py:3096} INFO - Sync 1 DAGs
[2026-03-29T21:49:07.993+0000] {logging_mixin.py:188} INFO - [2026-03-29T21:49:07.993+0000] {dag.py:3954} INFO - Setting next_dagrun for tmdb_raw_pipeline to 2026-03-29 00:00:00+00:00, run_after=2026-03-30 00:00:00+00:00
[2026-03-29T21:49:08.001+0000] {processor.py:183} INFO - Processing /opt/airflow/dags/tmdb_daily_dag.py took 0.057 seconds
[2026-03-29T21:49:38.462+0000] {processor.py:161} INFO - Started process (PID=67083) to work on /opt/airflow/dags/tmdb_daily_dag.py
[2026-03-29T21:49:38.464+0000] {processor.py:830} INFO - Processing file /opt/airflow/dags/tmdb_daily_dag.py for tasks to queue
[2026-03-29T21:49:38.465+0000] {logging_mixin.py:188} INFO - [2026-03-29T21:49:38.465+0000] {dagbag.py:545} INFO - Filling up the DagBag from /opt/airflow/dags/tmdb_daily_dag.py
[2026-03-29T21:49:38.498+0000] {processor.py:840} INFO - DAG(s) 'tmdb_raw_pipeline' retrieved from /opt/airflow/dags/tmdb_daily_dag.py
[2026-03-29T21:49:38.516+0000] {logging_mixin.py:188} INFO - [2026-03-29T21:49:38.516+0000] {dag.py:3096} INFO - Sync 1 DAGs
[2026-03-29T21:49:38.530+0000] {logging_mixin.py:188} INFO - [2026-03-29T21:49:38.530+0000] {dag.py:3954} INFO - Setting next_dagrun for tmdb_raw_pipeline to 2026-03-29 00:00:00+00:00, run_after=2026-03-30 00:00:00+00:00
[2026-03-29T21:49:38.539+0000] {processor.py:183} INFO - Processing /opt/airflow/dags/tmdb_daily_dag.py took 0.086 seconds
[2026-03-29T21:50:08.908+0000] {processor.py:161} INFO - Started process (PID=67103) to work on /opt/airflow/dags/tmdb_daily_dag.py
[2026-03-29T21:50:08.912+0000] {processor.py:830} INFO - Processing file /opt/airflow/dags/tmdb_daily_dag.py for tasks to queue
[2026-03-29T21:50:08.912+0000] {logging_mixin.py:188} INFO - [2026-03-29T21:50:08.912+0000] {dagbag.py:545} INFO - Filling up the DagBag from /opt/airflow/dags/tmdb_daily_dag.py
[2026-03-29T21:50:08.933+0000] {processor.py:840} INFO - DAG(s) 'tmdb_raw_pipeline' retrieved from /opt/airflow/dags/tmdb_daily_dag.py
[2026-03-29T21:50:08.939+0000] {logging_mixin.py:188} INFO - [2026-03-29T21:50:08.939+0000] {dag.py:3096} INFO - Sync 1 DAGs
[2026-03-29T21:50:08.949+0000] {logging_mixin.py:188} INFO - [2026-03-29T21:50:08.949+0000] {dag.py:3954} INFO - Setting next_dagrun for tmdb_raw_pipeline to 2026-03-29 00:00:00+00:00, run_after=2026-03-30 00:00:00+00:00
[2026-03-29T21:50:08.956+0000] {processor.py:183} INFO - Processing /opt/airflow/dags/tmdb_daily_dag.py took 0.054 seconds
[2026-03-29T21:50:39.401+0000] {processor.py:161} INFO - Started process (PID=67123) to work on /opt/airflow/dags/tmdb_daily_dag.py
[2026-03-29T21:50:39.404+0000] {processor.py:830} INFO - Processing file /opt/airflow/dags/tmdb_daily_dag.py for tasks to queue
[2026-03-29T21:50:39.405+0000] {logging_mixin.py:188} INFO - [2026-03-29T21:50:39.404+0000] {dagbag.py:545} INFO - Filling up the DagBag from /opt/airflow/dags/tmdb_daily_dag.py
[2026-03-29T21:50:39.434+0000] {processor.py:840} INFO - DAG(s) 'tmdb_raw_pipeline' retrieved from /opt/airflow/dags/tmdb_daily_dag.py
[2026-03-29T21:50:39.440+0000] {logging_mixin.py:188} INFO - [2026-03-29T21:50:39.440+0000] {dag.py:3096} INFO - Sync 1 DAGs
[2026-03-29T21:50:39.450+0000] {logging_mixin.py:188} INFO - [2026-03-29T21:50:39.450+0000] {dag.py:3954} INFO - Setting next_dagrun for tmdb_raw_pipeline to 2026-03-29 00:00:00+00:00, run_after=2026-03-30 00:00:00+00:00
[2026-03-29T21:50:39.457+0000] {processor.py:183} INFO - Processing /opt/airflow/dags/tmdb_daily_dag.py took 0.062 seconds
[2026-03-29T21:51:10.033+0000] {processor.py:161} INFO - Started process (PID=67143) to work on /opt/airflow/dags/tmdb_daily_dag.py
[2026-03-29T21:51:10.036+0000] {processor.py:830} INFO - Processing file /opt/airflow/dags/tmdb_daily_dag.py for tasks to queue
[2026-03-29T21:51:10.037+0000] {logging_mixin.py:188} INFO - [2026-03-29T21:51:10.036+0000] {dagbag.py:545} INFO - Filling up the DagBag from /opt/airflow/dags/tmdb_daily_dag.py
[2026-03-29T21:51:10.100+0000] {processor.py:840} INFO - DAG(s) 'tmdb_raw_pipeline' retrieved from /opt/airflow/dags/tmdb_daily_dag.py
[2026-03-29T21:51:10.117+0000] {logging_mixin.py:188} INFO - [2026-03-29T21:51:10.117+0000] {dag.py:3096} INFO - Sync 1 DAGs
[2026-03-29T21:51:10.145+0000] {logging_mixin.py:188} INFO - [2026-03-29T21:51:10.145+0000] {dag.py:3954} INFO - Setting next_dagrun for tmdb_raw_pipeline to 2026-03-29 00:00:00+00:00, run_after=2026-03-30 00:00:00+00:00
[2026-03-29T21:51:10.158+0000] {processor.py:183} INFO - Processing /opt/airflow/dags/tmdb_daily_dag.py took 0.135 seconds
[2026-03-29T21:51:40.531+0000] {processor.py:161} INFO - Started process (PID=67163) to work on /opt/airflow/dags/tmdb_daily_dag.py
[2026-03-29T21:51:40.533+0000] {processor.py:830} INFO - Processing file /opt/airflow/dags/tmdb_daily_dag.py for tasks to queue
[2026-03-29T21:51:40.533+0000] {logging_mixin.py:188} INFO - [2026-03-29T21:51:40.533+0000] {dagbag.py:545} INFO - Filling up the DagBag from /opt/airflow/dags/tmdb_daily_dag.py
[2026-03-29T21:51:40.553+0000] {processor.py:840} INFO - DAG(s) 'tmdb_raw_pipeline' retrieved from /opt/airflow/dags/tmdb_daily_dag.py
[2026-03-29T21:51:40.558+0000] {logging_mixin.py:188} INFO - [2026-03-29T21:51:40.558+0000] {dag.py:3096} INFO - Sync 1 DAGs
[2026-03-29T21:51:40.568+0000] {logging_mixin.py:188} INFO - [2026-03-29T21:51:40.568+0000] {dag.py:3954} INFO - Setting next_dagrun for tmdb_raw_pipeline to 2026-03-29 00:00:00+00:00, run_after=2026-03-30 00:00:00+00:00
[2026-03-29T21:51:40.574+0000] {processor.py:183} INFO - Processing /opt/airflow/dags/tmdb_daily_dag.py took 0.048 seconds
[2026-03-29T21:52:11.017+0000] {processor.py:161} INFO - Started process (PID=67183) to work on /opt/airflow/dags/tmdb_daily_dag.py
[2026-03-29T21:52:11.020+0000] {processor.py:830} INFO - Processing file /opt/airflow/dags/tmdb_daily_dag.py for tasks to queue
[2026-03-29T21:52:11.021+0000] {logging_mixin.py:188} INFO - [2026-03-29T21:52:11.020+0000] {dagbag.py:545} INFO - Filling up the DagBag from /opt/airflow/dags/tmdb_daily_dag.py
[2026-03-29T21:52:11.062+0000] {processor.py:840} INFO - DAG(s) 'tmdb_raw_pipeline' retrieved from /opt/airflow/dags/tmdb_daily_dag.py
[2026-03-29T21:52:11.077+0000] {logging_mixin.py:188} INFO - [2026-03-29T21:52:11.077+0000] {dag.py:3096} INFO - Sync 1 DAGs
[2026-03-29T21:52:11.091+0000] {logging_mixin.py:188} INFO - [2026-03-29T21:52:11.091+0000] {dag.py:3954} INFO - Setting next_dagrun for tmdb_raw_pipeline to 2026-03-29 00:00:00+00:00, run_after=2026-03-30 00:00:00+00:00
[2026-03-29T21:52:11.101+0000] {processor.py:183} INFO - Processing /opt/airflow/dags/tmdb_daily_dag.py took 0.094 seconds
[2026-03-29T21:52:41.624+0000] {processor.py:161} INFO - Started process (PID=67203) to work on /opt/airflow/dags/tmdb_daily_dag.py
[2026-03-29T21:52:41.628+0000] {processor.py:830} INFO - Processing file /opt/airflow/dags/tmdb_daily_dag.py for tasks to queue
[2026-03-29T21:52:41.629+0000] {logging_mixin.py:188} INFO - [2026-03-29T21:52:41.629+0000] {dagbag.py:545} INFO - Filling up the DagBag from /opt/airflow/dags/tmdb_daily_dag.py
[2026-03-29T21:52:41.660+0000] {processor.py:840} INFO - DAG(s) 'tmdb_raw_pipeline' retrieved from /opt/airflow/dags/tmdb_daily_dag.py
[2026-03-29T21:52:41.669+0000] {logging_mixin.py:188} INFO - [2026-03-29T21:52:41.669+0000] {dag.py:3096} INFO - Sync 1 DAGs
[2026-03-29T21:52:41.687+0000] {logging_mixin.py:188} INFO - [2026-03-29T21:52:41.686+0000] {dag.py:3954} INFO - Setting next_dagrun for tmdb_raw_pipeline to 2026-03-29 00:00:00+00:00, run_after=2026-03-30 00:00:00+00:00
[2026-03-29T21:52:41.694+0000] {processor.py:183} INFO - Processing /opt/airflow/dags/tmdb_daily_dag.py took 0.076 seconds
[2026-03-29T21:53:12.149+0000] {processor.py:161} INFO - Started process (PID=67223) to work on /opt/airflow/dags/tmdb_daily_dag.py
[2026-03-29T21:53:12.152+0000] {processor.py:830} INFO - Processing file /opt/airflow/dags/tmdb_daily_dag.py for tasks to queue
[2026-03-29T21:53:12.153+0000] {logging_mixin.py:188} INFO - [2026-03-29T21:53:12.153+0000] {dagbag.py:545} INFO - Filling up the DagBag from /opt/airflow/dags/tmdb_daily_dag.py
[2026-03-29T21:53:12.213+0000] {processor.py:840} INFO - DAG(s) 'tmdb_raw_pipeline' retrieved from /opt/airflow/dags/tmdb_daily_dag.py
[2026-03-29T21:53:12.227+0000] {logging_mixin.py:188} INFO - [2026-03-29T21:53:12.227+0000] {dag.py:3096} INFO - Sync 1 DAGs
[2026-03-29T21:53:12.254+0000] {logging_mixin.py:188} INFO - [2026-03-29T21:53:12.253+0000] {dag.py:3954} INFO - Setting next_dagrun for tmdb_raw_pipeline to 2026-03-29 00:00:00+00:00, run_after=2026-03-30 00:00:00+00:00
[2026-03-29T21:53:12.265+0000] {processor.py:183} INFO - Processing /opt/airflow/dags/tmdb_daily_dag.py took 0.128 seconds
[2026-03-29T21:53:42.804+0000] {processor.py:161} INFO - Started process (PID=67243) to work on /opt/airflow/dags/tmdb_daily_dag.py
[2026-03-29T21:53:42.807+0000] {processor.py:830} INFO - Processing file /opt/airflow/dags/tmdb_daily_dag.py for tasks to queue
[2026-03-29T21:53:42.808+0000] {logging_mixin.py:188} INFO - [2026-03-29T21:53:42.808+0000] {dagbag.py:545} INFO - Filling up the DagBag from /opt/airflow/dags/tmdb_daily_dag.py
[2026-03-29T21:53:42.831+0000] {processor.py:840} INFO - DAG(s) 'tmdb_raw_pipeline' retrieved from /opt/airflow/dags/tmdb_daily_dag.py
[2026-03-29T21:53:42.837+0000] {logging_mixin.py:188} INFO - [2026-03-29T21:53:42.837+0000] {dag.py:3096} INFO - Sync 1 DAGs
[2026-03-29T21:53:42.848+0000] {logging_mixin.py:188} INFO - [2026-03-29T21:53:42.848+0000] {dag.py:3954} INFO - Setting next_dagrun for tmdb_raw_pipeline to 2026-03-29 00:00:00+00:00, run_after=2026-03-30 00:00:00+00:00
[2026-03-29T21:53:42.855+0000] {processor.py:183} INFO - Processing /opt/airflow/dags/tmdb_daily_dag.py took 0.056 seconds
[2026-03-29T21:54:13.280+0000] {processor.py:161} INFO - Started process (PID=67263) to work on /opt/airflow/dags/tmdb_daily_dag.py
[2026-03-29T21:54:13.283+0000] {processor.py:830} INFO - Processing file /opt/airflow/dags/tmdb_daily_dag.py for tasks to queue
[2026-03-29T21:54:13.285+0000] {logging_mixin.py:188} INFO - [2026-03-29T21:54:13.284+0000] {dagbag.py:545} INFO - Filling up the DagBag from /opt/airflow/dags/tmdb_daily_dag.py
[2026-03-29T21:54:13.325+0000] {processor.py:840} INFO - DAG(s) 'tmdb_raw_pipeline' retrieved from /opt/airflow/dags/tmdb_daily_dag.py
[2026-03-29T21:54:13.350+0000] {logging_mixin.py:188} INFO - [2026-03-29T21:54:13.350+0000] {dag.py:3096} INFO - Sync 1 DAGs
[2026-03-29T21:54:13.367+0000] {logging_mixin.py:188} INFO - [2026-03-29T21:54:13.366+0000] {dag.py:3954} INFO - Setting next_dagrun for tmdb_raw_pipeline to 2026-03-29 00:00:00+00:00, run_after=2026-03-30 00:00:00+00:00
[2026-03-29T21:54:13.376+0000] {processor.py:183} INFO - Processing /opt/airflow/dags/tmdb_daily_dag.py took 0.107 seconds
[2026-03-29T21:54:43.736+0000] {processor.py:161} INFO - Started process (PID=67283) to work on /opt/airflow/dags/tmdb_daily_dag.py
[2026-03-29T21:54:43.740+0000] {processor.py:830} INFO - Processing file /opt/airflow/dags/tmdb_daily_dag.py for tasks to queue
[2026-03-29T21:54:43.740+0000] {logging_mixin.py:188} INFO - [2026-03-29T21:54:43.740+0000] {dagbag.py:545} INFO - Filling up the DagBag from /opt/airflow/dags/tmdb_daily_dag.py
[2026-03-29T21:54:43.764+0000] {processor.py:840} INFO - DAG(s) 'tmdb_raw_pipeline' retrieved from /opt/airflow/dags/tmdb_daily_dag.py
[2026-03-29T21:54:43.772+0000] {logging_mixin.py:188} INFO - [2026-03-29T21:54:43.772+0000] {dag.py:3096} INFO - Sync 1 DAGs
[2026-03-29T21:54:43.784+0000] {logging_mixin.py:188} INFO - [2026-03-29T21:54:43.784+0000] {dag.py:3954} INFO - Setting next_dagrun for tmdb_raw_pipeline to 2026-03-29 00:00:00+00:00, run_after=2026-03-30 00:00:00+00:00
[2026-03-29T21:54:43.792+0000] {processor.py:183} INFO - Processing /opt/airflow/dags/tmdb_daily_dag.py took 0.066 seconds
[2026-03-29T21:55:14.258+0000] {processor.py:161} INFO - Started process (PID=67303) to work on /opt/airflow/dags/tmdb_daily_dag.py
[2026-03-29T21:55:14.261+0000] {processor.py:830} INFO - Processing file /opt/airflow/dags/tmdb_daily_dag.py for tasks to queue
[2026-03-29T21:55:14.262+0000] {logging_mixin.py:188} INFO - [2026-03-29T21:55:14.261+0000] {dagbag.py:545} INFO - Filling up the DagBag from /opt/airflow/dags/tmdb_daily_dag.py
[2026-03-29T21:55:14.282+0000] {processor.py:840} INFO - DAG(s) 'tmdb_raw_pipeline' retrieved from /opt/airflow/dags/tmdb_daily_dag.py
[2026-03-29T21:55:14.290+0000] {logging_mixin.py:188} INFO - [2026-03-29T21:55:14.290+0000] {dag.py:3096} INFO - Sync 1 DAGs
[2026-03-29T21:55:14.300+0000] {logging_mixin.py:188} INFO - [2026-03-29T21:55:14.300+0000] {dag.py:3954} INFO - Setting next_dagrun for tmdb_raw_pipeline to 2026-03-29 00:00:00+00:00, run_after=2026-03-30 00:00:00+00:00
[2026-03-29T21:55:14.307+0000] {processor.py:183} INFO - Processing /opt/airflow/dags/tmdb_daily_dag.py took 0.057 seconds
[2026-03-29T21:55:42.795+0000] {processor.py:161} INFO - Started process (PID=67328) to work on /opt/airflow/dags/tmdb_daily_dag.py
[2026-03-29T21:55:42.799+0000] {processor.py:830} INFO - Processing file /opt/airflow/dags/tmdb_daily_dag.py for tasks to queue
[2026-03-29T21:55:42.800+0000] {logging_mixin.py:188} INFO - [2026-03-29T21:55:42.800+0000] {dagbag.py:545} INFO - Filling up the DagBag from /opt/airflow/dags/tmdb_daily_dag.py
[2026-03-29T21:55:42.820+0000] {processor.py:840} INFO - DAG(s) 'tmdb_raw_pipeline' retrieved from /opt/airflow/dags/tmdb_daily_dag.py
[2026-03-29T21:55:42.827+0000] {logging_mixin.py:188} INFO - [2026-03-29T21:55:42.826+0000] {dag.py:3096} INFO - Sync 1 DAGs
[2026-03-29T21:55:42.837+0000] {logging_mixin.py:188} INFO - [2026-03-29T21:55:42.837+0000] {dag.py:3954} INFO - Setting next_dagrun for tmdb_raw_pipeline to 2026-03-29 00:00:00+00:00, run_after=2026-03-30 00:00:00+00:00
[2026-03-29T21:55:42.844+0000] {processor.py:183} INFO - Processing /opt/airflow/dags/tmdb_daily_dag.py took 0.053 seconds
[2026-03-29T21:56:13.311+0000] {processor.py:161} INFO - Started process (PID=67348) to work on /opt/airflow/dags/tmdb_daily_dag.py
[2026-03-29T21:56:13.314+0000] {processor.py:830} INFO - Processing file /opt/airflow/dags/tmdb_daily_dag.py for tasks to queue
[2026-03-29T21:56:13.315+0000] {logging_mixin.py:188} INFO - [2026-03-29T21:56:13.315+0000] {dagbag.py:545} INFO - Filling up the DagBag from /opt/airflow/dags/tmdb_daily_dag.py
[2026-03-29T21:56:13.337+0000] {processor.py:840} INFO - DAG(s) 'tmdb_raw_pipeline' retrieved from /opt/airflow/dags/tmdb_daily_dag.py
[2026-03-29T21:56:13.344+0000] {logging_mixin.py:188} INFO - [2026-03-29T21:56:13.343+0000] {dag.py:3096} INFO - Sync 1 DAGs
[2026-03-29T21:56:13.353+0000] {logging_mixin.py:188} INFO - [2026-03-29T21:56:13.353+0000] {dag.py:3954} INFO - Setting next_dagrun for tmdb_raw_pipeline to 2026-03-29 00:00:00+00:00, run_after=2026-03-30 00:00:00+00:00
[2026-03-29T21:56:13.360+0000] {processor.py:183} INFO - Processing /opt/airflow/dags/tmdb_daily_dag.py took 0.057 seconds
[2026-03-29T21:56:43.757+0000] {processor.py:161} INFO - Started process (PID=67368) to work on /opt/airflow/dags/tmdb_daily_dag.py
[2026-03-29T21:56:43.761+0000] {processor.py:830} INFO - Processing file /opt/airflow/dags/tmdb_daily_dag.py for tasks to queue
[2026-03-29T21:56:43.761+0000] {logging_mixin.py:188} INFO - [2026-03-29T21:56:43.761+0000] {dagbag.py:545} INFO - Filling up the DagBag from /opt/airflow/dags/tmdb_daily_dag.py
[2026-03-29T21:56:43.793+0000] {processor.py:840} INFO - DAG(s) 'tmdb_raw_pipeline' retrieved from /opt/airflow/dags/tmdb_daily_dag.py
[2026-03-29T21:56:43.804+0000] {logging_mixin.py:188} INFO - [2026-03-29T21:56:43.804+0000] {dag.py:3096} INFO - Sync 1 DAGs
[2026-03-29T21:56:43.821+0000] {logging_mixin.py:188} INFO - [2026-03-29T21:56:43.821+0000] {dag.py:3954} INFO - Setting next_dagrun for tmdb_raw_pipeline to 2026-03-29 00:00:00+00:00, run_after=2026-03-30 00:00:00+00:00
[2026-03-29T21:56:43.833+0000] {processor.py:183} INFO - Processing /opt/airflow/dags/tmdb_daily_dag.py took 0.083 seconds
[2026-03-29T21:57:14.183+0000] {processor.py:161} INFO - Started process (PID=67388) to work on /opt/airflow/dags/tmdb_daily_dag.py
[2026-03-29T21:57:14.186+0000] {processor.py:830} INFO - Processing file /opt/airflow/dags/tmdb_daily_dag.py for tasks to queue
[2026-03-29T21:57:14.187+0000] {logging_mixin.py:188} INFO - [2026-03-29T21:57:14.187+0000] {dagbag.py:545} INFO - Filling up the DagBag from /opt/airflow/dags/tmdb_daily_dag.py
[2026-03-29T21:57:14.211+0000] {processor.py:840} INFO - DAG(s) 'tmdb_raw_pipeline' retrieved from /opt/airflow/dags/tmdb_daily_dag.py
[2026-03-29T21:57:14.218+0000] {logging_mixin.py:188} INFO - [2026-03-29T21:57:14.218+0000] {dag.py:3096} INFO - Sync 1 DAGs
[2026-03-29T21:57:14.229+0000] {logging_mixin.py:188} INFO - [2026-03-29T21:57:14.228+0000] {dag.py:3954} INFO - Setting next_dagrun for tmdb_raw_pipeline to 2026-03-29 00:00:00+00:00, run_after=2026-03-30 00:00:00+00:00
[2026-03-29T21:57:14.236+0000] {processor.py:183} INFO - Processing /opt/airflow/dags/tmdb_daily_dag.py took 0.060 seconds
[2026-03-29T21:57:44.677+0000] {processor.py:161} INFO - Started process (PID=67408) to work on /opt/airflow/dags/tmdb_daily_dag.py
[2026-03-29T21:57:44.679+0000] {processor.py:830} INFO - Processing file /opt/airflow/dags/tmdb_daily_dag.py for tasks to queue
[2026-03-29T21:57:44.680+0000] {logging_mixin.py:188} INFO - [2026-03-29T21:57:44.680+0000] {dagbag.py:545} INFO - Filling up the DagBag from /opt/airflow/dags/tmdb_daily_dag.py
[2026-03-29T21:57:44.705+0000] {processor.py:840} INFO - DAG(s) 'tmdb_raw_pipeline' retrieved from /opt/airflow/dags/tmdb_daily_dag.py
[2026-03-29T21:57:44.716+0000] {logging_mixin.py:188} INFO - [2026-03-29T21:57:44.715+0000] {dag.py:3096} INFO - Sync 1 DAGs
[2026-03-29T21:57:44.730+0000] {logging_mixin.py:188} INFO - [2026-03-29T21:57:44.730+0000] {dag.py:3954} INFO - Setting next_dagrun for tmdb_raw_pipeline to 2026-03-29 00:00:00+00:00, run_after=2026-03-30 00:00:00+00:00
[2026-03-29T21:57:44.741+0000] {processor.py:183} INFO - Processing /opt/airflow/dags/tmdb_daily_dag.py took 0.070 seconds
[2026-03-29T21:58:15.096+0000] {processor.py:161} INFO - Started process (PID=67428) to work on /opt/airflow/dags/tmdb_daily_dag.py
[2026-03-29T21:58:15.098+0000] {processor.py:830} INFO - Processing file /opt/airflow/dags/tmdb_daily_dag.py for tasks to queue
[2026-03-29T21:58:15.098+0000] {logging_mixin.py:188} INFO - [2026-03-29T21:58:15.098+0000] {dagbag.py:545} INFO - Filling up the DagBag from /opt/airflow/dags/tmdb_daily_dag.py
[2026-03-29T21:58:15.119+0000] {processor.py:840} INFO - DAG(s) 'tmdb_raw_pipeline' retrieved from /opt/airflow/dags/tmdb_daily_dag.py
[2026-03-29T21:58:15.126+0000] {logging_mixin.py:188} INFO - [2026-03-29T21:58:15.126+0000] {dag.py:3096} INFO - Sync 1 DAGs
[2026-03-29T21:58:15.137+0000] {logging_mixin.py:188} INFO - [2026-03-29T21:58:15.137+0000] {dag.py:3954} INFO - Setting next_dagrun for tmdb_raw_pipeline to 2026-03-29 00:00:00+00:00, run_after=2026-03-30 00:00:00+00:00
[2026-03-29T21:58:15.145+0000] {processor.py:183} INFO - Processing /opt/airflow/dags/tmdb_daily_dag.py took 0.053 seconds
[2026-03-29T21:58:45.661+0000] {processor.py:161} INFO - Started process (PID=67448) to work on /opt/airflow/dags/tmdb_daily_dag.py
[2026-03-29T21:58:45.668+0000] {processor.py:830} INFO - Processing file /opt/airflow/dags/tmdb_daily_dag.py for tasks to queue
[2026-03-29T21:58:45.670+0000] {logging_mixin.py:188} INFO - [2026-03-29T21:58:45.669+0000] {dagbag.py:545} INFO - Filling up the DagBag from /opt/airflow/dags/tmdb_daily_dag.py
[2026-03-29T21:58:45.736+0000] {processor.py:840} INFO - DAG(s) 'tmdb_raw_pipeline' retrieved from /opt/airflow/dags/tmdb_daily_dag.py
[2026-03-29T21:58:45.764+0000] {logging_mixin.py:188} INFO - [2026-03-29T21:58:45.763+0000] {dag.py:3096} INFO - Sync 1 DAGs
[2026-03-29T21:58:45.785+0000] {logging_mixin.py:188} INFO - [2026-03-29T21:58:45.785+0000] {dag.py:3954} INFO - Setting next_dagrun for tmdb_raw_pipeline to 2026-03-29 00:00:00+00:00, run_after=2026-03-30 00:00:00+00:00
[2026-03-29T21:58:45.801+0000] {processor.py:183} INFO - Processing /opt/airflow/dags/tmdb_daily_dag.py took 0.158 seconds
[2026-03-29T21:59:16.044+0000] {processor.py:161} INFO - Started process (PID=67468) to work on /opt/airflow/dags/tmdb_daily_dag.py
[2026-03-29T21:59:16.046+0000] {processor.py:830} INFO - Processing file /opt/airflow/dags/tmdb_daily_dag.py for tasks to queue
[2026-03-29T21:59:16.047+0000] {logging_mixin.py:188} INFO - [2026-03-29T21:59:16.047+0000] {dagbag.py:545} INFO - Filling up the DagBag from /opt/airflow/dags/tmdb_daily_dag.py
[2026-03-29T21:59:16.069+0000] {processor.py:840} INFO - DAG(s) 'tmdb_raw_pipeline' retrieved from /opt/airflow/dags/tmdb_daily_dag.py
[2026-03-29T21:59:16.078+0000] {logging_mixin.py:188} INFO - [2026-03-29T21:59:16.077+0000] {dag.py:3096} INFO - Sync 1 DAGs
[2026-03-29T21:59:16.090+0000] {logging_mixin.py:188} INFO - [2026-03-29T21:59:16.090+0000] {dag.py:3954} INFO - Setting next_dagrun for tmdb_raw_pipeline to 2026-03-29 00:00:00+00:00, run_after=2026-03-30 00:00:00+00:00
[2026-03-29T21:59:16.098+0000] {processor.py:183} INFO - Processing /opt/airflow/dags/tmdb_daily_dag.py took 0.059 seconds
[2026-03-29T21:59:46.551+0000] {processor.py:161} INFO - Started process (PID=67488) to work on /opt/airflow/dags/tmdb_daily_dag.py
[2026-03-29T21:59:46.555+0000] {processor.py:830} INFO - Processing file /opt/airflow/dags/tmdb_daily_dag.py for tasks to queue
[2026-03-29T21:59:46.556+0000] {logging_mixin.py:188} INFO - [2026-03-29T21:59:46.555+0000] {dagbag.py:545} INFO - Filling up the DagBag from /opt/airflow/dags/tmdb_daily_dag.py
[2026-03-29T21:59:46.578+0000] {processor.py:840} INFO - DAG(s) 'tmdb_raw_pipeline' retrieved from /opt/airflow/dags/tmdb_daily_dag.py
[2026-03-29T21:59:46.585+0000] {logging_mixin.py:188} INFO - [2026-03-29T21:59:46.585+0000] {dag.py:3096} INFO - Sync 1 DAGs
[2026-03-29T21:59:46.595+0000] {logging_mixin.py:188} INFO - [2026-03-29T21:59:46.595+0000] {dag.py:3954} INFO - Setting next_dagrun for tmdb_raw_pipeline to 2026-03-29 00:00:00+00:00, run_after=2026-03-30 00:00:00+00:00
[2026-03-29T21:59:46.602+0000] {processor.py:183} INFO - Processing /opt/airflow/dags/tmdb_daily_dag.py took 0.056 seconds
[2026-03-29T22:00:16.993+0000] {processor.py:161} INFO - Started process (PID=67508) to work on /opt/airflow/dags/tmdb_daily_dag.py
[2026-03-29T22:00:16.996+0000] {processor.py:830} INFO - Processing file /opt/airflow/dags/tmdb_daily_dag.py for tasks to queue
[2026-03-29T22:00:16.996+0000] {logging_mixin.py:188} INFO - [2026-03-29T22:00:16.996+0000] {dagbag.py:545} INFO - Filling up the DagBag from /opt/airflow/dags/tmdb_daily_dag.py
[2026-03-29T22:00:17.013+0000] {processor.py:840} INFO - DAG(s) 'tmdb_raw_pipeline' retrieved from /opt/airflow/dags/tmdb_daily_dag.py
[2026-03-29T22:00:17.020+0000] {logging_mixin.py:188} INFO - [2026-03-29T22:00:17.020+0000] {dag.py:3096} INFO - Sync 1 DAGs
[2026-03-29T22:00:17.030+0000] {logging_mixin.py:188} INFO - [2026-03-29T22:00:17.030+0000] {dag.py:3954} INFO - Setting next_dagrun for tmdb_raw_pipeline to 2026-03-29 00:00:00+00:00, run_after=2026-03-30 00:00:00+00:00
[2026-03-29T22:00:17.038+0000] {processor.py:183} INFO - Processing /opt/airflow/dags/tmdb_daily_dag.py took 0.049 seconds
[2026-03-29T22:00:47.528+0000] {processor.py:161} INFO - Started process (PID=67532) to work on /opt/airflow/dags/tmdb_daily_dag.py
[2026-03-29T22:00:47.534+0000] {processor.py:830} INFO - Processing file /opt/airflow/dags/tmdb_daily_dag.py for tasks to queue
[2026-03-29T22:00:47.538+0000] {logging_mixin.py:188} INFO - [2026-03-29T22:00:47.536+0000] {dagbag.py:545} INFO - Filling up the DagBag from /opt/airflow/dags/tmdb_daily_dag.py
[2026-03-29T22:00:47.637+0000] {processor.py:840} INFO - DAG(s) 'tmdb_raw_pipeline' retrieved from /opt/airflow/dags/tmdb_daily_dag.py
[2026-03-29T22:00:47.664+0000] {logging_mixin.py:188} INFO - [2026-03-29T22:00:47.664+0000] {dag.py:3096} INFO - Sync 1 DAGs
[2026-03-29T22:00:47.720+0000] {processor.py:183} INFO - Processing /opt/airflow/dags/tmdb_daily_dag.py took 0.202 seconds
[2026-03-29T22:01:17.910+0000] {processor.py:161} INFO - Started process (PID=67566) to work on /opt/airflow/dags/tmdb_daily_dag.py
[2026-03-29T22:01:17.913+0000] {processor.py:830} INFO - Processing file /opt/airflow/dags/tmdb_daily_dag.py for tasks to queue
[2026-03-29T22:01:17.914+0000] {logging_mixin.py:188} INFO - [2026-03-29T22:01:17.914+0000] {dagbag.py:545} INFO - Filling up the DagBag from /opt/airflow/dags/tmdb_daily_dag.py
[2026-03-29T22:01:17.951+0000] {processor.py:840} INFO - DAG(s) 'tmdb_raw_pipeline' retrieved from /opt/airflow/dags/tmdb_daily_dag.py
[2026-03-29T22:01:17.962+0000] {logging_mixin.py:188} INFO - [2026-03-29T22:01:17.962+0000] {dag.py:3096} INFO - Sync 1 DAGs
[2026-03-29T22:01:17.979+0000] {logging_mixin.py:188} INFO - [2026-03-29T22:01:17.979+0000] {dag.py:3954} INFO - Setting next_dagrun for tmdb_raw_pipeline to 2026-03-29 00:00:00+00:00, run_after=2026-03-30 00:00:00+00:00
[2026-03-29T22:01:17.987+0000] {processor.py:183} INFO - Processing /opt/airflow/dags/tmdb_daily_dag.py took 0.082 seconds
[2026-03-29T22:01:48.364+0000] {processor.py:161} INFO - Started process (PID=67586) to work on /opt/airflow/dags/tmdb_daily_dag.py
[2026-03-29T22:01:48.366+0000] {processor.py:830} INFO - Processing file /opt/airflow/dags/tmdb_daily_dag.py for tasks to queue
[2026-03-29T22:01:48.366+0000] {logging_mixin.py:188} INFO - [2026-03-29T22:01:48.366+0000] {dagbag.py:545} INFO - Filling up the DagBag from /opt/airflow/dags/tmdb_daily_dag.py
[2026-03-29T22:01:48.387+0000] {processor.py:840} INFO - DAG(s) 'tmdb_raw_pipeline' retrieved from /opt/airflow/dags/tmdb_daily_dag.py
[2026-03-29T22:01:48.394+0000] {logging_mixin.py:188} INFO - [2026-03-29T22:01:48.394+0000] {dag.py:3096} INFO - Sync 1 DAGs
[2026-03-29T22:01:48.404+0000] {logging_mixin.py:188} INFO - [2026-03-29T22:01:48.404+0000] {dag.py:3954} INFO - Setting next_dagrun for tmdb_raw_pipeline to 2026-03-29 00:00:00+00:00, run_after=2026-03-30 00:00:00+00:00
[2026-03-29T22:01:48.411+0000] {processor.py:183} INFO - Processing /opt/airflow/dags/tmdb_daily_dag.py took 0.053 seconds
[2026-03-29T22:02:18.828+0000] {processor.py:161} INFO - Started process (PID=67606) to work on /opt/airflow/dags/tmdb_daily_dag.py
[2026-03-29T22:02:18.834+0000] {processor.py:830} INFO - Processing file /opt/airflow/dags/tmdb_daily_dag.py for tasks to queue
[2026-03-29T22:02:18.836+0000] {logging_mixin.py:188} INFO - [2026-03-29T22:02:18.835+0000] {dagbag.py:545} INFO - Filling up the DagBag from /opt/airflow/dags/tmdb_daily_dag.py
[2026-03-29T22:02:18.881+0000] {processor.py:840} INFO - DAG(s) 'tmdb_raw_pipeline' retrieved from /opt/airflow/dags/tmdb_daily_dag.py
[2026-03-29T22:02:18.893+0000] {logging_mixin.py:188} INFO - [2026-03-29T22:02:18.893+0000] {dag.py:3096} INFO - Sync 1 DAGs
[2026-03-29T22:02:18.909+0000] {logging_mixin.py:188} INFO - [2026-03-29T22:02:18.909+0000] {dag.py:3954} INFO - Setting next_dagrun for tmdb_raw_pipeline to 2026-03-29 00:00:00+00:00, run_after=2026-03-30 00:00:00+00:00
[2026-03-29T22:02:18.923+0000] {processor.py:183} INFO - Processing /opt/airflow/dags/tmdb_daily_dag.py took 0.105 seconds
[2026-03-29T22:02:49.316+0000] {processor.py:161} INFO - Started process (PID=67626) to work on /opt/airflow/dags/tmdb_daily_dag.py
[2026-03-29T22:02:49.319+0000] {processor.py:830} INFO - Processing file /opt/airflow/dags/tmdb_daily_dag.py for tasks to queue
[2026-03-29T22:02:49.320+0000] {logging_mixin.py:188} INFO - [2026-03-29T22:02:49.319+0000] {dagbag.py:545} INFO - Filling up the DagBag from /opt/airflow/dags/tmdb_daily_dag.py
[2026-03-29T22:02:49.338+0000] {processor.py:840} INFO - DAG(s) 'tmdb_raw_pipeline' retrieved from /opt/airflow/dags/tmdb_daily_dag.py
[2026-03-29T22:02:49.345+0000] {logging_mixin.py:188} INFO - [2026-03-29T22:02:49.344+0000] {dag.py:3096} INFO - Sync 1 DAGs
[2026-03-29T22:02:49.357+0000] {logging_mixin.py:188} INFO - [2026-03-29T22:02:49.357+0000] {dag.py:3954} INFO - Setting next_dagrun for tmdb_raw_pipeline to 2026-03-29 00:00:00+00:00, run_after=2026-03-30 00:00:00+00:00
[2026-03-29T22:02:49.364+0000] {processor.py:183} INFO - Processing /opt/airflow/dags/tmdb_daily_dag.py took 0.052 seconds
[2026-03-29T22:03:19.807+0000] {processor.py:161} INFO - Started process (PID=67646) to work on /opt/airflow/dags/tmdb_daily_dag.py
[2026-03-29T22:03:19.810+0000] {processor.py:830} INFO - Processing file /opt/airflow/dags/tmdb_daily_dag.py for tasks to queue
[2026-03-29T22:03:19.811+0000] {logging_mixin.py:188} INFO - [2026-03-29T22:03:19.810+0000] {dagbag.py:545} INFO - Filling up the DagBag from /opt/airflow/dags/tmdb_daily_dag.py
[2026-03-29T22:03:19.829+0000] {processor.py:840} INFO - DAG(s) 'tmdb_raw_pipeline' retrieved from /opt/airflow/dags/tmdb_daily_dag.py
[2026-03-29T22:03:19.837+0000] {logging_mixin.py:188} INFO - [2026-03-29T22:03:19.836+0000] {dag.py:3096} INFO - Sync 1 DAGs
[2026-03-29T22:03:19.847+0000] {logging_mixin.py:188} INFO - [2026-03-29T22:03:19.847+0000] {dag.py:3954} INFO - Setting next_dagrun for tmdb_raw_pipeline to 2026-03-29 00:00:00+00:00, run_after=2026-03-30 00:00:00+00:00
[2026-03-29T22:03:19.854+0000] {processor.py:183} INFO - Processing /opt/airflow/dags/tmdb_daily_dag.py took 0.054 seconds
[2026-03-29T22:03:50.290+0000] {processor.py:161} INFO - Started process (PID=67666) to work on /opt/airflow/dags/tmdb_daily_dag.py
[2026-03-29T22:03:50.293+0000] {processor.py:830} INFO - Processing file /opt/airflow/dags/tmdb_daily_dag.py for tasks to queue
[2026-03-29T22:03:50.294+0000] {logging_mixin.py:188} INFO - [2026-03-29T22:03:50.294+0000] {dagbag.py:545} INFO - Filling up the DagBag from /opt/airflow/dags/tmdb_daily_dag.py
[2026-03-29T22:03:50.319+0000] {processor.py:840} INFO - DAG(s) 'tmdb_raw_pipeline' retrieved from /opt/airflow/dags/tmdb_daily_dag.py
[2026-03-29T22:03:50.329+0000] {logging_mixin.py:188} INFO - [2026-03-29T22:03:50.329+0000] {dag.py:3096} INFO - Sync 1 DAGs
[2026-03-29T22:03:50.342+0000] {logging_mixin.py:188} INFO - [2026-03-29T22:03:50.342+0000] {dag.py:3954} INFO - Setting next_dagrun for tmdb_raw_pipeline to 2026-03-29 00:00:00+00:00, run_after=2026-03-30 00:00:00+00:00
[2026-03-29T22:03:50.351+0000] {processor.py:183} INFO - Processing /opt/airflow/dags/tmdb_daily_dag.py took 0.069 seconds
[2026-03-29T22:04:20.772+0000] {processor.py:161} INFO - Started process (PID=67686) to work on /opt/airflow/dags/tmdb_daily_dag.py
[2026-03-29T22:04:20.776+0000] {processor.py:830} INFO - Processing file /opt/airflow/dags/tmdb_daily_dag.py for tasks to queue
[2026-03-29T22:04:20.777+0000] {logging_mixin.py:188} INFO - [2026-03-29T22:04:20.776+0000] {dagbag.py:545} INFO - Filling up the DagBag from /opt/airflow/dags/tmdb_daily_dag.py
[2026-03-29T22:04:20.823+0000] {processor.py:840} INFO - DAG(s) 'tmdb_raw_pipeline' retrieved from /opt/airflow/dags/tmdb_daily_dag.py
[2026-03-29T22:04:20.834+0000] {logging_mixin.py:188} INFO - [2026-03-29T22:04:20.833+0000] {dag.py:3096} INFO - Sync 1 DAGs
[2026-03-29T22:04:20.849+0000] {logging_mixin.py:188} INFO - [2026-03-29T22:04:20.848+0000] {dag.py:3954} INFO - Setting next_dagrun for tmdb_raw_pipeline to 2026-03-29 00:00:00+00:00, run_after=2026-03-30 00:00:00+00:00
[2026-03-29T22:04:20.857+0000] {processor.py:183} INFO - Processing /opt/airflow/dags/tmdb_daily_dag.py took 0.090 seconds
[2026-03-29T22:04:51.256+0000] {processor.py:161} INFO - Started process (PID=67706) to work on /opt/airflow/dags/tmdb_daily_dag.py
[2026-03-29T22:04:51.260+0000] {processor.py:830} INFO - Processing file /opt/airflow/dags/tmdb_daily_dag.py for tasks to queue
[2026-03-29T22:04:51.260+0000] {logging_mixin.py:188} INFO - [2026-03-29T22:04:51.260+0000] {dagbag.py:545} INFO - Filling up the DagBag from /opt/airflow/dags/tmdb_daily_dag.py
[2026-03-29T22:04:51.282+0000] {processor.py:840} INFO - DAG(s) 'tmdb_raw_pipeline' retrieved from /opt/airflow/dags/tmdb_daily_dag.py
[2026-03-29T22:04:51.289+0000] {logging_mixin.py:188} INFO - [2026-03-29T22:04:51.288+0000] {dag.py:3096} INFO - Sync 1 DAGs
[2026-03-29T22:04:51.299+0000] {logging_mixin.py:188} INFO - [2026-03-29T22:04:51.299+0000] {dag.py:3954} INFO - Setting next_dagrun for tmdb_raw_pipeline to 2026-03-29 00:00:00+00:00, run_after=2026-03-30 00:00:00+00:00
[2026-03-29T22:04:51.307+0000] {processor.py:183} INFO - Processing /opt/airflow/dags/tmdb_daily_dag.py took 0.058 seconds
[2026-03-29T22:05:21.780+0000] {processor.py:161} INFO - Started process (PID=67726) to work on /opt/airflow/dags/tmdb_daily_dag.py
[2026-03-29T22:05:21.783+0000] {processor.py:830} INFO - Processing file /opt/airflow/dags/tmdb_daily_dag.py for tasks to queue
[2026-03-29T22:05:21.783+0000] {logging_mixin.py:188} INFO - [2026-03-29T22:05:21.783+0000] {dagbag.py:545} INFO - Filling up the DagBag from /opt/airflow/dags/tmdb_daily_dag.py
[2026-03-29T22:05:21.805+0000] {processor.py:840} INFO - DAG(s) 'tmdb_raw_pipeline' retrieved from /opt/airflow/dags/tmdb_daily_dag.py
[2026-03-29T22:05:21.812+0000] {logging_mixin.py:188} INFO - [2026-03-29T22:05:21.812+0000] {dag.py:3096} INFO - Sync 1 DAGs
[2026-03-29T22:05:21.822+0000] {logging_mixin.py:188} INFO - [2026-03-29T22:05:21.822+0000] {dag.py:3954} INFO - Setting next_dagrun for tmdb_raw_pipeline to 2026-03-29 00:00:00+00:00, run_after=2026-03-30 00:00:00+00:00
[2026-03-29T22:05:21.829+0000] {processor.py:183} INFO - Processing /opt/airflow/dags/tmdb_daily_dag.py took 0.054 seconds
[2026-03-29T22:05:52.349+0000] {processor.py:161} INFO - Started process (PID=67746) to work on /opt/airflow/dags/tmdb_daily_dag.py
[2026-03-29T22:05:52.353+0000] {processor.py:830} INFO - Processing file /opt/airflow/dags/tmdb_daily_dag.py for tasks to queue
[2026-03-29T22:05:52.353+0000] {logging_mixin.py:188} INFO - [2026-03-29T22:05:52.353+0000] {dagbag.py:545} INFO - Filling up the DagBag from /opt/airflow/dags/tmdb_daily_dag.py
[2026-03-29T22:05:52.380+0000] {processor.py:840} INFO - DAG(s) 'tmdb_raw_pipeline' retrieved from /opt/airflow/dags/tmdb_daily_dag.py
[2026-03-29T22:05:52.387+0000] {logging_mixin.py:188} INFO - [2026-03-29T22:05:52.387+0000] {dag.py:3096} INFO - Sync 1 DAGs
[2026-03-29T22:05:52.398+0000] {logging_mixin.py:188} INFO - [2026-03-29T22:05:52.397+0000] {dag.py:3954} INFO - Setting next_dagrun for tmdb_raw_pipeline to 2026-03-29 00:00:00+00:00, run_after=2026-03-30 00:00:00+00:00
[2026-03-29T22:05:52.406+0000] {processor.py:183} INFO - Processing /opt/airflow/dags/tmdb_daily_dag.py took 0.062 seconds
[2026-03-29T22:06:23.040+0000] {processor.py:161} INFO - Started process (PID=67766) to work on /opt/airflow/dags/tmdb_daily_dag.py
[2026-03-29T22:06:23.045+0000] {processor.py:830} INFO - Processing file /opt/airflow/dags/tmdb_daily_dag.py for tasks to queue
[2026-03-29T22:06:23.046+0000] {logging_mixin.py:188} INFO - [2026-03-29T22:06:23.046+0000] {dagbag.py:545} INFO - Filling up the DagBag from /opt/airflow/dags/tmdb_daily_dag.py
[2026-03-29T22:06:23.073+0000] {processor.py:840} INFO - DAG(s) 'tmdb_raw_pipeline' retrieved from /opt/airflow/dags/tmdb_daily_dag.py
[2026-03-29T22:06:23.082+0000] {logging_mixin.py:188} INFO - [2026-03-29T22:06:23.082+0000] {dag.py:3096} INFO - Sync 1 DAGs
[2026-03-29T22:06:23.095+0000] {logging_mixin.py:188} INFO - [2026-03-29T22:06:23.095+0000] {dag.py:3954} INFO - Setting next_dagrun for tmdb_raw_pipeline to 2026-03-29 00:00:00+00:00, run_after=2026-03-30 00:00:00+00:00
[2026-03-29T22:06:23.108+0000] {processor.py:183} INFO - Processing /opt/airflow/dags/tmdb_daily_dag.py took 0.074 seconds
[2026-03-29T22:06:53.537+0000] {processor.py:161} INFO - Started process (PID=67786) to work on /opt/airflow/dags/tmdb_daily_dag.py
[2026-03-29T22:06:53.539+0000] {processor.py:830} INFO - Processing file /opt/airflow/dags/tmdb_daily_dag.py for tasks to queue
[2026-03-29T22:06:53.540+0000] {logging_mixin.py:188} INFO - [2026-03-29T22:06:53.540+0000] {dagbag.py:545} INFO - Filling up the DagBag from /opt/airflow/dags/tmdb_daily_dag.py
[2026-03-29T22:06:53.565+0000] {processor.py:840} INFO - DAG(s) 'tmdb_raw_pipeline' retrieved from /opt/airflow/dags/tmdb_daily_dag.py
[2026-03-29T22:06:53.574+0000] {logging_mixin.py:188} INFO - [2026-03-29T22:06:53.573+0000] {dag.py:3096} INFO - Sync 1 DAGs
[2026-03-29T22:06:53.593+0000] {logging_mixin.py:188} INFO - [2026-03-29T22:06:53.593+0000] {dag.py:3954} INFO - Setting next_dagrun for tmdb_raw_pipeline to 2026-03-29 00:00:00+00:00, run_after=2026-03-30 00:00:00+00:00
[2026-03-29T22:06:54.113+0000] {processor.py:183} INFO - Processing /opt/airflow/dags/tmdb_daily_dag.py took 0.580 seconds
[2026-03-29T22:07:24.944+0000] {processor.py:161} INFO - Started process (PID=67806) to work on /opt/airflow/dags/tmdb_daily_dag.py
[2026-03-29T22:07:24.947+0000] {processor.py:830} INFO - Processing file /opt/airflow/dags/tmdb_daily_dag.py for tasks to queue
[2026-03-29T22:07:24.948+0000] {logging_mixin.py:188} INFO - [2026-03-29T22:07:24.948+0000] {dagbag.py:545} INFO - Filling up the DagBag from /opt/airflow/dags/tmdb_daily_dag.py
[2026-03-29T22:07:24.968+0000] {processor.py:840} INFO - DAG(s) 'tmdb_raw_pipeline' retrieved from /opt/airflow/dags/tmdb_daily_dag.py
[2026-03-29T22:07:24.976+0000] {logging_mixin.py:188} INFO - [2026-03-29T22:07:24.975+0000] {dag.py:3096} INFO - Sync 1 DAGs
[2026-03-29T22:07:24.987+0000] {logging_mixin.py:188} INFO - [2026-03-29T22:07:24.987+0000] {dag.py:3954} INFO - Setting next_dagrun for tmdb_raw_pipeline to 2026-03-29 00:00:00+00:00, run_after=2026-03-30 00:00:00+00:00
[2026-03-29T22:07:24.994+0000] {processor.py:183} INFO - Processing /opt/airflow/dags/tmdb_daily_dag.py took 0.056 seconds
[2026-03-29T22:07:55.432+0000] {processor.py:161} INFO - Started process (PID=67826) to work on /opt/airflow/dags/tmdb_daily_dag.py
[2026-03-29T22:07:55.436+0000] {processor.py:830} INFO - Processing file /opt/airflow/dags/tmdb_daily_dag.py for tasks to queue
[2026-03-29T22:07:55.437+0000] {logging_mixin.py:188} INFO - [2026-03-29T22:07:55.436+0000] {dagbag.py:545} INFO - Filling up the DagBag from /opt/airflow/dags/tmdb_daily_dag.py
[2026-03-29T22:07:55.458+0000] {processor.py:840} INFO - DAG(s) 'tmdb_raw_pipeline' retrieved from /opt/airflow/dags/tmdb_daily_dag.py
[2026-03-29T22:07:55.465+0000] {logging_mixin.py:188} INFO - [2026-03-29T22:07:55.464+0000] {dag.py:3096} INFO - Sync 1 DAGs
[2026-03-29T22:07:55.475+0000] {logging_mixin.py:188} INFO - [2026-03-29T22:07:55.475+0000] {dag.py:3954} INFO - Setting next_dagrun for tmdb_raw_pipeline to 2026-03-29 00:00:00+00:00, run_after=2026-03-30 00:00:00+00:00
[2026-03-29T22:07:55.482+0000] {processor.py:183} INFO - Processing /opt/airflow/dags/tmdb_daily_dag.py took 0.056 seconds
[2026-03-29T22:08:25.865+0000] {processor.py:161} INFO - Started process (PID=67846) to work on /opt/airflow/dags/tmdb_daily_dag.py
[2026-03-29T22:08:25.867+0000] {processor.py:830} INFO - Processing file /opt/airflow/dags/tmdb_daily_dag.py for tasks to queue
[2026-03-29T22:08:25.869+0000] {logging_mixin.py:188} INFO - [2026-03-29T22:08:25.868+0000] {dagbag.py:545} INFO - Filling up the DagBag from /opt/airflow/dags/tmdb_daily_dag.py
[2026-03-29T22:08:25.923+0000] {processor.py:840} INFO - DAG(s) 'tmdb_raw_pipeline' retrieved from /opt/airflow/dags/tmdb_daily_dag.py
[2026-03-29T22:08:25.939+0000] {logging_mixin.py:188} INFO - [2026-03-29T22:08:25.939+0000] {dag.py:3096} INFO - Sync 1 DAGs
[2026-03-29T22:08:25.958+0000] {logging_mixin.py:188} INFO - [2026-03-29T22:08:25.958+0000] {dag.py:3954} INFO - Setting next_dagrun for tmdb_raw_pipeline to 2026-03-29 00:00:00+00:00, run_after=2026-03-30 00:00:00+00:00
[2026-03-29T22:08:25.978+0000] {processor.py:183} INFO - Processing /opt/airflow/dags/tmdb_daily_dag.py took 0.128 seconds
[2026-03-29T22:08:56.350+0000] {processor.py:161} INFO - Started process (PID=67866) to work on /opt/airflow/dags/tmdb_daily_dag.py
[2026-03-29T22:08:56.354+0000] {processor.py:830} INFO - Processing file /opt/airflow/dags/tmdb_daily_dag.py for tasks to queue
[2026-03-29T22:08:56.354+0000] {logging_mixin.py:188} INFO - [2026-03-29T22:08:56.354+0000] {dagbag.py:545} INFO - Filling up the DagBag from /opt/airflow/dags/tmdb_daily_dag.py
[2026-03-29T22:08:56.374+0000] {processor.py:840} INFO - DAG(s) 'tmdb_raw_pipeline' retrieved from /opt/airflow/dags/tmdb_daily_dag.py
[2026-03-29T22:08:56.381+0000] {logging_mixin.py:188} INFO - [2026-03-29T22:08:56.381+0000] {dag.py:3096} INFO - Sync 1 DAGs
[2026-03-29T22:08:56.397+0000] {logging_mixin.py:188} INFO - [2026-03-29T22:08:56.397+0000] {dag.py:3954} INFO - Setting next_dagrun for tmdb_raw_pipeline to 2026-03-29 00:00:00+00:00, run_after=2026-03-30 00:00:00+00:00
[2026-03-29T22:08:56.566+0000] {processor.py:183} INFO - Processing /opt/airflow/dags/tmdb_daily_dag.py took 0.221 seconds
[2026-03-29T22:09:27.284+0000] {processor.py:161} INFO - Started process (PID=67886) to work on /opt/airflow/dags/tmdb_daily_dag.py
[2026-03-29T22:09:27.286+0000] {processor.py:830} INFO - Processing file /opt/airflow/dags/tmdb_daily_dag.py for tasks to queue
[2026-03-29T22:09:27.287+0000] {logging_mixin.py:188} INFO - [2026-03-29T22:09:27.287+0000] {dagbag.py:545} INFO - Filling up the DagBag from /opt/airflow/dags/tmdb_daily_dag.py
[2026-03-29T22:09:27.351+0000] {processor.py:840} INFO - DAG(s) 'tmdb_raw_pipeline' retrieved from /opt/airflow/dags/tmdb_daily_dag.py
[2026-03-29T22:09:27.373+0000] {logging_mixin.py:188} INFO - [2026-03-29T22:09:27.372+0000] {dag.py:3096} INFO - Sync 1 DAGs
[2026-03-29T22:09:27.402+0000] {logging_mixin.py:188} INFO - [2026-03-29T22:09:27.402+0000] {dag.py:3954} INFO - Setting next_dagrun for tmdb_raw_pipeline to 2026-03-29 00:00:00+00:00, run_after=2026-03-30 00:00:00+00:00
[2026-03-29T22:09:27.416+0000] {processor.py:183} INFO - Processing /opt/airflow/dags/tmdb_daily_dag.py took 0.143 seconds
[2026-03-29T22:09:57.816+0000] {processor.py:161} INFO - Started process (PID=67906) to work on /opt/airflow/dags/tmdb_daily_dag.py
[2026-03-29T22:09:57.819+0000] {processor.py:830} INFO - Processing file /opt/airflow/dags/tmdb_daily_dag.py for tasks to queue
[2026-03-29T22:09:57.819+0000] {logging_mixin.py:188} INFO - [2026-03-29T22:09:57.819+0000] {dagbag.py:545} INFO - Filling up the DagBag from /opt/airflow/dags/tmdb_daily_dag.py
[2026-03-29T22:09:57.835+0000] {processor.py:840} INFO - DAG(s) 'tmdb_raw_pipeline' retrieved from /opt/airflow/dags/tmdb_daily_dag.py
[2026-03-29T22:09:57.841+0000] {logging_mixin.py:188} INFO - [2026-03-29T22:09:57.841+0000] {dag.py:3096} INFO - Sync 1 DAGs
[2026-03-29T22:09:57.851+0000] {logging_mixin.py:188} INFO - [2026-03-29T22:09:57.851+0000] {dag.py:3954} INFO - Setting next_dagrun for tmdb_raw_pipeline to 2026-03-29 00:00:00+00:00, run_after=2026-03-30 00:00:00+00:00
[2026-03-29T22:09:57.857+0000] {processor.py:183} INFO - Processing /opt/airflow/dags/tmdb_daily_dag.py took 0.044 seconds
[2026-03-29T22:10:28.326+0000] {processor.py:161} INFO - Started process (PID=67926) to work on /opt/airflow/dags/tmdb_daily_dag.py
[2026-03-29T22:10:28.329+0000] {processor.py:830} INFO - Processing file /opt/airflow/dags/tmdb_daily_dag.py for tasks to queue
[2026-03-29T22:10:28.330+0000] {logging_mixin.py:188} INFO - [2026-03-29T22:10:28.329+0000] {dagbag.py:545} INFO - Filling up the DagBag from /opt/airflow/dags/tmdb_daily_dag.py
[2026-03-29T22:10:28.352+0000] {processor.py:840} INFO - DAG(s) 'tmdb_raw_pipeline' retrieved from /opt/airflow/dags/tmdb_daily_dag.py
[2026-03-29T22:10:28.359+0000] {logging_mixin.py:188} INFO - [2026-03-29T22:10:28.359+0000] {dag.py:3096} INFO - Sync 1 DAGs
[2026-03-29T22:10:28.370+0000] {logging_mixin.py:188} INFO - [2026-03-29T22:10:28.369+0000] {dag.py:3954} INFO - Setting next_dagrun for tmdb_raw_pipeline to 2026-03-29 00:00:00+00:00, run_after=2026-03-30 00:00:00+00:00
[2026-03-29T22:10:28.378+0000] {processor.py:183} INFO - Processing /opt/airflow/dags/tmdb_daily_dag.py took 0.067 seconds
[2026-03-29T22:10:58.830+0000] {processor.py:161} INFO - Started process (PID=67946) to work on /opt/airflow/dags/tmdb_daily_dag.py
[2026-03-29T22:10:58.833+0000] {processor.py:830} INFO - Processing file /opt/airflow/dags/tmdb_daily_dag.py for tasks to queue
[2026-03-29T22:10:58.834+0000] {logging_mixin.py:188} INFO - [2026-03-29T22:10:58.834+0000] {dagbag.py:545} INFO - Filling up the DagBag from /opt/airflow/dags/tmdb_daily_dag.py
[2026-03-29T22:10:58.852+0000] {processor.py:840} INFO - DAG(s) 'tmdb_raw_pipeline' retrieved from /opt/airflow/dags/tmdb_daily_dag.py
[2026-03-29T22:10:58.859+0000] {logging_mixin.py:188} INFO - [2026-03-29T22:10:58.859+0000] {dag.py:3096} INFO - Sync 1 DAGs
[2026-03-29T22:10:58.870+0000] {logging_mixin.py:188} INFO - [2026-03-29T22:10:58.870+0000] {dag.py:3954} INFO - Setting next_dagrun for tmdb_raw_pipeline to 2026-03-29 00:00:00+00:00, run_after=2026-03-30 00:00:00+00:00
[2026-03-29T22:10:59.027+0000] {processor.py:183} INFO - Processing /opt/airflow/dags/tmdb_daily_dag.py took 0.204 seconds
[2026-03-29T22:11:29.636+0000] {processor.py:161} INFO - Started process (PID=67966) to work on /opt/airflow/dags/tmdb_daily_dag.py
[2026-03-29T22:11:29.639+0000] {processor.py:830} INFO - Processing file /opt/airflow/dags/tmdb_daily_dag.py for tasks to queue
[2026-03-29T22:11:29.639+0000] {logging_mixin.py:188} INFO - [2026-03-29T22:11:29.639+0000] {dagbag.py:545} INFO - Filling up the DagBag from /opt/airflow/dags/tmdb_daily_dag.py
[2026-03-29T22:11:29.662+0000] {processor.py:840} INFO - DAG(s) 'tmdb_raw_pipeline' retrieved from /opt/airflow/dags/tmdb_daily_dag.py
[2026-03-29T22:11:29.670+0000] {logging_mixin.py:188} INFO - [2026-03-29T22:11:29.670+0000] {dag.py:3096} INFO - Sync 1 DAGs
[2026-03-29T22:11:29.749+0000] {logging_mixin.py:188} INFO - [2026-03-29T22:11:29.748+0000] {dag.py:3954} INFO - Setting next_dagrun for tmdb_raw_pipeline to 2026-03-29 00:00:00+00:00, run_after=2026-03-30 00:00:00+00:00
[2026-03-29T22:11:29.754+0000] {processor.py:183} INFO - Processing /opt/airflow/dags/tmdb_daily_dag.py took 0.123 seconds
[2026-03-29T22:12:00.159+0000] {processor.py:161} INFO - Started process (PID=67986) to work on /opt/airflow/dags/tmdb_daily_dag.py
[2026-03-29T22:12:00.162+0000] {processor.py:830} INFO - Processing file /opt/airflow/dags/tmdb_daily_dag.py for tasks to queue
[2026-03-29T22:12:00.163+0000] {logging_mixin.py:188} INFO - [2026-03-29T22:12:00.162+0000] {dagbag.py:545} INFO - Filling up the DagBag from /opt/airflow/dags/tmdb_daily_dag.py
[2026-03-29T22:12:00.194+0000] {processor.py:840} INFO - DAG(s) 'tmdb_raw_pipeline' retrieved from /opt/airflow/dags/tmdb_daily_dag.py
[2026-03-29T22:12:00.203+0000] {logging_mixin.py:188} INFO - [2026-03-29T22:12:00.203+0000] {dag.py:3096} INFO - Sync 1 DAGs
[2026-03-29T22:12:00.218+0000] {logging_mixin.py:188} INFO - [2026-03-29T22:12:00.218+0000] {dag.py:3954} INFO - Setting next_dagrun for tmdb_raw_pipeline to 2026-03-29 00:00:00+00:00, run_after=2026-03-30 00:00:00+00:00
[2026-03-29T22:12:00.231+0000] {processor.py:183} INFO - Processing /opt/airflow/dags/tmdb_daily_dag.py took 0.081 seconds
[2026-03-29T22:12:30.630+0000] {processor.py:161} INFO - Started process (PID=68006) to work on /opt/airflow/dags/tmdb_daily_dag.py
[2026-03-29T22:12:30.633+0000] {processor.py:830} INFO - Processing file /opt/airflow/dags/tmdb_daily_dag.py for tasks to queue
[2026-03-29T22:12:30.634+0000] {logging_mixin.py:188} INFO - [2026-03-29T22:12:30.634+0000] {dagbag.py:545} INFO - Filling up the DagBag from /opt/airflow/dags/tmdb_daily_dag.py
[2026-03-29T22:12:30.657+0000] {processor.py:840} INFO - DAG(s) 'tmdb_raw_pipeline' retrieved from /opt/airflow/dags/tmdb_daily_dag.py
[2026-03-29T22:12:30.664+0000] {logging_mixin.py:188} INFO - [2026-03-29T22:12:30.664+0000] {dag.py:3096} INFO - Sync 1 DAGs
[2026-03-29T22:12:30.675+0000] {logging_mixin.py:188} INFO - [2026-03-29T22:12:30.675+0000] {dag.py:3954} INFO - Setting next_dagrun for tmdb_raw_pipeline to 2026-03-29 00:00:00+00:00, run_after=2026-03-30 00:00:00+00:00
[2026-03-29T22:12:30.683+0000] {processor.py:183} INFO - Processing /opt/airflow/dags/tmdb_daily_dag.py took 0.059 seconds
[2026-03-29T22:13:01.160+0000] {processor.py:161} INFO - Started process (PID=68026) to work on /opt/airflow/dags/tmdb_daily_dag.py
[2026-03-29T22:13:01.163+0000] {processor.py:830} INFO - Processing file /opt/airflow/dags/tmdb_daily_dag.py for tasks to queue
[2026-03-29T22:13:01.164+0000] {logging_mixin.py:188} INFO - [2026-03-29T22:13:01.163+0000] {dagbag.py:545} INFO - Filling up the DagBag from /opt/airflow/dags/tmdb_daily_dag.py
[2026-03-29T22:13:01.188+0000] {processor.py:840} INFO - DAG(s) 'tmdb_raw_pipeline' retrieved from /opt/airflow/dags/tmdb_daily_dag.py
[2026-03-29T22:13:01.196+0000] {logging_mixin.py:188} INFO - [2026-03-29T22:13:01.196+0000] {dag.py:3096} INFO - Sync 1 DAGs
[2026-03-29T22:13:01.209+0000] {logging_mixin.py:188} INFO - [2026-03-29T22:13:01.208+0000] {dag.py:3954} INFO - Setting next_dagrun for tmdb_raw_pipeline to 2026-03-29 00:00:00+00:00, run_after=2026-03-30 00:00:00+00:00
[2026-03-29T22:13:01.383+0000] {processor.py:183} INFO - Processing /opt/airflow/dags/tmdb_daily_dag.py took 0.230 seconds
[2026-03-29T22:13:31.852+0000] {processor.py:161} INFO - Started process (PID=68046) to work on /opt/airflow/dags/tmdb_daily_dag.py
[2026-03-29T22:13:31.855+0000] {processor.py:830} INFO - Processing file /opt/airflow/dags/tmdb_daily_dag.py for tasks to queue
[2026-03-29T22:13:31.856+0000] {logging_mixin.py:188} INFO - [2026-03-29T22:13:31.856+0000] {dagbag.py:545} INFO - Filling up the DagBag from /opt/airflow/dags/tmdb_daily_dag.py
[2026-03-29T22:13:31.874+0000] {processor.py:840} INFO - DAG(s) 'tmdb_raw_pipeline' retrieved from /opt/airflow/dags/tmdb_daily_dag.py
[2026-03-29T22:13:31.881+0000] {logging_mixin.py:188} INFO - [2026-03-29T22:13:31.881+0000] {dag.py:3096} INFO - Sync 1 DAGs
[2026-03-29T22:13:31.956+0000] {logging_mixin.py:188} INFO - [2026-03-29T22:13:31.956+0000] {dag.py:3954} INFO - Setting next_dagrun for tmdb_raw_pipeline to 2026-03-29 00:00:00+00:00, run_after=2026-03-30 00:00:00+00:00
[2026-03-29T22:13:31.962+0000] {processor.py:183} INFO - Processing /opt/airflow/dags/tmdb_daily_dag.py took 0.117 seconds
[2026-03-29T22:14:02.255+0000] {processor.py:161} INFO - Started process (PID=68066) to work on /opt/airflow/dags/tmdb_daily_dag.py
[2026-03-29T22:14:02.257+0000] {processor.py:830} INFO - Processing file /opt/airflow/dags/tmdb_daily_dag.py for tasks to queue
[2026-03-29T22:14:02.258+0000] {logging_mixin.py:188} INFO - [2026-03-29T22:14:02.258+0000] {dagbag.py:545} INFO - Filling up the DagBag from /opt/airflow/dags/tmdb_daily_dag.py
[2026-03-29T22:14:02.275+0000] {processor.py:840} INFO - DAG(s) 'tmdb_raw_pipeline' retrieved from /opt/airflow/dags/tmdb_daily_dag.py
[2026-03-29T22:14:02.283+0000] {logging_mixin.py:188} INFO - [2026-03-29T22:14:02.283+0000] {dag.py:3096} INFO - Sync 1 DAGs
[2026-03-29T22:14:02.293+0000] {logging_mixin.py:188} INFO - [2026-03-29T22:14:02.293+0000] {dag.py:3954} INFO - Setting next_dagrun for tmdb_raw_pipeline to 2026-03-29 00:00:00+00:00, run_after=2026-03-30 00:00:00+00:00
[2026-03-29T22:14:02.301+0000] {processor.py:183} INFO - Processing /opt/airflow/dags/tmdb_daily_dag.py took 0.051 seconds
[2026-03-29T22:14:32.789+0000] {processor.py:161} INFO - Started process (PID=68086) to work on /opt/airflow/dags/tmdb_daily_dag.py
[2026-03-29T22:14:32.792+0000] {processor.py:830} INFO - Processing file /opt/airflow/dags/tmdb_daily_dag.py for tasks to queue
[2026-03-29T22:14:32.793+0000] {logging_mixin.py:188} INFO - [2026-03-29T22:14:32.792+0000] {dagbag.py:545} INFO - Filling up the DagBag from /opt/airflow/dags/tmdb_daily_dag.py
[2026-03-29T22:14:32.816+0000] {processor.py:840} INFO - DAG(s) 'tmdb_raw_pipeline' retrieved from /opt/airflow/dags/tmdb_daily_dag.py
[2026-03-29T22:14:32.823+0000] {logging_mixin.py:188} INFO - [2026-03-29T22:14:32.823+0000] {dag.py:3096} INFO - Sync 1 DAGs
[2026-03-29T22:14:32.835+0000] {logging_mixin.py:188} INFO - [2026-03-29T22:14:32.835+0000] {dag.py:3954} INFO - Setting next_dagrun for tmdb_raw_pipeline to 2026-03-29 00:00:00+00:00, run_after=2026-03-30 00:00:00+00:00
[2026-03-29T22:14:32.842+0000] {processor.py:183} INFO - Processing /opt/airflow/dags/tmdb_daily_dag.py took 0.062 seconds
[2026-03-29T22:15:03.299+0000] {processor.py:161} INFO - Started process (PID=68106) to work on /opt/airflow/dags/tmdb_daily_dag.py
[2026-03-29T22:15:03.302+0000] {processor.py:830} INFO - Processing file /opt/airflow/dags/tmdb_daily_dag.py for tasks to queue
[2026-03-29T22:15:03.303+0000] {logging_mixin.py:188} INFO - [2026-03-29T22:15:03.303+0000] {dagbag.py:545} INFO - Filling up the DagBag from /opt/airflow/dags/tmdb_daily_dag.py
[2026-03-29T22:15:03.339+0000] {processor.py:840} INFO - DAG(s) 'tmdb_raw_pipeline' retrieved from /opt/airflow/dags/tmdb_daily_dag.py
[2026-03-29T22:15:03.350+0000] {logging_mixin.py:188} INFO - [2026-03-29T22:15:03.350+0000] {dag.py:3096} INFO - Sync 1 DAGs
[2026-03-29T22:15:03.363+0000] {logging_mixin.py:188} INFO - [2026-03-29T22:15:03.363+0000] {dag.py:3954} INFO - Setting next_dagrun for tmdb_raw_pipeline to 2026-03-29 00:00:00+00:00, run_after=2026-03-30 00:00:00+00:00
[2026-03-29T22:15:03.540+0000] {processor.py:183} INFO - Processing /opt/airflow/dags/tmdb_daily_dag.py took 0.248 seconds
[2026-03-29T22:15:34.012+0000] {processor.py:161} INFO - Started process (PID=68126) to work on /opt/airflow/dags/tmdb_daily_dag.py
[2026-03-29T22:15:34.015+0000] {processor.py:830} INFO - Processing file /opt/airflow/dags/tmdb_daily_dag.py for tasks to queue
[2026-03-29T22:15:34.016+0000] {logging_mixin.py:188} INFO - [2026-03-29T22:15:34.015+0000] {dagbag.py:545} INFO - Filling up the DagBag from /opt/airflow/dags/tmdb_daily_dag.py
[2026-03-29T22:15:34.068+0000] {processor.py:840} INFO - DAG(s) 'tmdb_raw_pipeline' retrieved from /opt/airflow/dags/tmdb_daily_dag.py
[2026-03-29T22:15:34.083+0000] {logging_mixin.py:188} INFO - [2026-03-29T22:15:34.082+0000] {dag.py:3096} INFO - Sync 1 DAGs
[2026-03-29T22:15:34.284+0000] {logging_mixin.py:188} INFO - [2026-03-29T22:15:34.284+0000] {dag.py:3954} INFO - Setting next_dagrun for tmdb_raw_pipeline to 2026-03-29 00:00:00+00:00, run_after=2026-03-30 00:00:00+00:00
[2026-03-29T22:15:34.292+0000] {processor.py:183} INFO - Processing /opt/airflow/dags/tmdb_daily_dag.py took 0.292 seconds
[2026-03-29T22:16:04.619+0000] {processor.py:161} INFO - Started process (PID=68146) to work on /opt/airflow/dags/tmdb_daily_dag.py
[2026-03-29T22:16:04.625+0000] {processor.py:830} INFO - Processing file /opt/airflow/dags/tmdb_daily_dag.py for tasks to queue
[2026-03-29T22:16:04.625+0000] {logging_mixin.py:188} INFO - [2026-03-29T22:16:04.625+0000] {dagbag.py:545} INFO - Filling up the DagBag from /opt/airflow/dags/tmdb_daily_dag.py
[2026-03-29T22:16:04.728+0000] {processor.py:840} INFO - DAG(s) 'tmdb_raw_pipeline' retrieved from /opt/airflow/dags/tmdb_daily_dag.py
[2026-03-29T22:16:04.732+0000] {logging_mixin.py:188} INFO - [2026-03-29T22:16:04.732+0000] {dag.py:3096} INFO - Sync 1 DAGs
[2026-03-29T22:16:04.741+0000] {logging_mixin.py:188} INFO - [2026-03-29T22:16:04.741+0000] {dag.py:3954} INFO - Setting next_dagrun for tmdb_raw_pipeline to 2026-03-29 00:00:00+00:00, run_after=2026-03-30 00:00:00+00:00
[2026-03-29T22:16:04.747+0000] {processor.py:183} INFO - Processing /opt/airflow/dags/tmdb_daily_dag.py took 0.132 seconds
[2026-03-29T22:16:35.284+0000] {processor.py:161} INFO - Started process (PID=68166) to work on /opt/airflow/dags/tmdb_daily_dag.py
[2026-03-29T22:16:35.286+0000] {processor.py:830} INFO - Processing file /opt/airflow/dags/tmdb_daily_dag.py for tasks to queue
[2026-03-29T22:16:35.288+0000] {logging_mixin.py:188} INFO - [2026-03-29T22:16:35.287+0000] {dagbag.py:545} INFO - Filling up the DagBag from /opt/airflow/dags/tmdb_daily_dag.py
[2026-03-29T22:16:35.374+0000] {processor.py:840} INFO - DAG(s) 'tmdb_raw_pipeline' retrieved from /opt/airflow/dags/tmdb_daily_dag.py
[2026-03-29T22:16:35.413+0000] {logging_mixin.py:188} INFO - [2026-03-29T22:16:35.413+0000] {dag.py:3096} INFO - Sync 1 DAGs
[2026-03-29T22:16:35.450+0000] {logging_mixin.py:188} INFO - [2026-03-29T22:16:35.450+0000] {dag.py:3954} INFO - Setting next_dagrun for tmdb_raw_pipeline to 2026-03-29 00:00:00+00:00, run_after=2026-03-30 00:00:00+00:00
[2026-03-29T22:16:35.461+0000] {processor.py:183} INFO - Processing /opt/airflow/dags/tmdb_daily_dag.py took 0.204 seconds
[2026-03-29T22:17:05.741+0000] {processor.py:161} INFO - Started process (PID=68186) to work on /opt/airflow/dags/tmdb_daily_dag.py
[2026-03-29T22:17:05.743+0000] {processor.py:830} INFO - Processing file /opt/airflow/dags/tmdb_daily_dag.py for tasks to queue
[2026-03-29T22:17:05.744+0000] {logging_mixin.py:188} INFO - [2026-03-29T22:17:05.744+0000] {dagbag.py:545} INFO - Filling up the DagBag from /opt/airflow/dags/tmdb_daily_dag.py
[2026-03-29T22:17:05.767+0000] {processor.py:840} INFO - DAG(s) 'tmdb_raw_pipeline' retrieved from /opt/airflow/dags/tmdb_daily_dag.py
[2026-03-29T22:17:05.774+0000] {logging_mixin.py:188} INFO - [2026-03-29T22:17:05.774+0000] {dag.py:3096} INFO - Sync 1 DAGs
[2026-03-29T22:17:05.786+0000] {logging_mixin.py:188} INFO - [2026-03-29T22:17:05.786+0000] {dag.py:3954} INFO - Setting next_dagrun for tmdb_raw_pipeline to 2026-03-29 00:00:00+00:00, run_after=2026-03-30 00:00:00+00:00
[2026-03-29T22:17:05.797+0000] {processor.py:183} INFO - Processing /opt/airflow/dags/tmdb_daily_dag.py took 0.063 seconds
[2026-03-29T22:17:36.249+0000] {processor.py:161} INFO - Started process (PID=68206) to work on /opt/airflow/dags/tmdb_daily_dag.py
[2026-03-29T22:17:36.252+0000] {processor.py:830} INFO - Processing file /opt/airflow/dags/tmdb_daily_dag.py for tasks to queue
[2026-03-29T22:17:36.253+0000] {logging_mixin.py:188} INFO - [2026-03-29T22:17:36.253+0000] {dagbag.py:545} INFO - Filling up the DagBag from /opt/airflow/dags/tmdb_daily_dag.py
[2026-03-29T22:17:36.304+0000] {processor.py:840} INFO - DAG(s) 'tmdb_raw_pipeline' retrieved from /opt/airflow/dags/tmdb_daily_dag.py
[2026-03-29T22:17:36.321+0000] {logging_mixin.py:188} INFO - [2026-03-29T22:17:36.321+0000] {dag.py:3096} INFO - Sync 1 DAGs
[2026-03-29T22:17:36.350+0000] {logging_mixin.py:188} INFO - [2026-03-29T22:17:36.350+0000] {dag.py:3954} INFO - Setting next_dagrun for tmdb_raw_pipeline to 2026-03-29 00:00:00+00:00, run_after=2026-03-30 00:00:00+00:00
[2026-03-29T22:17:36.362+0000] {processor.py:183} INFO - Processing /opt/airflow/dags/tmdb_daily_dag.py took 0.125 seconds
[2026-03-29T22:18:06.783+0000] {processor.py:161} INFO - Started process (PID=68226) to work on /opt/airflow/dags/tmdb_daily_dag.py
[2026-03-29T22:18:06.786+0000] {processor.py:830} INFO - Processing file /opt/airflow/dags/tmdb_daily_dag.py for tasks to queue
[2026-03-29T22:18:06.787+0000] {logging_mixin.py:188} INFO - [2026-03-29T22:18:06.787+0000] {dagbag.py:545} INFO - Filling up the DagBag from /opt/airflow/dags/tmdb_daily_dag.py
[2026-03-29T22:18:06.809+0000] {processor.py:840} INFO - DAG(s) 'tmdb_raw_pipeline' retrieved from /opt/airflow/dags/tmdb_daily_dag.py
[2026-03-29T22:18:06.816+0000] {logging_mixin.py:188} INFO - [2026-03-29T22:18:06.816+0000] {dag.py:3096} INFO - Sync 1 DAGs
[2026-03-29T22:18:06.827+0000] {logging_mixin.py:188} INFO - [2026-03-29T22:18:06.827+0000] {dag.py:3954} INFO - Setting next_dagrun for tmdb_raw_pipeline to 2026-03-29 00:00:00+00:00, run_after=2026-03-30 00:00:00+00:00
[2026-03-29T22:18:06.835+0000] {processor.py:183} INFO - Processing /opt/airflow/dags/tmdb_daily_dag.py took 0.060 seconds
[2026-03-29T22:18:37.274+0000] {processor.py:161} INFO - Started process (PID=68246) to work on /opt/airflow/dags/tmdb_daily_dag.py
[2026-03-29T22:18:37.277+0000] {processor.py:830} INFO - Processing file /opt/airflow/dags/tmdb_daily_dag.py for tasks to queue
[2026-03-29T22:18:37.278+0000] {logging_mixin.py:188} INFO - [2026-03-29T22:18:37.277+0000] {dagbag.py:545} INFO - Filling up the DagBag from /opt/airflow/dags/tmdb_daily_dag.py
[2026-03-29T22:18:37.313+0000] {processor.py:840} INFO - DAG(s) 'tmdb_raw_pipeline' retrieved from /opt/airflow/dags/tmdb_daily_dag.py
[2026-03-29T22:18:37.322+0000] {logging_mixin.py:188} INFO - [2026-03-29T22:18:37.322+0000] {dag.py:3096} INFO - Sync 1 DAGs
[2026-03-29T22:18:37.337+0000] {logging_mixin.py:188} INFO - [2026-03-29T22:18:37.337+0000] {dag.py:3954} INFO - Setting next_dagrun for tmdb_raw_pipeline to 2026-03-29 00:00:00+00:00, run_after=2026-03-30 00:00:00+00:00
[2026-03-29T22:18:37.347+0000] {processor.py:183} INFO - Processing /opt/airflow/dags/tmdb_daily_dag.py took 0.080 seconds
[2026-03-29T22:19:07.741+0000] {processor.py:161} INFO - Started process (PID=68266) to work on /opt/airflow/dags/tmdb_daily_dag.py
[2026-03-29T22:19:07.743+0000] {processor.py:830} INFO - Processing file /opt/airflow/dags/tmdb_daily_dag.py for tasks to queue
[2026-03-29T22:19:07.745+0000] {logging_mixin.py:188} INFO - [2026-03-29T22:19:07.745+0000] {dagbag.py:545} INFO - Filling up the DagBag from /opt/airflow/dags/tmdb_daily_dag.py
[2026-03-29T22:19:07.760+0000] {processor.py:840} INFO - DAG(s) 'tmdb_raw_pipeline' retrieved from /opt/airflow/dags/tmdb_daily_dag.py
[2026-03-29T22:19:07.766+0000] {logging_mixin.py:188} INFO - [2026-03-29T22:19:07.766+0000] {dag.py:3096} INFO - Sync 1 DAGs
[2026-03-29T22:19:07.776+0000] {logging_mixin.py:188} INFO - [2026-03-29T22:19:07.776+0000] {dag.py:3954} INFO - Setting next_dagrun for tmdb_raw_pipeline to 2026-03-29 00:00:00+00:00, run_after=2026-03-30 00:00:00+00:00
[2026-03-29T22:19:07.784+0000] {processor.py:183} INFO - Processing /opt/airflow/dags/tmdb_daily_dag.py took 0.047 seconds
[2026-03-29T22:19:38.328+0000] {processor.py:161} INFO - Started process (PID=68286) to work on /opt/airflow/dags/tmdb_daily_dag.py
[2026-03-29T22:19:38.332+0000] {processor.py:830} INFO - Processing file /opt/airflow/dags/tmdb_daily_dag.py for tasks to queue
[2026-03-29T22:19:38.336+0000] {logging_mixin.py:188} INFO - [2026-03-29T22:19:38.333+0000] {dagbag.py:545} INFO - Filling up the DagBag from /opt/airflow/dags/tmdb_daily_dag.py
[2026-03-29T22:19:38.368+0000] {processor.py:840} INFO - DAG(s) 'tmdb_raw_pipeline' retrieved from /opt/airflow/dags/tmdb_daily_dag.py
[2026-03-29T22:19:38.390+0000] {logging_mixin.py:188} INFO - [2026-03-29T22:19:38.390+0000] {dag.py:3096} INFO - Sync 1 DAGs
[2026-03-29T22:19:38.404+0000] {logging_mixin.py:188} INFO - [2026-03-29T22:19:38.404+0000] {dag.py:3954} INFO - Setting next_dagrun for tmdb_raw_pipeline to 2026-03-29 00:00:00+00:00, run_after=2026-03-30 00:00:00+00:00
[2026-03-29T22:19:38.413+0000] {processor.py:183} INFO - Processing /opt/airflow/dags/tmdb_daily_dag.py took 0.099 seconds
[2026-03-29T22:20:08.849+0000] {processor.py:161} INFO - Started process (PID=68306) to work on /opt/airflow/dags/tmdb_daily_dag.py
[2026-03-29T22:20:08.851+0000] {processor.py:830} INFO - Processing file /opt/airflow/dags/tmdb_daily_dag.py for tasks to queue
[2026-03-29T22:20:08.852+0000] {logging_mixin.py:188} INFO - [2026-03-29T22:20:08.852+0000] {dagbag.py:545} INFO - Filling up the DagBag from /opt/airflow/dags/tmdb_daily_dag.py
[2026-03-29T22:20:08.874+0000] {processor.py:840} INFO - DAG(s) 'tmdb_raw_pipeline' retrieved from /opt/airflow/dags/tmdb_daily_dag.py
[2026-03-29T22:20:08.883+0000] {logging_mixin.py:188} INFO - [2026-03-29T22:20:08.883+0000] {dag.py:3096} INFO - Sync 1 DAGs
[2026-03-29T22:20:08.897+0000] {logging_mixin.py:188} INFO - [2026-03-29T22:20:08.897+0000] {dag.py:3954} INFO - Setting next_dagrun for tmdb_raw_pipeline to 2026-03-29 00:00:00+00:00, run_after=2026-03-30 00:00:00+00:00
[2026-03-29T22:20:08.905+0000] {processor.py:183} INFO - Processing /opt/airflow/dags/tmdb_daily_dag.py took 0.062 seconds
[2026-03-29T22:20:39.301+0000] {processor.py:161} INFO - Started process (PID=68326) to work on /opt/airflow/dags/tmdb_daily_dag.py
[2026-03-29T22:20:39.303+0000] {processor.py:830} INFO - Processing file /opt/airflow/dags/tmdb_daily_dag.py for tasks to queue
[2026-03-29T22:20:39.304+0000] {logging_mixin.py:188} INFO - [2026-03-29T22:20:39.304+0000] {dagbag.py:545} INFO - Filling up the DagBag from /opt/airflow/dags/tmdb_daily_dag.py
[2026-03-29T22:20:39.330+0000] {processor.py:840} INFO - DAG(s) 'tmdb_raw_pipeline' retrieved from /opt/airflow/dags/tmdb_daily_dag.py
[2026-03-29T22:20:39.338+0000] {logging_mixin.py:188} INFO - [2026-03-29T22:20:39.338+0000] {dag.py:3096} INFO - Sync 1 DAGs
[2026-03-29T22:20:39.350+0000] {logging_mixin.py:188} INFO - [2026-03-29T22:20:39.349+0000] {dag.py:3954} INFO - Setting next_dagrun for tmdb_raw_pipeline to 2026-03-29 00:00:00+00:00, run_after=2026-03-30 00:00:00+00:00
[2026-03-29T22:20:39.357+0000] {processor.py:183} INFO - Processing /opt/airflow/dags/tmdb_daily_dag.py took 0.062 seconds
[2026-03-29T22:21:09.776+0000] {processor.py:161} INFO - Started process (PID=68346) to work on /opt/airflow/dags/tmdb_daily_dag.py
[2026-03-29T22:21:09.781+0000] {processor.py:830} INFO - Processing file /opt/airflow/dags/tmdb_daily_dag.py for tasks to queue
[2026-03-29T22:21:09.782+0000] {logging_mixin.py:188} INFO - [2026-03-29T22:21:09.782+0000] {dagbag.py:545} INFO - Filling up the DagBag from /opt/airflow/dags/tmdb_daily_dag.py
[2026-03-29T22:21:09.807+0000] {processor.py:840} INFO - DAG(s) 'tmdb_raw_pipeline' retrieved from /opt/airflow/dags/tmdb_daily_dag.py
[2026-03-29T22:21:09.815+0000] {logging_mixin.py:188} INFO - [2026-03-29T22:21:09.815+0000] {dag.py:3096} INFO - Sync 1 DAGs
[2026-03-29T22:21:09.827+0000] {logging_mixin.py:188} INFO - [2026-03-29T22:21:09.827+0000] {dag.py:3954} INFO - Setting next_dagrun for tmdb_raw_pipeline to 2026-03-29 00:00:00+00:00, run_after=2026-03-30 00:00:00+00:00
[2026-03-29T22:21:09.834+0000] {processor.py:183} INFO - Processing /opt/airflow/dags/tmdb_daily_dag.py took 0.063 seconds
[2026-03-29T22:21:40.254+0000] {processor.py:161} INFO - Started process (PID=68366) to work on /opt/airflow/dags/tmdb_daily_dag.py
[2026-03-29T22:21:40.257+0000] {processor.py:830} INFO - Processing file /opt/airflow/dags/tmdb_daily_dag.py for tasks to queue
[2026-03-29T22:21:40.258+0000] {logging_mixin.py:188} INFO - [2026-03-29T22:21:40.257+0000] {dagbag.py:545} INFO - Filling up the DagBag from /opt/airflow/dags/tmdb_daily_dag.py
[2026-03-29T22:21:40.280+0000] {processor.py:840} INFO - DAG(s) 'tmdb_raw_pipeline' retrieved from /opt/airflow/dags/tmdb_daily_dag.py
[2026-03-29T22:21:40.292+0000] {logging_mixin.py:188} INFO - [2026-03-29T22:21:40.292+0000] {dag.py:3096} INFO - Sync 1 DAGs
[2026-03-29T22:21:40.306+0000] {logging_mixin.py:188} INFO - [2026-03-29T22:21:40.306+0000] {dag.py:3954} INFO - Setting next_dagrun for tmdb_raw_pipeline to 2026-03-29 00:00:00+00:00, run_after=2026-03-30 00:00:00+00:00
[2026-03-29T22:21:40.314+0000] {processor.py:183} INFO - Processing /opt/airflow/dags/tmdb_daily_dag.py took 0.064 seconds
[2026-03-29T22:22:10.707+0000] {processor.py:161} INFO - Started process (PID=68386) to work on /opt/airflow/dags/tmdb_daily_dag.py
[2026-03-29T22:22:10.710+0000] {processor.py:830} INFO - Processing file /opt/airflow/dags/tmdb_daily_dag.py for tasks to queue
[2026-03-29T22:22:10.710+0000] {logging_mixin.py:188} INFO - [2026-03-29T22:22:10.710+0000] {dagbag.py:545} INFO - Filling up the DagBag from /opt/airflow/dags/tmdb_daily_dag.py
[2026-03-29T22:22:10.733+0000] {processor.py:840} INFO - DAG(s) 'tmdb_raw_pipeline' retrieved from /opt/airflow/dags/tmdb_daily_dag.py
[2026-03-29T22:22:10.744+0000] {logging_mixin.py:188} INFO - [2026-03-29T22:22:10.744+0000] {dag.py:3096} INFO - Sync 1 DAGs
[2026-03-29T22:22:10.759+0000] {logging_mixin.py:188} INFO - [2026-03-29T22:22:10.758+0000] {dag.py:3954} INFO - Setting next_dagrun for tmdb_raw_pipeline to 2026-03-29 00:00:00+00:00, run_after=2026-03-30 00:00:00+00:00
[2026-03-29T22:22:10.767+0000] {processor.py:183} INFO - Processing /opt/airflow/dags/tmdb_daily_dag.py took 0.063 seconds
[2026-03-29T22:22:41.242+0000] {processor.py:161} INFO - Started process (PID=68410) to work on /opt/airflow/dags/tmdb_daily_dag.py
[2026-03-29T22:22:41.246+0000] {processor.py:830} INFO - Processing file /opt/airflow/dags/tmdb_daily_dag.py for tasks to queue
[2026-03-29T22:22:41.247+0000] {logging_mixin.py:188} INFO - [2026-03-29T22:22:41.246+0000] {dagbag.py:545} INFO - Filling up the DagBag from /opt/airflow/dags/tmdb_daily_dag.py
[2026-03-29T22:22:41.286+0000] {processor.py:840} INFO - DAG(s) 'tmdb_raw_pipeline' retrieved from /opt/airflow/dags/tmdb_daily_dag.py
[2026-03-29T22:22:41.306+0000] {logging_mixin.py:188} INFO - [2026-03-29T22:22:41.306+0000] {dag.py:3096} INFO - Sync 1 DAGs
[2026-03-29T22:22:41.335+0000] {processor.py:183} INFO - Processing /opt/airflow/dags/tmdb_daily_dag.py took 0.114 seconds
[2026-03-29T22:23:11.663+0000] {processor.py:161} INFO - Started process (PID=68444) to work on /opt/airflow/dags/tmdb_daily_dag.py
[2026-03-29T22:23:11.665+0000] {processor.py:830} INFO - Processing file /opt/airflow/dags/tmdb_daily_dag.py for tasks to queue
[2026-03-29T22:23:11.666+0000] {logging_mixin.py:188} INFO - [2026-03-29T22:23:11.665+0000] {dagbag.py:545} INFO - Filling up the DagBag from /opt/airflow/dags/tmdb_daily_dag.py
[2026-03-29T22:23:11.694+0000] {processor.py:840} INFO - DAG(s) 'tmdb_raw_pipeline' retrieved from /opt/airflow/dags/tmdb_daily_dag.py
[2026-03-29T22:23:11.704+0000] {logging_mixin.py:188} INFO - [2026-03-29T22:23:11.704+0000] {dag.py:3096} INFO - Sync 1 DAGs
[2026-03-29T22:23:11.717+0000] {logging_mixin.py:188} INFO - [2026-03-29T22:23:11.717+0000] {dag.py:3954} INFO - Setting next_dagrun for tmdb_raw_pipeline to 2026-03-29 00:00:00+00:00, run_after=2026-03-30 00:00:00+00:00
[2026-03-29T22:23:11.726+0000] {processor.py:183} INFO - Processing /opt/airflow/dags/tmdb_daily_dag.py took 0.070 seconds
[2026-03-29T22:23:42.312+0000] {processor.py:161} INFO - Started process (PID=68469) to work on /opt/airflow/dags/tmdb_daily_dag.py
[2026-03-29T22:23:42.314+0000] {processor.py:830} INFO - Processing file /opt/airflow/dags/tmdb_daily_dag.py for tasks to queue
[2026-03-29T22:23:42.315+0000] {logging_mixin.py:188} INFO - [2026-03-29T22:23:42.315+0000] {dagbag.py:545} INFO - Filling up the DagBag from /opt/airflow/dags/tmdb_daily_dag.py
[2026-03-29T22:23:42.363+0000] {processor.py:840} INFO - DAG(s) 'tmdb_raw_pipeline' retrieved from /opt/airflow/dags/tmdb_daily_dag.py
[2026-03-29T22:23:42.387+0000] {logging_mixin.py:188} INFO - [2026-03-29T22:23:42.387+0000] {dag.py:3096} INFO - Sync 1 DAGs
[2026-03-29T22:23:42.405+0000] {logging_mixin.py:188} INFO - [2026-03-29T22:23:42.405+0000] {dag.py:3954} INFO - Setting next_dagrun for tmdb_raw_pipeline to 2026-03-29 00:00:00+00:00, run_after=2026-03-30 00:00:00+00:00
[2026-03-29T22:23:42.422+0000] {processor.py:183} INFO - Processing /opt/airflow/dags/tmdb_daily_dag.py took 0.120 seconds
[2026-03-29T22:24:12.742+0000] {processor.py:161} INFO - Started process (PID=68489) to work on /opt/airflow/dags/tmdb_daily_dag.py
[2026-03-29T22:24:12.745+0000] {processor.py:830} INFO - Processing file /opt/airflow/dags/tmdb_daily_dag.py for tasks to queue
[2026-03-29T22:24:12.746+0000] {logging_mixin.py:188} INFO - [2026-03-29T22:24:12.746+0000] {dagbag.py:545} INFO - Filling up the DagBag from /opt/airflow/dags/tmdb_daily_dag.py
[2026-03-29T22:24:12.766+0000] {processor.py:840} INFO - DAG(s) 'tmdb_raw_pipeline' retrieved from /opt/airflow/dags/tmdb_daily_dag.py
[2026-03-29T22:24:12.773+0000] {logging_mixin.py:188} INFO - [2026-03-29T22:24:12.773+0000] {dag.py:3096} INFO - Sync 1 DAGs
[2026-03-29T22:24:12.783+0000] {logging_mixin.py:188} INFO - [2026-03-29T22:24:12.783+0000] {dag.py:3954} INFO - Setting next_dagrun for tmdb_raw_pipeline to 2026-03-29 00:00:00+00:00, run_after=2026-03-30 00:00:00+00:00
[2026-03-29T22:24:12.790+0000] {processor.py:183} INFO - Processing /opt/airflow/dags/tmdb_daily_dag.py took 0.055 seconds
[2026-03-29T22:24:43.212+0000] {processor.py:161} INFO - Started process (PID=68509) to work on /opt/airflow/dags/tmdb_daily_dag.py
[2026-03-29T22:24:43.215+0000] {processor.py:830} INFO - Processing file /opt/airflow/dags/tmdb_daily_dag.py for tasks to queue
[2026-03-29T22:24:43.216+0000] {logging_mixin.py:188} INFO - [2026-03-29T22:24:43.215+0000] {dagbag.py:545} INFO - Filling up the DagBag from /opt/airflow/dags/tmdb_daily_dag.py
[2026-03-29T22:24:43.245+0000] {processor.py:840} INFO - DAG(s) 'tmdb_raw_pipeline' retrieved from /opt/airflow/dags/tmdb_daily_dag.py
[2026-03-29T22:24:43.252+0000] {logging_mixin.py:188} INFO - [2026-03-29T22:24:43.252+0000] {dag.py:3096} INFO - Sync 1 DAGs
[2026-03-29T22:24:43.263+0000] {logging_mixin.py:188} INFO - [2026-03-29T22:24:43.263+0000] {dag.py:3954} INFO - Setting next_dagrun for tmdb_raw_pipeline to 2026-03-29 00:00:00+00:00, run_after=2026-03-30 00:00:00+00:00
[2026-03-29T22:24:43.270+0000] {processor.py:183} INFO - Processing /opt/airflow/dags/tmdb_daily_dag.py took 0.074 seconds
[2026-03-29T22:25:13.711+0000] {processor.py:161} INFO - Started process (PID=68529) to work on /opt/airflow/dags/tmdb_daily_dag.py
[2026-03-29T22:25:13.714+0000] {processor.py:830} INFO - Processing file /opt/airflow/dags/tmdb_daily_dag.py for tasks to queue
[2026-03-29T22:25:13.715+0000] {logging_mixin.py:188} INFO - [2026-03-29T22:25:13.714+0000] {dagbag.py:545} INFO - Filling up the DagBag from /opt/airflow/dags/tmdb_daily_dag.py
[2026-03-29T22:25:13.736+0000] {processor.py:840} INFO - DAG(s) 'tmdb_raw_pipeline' retrieved from /opt/airflow/dags/tmdb_daily_dag.py
[2026-03-29T22:25:13.742+0000] {logging_mixin.py:188} INFO - [2026-03-29T22:25:13.742+0000] {dag.py:3096} INFO - Sync 1 DAGs
[2026-03-29T22:25:13.752+0000] {logging_mixin.py:188} INFO - [2026-03-29T22:25:13.752+0000] {dag.py:3954} INFO - Setting next_dagrun for tmdb_raw_pipeline to 2026-03-29 00:00:00+00:00, run_after=2026-03-30 00:00:00+00:00
[2026-03-29T22:25:13.760+0000] {processor.py:183} INFO - Processing /opt/airflow/dags/tmdb_daily_dag.py took 0.054 seconds
[2026-03-29T22:25:44.141+0000] {processor.py:161} INFO - Started process (PID=68549) to work on /opt/airflow/dags/tmdb_daily_dag.py
[2026-03-29T22:25:44.144+0000] {processor.py:830} INFO - Processing file /opt/airflow/dags/tmdb_daily_dag.py for tasks to queue
[2026-03-29T22:25:44.145+0000] {logging_mixin.py:188} INFO - [2026-03-29T22:25:44.144+0000] {dagbag.py:545} INFO - Filling up the DagBag from /opt/airflow/dags/tmdb_daily_dag.py
[2026-03-29T22:25:44.165+0000] {processor.py:840} INFO - DAG(s) 'tmdb_raw_pipeline' retrieved from /opt/airflow/dags/tmdb_daily_dag.py
[2026-03-29T22:25:44.172+0000] {logging_mixin.py:188} INFO - [2026-03-29T22:25:44.172+0000] {dag.py:3096} INFO - Sync 1 DAGs
[2026-03-29T22:25:44.186+0000] {logging_mixin.py:188} INFO - [2026-03-29T22:25:44.186+0000] {dag.py:3954} INFO - Setting next_dagrun for tmdb_raw_pipeline to 2026-03-29 00:00:00+00:00, run_after=2026-03-30 00:00:00+00:00
[2026-03-29T22:25:44.194+0000] {processor.py:183} INFO - Processing /opt/airflow/dags/tmdb_daily_dag.py took 0.061 seconds
[2026-03-29T22:26:14.570+0000] {processor.py:161} INFO - Started process (PID=68569) to work on /opt/airflow/dags/tmdb_daily_dag.py
[2026-03-29T22:26:14.573+0000] {processor.py:830} INFO - Processing file /opt/airflow/dags/tmdb_daily_dag.py for tasks to queue
[2026-03-29T22:26:14.574+0000] {logging_mixin.py:188} INFO - [2026-03-29T22:26:14.574+0000] {dagbag.py:545} INFO - Filling up the DagBag from /opt/airflow/dags/tmdb_daily_dag.py
[2026-03-29T22:26:14.595+0000] {processor.py:840} INFO - DAG(s) 'tmdb_raw_pipeline' retrieved from /opt/airflow/dags/tmdb_daily_dag.py
[2026-03-29T22:26:14.602+0000] {logging_mixin.py:188} INFO - [2026-03-29T22:26:14.602+0000] {dag.py:3096} INFO - Sync 1 DAGs
[2026-03-29T22:26:14.615+0000] {logging_mixin.py:188} INFO - [2026-03-29T22:26:14.615+0000] {dag.py:3954} INFO - Setting next_dagrun for tmdb_raw_pipeline to 2026-03-29 00:00:00+00:00, run_after=2026-03-30 00:00:00+00:00
[2026-03-29T22:26:14.622+0000] {processor.py:183} INFO - Processing /opt/airflow/dags/tmdb_daily_dag.py took 0.061 seconds
[2026-03-29T22:26:45.037+0000] {processor.py:161} INFO - Started process (PID=68589) to work on /opt/airflow/dags/tmdb_daily_dag.py
[2026-03-29T22:26:45.041+0000] {processor.py:830} INFO - Processing file /opt/airflow/dags/tmdb_daily_dag.py for tasks to queue
[2026-03-29T22:26:45.042+0000] {logging_mixin.py:188} INFO - [2026-03-29T22:26:45.041+0000] {dagbag.py:545} INFO - Filling up the DagBag from /opt/airflow/dags/tmdb_daily_dag.py
[2026-03-29T22:26:45.061+0000] {processor.py:840} INFO - DAG(s) 'tmdb_raw_pipeline' retrieved from /opt/airflow/dags/tmdb_daily_dag.py
[2026-03-29T22:26:45.068+0000] {logging_mixin.py:188} INFO - [2026-03-29T22:26:45.068+0000] {dag.py:3096} INFO - Sync 1 DAGs
[2026-03-29T22:26:45.078+0000] {logging_mixin.py:188} INFO - [2026-03-29T22:26:45.078+0000] {dag.py:3954} INFO - Setting next_dagrun for tmdb_raw_pipeline to 2026-03-29 00:00:00+00:00, run_after=2026-03-30 00:00:00+00:00
[2026-03-29T22:26:45.086+0000] {processor.py:183} INFO - Processing /opt/airflow/dags/tmdb_daily_dag.py took 0.056 seconds
[2026-03-29T22:27:15.541+0000] {processor.py:161} INFO - Started process (PID=68609) to work on /opt/airflow/dags/tmdb_daily_dag.py
[2026-03-29T22:27:15.544+0000] {processor.py:830} INFO - Processing file /opt/airflow/dags/tmdb_daily_dag.py for tasks to queue
[2026-03-29T22:27:15.544+0000] {logging_mixin.py:188} INFO - [2026-03-29T22:27:15.544+0000] {dagbag.py:545} INFO - Filling up the DagBag from /opt/airflow/dags/tmdb_daily_dag.py
[2026-03-29T22:27:15.594+0000] {processor.py:840} INFO - DAG(s) 'tmdb_raw_pipeline' retrieved from /opt/airflow/dags/tmdb_daily_dag.py
[2026-03-29T22:27:15.604+0000] {logging_mixin.py:188} INFO - [2026-03-29T22:27:15.604+0000] {dag.py:3096} INFO - Sync 1 DAGs
[2026-03-29T22:27:15.620+0000] {logging_mixin.py:188} INFO - [2026-03-29T22:27:15.620+0000] {dag.py:3954} INFO - Setting next_dagrun for tmdb_raw_pipeline to 2026-03-29 00:00:00+00:00, run_after=2026-03-30 00:00:00+00:00
[2026-03-29T22:27:15.629+0000] {processor.py:183} INFO - Processing /opt/airflow/dags/tmdb_daily_dag.py took 0.094 seconds
[2026-03-29T22:27:46.036+0000] {processor.py:161} INFO - Started process (PID=68629) to work on /opt/airflow/dags/tmdb_daily_dag.py
[2026-03-29T22:27:46.038+0000] {processor.py:830} INFO - Processing file /opt/airflow/dags/tmdb_daily_dag.py for tasks to queue
[2026-03-29T22:27:46.039+0000] {logging_mixin.py:188} INFO - [2026-03-29T22:27:46.039+0000] {dagbag.py:545} INFO - Filling up the DagBag from /opt/airflow/dags/tmdb_daily_dag.py
[2026-03-29T22:27:46.060+0000] {processor.py:840} INFO - DAG(s) 'tmdb_raw_pipeline' retrieved from /opt/airflow/dags/tmdb_daily_dag.py
[2026-03-29T22:27:46.067+0000] {logging_mixin.py:188} INFO - [2026-03-29T22:27:46.067+0000] {dag.py:3096} INFO - Sync 1 DAGs
[2026-03-29T22:27:46.084+0000] {logging_mixin.py:188} INFO - [2026-03-29T22:27:46.084+0000] {dag.py:3954} INFO - Setting next_dagrun for tmdb_raw_pipeline to 2026-03-29 00:00:00+00:00, run_after=2026-03-30 00:00:00+00:00
[2026-03-29T22:27:46.092+0000] {processor.py:183} INFO - Processing /opt/airflow/dags/tmdb_daily_dag.py took 0.061 seconds
[2026-03-29T22:28:16.519+0000] {processor.py:161} INFO - Started process (PID=68653) to work on /opt/airflow/dags/tmdb_daily_dag.py
[2026-03-29T22:28:16.521+0000] {processor.py:830} INFO - Processing file /opt/airflow/dags/tmdb_daily_dag.py for tasks to queue
[2026-03-29T22:28:16.522+0000] {logging_mixin.py:188} INFO - [2026-03-29T22:28:16.522+0000] {dagbag.py:545} INFO - Filling up the DagBag from /opt/airflow/dags/tmdb_daily_dag.py
[2026-03-29T22:28:16.543+0000] {processor.py:840} INFO - DAG(s) 'tmdb_raw_pipeline' retrieved from /opt/airflow/dags/tmdb_daily_dag.py
[2026-03-29T22:28:16.552+0000] {logging_mixin.py:188} INFO - [2026-03-29T22:28:16.551+0000] {dag.py:3096} INFO - Sync 1 DAGs
[2026-03-29T22:28:16.573+0000] {processor.py:183} INFO - Processing /opt/airflow/dags/tmdb_daily_dag.py took 0.062 seconds
[2026-03-29T22:28:46.986+0000] {processor.py:161} INFO - Started process (PID=68687) to work on /opt/airflow/dags/tmdb_daily_dag.py
[2026-03-29T22:28:46.989+0000] {processor.py:830} INFO - Processing file /opt/airflow/dags/tmdb_daily_dag.py for tasks to queue
[2026-03-29T22:28:46.990+0000] {logging_mixin.py:188} INFO - [2026-03-29T22:28:46.989+0000] {dagbag.py:545} INFO - Filling up the DagBag from /opt/airflow/dags/tmdb_daily_dag.py
[2026-03-29T22:28:47.015+0000] {processor.py:840} INFO - DAG(s) 'tmdb_raw_pipeline' retrieved from /opt/airflow/dags/tmdb_daily_dag.py
[2026-03-29T22:28:47.022+0000] {logging_mixin.py:188} INFO - [2026-03-29T22:28:47.021+0000] {dag.py:3096} INFO - Sync 1 DAGs
[2026-03-29T22:28:47.032+0000] {logging_mixin.py:188} INFO - [2026-03-29T22:28:47.032+0000] {dag.py:3954} INFO - Setting next_dagrun for tmdb_raw_pipeline to 2026-03-29 00:00:00+00:00, run_after=2026-03-30 00:00:00+00:00
[2026-03-29T22:28:47.038+0000] {processor.py:183} INFO - Processing /opt/airflow/dags/tmdb_daily_dag.py took 0.061 seconds
[2026-03-29T22:29:17.437+0000] {processor.py:161} INFO - Started process (PID=68707) to work on /opt/airflow/dags/tmdb_daily_dag.py
[2026-03-29T22:29:17.440+0000] {processor.py:830} INFO - Processing file /opt/airflow/dags/tmdb_daily_dag.py for tasks to queue
[2026-03-29T22:29:17.441+0000] {logging_mixin.py:188} INFO - [2026-03-29T22:29:17.441+0000] {dagbag.py:545} INFO - Filling up the DagBag from /opt/airflow/dags/tmdb_daily_dag.py
[2026-03-29T22:29:17.465+0000] {processor.py:840} INFO - DAG(s) 'tmdb_raw_pipeline' retrieved from /opt/airflow/dags/tmdb_daily_dag.py
[2026-03-29T22:29:17.475+0000] {logging_mixin.py:188} INFO - [2026-03-29T22:29:17.475+0000] {dag.py:3096} INFO - Sync 1 DAGs
[2026-03-29T22:29:17.487+0000] {logging_mixin.py:188} INFO - [2026-03-29T22:29:17.487+0000] {dag.py:3954} INFO - Setting next_dagrun for tmdb_raw_pipeline to 2026-03-29 00:00:00+00:00, run_after=2026-03-30 00:00:00+00:00
[2026-03-29T22:29:17.495+0000] {processor.py:183} INFO - Processing /opt/airflow/dags/tmdb_daily_dag.py took 0.067 seconds
[2026-03-29T22:29:47.917+0000] {processor.py:161} INFO - Started process (PID=68727) to work on /opt/airflow/dags/tmdb_daily_dag.py
[2026-03-29T22:29:47.920+0000] {processor.py:830} INFO - Processing file /opt/airflow/dags/tmdb_daily_dag.py for tasks to queue
[2026-03-29T22:29:47.921+0000] {logging_mixin.py:188} INFO - [2026-03-29T22:29:47.921+0000] {dagbag.py:545} INFO - Filling up the DagBag from /opt/airflow/dags/tmdb_daily_dag.py
[2026-03-29T22:29:47.942+0000] {processor.py:840} INFO - DAG(s) 'tmdb_raw_pipeline' retrieved from /opt/airflow/dags/tmdb_daily_dag.py
[2026-03-29T22:29:47.949+0000] {logging_mixin.py:188} INFO - [2026-03-29T22:29:47.949+0000] {dag.py:3096} INFO - Sync 1 DAGs
[2026-03-29T22:29:47.960+0000] {logging_mixin.py:188} INFO - [2026-03-29T22:29:47.960+0000] {dag.py:3954} INFO - Setting next_dagrun for tmdb_raw_pipeline to 2026-03-29 00:00:00+00:00, run_after=2026-03-30 00:00:00+00:00
[2026-03-29T22:29:47.973+0000] {processor.py:183} INFO - Processing /opt/airflow/dags/tmdb_daily_dag.py took 0.070 seconds
[2026-03-29T22:30:18.443+0000] {processor.py:161} INFO - Started process (PID=68747) to work on /opt/airflow/dags/tmdb_daily_dag.py
[2026-03-29T22:30:18.445+0000] {processor.py:830} INFO - Processing file /opt/airflow/dags/tmdb_daily_dag.py for tasks to queue
[2026-03-29T22:30:18.446+0000] {logging_mixin.py:188} INFO - [2026-03-29T22:30:18.446+0000] {dagbag.py:545} INFO - Filling up the DagBag from /opt/airflow/dags/tmdb_daily_dag.py
[2026-03-29T22:30:18.508+0000] {processor.py:840} INFO - DAG(s) 'tmdb_raw_pipeline' retrieved from /opt/airflow/dags/tmdb_daily_dag.py
[2026-03-29T22:30:18.521+0000] {logging_mixin.py:188} INFO - [2026-03-29T22:30:18.521+0000] {dag.py:3096} INFO - Sync 1 DAGs
[2026-03-29T22:30:18.540+0000] {logging_mixin.py:188} INFO - [2026-03-29T22:30:18.540+0000] {dag.py:3954} INFO - Setting next_dagrun for tmdb_raw_pipeline to 2026-03-29 00:00:00+00:00, run_after=2026-03-30 00:00:00+00:00
[2026-03-29T22:30:18.556+0000] {processor.py:183} INFO - Processing /opt/airflow/dags/tmdb_daily_dag.py took 0.120 seconds
[2026-03-29T22:30:48.928+0000] {processor.py:161} INFO - Started process (PID=68767) to work on /opt/airflow/dags/tmdb_daily_dag.py
[2026-03-29T22:30:48.930+0000] {processor.py:830} INFO - Processing file /opt/airflow/dags/tmdb_daily_dag.py for tasks to queue
[2026-03-29T22:30:48.931+0000] {logging_mixin.py:188} INFO - [2026-03-29T22:30:48.931+0000] {dagbag.py:545} INFO - Filling up the DagBag from /opt/airflow/dags/tmdb_daily_dag.py
[2026-03-29T22:30:48.961+0000] {processor.py:840} INFO - DAG(s) 'tmdb_raw_pipeline' retrieved from /opt/airflow/dags/tmdb_daily_dag.py
[2026-03-29T22:30:48.968+0000] {logging_mixin.py:188} INFO - [2026-03-29T22:30:48.968+0000] {dag.py:3096} INFO - Sync 1 DAGs
[2026-03-29T22:30:48.979+0000] {logging_mixin.py:188} INFO - [2026-03-29T22:30:48.979+0000] {dag.py:3954} INFO - Setting next_dagrun for tmdb_raw_pipeline to 2026-03-29 00:00:00+00:00, run_after=2026-03-30 00:00:00+00:00
[2026-03-29T22:30:48.986+0000] {processor.py:183} INFO - Processing /opt/airflow/dags/tmdb_daily_dag.py took 0.064 seconds
[2026-03-29T22:31:19.403+0000] {processor.py:161} INFO - Started process (PID=68787) to work on /opt/airflow/dags/tmdb_daily_dag.py
[2026-03-29T22:31:19.407+0000] {processor.py:830} INFO - Processing file /opt/airflow/dags/tmdb_daily_dag.py for tasks to queue
[2026-03-29T22:31:19.408+0000] {logging_mixin.py:188} INFO - [2026-03-29T22:31:19.407+0000] {dagbag.py:545} INFO - Filling up the DagBag from /opt/airflow/dags/tmdb_daily_dag.py
[2026-03-29T22:31:19.440+0000] {processor.py:840} INFO - DAG(s) 'tmdb_raw_pipeline' retrieved from /opt/airflow/dags/tmdb_daily_dag.py
[2026-03-29T22:31:19.448+0000] {logging_mixin.py:188} INFO - [2026-03-29T22:31:19.448+0000] {dag.py:3096} INFO - Sync 1 DAGs
[2026-03-29T22:31:19.459+0000] {logging_mixin.py:188} INFO - [2026-03-29T22:31:19.459+0000] {dag.py:3954} INFO - Setting next_dagrun for tmdb_raw_pipeline to 2026-03-29 00:00:00+00:00, run_after=2026-03-30 00:00:00+00:00
[2026-03-29T22:31:19.467+0000] {processor.py:183} INFO - Processing /opt/airflow/dags/tmdb_daily_dag.py took 0.071 seconds
[2026-03-29T22:31:49.858+0000] {processor.py:161} INFO - Started process (PID=68807) to work on /opt/airflow/dags/tmdb_daily_dag.py
[2026-03-29T22:31:49.861+0000] {processor.py:830} INFO - Processing file /opt/airflow/dags/tmdb_daily_dag.py for tasks to queue
[2026-03-29T22:31:49.862+0000] {logging_mixin.py:188} INFO - [2026-03-29T22:31:49.862+0000] {dagbag.py:545} INFO - Filling up the DagBag from /opt/airflow/dags/tmdb_daily_dag.py
[2026-03-29T22:31:49.882+0000] {processor.py:840} INFO - DAG(s) 'tmdb_raw_pipeline' retrieved from /opt/airflow/dags/tmdb_daily_dag.py
[2026-03-29T22:31:49.889+0000] {logging_mixin.py:188} INFO - [2026-03-29T22:31:49.889+0000] {dag.py:3096} INFO - Sync 1 DAGs
[2026-03-29T22:31:49.900+0000] {logging_mixin.py:188} INFO - [2026-03-29T22:31:49.900+0000] {dag.py:3954} INFO - Setting next_dagrun for tmdb_raw_pipeline to 2026-03-29 00:00:00+00:00, run_after=2026-03-30 00:00:00+00:00
[2026-03-29T22:31:49.907+0000] {processor.py:183} INFO - Processing /opt/airflow/dags/tmdb_daily_dag.py took 0.054 seconds
[2026-03-29T22:32:20.311+0000] {processor.py:161} INFO - Started process (PID=68827) to work on /opt/airflow/dags/tmdb_daily_dag.py
[2026-03-29T22:32:20.313+0000] {processor.py:830} INFO - Processing file /opt/airflow/dags/tmdb_daily_dag.py for tasks to queue
[2026-03-29T22:32:20.314+0000] {logging_mixin.py:188} INFO - [2026-03-29T22:32:20.314+0000] {dagbag.py:545} INFO - Filling up the DagBag from /opt/airflow/dags/tmdb_daily_dag.py
[2026-03-29T22:32:20.335+0000] {processor.py:840} INFO - DAG(s) 'tmdb_raw_pipeline' retrieved from /opt/airflow/dags/tmdb_daily_dag.py
[2026-03-29T22:32:20.342+0000] {logging_mixin.py:188} INFO - [2026-03-29T22:32:20.342+0000] {dag.py:3096} INFO - Sync 1 DAGs
[2026-03-29T22:32:20.356+0000] {logging_mixin.py:188} INFO - [2026-03-29T22:32:20.355+0000] {dag.py:3954} INFO - Setting next_dagrun for tmdb_raw_pipeline to 2026-03-29 00:00:00+00:00, run_after=2026-03-30 00:00:00+00:00
[2026-03-29T22:32:20.365+0000] {processor.py:183} INFO - Processing /opt/airflow/dags/tmdb_daily_dag.py took 0.058 seconds
[2026-03-29T22:32:50.736+0000] {processor.py:161} INFO - Started process (PID=68847) to work on /opt/airflow/dags/tmdb_daily_dag.py
[2026-03-29T22:32:50.739+0000] {processor.py:830} INFO - Processing file /opt/airflow/dags/tmdb_daily_dag.py for tasks to queue
[2026-03-29T22:32:50.740+0000] {logging_mixin.py:188} INFO - [2026-03-29T22:32:50.740+0000] {dagbag.py:545} INFO - Filling up the DagBag from /opt/airflow/dags/tmdb_daily_dag.py
[2026-03-29T22:32:50.763+0000] {processor.py:840} INFO - DAG(s) 'tmdb_raw_pipeline' retrieved from /opt/airflow/dags/tmdb_daily_dag.py
[2026-03-29T22:32:50.770+0000] {logging_mixin.py:188} INFO - [2026-03-29T22:32:50.770+0000] {dag.py:3096} INFO - Sync 1 DAGs
[2026-03-29T22:32:50.781+0000] {logging_mixin.py:188} INFO - [2026-03-29T22:32:50.781+0000] {dag.py:3954} INFO - Setting next_dagrun for tmdb_raw_pipeline to 2026-03-29 00:00:00+00:00, run_after=2026-03-30 00:00:00+00:00
[2026-03-29T22:32:50.788+0000] {processor.py:183} INFO - Processing /opt/airflow/dags/tmdb_daily_dag.py took 0.057 seconds
[2026-03-29T22:33:21.117+0000] {processor.py:161} INFO - Started process (PID=68867) to work on /opt/airflow/dags/tmdb_daily_dag.py
[2026-03-29T22:33:21.119+0000] {processor.py:830} INFO - Processing file /opt/airflow/dags/tmdb_daily_dag.py for tasks to queue
[2026-03-29T22:33:21.120+0000] {logging_mixin.py:188} INFO - [2026-03-29T22:33:21.120+0000] {dagbag.py:545} INFO - Filling up the DagBag from /opt/airflow/dags/tmdb_daily_dag.py
[2026-03-29T22:33:21.136+0000] {processor.py:840} INFO - DAG(s) 'tmdb_raw_pipeline' retrieved from /opt/airflow/dags/tmdb_daily_dag.py
[2026-03-29T22:33:21.142+0000] {logging_mixin.py:188} INFO - [2026-03-29T22:33:21.142+0000] {dag.py:3096} INFO - Sync 1 DAGs
[2026-03-29T22:33:21.151+0000] {logging_mixin.py:188} INFO - [2026-03-29T22:33:21.151+0000] {dag.py:3954} INFO - Setting next_dagrun for tmdb_raw_pipeline to 2026-03-29 00:00:00+00:00, run_after=2026-03-30 00:00:00+00:00
[2026-03-29T22:33:21.158+0000] {processor.py:183} INFO - Processing /opt/airflow/dags/tmdb_daily_dag.py took 0.045 seconds
[2026-03-29T22:33:51.623+0000] {processor.py:161} INFO - Started process (PID=68887) to work on /opt/airflow/dags/tmdb_daily_dag.py
[2026-03-29T22:33:51.627+0000] {processor.py:830} INFO - Processing file /opt/airflow/dags/tmdb_daily_dag.py for tasks to queue
[2026-03-29T22:33:51.628+0000] {logging_mixin.py:188} INFO - [2026-03-29T22:33:51.627+0000] {dagbag.py:545} INFO - Filling up the DagBag from /opt/airflow/dags/tmdb_daily_dag.py
[2026-03-29T22:33:51.648+0000] {processor.py:840} INFO - DAG(s) 'tmdb_raw_pipeline' retrieved from /opt/airflow/dags/tmdb_daily_dag.py
[2026-03-29T22:33:51.654+0000] {logging_mixin.py:188} INFO - [2026-03-29T22:33:51.654+0000] {dag.py:3096} INFO - Sync 1 DAGs
[2026-03-29T22:33:51.665+0000] {logging_mixin.py:188} INFO - [2026-03-29T22:33:51.665+0000] {dag.py:3954} INFO - Setting next_dagrun for tmdb_raw_pipeline to 2026-03-29 00:00:00+00:00, run_after=2026-03-30 00:00:00+00:00
[2026-03-29T22:33:51.673+0000] {processor.py:183} INFO - Processing /opt/airflow/dags/tmdb_daily_dag.py took 0.058 seconds
[2026-03-29T22:34:22.057+0000] {processor.py:161} INFO - Started process (PID=68907) to work on /opt/airflow/dags/tmdb_daily_dag.py
[2026-03-29T22:34:22.060+0000] {processor.py:830} INFO - Processing file /opt/airflow/dags/tmdb_daily_dag.py for tasks to queue
[2026-03-29T22:34:22.061+0000] {logging_mixin.py:188} INFO - [2026-03-29T22:34:22.061+0000] {dagbag.py:545} INFO - Filling up the DagBag from /opt/airflow/dags/tmdb_daily_dag.py
[2026-03-29T22:34:22.083+0000] {processor.py:840} INFO - DAG(s) 'tmdb_raw_pipeline' retrieved from /opt/airflow/dags/tmdb_daily_dag.py
[2026-03-29T22:34:22.090+0000] {logging_mixin.py:188} INFO - [2026-03-29T22:34:22.090+0000] {dag.py:3096} INFO - Sync 1 DAGs
[2026-03-29T22:34:22.111+0000] {logging_mixin.py:188} INFO - [2026-03-29T22:34:22.111+0000] {dag.py:3954} INFO - Setting next_dagrun for tmdb_raw_pipeline to 2026-03-29 00:00:00+00:00, run_after=2026-03-30 00:00:00+00:00
[2026-03-29T22:34:22.121+0000] {processor.py:183} INFO - Processing /opt/airflow/dags/tmdb_daily_dag.py took 0.079 seconds
[2026-03-29T22:34:52.430+0000] {processor.py:161} INFO - Started process (PID=68927) to work on /opt/airflow/dags/tmdb_daily_dag.py
[2026-03-29T22:34:52.434+0000] {processor.py:830} INFO - Processing file /opt/airflow/dags/tmdb_daily_dag.py for tasks to queue
[2026-03-29T22:34:52.434+0000] {logging_mixin.py:188} INFO - [2026-03-29T22:34:52.434+0000] {dagbag.py:545} INFO - Filling up the DagBag from /opt/airflow/dags/tmdb_daily_dag.py
[2026-03-29T22:34:52.454+0000] {processor.py:840} INFO - DAG(s) 'tmdb_raw_pipeline' retrieved from /opt/airflow/dags/tmdb_daily_dag.py
[2026-03-29T22:34:52.460+0000] {logging_mixin.py:188} INFO - [2026-03-29T22:34:52.460+0000] {dag.py:3096} INFO - Sync 1 DAGs
[2026-03-29T22:34:52.471+0000] {logging_mixin.py:188} INFO - [2026-03-29T22:34:52.470+0000] {dag.py:3954} INFO - Setting next_dagrun for tmdb_raw_pipeline to 2026-03-29 00:00:00+00:00, run_after=2026-03-30 00:00:00+00:00
[2026-03-29T22:34:52.477+0000] {processor.py:183} INFO - Processing /opt/airflow/dags/tmdb_daily_dag.py took 0.055 seconds
[2026-03-29T22:35:22.909+0000] {processor.py:161} INFO - Started process (PID=68947) to work on /opt/airflow/dags/tmdb_daily_dag.py
[2026-03-29T22:35:22.913+0000] {processor.py:830} INFO - Processing file /opt/airflow/dags/tmdb_daily_dag.py for tasks to queue
[2026-03-29T22:35:22.914+0000] {logging_mixin.py:188} INFO - [2026-03-29T22:35:22.913+0000] {dagbag.py:545} INFO - Filling up the DagBag from /opt/airflow/dags/tmdb_daily_dag.py
[2026-03-29T22:35:22.935+0000] {processor.py:840} INFO - DAG(s) 'tmdb_raw_pipeline' retrieved from /opt/airflow/dags/tmdb_daily_dag.py
[2026-03-29T22:35:22.942+0000] {logging_mixin.py:188} INFO - [2026-03-29T22:35:22.942+0000] {dag.py:3096} INFO - Sync 1 DAGs
[2026-03-29T22:35:22.952+0000] {logging_mixin.py:188} INFO - [2026-03-29T22:35:22.952+0000] {dag.py:3954} INFO - Setting next_dagrun for tmdb_raw_pipeline to 2026-03-29 00:00:00+00:00, run_after=2026-03-30 00:00:00+00:00
[2026-03-29T22:35:22.960+0000] {processor.py:183} INFO - Processing /opt/airflow/dags/tmdb_daily_dag.py took 0.057 seconds
[2026-03-29T22:35:53.409+0000] {processor.py:161} INFO - Started process (PID=68967) to work on /opt/airflow/dags/tmdb_daily_dag.py
[2026-03-29T22:35:53.414+0000] {processor.py:830} INFO - Processing file /opt/airflow/dags/tmdb_daily_dag.py for tasks to queue
[2026-03-29T22:35:53.415+0000] {logging_mixin.py:188} INFO - [2026-03-29T22:35:53.414+0000] {dagbag.py:545} INFO - Filling up the DagBag from /opt/airflow/dags/tmdb_daily_dag.py
[2026-03-29T22:35:53.436+0000] {processor.py:840} INFO - DAG(s) 'tmdb_raw_pipeline' retrieved from /opt/airflow/dags/tmdb_daily_dag.py
[2026-03-29T22:35:53.443+0000] {logging_mixin.py:188} INFO - [2026-03-29T22:35:53.443+0000] {dag.py:3096} INFO - Sync 1 DAGs
[2026-03-29T22:35:53.455+0000] {logging_mixin.py:188} INFO - [2026-03-29T22:35:53.455+0000] {dag.py:3954} INFO - Setting next_dagrun for tmdb_raw_pipeline to 2026-03-29 00:00:00+00:00, run_after=2026-03-30 00:00:00+00:00
[2026-03-29T22:35:53.462+0000] {processor.py:183} INFO - Processing /opt/airflow/dags/tmdb_daily_dag.py took 0.057 seconds
[2026-03-29T22:36:23.895+0000] {processor.py:161} INFO - Started process (PID=68987) to work on /opt/airflow/dags/tmdb_daily_dag.py
[2026-03-29T22:36:23.898+0000] {processor.py:830} INFO - Processing file /opt/airflow/dags/tmdb_daily_dag.py for tasks to queue
[2026-03-29T22:36:23.900+0000] {logging_mixin.py:188} INFO - [2026-03-29T22:36:23.899+0000] {dagbag.py:545} INFO - Filling up the DagBag from /opt/airflow/dags/tmdb_daily_dag.py
[2026-03-29T22:36:23.953+0000] {processor.py:840} INFO - DAG(s) 'tmdb_raw_pipeline' retrieved from /opt/airflow/dags/tmdb_daily_dag.py
[2026-03-29T22:36:23.967+0000] {logging_mixin.py:188} INFO - [2026-03-29T22:36:23.967+0000] {dag.py:3096} INFO - Sync 1 DAGs
[2026-03-29T22:36:23.996+0000] {logging_mixin.py:188} INFO - [2026-03-29T22:36:23.996+0000] {dag.py:3954} INFO - Setting next_dagrun for tmdb_raw_pipeline to 2026-03-29 00:00:00+00:00, run_after=2026-03-30 00:00:00+00:00
[2026-03-29T22:36:24.006+0000] {processor.py:183} INFO - Processing /opt/airflow/dags/tmdb_daily_dag.py took 0.119 seconds
[2026-03-29T22:36:54.539+0000] {processor.py:161} INFO - Started process (PID=69007) to work on /opt/airflow/dags/tmdb_daily_dag.py
[2026-03-29T22:36:54.542+0000] {processor.py:830} INFO - Processing file /opt/airflow/dags/tmdb_daily_dag.py for tasks to queue
[2026-03-29T22:36:54.544+0000] {logging_mixin.py:188} INFO - [2026-03-29T22:36:54.543+0000] {dagbag.py:545} INFO - Filling up the DagBag from /opt/airflow/dags/tmdb_daily_dag.py
[2026-03-29T22:36:54.610+0000] {processor.py:840} INFO - DAG(s) 'tmdb_raw_pipeline' retrieved from /opt/airflow/dags/tmdb_daily_dag.py
[2026-03-29T22:36:54.679+0000] {logging_mixin.py:188} INFO - [2026-03-29T22:36:54.679+0000] {dag.py:3096} INFO - Sync 1 DAGs
[2026-03-29T22:36:54.707+0000] {logging_mixin.py:188} INFO - [2026-03-29T22:36:54.707+0000] {dag.py:3954} INFO - Setting next_dagrun for tmdb_raw_pipeline to 2026-03-29 00:00:00+00:00, run_after=2026-03-30 00:00:00+00:00
[2026-03-29T22:36:54.717+0000] {processor.py:183} INFO - Processing /opt/airflow/dags/tmdb_daily_dag.py took 0.190 seconds
[2026-03-29T22:37:25.156+0000] {processor.py:161} INFO - Started process (PID=69027) to work on /opt/airflow/dags/tmdb_daily_dag.py
[2026-03-29T22:37:25.159+0000] {processor.py:830} INFO - Processing file /opt/airflow/dags/tmdb_daily_dag.py for tasks to queue
[2026-03-29T22:37:25.159+0000] {logging_mixin.py:188} INFO - [2026-03-29T22:37:25.159+0000] {dagbag.py:545} INFO - Filling up the DagBag from /opt/airflow/dags/tmdb_daily_dag.py
[2026-03-29T22:37:25.178+0000] {processor.py:840} INFO - DAG(s) 'tmdb_raw_pipeline' retrieved from /opt/airflow/dags/tmdb_daily_dag.py
[2026-03-29T22:37:25.185+0000] {logging_mixin.py:188} INFO - [2026-03-29T22:37:25.185+0000] {dag.py:3096} INFO - Sync 1 DAGs
[2026-03-29T22:37:25.197+0000] {logging_mixin.py:188} INFO - [2026-03-29T22:37:25.197+0000] {dag.py:3954} INFO - Setting next_dagrun for tmdb_raw_pipeline to 2026-03-29 00:00:00+00:00, run_after=2026-03-30 00:00:00+00:00
[2026-03-29T22:37:25.205+0000] {processor.py:183} INFO - Processing /opt/airflow/dags/tmdb_daily_dag.py took 0.056 seconds
[2026-03-29T22:37:55.621+0000] {processor.py:161} INFO - Started process (PID=69047) to work on /opt/airflow/dags/tmdb_daily_dag.py
[2026-03-29T22:37:55.624+0000] {processor.py:830} INFO - Processing file /opt/airflow/dags/tmdb_daily_dag.py for tasks to queue
[2026-03-29T22:37:55.625+0000] {logging_mixin.py:188} INFO - [2026-03-29T22:37:55.624+0000] {dagbag.py:545} INFO - Filling up the DagBag from /opt/airflow/dags/tmdb_daily_dag.py
[2026-03-29T22:37:55.647+0000] {processor.py:840} INFO - DAG(s) 'tmdb_raw_pipeline' retrieved from /opt/airflow/dags/tmdb_daily_dag.py
[2026-03-29T22:37:55.654+0000] {logging_mixin.py:188} INFO - [2026-03-29T22:37:55.654+0000] {dag.py:3096} INFO - Sync 1 DAGs
[2026-03-29T22:37:55.666+0000] {logging_mixin.py:188} INFO - [2026-03-29T22:37:55.666+0000] {dag.py:3954} INFO - Setting next_dagrun for tmdb_raw_pipeline to 2026-03-29 00:00:00+00:00, run_after=2026-03-30 00:00:00+00:00
[2026-03-29T22:37:55.674+0000] {processor.py:183} INFO - Processing /opt/airflow/dags/tmdb_daily_dag.py took 0.058 seconds
[2026-03-29T22:38:26.029+0000] {processor.py:161} INFO - Started process (PID=69067) to work on /opt/airflow/dags/tmdb_daily_dag.py
[2026-03-29T22:38:26.031+0000] {processor.py:830} INFO - Processing file /opt/airflow/dags/tmdb_daily_dag.py for tasks to queue
[2026-03-29T22:38:26.032+0000] {logging_mixin.py:188} INFO - [2026-03-29T22:38:26.032+0000] {dagbag.py:545} INFO - Filling up the DagBag from /opt/airflow/dags/tmdb_daily_dag.py
[2026-03-29T22:38:26.057+0000] {processor.py:840} INFO - DAG(s) 'tmdb_raw_pipeline' retrieved from /opt/airflow/dags/tmdb_daily_dag.py
[2026-03-29T22:38:26.066+0000] {logging_mixin.py:188} INFO - [2026-03-29T22:38:26.066+0000] {dag.py:3096} INFO - Sync 1 DAGs
[2026-03-29T22:38:26.078+0000] {logging_mixin.py:188} INFO - [2026-03-29T22:38:26.078+0000] {dag.py:3954} INFO - Setting next_dagrun for tmdb_raw_pipeline to 2026-03-29 00:00:00+00:00, run_after=2026-03-30 00:00:00+00:00
[2026-03-29T22:38:26.087+0000] {processor.py:183} INFO - Processing /opt/airflow/dags/tmdb_daily_dag.py took 0.069 seconds
[2026-03-29T22:38:56.571+0000] {processor.py:161} INFO - Started process (PID=69087) to work on /opt/airflow/dags/tmdb_daily_dag.py
[2026-03-29T22:38:56.574+0000] {processor.py:830} INFO - Processing file /opt/airflow/dags/tmdb_daily_dag.py for tasks to queue
[2026-03-29T22:38:56.575+0000] {logging_mixin.py:188} INFO - [2026-03-29T22:38:56.575+0000] {dagbag.py:545} INFO - Filling up the DagBag from /opt/airflow/dags/tmdb_daily_dag.py
[2026-03-29T22:38:56.602+0000] {processor.py:840} INFO - DAG(s) 'tmdb_raw_pipeline' retrieved from /opt/airflow/dags/tmdb_daily_dag.py
[2026-03-29T22:38:56.610+0000] {logging_mixin.py:188} INFO - [2026-03-29T22:38:56.610+0000] {dag.py:3096} INFO - Sync 1 DAGs
[2026-03-29T22:38:56.633+0000] {logging_mixin.py:188} INFO - [2026-03-29T22:38:56.633+0000] {dag.py:3954} INFO - Setting next_dagrun for tmdb_raw_pipeline to 2026-03-29 00:00:00+00:00, run_after=2026-03-30 00:00:00+00:00
[2026-03-29T22:38:56.644+0000] {processor.py:183} INFO - Processing /opt/airflow/dags/tmdb_daily_dag.py took 0.082 seconds
[2026-03-29T22:39:27.096+0000] {processor.py:161} INFO - Started process (PID=69107) to work on /opt/airflow/dags/tmdb_daily_dag.py
[2026-03-29T22:39:27.099+0000] {processor.py:830} INFO - Processing file /opt/airflow/dags/tmdb_daily_dag.py for tasks to queue
[2026-03-29T22:39:27.100+0000] {logging_mixin.py:188} INFO - [2026-03-29T22:39:27.099+0000] {dagbag.py:545} INFO - Filling up the DagBag from /opt/airflow/dags/tmdb_daily_dag.py
[2026-03-29T22:39:27.123+0000] {processor.py:840} INFO - DAG(s) 'tmdb_raw_pipeline' retrieved from /opt/airflow/dags/tmdb_daily_dag.py
[2026-03-29T22:39:27.131+0000] {logging_mixin.py:188} INFO - [2026-03-29T22:39:27.131+0000] {dag.py:3096} INFO - Sync 1 DAGs
[2026-03-29T22:39:27.143+0000] {logging_mixin.py:188} INFO - [2026-03-29T22:39:27.142+0000] {dag.py:3954} INFO - Setting next_dagrun for tmdb_raw_pipeline to 2026-03-29 00:00:00+00:00, run_after=2026-03-30 00:00:00+00:00
[2026-03-29T22:39:27.150+0000] {processor.py:183} INFO - Processing /opt/airflow/dags/tmdb_daily_dag.py took 0.062 seconds
[2026-03-29T22:39:57.572+0000] {processor.py:161} INFO - Started process (PID=69127) to work on /opt/airflow/dags/tmdb_daily_dag.py
[2026-03-29T22:39:57.574+0000] {processor.py:830} INFO - Processing file /opt/airflow/dags/tmdb_daily_dag.py for tasks to queue
[2026-03-29T22:39:57.575+0000] {logging_mixin.py:188} INFO - [2026-03-29T22:39:57.575+0000] {dagbag.py:545} INFO - Filling up the DagBag from /opt/airflow/dags/tmdb_daily_dag.py
[2026-03-29T22:39:57.597+0000] {processor.py:840} INFO - DAG(s) 'tmdb_raw_pipeline' retrieved from /opt/airflow/dags/tmdb_daily_dag.py
[2026-03-29T22:39:57.604+0000] {logging_mixin.py:188} INFO - [2026-03-29T22:39:57.604+0000] {dag.py:3096} INFO - Sync 1 DAGs
[2026-03-29T22:39:57.614+0000] {logging_mixin.py:188} INFO - [2026-03-29T22:39:57.614+0000] {dag.py:3954} INFO - Setting next_dagrun for tmdb_raw_pipeline to 2026-03-29 00:00:00+00:00, run_after=2026-03-30 00:00:00+00:00
[2026-03-29T22:39:57.621+0000] {processor.py:183} INFO - Processing /opt/airflow/dags/tmdb_daily_dag.py took 0.054 seconds
[2026-03-29T22:40:28.043+0000] {processor.py:161} INFO - Started process (PID=69147) to work on /opt/airflow/dags/tmdb_daily_dag.py
[2026-03-29T22:40:28.047+0000] {processor.py:830} INFO - Processing file /opt/airflow/dags/tmdb_daily_dag.py for tasks to queue
[2026-03-29T22:40:28.049+0000] {logging_mixin.py:188} INFO - [2026-03-29T22:40:28.048+0000] {dagbag.py:545} INFO - Filling up the DagBag from /opt/airflow/dags/tmdb_daily_dag.py
[2026-03-29T22:40:28.108+0000] {processor.py:840} INFO - DAG(s) 'tmdb_raw_pipeline' retrieved from /opt/airflow/dags/tmdb_daily_dag.py
[2026-03-29T22:40:28.122+0000] {logging_mixin.py:188} INFO - [2026-03-29T22:40:28.122+0000] {dag.py:3096} INFO - Sync 1 DAGs
[2026-03-29T22:40:28.139+0000] {logging_mixin.py:188} INFO - [2026-03-29T22:40:28.139+0000] {dag.py:3954} INFO - Setting next_dagrun for tmdb_raw_pipeline to 2026-03-29 00:00:00+00:00, run_after=2026-03-30 00:00:00+00:00
[2026-03-29T22:40:28.151+0000] {processor.py:183} INFO - Processing /opt/airflow/dags/tmdb_daily_dag.py took 0.134 seconds
[2026-03-29T22:40:58.564+0000] {processor.py:161} INFO - Started process (PID=69167) to work on /opt/airflow/dags/tmdb_daily_dag.py
[2026-03-29T22:40:58.569+0000] {processor.py:830} INFO - Processing file /opt/airflow/dags/tmdb_daily_dag.py for tasks to queue
[2026-03-29T22:40:58.570+0000] {logging_mixin.py:188} INFO - [2026-03-29T22:40:58.570+0000] {dagbag.py:545} INFO - Filling up the DagBag from /opt/airflow/dags/tmdb_daily_dag.py
[2026-03-29T22:40:58.595+0000] {processor.py:840} INFO - DAG(s) 'tmdb_raw_pipeline' retrieved from /opt/airflow/dags/tmdb_daily_dag.py
[2026-03-29T22:40:58.602+0000] {logging_mixin.py:188} INFO - [2026-03-29T22:40:58.602+0000] {dag.py:3096} INFO - Sync 1 DAGs
[2026-03-29T22:40:58.626+0000] {logging_mixin.py:188} INFO - [2026-03-29T22:40:58.626+0000] {dag.py:3954} INFO - Setting next_dagrun for tmdb_raw_pipeline to 2026-03-29 00:00:00+00:00, run_after=2026-03-30 00:00:00+00:00
[2026-03-29T22:40:58.638+0000] {processor.py:183} INFO - Processing /opt/airflow/dags/tmdb_daily_dag.py took 0.079 seconds
[2026-03-29T22:41:29.108+0000] {processor.py:161} INFO - Started process (PID=69187) to work on /opt/airflow/dags/tmdb_daily_dag.py
[2026-03-29T22:41:29.111+0000] {processor.py:830} INFO - Processing file /opt/airflow/dags/tmdb_daily_dag.py for tasks to queue
[2026-03-29T22:41:29.112+0000] {logging_mixin.py:188} INFO - [2026-03-29T22:41:29.112+0000] {dagbag.py:545} INFO - Filling up the DagBag from /opt/airflow/dags/tmdb_daily_dag.py
[2026-03-29T22:41:29.177+0000] {processor.py:840} INFO - DAG(s) 'tmdb_raw_pipeline' retrieved from /opt/airflow/dags/tmdb_daily_dag.py
[2026-03-29T22:41:29.202+0000] {logging_mixin.py:188} INFO - [2026-03-29T22:41:29.202+0000] {dag.py:3096} INFO - Sync 1 DAGs
[2026-03-29T22:41:29.217+0000] {logging_mixin.py:188} INFO - [2026-03-29T22:41:29.217+0000] {dag.py:3954} INFO - Setting next_dagrun for tmdb_raw_pipeline to 2026-03-29 00:00:00+00:00, run_after=2026-03-30 00:00:00+00:00
[2026-03-29T22:41:29.227+0000] {processor.py:183} INFO - Processing /opt/airflow/dags/tmdb_daily_dag.py took 0.130 seconds
[2026-03-29T22:41:59.622+0000] {processor.py:161} INFO - Started process (PID=69207) to work on /opt/airflow/dags/tmdb_daily_dag.py
[2026-03-29T22:41:59.626+0000] {processor.py:830} INFO - Processing file /opt/airflow/dags/tmdb_daily_dag.py for tasks to queue
[2026-03-29T22:41:59.627+0000] {logging_mixin.py:188} INFO - [2026-03-29T22:41:59.627+0000] {dagbag.py:545} INFO - Filling up the DagBag from /opt/airflow/dags/tmdb_daily_dag.py
[2026-03-29T22:41:59.662+0000] {processor.py:840} INFO - DAG(s) 'tmdb_raw_pipeline' retrieved from /opt/airflow/dags/tmdb_daily_dag.py
[2026-03-29T22:41:59.669+0000] {logging_mixin.py:188} INFO - [2026-03-29T22:41:59.669+0000] {dag.py:3096} INFO - Sync 1 DAGs
[2026-03-29T22:41:59.680+0000] {logging_mixin.py:188} INFO - [2026-03-29T22:41:59.680+0000] {dag.py:3954} INFO - Setting next_dagrun for tmdb_raw_pipeline to 2026-03-29 00:00:00+00:00, run_after=2026-03-30 00:00:00+00:00
[2026-03-29T22:41:59.688+0000] {processor.py:183} INFO - Processing /opt/airflow/dags/tmdb_daily_dag.py took 0.073 seconds
[2026-03-29T22:42:30.081+0000] {processor.py:161} INFO - Started process (PID=69227) to work on /opt/airflow/dags/tmdb_daily_dag.py
[2026-03-29T22:42:30.084+0000] {processor.py:830} INFO - Processing file /opt/airflow/dags/tmdb_daily_dag.py for tasks to queue
[2026-03-29T22:42:30.084+0000] {logging_mixin.py:188} INFO - [2026-03-29T22:42:30.084+0000] {dagbag.py:545} INFO - Filling up the DagBag from /opt/airflow/dags/tmdb_daily_dag.py
[2026-03-29T22:42:30.102+0000] {processor.py:840} INFO - DAG(s) 'tmdb_raw_pipeline' retrieved from /opt/airflow/dags/tmdb_daily_dag.py
[2026-03-29T22:42:30.109+0000] {logging_mixin.py:188} INFO - [2026-03-29T22:42:30.109+0000] {dag.py:3096} INFO - Sync 1 DAGs
[2026-03-29T22:42:30.119+0000] {logging_mixin.py:188} INFO - [2026-03-29T22:42:30.119+0000] {dag.py:3954} INFO - Setting next_dagrun for tmdb_raw_pipeline to 2026-03-29 00:00:00+00:00, run_after=2026-03-30 00:00:00+00:00
[2026-03-29T22:42:30.127+0000] {processor.py:183} INFO - Processing /opt/airflow/dags/tmdb_daily_dag.py took 0.053 seconds
[2026-03-29T22:43:00.551+0000] {processor.py:161} INFO - Started process (PID=69247) to work on /opt/airflow/dags/tmdb_daily_dag.py
[2026-03-29T22:43:00.554+0000] {processor.py:830} INFO - Processing file /opt/airflow/dags/tmdb_daily_dag.py for tasks to queue
[2026-03-29T22:43:00.555+0000] {logging_mixin.py:188} INFO - [2026-03-29T22:43:00.554+0000] {dagbag.py:545} INFO - Filling up the DagBag from /opt/airflow/dags/tmdb_daily_dag.py
[2026-03-29T22:43:00.573+0000] {processor.py:840} INFO - DAG(s) 'tmdb_raw_pipeline' retrieved from /opt/airflow/dags/tmdb_daily_dag.py
[2026-03-29T22:43:00.580+0000] {logging_mixin.py:188} INFO - [2026-03-29T22:43:00.580+0000] {dag.py:3096} INFO - Sync 1 DAGs
[2026-03-29T22:43:00.591+0000] {logging_mixin.py:188} INFO - [2026-03-29T22:43:00.591+0000] {dag.py:3954} INFO - Setting next_dagrun for tmdb_raw_pipeline to 2026-03-29 00:00:00+00:00, run_after=2026-03-30 00:00:00+00:00
[2026-03-29T22:43:00.598+0000] {processor.py:183} INFO - Processing /opt/airflow/dags/tmdb_daily_dag.py took 0.053 seconds
[2026-03-29T22:43:30.974+0000] {processor.py:161} INFO - Started process (PID=69267) to work on /opt/airflow/dags/tmdb_daily_dag.py
[2026-03-29T22:43:30.977+0000] {processor.py:830} INFO - Processing file /opt/airflow/dags/tmdb_daily_dag.py for tasks to queue
[2026-03-29T22:43:30.978+0000] {logging_mixin.py:188} INFO - [2026-03-29T22:43:30.977+0000] {dagbag.py:545} INFO - Filling up the DagBag from /opt/airflow/dags/tmdb_daily_dag.py
[2026-03-29T22:43:30.997+0000] {processor.py:840} INFO - DAG(s) 'tmdb_raw_pipeline' retrieved from /opt/airflow/dags/tmdb_daily_dag.py
[2026-03-29T22:43:31.003+0000] {logging_mixin.py:188} INFO - [2026-03-29T22:43:31.003+0000] {dag.py:3096} INFO - Sync 1 DAGs
[2026-03-29T22:43:31.013+0000] {logging_mixin.py:188} INFO - [2026-03-29T22:43:31.013+0000] {dag.py:3954} INFO - Setting next_dagrun for tmdb_raw_pipeline to 2026-03-29 00:00:00+00:00, run_after=2026-03-30 00:00:00+00:00
[2026-03-29T22:43:31.020+0000] {processor.py:183} INFO - Processing /opt/airflow/dags/tmdb_daily_dag.py took 0.052 seconds
[2026-03-29T22:44:01.498+0000] {processor.py:161} INFO - Started process (PID=69287) to work on /opt/airflow/dags/tmdb_daily_dag.py
[2026-03-29T22:44:01.502+0000] {processor.py:830} INFO - Processing file /opt/airflow/dags/tmdb_daily_dag.py for tasks to queue
[2026-03-29T22:44:01.503+0000] {logging_mixin.py:188} INFO - [2026-03-29T22:44:01.503+0000] {dagbag.py:545} INFO - Filling up the DagBag from /opt/airflow/dags/tmdb_daily_dag.py
[2026-03-29T22:44:01.527+0000] {processor.py:840} INFO - DAG(s) 'tmdb_raw_pipeline' retrieved from /opt/airflow/dags/tmdb_daily_dag.py
[2026-03-29T22:44:01.553+0000] {logging_mixin.py:188} INFO - [2026-03-29T22:44:01.552+0000] {dag.py:3096} INFO - Sync 1 DAGs
[2026-03-29T22:44:01.567+0000] {logging_mixin.py:188} INFO - [2026-03-29T22:44:01.566+0000] {dag.py:3954} INFO - Setting next_dagrun for tmdb_raw_pipeline to 2026-03-29 00:00:00+00:00, run_after=2026-03-30 00:00:00+00:00
[2026-03-29T22:44:01.575+0000] {processor.py:183} INFO - Processing /opt/airflow/dags/tmdb_daily_dag.py took 0.082 seconds
[2026-03-29T22:49:51.205+0000] {processor.py:161} INFO - Started process (PID=69295) to work on /opt/airflow/dags/tmdb_daily_dag.py
[2026-03-29T22:49:51.208+0000] {processor.py:830} INFO - Processing file /opt/airflow/dags/tmdb_daily_dag.py for tasks to queue
[2026-03-29T22:49:51.212+0000] {logging_mixin.py:188} INFO - [2026-03-29T22:49:51.211+0000] {dagbag.py:545} INFO - Filling up the DagBag from /opt/airflow/dags/tmdb_daily_dag.py
[2026-03-29T22:49:51.317+0000] {processor.py:840} INFO - DAG(s) 'tmdb_raw_pipeline' retrieved from /opt/airflow/dags/tmdb_daily_dag.py
[2026-03-29T22:49:51.343+0000] {logging_mixin.py:188} INFO - [2026-03-29T22:49:51.343+0000] {dag.py:3096} INFO - Sync 1 DAGs
[2026-03-29T22:49:51.372+0000] {logging_mixin.py:188} INFO - [2026-03-29T22:49:51.372+0000] {dag.py:3954} INFO - Setting next_dagrun for tmdb_raw_pipeline to 2026-03-29 00:00:00+00:00, run_after=2026-03-30 00:00:00+00:00
[2026-03-29T22:49:51.393+0000] {processor.py:183} INFO - Processing /opt/airflow/dags/tmdb_daily_dag.py took 0.206 seconds
[2026-03-29T22:50:21.850+0000] {processor.py:161} INFO - Started process (PID=69315) to work on /opt/airflow/dags/tmdb_daily_dag.py
[2026-03-29T22:50:21.853+0000] {processor.py:830} INFO - Processing file /opt/airflow/dags/tmdb_daily_dag.py for tasks to queue
[2026-03-29T22:50:21.854+0000] {logging_mixin.py:188} INFO - [2026-03-29T22:50:21.853+0000] {dagbag.py:545} INFO - Filling up the DagBag from /opt/airflow/dags/tmdb_daily_dag.py
[2026-03-29T22:50:21.897+0000] {processor.py:840} INFO - DAG(s) 'tmdb_raw_pipeline' retrieved from /opt/airflow/dags/tmdb_daily_dag.py
[2026-03-29T22:50:21.914+0000] {logging_mixin.py:188} INFO - [2026-03-29T22:50:21.914+0000] {dag.py:3096} INFO - Sync 1 DAGs
[2026-03-29T22:50:21.928+0000] {logging_mixin.py:188} INFO - [2026-03-29T22:50:21.928+0000] {dag.py:3954} INFO - Setting next_dagrun for tmdb_raw_pipeline to 2026-03-29 00:00:00+00:00, run_after=2026-03-30 00:00:00+00:00
[2026-03-29T22:50:21.939+0000] {processor.py:183} INFO - Processing /opt/airflow/dags/tmdb_daily_dag.py took 0.094 seconds
[2026-03-29T22:50:52.345+0000] {processor.py:161} INFO - Started process (PID=69335) to work on /opt/airflow/dags/tmdb_daily_dag.py
[2026-03-29T22:50:52.347+0000] {processor.py:830} INFO - Processing file /opt/airflow/dags/tmdb_daily_dag.py for tasks to queue
[2026-03-29T22:50:52.348+0000] {logging_mixin.py:188} INFO - [2026-03-29T22:50:52.347+0000] {dagbag.py:545} INFO - Filling up the DagBag from /opt/airflow/dags/tmdb_daily_dag.py
[2026-03-29T22:50:52.378+0000] {processor.py:840} INFO - DAG(s) 'tmdb_raw_pipeline' retrieved from /opt/airflow/dags/tmdb_daily_dag.py
[2026-03-29T22:50:52.388+0000] {logging_mixin.py:188} INFO - [2026-03-29T22:50:52.388+0000] {dag.py:3096} INFO - Sync 1 DAGs
[2026-03-29T22:50:52.402+0000] {logging_mixin.py:188} INFO - [2026-03-29T22:50:52.402+0000] {dag.py:3954} INFO - Setting next_dagrun for tmdb_raw_pipeline to 2026-03-29 00:00:00+00:00, run_after=2026-03-30 00:00:00+00:00
[2026-03-29T22:50:52.414+0000] {processor.py:183} INFO - Processing /opt/airflow/dags/tmdb_daily_dag.py took 0.074 seconds
[2026-03-29T22:51:22.906+0000] {processor.py:161} INFO - Started process (PID=69355) to work on /opt/airflow/dags/tmdb_daily_dag.py
[2026-03-29T22:51:22.908+0000] {processor.py:830} INFO - Processing file /opt/airflow/dags/tmdb_daily_dag.py for tasks to queue
[2026-03-29T22:51:22.910+0000] {logging_mixin.py:188} INFO - [2026-03-29T22:51:22.910+0000] {dagbag.py:545} INFO - Filling up the DagBag from /opt/airflow/dags/tmdb_daily_dag.py
[2026-03-29T22:51:22.954+0000] {processor.py:840} INFO - DAG(s) 'tmdb_raw_pipeline' retrieved from /opt/airflow/dags/tmdb_daily_dag.py
[2026-03-29T22:51:22.973+0000] {logging_mixin.py:188} INFO - [2026-03-29T22:51:22.973+0000] {dag.py:3096} INFO - Sync 1 DAGs
[2026-03-29T22:51:22.991+0000] {logging_mixin.py:188} INFO - [2026-03-29T22:51:22.990+0000] {dag.py:3954} INFO - Setting next_dagrun for tmdb_raw_pipeline to 2026-03-29 00:00:00+00:00, run_after=2026-03-30 00:00:00+00:00
[2026-03-29T22:51:23.004+0000] {processor.py:183} INFO - Processing /opt/airflow/dags/tmdb_daily_dag.py took 0.103 seconds
[2026-03-29T22:51:53.446+0000] {processor.py:161} INFO - Started process (PID=69375) to work on /opt/airflow/dags/tmdb_daily_dag.py
[2026-03-29T22:51:53.448+0000] {processor.py:830} INFO - Processing file /opt/airflow/dags/tmdb_daily_dag.py for tasks to queue
[2026-03-29T22:51:53.449+0000] {logging_mixin.py:188} INFO - [2026-03-29T22:51:53.448+0000] {dagbag.py:545} INFO - Filling up the DagBag from /opt/airflow/dags/tmdb_daily_dag.py
[2026-03-29T22:51:53.496+0000] {processor.py:840} INFO - DAG(s) 'tmdb_raw_pipeline' retrieved from /opt/airflow/dags/tmdb_daily_dag.py
[2026-03-29T22:51:53.509+0000] {logging_mixin.py:188} INFO - [2026-03-29T22:51:53.509+0000] {dag.py:3096} INFO - Sync 1 DAGs
[2026-03-29T22:51:53.531+0000] {logging_mixin.py:188} INFO - [2026-03-29T22:51:53.531+0000] {dag.py:3954} INFO - Setting next_dagrun for tmdb_raw_pipeline to 2026-03-29 00:00:00+00:00, run_after=2026-03-30 00:00:00+00:00
[2026-03-29T22:51:53.544+0000] {processor.py:183} INFO - Processing /opt/airflow/dags/tmdb_daily_dag.py took 0.104 seconds
[2026-03-29T22:52:23.965+0000] {processor.py:161} INFO - Started process (PID=69395) to work on /opt/airflow/dags/tmdb_daily_dag.py
[2026-03-29T22:52:23.967+0000] {processor.py:830} INFO - Processing file /opt/airflow/dags/tmdb_daily_dag.py for tasks to queue
[2026-03-29T22:52:23.969+0000] {logging_mixin.py:188} INFO - [2026-03-29T22:52:23.968+0000] {dagbag.py:545} INFO - Filling up the DagBag from /opt/airflow/dags/tmdb_daily_dag.py
[2026-03-29T22:52:24.019+0000] {processor.py:840} INFO - DAG(s) 'tmdb_raw_pipeline' retrieved from /opt/airflow/dags/tmdb_daily_dag.py
[2026-03-29T22:52:24.038+0000] {logging_mixin.py:188} INFO - [2026-03-29T22:52:24.038+0000] {dag.py:3096} INFO - Sync 1 DAGs
[2026-03-29T22:52:24.056+0000] {logging_mixin.py:188} INFO - [2026-03-29T22:52:24.056+0000] {dag.py:3954} INFO - Setting next_dagrun for tmdb_raw_pipeline to 2026-03-29 00:00:00+00:00, run_after=2026-03-30 00:00:00+00:00
[2026-03-29T22:52:24.070+0000] {processor.py:183} INFO - Processing /opt/airflow/dags/tmdb_daily_dag.py took 0.110 seconds
[2026-03-29T22:52:54.558+0000] {processor.py:161} INFO - Started process (PID=69415) to work on /opt/airflow/dags/tmdb_daily_dag.py
[2026-03-29T22:52:54.562+0000] {processor.py:830} INFO - Processing file /opt/airflow/dags/tmdb_daily_dag.py for tasks to queue
[2026-03-29T22:52:54.564+0000] {logging_mixin.py:188} INFO - [2026-03-29T22:52:54.564+0000] {dagbag.py:545} INFO - Filling up the DagBag from /opt/airflow/dags/tmdb_daily_dag.py
[2026-03-29T22:52:54.630+0000] {processor.py:840} INFO - DAG(s) 'tmdb_raw_pipeline' retrieved from /opt/airflow/dags/tmdb_daily_dag.py
[2026-03-29T22:52:54.654+0000] {logging_mixin.py:188} INFO - [2026-03-29T22:52:54.653+0000] {dag.py:3096} INFO - Sync 1 DAGs
[2026-03-29T22:52:54.681+0000] {logging_mixin.py:188} INFO - [2026-03-29T22:52:54.681+0000] {dag.py:3954} INFO - Setting next_dagrun for tmdb_raw_pipeline to 2026-03-29 00:00:00+00:00, run_after=2026-03-30 00:00:00+00:00
[2026-03-29T22:52:54.695+0000] {processor.py:183} INFO - Processing /opt/airflow/dags/tmdb_daily_dag.py took 0.148 seconds
[2026-03-29T22:53:25.191+0000] {processor.py:161} INFO - Started process (PID=69435) to work on /opt/airflow/dags/tmdb_daily_dag.py
[2026-03-29T22:53:25.204+0000] {processor.py:830} INFO - Processing file /opt/airflow/dags/tmdb_daily_dag.py for tasks to queue
[2026-03-29T22:53:25.205+0000] {logging_mixin.py:188} INFO - [2026-03-29T22:53:25.205+0000] {dagbag.py:545} INFO - Filling up the DagBag from /opt/airflow/dags/tmdb_daily_dag.py
[2026-03-29T22:53:25.256+0000] {processor.py:840} INFO - DAG(s) 'tmdb_raw_pipeline' retrieved from /opt/airflow/dags/tmdb_daily_dag.py
[2026-03-29T22:53:25.277+0000] {logging_mixin.py:188} INFO - [2026-03-29T22:53:25.276+0000] {dag.py:3096} INFO - Sync 1 DAGs
[2026-03-29T22:53:25.297+0000] {logging_mixin.py:188} INFO - [2026-03-29T22:53:25.296+0000] {dag.py:3954} INFO - Setting next_dagrun for tmdb_raw_pipeline to 2026-03-29 00:00:00+00:00, run_after=2026-03-30 00:00:00+00:00
[2026-03-29T22:53:25.311+0000] {processor.py:183} INFO - Processing /opt/airflow/dags/tmdb_daily_dag.py took 0.129 seconds
[2026-03-29T22:53:55.917+0000] {processor.py:161} INFO - Started process (PID=69455) to work on /opt/airflow/dags/tmdb_daily_dag.py
[2026-03-29T22:53:55.921+0000] {processor.py:830} INFO - Processing file /opt/airflow/dags/tmdb_daily_dag.py for tasks to queue
[2026-03-29T22:53:55.921+0000] {logging_mixin.py:188} INFO - [2026-03-29T22:53:55.921+0000] {dagbag.py:545} INFO - Filling up the DagBag from /opt/airflow/dags/tmdb_daily_dag.py
[2026-03-29T22:53:55.996+0000] {processor.py:840} INFO - DAG(s) 'tmdb_raw_pipeline' retrieved from /opt/airflow/dags/tmdb_daily_dag.py
[2026-03-29T22:53:56.012+0000] {logging_mixin.py:188} INFO - [2026-03-29T22:53:56.012+0000] {dag.py:3096} INFO - Sync 1 DAGs
[2026-03-29T22:53:56.033+0000] {logging_mixin.py:188} INFO - [2026-03-29T22:53:56.033+0000] {dag.py:3954} INFO - Setting next_dagrun for tmdb_raw_pipeline to 2026-03-29 00:00:00+00:00, run_after=2026-03-30 00:00:00+00:00
[2026-03-29T22:53:56.048+0000] {processor.py:183} INFO - Processing /opt/airflow/dags/tmdb_daily_dag.py took 0.142 seconds
[2026-03-29T22:54:26.530+0000] {processor.py:161} INFO - Started process (PID=69475) to work on /opt/airflow/dags/tmdb_daily_dag.py
[2026-03-29T22:54:26.532+0000] {processor.py:830} INFO - Processing file /opt/airflow/dags/tmdb_daily_dag.py for tasks to queue
[2026-03-29T22:54:26.534+0000] {logging_mixin.py:188} INFO - [2026-03-29T22:54:26.533+0000] {dagbag.py:545} INFO - Filling up the DagBag from /opt/airflow/dags/tmdb_daily_dag.py
[2026-03-29T22:54:26.587+0000] {processor.py:840} INFO - DAG(s) 'tmdb_raw_pipeline' retrieved from /opt/airflow/dags/tmdb_daily_dag.py
[2026-03-29T22:54:26.605+0000] {logging_mixin.py:188} INFO - [2026-03-29T22:54:26.605+0000] {dag.py:3096} INFO - Sync 1 DAGs
[2026-03-29T22:54:26.630+0000] {logging_mixin.py:188} INFO - [2026-03-29T22:54:26.630+0000] {dag.py:3954} INFO - Setting next_dagrun for tmdb_raw_pipeline to 2026-03-29 00:00:00+00:00, run_after=2026-03-30 00:00:00+00:00
[2026-03-29T22:54:26.642+0000] {processor.py:183} INFO - Processing /opt/airflow/dags/tmdb_daily_dag.py took 0.119 seconds
[2026-03-29T22:54:57.157+0000] {processor.py:161} INFO - Started process (PID=69495) to work on /opt/airflow/dags/tmdb_daily_dag.py
[2026-03-29T22:54:57.160+0000] {processor.py:830} INFO - Processing file /opt/airflow/dags/tmdb_daily_dag.py for tasks to queue
[2026-03-29T22:54:57.161+0000] {logging_mixin.py:188} INFO - [2026-03-29T22:54:57.161+0000] {dagbag.py:545} INFO - Filling up the DagBag from /opt/airflow/dags/tmdb_daily_dag.py
[2026-03-29T22:54:57.210+0000] {processor.py:840} INFO - DAG(s) 'tmdb_raw_pipeline' retrieved from /opt/airflow/dags/tmdb_daily_dag.py
[2026-03-29T22:54:57.222+0000] {logging_mixin.py:188} INFO - [2026-03-29T22:54:57.222+0000] {dag.py:3096} INFO - Sync 1 DAGs
[2026-03-29T22:54:57.242+0000] {logging_mixin.py:188} INFO - [2026-03-29T22:54:57.242+0000] {dag.py:3954} INFO - Setting next_dagrun for tmdb_raw_pipeline to 2026-03-29 00:00:00+00:00, run_after=2026-03-30 00:00:00+00:00
[2026-03-29T22:54:57.257+0000] {processor.py:183} INFO - Processing /opt/airflow/dags/tmdb_daily_dag.py took 0.112 seconds
[2026-03-29T22:55:27.811+0000] {processor.py:161} INFO - Started process (PID=69513) to work on /opt/airflow/dags/tmdb_daily_dag.py
[2026-03-29T22:55:27.817+0000] {processor.py:830} INFO - Processing file /opt/airflow/dags/tmdb_daily_dag.py for tasks to queue
[2026-03-29T22:55:27.818+0000] {logging_mixin.py:188} INFO - [2026-03-29T22:55:27.817+0000] {dagbag.py:545} INFO - Filling up the DagBag from /opt/airflow/dags/tmdb_daily_dag.py
[2026-03-29T22:55:27.880+0000] {processor.py:840} INFO - DAG(s) 'tmdb_raw_pipeline' retrieved from /opt/airflow/dags/tmdb_daily_dag.py
[2026-03-29T22:55:27.892+0000] {logging_mixin.py:188} INFO - [2026-03-29T22:55:27.892+0000] {dag.py:3096} INFO - Sync 1 DAGs
[2026-03-29T22:55:27.911+0000] {logging_mixin.py:188} INFO - [2026-03-29T22:55:27.911+0000] {dag.py:3954} INFO - Setting next_dagrun for tmdb_raw_pipeline to 2026-03-29 00:00:00+00:00, run_after=2026-03-30 00:00:00+00:00
[2026-03-29T22:55:27.926+0000] {processor.py:183} INFO - Processing /opt/airflow/dags/tmdb_daily_dag.py took 0.129 seconds
[2026-03-29T22:55:58.391+0000] {processor.py:161} INFO - Started process (PID=69535) to work on /opt/airflow/dags/tmdb_daily_dag.py
[2026-03-29T22:55:58.407+0000] {processor.py:830} INFO - Processing file /opt/airflow/dags/tmdb_daily_dag.py for tasks to queue
[2026-03-29T22:55:58.410+0000] {logging_mixin.py:188} INFO - [2026-03-29T22:55:58.408+0000] {dagbag.py:545} INFO - Filling up the DagBag from /opt/airflow/dags/tmdb_daily_dag.py
[2026-03-29T22:55:58.488+0000] {processor.py:840} INFO - DAG(s) 'tmdb_raw_pipeline' retrieved from /opt/airflow/dags/tmdb_daily_dag.py
[2026-03-29T22:55:58.513+0000] {logging_mixin.py:188} INFO - [2026-03-29T22:55:58.513+0000] {dag.py:3096} INFO - Sync 1 DAGs
[2026-03-29T22:55:58.541+0000] {logging_mixin.py:188} INFO - [2026-03-29T22:55:58.541+0000] {dag.py:3954} INFO - Setting next_dagrun for tmdb_raw_pipeline to 2026-03-29 00:00:00+00:00, run_after=2026-03-30 00:00:00+00:00
[2026-03-29T22:55:58.555+0000] {processor.py:183} INFO - Processing /opt/airflow/dags/tmdb_daily_dag.py took 0.178 seconds
[2026-03-29T22:56:29.073+0000] {processor.py:161} INFO - Started process (PID=69555) to work on /opt/airflow/dags/tmdb_daily_dag.py
[2026-03-29T22:56:29.079+0000] {processor.py:830} INFO - Processing file /opt/airflow/dags/tmdb_daily_dag.py for tasks to queue
[2026-03-29T22:56:29.081+0000] {logging_mixin.py:188} INFO - [2026-03-29T22:56:29.081+0000] {dagbag.py:545} INFO - Filling up the DagBag from /opt/airflow/dags/tmdb_daily_dag.py
[2026-03-29T22:56:29.131+0000] {processor.py:840} INFO - DAG(s) 'tmdb_raw_pipeline' retrieved from /opt/airflow/dags/tmdb_daily_dag.py
[2026-03-29T22:56:29.142+0000] {logging_mixin.py:188} INFO - [2026-03-29T22:56:29.141+0000] {dag.py:3096} INFO - Sync 1 DAGs
[2026-03-29T22:56:29.159+0000] {logging_mixin.py:188} INFO - [2026-03-29T22:56:29.159+0000] {dag.py:3954} INFO - Setting next_dagrun for tmdb_raw_pipeline to 2026-03-29 00:00:00+00:00, run_after=2026-03-30 00:00:00+00:00
[2026-03-29T22:56:29.175+0000] {processor.py:183} INFO - Processing /opt/airflow/dags/tmdb_daily_dag.py took 0.123 seconds
[2026-03-29T22:56:59.711+0000] {processor.py:161} INFO - Started process (PID=69575) to work on /opt/airflow/dags/tmdb_daily_dag.py
[2026-03-29T22:56:59.717+0000] {processor.py:830} INFO - Processing file /opt/airflow/dags/tmdb_daily_dag.py for tasks to queue
[2026-03-29T22:56:59.718+0000] {logging_mixin.py:188} INFO - [2026-03-29T22:56:59.717+0000] {dagbag.py:545} INFO - Filling up the DagBag from /opt/airflow/dags/tmdb_daily_dag.py
[2026-03-29T22:56:59.770+0000] {processor.py:840} INFO - DAG(s) 'tmdb_raw_pipeline' retrieved from /opt/airflow/dags/tmdb_daily_dag.py
[2026-03-29T22:56:59.787+0000] {logging_mixin.py:188} INFO - [2026-03-29T22:56:59.787+0000] {dag.py:3096} INFO - Sync 1 DAGs
[2026-03-29T22:56:59.809+0000] {logging_mixin.py:188} INFO - [2026-03-29T22:56:59.808+0000] {dag.py:3954} INFO - Setting next_dagrun for tmdb_raw_pipeline to 2026-03-29 00:00:00+00:00, run_after=2026-03-30 00:00:00+00:00
[2026-03-29T22:56:59.826+0000] {processor.py:183} INFO - Processing /opt/airflow/dags/tmdb_daily_dag.py took 0.127 seconds
[2026-03-29T22:57:30.380+0000] {processor.py:161} INFO - Started process (PID=69595) to work on /opt/airflow/dags/tmdb_daily_dag.py
[2026-03-29T22:57:30.385+0000] {processor.py:830} INFO - Processing file /opt/airflow/dags/tmdb_daily_dag.py for tasks to queue
[2026-03-29T22:57:30.386+0000] {logging_mixin.py:188} INFO - [2026-03-29T22:57:30.385+0000] {dagbag.py:545} INFO - Filling up the DagBag from /opt/airflow/dags/tmdb_daily_dag.py
[2026-03-29T22:57:30.462+0000] {processor.py:840} INFO - DAG(s) 'tmdb_raw_pipeline' retrieved from /opt/airflow/dags/tmdb_daily_dag.py
[2026-03-29T22:57:30.477+0000] {logging_mixin.py:188} INFO - [2026-03-29T22:57:30.477+0000] {dag.py:3096} INFO - Sync 1 DAGs
[2026-03-29T22:57:30.503+0000] {logging_mixin.py:188} INFO - [2026-03-29T22:57:30.503+0000] {dag.py:3954} INFO - Setting next_dagrun for tmdb_raw_pipeline to 2026-03-29 00:00:00+00:00, run_after=2026-03-30 00:00:00+00:00
[2026-03-29T22:57:30.519+0000] {processor.py:183} INFO - Processing /opt/airflow/dags/tmdb_daily_dag.py took 0.158 seconds
[2026-03-29T22:58:00.951+0000] {processor.py:161} INFO - Started process (PID=69615) to work on /opt/airflow/dags/tmdb_daily_dag.py
[2026-03-29T22:58:00.959+0000] {processor.py:830} INFO - Processing file /opt/airflow/dags/tmdb_daily_dag.py for tasks to queue
[2026-03-29T22:58:00.960+0000] {logging_mixin.py:188} INFO - [2026-03-29T22:58:00.960+0000] {dagbag.py:545} INFO - Filling up the DagBag from /opt/airflow/dags/tmdb_daily_dag.py
[2026-03-29T22:58:01.024+0000] {processor.py:840} INFO - DAG(s) 'tmdb_raw_pipeline' retrieved from /opt/airflow/dags/tmdb_daily_dag.py
[2026-03-29T22:58:01.037+0000] {logging_mixin.py:188} INFO - [2026-03-29T22:58:01.037+0000] {dag.py:3096} INFO - Sync 1 DAGs
[2026-03-29T22:58:01.060+0000] {logging_mixin.py:188} INFO - [2026-03-29T22:58:01.060+0000] {dag.py:3954} INFO - Setting next_dagrun for tmdb_raw_pipeline to 2026-03-29 00:00:00+00:00, run_after=2026-03-30 00:00:00+00:00
[2026-03-29T22:58:01.079+0000] {processor.py:183} INFO - Processing /opt/airflow/dags/tmdb_daily_dag.py took 0.137 seconds
[2026-03-29T22:58:31.644+0000] {processor.py:161} INFO - Started process (PID=69635) to work on /opt/airflow/dags/tmdb_daily_dag.py
[2026-03-29T22:58:31.649+0000] {processor.py:830} INFO - Processing file /opt/airflow/dags/tmdb_daily_dag.py for tasks to queue
[2026-03-29T22:58:31.651+0000] {logging_mixin.py:188} INFO - [2026-03-29T22:58:31.651+0000] {dagbag.py:545} INFO - Filling up the DagBag from /opt/airflow/dags/tmdb_daily_dag.py
[2026-03-29T22:58:31.740+0000] {processor.py:840} INFO - DAG(s) 'tmdb_raw_pipeline' retrieved from /opt/airflow/dags/tmdb_daily_dag.py
[2026-03-29T22:58:31.764+0000] {logging_mixin.py:188} INFO - [2026-03-29T22:58:31.763+0000] {dag.py:3096} INFO - Sync 1 DAGs
[2026-03-29T22:58:31.786+0000] {logging_mixin.py:188} INFO - [2026-03-29T22:58:31.786+0000] {dag.py:3954} INFO - Setting next_dagrun for tmdb_raw_pipeline to 2026-03-29 00:00:00+00:00, run_after=2026-03-30 00:00:00+00:00
[2026-03-29T22:58:31.798+0000] {processor.py:183} INFO - Processing /opt/airflow/dags/tmdb_daily_dag.py took 0.175 seconds
[2026-03-29T22:59:02.268+0000] {processor.py:161} INFO - Started process (PID=69655) to work on /opt/airflow/dags/tmdb_daily_dag.py
[2026-03-29T22:59:02.271+0000] {processor.py:830} INFO - Processing file /opt/airflow/dags/tmdb_daily_dag.py for tasks to queue
[2026-03-29T22:59:02.272+0000] {logging_mixin.py:188} INFO - [2026-03-29T22:59:02.272+0000] {dagbag.py:545} INFO - Filling up the DagBag from /opt/airflow/dags/tmdb_daily_dag.py
[2026-03-29T22:59:02.326+0000] {processor.py:840} INFO - DAG(s) 'tmdb_raw_pipeline' retrieved from /opt/airflow/dags/tmdb_daily_dag.py
[2026-03-29T22:59:02.339+0000] {logging_mixin.py:188} INFO - [2026-03-29T22:59:02.339+0000] {dag.py:3096} INFO - Sync 1 DAGs
[2026-03-29T22:59:02.367+0000] {logging_mixin.py:188} INFO - [2026-03-29T22:59:02.367+0000] {dag.py:3954} INFO - Setting next_dagrun for tmdb_raw_pipeline to 2026-03-29 00:00:00+00:00, run_after=2026-03-30 00:00:00+00:00
[2026-03-29T22:59:02.383+0000] {processor.py:183} INFO - Processing /opt/airflow/dags/tmdb_daily_dag.py took 0.122 seconds
[2026-03-29T22:59:32.933+0000] {processor.py:161} INFO - Started process (PID=69675) to work on /opt/airflow/dags/tmdb_daily_dag.py
[2026-03-29T22:59:32.946+0000] {processor.py:830} INFO - Processing file /opt/airflow/dags/tmdb_daily_dag.py for tasks to queue
[2026-03-29T22:59:32.955+0000] {logging_mixin.py:188} INFO - [2026-03-29T22:59:32.950+0000] {dagbag.py:545} INFO - Filling up the DagBag from /opt/airflow/dags/tmdb_daily_dag.py
[2026-03-29T22:59:33.045+0000] {processor.py:840} INFO - DAG(s) 'tmdb_raw_pipeline' retrieved from /opt/airflow/dags/tmdb_daily_dag.py
[2026-03-29T22:59:33.062+0000] {logging_mixin.py:188} INFO - [2026-03-29T22:59:33.061+0000] {dag.py:3096} INFO - Sync 1 DAGs
[2026-03-29T22:59:33.086+0000] {logging_mixin.py:188} INFO - [2026-03-29T22:59:33.086+0000] {dag.py:3954} INFO - Setting next_dagrun for tmdb_raw_pipeline to 2026-03-29 00:00:00+00:00, run_after=2026-03-30 00:00:00+00:00
[2026-03-29T22:59:33.108+0000] {processor.py:183} INFO - Processing /opt/airflow/dags/tmdb_daily_dag.py took 0.184 seconds
[2026-03-29T23:00:03.695+0000] {processor.py:161} INFO - Started process (PID=69695) to work on /opt/airflow/dags/tmdb_daily_dag.py
[2026-03-29T23:00:03.709+0000] {processor.py:830} INFO - Processing file /opt/airflow/dags/tmdb_daily_dag.py for tasks to queue
[2026-03-29T23:00:03.711+0000] {logging_mixin.py:188} INFO - [2026-03-29T23:00:03.710+0000] {dagbag.py:545} INFO - Filling up the DagBag from /opt/airflow/dags/tmdb_daily_dag.py
[2026-03-29T23:00:03.794+0000] {processor.py:840} INFO - DAG(s) 'tmdb_raw_pipeline' retrieved from /opt/airflow/dags/tmdb_daily_dag.py
[2026-03-29T23:00:03.813+0000] {logging_mixin.py:188} INFO - [2026-03-29T23:00:03.813+0000] {dag.py:3096} INFO - Sync 1 DAGs
[2026-03-29T23:00:03.844+0000] {logging_mixin.py:188} INFO - [2026-03-29T23:00:03.843+0000] {dag.py:3954} INFO - Setting next_dagrun for tmdb_raw_pipeline to 2026-03-29 00:00:00+00:00, run_after=2026-03-30 00:00:00+00:00
[2026-03-29T23:00:03.857+0000] {processor.py:183} INFO - Processing /opt/airflow/dags/tmdb_daily_dag.py took 0.175 seconds
[2026-03-29T23:00:34.398+0000] {processor.py:161} INFO - Started process (PID=69715) to work on /opt/airflow/dags/tmdb_daily_dag.py
[2026-03-29T23:00:34.410+0000] {processor.py:830} INFO - Processing file /opt/airflow/dags/tmdb_daily_dag.py for tasks to queue
[2026-03-29T23:00:34.411+0000] {logging_mixin.py:188} INFO - [2026-03-29T23:00:34.410+0000] {dagbag.py:545} INFO - Filling up the DagBag from /opt/airflow/dags/tmdb_daily_dag.py
[2026-03-29T23:00:34.474+0000] {processor.py:840} INFO - DAG(s) 'tmdb_raw_pipeline' retrieved from /opt/airflow/dags/tmdb_daily_dag.py
[2026-03-29T23:00:34.492+0000] {logging_mixin.py:188} INFO - [2026-03-29T23:00:34.491+0000] {dag.py:3096} INFO - Sync 1 DAGs
[2026-03-29T23:00:34.511+0000] {logging_mixin.py:188} INFO - [2026-03-29T23:00:34.511+0000] {dag.py:3954} INFO - Setting next_dagrun for tmdb_raw_pipeline to 2026-03-29 00:00:00+00:00, run_after=2026-03-30 00:00:00+00:00
[2026-03-29T23:00:34.529+0000] {processor.py:183} INFO - Processing /opt/airflow/dags/tmdb_daily_dag.py took 0.138 seconds
[2026-03-29T23:01:05.000+0000] {processor.py:161} INFO - Started process (PID=69735) to work on /opt/airflow/dags/tmdb_daily_dag.py
[2026-03-29T23:01:05.004+0000] {processor.py:830} INFO - Processing file /opt/airflow/dags/tmdb_daily_dag.py for tasks to queue
[2026-03-29T23:01:05.005+0000] {logging_mixin.py:188} INFO - [2026-03-29T23:01:05.005+0000] {dagbag.py:545} INFO - Filling up the DagBag from /opt/airflow/dags/tmdb_daily_dag.py
[2026-03-29T23:01:05.062+0000] {processor.py:840} INFO - DAG(s) 'tmdb_raw_pipeline' retrieved from /opt/airflow/dags/tmdb_daily_dag.py
[2026-03-29T23:01:05.080+0000] {logging_mixin.py:188} INFO - [2026-03-29T23:01:05.079+0000] {dag.py:3096} INFO - Sync 1 DAGs
[2026-03-29T23:01:05.108+0000] {logging_mixin.py:188} INFO - [2026-03-29T23:01:05.107+0000] {dag.py:3954} INFO - Setting next_dagrun for tmdb_raw_pipeline to 2026-03-29 00:00:00+00:00, run_after=2026-03-30 00:00:00+00:00
[2026-03-29T23:01:05.122+0000] {processor.py:183} INFO - Processing /opt/airflow/dags/tmdb_daily_dag.py took 0.137 seconds
[2026-03-29T23:01:35.551+0000] {processor.py:161} INFO - Started process (PID=69755) to work on /opt/airflow/dags/tmdb_daily_dag.py
[2026-03-29T23:01:35.554+0000] {processor.py:830} INFO - Processing file /opt/airflow/dags/tmdb_daily_dag.py for tasks to queue
[2026-03-29T23:01:35.555+0000] {logging_mixin.py:188} INFO - [2026-03-29T23:01:35.555+0000] {dagbag.py:545} INFO - Filling up the DagBag from /opt/airflow/dags/tmdb_daily_dag.py
[2026-03-29T23:01:35.618+0000] {processor.py:840} INFO - DAG(s) 'tmdb_raw_pipeline' retrieved from /opt/airflow/dags/tmdb_daily_dag.py
[2026-03-29T23:01:35.632+0000] {logging_mixin.py:188} INFO - [2026-03-29T23:01:35.632+0000] {dag.py:3096} INFO - Sync 1 DAGs
[2026-03-29T23:01:35.653+0000] {logging_mixin.py:188} INFO - [2026-03-29T23:01:35.653+0000] {dag.py:3954} INFO - Setting next_dagrun for tmdb_raw_pipeline to 2026-03-29 00:00:00+00:00, run_after=2026-03-30 00:00:00+00:00
[2026-03-29T23:01:35.666+0000] {processor.py:183} INFO - Processing /opt/airflow/dags/tmdb_daily_dag.py took 0.130 seconds
[2026-03-29T23:02:06.101+0000] {processor.py:161} INFO - Started process (PID=69775) to work on /opt/airflow/dags/tmdb_daily_dag.py
[2026-03-29T23:02:06.103+0000] {processor.py:830} INFO - Processing file /opt/airflow/dags/tmdb_daily_dag.py for tasks to queue
[2026-03-29T23:02:06.105+0000] {logging_mixin.py:188} INFO - [2026-03-29T23:02:06.105+0000] {dagbag.py:545} INFO - Filling up the DagBag from /opt/airflow/dags/tmdb_daily_dag.py
[2026-03-29T23:02:06.163+0000] {processor.py:840} INFO - DAG(s) 'tmdb_raw_pipeline' retrieved from /opt/airflow/dags/tmdb_daily_dag.py
[2026-03-29T23:02:06.176+0000] {logging_mixin.py:188} INFO - [2026-03-29T23:02:06.176+0000] {dag.py:3096} INFO - Sync 1 DAGs
[2026-03-29T23:02:06.203+0000] {logging_mixin.py:188} INFO - [2026-03-29T23:02:06.203+0000] {dag.py:3954} INFO - Setting next_dagrun for tmdb_raw_pipeline to 2026-03-29 00:00:00+00:00, run_after=2026-03-30 00:00:00+00:00
[2026-03-29T23:02:06.228+0000] {processor.py:183} INFO - Processing /opt/airflow/dags/tmdb_daily_dag.py took 0.133 seconds
[2026-03-29T23:02:36.703+0000] {processor.py:161} INFO - Started process (PID=69794) to work on /opt/airflow/dags/tmdb_daily_dag.py
[2026-03-29T23:02:36.707+0000] {processor.py:830} INFO - Processing file /opt/airflow/dags/tmdb_daily_dag.py for tasks to queue
[2026-03-29T23:02:36.709+0000] {logging_mixin.py:188} INFO - [2026-03-29T23:02:36.708+0000] {dagbag.py:545} INFO - Filling up the DagBag from /opt/airflow/dags/tmdb_daily_dag.py
[2026-03-29T23:02:36.767+0000] {processor.py:840} INFO - DAG(s) 'tmdb_raw_pipeline' retrieved from /opt/airflow/dags/tmdb_daily_dag.py
[2026-03-29T23:02:36.777+0000] {logging_mixin.py:188} INFO - [2026-03-29T23:02:36.777+0000] {dag.py:3096} INFO - Sync 1 DAGs
[2026-03-29T23:02:36.799+0000] {logging_mixin.py:188} INFO - [2026-03-29T23:02:36.799+0000] {dag.py:3954} INFO - Setting next_dagrun for tmdb_raw_pipeline to 2026-03-29 00:00:00+00:00, run_after=2026-03-30 00:00:00+00:00
[2026-03-29T23:02:36.811+0000] {processor.py:183} INFO - Processing /opt/airflow/dags/tmdb_daily_dag.py took 0.116 seconds
[2026-03-29T23:03:07.232+0000] {processor.py:161} INFO - Started process (PID=69815) to work on /opt/airflow/dags/tmdb_daily_dag.py
[2026-03-29T23:03:07.234+0000] {processor.py:830} INFO - Processing file /opt/airflow/dags/tmdb_daily_dag.py for tasks to queue
[2026-03-29T23:03:07.234+0000] {logging_mixin.py:188} INFO - [2026-03-29T23:03:07.234+0000] {dagbag.py:545} INFO - Filling up the DagBag from /opt/airflow/dags/tmdb_daily_dag.py
[2026-03-29T23:03:07.267+0000] {processor.py:840} INFO - DAG(s) 'tmdb_raw_pipeline' retrieved from /opt/airflow/dags/tmdb_daily_dag.py
[2026-03-29T23:03:07.276+0000] {logging_mixin.py:188} INFO - [2026-03-29T23:03:07.276+0000] {dag.py:3096} INFO - Sync 1 DAGs
[2026-03-29T23:03:07.292+0000] {logging_mixin.py:188} INFO - [2026-03-29T23:03:07.292+0000] {dag.py:3954} INFO - Setting next_dagrun for tmdb_raw_pipeline to 2026-03-29 00:00:00+00:00, run_after=2026-03-30 00:00:00+00:00
[2026-03-29T23:03:07.304+0000] {processor.py:183} INFO - Processing /opt/airflow/dags/tmdb_daily_dag.py took 0.079 seconds
[2026-03-29T23:03:37.736+0000] {processor.py:161} INFO - Started process (PID=69835) to work on /opt/airflow/dags/tmdb_daily_dag.py
[2026-03-29T23:03:37.740+0000] {processor.py:830} INFO - Processing file /opt/airflow/dags/tmdb_daily_dag.py for tasks to queue
[2026-03-29T23:03:37.741+0000] {logging_mixin.py:188} INFO - [2026-03-29T23:03:37.741+0000] {dagbag.py:545} INFO - Filling up the DagBag from /opt/airflow/dags/tmdb_daily_dag.py
[2026-03-29T23:03:37.779+0000] {processor.py:840} INFO - DAG(s) 'tmdb_raw_pipeline' retrieved from /opt/airflow/dags/tmdb_daily_dag.py
[2026-03-29T23:03:37.800+0000] {logging_mixin.py:188} INFO - [2026-03-29T23:03:37.800+0000] {dag.py:3096} INFO - Sync 1 DAGs
[2026-03-29T23:03:37.818+0000] {logging_mixin.py:188} INFO - [2026-03-29T23:03:37.818+0000] {dag.py:3954} INFO - Setting next_dagrun for tmdb_raw_pipeline to 2026-03-29 00:00:00+00:00, run_after=2026-03-30 00:00:00+00:00
[2026-03-29T23:03:37.831+0000] {processor.py:183} INFO - Processing /opt/airflow/dags/tmdb_daily_dag.py took 0.101 seconds
[2026-03-29T23:04:08.352+0000] {processor.py:161} INFO - Started process (PID=69855) to work on /opt/airflow/dags/tmdb_daily_dag.py
[2026-03-29T23:04:08.356+0000] {processor.py:830} INFO - Processing file /opt/airflow/dags/tmdb_daily_dag.py for tasks to queue
[2026-03-29T23:04:08.359+0000] {logging_mixin.py:188} INFO - [2026-03-29T23:04:08.359+0000] {dagbag.py:545} INFO - Filling up the DagBag from /opt/airflow/dags/tmdb_daily_dag.py
[2026-03-29T23:04:08.476+0000] {processor.py:840} INFO - DAG(s) 'tmdb_raw_pipeline' retrieved from /opt/airflow/dags/tmdb_daily_dag.py
[2026-03-29T23:04:08.501+0000] {logging_mixin.py:188} INFO - [2026-03-29T23:04:08.501+0000] {dag.py:3096} INFO - Sync 1 DAGs
[2026-03-29T23:04:08.545+0000] {logging_mixin.py:188} INFO - [2026-03-29T23:04:08.545+0000] {dag.py:3954} INFO - Setting next_dagrun for tmdb_raw_pipeline to 2026-03-29 00:00:00+00:00, run_after=2026-03-30 00:00:00+00:00
[2026-03-29T23:04:08.569+0000] {processor.py:183} INFO - Processing /opt/airflow/dags/tmdb_daily_dag.py took 0.240 seconds
[2026-03-29T23:04:39.005+0000] {processor.py:161} INFO - Started process (PID=69875) to work on /opt/airflow/dags/tmdb_daily_dag.py
[2026-03-29T23:04:39.008+0000] {processor.py:830} INFO - Processing file /opt/airflow/dags/tmdb_daily_dag.py for tasks to queue
[2026-03-29T23:04:39.010+0000] {logging_mixin.py:188} INFO - [2026-03-29T23:04:39.009+0000] {dagbag.py:545} INFO - Filling up the DagBag from /opt/airflow/dags/tmdb_daily_dag.py
[2026-03-29T23:04:39.057+0000] {processor.py:840} INFO - DAG(s) 'tmdb_raw_pipeline' retrieved from /opt/airflow/dags/tmdb_daily_dag.py
[2026-03-29T23:04:39.070+0000] {logging_mixin.py:188} INFO - [2026-03-29T23:04:39.070+0000] {dag.py:3096} INFO - Sync 1 DAGs
[2026-03-29T23:04:39.096+0000] {logging_mixin.py:188} INFO - [2026-03-29T23:04:39.095+0000] {dag.py:3954} INFO - Setting next_dagrun for tmdb_raw_pipeline to 2026-03-29 00:00:00+00:00, run_after=2026-03-30 00:00:00+00:00
[2026-03-29T23:04:39.108+0000] {processor.py:183} INFO - Processing /opt/airflow/dags/tmdb_daily_dag.py took 0.111 seconds
[2026-03-29T23:05:09.589+0000] {processor.py:161} INFO - Started process (PID=69895) to work on /opt/airflow/dags/tmdb_daily_dag.py
[2026-03-29T23:05:09.591+0000] {processor.py:830} INFO - Processing file /opt/airflow/dags/tmdb_daily_dag.py for tasks to queue
[2026-03-29T23:05:09.593+0000] {logging_mixin.py:188} INFO - [2026-03-29T23:05:09.593+0000] {dagbag.py:545} INFO - Filling up the DagBag from /opt/airflow/dags/tmdb_daily_dag.py
[2026-03-29T23:05:09.668+0000] {processor.py:840} INFO - DAG(s) 'tmdb_raw_pipeline' retrieved from /opt/airflow/dags/tmdb_daily_dag.py
[2026-03-29T23:05:09.686+0000] {logging_mixin.py:188} INFO - [2026-03-29T23:05:09.686+0000] {dag.py:3096} INFO - Sync 1 DAGs
[2026-03-29T23:05:09.707+0000] {logging_mixin.py:188} INFO - [2026-03-29T23:05:09.706+0000] {dag.py:3954} INFO - Setting next_dagrun for tmdb_raw_pipeline to 2026-03-29 00:00:00+00:00, run_after=2026-03-30 00:00:00+00:00
[2026-03-29T23:05:09.724+0000] {processor.py:183} INFO - Processing /opt/airflow/dags/tmdb_daily_dag.py took 0.146 seconds
[2026-03-29T23:05:40.159+0000] {processor.py:161} INFO - Started process (PID=69915) to work on /opt/airflow/dags/tmdb_daily_dag.py
[2026-03-29T23:05:40.162+0000] {processor.py:830} INFO - Processing file /opt/airflow/dags/tmdb_daily_dag.py for tasks to queue
[2026-03-29T23:05:40.164+0000] {logging_mixin.py:188} INFO - [2026-03-29T23:05:40.163+0000] {dagbag.py:545} INFO - Filling up the DagBag from /opt/airflow/dags/tmdb_daily_dag.py
[2026-03-29T23:05:40.216+0000] {processor.py:840} INFO - DAG(s) 'tmdb_raw_pipeline' retrieved from /opt/airflow/dags/tmdb_daily_dag.py
[2026-03-29T23:05:40.241+0000] {logging_mixin.py:188} INFO - [2026-03-29T23:05:40.241+0000] {dag.py:3096} INFO - Sync 1 DAGs
[2026-03-29T23:05:40.257+0000] {logging_mixin.py:188} INFO - [2026-03-29T23:05:40.256+0000] {dag.py:3954} INFO - Setting next_dagrun for tmdb_raw_pipeline to 2026-03-29 00:00:00+00:00, run_after=2026-03-30 00:00:00+00:00
[2026-03-29T23:05:40.280+0000] {processor.py:183} INFO - Processing /opt/airflow/dags/tmdb_daily_dag.py took 0.126 seconds
[2026-03-29T23:06:10.758+0000] {processor.py:161} INFO - Started process (PID=69935) to work on /opt/airflow/dags/tmdb_daily_dag.py
[2026-03-29T23:06:10.764+0000] {processor.py:830} INFO - Processing file /opt/airflow/dags/tmdb_daily_dag.py for tasks to queue
[2026-03-29T23:06:10.766+0000] {logging_mixin.py:188} INFO - [2026-03-29T23:06:10.766+0000] {dagbag.py:545} INFO - Filling up the DagBag from /opt/airflow/dags/tmdb_daily_dag.py
[2026-03-29T23:06:10.877+0000] {processor.py:840} INFO - DAG(s) 'tmdb_raw_pipeline' retrieved from /opt/airflow/dags/tmdb_daily_dag.py
[2026-03-29T23:06:10.893+0000] {logging_mixin.py:188} INFO - [2026-03-29T23:06:10.893+0000] {dag.py:3096} INFO - Sync 1 DAGs
[2026-03-29T23:06:10.920+0000] {logging_mixin.py:188} INFO - [2026-03-29T23:06:10.920+0000] {dag.py:3954} INFO - Setting next_dagrun for tmdb_raw_pipeline to 2026-03-29 00:00:00+00:00, run_after=2026-03-30 00:00:00+00:00
[2026-03-29T23:06:10.935+0000] {processor.py:183} INFO - Processing /opt/airflow/dags/tmdb_daily_dag.py took 0.194 seconds
[2026-03-29T23:06:41.379+0000] {processor.py:161} INFO - Started process (PID=69955) to work on /opt/airflow/dags/tmdb_daily_dag.py
[2026-03-29T23:06:41.384+0000] {processor.py:830} INFO - Processing file /opt/airflow/dags/tmdb_daily_dag.py for tasks to queue
[2026-03-29T23:06:41.386+0000] {logging_mixin.py:188} INFO - [2026-03-29T23:06:41.385+0000] {dagbag.py:545} INFO - Filling up the DagBag from /opt/airflow/dags/tmdb_daily_dag.py
[2026-03-29T23:06:41.434+0000] {processor.py:840} INFO - DAG(s) 'tmdb_raw_pipeline' retrieved from /opt/airflow/dags/tmdb_daily_dag.py
[2026-03-29T23:06:41.448+0000] {logging_mixin.py:188} INFO - [2026-03-29T23:06:41.448+0000] {dag.py:3096} INFO - Sync 1 DAGs
[2026-03-29T23:06:41.473+0000] {logging_mixin.py:188} INFO - [2026-03-29T23:06:41.473+0000] {dag.py:3954} INFO - Setting next_dagrun for tmdb_raw_pipeline to 2026-03-29 00:00:00+00:00, run_after=2026-03-30 00:00:00+00:00
[2026-03-29T23:06:41.484+0000] {processor.py:183} INFO - Processing /opt/airflow/dags/tmdb_daily_dag.py took 0.115 seconds
[2026-03-29T23:07:11.930+0000] {processor.py:161} INFO - Started process (PID=69975) to work on /opt/airflow/dags/tmdb_daily_dag.py
[2026-03-29T23:07:11.938+0000] {processor.py:830} INFO - Processing file /opt/airflow/dags/tmdb_daily_dag.py for tasks to queue
[2026-03-29T23:07:11.939+0000] {logging_mixin.py:188} INFO - [2026-03-29T23:07:11.939+0000] {dagbag.py:545} INFO - Filling up the DagBag from /opt/airflow/dags/tmdb_daily_dag.py
[2026-03-29T23:07:12.019+0000] {processor.py:840} INFO - DAG(s) 'tmdb_raw_pipeline' retrieved from /opt/airflow/dags/tmdb_daily_dag.py
[2026-03-29T23:07:12.039+0000] {logging_mixin.py:188} INFO - [2026-03-29T23:07:12.039+0000] {dag.py:3096} INFO - Sync 1 DAGs
[2026-03-29T23:07:12.071+0000] {logging_mixin.py:188} INFO - [2026-03-29T23:07:12.070+0000] {dag.py:3954} INFO - Setting next_dagrun for tmdb_raw_pipeline to 2026-03-29 00:00:00+00:00, run_after=2026-03-30 00:00:00+00:00
[2026-03-29T23:07:12.086+0000] {processor.py:183} INFO - Processing /opt/airflow/dags/tmdb_daily_dag.py took 0.172 seconds
[2026-03-29T23:07:42.493+0000] {processor.py:161} INFO - Started process (PID=69995) to work on /opt/airflow/dags/tmdb_daily_dag.py
[2026-03-29T23:07:42.497+0000] {processor.py:830} INFO - Processing file /opt/airflow/dags/tmdb_daily_dag.py for tasks to queue
[2026-03-29T23:07:42.498+0000] {logging_mixin.py:188} INFO - [2026-03-29T23:07:42.498+0000] {dagbag.py:545} INFO - Filling up the DagBag from /opt/airflow/dags/tmdb_daily_dag.py
[2026-03-29T23:07:42.539+0000] {processor.py:840} INFO - DAG(s) 'tmdb_raw_pipeline' retrieved from /opt/airflow/dags/tmdb_daily_dag.py
[2026-03-29T23:07:42.556+0000] {logging_mixin.py:188} INFO - [2026-03-29T23:07:42.556+0000] {dag.py:3096} INFO - Sync 1 DAGs
[2026-03-29T23:07:42.579+0000] {logging_mixin.py:188} INFO - [2026-03-29T23:07:42.578+0000] {dag.py:3954} INFO - Setting next_dagrun for tmdb_raw_pipeline to 2026-03-29 00:00:00+00:00, run_after=2026-03-30 00:00:00+00:00
[2026-03-29T23:07:42.591+0000] {processor.py:183} INFO - Processing /opt/airflow/dags/tmdb_daily_dag.py took 0.106 seconds
[2026-03-29T23:08:13.071+0000] {processor.py:161} INFO - Started process (PID=70015) to work on /opt/airflow/dags/tmdb_daily_dag.py
[2026-03-29T23:08:13.075+0000] {processor.py:830} INFO - Processing file /opt/airflow/dags/tmdb_daily_dag.py for tasks to queue
[2026-03-29T23:08:13.077+0000] {logging_mixin.py:188} INFO - [2026-03-29T23:08:13.076+0000] {dagbag.py:545} INFO - Filling up the DagBag from /opt/airflow/dags/tmdb_daily_dag.py
[2026-03-29T23:08:13.124+0000] {processor.py:840} INFO - DAG(s) 'tmdb_raw_pipeline' retrieved from /opt/airflow/dags/tmdb_daily_dag.py
[2026-03-29T23:08:13.141+0000] {logging_mixin.py:188} INFO - [2026-03-29T23:08:13.141+0000] {dag.py:3096} INFO - Sync 1 DAGs
[2026-03-29T23:08:13.166+0000] {logging_mixin.py:188} INFO - [2026-03-29T23:08:13.166+0000] {dag.py:3954} INFO - Setting next_dagrun for tmdb_raw_pipeline to 2026-03-29 00:00:00+00:00, run_after=2026-03-30 00:00:00+00:00
[2026-03-29T23:08:13.184+0000] {processor.py:183} INFO - Processing /opt/airflow/dags/tmdb_daily_dag.py took 0.121 seconds
[2026-03-29T23:08:43.565+0000] {processor.py:161} INFO - Started process (PID=70035) to work on /opt/airflow/dags/tmdb_daily_dag.py
[2026-03-29T23:08:43.567+0000] {processor.py:830} INFO - Processing file /opt/airflow/dags/tmdb_daily_dag.py for tasks to queue
[2026-03-29T23:08:43.568+0000] {logging_mixin.py:188} INFO - [2026-03-29T23:08:43.568+0000] {dagbag.py:545} INFO - Filling up the DagBag from /opt/airflow/dags/tmdb_daily_dag.py
[2026-03-29T23:08:43.593+0000] {processor.py:840} INFO - DAG(s) 'tmdb_raw_pipeline' retrieved from /opt/airflow/dags/tmdb_daily_dag.py
[2026-03-29T23:08:43.600+0000] {logging_mixin.py:188} INFO - [2026-03-29T23:08:43.600+0000] {dag.py:3096} INFO - Sync 1 DAGs
[2026-03-29T23:08:43.612+0000] {logging_mixin.py:188} INFO - [2026-03-29T23:08:43.612+0000] {dag.py:3954} INFO - Setting next_dagrun for tmdb_raw_pipeline to 2026-03-29 00:00:00+00:00, run_after=2026-03-30 00:00:00+00:00
[2026-03-29T23:08:43.624+0000] {processor.py:183} INFO - Processing /opt/airflow/dags/tmdb_daily_dag.py took 0.063 seconds
[2026-03-29T23:09:14.064+0000] {processor.py:161} INFO - Started process (PID=70055) to work on /opt/airflow/dags/tmdb_daily_dag.py
[2026-03-29T23:09:14.068+0000] {processor.py:830} INFO - Processing file /opt/airflow/dags/tmdb_daily_dag.py for tasks to queue
[2026-03-29T23:09:14.069+0000] {logging_mixin.py:188} INFO - [2026-03-29T23:09:14.068+0000] {dagbag.py:545} INFO - Filling up the DagBag from /opt/airflow/dags/tmdb_daily_dag.py
[2026-03-29T23:09:14.164+0000] {processor.py:840} INFO - DAG(s) 'tmdb_raw_pipeline' retrieved from /opt/airflow/dags/tmdb_daily_dag.py
[2026-03-29T23:09:14.183+0000] {logging_mixin.py:188} INFO - [2026-03-29T23:09:14.183+0000] {dag.py:3096} INFO - Sync 1 DAGs
[2026-03-29T23:09:14.217+0000] {logging_mixin.py:188} INFO - [2026-03-29T23:09:14.217+0000] {dag.py:3954} INFO - Setting next_dagrun for tmdb_raw_pipeline to 2026-03-29 00:00:00+00:00, run_after=2026-03-30 00:00:00+00:00
[2026-03-29T23:09:14.228+0000] {processor.py:183} INFO - Processing /opt/airflow/dags/tmdb_daily_dag.py took 0.169 seconds
[2026-03-29T23:09:44.678+0000] {processor.py:161} INFO - Started process (PID=70075) to work on /opt/airflow/dags/tmdb_daily_dag.py
[2026-03-29T23:09:44.683+0000] {processor.py:830} INFO - Processing file /opt/airflow/dags/tmdb_daily_dag.py for tasks to queue
[2026-03-29T23:09:44.685+0000] {logging_mixin.py:188} INFO - [2026-03-29T23:09:44.684+0000] {dagbag.py:545} INFO - Filling up the DagBag from /opt/airflow/dags/tmdb_daily_dag.py
[2026-03-29T23:09:44.734+0000] {processor.py:840} INFO - DAG(s) 'tmdb_raw_pipeline' retrieved from /opt/airflow/dags/tmdb_daily_dag.py
[2026-03-29T23:09:44.756+0000] {logging_mixin.py:188} INFO - [2026-03-29T23:09:44.756+0000] {dag.py:3096} INFO - Sync 1 DAGs
[2026-03-29T23:09:44.778+0000] {logging_mixin.py:188} INFO - [2026-03-29T23:09:44.777+0000] {dag.py:3954} INFO - Setting next_dagrun for tmdb_raw_pipeline to 2026-03-29 00:00:00+00:00, run_after=2026-03-30 00:00:00+00:00
[2026-03-29T23:09:44.790+0000] {processor.py:183} INFO - Processing /opt/airflow/dags/tmdb_daily_dag.py took 0.118 seconds
[2026-03-29T23:10:15.391+0000] {processor.py:161} INFO - Started process (PID=70095) to work on /opt/airflow/dags/tmdb_daily_dag.py
[2026-03-29T23:10:15.394+0000] {processor.py:830} INFO - Processing file /opt/airflow/dags/tmdb_daily_dag.py for tasks to queue
[2026-03-29T23:10:15.395+0000] {logging_mixin.py:188} INFO - [2026-03-29T23:10:15.395+0000] {dagbag.py:545} INFO - Filling up the DagBag from /opt/airflow/dags/tmdb_daily_dag.py
[2026-03-29T23:10:15.496+0000] {processor.py:840} INFO - DAG(s) 'tmdb_raw_pipeline' retrieved from /opt/airflow/dags/tmdb_daily_dag.py
[2026-03-29T23:10:15.516+0000] {logging_mixin.py:188} INFO - [2026-03-29T23:10:15.516+0000] {dag.py:3096} INFO - Sync 1 DAGs
[2026-03-29T23:10:15.544+0000] {logging_mixin.py:188} INFO - [2026-03-29T23:10:15.544+0000] {dag.py:3954} INFO - Setting next_dagrun for tmdb_raw_pipeline to 2026-03-29 00:00:00+00:00, run_after=2026-03-30 00:00:00+00:00
[2026-03-29T23:10:15.558+0000] {processor.py:183} INFO - Processing /opt/airflow/dags/tmdb_daily_dag.py took 0.180 seconds
[2026-03-29T23:10:45.997+0000] {processor.py:161} INFO - Started process (PID=70115) to work on /opt/airflow/dags/tmdb_daily_dag.py
[2026-03-29T23:10:45.998+0000] {processor.py:830} INFO - Processing file /opt/airflow/dags/tmdb_daily_dag.py for tasks to queue
[2026-03-29T23:10:45.999+0000] {logging_mixin.py:188} INFO - [2026-03-29T23:10:45.999+0000] {dagbag.py:545} INFO - Filling up the DagBag from /opt/airflow/dags/tmdb_daily_dag.py
[2026-03-29T23:10:46.062+0000] {processor.py:840} INFO - DAG(s) 'tmdb_raw_pipeline' retrieved from /opt/airflow/dags/tmdb_daily_dag.py
[2026-03-29T23:10:46.073+0000] {logging_mixin.py:188} INFO - [2026-03-29T23:10:46.073+0000] {dag.py:3096} INFO - Sync 1 DAGs
[2026-03-29T23:10:46.101+0000] {logging_mixin.py:188} INFO - [2026-03-29T23:10:46.101+0000] {dag.py:3954} INFO - Setting next_dagrun for tmdb_raw_pipeline to 2026-03-29 00:00:00+00:00, run_after=2026-03-30 00:00:00+00:00
[2026-03-29T23:10:46.115+0000] {processor.py:183} INFO - Processing /opt/airflow/dags/tmdb_daily_dag.py took 0.125 seconds
[2026-03-29T23:11:16.641+0000] {processor.py:161} INFO - Started process (PID=70135) to work on /opt/airflow/dags/tmdb_daily_dag.py
[2026-03-29T23:11:16.647+0000] {processor.py:830} INFO - Processing file /opt/airflow/dags/tmdb_daily_dag.py for tasks to queue
[2026-03-29T23:11:16.648+0000] {logging_mixin.py:188} INFO - [2026-03-29T23:11:16.647+0000] {dagbag.py:545} INFO - Filling up the DagBag from /opt/airflow/dags/tmdb_daily_dag.py
[2026-03-29T23:11:16.713+0000] {processor.py:840} INFO - DAG(s) 'tmdb_raw_pipeline' retrieved from /opt/airflow/dags/tmdb_daily_dag.py
[2026-03-29T23:11:16.730+0000] {logging_mixin.py:188} INFO - [2026-03-29T23:11:16.730+0000] {dag.py:3096} INFO - Sync 1 DAGs
[2026-03-29T23:11:16.755+0000] {logging_mixin.py:188} INFO - [2026-03-29T23:11:16.754+0000] {dag.py:3954} INFO - Setting next_dagrun for tmdb_raw_pipeline to 2026-03-29 00:00:00+00:00, run_after=2026-03-30 00:00:00+00:00
[2026-03-29T23:11:16.767+0000] {processor.py:183} INFO - Processing /opt/airflow/dags/tmdb_daily_dag.py took 0.135 seconds
[2026-03-29T23:11:47.152+0000] {processor.py:161} INFO - Started process (PID=70155) to work on /opt/airflow/dags/tmdb_daily_dag.py
[2026-03-29T23:11:47.158+0000] {processor.py:830} INFO - Processing file /opt/airflow/dags/tmdb_daily_dag.py for tasks to queue
[2026-03-29T23:11:47.160+0000] {logging_mixin.py:188} INFO - [2026-03-29T23:11:47.159+0000] {dagbag.py:545} INFO - Filling up the DagBag from /opt/airflow/dags/tmdb_daily_dag.py
[2026-03-29T23:11:47.219+0000] {processor.py:840} INFO - DAG(s) 'tmdb_raw_pipeline' retrieved from /opt/airflow/dags/tmdb_daily_dag.py
[2026-03-29T23:11:47.242+0000] {logging_mixin.py:188} INFO - [2026-03-29T23:11:47.242+0000] {dag.py:3096} INFO - Sync 1 DAGs
[2026-03-29T23:11:47.269+0000] {logging_mixin.py:188} INFO - [2026-03-29T23:11:47.269+0000] {dag.py:3954} INFO - Setting next_dagrun for tmdb_raw_pipeline to 2026-03-29 00:00:00+00:00, run_after=2026-03-30 00:00:00+00:00
[2026-03-29T23:11:47.283+0000] {processor.py:183} INFO - Processing /opt/airflow/dags/tmdb_daily_dag.py took 0.139 seconds
[2026-03-29T23:12:17.762+0000] {processor.py:161} INFO - Started process (PID=70175) to work on /opt/airflow/dags/tmdb_daily_dag.py
[2026-03-29T23:12:17.766+0000] {processor.py:830} INFO - Processing file /opt/airflow/dags/tmdb_daily_dag.py for tasks to queue
[2026-03-29T23:12:17.768+0000] {logging_mixin.py:188} INFO - [2026-03-29T23:12:17.768+0000] {dagbag.py:545} INFO - Filling up the DagBag from /opt/airflow/dags/tmdb_daily_dag.py
[2026-03-29T23:12:17.834+0000] {processor.py:840} INFO - DAG(s) 'tmdb_raw_pipeline' retrieved from /opt/airflow/dags/tmdb_daily_dag.py
[2026-03-29T23:12:17.845+0000] {logging_mixin.py:188} INFO - [2026-03-29T23:12:17.845+0000] {dag.py:3096} INFO - Sync 1 DAGs
[2026-03-29T23:12:17.870+0000] {logging_mixin.py:188} INFO - [2026-03-29T23:12:17.870+0000] {dag.py:3954} INFO - Setting next_dagrun for tmdb_raw_pipeline to 2026-03-29 00:00:00+00:00, run_after=2026-03-30 00:00:00+00:00
[2026-03-29T23:12:17.881+0000] {processor.py:183} INFO - Processing /opt/airflow/dags/tmdb_daily_dag.py took 0.129 seconds
[2026-03-29T23:12:48.331+0000] {processor.py:161} INFO - Started process (PID=70195) to work on /opt/airflow/dags/tmdb_daily_dag.py
[2026-03-29T23:12:48.336+0000] {processor.py:830} INFO - Processing file /opt/airflow/dags/tmdb_daily_dag.py for tasks to queue
[2026-03-29T23:12:48.338+0000] {logging_mixin.py:188} INFO - [2026-03-29T23:12:48.337+0000] {dagbag.py:545} INFO - Filling up the DagBag from /opt/airflow/dags/tmdb_daily_dag.py
[2026-03-29T23:12:48.456+0000] {processor.py:840} INFO - DAG(s) 'tmdb_raw_pipeline' retrieved from /opt/airflow/dags/tmdb_daily_dag.py
[2026-03-29T23:12:48.478+0000] {logging_mixin.py:188} INFO - [2026-03-29T23:12:48.478+0000] {dag.py:3096} INFO - Sync 1 DAGs
[2026-03-29T23:12:48.524+0000] {logging_mixin.py:188} INFO - [2026-03-29T23:12:48.523+0000] {dag.py:3954} INFO - Setting next_dagrun for tmdb_raw_pipeline to 2026-03-29 00:00:00+00:00, run_after=2026-03-30 00:00:00+00:00
[2026-03-29T23:12:48.537+0000] {processor.py:183} INFO - Processing /opt/airflow/dags/tmdb_daily_dag.py took 0.223 seconds
[2026-03-29T23:13:18.965+0000] {processor.py:161} INFO - Started process (PID=70215) to work on /opt/airflow/dags/tmdb_daily_dag.py
[2026-03-29T23:13:18.970+0000] {processor.py:830} INFO - Processing file /opt/airflow/dags/tmdb_daily_dag.py for tasks to queue
[2026-03-29T23:13:18.971+0000] {logging_mixin.py:188} INFO - [2026-03-29T23:13:18.971+0000] {dagbag.py:545} INFO - Filling up the DagBag from /opt/airflow/dags/tmdb_daily_dag.py
[2026-03-29T23:13:19.012+0000] {processor.py:840} INFO - DAG(s) 'tmdb_raw_pipeline' retrieved from /opt/airflow/dags/tmdb_daily_dag.py
[2026-03-29T23:13:19.023+0000] {logging_mixin.py:188} INFO - [2026-03-29T23:13:19.023+0000] {dag.py:3096} INFO - Sync 1 DAGs
[2026-03-29T23:13:19.049+0000] {logging_mixin.py:188} INFO - [2026-03-29T23:13:19.049+0000] {dag.py:3954} INFO - Setting next_dagrun for tmdb_raw_pipeline to 2026-03-29 00:00:00+00:00, run_after=2026-03-30 00:00:00+00:00
[2026-03-29T23:13:19.061+0000] {processor.py:183} INFO - Processing /opt/airflow/dags/tmdb_daily_dag.py took 0.105 seconds
[2026-03-29T23:13:49.504+0000] {processor.py:161} INFO - Started process (PID=70235) to work on /opt/airflow/dags/tmdb_daily_dag.py
[2026-03-29T23:13:49.506+0000] {processor.py:830} INFO - Processing file /opt/airflow/dags/tmdb_daily_dag.py for tasks to queue
[2026-03-29T23:13:49.508+0000] {logging_mixin.py:188} INFO - [2026-03-29T23:13:49.507+0000] {dagbag.py:545} INFO - Filling up the DagBag from /opt/airflow/dags/tmdb_daily_dag.py
[2026-03-29T23:13:49.552+0000] {processor.py:840} INFO - DAG(s) 'tmdb_raw_pipeline' retrieved from /opt/airflow/dags/tmdb_daily_dag.py
[2026-03-29T23:13:49.571+0000] {logging_mixin.py:188} INFO - [2026-03-29T23:13:49.570+0000] {dag.py:3096} INFO - Sync 1 DAGs
[2026-03-29T23:13:49.593+0000] {logging_mixin.py:188} INFO - [2026-03-29T23:13:49.592+0000] {dag.py:3954} INFO - Setting next_dagrun for tmdb_raw_pipeline to 2026-03-29 00:00:00+00:00, run_after=2026-03-30 00:00:00+00:00
[2026-03-29T23:13:49.606+0000] {processor.py:183} INFO - Processing /opt/airflow/dags/tmdb_daily_dag.py took 0.111 seconds
[2026-03-29T23:14:20.085+0000] {processor.py:161} INFO - Started process (PID=70255) to work on /opt/airflow/dags/tmdb_daily_dag.py
[2026-03-29T23:14:20.090+0000] {processor.py:830} INFO - Processing file /opt/airflow/dags/tmdb_daily_dag.py for tasks to queue
[2026-03-29T23:14:20.093+0000] {logging_mixin.py:188} INFO - [2026-03-29T23:14:20.091+0000] {dagbag.py:545} INFO - Filling up the DagBag from /opt/airflow/dags/tmdb_daily_dag.py
[2026-03-29T23:14:20.149+0000] {processor.py:840} INFO - DAG(s) 'tmdb_raw_pipeline' retrieved from /opt/airflow/dags/tmdb_daily_dag.py
[2026-03-29T23:14:20.166+0000] {logging_mixin.py:188} INFO - [2026-03-29T23:14:20.166+0000] {dag.py:3096} INFO - Sync 1 DAGs
[2026-03-29T23:14:20.188+0000] {logging_mixin.py:188} INFO - [2026-03-29T23:14:20.187+0000] {dag.py:3954} INFO - Setting next_dagrun for tmdb_raw_pipeline to 2026-03-29 00:00:00+00:00, run_after=2026-03-30 00:00:00+00:00
[2026-03-29T23:14:20.202+0000] {processor.py:183} INFO - Processing /opt/airflow/dags/tmdb_daily_dag.py took 0.123 seconds
[2026-03-29T23:14:50.774+0000] {processor.py:161} INFO - Started process (PID=70275) to work on /opt/airflow/dags/tmdb_daily_dag.py
[2026-03-29T23:14:50.776+0000] {processor.py:830} INFO - Processing file /opt/airflow/dags/tmdb_daily_dag.py for tasks to queue
[2026-03-29T23:14:50.778+0000] {logging_mixin.py:188} INFO - [2026-03-29T23:14:50.778+0000] {dagbag.py:545} INFO - Filling up the DagBag from /opt/airflow/dags/tmdb_daily_dag.py
[2026-03-29T23:14:50.848+0000] {processor.py:840} INFO - DAG(s) 'tmdb_raw_pipeline' retrieved from /opt/airflow/dags/tmdb_daily_dag.py
[2026-03-29T23:14:50.870+0000] {logging_mixin.py:188} INFO - [2026-03-29T23:14:50.870+0000] {dag.py:3096} INFO - Sync 1 DAGs
[2026-03-29T23:14:50.887+0000] {logging_mixin.py:188} INFO - [2026-03-29T23:14:50.887+0000] {dag.py:3954} INFO - Setting next_dagrun for tmdb_raw_pipeline to 2026-03-29 00:00:00+00:00, run_after=2026-03-30 00:00:00+00:00
[2026-03-29T23:14:50.900+0000] {processor.py:183} INFO - Processing /opt/airflow/dags/tmdb_daily_dag.py took 0.138 seconds
[2026-03-29T23:15:21.454+0000] {processor.py:161} INFO - Started process (PID=70295) to work on /opt/airflow/dags/tmdb_daily_dag.py
[2026-03-29T23:15:21.467+0000] {processor.py:830} INFO - Processing file /opt/airflow/dags/tmdb_daily_dag.py for tasks to queue
[2026-03-29T23:15:21.469+0000] {logging_mixin.py:188} INFO - [2026-03-29T23:15:21.469+0000] {dagbag.py:545} INFO - Filling up the DagBag from /opt/airflow/dags/tmdb_daily_dag.py
[2026-03-29T23:15:21.516+0000] {processor.py:840} INFO - DAG(s) 'tmdb_raw_pipeline' retrieved from /opt/airflow/dags/tmdb_daily_dag.py
[2026-03-29T23:15:21.529+0000] {logging_mixin.py:188} INFO - [2026-03-29T23:15:21.529+0000] {dag.py:3096} INFO - Sync 1 DAGs
[2026-03-29T23:15:21.545+0000] {logging_mixin.py:188} INFO - [2026-03-29T23:15:21.545+0000] {dag.py:3954} INFO - Setting next_dagrun for tmdb_raw_pipeline to 2026-03-29 00:00:00+00:00, run_after=2026-03-30 00:00:00+00:00
[2026-03-29T23:15:21.559+0000] {processor.py:183} INFO - Processing /opt/airflow/dags/tmdb_daily_dag.py took 0.113 seconds
[2026-03-29T23:15:52.012+0000] {processor.py:161} INFO - Started process (PID=70315) to work on /opt/airflow/dags/tmdb_daily_dag.py
[2026-03-29T23:15:52.016+0000] {processor.py:830} INFO - Processing file /opt/airflow/dags/tmdb_daily_dag.py for tasks to queue
[2026-03-29T23:15:52.019+0000] {logging_mixin.py:188} INFO - [2026-03-29T23:15:52.017+0000] {dagbag.py:545} INFO - Filling up the DagBag from /opt/airflow/dags/tmdb_daily_dag.py
[2026-03-29T23:15:52.067+0000] {processor.py:840} INFO - DAG(s) 'tmdb_raw_pipeline' retrieved from /opt/airflow/dags/tmdb_daily_dag.py
[2026-03-29T23:15:52.078+0000] {logging_mixin.py:188} INFO - [2026-03-29T23:15:52.077+0000] {dag.py:3096} INFO - Sync 1 DAGs
[2026-03-29T23:15:52.101+0000] {logging_mixin.py:188} INFO - [2026-03-29T23:15:52.101+0000] {dag.py:3954} INFO - Setting next_dagrun for tmdb_raw_pipeline to 2026-03-29 00:00:00+00:00, run_after=2026-03-30 00:00:00+00:00
[2026-03-29T23:15:52.111+0000] {processor.py:183} INFO - Processing /opt/airflow/dags/tmdb_daily_dag.py took 0.107 seconds
[2026-03-29T23:16:22.577+0000] {processor.py:161} INFO - Started process (PID=70335) to work on /opt/airflow/dags/tmdb_daily_dag.py
[2026-03-29T23:16:22.581+0000] {processor.py:830} INFO - Processing file /opt/airflow/dags/tmdb_daily_dag.py for tasks to queue
[2026-03-29T23:16:22.582+0000] {logging_mixin.py:188} INFO - [2026-03-29T23:16:22.581+0000] {dagbag.py:545} INFO - Filling up the DagBag from /opt/airflow/dags/tmdb_daily_dag.py
[2026-03-29T23:16:22.638+0000] {processor.py:840} INFO - DAG(s) 'tmdb_raw_pipeline' retrieved from /opt/airflow/dags/tmdb_daily_dag.py
[2026-03-29T23:16:22.651+0000] {logging_mixin.py:188} INFO - [2026-03-29T23:16:22.651+0000] {dag.py:3096} INFO - Sync 1 DAGs
[2026-03-29T23:16:22.671+0000] {logging_mixin.py:188} INFO - [2026-03-29T23:16:22.671+0000] {dag.py:3954} INFO - Setting next_dagrun for tmdb_raw_pipeline to 2026-03-29 00:00:00+00:00, run_after=2026-03-30 00:00:00+00:00
[2026-03-29T23:16:22.684+0000] {processor.py:183} INFO - Processing /opt/airflow/dags/tmdb_daily_dag.py took 0.119 seconds
[2026-03-29T23:16:53.081+0000] {processor.py:161} INFO - Started process (PID=70355) to work on /opt/airflow/dags/tmdb_daily_dag.py
[2026-03-29T23:16:53.084+0000] {processor.py:830} INFO - Processing file /opt/airflow/dags/tmdb_daily_dag.py for tasks to queue
[2026-03-29T23:16:53.086+0000] {logging_mixin.py:188} INFO - [2026-03-29T23:16:53.085+0000] {dagbag.py:545} INFO - Filling up the DagBag from /opt/airflow/dags/tmdb_daily_dag.py
[2026-03-29T23:16:53.136+0000] {processor.py:840} INFO - DAG(s) 'tmdb_raw_pipeline' retrieved from /opt/airflow/dags/tmdb_daily_dag.py
[2026-03-29T23:16:53.150+0000] {logging_mixin.py:188} INFO - [2026-03-29T23:16:53.150+0000] {dag.py:3096} INFO - Sync 1 DAGs
[2026-03-29T23:16:53.169+0000] {logging_mixin.py:188} INFO - [2026-03-29T23:16:53.169+0000] {dag.py:3954} INFO - Setting next_dagrun for tmdb_raw_pipeline to 2026-03-29 00:00:00+00:00, run_after=2026-03-30 00:00:00+00:00
[2026-03-29T23:16:53.182+0000] {processor.py:183} INFO - Processing /opt/airflow/dags/tmdb_daily_dag.py took 0.111 seconds
[2026-03-29T23:17:23.666+0000] {processor.py:161} INFO - Started process (PID=70375) to work on /opt/airflow/dags/tmdb_daily_dag.py
[2026-03-29T23:17:23.670+0000] {processor.py:830} INFO - Processing file /opt/airflow/dags/tmdb_daily_dag.py for tasks to queue
[2026-03-29T23:17:23.671+0000] {logging_mixin.py:188} INFO - [2026-03-29T23:17:23.671+0000] {dagbag.py:545} INFO - Filling up the DagBag from /opt/airflow/dags/tmdb_daily_dag.py
[2026-03-29T23:17:23.725+0000] {processor.py:840} INFO - DAG(s) 'tmdb_raw_pipeline' retrieved from /opt/airflow/dags/tmdb_daily_dag.py
[2026-03-29T23:17:23.738+0000] {logging_mixin.py:188} INFO - [2026-03-29T23:17:23.738+0000] {dag.py:3096} INFO - Sync 1 DAGs
[2026-03-29T23:17:23.759+0000] {logging_mixin.py:188} INFO - [2026-03-29T23:17:23.759+0000] {dag.py:3954} INFO - Setting next_dagrun for tmdb_raw_pipeline to 2026-03-29 00:00:00+00:00, run_after=2026-03-30 00:00:00+00:00
[2026-03-29T23:17:23.774+0000] {processor.py:183} INFO - Processing /opt/airflow/dags/tmdb_daily_dag.py took 0.118 seconds
[2026-03-29T23:17:54.190+0000] {processor.py:161} INFO - Started process (PID=70395) to work on /opt/airflow/dags/tmdb_daily_dag.py
[2026-03-29T23:17:54.194+0000] {processor.py:830} INFO - Processing file /opt/airflow/dags/tmdb_daily_dag.py for tasks to queue
[2026-03-29T23:17:54.195+0000] {logging_mixin.py:188} INFO - [2026-03-29T23:17:54.195+0000] {dagbag.py:545} INFO - Filling up the DagBag from /opt/airflow/dags/tmdb_daily_dag.py
[2026-03-29T23:17:54.244+0000] {processor.py:840} INFO - DAG(s) 'tmdb_raw_pipeline' retrieved from /opt/airflow/dags/tmdb_daily_dag.py
[2026-03-29T23:17:54.269+0000] {logging_mixin.py:188} INFO - [2026-03-29T23:17:54.269+0000] {dag.py:3096} INFO - Sync 1 DAGs
[2026-03-29T23:17:54.290+0000] {logging_mixin.py:188} INFO - [2026-03-29T23:17:54.290+0000] {dag.py:3954} INFO - Setting next_dagrun for tmdb_raw_pipeline to 2026-03-29 00:00:00+00:00, run_after=2026-03-30 00:00:00+00:00
[2026-03-29T23:17:54.305+0000] {processor.py:183} INFO - Processing /opt/airflow/dags/tmdb_daily_dag.py took 0.123 seconds
[2026-03-29T23:18:24.763+0000] {processor.py:161} INFO - Started process (PID=70414) to work on /opt/airflow/dags/tmdb_daily_dag.py
[2026-03-29T23:18:24.768+0000] {processor.py:830} INFO - Processing file /opt/airflow/dags/tmdb_daily_dag.py for tasks to queue
[2026-03-29T23:18:24.769+0000] {logging_mixin.py:188} INFO - [2026-03-29T23:18:24.768+0000] {dagbag.py:545} INFO - Filling up the DagBag from /opt/airflow/dags/tmdb_daily_dag.py
[2026-03-29T23:18:24.823+0000] {processor.py:840} INFO - DAG(s) 'tmdb_raw_pipeline' retrieved from /opt/airflow/dags/tmdb_daily_dag.py
[2026-03-29T23:18:24.837+0000] {logging_mixin.py:188} INFO - [2026-03-29T23:18:24.837+0000] {dag.py:3096} INFO - Sync 1 DAGs
[2026-03-29T23:18:24.861+0000] {logging_mixin.py:188} INFO - [2026-03-29T23:18:24.861+0000] {dag.py:3954} INFO - Setting next_dagrun for tmdb_raw_pipeline to 2026-03-29 00:00:00+00:00, run_after=2026-03-30 00:00:00+00:00
[2026-03-29T23:18:24.872+0000] {processor.py:183} INFO - Processing /opt/airflow/dags/tmdb_daily_dag.py took 0.115 seconds
[2026-03-29T23:18:55.282+0000] {processor.py:161} INFO - Started process (PID=70435) to work on /opt/airflow/dags/tmdb_daily_dag.py
[2026-03-29T23:18:55.285+0000] {processor.py:830} INFO - Processing file /opt/airflow/dags/tmdb_daily_dag.py for tasks to queue
[2026-03-29T23:18:55.287+0000] {logging_mixin.py:188} INFO - [2026-03-29T23:18:55.286+0000] {dagbag.py:545} INFO - Filling up the DagBag from /opt/airflow/dags/tmdb_daily_dag.py
[2026-03-29T23:18:55.331+0000] {processor.py:840} INFO - DAG(s) 'tmdb_raw_pipeline' retrieved from /opt/airflow/dags/tmdb_daily_dag.py
[2026-03-29T23:18:55.341+0000] {logging_mixin.py:188} INFO - [2026-03-29T23:18:55.341+0000] {dag.py:3096} INFO - Sync 1 DAGs
[2026-03-29T23:18:55.360+0000] {logging_mixin.py:188} INFO - [2026-03-29T23:18:55.360+0000] {dag.py:3954} INFO - Setting next_dagrun for tmdb_raw_pipeline to 2026-03-29 00:00:00+00:00, run_after=2026-03-30 00:00:00+00:00
[2026-03-29T23:18:55.368+0000] {processor.py:183} INFO - Processing /opt/airflow/dags/tmdb_daily_dag.py took 0.090 seconds
[2026-03-29T23:19:25.871+0000] {processor.py:161} INFO - Started process (PID=70455) to work on /opt/airflow/dags/tmdb_daily_dag.py
[2026-03-29T23:19:25.873+0000] {processor.py:830} INFO - Processing file /opt/airflow/dags/tmdb_daily_dag.py for tasks to queue
[2026-03-29T23:19:25.874+0000] {logging_mixin.py:188} INFO - [2026-03-29T23:19:25.874+0000] {dagbag.py:545} INFO - Filling up the DagBag from /opt/airflow/dags/tmdb_daily_dag.py
[2026-03-29T23:19:25.930+0000] {processor.py:840} INFO - DAG(s) 'tmdb_raw_pipeline' retrieved from /opt/airflow/dags/tmdb_daily_dag.py
[2026-03-29T23:19:25.952+0000] {logging_mixin.py:188} INFO - [2026-03-29T23:19:25.952+0000] {dag.py:3096} INFO - Sync 1 DAGs
[2026-03-29T23:19:25.971+0000] {logging_mixin.py:188} INFO - [2026-03-29T23:19:25.970+0000] {dag.py:3954} INFO - Setting next_dagrun for tmdb_raw_pipeline to 2026-03-29 00:00:00+00:00, run_after=2026-03-30 00:00:00+00:00
[2026-03-29T23:19:25.984+0000] {processor.py:183} INFO - Processing /opt/airflow/dags/tmdb_daily_dag.py took 0.118 seconds
[2026-03-29T23:19:56.464+0000] {processor.py:161} INFO - Started process (PID=70475) to work on /opt/airflow/dags/tmdb_daily_dag.py
[2026-03-29T23:19:56.467+0000] {processor.py:830} INFO - Processing file /opt/airflow/dags/tmdb_daily_dag.py for tasks to queue
[2026-03-29T23:19:56.468+0000] {logging_mixin.py:188} INFO - [2026-03-29T23:19:56.467+0000] {dagbag.py:545} INFO - Filling up the DagBag from /opt/airflow/dags/tmdb_daily_dag.py
[2026-03-29T23:19:56.508+0000] {processor.py:840} INFO - DAG(s) 'tmdb_raw_pipeline' retrieved from /opt/airflow/dags/tmdb_daily_dag.py
[2026-03-29T23:19:56.523+0000] {logging_mixin.py:188} INFO - [2026-03-29T23:19:56.523+0000] {dag.py:3096} INFO - Sync 1 DAGs
[2026-03-29T23:19:56.543+0000] {logging_mixin.py:188} INFO - [2026-03-29T23:19:56.542+0000] {dag.py:3954} INFO - Setting next_dagrun for tmdb_raw_pipeline to 2026-03-29 00:00:00+00:00, run_after=2026-03-30 00:00:00+00:00
[2026-03-29T23:19:56.556+0000] {processor.py:183} INFO - Processing /opt/airflow/dags/tmdb_daily_dag.py took 0.098 seconds
[2026-03-29T23:20:26.992+0000] {processor.py:161} INFO - Started process (PID=70495) to work on /opt/airflow/dags/tmdb_daily_dag.py
[2026-03-29T23:20:26.996+0000] {processor.py:830} INFO - Processing file /opt/airflow/dags/tmdb_daily_dag.py for tasks to queue
[2026-03-29T23:20:26.997+0000] {logging_mixin.py:188} INFO - [2026-03-29T23:20:26.997+0000] {dagbag.py:545} INFO - Filling up the DagBag from /opt/airflow/dags/tmdb_daily_dag.py
[2026-03-29T23:20:27.049+0000] {processor.py:840} INFO - DAG(s) 'tmdb_raw_pipeline' retrieved from /opt/airflow/dags/tmdb_daily_dag.py
[2026-03-29T23:20:27.070+0000] {logging_mixin.py:188} INFO - [2026-03-29T23:20:27.070+0000] {dag.py:3096} INFO - Sync 1 DAGs
[2026-03-29T23:20:27.092+0000] {logging_mixin.py:188} INFO - [2026-03-29T23:20:27.092+0000] {dag.py:3954} INFO - Setting next_dagrun for tmdb_raw_pipeline to 2026-03-29 00:00:00+00:00, run_after=2026-03-30 00:00:00+00:00
[2026-03-29T23:20:27.104+0000] {processor.py:183} INFO - Processing /opt/airflow/dags/tmdb_daily_dag.py took 0.127 seconds
[2026-03-29T23:20:57.503+0000] {processor.py:161} INFO - Started process (PID=70515) to work on /opt/airflow/dags/tmdb_daily_dag.py
[2026-03-29T23:20:57.508+0000] {processor.py:830} INFO - Processing file /opt/airflow/dags/tmdb_daily_dag.py for tasks to queue
[2026-03-29T23:20:57.509+0000] {logging_mixin.py:188} INFO - [2026-03-29T23:20:57.509+0000] {dagbag.py:545} INFO - Filling up the DagBag from /opt/airflow/dags/tmdb_daily_dag.py
[2026-03-29T23:20:57.546+0000] {processor.py:840} INFO - DAG(s) 'tmdb_raw_pipeline' retrieved from /opt/airflow/dags/tmdb_daily_dag.py
[2026-03-29T23:20:57.560+0000] {logging_mixin.py:188} INFO - [2026-03-29T23:20:57.560+0000] {dag.py:3096} INFO - Sync 1 DAGs
[2026-03-29T23:20:57.573+0000] {logging_mixin.py:188} INFO - [2026-03-29T23:20:57.573+0000] {dag.py:3954} INFO - Setting next_dagrun for tmdb_raw_pipeline to 2026-03-29 00:00:00+00:00, run_after=2026-03-30 00:00:00+00:00
[2026-03-29T23:20:57.587+0000] {processor.py:183} INFO - Processing /opt/airflow/dags/tmdb_daily_dag.py took 0.090 seconds
[2026-03-29T23:21:28.027+0000] {processor.py:161} INFO - Started process (PID=70535) to work on /opt/airflow/dags/tmdb_daily_dag.py
[2026-03-29T23:21:28.032+0000] {processor.py:830} INFO - Processing file /opt/airflow/dags/tmdb_daily_dag.py for tasks to queue
[2026-03-29T23:21:28.033+0000] {logging_mixin.py:188} INFO - [2026-03-29T23:21:28.033+0000] {dagbag.py:545} INFO - Filling up the DagBag from /opt/airflow/dags/tmdb_daily_dag.py
[2026-03-29T23:21:28.097+0000] {processor.py:840} INFO - DAG(s) 'tmdb_raw_pipeline' retrieved from /opt/airflow/dags/tmdb_daily_dag.py
[2026-03-29T23:21:28.109+0000] {logging_mixin.py:188} INFO - [2026-03-29T23:21:28.109+0000] {dag.py:3096} INFO - Sync 1 DAGs
[2026-03-29T23:21:28.134+0000] {logging_mixin.py:188} INFO - [2026-03-29T23:21:28.134+0000] {dag.py:3954} INFO - Setting next_dagrun for tmdb_raw_pipeline to 2026-03-29 00:00:00+00:00, run_after=2026-03-30 00:00:00+00:00
[2026-03-29T23:21:28.149+0000] {processor.py:183} INFO - Processing /opt/airflow/dags/tmdb_daily_dag.py took 0.137 seconds
[2026-03-29T23:21:58.615+0000] {processor.py:161} INFO - Started process (PID=70555) to work on /opt/airflow/dags/tmdb_daily_dag.py
[2026-03-29T23:21:58.619+0000] {processor.py:830} INFO - Processing file /opt/airflow/dags/tmdb_daily_dag.py for tasks to queue
[2026-03-29T23:21:58.620+0000] {logging_mixin.py:188} INFO - [2026-03-29T23:21:58.619+0000] {dagbag.py:545} INFO - Filling up the DagBag from /opt/airflow/dags/tmdb_daily_dag.py
[2026-03-29T23:21:58.690+0000] {processor.py:840} INFO - DAG(s) 'tmdb_raw_pipeline' retrieved from /opt/airflow/dags/tmdb_daily_dag.py
[2026-03-29T23:21:58.704+0000] {logging_mixin.py:188} INFO - [2026-03-29T23:21:58.704+0000] {dag.py:3096} INFO - Sync 1 DAGs
[2026-03-29T23:21:58.730+0000] {logging_mixin.py:188} INFO - [2026-03-29T23:21:58.730+0000] {dag.py:3954} INFO - Setting next_dagrun for tmdb_raw_pipeline to 2026-03-29 00:00:00+00:00, run_after=2026-03-30 00:00:00+00:00
[2026-03-29T23:21:58.746+0000] {processor.py:183} INFO - Processing /opt/airflow/dags/tmdb_daily_dag.py took 0.137 seconds
[2026-03-29T23:22:29.162+0000] {processor.py:161} INFO - Started process (PID=70575) to work on /opt/airflow/dags/tmdb_daily_dag.py
[2026-03-29T23:22:29.166+0000] {processor.py:830} INFO - Processing file /opt/airflow/dags/tmdb_daily_dag.py for tasks to queue
[2026-03-29T23:22:29.168+0000] {logging_mixin.py:188} INFO - [2026-03-29T23:22:29.167+0000] {dagbag.py:545} INFO - Filling up the DagBag from /opt/airflow/dags/tmdb_daily_dag.py
[2026-03-29T23:22:29.221+0000] {processor.py:840} INFO - DAG(s) 'tmdb_raw_pipeline' retrieved from /opt/airflow/dags/tmdb_daily_dag.py
[2026-03-29T23:22:29.238+0000] {logging_mixin.py:188} INFO - [2026-03-29T23:22:29.238+0000] {dag.py:3096} INFO - Sync 1 DAGs
[2026-03-29T23:22:29.265+0000] {logging_mixin.py:188} INFO - [2026-03-29T23:22:29.265+0000] {dag.py:3954} INFO - Setting next_dagrun for tmdb_raw_pipeline to 2026-03-29 00:00:00+00:00, run_after=2026-03-30 00:00:00+00:00
[2026-03-29T23:22:29.280+0000] {processor.py:183} INFO - Processing /opt/airflow/dags/tmdb_daily_dag.py took 0.125 seconds
[2026-03-29T23:22:59.754+0000] {processor.py:161} INFO - Started process (PID=70595) to work on /opt/airflow/dags/tmdb_daily_dag.py
[2026-03-29T23:22:59.756+0000] {processor.py:830} INFO - Processing file /opt/airflow/dags/tmdb_daily_dag.py for tasks to queue
[2026-03-29T23:22:59.758+0000] {logging_mixin.py:188} INFO - [2026-03-29T23:22:59.758+0000] {dagbag.py:545} INFO - Filling up the DagBag from /opt/airflow/dags/tmdb_daily_dag.py
[2026-03-29T23:22:59.819+0000] {processor.py:840} INFO - DAG(s) 'tmdb_raw_pipeline' retrieved from /opt/airflow/dags/tmdb_daily_dag.py
[2026-03-29T23:22:59.840+0000] {logging_mixin.py:188} INFO - [2026-03-29T23:22:59.840+0000] {dag.py:3096} INFO - Sync 1 DAGs
[2026-03-29T23:22:59.859+0000] {logging_mixin.py:188} INFO - [2026-03-29T23:22:59.859+0000] {dag.py:3954} INFO - Setting next_dagrun for tmdb_raw_pipeline to 2026-03-29 00:00:00+00:00, run_after=2026-03-30 00:00:00+00:00
[2026-03-29T23:22:59.872+0000] {processor.py:183} INFO - Processing /opt/airflow/dags/tmdb_daily_dag.py took 0.128 seconds
[2026-03-29T23:23:30.349+0000] {processor.py:161} INFO - Started process (PID=70615) to work on /opt/airflow/dags/tmdb_daily_dag.py
[2026-03-29T23:23:30.353+0000] {processor.py:830} INFO - Processing file /opt/airflow/dags/tmdb_daily_dag.py for tasks to queue
[2026-03-29T23:23:30.354+0000] {logging_mixin.py:188} INFO - [2026-03-29T23:23:30.353+0000] {dagbag.py:545} INFO - Filling up the DagBag from /opt/airflow/dags/tmdb_daily_dag.py
[2026-03-29T23:23:30.410+0000] {processor.py:840} INFO - DAG(s) 'tmdb_raw_pipeline' retrieved from /opt/airflow/dags/tmdb_daily_dag.py
[2026-03-29T23:23:30.428+0000] {logging_mixin.py:188} INFO - [2026-03-29T23:23:30.428+0000] {dag.py:3096} INFO - Sync 1 DAGs
[2026-03-29T23:23:30.454+0000] {logging_mixin.py:188} INFO - [2026-03-29T23:23:30.454+0000] {dag.py:3954} INFO - Setting next_dagrun for tmdb_raw_pipeline to 2026-03-29 00:00:00+00:00, run_after=2026-03-30 00:00:00+00:00
[2026-03-29T23:23:30.470+0000] {processor.py:183} INFO - Processing /opt/airflow/dags/tmdb_daily_dag.py took 0.128 seconds
[2026-03-29T23:24:00.874+0000] {processor.py:161} INFO - Started process (PID=70635) to work on /opt/airflow/dags/tmdb_daily_dag.py
[2026-03-29T23:24:00.879+0000] {processor.py:830} INFO - Processing file /opt/airflow/dags/tmdb_daily_dag.py for tasks to queue
[2026-03-29T23:24:00.881+0000] {logging_mixin.py:188} INFO - [2026-03-29T23:24:00.880+0000] {dagbag.py:545} INFO - Filling up the DagBag from /opt/airflow/dags/tmdb_daily_dag.py
[2026-03-29T23:24:00.951+0000] {processor.py:840} INFO - DAG(s) 'tmdb_raw_pipeline' retrieved from /opt/airflow/dags/tmdb_daily_dag.py
[2026-03-29T23:24:00.968+0000] {logging_mixin.py:188} INFO - [2026-03-29T23:24:00.968+0000] {dag.py:3096} INFO - Sync 1 DAGs
[2026-03-29T23:24:00.996+0000] {logging_mixin.py:188} INFO - [2026-03-29T23:24:00.996+0000] {dag.py:3954} INFO - Setting next_dagrun for tmdb_raw_pipeline to 2026-03-29 00:00:00+00:00, run_after=2026-03-30 00:00:00+00:00
[2026-03-29T23:24:01.010+0000] {processor.py:183} INFO - Processing /opt/airflow/dags/tmdb_daily_dag.py took 0.152 seconds
[2026-03-29T23:24:31.493+0000] {processor.py:161} INFO - Started process (PID=70655) to work on /opt/airflow/dags/tmdb_daily_dag.py
[2026-03-29T23:24:31.498+0000] {processor.py:830} INFO - Processing file /opt/airflow/dags/tmdb_daily_dag.py for tasks to queue
[2026-03-29T23:24:31.499+0000] {logging_mixin.py:188} INFO - [2026-03-29T23:24:31.498+0000] {dagbag.py:545} INFO - Filling up the DagBag from /opt/airflow/dags/tmdb_daily_dag.py
[2026-03-29T23:24:31.555+0000] {processor.py:840} INFO - DAG(s) 'tmdb_raw_pipeline' retrieved from /opt/airflow/dags/tmdb_daily_dag.py
[2026-03-29T23:24:31.576+0000] {logging_mixin.py:188} INFO - [2026-03-29T23:24:31.575+0000] {dag.py:3096} INFO - Sync 1 DAGs
[2026-03-29T23:24:31.592+0000] {logging_mixin.py:188} INFO - [2026-03-29T23:24:31.592+0000] {dag.py:3954} INFO - Setting next_dagrun for tmdb_raw_pipeline to 2026-03-29 00:00:00+00:00, run_after=2026-03-30 00:00:00+00:00
[2026-03-29T23:24:31.607+0000] {processor.py:183} INFO - Processing /opt/airflow/dags/tmdb_daily_dag.py took 0.123 seconds
[2026-03-29T23:25:02.048+0000] {processor.py:161} INFO - Started process (PID=70675) to work on /opt/airflow/dags/tmdb_daily_dag.py
[2026-03-29T23:25:02.051+0000] {processor.py:830} INFO - Processing file /opt/airflow/dags/tmdb_daily_dag.py for tasks to queue
[2026-03-29T23:25:02.052+0000] {logging_mixin.py:188} INFO - [2026-03-29T23:25:02.052+0000] {dagbag.py:545} INFO - Filling up the DagBag from /opt/airflow/dags/tmdb_daily_dag.py
[2026-03-29T23:25:02.100+0000] {processor.py:840} INFO - DAG(s) 'tmdb_raw_pipeline' retrieved from /opt/airflow/dags/tmdb_daily_dag.py
[2026-03-29T23:25:02.113+0000] {logging_mixin.py:188} INFO - [2026-03-29T23:25:02.112+0000] {dag.py:3096} INFO - Sync 1 DAGs
[2026-03-29T23:25:02.137+0000] {logging_mixin.py:188} INFO - [2026-03-29T23:25:02.137+0000] {dag.py:3954} INFO - Setting next_dagrun for tmdb_raw_pipeline to 2026-03-29 00:00:00+00:00, run_after=2026-03-30 00:00:00+00:00
[2026-03-29T23:25:02.153+0000] {processor.py:183} INFO - Processing /opt/airflow/dags/tmdb_daily_dag.py took 0.113 seconds
[2026-03-29T23:25:32.574+0000] {processor.py:161} INFO - Started process (PID=70695) to work on /opt/airflow/dags/tmdb_daily_dag.py
[2026-03-29T23:25:32.578+0000] {processor.py:830} INFO - Processing file /opt/airflow/dags/tmdb_daily_dag.py for tasks to queue
[2026-03-29T23:25:32.580+0000] {logging_mixin.py:188} INFO - [2026-03-29T23:25:32.579+0000] {dagbag.py:545} INFO - Filling up the DagBag from /opt/airflow/dags/tmdb_daily_dag.py
[2026-03-29T23:25:32.663+0000] {processor.py:840} INFO - DAG(s) 'tmdb_raw_pipeline' retrieved from /opt/airflow/dags/tmdb_daily_dag.py
[2026-03-29T23:25:32.690+0000] {logging_mixin.py:188} INFO - [2026-03-29T23:25:32.690+0000] {dag.py:3096} INFO - Sync 1 DAGs
[2026-03-29T23:25:32.716+0000] {logging_mixin.py:188} INFO - [2026-03-29T23:25:32.716+0000] {dag.py:3954} INFO - Setting next_dagrun for tmdb_raw_pipeline to 2026-03-29 00:00:00+00:00, run_after=2026-03-30 00:00:00+00:00
[2026-03-29T23:25:32.728+0000] {processor.py:183} INFO - Processing /opt/airflow/dags/tmdb_daily_dag.py took 0.170 seconds
[2026-03-29T23:38:49.920+0000] {processor.py:161} INFO - Started process (PID=70715) to work on /opt/airflow/dags/tmdb_daily_dag.py
[2026-03-29T23:38:49.923+0000] {processor.py:830} INFO - Processing file /opt/airflow/dags/tmdb_daily_dag.py for tasks to queue
[2026-03-29T23:38:49.926+0000] {logging_mixin.py:188} INFO - [2026-03-29T23:38:49.925+0000] {dagbag.py:545} INFO - Filling up the DagBag from /opt/airflow/dags/tmdb_daily_dag.py
[2026-03-29T23:38:50.002+0000] {processor.py:840} INFO - DAG(s) 'tmdb_raw_pipeline' retrieved from /opt/airflow/dags/tmdb_daily_dag.py
[2026-03-29T23:38:50.025+0000] {logging_mixin.py:188} INFO - [2026-03-29T23:38:50.025+0000] {dag.py:3096} INFO - Sync 1 DAGs
[2026-03-29T23:38:50.051+0000] {logging_mixin.py:188} INFO - [2026-03-29T23:38:50.051+0000] {dag.py:3954} INFO - Setting next_dagrun for tmdb_raw_pipeline to 2026-03-29 00:00:00+00:00, run_after=2026-03-30 00:00:00+00:00
[2026-03-29T23:38:50.061+0000] {processor.py:183} INFO - Processing /opt/airflow/dags/tmdb_daily_dag.py took 0.154 seconds
[2026-03-29T23:39:20.587+0000] {processor.py:161} INFO - Started process (PID=70735) to work on /opt/airflow/dags/tmdb_daily_dag.py
[2026-03-29T23:39:20.590+0000] {processor.py:830} INFO - Processing file /opt/airflow/dags/tmdb_daily_dag.py for tasks to queue
[2026-03-29T23:39:20.591+0000] {logging_mixin.py:188} INFO - [2026-03-29T23:39:20.590+0000] {dagbag.py:545} INFO - Filling up the DagBag from /opt/airflow/dags/tmdb_daily_dag.py
[2026-03-29T23:39:20.645+0000] {processor.py:840} INFO - DAG(s) 'tmdb_raw_pipeline' retrieved from /opt/airflow/dags/tmdb_daily_dag.py
[2026-03-29T23:39:20.663+0000] {logging_mixin.py:188} INFO - [2026-03-29T23:39:20.663+0000] {dag.py:3096} INFO - Sync 1 DAGs
[2026-03-29T23:39:20.688+0000] {logging_mixin.py:188} INFO - [2026-03-29T23:39:20.687+0000] {dag.py:3954} INFO - Setting next_dagrun for tmdb_raw_pipeline to 2026-03-29 00:00:00+00:00, run_after=2026-03-30 00:00:00+00:00
[2026-03-29T23:39:20.702+0000] {processor.py:183} INFO - Processing /opt/airflow/dags/tmdb_daily_dag.py took 0.125 seconds
[2026-03-29T23:51:43.510+0000] {processor.py:161} INFO - Started process (PID=70755) to work on /opt/airflow/dags/tmdb_daily_dag.py
[2026-03-29T23:51:43.513+0000] {processor.py:830} INFO - Processing file /opt/airflow/dags/tmdb_daily_dag.py for tasks to queue
[2026-03-29T23:51:43.515+0000] {logging_mixin.py:188} INFO - [2026-03-29T23:51:43.515+0000] {dagbag.py:545} INFO - Filling up the DagBag from /opt/airflow/dags/tmdb_daily_dag.py
[2026-03-29T23:51:43.573+0000] {processor.py:840} INFO - DAG(s) 'tmdb_raw_pipeline' retrieved from /opt/airflow/dags/tmdb_daily_dag.py
[2026-03-29T23:51:43.587+0000] {logging_mixin.py:188} INFO - [2026-03-29T23:51:43.586+0000] {dag.py:3096} INFO - Sync 1 DAGs
[2026-03-29T23:51:43.605+0000] {logging_mixin.py:188} INFO - [2026-03-29T23:51:43.605+0000] {dag.py:3954} INFO - Setting next_dagrun for tmdb_raw_pipeline to 2026-03-29 00:00:00+00:00, run_after=2026-03-30 00:00:00+00:00
[2026-03-29T23:51:43.621+0000] {processor.py:183} INFO - Processing /opt/airflow/dags/tmdb_daily_dag.py took 0.120 seconds
[2026-03-29T23:52:14.119+0000] {processor.py:161} INFO - Started process (PID=70775) to work on /opt/airflow/dags/tmdb_daily_dag.py
[2026-03-29T23:52:14.128+0000] {processor.py:830} INFO - Processing file /opt/airflow/dags/tmdb_daily_dag.py for tasks to queue
[2026-03-29T23:52:14.129+0000] {logging_mixin.py:188} INFO - [2026-03-29T23:52:14.128+0000] {dagbag.py:545} INFO - Filling up the DagBag from /opt/airflow/dags/tmdb_daily_dag.py
[2026-03-29T23:52:14.179+0000] {processor.py:840} INFO - DAG(s) 'tmdb_raw_pipeline' retrieved from /opt/airflow/dags/tmdb_daily_dag.py
[2026-03-29T23:52:14.192+0000] {logging_mixin.py:188} INFO - [2026-03-29T23:52:14.192+0000] {dag.py:3096} INFO - Sync 1 DAGs
[2026-03-29T23:52:14.215+0000] {logging_mixin.py:188} INFO - [2026-03-29T23:52:14.214+0000] {dag.py:3954} INFO - Setting next_dagrun for tmdb_raw_pipeline to 2026-03-29 00:00:00+00:00, run_after=2026-03-30 00:00:00+00:00
[2026-03-29T23:52:14.229+0000] {processor.py:183} INFO - Processing /opt/airflow/dags/tmdb_daily_dag.py took 0.117 seconds
[2026-03-29T23:52:44.748+0000] {processor.py:161} INFO - Started process (PID=70794) to work on /opt/airflow/dags/tmdb_daily_dag.py
[2026-03-29T23:52:44.753+0000] {processor.py:830} INFO - Processing file /opt/airflow/dags/tmdb_daily_dag.py for tasks to queue
[2026-03-29T23:52:44.754+0000] {logging_mixin.py:188} INFO - [2026-03-29T23:52:44.754+0000] {dagbag.py:545} INFO - Filling up the DagBag from /opt/airflow/dags/tmdb_daily_dag.py
[2026-03-29T23:52:44.813+0000] {processor.py:840} INFO - DAG(s) 'tmdb_raw_pipeline' retrieved from /opt/airflow/dags/tmdb_daily_dag.py
[2026-03-29T23:52:44.823+0000] {logging_mixin.py:188} INFO - [2026-03-29T23:52:44.823+0000] {dag.py:3096} INFO - Sync 1 DAGs
[2026-03-29T23:52:44.842+0000] {logging_mixin.py:188} INFO - [2026-03-29T23:52:44.842+0000] {dag.py:3954} INFO - Setting next_dagrun for tmdb_raw_pipeline to 2026-03-29 00:00:00+00:00, run_after=2026-03-30 00:00:00+00:00
[2026-03-29T23:52:44.861+0000] {processor.py:183} INFO - Processing /opt/airflow/dags/tmdb_daily_dag.py took 0.121 seconds
[2026-03-29T23:53:15.422+0000] {processor.py:161} INFO - Started process (PID=70815) to work on /opt/airflow/dags/tmdb_daily_dag.py
[2026-03-29T23:53:15.425+0000] {processor.py:830} INFO - Processing file /opt/airflow/dags/tmdb_daily_dag.py for tasks to queue
[2026-03-29T23:53:15.426+0000] {logging_mixin.py:188} INFO - [2026-03-29T23:53:15.426+0000] {dagbag.py:545} INFO - Filling up the DagBag from /opt/airflow/dags/tmdb_daily_dag.py
[2026-03-29T23:53:15.471+0000] {processor.py:840} INFO - DAG(s) 'tmdb_raw_pipeline' retrieved from /opt/airflow/dags/tmdb_daily_dag.py
[2026-03-29T23:53:15.490+0000] {logging_mixin.py:188} INFO - [2026-03-29T23:53:15.490+0000] {dag.py:3096} INFO - Sync 1 DAGs
[2026-03-29T23:53:15.507+0000] {logging_mixin.py:188} INFO - [2026-03-29T23:53:15.507+0000] {dag.py:3954} INFO - Setting next_dagrun for tmdb_raw_pipeline to 2026-03-29 00:00:00+00:00, run_after=2026-03-30 00:00:00+00:00
[2026-03-29T23:53:15.517+0000] {processor.py:183} INFO - Processing /opt/airflow/dags/tmdb_daily_dag.py took 0.103 seconds
[2026-03-29T23:53:46.071+0000] {processor.py:161} INFO - Started process (PID=70835) to work on /opt/airflow/dags/tmdb_daily_dag.py
[2026-03-29T23:53:46.073+0000] {processor.py:830} INFO - Processing file /opt/airflow/dags/tmdb_daily_dag.py for tasks to queue
[2026-03-29T23:53:46.074+0000] {logging_mixin.py:188} INFO - [2026-03-29T23:53:46.074+0000] {dagbag.py:545} INFO - Filling up the DagBag from /opt/airflow/dags/tmdb_daily_dag.py
[2026-03-29T23:53:46.123+0000] {processor.py:840} INFO - DAG(s) 'tmdb_raw_pipeline' retrieved from /opt/airflow/dags/tmdb_daily_dag.py
[2026-03-29T23:53:46.135+0000] {logging_mixin.py:188} INFO - [2026-03-29T23:53:46.135+0000] {dag.py:3096} INFO - Sync 1 DAGs
[2026-03-29T23:53:46.161+0000] {logging_mixin.py:188} INFO - [2026-03-29T23:53:46.161+0000] {dag.py:3954} INFO - Setting next_dagrun for tmdb_raw_pipeline to 2026-03-29 00:00:00+00:00, run_after=2026-03-30 00:00:00+00:00
[2026-03-29T23:53:46.174+0000] {processor.py:183} INFO - Processing /opt/airflow/dags/tmdb_daily_dag.py took 0.107 seconds
[2026-03-29T23:54:16.693+0000] {processor.py:161} INFO - Started process (PID=70854) to work on /opt/airflow/dags/tmdb_daily_dag.py
[2026-03-29T23:54:16.707+0000] {processor.py:830} INFO - Processing file /opt/airflow/dags/tmdb_daily_dag.py for tasks to queue
[2026-03-29T23:54:16.708+0000] {logging_mixin.py:188} INFO - [2026-03-29T23:54:16.707+0000] {dagbag.py:545} INFO - Filling up the DagBag from /opt/airflow/dags/tmdb_daily_dag.py
[2026-03-29T23:54:16.761+0000] {processor.py:840} INFO - DAG(s) 'tmdb_raw_pipeline' retrieved from /opt/airflow/dags/tmdb_daily_dag.py
[2026-03-29T23:54:16.779+0000] {logging_mixin.py:188} INFO - [2026-03-29T23:54:16.779+0000] {dag.py:3096} INFO - Sync 1 DAGs
[2026-03-29T23:54:16.805+0000] {logging_mixin.py:188} INFO - [2026-03-29T23:54:16.805+0000] {dag.py:3954} INFO - Setting next_dagrun for tmdb_raw_pipeline to 2026-03-29 00:00:00+00:00, run_after=2026-03-30 00:00:00+00:00
[2026-03-29T23:54:16.819+0000] {processor.py:183} INFO - Processing /opt/airflow/dags/tmdb_daily_dag.py took 0.139 seconds
[2026-03-29T23:54:47.423+0000] {processor.py:161} INFO - Started process (PID=70875) to work on /opt/airflow/dags/tmdb_daily_dag.py
[2026-03-29T23:54:47.428+0000] {processor.py:830} INFO - Processing file /opt/airflow/dags/tmdb_daily_dag.py for tasks to queue
[2026-03-29T23:54:47.428+0000] {logging_mixin.py:188} INFO - [2026-03-29T23:54:47.428+0000] {dagbag.py:545} INFO - Filling up the DagBag from /opt/airflow/dags/tmdb_daily_dag.py
[2026-03-29T23:54:47.484+0000] {processor.py:840} INFO - DAG(s) 'tmdb_raw_pipeline' retrieved from /opt/airflow/dags/tmdb_daily_dag.py
[2026-03-29T23:54:47.500+0000] {logging_mixin.py:188} INFO - [2026-03-29T23:54:47.500+0000] {dag.py:3096} INFO - Sync 1 DAGs
[2026-03-29T23:54:47.524+0000] {logging_mixin.py:188} INFO - [2026-03-29T23:54:47.524+0000] {dag.py:3954} INFO - Setting next_dagrun for tmdb_raw_pipeline to 2026-03-29 00:00:00+00:00, run_after=2026-03-30 00:00:00+00:00
[2026-03-29T23:54:47.535+0000] {processor.py:183} INFO - Processing /opt/airflow/dags/tmdb_daily_dag.py took 0.121 seconds
[2026-03-29T23:55:18.061+0000] {processor.py:161} INFO - Started process (PID=70895) to work on /opt/airflow/dags/tmdb_daily_dag.py
[2026-03-29T23:55:18.065+0000] {processor.py:830} INFO - Processing file /opt/airflow/dags/tmdb_daily_dag.py for tasks to queue
[2026-03-29T23:55:18.070+0000] {logging_mixin.py:188} INFO - [2026-03-29T23:55:18.066+0000] {dagbag.py:545} INFO - Filling up the DagBag from /opt/airflow/dags/tmdb_daily_dag.py
[2026-03-29T23:55:18.146+0000] {processor.py:840} INFO - DAG(s) 'tmdb_raw_pipeline' retrieved from /opt/airflow/dags/tmdb_daily_dag.py
[2026-03-29T23:55:18.169+0000] {logging_mixin.py:188} INFO - [2026-03-29T23:55:18.169+0000] {dag.py:3096} INFO - Sync 1 DAGs
[2026-03-29T23:55:18.190+0000] {logging_mixin.py:188} INFO - [2026-03-29T23:55:18.189+0000] {dag.py:3954} INFO - Setting next_dagrun for tmdb_raw_pipeline to 2026-03-29 00:00:00+00:00, run_after=2026-03-30 00:00:00+00:00
[2026-03-29T23:55:18.199+0000] {processor.py:183} INFO - Processing /opt/airflow/dags/tmdb_daily_dag.py took 0.146 seconds
[2026-03-29T23:55:48.759+0000] {processor.py:161} INFO - Started process (PID=70915) to work on /opt/airflow/dags/tmdb_daily_dag.py
[2026-03-29T23:55:48.762+0000] {processor.py:830} INFO - Processing file /opt/airflow/dags/tmdb_daily_dag.py for tasks to queue
[2026-03-29T23:55:48.763+0000] {logging_mixin.py:188} INFO - [2026-03-29T23:55:48.763+0000] {dagbag.py:545} INFO - Filling up the DagBag from /opt/airflow/dags/tmdb_daily_dag.py
[2026-03-29T23:55:48.814+0000] {processor.py:840} INFO - DAG(s) 'tmdb_raw_pipeline' retrieved from /opt/airflow/dags/tmdb_daily_dag.py
[2026-03-29T23:55:48.828+0000] {logging_mixin.py:188} INFO - [2026-03-29T23:55:48.828+0000] {dag.py:3096} INFO - Sync 1 DAGs
[2026-03-29T23:55:48.847+0000] {logging_mixin.py:188} INFO - [2026-03-29T23:55:48.847+0000] {dag.py:3954} INFO - Setting next_dagrun for tmdb_raw_pipeline to 2026-03-29 00:00:00+00:00, run_after=2026-03-30 00:00:00+00:00
[2026-03-29T23:55:48.862+0000] {processor.py:183} INFO - Processing /opt/airflow/dags/tmdb_daily_dag.py took 0.109 seconds
[2026-03-29T23:56:19.452+0000] {processor.py:161} INFO - Started process (PID=70935) to work on /opt/airflow/dags/tmdb_daily_dag.py
[2026-03-29T23:56:19.454+0000] {processor.py:830} INFO - Processing file /opt/airflow/dags/tmdb_daily_dag.py for tasks to queue
[2026-03-29T23:56:19.456+0000] {logging_mixin.py:188} INFO - [2026-03-29T23:56:19.455+0000] {dagbag.py:545} INFO - Filling up the DagBag from /opt/airflow/dags/tmdb_daily_dag.py
[2026-03-29T23:56:19.510+0000] {processor.py:840} INFO - DAG(s) 'tmdb_raw_pipeline' retrieved from /opt/airflow/dags/tmdb_daily_dag.py
[2026-03-29T23:56:19.527+0000] {logging_mixin.py:188} INFO - [2026-03-29T23:56:19.526+0000] {dag.py:3096} INFO - Sync 1 DAGs
[2026-03-29T23:56:19.552+0000] {logging_mixin.py:188} INFO - [2026-03-29T23:56:19.552+0000] {dag.py:3954} INFO - Setting next_dagrun for tmdb_raw_pipeline to 2026-03-29 00:00:00+00:00, run_after=2026-03-30 00:00:00+00:00
[2026-03-29T23:56:19.561+0000] {processor.py:183} INFO - Processing /opt/airflow/dags/tmdb_daily_dag.py took 0.115 seconds
[2026-03-29T23:56:50.146+0000] {processor.py:161} INFO - Started process (PID=70955) to work on /opt/airflow/dags/tmdb_daily_dag.py
[2026-03-29T23:56:50.148+0000] {processor.py:830} INFO - Processing file /opt/airflow/dags/tmdb_daily_dag.py for tasks to queue
[2026-03-29T23:56:50.150+0000] {logging_mixin.py:188} INFO - [2026-03-29T23:56:50.150+0000] {dagbag.py:545} INFO - Filling up the DagBag from /opt/airflow/dags/tmdb_daily_dag.py
[2026-03-29T23:56:50.197+0000] {processor.py:840} INFO - DAG(s) 'tmdb_raw_pipeline' retrieved from /opt/airflow/dags/tmdb_daily_dag.py
[2026-03-29T23:56:50.216+0000] {logging_mixin.py:188} INFO - [2026-03-29T23:56:50.216+0000] {dag.py:3096} INFO - Sync 1 DAGs
[2026-03-29T23:56:50.237+0000] {logging_mixin.py:188} INFO - [2026-03-29T23:56:50.237+0000] {dag.py:3954} INFO - Setting next_dagrun for tmdb_raw_pipeline to 2026-03-29 00:00:00+00:00, run_after=2026-03-30 00:00:00+00:00
[2026-03-29T23:56:50.247+0000] {processor.py:183} INFO - Processing /opt/airflow/dags/tmdb_daily_dag.py took 0.107 seconds
[2026-03-29T23:57:20.791+0000] {processor.py:161} INFO - Started process (PID=70975) to work on /opt/airflow/dags/tmdb_daily_dag.py
[2026-03-29T23:57:20.795+0000] {processor.py:830} INFO - Processing file /opt/airflow/dags/tmdb_daily_dag.py for tasks to queue
[2026-03-29T23:57:20.796+0000] {logging_mixin.py:188} INFO - [2026-03-29T23:57:20.796+0000] {dagbag.py:545} INFO - Filling up the DagBag from /opt/airflow/dags/tmdb_daily_dag.py
[2026-03-29T23:57:20.851+0000] {processor.py:840} INFO - DAG(s) 'tmdb_raw_pipeline' retrieved from /opt/airflow/dags/tmdb_daily_dag.py
[2026-03-29T23:57:20.866+0000] {logging_mixin.py:188} INFO - [2026-03-29T23:57:20.866+0000] {dag.py:3096} INFO - Sync 1 DAGs
[2026-03-29T23:57:20.884+0000] {logging_mixin.py:188} INFO - [2026-03-29T23:57:20.884+0000] {dag.py:3954} INFO - Setting next_dagrun for tmdb_raw_pipeline to 2026-03-29 00:00:00+00:00, run_after=2026-03-30 00:00:00+00:00
[2026-03-29T23:57:20.899+0000] {processor.py:183} INFO - Processing /opt/airflow/dags/tmdb_daily_dag.py took 0.121 seconds
[2026-03-29T23:57:51.287+0000] {processor.py:161} INFO - Started process (PID=70995) to work on /opt/airflow/dags/tmdb_daily_dag.py
[2026-03-29T23:57:51.290+0000] {processor.py:830} INFO - Processing file /opt/airflow/dags/tmdb_daily_dag.py for tasks to queue
[2026-03-29T23:57:51.291+0000] {logging_mixin.py:188} INFO - [2026-03-29T23:57:51.291+0000] {dagbag.py:545} INFO - Filling up the DagBag from /opt/airflow/dags/tmdb_daily_dag.py
[2026-03-29T23:57:51.320+0000] {processor.py:840} INFO - DAG(s) 'tmdb_raw_pipeline' retrieved from /opt/airflow/dags/tmdb_daily_dag.py
[2026-03-29T23:57:51.338+0000] {logging_mixin.py:188} INFO - [2026-03-29T23:57:51.337+0000] {dag.py:3096} INFO - Sync 1 DAGs
[2026-03-29T23:57:51.374+0000] {logging_mixin.py:188} INFO - [2026-03-29T23:57:51.374+0000] {dag.py:3954} INFO - Setting next_dagrun for tmdb_raw_pipeline to 2026-03-29 00:00:00+00:00, run_after=2026-03-30 00:00:00+00:00
[2026-03-29T23:57:51.385+0000] {processor.py:183} INFO - Processing /opt/airflow/dags/tmdb_daily_dag.py took 0.104 seconds
[2026-03-29T23:58:21.904+0000] {processor.py:161} INFO - Started process (PID=71014) to work on /opt/airflow/dags/tmdb_daily_dag.py
[2026-03-29T23:58:21.910+0000] {processor.py:830} INFO - Processing file /opt/airflow/dags/tmdb_daily_dag.py for tasks to queue
[2026-03-29T23:58:21.911+0000] {logging_mixin.py:188} INFO - [2026-03-29T23:58:21.911+0000] {dagbag.py:545} INFO - Filling up the DagBag from /opt/airflow/dags/tmdb_daily_dag.py
[2026-03-29T23:58:21.960+0000] {processor.py:840} INFO - DAG(s) 'tmdb_raw_pipeline' retrieved from /opt/airflow/dags/tmdb_daily_dag.py
[2026-03-29T23:58:21.975+0000] {logging_mixin.py:188} INFO - [2026-03-29T23:58:21.974+0000] {dag.py:3096} INFO - Sync 1 DAGs
[2026-03-29T23:58:22.000+0000] {logging_mixin.py:188} INFO - [2026-03-29T23:58:21.999+0000] {dag.py:3954} INFO - Setting next_dagrun for tmdb_raw_pipeline to 2026-03-29 00:00:00+00:00, run_after=2026-03-30 00:00:00+00:00
[2026-03-29T23:58:22.010+0000] {processor.py:183} INFO - Processing /opt/airflow/dags/tmdb_daily_dag.py took 0.116 seconds
[2026-03-29T23:58:52.441+0000] {processor.py:161} INFO - Started process (PID=71035) to work on /opt/airflow/dags/tmdb_daily_dag.py
[2026-03-29T23:58:52.443+0000] {processor.py:830} INFO - Processing file /opt/airflow/dags/tmdb_daily_dag.py for tasks to queue
[2026-03-29T23:58:52.444+0000] {logging_mixin.py:188} INFO - [2026-03-29T23:58:52.443+0000] {dagbag.py:545} INFO - Filling up the DagBag from /opt/airflow/dags/tmdb_daily_dag.py
[2026-03-29T23:58:52.479+0000] {processor.py:840} INFO - DAG(s) 'tmdb_raw_pipeline' retrieved from /opt/airflow/dags/tmdb_daily_dag.py
[2026-03-29T23:58:52.492+0000] {logging_mixin.py:188} INFO - [2026-03-29T23:58:52.491+0000] {dag.py:3096} INFO - Sync 1 DAGs
[2026-03-29T23:58:52.508+0000] {logging_mixin.py:188} INFO - [2026-03-29T23:58:52.508+0000] {dag.py:3954} INFO - Setting next_dagrun for tmdb_raw_pipeline to 2026-03-29 00:00:00+00:00, run_after=2026-03-30 00:00:00+00:00
[2026-03-29T23:58:52.515+0000] {processor.py:183} INFO - Processing /opt/airflow/dags/tmdb_daily_dag.py took 0.081 seconds
[2026-03-29T23:59:23.055+0000] {processor.py:161} INFO - Started process (PID=71055) to work on /opt/airflow/dags/tmdb_daily_dag.py
[2026-03-29T23:59:23.059+0000] {processor.py:830} INFO - Processing file /opt/airflow/dags/tmdb_daily_dag.py for tasks to queue
[2026-03-29T23:59:23.060+0000] {logging_mixin.py:188} INFO - [2026-03-29T23:59:23.059+0000] {dagbag.py:545} INFO - Filling up the DagBag from /opt/airflow/dags/tmdb_daily_dag.py
[2026-03-29T23:59:23.104+0000] {processor.py:840} INFO - DAG(s) 'tmdb_raw_pipeline' retrieved from /opt/airflow/dags/tmdb_daily_dag.py
[2026-03-29T23:59:23.118+0000] {logging_mixin.py:188} INFO - [2026-03-29T23:59:23.118+0000] {dag.py:3096} INFO - Sync 1 DAGs
[2026-03-29T23:59:23.135+0000] {logging_mixin.py:188} INFO - [2026-03-29T23:59:23.135+0000] {dag.py:3954} INFO - Setting next_dagrun for tmdb_raw_pipeline to 2026-03-29 00:00:00+00:00, run_after=2026-03-30 00:00:00+00:00
[2026-03-29T23:59:23.150+0000] {processor.py:183} INFO - Processing /opt/airflow/dags/tmdb_daily_dag.py took 0.102 seconds
[2026-03-29T23:59:53.680+0000] {processor.py:161} INFO - Started process (PID=71075) to work on /opt/airflow/dags/tmdb_daily_dag.py
[2026-03-29T23:59:53.683+0000] {processor.py:830} INFO - Processing file /opt/airflow/dags/tmdb_daily_dag.py for tasks to queue
[2026-03-29T23:59:53.684+0000] {logging_mixin.py:188} INFO - [2026-03-29T23:59:53.683+0000] {dagbag.py:545} INFO - Filling up the DagBag from /opt/airflow/dags/tmdb_daily_dag.py
[2026-03-29T23:59:53.735+0000] {processor.py:840} INFO - DAG(s) 'tmdb_raw_pipeline' retrieved from /opt/airflow/dags/tmdb_daily_dag.py
[2026-03-29T23:59:53.755+0000] {logging_mixin.py:188} INFO - [2026-03-29T23:59:53.755+0000] {dag.py:3096} INFO - Sync 1 DAGs
[2026-03-29T23:59:53.779+0000] {logging_mixin.py:188} INFO - [2026-03-29T23:59:53.779+0000] {dag.py:3954} INFO - Setting next_dagrun for tmdb_raw_pipeline to 2026-03-29 00:00:00+00:00, run_after=2026-03-30 00:00:00+00:00
[2026-03-29T23:59:53.795+0000] {processor.py:183} INFO - Processing /opt/airflow/dags/tmdb_daily_dag.py took 0.122 seconds
