[2026-03-22T16:33:37.562+0000] {processor.py:161} INFO - Started process (PID=2538) to work on /opt/airflow/dags/tmdb_pipeline_to_mart.py
[2026-03-22T16:33:37.563+0000] {processor.py:830} INFO - Processing file /opt/airflow/dags/tmdb_pipeline_to_mart.py for tasks to queue
[2026-03-22T16:33:37.564+0000] {logging_mixin.py:188} INFO - [2026-03-22T16:33:37.564+0000] {dagbag.py:545} INFO - Filling up the DagBag from /opt/airflow/dags/tmdb_pipeline_to_mart.py
[2026-03-22T16:33:37.580+0000] {processor.py:840} INFO - DAG(s) 'tmdb_mart_pipeline' retrieved from /opt/airflow/dags/tmdb_pipeline_to_mart.py
[2026-03-22T16:33:37.665+0000] {logging_mixin.py:188} INFO - [2026-03-22T16:33:37.664+0000] {override.py:1829} INFO - Created Permission View: can read on DAG:tmdb_mart_pipeline
[2026-03-22T16:33:37.667+0000] {logging_mixin.py:188} INFO - [2026-03-22T16:33:37.667+0000] {override.py:1829} INFO - Created Permission View: can delete on DAG:tmdb_mart_pipeline
[2026-03-22T16:33:37.669+0000] {logging_mixin.py:188} INFO - [2026-03-22T16:33:37.669+0000] {override.py:1829} INFO - Created Permission View: can edit on DAG:tmdb_mart_pipeline
[2026-03-22T16:33:37.670+0000] {logging_mixin.py:188} INFO - [2026-03-22T16:33:37.669+0000] {dag.py:3096} INFO - Sync 1 DAGs
[2026-03-22T16:33:37.674+0000] {logging_mixin.py:188} INFO - [2026-03-22T16:33:37.673+0000] {dag.py:3118} INFO - Creating ORM DAG for tmdb_mart_pipeline
[2026-03-22T16:33:37.674+0000] {logging_mixin.py:188} INFO - [2026-03-22T16:33:37.674+0000] {dag.py:3954} INFO - Setting next_dagrun for tmdb_mart_pipeline to None, run_after=None
[2026-03-22T16:33:37.678+0000] {processor.py:183} INFO - Processing /opt/airflow/dags/tmdb_pipeline_to_mart.py took 0.125 seconds
[2026-03-22T16:34:08.097+0000] {processor.py:161} INFO - Started process (PID=2558) to work on /opt/airflow/dags/tmdb_pipeline_to_mart.py
[2026-03-22T16:34:08.100+0000] {processor.py:830} INFO - Processing file /opt/airflow/dags/tmdb_pipeline_to_mart.py for tasks to queue
[2026-03-22T16:34:08.101+0000] {logging_mixin.py:188} INFO - [2026-03-22T16:34:08.100+0000] {dagbag.py:545} INFO - Filling up the DagBag from /opt/airflow/dags/tmdb_pipeline_to_mart.py
[2026-03-22T16:34:08.109+0000] {processor.py:840} INFO - DAG(s) 'tmdb_mart_pipeline' retrieved from /opt/airflow/dags/tmdb_pipeline_to_mart.py
[2026-03-22T16:34:08.133+0000] {logging_mixin.py:188} INFO - [2026-03-22T16:34:08.132+0000] {dag.py:3096} INFO - Sync 1 DAGs
[2026-03-22T16:34:08.144+0000] {logging_mixin.py:188} INFO - [2026-03-22T16:34:08.143+0000] {dag.py:3954} INFO - Setting next_dagrun for tmdb_mart_pipeline to None, run_after=None
[2026-03-22T16:34:08.159+0000] {processor.py:183} INFO - Processing /opt/airflow/dags/tmdb_pipeline_to_mart.py took 0.083 seconds
[2026-03-22T16:34:38.583+0000] {processor.py:161} INFO - Started process (PID=2578) to work on /opt/airflow/dags/tmdb_pipeline_to_mart.py
[2026-03-22T16:34:38.584+0000] {processor.py:830} INFO - Processing file /opt/airflow/dags/tmdb_pipeline_to_mart.py for tasks to queue
[2026-03-22T16:34:38.585+0000] {logging_mixin.py:188} INFO - [2026-03-22T16:34:38.585+0000] {dagbag.py:545} INFO - Filling up the DagBag from /opt/airflow/dags/tmdb_pipeline_to_mart.py
[2026-03-22T16:34:38.594+0000] {processor.py:840} INFO - DAG(s) 'tmdb_mart_pipeline' retrieved from /opt/airflow/dags/tmdb_pipeline_to_mart.py
[2026-03-22T16:34:38.619+0000] {logging_mixin.py:188} INFO - [2026-03-22T16:34:38.619+0000] {dag.py:3096} INFO - Sync 1 DAGs
[2026-03-22T16:34:38.628+0000] {logging_mixin.py:188} INFO - [2026-03-22T16:34:38.628+0000] {dag.py:3954} INFO - Setting next_dagrun for tmdb_mart_pipeline to None, run_after=None
[2026-03-22T16:34:38.651+0000] {processor.py:183} INFO - Processing /opt/airflow/dags/tmdb_pipeline_to_mart.py took 0.074 seconds
[2026-03-22T16:35:09.027+0000] {processor.py:161} INFO - Started process (PID=2598) to work on /opt/airflow/dags/tmdb_pipeline_to_mart.py
[2026-03-22T16:35:09.029+0000] {processor.py:830} INFO - Processing file /opt/airflow/dags/tmdb_pipeline_to_mart.py for tasks to queue
[2026-03-22T16:35:09.030+0000] {logging_mixin.py:188} INFO - [2026-03-22T16:35:09.030+0000] {dagbag.py:545} INFO - Filling up the DagBag from /opt/airflow/dags/tmdb_pipeline_to_mart.py
[2026-03-22T16:35:09.036+0000] {processor.py:840} INFO - DAG(s) 'tmdb_mart_pipeline' retrieved from /opt/airflow/dags/tmdb_pipeline_to_mart.py
[2026-03-22T16:35:09.055+0000] {logging_mixin.py:188} INFO - [2026-03-22T16:35:09.055+0000] {dag.py:3096} INFO - Sync 1 DAGs
[2026-03-22T16:35:09.067+0000] {logging_mixin.py:188} INFO - [2026-03-22T16:35:09.067+0000] {dag.py:3954} INFO - Setting next_dagrun for tmdb_mart_pipeline to None, run_after=None
[2026-03-22T16:35:09.087+0000] {processor.py:183} INFO - Processing /opt/airflow/dags/tmdb_pipeline_to_mart.py took 0.066 seconds
[2026-03-22T16:35:39.593+0000] {processor.py:161} INFO - Started process (PID=2618) to work on /opt/airflow/dags/tmdb_pipeline_to_mart.py
[2026-03-22T16:35:39.599+0000] {processor.py:830} INFO - Processing file /opt/airflow/dags/tmdb_pipeline_to_mart.py for tasks to queue
[2026-03-22T16:35:39.601+0000] {logging_mixin.py:188} INFO - [2026-03-22T16:35:39.600+0000] {dagbag.py:545} INFO - Filling up the DagBag from /opt/airflow/dags/tmdb_pipeline_to_mart.py
[2026-03-22T16:35:39.631+0000] {processor.py:840} INFO - DAG(s) 'tmdb_mart_pipeline' retrieved from /opt/airflow/dags/tmdb_pipeline_to_mart.py
[2026-03-22T16:35:39.695+0000] {logging_mixin.py:188} INFO - [2026-03-22T16:35:39.695+0000] {dag.py:3096} INFO - Sync 1 DAGs
[2026-03-22T16:35:39.706+0000] {logging_mixin.py:188} INFO - [2026-03-22T16:35:39.705+0000] {dag.py:3954} INFO - Setting next_dagrun for tmdb_mart_pipeline to None, run_after=None
[2026-03-22T16:35:39.718+0000] {processor.py:183} INFO - Processing /opt/airflow/dags/tmdb_pipeline_to_mart.py took 0.143 seconds
[2026-03-22T16:36:10.148+0000] {processor.py:161} INFO - Started process (PID=2638) to work on /opt/airflow/dags/tmdb_pipeline_to_mart.py
[2026-03-22T16:36:10.149+0000] {processor.py:830} INFO - Processing file /opt/airflow/dags/tmdb_pipeline_to_mart.py for tasks to queue
[2026-03-22T16:36:10.150+0000] {logging_mixin.py:188} INFO - [2026-03-22T16:36:10.150+0000] {dagbag.py:545} INFO - Filling up the DagBag from /opt/airflow/dags/tmdb_pipeline_to_mart.py
[2026-03-22T16:36:10.157+0000] {processor.py:840} INFO - DAG(s) 'tmdb_mart_pipeline' retrieved from /opt/airflow/dags/tmdb_pipeline_to_mart.py
[2026-03-22T16:36:10.174+0000] {logging_mixin.py:188} INFO - [2026-03-22T16:36:10.174+0000] {dag.py:3096} INFO - Sync 1 DAGs
[2026-03-22T16:36:10.182+0000] {logging_mixin.py:188} INFO - [2026-03-22T16:36:10.182+0000] {dag.py:3954} INFO - Setting next_dagrun for tmdb_mart_pipeline to None, run_after=None
[2026-03-22T16:36:10.202+0000] {processor.py:183} INFO - Processing /opt/airflow/dags/tmdb_pipeline_to_mart.py took 0.059 seconds
[2026-03-22T16:36:40.650+0000] {processor.py:161} INFO - Started process (PID=2658) to work on /opt/airflow/dags/tmdb_pipeline_to_mart.py
[2026-03-22T16:36:40.651+0000] {processor.py:830} INFO - Processing file /opt/airflow/dags/tmdb_pipeline_to_mart.py for tasks to queue
[2026-03-22T16:36:40.652+0000] {logging_mixin.py:188} INFO - [2026-03-22T16:36:40.651+0000] {dagbag.py:545} INFO - Filling up the DagBag from /opt/airflow/dags/tmdb_pipeline_to_mart.py
[2026-03-22T16:36:40.660+0000] {processor.py:840} INFO - DAG(s) 'tmdb_mart_pipeline' retrieved from /opt/airflow/dags/tmdb_pipeline_to_mart.py
[2026-03-22T16:36:40.682+0000] {logging_mixin.py:188} INFO - [2026-03-22T16:36:40.682+0000] {dag.py:3096} INFO - Sync 1 DAGs
[2026-03-22T16:36:40.691+0000] {logging_mixin.py:188} INFO - [2026-03-22T16:36:40.691+0000] {dag.py:3954} INFO - Setting next_dagrun for tmdb_mart_pipeline to None, run_after=None
[2026-03-22T16:36:40.705+0000] {processor.py:183} INFO - Processing /opt/airflow/dags/tmdb_pipeline_to_mart.py took 0.060 seconds
[2026-03-22T16:37:11.140+0000] {processor.py:161} INFO - Started process (PID=2678) to work on /opt/airflow/dags/tmdb_pipeline_to_mart.py
[2026-03-22T16:37:11.141+0000] {processor.py:830} INFO - Processing file /opt/airflow/dags/tmdb_pipeline_to_mart.py for tasks to queue
[2026-03-22T16:37:11.142+0000] {logging_mixin.py:188} INFO - [2026-03-22T16:37:11.142+0000] {dagbag.py:545} INFO - Filling up the DagBag from /opt/airflow/dags/tmdb_pipeline_to_mart.py
[2026-03-22T16:37:11.148+0000] {processor.py:840} INFO - DAG(s) 'tmdb_mart_pipeline' retrieved from /opt/airflow/dags/tmdb_pipeline_to_mart.py
[2026-03-22T16:37:11.167+0000] {logging_mixin.py:188} INFO - [2026-03-22T16:37:11.167+0000] {dag.py:3096} INFO - Sync 1 DAGs
[2026-03-22T16:37:11.177+0000] {logging_mixin.py:188} INFO - [2026-03-22T16:37:11.176+0000] {dag.py:3954} INFO - Setting next_dagrun for tmdb_mart_pipeline to None, run_after=None
[2026-03-22T16:37:11.195+0000] {processor.py:183} INFO - Processing /opt/airflow/dags/tmdb_pipeline_to_mart.py took 0.062 seconds
[2026-03-22T16:37:41.640+0000] {processor.py:161} INFO - Started process (PID=2698) to work on /opt/airflow/dags/tmdb_pipeline_to_mart.py
[2026-03-22T16:37:41.642+0000] {processor.py:830} INFO - Processing file /opt/airflow/dags/tmdb_pipeline_to_mart.py for tasks to queue
[2026-03-22T16:37:41.643+0000] {logging_mixin.py:188} INFO - [2026-03-22T16:37:41.643+0000] {dagbag.py:545} INFO - Filling up the DagBag from /opt/airflow/dags/tmdb_pipeline_to_mart.py
[2026-03-22T16:37:41.657+0000] {processor.py:840} INFO - DAG(s) 'tmdb_mart_pipeline' retrieved from /opt/airflow/dags/tmdb_pipeline_to_mart.py
[2026-03-22T16:37:41.684+0000] {logging_mixin.py:188} INFO - [2026-03-22T16:37:41.684+0000] {dag.py:3096} INFO - Sync 1 DAGs
[2026-03-22T16:37:41.705+0000] {logging_mixin.py:188} INFO - [2026-03-22T16:37:41.705+0000] {dag.py:3954} INFO - Setting next_dagrun for tmdb_mart_pipeline to None, run_after=None
[2026-03-22T16:37:41.729+0000] {processor.py:183} INFO - Processing /opt/airflow/dags/tmdb_pipeline_to_mart.py took 0.095 seconds
[2026-03-22T16:38:12.160+0000] {processor.py:161} INFO - Started process (PID=2718) to work on /opt/airflow/dags/tmdb_pipeline_to_mart.py
[2026-03-22T16:38:12.166+0000] {processor.py:830} INFO - Processing file /opt/airflow/dags/tmdb_pipeline_to_mart.py for tasks to queue
[2026-03-22T16:38:12.167+0000] {logging_mixin.py:188} INFO - [2026-03-22T16:38:12.166+0000] {dagbag.py:545} INFO - Filling up the DagBag from /opt/airflow/dags/tmdb_pipeline_to_mart.py
[2026-03-22T16:38:12.179+0000] {processor.py:840} INFO - DAG(s) 'tmdb_mart_pipeline' retrieved from /opt/airflow/dags/tmdb_pipeline_to_mart.py
[2026-03-22T16:38:12.199+0000] {logging_mixin.py:188} INFO - [2026-03-22T16:38:12.199+0000] {dag.py:3096} INFO - Sync 1 DAGs
[2026-03-22T16:38:12.208+0000] {logging_mixin.py:188} INFO - [2026-03-22T16:38:12.208+0000] {dag.py:3954} INFO - Setting next_dagrun for tmdb_mart_pipeline to None, run_after=None
[2026-03-22T16:38:12.224+0000] {processor.py:183} INFO - Processing /opt/airflow/dags/tmdb_pipeline_to_mart.py took 0.072 seconds
[2026-03-22T16:38:42.677+0000] {processor.py:161} INFO - Started process (PID=2740) to work on /opt/airflow/dags/tmdb_pipeline_to_mart.py
[2026-03-22T16:38:42.679+0000] {processor.py:830} INFO - Processing file /opt/airflow/dags/tmdb_pipeline_to_mart.py for tasks to queue
[2026-03-22T16:38:42.680+0000] {logging_mixin.py:188} INFO - [2026-03-22T16:38:42.679+0000] {dagbag.py:545} INFO - Filling up the DagBag from /opt/airflow/dags/tmdb_pipeline_to_mart.py
[2026-03-22T16:38:42.692+0000] {processor.py:840} INFO - DAG(s) 'tmdb_mart_pipeline' retrieved from /opt/airflow/dags/tmdb_pipeline_to_mart.py
[2026-03-22T16:38:42.747+0000] {logging_mixin.py:188} INFO - [2026-03-22T16:38:42.747+0000] {dag.py:3096} INFO - Sync 1 DAGs
[2026-03-22T16:38:42.774+0000] {logging_mixin.py:188} INFO - [2026-03-22T16:38:42.773+0000] {dag.py:3954} INFO - Setting next_dagrun for tmdb_mart_pipeline to None, run_after=None
[2026-03-22T16:38:42.798+0000] {processor.py:183} INFO - Processing /opt/airflow/dags/tmdb_pipeline_to_mart.py took 0.129 seconds
[2026-03-22T16:39:13.170+0000] {processor.py:161} INFO - Started process (PID=2760) to work on /opt/airflow/dags/tmdb_pipeline_to_mart.py
[2026-03-22T16:39:13.174+0000] {processor.py:830} INFO - Processing file /opt/airflow/dags/tmdb_pipeline_to_mart.py for tasks to queue
[2026-03-22T16:39:13.176+0000] {logging_mixin.py:188} INFO - [2026-03-22T16:39:13.176+0000] {dagbag.py:545} INFO - Filling up the DagBag from /opt/airflow/dags/tmdb_pipeline_to_mart.py
[2026-03-22T16:39:13.257+0000] {processor.py:840} INFO - DAG(s) 'tmdb_mart_pipeline' retrieved from /opt/airflow/dags/tmdb_pipeline_to_mart.py
[2026-03-22T16:39:13.345+0000] {logging_mixin.py:188} INFO - [2026-03-22T16:39:13.345+0000] {dag.py:3096} INFO - Sync 1 DAGs
[2026-03-22T16:39:13.369+0000] {logging_mixin.py:188} INFO - [2026-03-22T16:39:13.369+0000] {dag.py:3954} INFO - Setting next_dagrun for tmdb_mart_pipeline to None, run_after=None
[2026-03-22T16:39:13.383+0000] {processor.py:183} INFO - Processing /opt/airflow/dags/tmdb_pipeline_to_mart.py took 0.221 seconds
[2026-03-22T16:39:43.810+0000] {processor.py:161} INFO - Started process (PID=2780) to work on /opt/airflow/dags/tmdb_pipeline_to_mart.py
[2026-03-22T16:39:43.811+0000] {processor.py:830} INFO - Processing file /opt/airflow/dags/tmdb_pipeline_to_mart.py for tasks to queue
[2026-03-22T16:39:43.813+0000] {logging_mixin.py:188} INFO - [2026-03-22T16:39:43.813+0000] {dagbag.py:545} INFO - Filling up the DagBag from /opt/airflow/dags/tmdb_pipeline_to_mart.py
[2026-03-22T16:39:43.820+0000] {processor.py:840} INFO - DAG(s) 'tmdb_mart_pipeline' retrieved from /opt/airflow/dags/tmdb_pipeline_to_mart.py
[2026-03-22T16:39:43.850+0000] {logging_mixin.py:188} INFO - [2026-03-22T16:39:43.849+0000] {dag.py:3096} INFO - Sync 1 DAGs
[2026-03-22T16:39:43.858+0000] {logging_mixin.py:188} INFO - [2026-03-22T16:39:43.858+0000] {dag.py:3954} INFO - Setting next_dagrun for tmdb_mart_pipeline to None, run_after=None
[2026-03-22T16:39:43.881+0000] {processor.py:183} INFO - Processing /opt/airflow/dags/tmdb_pipeline_to_mart.py took 0.086 seconds
[2026-03-22T16:40:14.264+0000] {processor.py:161} INFO - Started process (PID=2800) to work on /opt/airflow/dags/tmdb_pipeline_to_mart.py
[2026-03-22T16:40:14.269+0000] {processor.py:830} INFO - Processing file /opt/airflow/dags/tmdb_pipeline_to_mart.py for tasks to queue
[2026-03-22T16:40:14.270+0000] {logging_mixin.py:188} INFO - [2026-03-22T16:40:14.270+0000] {dagbag.py:545} INFO - Filling up the DagBag from /opt/airflow/dags/tmdb_pipeline_to_mart.py
[2026-03-22T16:40:14.275+0000] {processor.py:840} INFO - DAG(s) 'tmdb_mart_pipeline' retrieved from /opt/airflow/dags/tmdb_pipeline_to_mart.py
[2026-03-22T16:40:14.300+0000] {logging_mixin.py:188} INFO - [2026-03-22T16:40:14.300+0000] {dag.py:3096} INFO - Sync 1 DAGs
[2026-03-22T16:40:14.311+0000] {logging_mixin.py:188} INFO - [2026-03-22T16:40:14.311+0000] {dag.py:3954} INFO - Setting next_dagrun for tmdb_mart_pipeline to None, run_after=None
[2026-03-22T16:40:14.332+0000] {processor.py:183} INFO - Processing /opt/airflow/dags/tmdb_pipeline_to_mart.py took 0.080 seconds
[2026-03-22T16:40:44.722+0000] {processor.py:161} INFO - Started process (PID=2820) to work on /opt/airflow/dags/tmdb_pipeline_to_mart.py
[2026-03-22T16:40:44.723+0000] {processor.py:830} INFO - Processing file /opt/airflow/dags/tmdb_pipeline_to_mart.py for tasks to queue
[2026-03-22T16:40:44.724+0000] {logging_mixin.py:188} INFO - [2026-03-22T16:40:44.723+0000] {dagbag.py:545} INFO - Filling up the DagBag from /opt/airflow/dags/tmdb_pipeline_to_mart.py
[2026-03-22T16:40:44.730+0000] {processor.py:840} INFO - DAG(s) 'tmdb_mart_pipeline' retrieved from /opt/airflow/dags/tmdb_pipeline_to_mart.py
[2026-03-22T16:40:44.756+0000] {logging_mixin.py:188} INFO - [2026-03-22T16:40:44.756+0000] {dag.py:3096} INFO - Sync 1 DAGs
[2026-03-22T16:40:44.762+0000] {logging_mixin.py:188} INFO - [2026-03-22T16:40:44.762+0000] {dag.py:3954} INFO - Setting next_dagrun for tmdb_mart_pipeline to None, run_after=None
[2026-03-22T16:40:44.773+0000] {processor.py:183} INFO - Processing /opt/airflow/dags/tmdb_pipeline_to_mart.py took 0.057 seconds
[2026-03-22T16:41:15.289+0000] {processor.py:161} INFO - Started process (PID=2840) to work on /opt/airflow/dags/tmdb_pipeline_to_mart.py
[2026-03-22T16:41:15.290+0000] {processor.py:830} INFO - Processing file /opt/airflow/dags/tmdb_pipeline_to_mart.py for tasks to queue
[2026-03-22T16:41:15.291+0000] {logging_mixin.py:188} INFO - [2026-03-22T16:41:15.291+0000] {dagbag.py:545} INFO - Filling up the DagBag from /opt/airflow/dags/tmdb_pipeline_to_mart.py
[2026-03-22T16:41:15.297+0000] {processor.py:840} INFO - DAG(s) 'tmdb_mart_pipeline' retrieved from /opt/airflow/dags/tmdb_pipeline_to_mart.py
[2026-03-22T16:41:15.315+0000] {logging_mixin.py:188} INFO - [2026-03-22T16:41:15.315+0000] {dag.py:3096} INFO - Sync 1 DAGs
[2026-03-22T16:41:15.325+0000] {logging_mixin.py:188} INFO - [2026-03-22T16:41:15.325+0000] {dag.py:3954} INFO - Setting next_dagrun for tmdb_mart_pipeline to None, run_after=None
[2026-03-22T16:41:15.338+0000] {processor.py:183} INFO - Processing /opt/airflow/dags/tmdb_pipeline_to_mart.py took 0.055 seconds
[2026-03-22T16:41:57.425+0000] {processor.py:161} INFO - Started process (PID=2852) to work on /opt/airflow/dags/tmdb_pipeline_to_mart.py
[2026-03-22T16:41:57.438+0000] {processor.py:830} INFO - Processing file /opt/airflow/dags/tmdb_pipeline_to_mart.py for tasks to queue
[2026-03-22T16:41:57.441+0000] {logging_mixin.py:188} INFO - [2026-03-22T16:41:57.440+0000] {dagbag.py:545} INFO - Filling up the DagBag from /opt/airflow/dags/tmdb_pipeline_to_mart.py
[2026-03-22T16:41:57.467+0000] {processor.py:840} INFO - DAG(s) 'tmdb_mart_pipeline' retrieved from /opt/airflow/dags/tmdb_pipeline_to_mart.py
[2026-03-22T16:41:57.692+0000] {logging_mixin.py:188} INFO - [2026-03-22T16:41:57.692+0000] {dag.py:3096} INFO - Sync 1 DAGs
[2026-03-22T16:41:57.711+0000] {logging_mixin.py:188} INFO - [2026-03-22T16:41:57.711+0000] {dag.py:3954} INFO - Setting next_dagrun for tmdb_mart_pipeline to None, run_after=None
[2026-03-22T16:41:57.728+0000] {processor.py:183} INFO - Processing /opt/airflow/dags/tmdb_pipeline_to_mart.py took 0.332 seconds
[2026-03-22T16:42:28.296+0000] {processor.py:161} INFO - Started process (PID=2872) to work on /opt/airflow/dags/tmdb_pipeline_to_mart.py
[2026-03-22T16:42:28.298+0000] {processor.py:830} INFO - Processing file /opt/airflow/dags/tmdb_pipeline_to_mart.py for tasks to queue
[2026-03-22T16:42:28.300+0000] {logging_mixin.py:188} INFO - [2026-03-22T16:42:28.300+0000] {dagbag.py:545} INFO - Filling up the DagBag from /opt/airflow/dags/tmdb_pipeline_to_mart.py
[2026-03-22T16:42:28.323+0000] {processor.py:840} INFO - DAG(s) 'tmdb_mart_pipeline' retrieved from /opt/airflow/dags/tmdb_pipeline_to_mart.py
[2026-03-22T16:42:28.349+0000] {logging_mixin.py:188} INFO - [2026-03-22T16:42:28.349+0000] {dag.py:3096} INFO - Sync 1 DAGs
[2026-03-22T16:42:28.360+0000] {logging_mixin.py:188} INFO - [2026-03-22T16:42:28.360+0000] {dag.py:3954} INFO - Setting next_dagrun for tmdb_mart_pipeline to None, run_after=None
[2026-03-22T16:42:28.374+0000] {processor.py:183} INFO - Processing /opt/airflow/dags/tmdb_pipeline_to_mart.py took 0.090 seconds
[2026-03-22T16:42:58.811+0000] {processor.py:161} INFO - Started process (PID=2892) to work on /opt/airflow/dags/tmdb_pipeline_to_mart.py
[2026-03-22T16:42:58.813+0000] {processor.py:830} INFO - Processing file /opt/airflow/dags/tmdb_pipeline_to_mart.py for tasks to queue
[2026-03-22T16:42:58.814+0000] {logging_mixin.py:188} INFO - [2026-03-22T16:42:58.814+0000] {dagbag.py:545} INFO - Filling up the DagBag from /opt/airflow/dags/tmdb_pipeline_to_mart.py
[2026-03-22T16:42:58.831+0000] {processor.py:840} INFO - DAG(s) 'tmdb_mart_pipeline' retrieved from /opt/airflow/dags/tmdb_pipeline_to_mart.py
[2026-03-22T16:42:58.859+0000] {logging_mixin.py:188} INFO - [2026-03-22T16:42:58.859+0000] {dag.py:3096} INFO - Sync 1 DAGs
[2026-03-22T16:42:58.876+0000] {logging_mixin.py:188} INFO - [2026-03-22T16:42:58.876+0000] {dag.py:3954} INFO - Setting next_dagrun for tmdb_mart_pipeline to None, run_after=None
[2026-03-22T16:42:58.890+0000] {processor.py:183} INFO - Processing /opt/airflow/dags/tmdb_pipeline_to_mart.py took 0.090 seconds
[2026-03-22T16:43:29.352+0000] {processor.py:161} INFO - Started process (PID=2912) to work on /opt/airflow/dags/tmdb_pipeline_to_mart.py
[2026-03-22T16:43:29.356+0000] {processor.py:830} INFO - Processing file /opt/airflow/dags/tmdb_pipeline_to_mart.py for tasks to queue
[2026-03-22T16:43:29.357+0000] {logging_mixin.py:188} INFO - [2026-03-22T16:43:29.357+0000] {dagbag.py:545} INFO - Filling up the DagBag from /opt/airflow/dags/tmdb_pipeline_to_mart.py
[2026-03-22T16:43:29.379+0000] {processor.py:840} INFO - DAG(s) 'tmdb_mart_pipeline' retrieved from /opt/airflow/dags/tmdb_pipeline_to_mart.py
[2026-03-22T16:43:29.436+0000] {logging_mixin.py:188} INFO - [2026-03-22T16:43:29.436+0000] {dag.py:3096} INFO - Sync 1 DAGs
[2026-03-22T16:43:29.456+0000] {logging_mixin.py:188} INFO - [2026-03-22T16:43:29.455+0000] {dag.py:3954} INFO - Setting next_dagrun for tmdb_mart_pipeline to None, run_after=None
[2026-03-22T16:43:29.472+0000] {processor.py:183} INFO - Processing /opt/airflow/dags/tmdb_pipeline_to_mart.py took 0.130 seconds
[2026-03-22T16:44:00.145+0000] {processor.py:161} INFO - Started process (PID=2932) to work on /opt/airflow/dags/tmdb_pipeline_to_mart.py
[2026-03-22T16:44:00.149+0000] {processor.py:830} INFO - Processing file /opt/airflow/dags/tmdb_pipeline_to_mart.py for tasks to queue
[2026-03-22T16:44:00.151+0000] {logging_mixin.py:188} INFO - [2026-03-22T16:44:00.150+0000] {dagbag.py:545} INFO - Filling up the DagBag from /opt/airflow/dags/tmdb_pipeline_to_mart.py
[2026-03-22T16:44:00.180+0000] {processor.py:840} INFO - DAG(s) 'tmdb_mart_pipeline' retrieved from /opt/airflow/dags/tmdb_pipeline_to_mart.py
[2026-03-22T16:44:00.323+0000] {logging_mixin.py:188} INFO - [2026-03-22T16:44:00.323+0000] {dag.py:3096} INFO - Sync 1 DAGs
[2026-03-22T16:44:00.676+0000] {logging_mixin.py:188} INFO - [2026-03-22T16:44:00.673+0000] {dag.py:3954} INFO - Setting next_dagrun for tmdb_mart_pipeline to None, run_after=None
[2026-03-22T16:44:00.825+0000] {processor.py:183} INFO - Processing /opt/airflow/dags/tmdb_pipeline_to_mart.py took 0.696 seconds
[2026-03-22T16:44:31.607+0000] {processor.py:161} INFO - Started process (PID=2952) to work on /opt/airflow/dags/tmdb_pipeline_to_mart.py
[2026-03-22T16:44:31.610+0000] {processor.py:830} INFO - Processing file /opt/airflow/dags/tmdb_pipeline_to_mart.py for tasks to queue
[2026-03-22T16:44:31.612+0000] {logging_mixin.py:188} INFO - [2026-03-22T16:44:31.612+0000] {dagbag.py:545} INFO - Filling up the DagBag from /opt/airflow/dags/tmdb_pipeline_to_mart.py
[2026-03-22T16:44:31.630+0000] {processor.py:840} INFO - DAG(s) 'tmdb_mart_pipeline' retrieved from /opt/airflow/dags/tmdb_pipeline_to_mart.py
[2026-03-22T16:44:31.679+0000] {logging_mixin.py:188} INFO - [2026-03-22T16:44:31.679+0000] {dag.py:3096} INFO - Sync 1 DAGs
[2026-03-22T16:44:31.697+0000] {logging_mixin.py:188} INFO - [2026-03-22T16:44:31.697+0000] {dag.py:3954} INFO - Setting next_dagrun for tmdb_mart_pipeline to None, run_after=None
[2026-03-22T16:44:31.715+0000] {processor.py:183} INFO - Processing /opt/airflow/dags/tmdb_pipeline_to_mart.py took 0.127 seconds
[2026-03-22T16:45:02.125+0000] {processor.py:161} INFO - Started process (PID=2972) to work on /opt/airflow/dags/tmdb_pipeline_to_mart.py
[2026-03-22T16:45:02.128+0000] {processor.py:830} INFO - Processing file /opt/airflow/dags/tmdb_pipeline_to_mart.py for tasks to queue
[2026-03-22T16:45:02.128+0000] {logging_mixin.py:188} INFO - [2026-03-22T16:45:02.128+0000] {dagbag.py:545} INFO - Filling up the DagBag from /opt/airflow/dags/tmdb_pipeline_to_mart.py
[2026-03-22T16:45:02.151+0000] {processor.py:840} INFO - DAG(s) 'tmdb_mart_pipeline' retrieved from /opt/airflow/dags/tmdb_pipeline_to_mart.py
[2026-03-22T16:45:02.181+0000] {logging_mixin.py:188} INFO - [2026-03-22T16:45:02.181+0000] {dag.py:3096} INFO - Sync 1 DAGs
[2026-03-22T16:45:02.207+0000] {logging_mixin.py:188} INFO - [2026-03-22T16:45:02.202+0000] {dag.py:3954} INFO - Setting next_dagrun for tmdb_mart_pipeline to None, run_after=None
[2026-03-22T16:45:02.224+0000] {processor.py:183} INFO - Processing /opt/airflow/dags/tmdb_pipeline_to_mart.py took 0.107 seconds
[2026-03-22T16:45:32.602+0000] {processor.py:161} INFO - Started process (PID=2991) to work on /opt/airflow/dags/tmdb_pipeline_to_mart.py
[2026-03-22T16:45:32.604+0000] {processor.py:830} INFO - Processing file /opt/airflow/dags/tmdb_pipeline_to_mart.py for tasks to queue
[2026-03-22T16:45:32.605+0000] {logging_mixin.py:188} INFO - [2026-03-22T16:45:32.605+0000] {dagbag.py:545} INFO - Filling up the DagBag from /opt/airflow/dags/tmdb_pipeline_to_mart.py
[2026-03-22T16:45:32.621+0000] {processor.py:840} INFO - DAG(s) 'tmdb_mart_pipeline' retrieved from /opt/airflow/dags/tmdb_pipeline_to_mart.py
[2026-03-22T16:45:32.656+0000] {logging_mixin.py:188} INFO - [2026-03-22T16:45:32.656+0000] {dag.py:3096} INFO - Sync 1 DAGs
[2026-03-22T16:45:32.665+0000] {logging_mixin.py:188} INFO - [2026-03-22T16:45:32.665+0000] {dag.py:3954} INFO - Setting next_dagrun for tmdb_mart_pipeline to None, run_after=None
[2026-03-22T16:45:32.677+0000] {processor.py:183} INFO - Processing /opt/airflow/dags/tmdb_pipeline_to_mart.py took 0.085 seconds
[2026-03-22T16:46:03.094+0000] {processor.py:161} INFO - Started process (PID=3012) to work on /opt/airflow/dags/tmdb_pipeline_to_mart.py
[2026-03-22T16:46:03.097+0000] {processor.py:830} INFO - Processing file /opt/airflow/dags/tmdb_pipeline_to_mart.py for tasks to queue
[2026-03-22T16:46:03.099+0000] {logging_mixin.py:188} INFO - [2026-03-22T16:46:03.098+0000] {dagbag.py:545} INFO - Filling up the DagBag from /opt/airflow/dags/tmdb_pipeline_to_mart.py
[2026-03-22T16:46:03.116+0000] {processor.py:840} INFO - DAG(s) 'tmdb_mart_pipeline' retrieved from /opt/airflow/dags/tmdb_pipeline_to_mart.py
[2026-03-22T16:46:03.139+0000] {logging_mixin.py:188} INFO - [2026-03-22T16:46:03.139+0000] {dag.py:3096} INFO - Sync 1 DAGs
[2026-03-22T16:46:03.153+0000] {logging_mixin.py:188} INFO - [2026-03-22T16:46:03.153+0000] {dag.py:3954} INFO - Setting next_dagrun for tmdb_mart_pipeline to None, run_after=None
[2026-03-22T16:46:03.175+0000] {processor.py:183} INFO - Processing /opt/airflow/dags/tmdb_pipeline_to_mart.py took 0.087 seconds
[2026-03-22T16:46:33.590+0000] {processor.py:161} INFO - Started process (PID=3032) to work on /opt/airflow/dags/tmdb_pipeline_to_mart.py
[2026-03-22T16:46:33.592+0000] {processor.py:830} INFO - Processing file /opt/airflow/dags/tmdb_pipeline_to_mart.py for tasks to queue
[2026-03-22T16:46:33.593+0000] {logging_mixin.py:188} INFO - [2026-03-22T16:46:33.593+0000] {dagbag.py:545} INFO - Filling up the DagBag from /opt/airflow/dags/tmdb_pipeline_to_mart.py
[2026-03-22T16:46:33.616+0000] {processor.py:840} INFO - DAG(s) 'tmdb_mart_pipeline' retrieved from /opt/airflow/dags/tmdb_pipeline_to_mart.py
[2026-03-22T16:46:33.667+0000] {logging_mixin.py:188} INFO - [2026-03-22T16:46:33.667+0000] {dag.py:3096} INFO - Sync 1 DAGs
[2026-03-22T16:46:33.683+0000] {logging_mixin.py:188} INFO - [2026-03-22T16:46:33.682+0000] {dag.py:3954} INFO - Setting next_dagrun for tmdb_mart_pipeline to None, run_after=None
[2026-03-22T16:46:33.715+0000] {processor.py:183} INFO - Processing /opt/airflow/dags/tmdb_pipeline_to_mart.py took 0.133 seconds
[2026-03-22T16:47:04.571+0000] {processor.py:161} INFO - Started process (PID=3053) to work on /opt/airflow/dags/tmdb_pipeline_to_mart.py
[2026-03-22T16:47:04.579+0000] {processor.py:830} INFO - Processing file /opt/airflow/dags/tmdb_pipeline_to_mart.py for tasks to queue
[2026-03-22T16:47:04.589+0000] {logging_mixin.py:188} INFO - [2026-03-22T16:47:04.586+0000] {dagbag.py:545} INFO - Filling up the DagBag from /opt/airflow/dags/tmdb_pipeline_to_mart.py
[2026-03-22T16:47:04.726+0000] {processor.py:840} INFO - DAG(s) 'tmdb_mart_pipeline' retrieved from /opt/airflow/dags/tmdb_pipeline_to_mart.py
[2026-03-22T16:47:04.873+0000] {logging_mixin.py:188} INFO - [2026-03-22T16:47:04.872+0000] {dag.py:3096} INFO - Sync 1 DAGs
[2026-03-22T16:47:04.902+0000] {logging_mixin.py:188} INFO - [2026-03-22T16:47:04.902+0000] {dag.py:3954} INFO - Setting next_dagrun for tmdb_mart_pipeline to None, run_after=None
[2026-03-22T16:47:04.934+0000] {processor.py:183} INFO - Processing /opt/airflow/dags/tmdb_pipeline_to_mart.py took 0.421 seconds
[2026-03-22T16:47:35.646+0000] {processor.py:161} INFO - Started process (PID=3072) to work on /opt/airflow/dags/tmdb_pipeline_to_mart.py
[2026-03-22T16:47:35.648+0000] {processor.py:830} INFO - Processing file /opt/airflow/dags/tmdb_pipeline_to_mart.py for tasks to queue
[2026-03-22T16:47:35.649+0000] {logging_mixin.py:188} INFO - [2026-03-22T16:47:35.648+0000] {dagbag.py:545} INFO - Filling up the DagBag from /opt/airflow/dags/tmdb_pipeline_to_mart.py
[2026-03-22T16:47:35.662+0000] {processor.py:840} INFO - DAG(s) 'tmdb_mart_pipeline' retrieved from /opt/airflow/dags/tmdb_pipeline_to_mart.py
[2026-03-22T16:47:35.697+0000] {logging_mixin.py:188} INFO - [2026-03-22T16:47:35.697+0000] {dag.py:3096} INFO - Sync 1 DAGs
[2026-03-22T16:47:35.708+0000] {logging_mixin.py:188} INFO - [2026-03-22T16:47:35.708+0000] {dag.py:3954} INFO - Setting next_dagrun for tmdb_mart_pipeline to None, run_after=None
[2026-03-22T16:47:35.726+0000] {processor.py:183} INFO - Processing /opt/airflow/dags/tmdb_pipeline_to_mart.py took 0.087 seconds
[2026-03-22T16:48:06.097+0000] {processor.py:161} INFO - Started process (PID=3092) to work on /opt/airflow/dags/tmdb_pipeline_to_mart.py
[2026-03-22T16:48:06.101+0000] {processor.py:830} INFO - Processing file /opt/airflow/dags/tmdb_pipeline_to_mart.py for tasks to queue
[2026-03-22T16:48:06.103+0000] {logging_mixin.py:188} INFO - [2026-03-22T16:48:06.102+0000] {dagbag.py:545} INFO - Filling up the DagBag from /opt/airflow/dags/tmdb_pipeline_to_mart.py
[2026-03-22T16:48:06.139+0000] {processor.py:840} INFO - DAG(s) 'tmdb_mart_pipeline' retrieved from /opt/airflow/dags/tmdb_pipeline_to_mart.py
[2026-03-22T16:48:06.174+0000] {logging_mixin.py:188} INFO - [2026-03-22T16:48:06.173+0000] {dag.py:3096} INFO - Sync 1 DAGs
[2026-03-22T16:48:06.191+0000] {logging_mixin.py:188} INFO - [2026-03-22T16:48:06.191+0000] {dag.py:3954} INFO - Setting next_dagrun for tmdb_mart_pipeline to None, run_after=None
[2026-03-22T16:48:06.209+0000] {processor.py:183} INFO - Processing /opt/airflow/dags/tmdb_pipeline_to_mart.py took 0.118 seconds
[2026-03-22T16:48:37.134+0000] {processor.py:161} INFO - Started process (PID=3120) to work on /opt/airflow/dags/tmdb_pipeline_to_mart.py
[2026-03-22T16:48:37.135+0000] {processor.py:830} INFO - Processing file /opt/airflow/dags/tmdb_pipeline_to_mart.py for tasks to queue
[2026-03-22T16:48:37.136+0000] {logging_mixin.py:188} INFO - [2026-03-22T16:48:37.136+0000] {dagbag.py:545} INFO - Filling up the DagBag from /opt/airflow/dags/tmdb_pipeline_to_mart.py
[2026-03-22T16:48:37.140+0000] {processor.py:840} INFO - DAG(s) 'tmdb_mart_pipeline' retrieved from /opt/airflow/dags/tmdb_pipeline_to_mart.py
[2026-03-22T16:48:37.149+0000] {logging_mixin.py:188} INFO - [2026-03-22T16:48:37.149+0000] {dag.py:3096} INFO - Sync 1 DAGs
[2026-03-22T16:48:37.153+0000] {logging_mixin.py:188} INFO - [2026-03-22T16:48:37.153+0000] {dag.py:3954} INFO - Setting next_dagrun for tmdb_mart_pipeline to None, run_after=None
[2026-03-22T16:48:37.160+0000] {processor.py:183} INFO - Processing /opt/airflow/dags/tmdb_pipeline_to_mart.py took 0.030 seconds
[2026-03-22T16:49:07.575+0000] {processor.py:161} INFO - Started process (PID=3140) to work on /opt/airflow/dags/tmdb_pipeline_to_mart.py
[2026-03-22T16:49:07.575+0000] {processor.py:830} INFO - Processing file /opt/airflow/dags/tmdb_pipeline_to_mart.py for tasks to queue
[2026-03-22T16:49:07.576+0000] {logging_mixin.py:188} INFO - [2026-03-22T16:49:07.576+0000] {dagbag.py:545} INFO - Filling up the DagBag from /opt/airflow/dags/tmdb_pipeline_to_mart.py
[2026-03-22T16:49:07.584+0000] {processor.py:840} INFO - DAG(s) 'tmdb_mart_pipeline' retrieved from /opt/airflow/dags/tmdb_pipeline_to_mart.py
[2026-03-22T16:49:07.600+0000] {logging_mixin.py:188} INFO - [2026-03-22T16:49:07.600+0000] {dag.py:3096} INFO - Sync 1 DAGs
[2026-03-22T16:49:07.607+0000] {logging_mixin.py:188} INFO - [2026-03-22T16:49:07.607+0000] {dag.py:3954} INFO - Setting next_dagrun for tmdb_mart_pipeline to None, run_after=None
[2026-03-22T16:49:07.617+0000] {processor.py:183} INFO - Processing /opt/airflow/dags/tmdb_pipeline_to_mart.py took 0.045 seconds
[2026-03-22T16:49:38.114+0000] {processor.py:161} INFO - Started process (PID=3162) to work on /opt/airflow/dags/tmdb_pipeline_to_mart.py
[2026-03-22T16:49:38.115+0000] {processor.py:830} INFO - Processing file /opt/airflow/dags/tmdb_pipeline_to_mart.py for tasks to queue
[2026-03-22T16:49:38.115+0000] {logging_mixin.py:188} INFO - [2026-03-22T16:49:38.115+0000] {dagbag.py:545} INFO - Filling up the DagBag from /opt/airflow/dags/tmdb_pipeline_to_mart.py
[2026-03-22T16:49:38.120+0000] {processor.py:840} INFO - DAG(s) 'tmdb_mart_pipeline' retrieved from /opt/airflow/dags/tmdb_pipeline_to_mart.py
[2026-03-22T16:49:38.136+0000] {logging_mixin.py:188} INFO - [2026-03-22T16:49:38.135+0000] {dag.py:3096} INFO - Sync 1 DAGs
[2026-03-22T16:49:38.141+0000] {logging_mixin.py:188} INFO - [2026-03-22T16:49:38.141+0000] {dag.py:3954} INFO - Setting next_dagrun for tmdb_mart_pipeline to None, run_after=None
[2026-03-22T16:49:38.154+0000] {processor.py:183} INFO - Processing /opt/airflow/dags/tmdb_pipeline_to_mart.py took 0.046 seconds
[2026-03-22T16:50:08.635+0000] {processor.py:161} INFO - Started process (PID=3181) to work on /opt/airflow/dags/tmdb_pipeline_to_mart.py
[2026-03-22T16:50:08.636+0000] {processor.py:830} INFO - Processing file /opt/airflow/dags/tmdb_pipeline_to_mart.py for tasks to queue
[2026-03-22T16:50:08.637+0000] {logging_mixin.py:188} INFO - [2026-03-22T16:50:08.637+0000] {dagbag.py:545} INFO - Filling up the DagBag from /opt/airflow/dags/tmdb_pipeline_to_mart.py
[2026-03-22T16:50:08.641+0000] {processor.py:840} INFO - DAG(s) 'tmdb_mart_pipeline' retrieved from /opt/airflow/dags/tmdb_pipeline_to_mart.py
[2026-03-22T16:50:08.654+0000] {logging_mixin.py:188} INFO - [2026-03-22T16:50:08.654+0000] {dag.py:3096} INFO - Sync 1 DAGs
[2026-03-22T16:50:08.662+0000] {logging_mixin.py:188} INFO - [2026-03-22T16:50:08.662+0000] {dag.py:3954} INFO - Setting next_dagrun for tmdb_mart_pipeline to None, run_after=None
[2026-03-22T16:50:08.671+0000] {processor.py:183} INFO - Processing /opt/airflow/dags/tmdb_pipeline_to_mart.py took 0.038 seconds
[2026-03-22T16:50:39.210+0000] {processor.py:161} INFO - Started process (PID=3202) to work on /opt/airflow/dags/tmdb_pipeline_to_mart.py
[2026-03-22T16:50:39.211+0000] {processor.py:830} INFO - Processing file /opt/airflow/dags/tmdb_pipeline_to_mart.py for tasks to queue
[2026-03-22T16:50:39.211+0000] {logging_mixin.py:188} INFO - [2026-03-22T16:50:39.211+0000] {dagbag.py:545} INFO - Filling up the DagBag from /opt/airflow/dags/tmdb_pipeline_to_mart.py
[2026-03-22T16:50:39.215+0000] {processor.py:840} INFO - DAG(s) 'tmdb_mart_pipeline' retrieved from /opt/airflow/dags/tmdb_pipeline_to_mart.py
[2026-03-22T16:50:39.225+0000] {logging_mixin.py:188} INFO - [2026-03-22T16:50:39.225+0000] {dag.py:3096} INFO - Sync 1 DAGs
[2026-03-22T16:50:39.229+0000] {logging_mixin.py:188} INFO - [2026-03-22T16:50:39.229+0000] {dag.py:3954} INFO - Setting next_dagrun for tmdb_mart_pipeline to None, run_after=None
[2026-03-22T16:50:39.235+0000] {processor.py:183} INFO - Processing /opt/airflow/dags/tmdb_pipeline_to_mart.py took 0.027 seconds
[2026-03-22T16:51:09.726+0000] {processor.py:161} INFO - Started process (PID=3220) to work on /opt/airflow/dags/tmdb_pipeline_to_mart.py
[2026-03-22T16:51:09.727+0000] {processor.py:830} INFO - Processing file /opt/airflow/dags/tmdb_pipeline_to_mart.py for tasks to queue
[2026-03-22T16:51:09.728+0000] {logging_mixin.py:188} INFO - [2026-03-22T16:51:09.727+0000] {dagbag.py:545} INFO - Filling up the DagBag from /opt/airflow/dags/tmdb_pipeline_to_mart.py
[2026-03-22T16:51:09.736+0000] {processor.py:840} INFO - DAG(s) 'tmdb_mart_pipeline' retrieved from /opt/airflow/dags/tmdb_pipeline_to_mart.py
[2026-03-22T16:51:09.751+0000] {logging_mixin.py:188} INFO - [2026-03-22T16:51:09.750+0000] {dag.py:3096} INFO - Sync 1 DAGs
[2026-03-22T16:51:09.758+0000] {logging_mixin.py:188} INFO - [2026-03-22T16:51:09.758+0000] {dag.py:3954} INFO - Setting next_dagrun for tmdb_mart_pipeline to None, run_after=None
[2026-03-22T16:51:09.771+0000] {processor.py:183} INFO - Processing /opt/airflow/dags/tmdb_pipeline_to_mart.py took 0.049 seconds
[2026-03-22T16:51:40.679+0000] {processor.py:161} INFO - Started process (PID=3242) to work on /opt/airflow/dags/tmdb_pipeline_to_mart.py
[2026-03-22T16:51:40.679+0000] {processor.py:830} INFO - Processing file /opt/airflow/dags/tmdb_pipeline_to_mart.py for tasks to queue
[2026-03-22T16:51:40.680+0000] {logging_mixin.py:188} INFO - [2026-03-22T16:51:40.680+0000] {dagbag.py:545} INFO - Filling up the DagBag from /opt/airflow/dags/tmdb_pipeline_to_mart.py
[2026-03-22T16:51:40.684+0000] {processor.py:840} INFO - DAG(s) 'tmdb_mart_pipeline' retrieved from /opt/airflow/dags/tmdb_pipeline_to_mart.py
[2026-03-22T16:51:40.701+0000] {logging_mixin.py:188} INFO - [2026-03-22T16:51:40.701+0000] {dag.py:3096} INFO - Sync 1 DAGs
[2026-03-22T16:51:40.708+0000] {logging_mixin.py:188} INFO - [2026-03-22T16:51:40.708+0000] {dag.py:3954} INFO - Setting next_dagrun for tmdb_mart_pipeline to None, run_after=None
[2026-03-22T16:51:40.716+0000] {processor.py:183} INFO - Processing /opt/airflow/dags/tmdb_pipeline_to_mart.py took 0.045 seconds
[2026-03-22T16:52:11.494+0000] {processor.py:161} INFO - Started process (PID=3261) to work on /opt/airflow/dags/tmdb_pipeline_to_mart.py
[2026-03-22T16:52:11.495+0000] {processor.py:830} INFO - Processing file /opt/airflow/dags/tmdb_pipeline_to_mart.py for tasks to queue
[2026-03-22T16:52:11.495+0000] {logging_mixin.py:188} INFO - [2026-03-22T16:52:11.495+0000] {dagbag.py:545} INFO - Filling up the DagBag from /opt/airflow/dags/tmdb_pipeline_to_mart.py
[2026-03-22T16:52:11.500+0000] {processor.py:840} INFO - DAG(s) 'tmdb_mart_pipeline' retrieved from /opt/airflow/dags/tmdb_pipeline_to_mart.py
[2026-03-22T16:52:11.515+0000] {logging_mixin.py:188} INFO - [2026-03-22T16:52:11.515+0000] {dag.py:3096} INFO - Sync 1 DAGs
[2026-03-22T16:52:11.523+0000] {logging_mixin.py:188} INFO - [2026-03-22T16:52:11.523+0000] {dag.py:3954} INFO - Setting next_dagrun for tmdb_mart_pipeline to None, run_after=None
[2026-03-22T16:52:11.535+0000] {processor.py:183} INFO - Processing /opt/airflow/dags/tmdb_pipeline_to_mart.py took 0.045 seconds
[2026-03-22T16:52:42.030+0000] {processor.py:161} INFO - Started process (PID=3282) to work on /opt/airflow/dags/tmdb_pipeline_to_mart.py
[2026-03-22T16:52:42.031+0000] {processor.py:830} INFO - Processing file /opt/airflow/dags/tmdb_pipeline_to_mart.py for tasks to queue
[2026-03-22T16:52:42.031+0000] {logging_mixin.py:188} INFO - [2026-03-22T16:52:42.031+0000] {dagbag.py:545} INFO - Filling up the DagBag from /opt/airflow/dags/tmdb_pipeline_to_mart.py
[2026-03-22T16:52:42.036+0000] {processor.py:840} INFO - DAG(s) 'tmdb_mart_pipeline' retrieved from /opt/airflow/dags/tmdb_pipeline_to_mart.py
[2026-03-22T16:52:42.049+0000] {logging_mixin.py:188} INFO - [2026-03-22T16:52:42.049+0000] {dag.py:3096} INFO - Sync 1 DAGs
[2026-03-22T16:52:42.054+0000] {logging_mixin.py:188} INFO - [2026-03-22T16:52:42.054+0000] {dag.py:3954} INFO - Setting next_dagrun for tmdb_mart_pipeline to None, run_after=None
[2026-03-22T16:52:42.061+0000] {processor.py:183} INFO - Processing /opt/airflow/dags/tmdb_pipeline_to_mart.py took 0.035 seconds
[2026-03-22T16:53:12.768+0000] {processor.py:161} INFO - Started process (PID=3302) to work on /opt/airflow/dags/tmdb_pipeline_to_mart.py
[2026-03-22T16:53:12.769+0000] {processor.py:830} INFO - Processing file /opt/airflow/dags/tmdb_pipeline_to_mart.py for tasks to queue
[2026-03-22T16:53:12.770+0000] {logging_mixin.py:188} INFO - [2026-03-22T16:53:12.770+0000] {dagbag.py:545} INFO - Filling up the DagBag from /opt/airflow/dags/tmdb_pipeline_to_mart.py
[2026-03-22T16:53:12.774+0000] {processor.py:840} INFO - DAG(s) 'tmdb_mart_pipeline' retrieved from /opt/airflow/dags/tmdb_pipeline_to_mart.py
[2026-03-22T16:53:12.806+0000] {logging_mixin.py:188} INFO - [2026-03-22T16:53:12.806+0000] {dag.py:3096} INFO - Sync 1 DAGs
[2026-03-22T16:53:12.814+0000] {logging_mixin.py:188} INFO - [2026-03-22T16:53:12.814+0000] {dag.py:3954} INFO - Setting next_dagrun for tmdb_mart_pipeline to None, run_after=None
[2026-03-22T16:53:12.829+0000] {processor.py:183} INFO - Processing /opt/airflow/dags/tmdb_pipeline_to_mart.py took 0.063 seconds
[2026-03-22T16:53:43.507+0000] {processor.py:161} INFO - Started process (PID=3321) to work on /opt/airflow/dags/tmdb_pipeline_to_mart.py
[2026-03-22T16:53:43.508+0000] {processor.py:830} INFO - Processing file /opt/airflow/dags/tmdb_pipeline_to_mart.py for tasks to queue
[2026-03-22T16:53:43.509+0000] {logging_mixin.py:188} INFO - [2026-03-22T16:53:43.509+0000] {dagbag.py:545} INFO - Filling up the DagBag from /opt/airflow/dags/tmdb_pipeline_to_mart.py
[2026-03-22T16:53:43.515+0000] {processor.py:840} INFO - DAG(s) 'tmdb_mart_pipeline' retrieved from /opt/airflow/dags/tmdb_pipeline_to_mart.py
[2026-03-22T16:53:43.532+0000] {logging_mixin.py:188} INFO - [2026-03-22T16:53:43.532+0000] {dag.py:3096} INFO - Sync 1 DAGs
[2026-03-22T16:53:43.539+0000] {logging_mixin.py:188} INFO - [2026-03-22T16:53:43.539+0000] {dag.py:3954} INFO - Setting next_dagrun for tmdb_mart_pipeline to None, run_after=None
[2026-03-22T16:53:43.553+0000] {processor.py:183} INFO - Processing /opt/airflow/dags/tmdb_pipeline_to_mart.py took 0.049 seconds
[2026-03-22T16:54:13.759+0000] {processor.py:161} INFO - Started process (PID=3342) to work on /opt/airflow/dags/tmdb_pipeline_to_mart.py
[2026-03-22T16:54:13.760+0000] {processor.py:830} INFO - Processing file /opt/airflow/dags/tmdb_pipeline_to_mart.py for tasks to queue
[2026-03-22T16:54:13.760+0000] {logging_mixin.py:188} INFO - [2026-03-22T16:54:13.760+0000] {dagbag.py:545} INFO - Filling up the DagBag from /opt/airflow/dags/tmdb_pipeline_to_mart.py
[2026-03-22T16:54:13.764+0000] {processor.py:840} INFO - DAG(s) 'tmdb_mart_pipeline' retrieved from /opt/airflow/dags/tmdb_pipeline_to_mart.py
[2026-03-22T16:54:13.774+0000] {logging_mixin.py:188} INFO - [2026-03-22T16:54:13.774+0000] {dag.py:3096} INFO - Sync 1 DAGs
[2026-03-22T16:54:13.780+0000] {logging_mixin.py:188} INFO - [2026-03-22T16:54:13.780+0000] {dag.py:3954} INFO - Setting next_dagrun for tmdb_mart_pipeline to None, run_after=None
[2026-03-22T16:54:13.786+0000] {processor.py:183} INFO - Processing /opt/airflow/dags/tmdb_pipeline_to_mart.py took 0.032 seconds
[2026-03-22T16:54:44.325+0000] {processor.py:161} INFO - Started process (PID=3360) to work on /opt/airflow/dags/tmdb_pipeline_to_mart.py
[2026-03-22T16:54:44.331+0000] {processor.py:830} INFO - Processing file /opt/airflow/dags/tmdb_pipeline_to_mart.py for tasks to queue
[2026-03-22T16:54:44.337+0000] {logging_mixin.py:188} INFO - [2026-03-22T16:54:44.333+0000] {dagbag.py:545} INFO - Filling up the DagBag from /opt/airflow/dags/tmdb_pipeline_to_mart.py
[2026-03-22T16:54:44.362+0000] {processor.py:840} INFO - DAG(s) 'tmdb_mart_pipeline' retrieved from /opt/airflow/dags/tmdb_pipeline_to_mart.py
[2026-03-22T16:54:44.412+0000] {logging_mixin.py:188} INFO - [2026-03-22T16:54:44.412+0000] {dag.py:3096} INFO - Sync 1 DAGs
[2026-03-22T16:54:44.435+0000] {logging_mixin.py:188} INFO - [2026-03-22T16:54:44.435+0000] {dag.py:3954} INFO - Setting next_dagrun for tmdb_mart_pipeline to None, run_after=None
[2026-03-22T16:54:44.454+0000] {processor.py:183} INFO - Processing /opt/airflow/dags/tmdb_pipeline_to_mart.py took 0.170 seconds
[2026-03-22T16:55:14.822+0000] {processor.py:161} INFO - Started process (PID=3382) to work on /opt/airflow/dags/tmdb_pipeline_to_mart.py
[2026-03-22T16:55:14.823+0000] {processor.py:830} INFO - Processing file /opt/airflow/dags/tmdb_pipeline_to_mart.py for tasks to queue
[2026-03-22T16:55:14.824+0000] {logging_mixin.py:188} INFO - [2026-03-22T16:55:14.823+0000] {dagbag.py:545} INFO - Filling up the DagBag from /opt/airflow/dags/tmdb_pipeline_to_mart.py
[2026-03-22T16:55:14.838+0000] {processor.py:840} INFO - DAG(s) 'tmdb_mart_pipeline' retrieved from /opt/airflow/dags/tmdb_pipeline_to_mart.py
[2026-03-22T16:55:14.891+0000] {logging_mixin.py:188} INFO - [2026-03-22T16:55:14.891+0000] {dag.py:3096} INFO - Sync 1 DAGs
[2026-03-22T16:55:14.913+0000] {logging_mixin.py:188} INFO - [2026-03-22T16:55:14.912+0000] {dag.py:3954} INFO - Setting next_dagrun for tmdb_mart_pipeline to None, run_after=None
[2026-03-22T16:55:14.931+0000] {processor.py:183} INFO - Processing /opt/airflow/dags/tmdb_pipeline_to_mart.py took 0.115 seconds
[2026-03-22T16:55:45.312+0000] {processor.py:161} INFO - Started process (PID=3405) to work on /opt/airflow/dags/tmdb_pipeline_to_mart.py
[2026-03-22T16:55:45.313+0000] {processor.py:830} INFO - Processing file /opt/airflow/dags/tmdb_pipeline_to_mart.py for tasks to queue
[2026-03-22T16:55:45.313+0000] {logging_mixin.py:188} INFO - [2026-03-22T16:55:45.313+0000] {dagbag.py:545} INFO - Filling up the DagBag from /opt/airflow/dags/tmdb_pipeline_to_mart.py
[2026-03-22T16:55:45.321+0000] {processor.py:840} INFO - DAG(s) 'tmdb_mart_pipeline' retrieved from /opt/airflow/dags/tmdb_pipeline_to_mart.py
[2026-03-22T16:55:45.337+0000] {logging_mixin.py:188} INFO - [2026-03-22T16:55:45.337+0000] {dag.py:3096} INFO - Sync 1 DAGs
[2026-03-22T16:55:45.345+0000] {logging_mixin.py:188} INFO - [2026-03-22T16:55:45.345+0000] {dag.py:3954} INFO - Setting next_dagrun for tmdb_mart_pipeline to None, run_after=None
[2026-03-22T16:55:45.354+0000] {processor.py:183} INFO - Processing /opt/airflow/dags/tmdb_pipeline_to_mart.py took 0.047 seconds
[2026-03-22T16:56:16.019+0000] {processor.py:161} INFO - Started process (PID=3430) to work on /opt/airflow/dags/tmdb_pipeline_to_mart.py
[2026-03-22T16:56:16.021+0000] {processor.py:830} INFO - Processing file /opt/airflow/dags/tmdb_pipeline_to_mart.py for tasks to queue
[2026-03-22T16:56:16.023+0000] {logging_mixin.py:188} INFO - [2026-03-22T16:56:16.022+0000] {dagbag.py:545} INFO - Filling up the DagBag from /opt/airflow/dags/tmdb_pipeline_to_mart.py
[2026-03-22T16:56:16.042+0000] {processor.py:840} INFO - DAG(s) 'tmdb_mart_pipeline' retrieved from /opt/airflow/dags/tmdb_pipeline_to_mart.py
[2026-03-22T16:56:16.084+0000] {logging_mixin.py:188} INFO - [2026-03-22T16:56:16.084+0000] {dag.py:3096} INFO - Sync 1 DAGs
[2026-03-22T16:56:16.099+0000] {logging_mixin.py:188} INFO - [2026-03-22T16:56:16.099+0000] {dag.py:3954} INFO - Setting next_dagrun for tmdb_mart_pipeline to None, run_after=None
[2026-03-22T16:56:16.114+0000] {processor.py:183} INFO - Processing /opt/airflow/dags/tmdb_pipeline_to_mart.py took 0.105 seconds
[2026-03-22T16:56:46.564+0000] {processor.py:161} INFO - Started process (PID=3450) to work on /opt/airflow/dags/tmdb_pipeline_to_mart.py
[2026-03-22T16:56:46.566+0000] {processor.py:830} INFO - Processing file /opt/airflow/dags/tmdb_pipeline_to_mart.py for tasks to queue
[2026-03-22T16:56:46.569+0000] {logging_mixin.py:188} INFO - [2026-03-22T16:56:46.568+0000] {dagbag.py:545} INFO - Filling up the DagBag from /opt/airflow/dags/tmdb_pipeline_to_mart.py
[2026-03-22T16:56:46.583+0000] {processor.py:840} INFO - DAG(s) 'tmdb_mart_pipeline' retrieved from /opt/airflow/dags/tmdb_pipeline_to_mart.py
[2026-03-22T16:56:46.625+0000] {logging_mixin.py:188} INFO - [2026-03-22T16:56:46.625+0000] {dag.py:3096} INFO - Sync 1 DAGs
[2026-03-22T16:56:46.642+0000] {logging_mixin.py:188} INFO - [2026-03-22T16:56:46.641+0000] {dag.py:3954} INFO - Setting next_dagrun for tmdb_mart_pipeline to None, run_after=None
[2026-03-22T16:56:46.656+0000] {processor.py:183} INFO - Processing /opt/airflow/dags/tmdb_pipeline_to_mart.py took 0.099 seconds
[2026-03-22T16:57:17.083+0000] {processor.py:161} INFO - Started process (PID=3470) to work on /opt/airflow/dags/tmdb_pipeline_to_mart.py
[2026-03-22T16:57:17.083+0000] {processor.py:830} INFO - Processing file /opt/airflow/dags/tmdb_pipeline_to_mart.py for tasks to queue
[2026-03-22T16:57:17.085+0000] {logging_mixin.py:188} INFO - [2026-03-22T16:57:17.085+0000] {dagbag.py:545} INFO - Filling up the DagBag from /opt/airflow/dags/tmdb_pipeline_to_mart.py
[2026-03-22T16:57:17.102+0000] {processor.py:840} INFO - DAG(s) 'tmdb_mart_pipeline' retrieved from /opt/airflow/dags/tmdb_pipeline_to_mart.py
[2026-03-22T16:57:17.130+0000] {logging_mixin.py:188} INFO - [2026-03-22T16:57:17.130+0000] {dag.py:3096} INFO - Sync 1 DAGs
[2026-03-22T16:57:17.144+0000] {logging_mixin.py:188} INFO - [2026-03-22T16:57:17.144+0000] {dag.py:3954} INFO - Setting next_dagrun for tmdb_mart_pipeline to None, run_after=None
[2026-03-22T16:57:17.160+0000] {processor.py:183} INFO - Processing /opt/airflow/dags/tmdb_pipeline_to_mart.py took 0.087 seconds
[2026-03-22T16:57:47.595+0000] {processor.py:161} INFO - Started process (PID=3490) to work on /opt/airflow/dags/tmdb_pipeline_to_mart.py
[2026-03-22T16:57:47.597+0000] {processor.py:830} INFO - Processing file /opt/airflow/dags/tmdb_pipeline_to_mart.py for tasks to queue
[2026-03-22T16:57:47.600+0000] {logging_mixin.py:188} INFO - [2026-03-22T16:57:47.600+0000] {dagbag.py:545} INFO - Filling up the DagBag from /opt/airflow/dags/tmdb_pipeline_to_mart.py
[2026-03-22T16:57:47.607+0000] {processor.py:840} INFO - DAG(s) 'tmdb_mart_pipeline' retrieved from /opt/airflow/dags/tmdb_pipeline_to_mart.py
[2026-03-22T16:57:47.624+0000] {logging_mixin.py:188} INFO - [2026-03-22T16:57:47.624+0000] {dag.py:3096} INFO - Sync 1 DAGs
[2026-03-22T16:57:47.630+0000] {logging_mixin.py:188} INFO - [2026-03-22T16:57:47.630+0000] {dag.py:3954} INFO - Setting next_dagrun for tmdb_mart_pipeline to None, run_after=None
[2026-03-22T16:57:47.643+0000] {processor.py:183} INFO - Processing /opt/airflow/dags/tmdb_pipeline_to_mart.py took 0.055 seconds
[2026-03-22T16:58:18.064+0000] {processor.py:161} INFO - Started process (PID=3509) to work on /opt/airflow/dags/tmdb_pipeline_to_mart.py
[2026-03-22T16:58:18.066+0000] {processor.py:830} INFO - Processing file /opt/airflow/dags/tmdb_pipeline_to_mart.py for tasks to queue
[2026-03-22T16:58:18.067+0000] {logging_mixin.py:188} INFO - [2026-03-22T16:58:18.067+0000] {dagbag.py:545} INFO - Filling up the DagBag from /opt/airflow/dags/tmdb_pipeline_to_mart.py
[2026-03-22T16:58:18.084+0000] {processor.py:840} INFO - DAG(s) 'tmdb_mart_pipeline' retrieved from /opt/airflow/dags/tmdb_pipeline_to_mart.py
[2026-03-22T16:58:18.121+0000] {logging_mixin.py:188} INFO - [2026-03-22T16:58:18.121+0000] {dag.py:3096} INFO - Sync 1 DAGs
[2026-03-22T16:58:18.138+0000] {logging_mixin.py:188} INFO - [2026-03-22T16:58:18.138+0000] {dag.py:3954} INFO - Setting next_dagrun for tmdb_mart_pipeline to None, run_after=None
[2026-03-22T16:58:18.160+0000] {processor.py:183} INFO - Processing /opt/airflow/dags/tmdb_pipeline_to_mart.py took 0.104 seconds
[2026-03-22T16:58:48.682+0000] {processor.py:161} INFO - Started process (PID=3529) to work on /opt/airflow/dags/tmdb_pipeline_to_mart.py
[2026-03-22T16:58:48.684+0000] {processor.py:830} INFO - Processing file /opt/airflow/dags/tmdb_pipeline_to_mart.py for tasks to queue
[2026-03-22T16:58:48.686+0000] {logging_mixin.py:188} INFO - [2026-03-22T16:58:48.685+0000] {dagbag.py:545} INFO - Filling up the DagBag from /opt/airflow/dags/tmdb_pipeline_to_mart.py
[2026-03-22T16:58:48.705+0000] {processor.py:840} INFO - DAG(s) 'tmdb_mart_pipeline' retrieved from /opt/airflow/dags/tmdb_pipeline_to_mart.py
[2026-03-22T16:58:48.744+0000] {logging_mixin.py:188} INFO - [2026-03-22T16:58:48.744+0000] {dag.py:3096} INFO - Sync 1 DAGs
[2026-03-22T16:58:48.760+0000] {logging_mixin.py:188} INFO - [2026-03-22T16:58:48.760+0000] {dag.py:3954} INFO - Setting next_dagrun for tmdb_mart_pipeline to None, run_after=None
[2026-03-22T16:58:48.776+0000] {processor.py:183} INFO - Processing /opt/airflow/dags/tmdb_pipeline_to_mart.py took 0.108 seconds
[2026-03-22T16:59:19.285+0000] {processor.py:161} INFO - Started process (PID=3549) to work on /opt/airflow/dags/tmdb_pipeline_to_mart.py
[2026-03-22T16:59:19.288+0000] {processor.py:830} INFO - Processing file /opt/airflow/dags/tmdb_pipeline_to_mart.py for tasks to queue
[2026-03-22T16:59:19.289+0000] {logging_mixin.py:188} INFO - [2026-03-22T16:59:19.289+0000] {dagbag.py:545} INFO - Filling up the DagBag from /opt/airflow/dags/tmdb_pipeline_to_mart.py
[2026-03-22T16:59:19.307+0000] {processor.py:840} INFO - DAG(s) 'tmdb_mart_pipeline' retrieved from /opt/airflow/dags/tmdb_pipeline_to_mart.py
[2026-03-22T16:59:19.372+0000] {logging_mixin.py:188} INFO - [2026-03-22T16:59:19.372+0000] {dag.py:3096} INFO - Sync 1 DAGs
[2026-03-22T16:59:19.391+0000] {logging_mixin.py:188} INFO - [2026-03-22T16:59:19.391+0000] {dag.py:3954} INFO - Setting next_dagrun for tmdb_mart_pipeline to None, run_after=None
[2026-03-22T16:59:19.418+0000] {processor.py:183} INFO - Processing /opt/airflow/dags/tmdb_pipeline_to_mart.py took 0.142 seconds
[2026-03-22T16:59:49.780+0000] {processor.py:161} INFO - Started process (PID=3568) to work on /opt/airflow/dags/tmdb_pipeline_to_mart.py
[2026-03-22T16:59:49.782+0000] {processor.py:830} INFO - Processing file /opt/airflow/dags/tmdb_pipeline_to_mart.py for tasks to queue
[2026-03-22T16:59:49.784+0000] {logging_mixin.py:188} INFO - [2026-03-22T16:59:49.784+0000] {dagbag.py:545} INFO - Filling up the DagBag from /opt/airflow/dags/tmdb_pipeline_to_mart.py
[2026-03-22T16:59:49.801+0000] {processor.py:840} INFO - DAG(s) 'tmdb_mart_pipeline' retrieved from /opt/airflow/dags/tmdb_pipeline_to_mart.py
[2026-03-22T16:59:49.830+0000] {logging_mixin.py:188} INFO - [2026-03-22T16:59:49.830+0000] {dag.py:3096} INFO - Sync 1 DAGs
[2026-03-22T16:59:49.875+0000] {logging_mixin.py:188} INFO - [2026-03-22T16:59:49.874+0000] {dag.py:3954} INFO - Setting next_dagrun for tmdb_mart_pipeline to None, run_after=None
[2026-03-22T16:59:49.882+0000] {processor.py:183} INFO - Processing /opt/airflow/dags/tmdb_pipeline_to_mart.py took 0.110 seconds
[2026-03-22T17:00:20.491+0000] {processor.py:161} INFO - Started process (PID=3589) to work on /opt/airflow/dags/tmdb_pipeline_to_mart.py
[2026-03-22T17:00:20.494+0000] {processor.py:830} INFO - Processing file /opt/airflow/dags/tmdb_pipeline_to_mart.py for tasks to queue
[2026-03-22T17:00:20.497+0000] {logging_mixin.py:188} INFO - [2026-03-22T17:00:20.496+0000] {dagbag.py:545} INFO - Filling up the DagBag from /opt/airflow/dags/tmdb_pipeline_to_mart.py
[2026-03-22T17:00:20.585+0000] {processor.py:840} INFO - DAG(s) 'tmdb_mart_pipeline' retrieved from /opt/airflow/dags/tmdb_pipeline_to_mart.py
[2026-03-22T17:00:20.712+0000] {logging_mixin.py:188} INFO - [2026-03-22T17:00:20.712+0000] {dag.py:3096} INFO - Sync 1 DAGs
[2026-03-22T17:00:20.743+0000] {logging_mixin.py:188} INFO - [2026-03-22T17:00:20.743+0000] {dag.py:3954} INFO - Setting next_dagrun for tmdb_mart_pipeline to None, run_after=None
[2026-03-22T17:00:20.789+0000] {processor.py:183} INFO - Processing /opt/airflow/dags/tmdb_pipeline_to_mart.py took 0.358 seconds
[2026-03-22T17:00:51.374+0000] {processor.py:161} INFO - Started process (PID=3608) to work on /opt/airflow/dags/tmdb_pipeline_to_mart.py
[2026-03-22T17:00:51.376+0000] {processor.py:830} INFO - Processing file /opt/airflow/dags/tmdb_pipeline_to_mart.py for tasks to queue
[2026-03-22T17:00:51.378+0000] {logging_mixin.py:188} INFO - [2026-03-22T17:00:51.377+0000] {dagbag.py:545} INFO - Filling up the DagBag from /opt/airflow/dags/tmdb_pipeline_to_mart.py
[2026-03-22T17:00:51.404+0000] {processor.py:840} INFO - DAG(s) 'tmdb_mart_pipeline' retrieved from /opt/airflow/dags/tmdb_pipeline_to_mart.py
[2026-03-22T17:00:51.445+0000] {logging_mixin.py:188} INFO - [2026-03-22T17:00:51.445+0000] {dag.py:3096} INFO - Sync 1 DAGs
[2026-03-22T17:00:51.467+0000] {logging_mixin.py:188} INFO - [2026-03-22T17:00:51.467+0000] {dag.py:3954} INFO - Setting next_dagrun for tmdb_mart_pipeline to None, run_after=None
[2026-03-22T17:00:51.484+0000] {processor.py:183} INFO - Processing /opt/airflow/dags/tmdb_pipeline_to_mart.py took 0.128 seconds
[2026-03-22T17:01:22.189+0000] {processor.py:161} INFO - Started process (PID=3629) to work on /opt/airflow/dags/tmdb_pipeline_to_mart.py
[2026-03-22T17:01:22.193+0000] {processor.py:830} INFO - Processing file /opt/airflow/dags/tmdb_pipeline_to_mart.py for tasks to queue
[2026-03-22T17:01:22.196+0000] {logging_mixin.py:188} INFO - [2026-03-22T17:01:22.195+0000] {dagbag.py:545} INFO - Filling up the DagBag from /opt/airflow/dags/tmdb_pipeline_to_mart.py
[2026-03-22T17:01:22.226+0000] {processor.py:840} INFO - DAG(s) 'tmdb_mart_pipeline' retrieved from /opt/airflow/dags/tmdb_pipeline_to_mart.py
[2026-03-22T17:01:22.273+0000] {logging_mixin.py:188} INFO - [2026-03-22T17:01:22.273+0000] {dag.py:3096} INFO - Sync 1 DAGs
[2026-03-22T17:01:22.287+0000] {logging_mixin.py:188} INFO - [2026-03-22T17:01:22.286+0000] {dag.py:3954} INFO - Setting next_dagrun for tmdb_mart_pipeline to None, run_after=None
[2026-03-22T17:01:22.303+0000] {processor.py:183} INFO - Processing /opt/airflow/dags/tmdb_pipeline_to_mart.py took 0.134 seconds
[2026-03-22T17:01:52.836+0000] {processor.py:161} INFO - Started process (PID=3649) to work on /opt/airflow/dags/tmdb_pipeline_to_mart.py
[2026-03-22T17:01:52.837+0000] {processor.py:830} INFO - Processing file /opt/airflow/dags/tmdb_pipeline_to_mart.py for tasks to queue
[2026-03-22T17:01:52.838+0000] {logging_mixin.py:188} INFO - [2026-03-22T17:01:52.838+0000] {dagbag.py:545} INFO - Filling up the DagBag from /opt/airflow/dags/tmdb_pipeline_to_mart.py
[2026-03-22T17:01:52.859+0000] {processor.py:840} INFO - DAG(s) 'tmdb_mart_pipeline' retrieved from /opt/airflow/dags/tmdb_pipeline_to_mart.py
[2026-03-22T17:01:52.892+0000] {logging_mixin.py:188} INFO - [2026-03-22T17:01:52.892+0000] {dag.py:3096} INFO - Sync 1 DAGs
[2026-03-22T17:01:52.908+0000] {logging_mixin.py:188} INFO - [2026-03-22T17:01:52.908+0000] {dag.py:3954} INFO - Setting next_dagrun for tmdb_mart_pipeline to None, run_after=None
[2026-03-22T17:01:52.923+0000] {processor.py:183} INFO - Processing /opt/airflow/dags/tmdb_pipeline_to_mart.py took 0.104 seconds
[2026-03-22T17:02:23.364+0000] {processor.py:161} INFO - Started process (PID=3668) to work on /opt/airflow/dags/tmdb_pipeline_to_mart.py
[2026-03-22T17:02:23.366+0000] {processor.py:830} INFO - Processing file /opt/airflow/dags/tmdb_pipeline_to_mart.py for tasks to queue
[2026-03-22T17:02:23.368+0000] {logging_mixin.py:188} INFO - [2026-03-22T17:02:23.367+0000] {dagbag.py:545} INFO - Filling up the DagBag from /opt/airflow/dags/tmdb_pipeline_to_mart.py
[2026-03-22T17:02:23.391+0000] {processor.py:840} INFO - DAG(s) 'tmdb_mart_pipeline' retrieved from /opt/airflow/dags/tmdb_pipeline_to_mart.py
[2026-03-22T17:02:23.418+0000] {logging_mixin.py:188} INFO - [2026-03-22T17:02:23.418+0000] {dag.py:3096} INFO - Sync 1 DAGs
[2026-03-22T17:02:23.428+0000] {logging_mixin.py:188} INFO - [2026-03-22T17:02:23.428+0000] {dag.py:3954} INFO - Setting next_dagrun for tmdb_mart_pipeline to None, run_after=None
[2026-03-22T17:02:23.447+0000] {processor.py:183} INFO - Processing /opt/airflow/dags/tmdb_pipeline_to_mart.py took 0.090 seconds
[2026-03-22T17:02:53.851+0000] {processor.py:161} INFO - Started process (PID=3688) to work on /opt/airflow/dags/tmdb_pipeline_to_mart.py
[2026-03-22T17:02:53.854+0000] {processor.py:830} INFO - Processing file /opt/airflow/dags/tmdb_pipeline_to_mart.py for tasks to queue
[2026-03-22T17:02:53.855+0000] {logging_mixin.py:188} INFO - [2026-03-22T17:02:53.855+0000] {dagbag.py:545} INFO - Filling up the DagBag from /opt/airflow/dags/tmdb_pipeline_to_mart.py
[2026-03-22T17:02:53.877+0000] {processor.py:840} INFO - DAG(s) 'tmdb_mart_pipeline' retrieved from /opt/airflow/dags/tmdb_pipeline_to_mart.py
[2026-03-22T17:02:53.903+0000] {logging_mixin.py:188} INFO - [2026-03-22T17:02:53.903+0000] {dag.py:3096} INFO - Sync 1 DAGs
[2026-03-22T17:02:53.916+0000] {logging_mixin.py:188} INFO - [2026-03-22T17:02:53.915+0000] {dag.py:3954} INFO - Setting next_dagrun for tmdb_mart_pipeline to None, run_after=None
[2026-03-22T17:02:53.936+0000] {processor.py:183} INFO - Processing /opt/airflow/dags/tmdb_pipeline_to_mart.py took 0.111 seconds
[2026-03-22T17:03:24.581+0000] {processor.py:161} INFO - Started process (PID=3709) to work on /opt/airflow/dags/tmdb_pipeline_to_mart.py
[2026-03-22T17:03:24.584+0000] {processor.py:830} INFO - Processing file /opt/airflow/dags/tmdb_pipeline_to_mart.py for tasks to queue
[2026-03-22T17:03:24.585+0000] {logging_mixin.py:188} INFO - [2026-03-22T17:03:24.584+0000] {dagbag.py:545} INFO - Filling up the DagBag from /opt/airflow/dags/tmdb_pipeline_to_mart.py
[2026-03-22T17:03:24.605+0000] {processor.py:840} INFO - DAG(s) 'tmdb_mart_pipeline' retrieved from /opt/airflow/dags/tmdb_pipeline_to_mart.py
[2026-03-22T17:03:24.634+0000] {logging_mixin.py:188} INFO - [2026-03-22T17:03:24.634+0000] {dag.py:3096} INFO - Sync 1 DAGs
[2026-03-22T17:03:24.644+0000] {logging_mixin.py:188} INFO - [2026-03-22T17:03:24.644+0000] {dag.py:3954} INFO - Setting next_dagrun for tmdb_mart_pipeline to None, run_after=None
[2026-03-22T17:03:24.661+0000] {processor.py:183} INFO - Processing /opt/airflow/dags/tmdb_pipeline_to_mart.py took 0.086 seconds
[2026-03-22T17:03:55.064+0000] {processor.py:161} INFO - Started process (PID=3729) to work on /opt/airflow/dags/tmdb_pipeline_to_mart.py
[2026-03-22T17:03:55.065+0000] {processor.py:830} INFO - Processing file /opt/airflow/dags/tmdb_pipeline_to_mart.py for tasks to queue
[2026-03-22T17:03:55.067+0000] {logging_mixin.py:188} INFO - [2026-03-22T17:03:55.066+0000] {dagbag.py:545} INFO - Filling up the DagBag from /opt/airflow/dags/tmdb_pipeline_to_mart.py
[2026-03-22T17:03:55.084+0000] {processor.py:840} INFO - DAG(s) 'tmdb_mart_pipeline' retrieved from /opt/airflow/dags/tmdb_pipeline_to_mart.py
[2026-03-22T17:03:55.122+0000] {logging_mixin.py:188} INFO - [2026-03-22T17:03:55.121+0000] {dag.py:3096} INFO - Sync 1 DAGs
[2026-03-22T17:03:55.134+0000] {logging_mixin.py:188} INFO - [2026-03-22T17:03:55.134+0000] {dag.py:3954} INFO - Setting next_dagrun for tmdb_mart_pipeline to None, run_after=None
[2026-03-22T17:03:55.145+0000] {processor.py:183} INFO - Processing /opt/airflow/dags/tmdb_pipeline_to_mart.py took 0.091 seconds
[2026-03-22T17:04:25.516+0000] {processor.py:161} INFO - Started process (PID=3749) to work on /opt/airflow/dags/tmdb_pipeline_to_mart.py
[2026-03-22T17:04:25.520+0000] {processor.py:830} INFO - Processing file /opt/airflow/dags/tmdb_pipeline_to_mart.py for tasks to queue
[2026-03-22T17:04:25.521+0000] {logging_mixin.py:188} INFO - [2026-03-22T17:04:25.520+0000] {dagbag.py:545} INFO - Filling up the DagBag from /opt/airflow/dags/tmdb_pipeline_to_mart.py
[2026-03-22T17:04:25.537+0000] {processor.py:840} INFO - DAG(s) 'tmdb_mart_pipeline' retrieved from /opt/airflow/dags/tmdb_pipeline_to_mart.py
[2026-03-22T17:04:25.568+0000] {logging_mixin.py:188} INFO - [2026-03-22T17:04:25.568+0000] {dag.py:3096} INFO - Sync 1 DAGs
[2026-03-22T17:04:25.599+0000] {logging_mixin.py:188} INFO - [2026-03-22T17:04:25.599+0000] {dag.py:3954} INFO - Setting next_dagrun for tmdb_mart_pipeline to None, run_after=None
[2026-03-22T17:04:25.620+0000] {processor.py:183} INFO - Processing /opt/airflow/dags/tmdb_pipeline_to_mart.py took 0.114 seconds
[2026-03-22T17:04:55.912+0000] {processor.py:161} INFO - Started process (PID=3770) to work on /opt/airflow/dags/tmdb_pipeline_to_mart.py
[2026-03-22T17:04:55.913+0000] {processor.py:830} INFO - Processing file /opt/airflow/dags/tmdb_pipeline_to_mart.py for tasks to queue
[2026-03-22T17:04:55.914+0000] {logging_mixin.py:188} INFO - [2026-03-22T17:04:55.914+0000] {dagbag.py:545} INFO - Filling up the DagBag from /opt/airflow/dags/tmdb_pipeline_to_mart.py
[2026-03-22T17:04:55.927+0000] {processor.py:840} INFO - DAG(s) 'tmdb_mart_pipeline' retrieved from /opt/airflow/dags/tmdb_pipeline_to_mart.py
[2026-03-22T17:04:55.945+0000] {logging_mixin.py:188} INFO - [2026-03-22T17:04:55.945+0000] {dag.py:3096} INFO - Sync 1 DAGs
[2026-03-22T17:04:55.957+0000] {logging_mixin.py:188} INFO - [2026-03-22T17:04:55.957+0000] {dag.py:3954} INFO - Setting next_dagrun for tmdb_mart_pipeline to None, run_after=None
[2026-03-22T17:04:55.968+0000] {processor.py:183} INFO - Processing /opt/airflow/dags/tmdb_pipeline_to_mart.py took 0.061 seconds
[2026-03-22T17:05:26.388+0000] {processor.py:161} INFO - Started process (PID=3790) to work on /opt/airflow/dags/tmdb_pipeline_to_mart.py
[2026-03-22T17:05:26.392+0000] {processor.py:830} INFO - Processing file /opt/airflow/dags/tmdb_pipeline_to_mart.py for tasks to queue
[2026-03-22T17:05:26.392+0000] {logging_mixin.py:188} INFO - [2026-03-22T17:05:26.392+0000] {dagbag.py:545} INFO - Filling up the DagBag from /opt/airflow/dags/tmdb_pipeline_to_mart.py
[2026-03-22T17:05:26.405+0000] {processor.py:840} INFO - DAG(s) 'tmdb_mart_pipeline' retrieved from /opt/airflow/dags/tmdb_pipeline_to_mart.py
[2026-03-22T17:05:26.433+0000] {logging_mixin.py:188} INFO - [2026-03-22T17:05:26.432+0000] {dag.py:3096} INFO - Sync 1 DAGs
[2026-03-22T17:05:26.445+0000] {logging_mixin.py:188} INFO - [2026-03-22T17:05:26.445+0000] {dag.py:3954} INFO - Setting next_dagrun for tmdb_mart_pipeline to None, run_after=None
[2026-03-22T17:05:26.460+0000] {processor.py:183} INFO - Processing /opt/airflow/dags/tmdb_pipeline_to_mart.py took 0.084 seconds
[2026-03-22T17:05:56.891+0000] {processor.py:161} INFO - Started process (PID=3810) to work on /opt/airflow/dags/tmdb_pipeline_to_mart.py
[2026-03-22T17:05:56.894+0000] {processor.py:830} INFO - Processing file /opt/airflow/dags/tmdb_pipeline_to_mart.py for tasks to queue
[2026-03-22T17:05:56.897+0000] {logging_mixin.py:188} INFO - [2026-03-22T17:05:56.896+0000] {dagbag.py:545} INFO - Filling up the DagBag from /opt/airflow/dags/tmdb_pipeline_to_mart.py
[2026-03-22T17:05:56.929+0000] {processor.py:840} INFO - DAG(s) 'tmdb_mart_pipeline' retrieved from /opt/airflow/dags/tmdb_pipeline_to_mart.py
[2026-03-22T17:05:56.992+0000] {logging_mixin.py:188} INFO - [2026-03-22T17:05:56.991+0000] {dag.py:3096} INFO - Sync 1 DAGs
[2026-03-22T17:05:57.017+0000] {logging_mixin.py:188} INFO - [2026-03-22T17:05:57.017+0000] {dag.py:3954} INFO - Setting next_dagrun for tmdb_mart_pipeline to None, run_after=None
[2026-03-22T17:05:57.064+0000] {processor.py:183} INFO - Processing /opt/airflow/dags/tmdb_pipeline_to_mart.py took 0.189 seconds
[2026-03-22T17:06:27.509+0000] {processor.py:161} INFO - Started process (PID=3830) to work on /opt/airflow/dags/tmdb_pipeline_to_mart.py
[2026-03-22T17:06:27.511+0000] {processor.py:830} INFO - Processing file /opt/airflow/dags/tmdb_pipeline_to_mart.py for tasks to queue
[2026-03-22T17:06:27.514+0000] {logging_mixin.py:188} INFO - [2026-03-22T17:06:27.513+0000] {dagbag.py:545} INFO - Filling up the DagBag from /opt/airflow/dags/tmdb_pipeline_to_mart.py
[2026-03-22T17:06:27.535+0000] {processor.py:840} INFO - DAG(s) 'tmdb_mart_pipeline' retrieved from /opt/airflow/dags/tmdb_pipeline_to_mart.py
[2026-03-22T17:06:27.577+0000] {logging_mixin.py:188} INFO - [2026-03-22T17:06:27.577+0000] {dag.py:3096} INFO - Sync 1 DAGs
[2026-03-22T17:06:27.588+0000] {logging_mixin.py:188} INFO - [2026-03-22T17:06:27.588+0000] {dag.py:3954} INFO - Setting next_dagrun for tmdb_mart_pipeline to None, run_after=None
[2026-03-22T17:06:27.611+0000] {processor.py:183} INFO - Processing /opt/airflow/dags/tmdb_pipeline_to_mart.py took 0.111 seconds
[2026-03-22T17:06:58.049+0000] {processor.py:161} INFO - Started process (PID=3849) to work on /opt/airflow/dags/tmdb_pipeline_to_mart.py
[2026-03-22T17:06:58.051+0000] {processor.py:830} INFO - Processing file /opt/airflow/dags/tmdb_pipeline_to_mart.py for tasks to queue
[2026-03-22T17:06:58.052+0000] {logging_mixin.py:188} INFO - [2026-03-22T17:06:58.052+0000] {dagbag.py:545} INFO - Filling up the DagBag from /opt/airflow/dags/tmdb_pipeline_to_mart.py
[2026-03-22T17:06:58.067+0000] {processor.py:840} INFO - DAG(s) 'tmdb_mart_pipeline' retrieved from /opt/airflow/dags/tmdb_pipeline_to_mart.py
[2026-03-22T17:06:58.097+0000] {logging_mixin.py:188} INFO - [2026-03-22T17:06:58.097+0000] {dag.py:3096} INFO - Sync 1 DAGs
[2026-03-22T17:06:58.109+0000] {logging_mixin.py:188} INFO - [2026-03-22T17:06:58.109+0000] {dag.py:3954} INFO - Setting next_dagrun for tmdb_mart_pipeline to None, run_after=None
[2026-03-22T17:06:58.122+0000] {processor.py:183} INFO - Processing /opt/airflow/dags/tmdb_pipeline_to_mart.py took 0.079 seconds
[2026-03-22T17:07:28.636+0000] {processor.py:161} INFO - Started process (PID=3870) to work on /opt/airflow/dags/tmdb_pipeline_to_mart.py
[2026-03-22T17:07:28.638+0000] {processor.py:830} INFO - Processing file /opt/airflow/dags/tmdb_pipeline_to_mart.py for tasks to queue
[2026-03-22T17:07:28.639+0000] {logging_mixin.py:188} INFO - [2026-03-22T17:07:28.638+0000] {dagbag.py:545} INFO - Filling up the DagBag from /opt/airflow/dags/tmdb_pipeline_to_mart.py
[2026-03-22T17:07:28.661+0000] {processor.py:840} INFO - DAG(s) 'tmdb_mart_pipeline' retrieved from /opt/airflow/dags/tmdb_pipeline_to_mart.py
[2026-03-22T17:07:28.695+0000] {logging_mixin.py:188} INFO - [2026-03-22T17:07:28.695+0000] {dag.py:3096} INFO - Sync 1 DAGs
[2026-03-22T17:07:28.715+0000] {logging_mixin.py:188} INFO - [2026-03-22T17:07:28.714+0000] {dag.py:3954} INFO - Setting next_dagrun for tmdb_mart_pipeline to None, run_after=None
[2026-03-22T17:07:28.735+0000] {processor.py:183} INFO - Processing /opt/airflow/dags/tmdb_pipeline_to_mart.py took 0.109 seconds
[2026-03-22T17:07:58.995+0000] {processor.py:161} INFO - Started process (PID=3890) to work on /opt/airflow/dags/tmdb_pipeline_to_mart.py
[2026-03-22T17:07:58.996+0000] {processor.py:830} INFO - Processing file /opt/airflow/dags/tmdb_pipeline_to_mart.py for tasks to queue
[2026-03-22T17:07:58.997+0000] {logging_mixin.py:188} INFO - [2026-03-22T17:07:58.997+0000] {dagbag.py:545} INFO - Filling up the DagBag from /opt/airflow/dags/tmdb_pipeline_to_mart.py
[2026-03-22T17:07:59.008+0000] {processor.py:840} INFO - DAG(s) 'tmdb_mart_pipeline' retrieved from /opt/airflow/dags/tmdb_pipeline_to_mart.py
[2026-03-22T17:07:59.030+0000] {logging_mixin.py:188} INFO - [2026-03-22T17:07:59.030+0000] {dag.py:3096} INFO - Sync 1 DAGs
[2026-03-22T17:07:59.040+0000] {logging_mixin.py:188} INFO - [2026-03-22T17:07:59.040+0000] {dag.py:3954} INFO - Setting next_dagrun for tmdb_mart_pipeline to None, run_after=None
[2026-03-22T17:07:59.053+0000] {processor.py:183} INFO - Processing /opt/airflow/dags/tmdb_pipeline_to_mart.py took 0.063 seconds
[2026-03-22T17:08:29.440+0000] {processor.py:161} INFO - Started process (PID=3909) to work on /opt/airflow/dags/tmdb_pipeline_to_mart.py
[2026-03-22T17:08:29.442+0000] {processor.py:830} INFO - Processing file /opt/airflow/dags/tmdb_pipeline_to_mart.py for tasks to queue
[2026-03-22T17:08:29.444+0000] {logging_mixin.py:188} INFO - [2026-03-22T17:08:29.444+0000] {dagbag.py:545} INFO - Filling up the DagBag from /opt/airflow/dags/tmdb_pipeline_to_mart.py
[2026-03-22T17:08:29.465+0000] {processor.py:840} INFO - DAG(s) 'tmdb_mart_pipeline' retrieved from /opt/airflow/dags/tmdb_pipeline_to_mart.py
[2026-03-22T17:08:29.503+0000] {logging_mixin.py:188} INFO - [2026-03-22T17:08:29.503+0000] {dag.py:3096} INFO - Sync 1 DAGs
[2026-03-22T17:08:29.516+0000] {logging_mixin.py:188} INFO - [2026-03-22T17:08:29.516+0000] {dag.py:3954} INFO - Setting next_dagrun for tmdb_mart_pipeline to None, run_after=None
[2026-03-22T17:08:29.533+0000] {processor.py:183} INFO - Processing /opt/airflow/dags/tmdb_pipeline_to_mart.py took 0.104 seconds
[2026-03-22T17:09:00.326+0000] {processor.py:161} INFO - Started process (PID=3930) to work on /opt/airflow/dags/tmdb_pipeline_to_mart.py
[2026-03-22T17:09:00.329+0000] {processor.py:830} INFO - Processing file /opt/airflow/dags/tmdb_pipeline_to_mart.py for tasks to queue
[2026-03-22T17:09:00.330+0000] {logging_mixin.py:188} INFO - [2026-03-22T17:09:00.329+0000] {dagbag.py:545} INFO - Filling up the DagBag from /opt/airflow/dags/tmdb_pipeline_to_mart.py
[2026-03-22T17:09:00.350+0000] {processor.py:840} INFO - DAG(s) 'tmdb_mart_pipeline' retrieved from /opt/airflow/dags/tmdb_pipeline_to_mart.py
[2026-03-22T17:09:00.391+0000] {logging_mixin.py:188} INFO - [2026-03-22T17:09:00.391+0000] {dag.py:3096} INFO - Sync 1 DAGs
[2026-03-22T17:09:00.408+0000] {logging_mixin.py:188} INFO - [2026-03-22T17:09:00.408+0000] {dag.py:3954} INFO - Setting next_dagrun for tmdb_mart_pipeline to None, run_after=None
[2026-03-22T17:09:00.426+0000] {processor.py:183} INFO - Processing /opt/airflow/dags/tmdb_pipeline_to_mart.py took 0.113 seconds
[2026-03-22T17:09:30.919+0000] {processor.py:161} INFO - Started process (PID=3950) to work on /opt/airflow/dags/tmdb_pipeline_to_mart.py
[2026-03-22T17:09:30.920+0000] {processor.py:830} INFO - Processing file /opt/airflow/dags/tmdb_pipeline_to_mart.py for tasks to queue
[2026-03-22T17:09:30.921+0000] {logging_mixin.py:188} INFO - [2026-03-22T17:09:30.921+0000] {dagbag.py:545} INFO - Filling up the DagBag from /opt/airflow/dags/tmdb_pipeline_to_mart.py
[2026-03-22T17:09:30.951+0000] {processor.py:840} INFO - DAG(s) 'tmdb_mart_pipeline' retrieved from /opt/airflow/dags/tmdb_pipeline_to_mart.py
[2026-03-22T17:09:30.980+0000] {logging_mixin.py:188} INFO - [2026-03-22T17:09:30.980+0000] {dag.py:3096} INFO - Sync 1 DAGs
[2026-03-22T17:09:31.001+0000] {logging_mixin.py:188} INFO - [2026-03-22T17:09:31.001+0000] {dag.py:3954} INFO - Setting next_dagrun for tmdb_mart_pipeline to None, run_after=None
[2026-03-22T17:09:31.019+0000] {processor.py:183} INFO - Processing /opt/airflow/dags/tmdb_pipeline_to_mart.py took 0.107 seconds
[2026-03-22T17:10:01.325+0000] {processor.py:161} INFO - Started process (PID=3969) to work on /opt/airflow/dags/tmdb_pipeline_to_mart.py
[2026-03-22T17:10:01.326+0000] {processor.py:830} INFO - Processing file /opt/airflow/dags/tmdb_pipeline_to_mart.py for tasks to queue
[2026-03-22T17:10:01.328+0000] {logging_mixin.py:188} INFO - [2026-03-22T17:10:01.328+0000] {dagbag.py:545} INFO - Filling up the DagBag from /opt/airflow/dags/tmdb_pipeline_to_mart.py
[2026-03-22T17:10:01.345+0000] {processor.py:840} INFO - DAG(s) 'tmdb_mart_pipeline' retrieved from /opt/airflow/dags/tmdb_pipeline_to_mart.py
[2026-03-22T17:10:01.379+0000] {logging_mixin.py:188} INFO - [2026-03-22T17:10:01.379+0000] {dag.py:3096} INFO - Sync 1 DAGs
[2026-03-22T17:10:01.398+0000] {logging_mixin.py:188} INFO - [2026-03-22T17:10:01.398+0000] {dag.py:3954} INFO - Setting next_dagrun for tmdb_mart_pipeline to None, run_after=None
[2026-03-22T17:10:01.412+0000] {processor.py:183} INFO - Processing /opt/airflow/dags/tmdb_pipeline_to_mart.py took 0.094 seconds
[2026-03-22T17:10:31.725+0000] {processor.py:161} INFO - Started process (PID=3988) to work on /opt/airflow/dags/tmdb_pipeline_to_mart.py
[2026-03-22T17:10:31.728+0000] {processor.py:830} INFO - Processing file /opt/airflow/dags/tmdb_pipeline_to_mart.py for tasks to queue
[2026-03-22T17:10:31.730+0000] {logging_mixin.py:188} INFO - [2026-03-22T17:10:31.730+0000] {dagbag.py:545} INFO - Filling up the DagBag from /opt/airflow/dags/tmdb_pipeline_to_mart.py
[2026-03-22T17:10:31.758+0000] {processor.py:840} INFO - DAG(s) 'tmdb_mart_pipeline' retrieved from /opt/airflow/dags/tmdb_pipeline_to_mart.py
[2026-03-22T17:10:31.793+0000] {logging_mixin.py:188} INFO - [2026-03-22T17:10:31.793+0000] {dag.py:3096} INFO - Sync 1 DAGs
[2026-03-22T17:10:31.802+0000] {logging_mixin.py:188} INFO - [2026-03-22T17:10:31.802+0000] {dag.py:3954} INFO - Setting next_dagrun for tmdb_mart_pipeline to None, run_after=None
[2026-03-22T17:10:31.818+0000] {processor.py:183} INFO - Processing /opt/airflow/dags/tmdb_pipeline_to_mart.py took 0.103 seconds
[2026-03-22T17:11:02.144+0000] {processor.py:161} INFO - Started process (PID=4009) to work on /opt/airflow/dags/tmdb_pipeline_to_mart.py
[2026-03-22T17:11:02.146+0000] {processor.py:830} INFO - Processing file /opt/airflow/dags/tmdb_pipeline_to_mart.py for tasks to queue
[2026-03-22T17:11:02.150+0000] {logging_mixin.py:188} INFO - [2026-03-22T17:11:02.150+0000] {dagbag.py:545} INFO - Filling up the DagBag from /opt/airflow/dags/tmdb_pipeline_to_mart.py
[2026-03-22T17:11:02.171+0000] {processor.py:840} INFO - DAG(s) 'tmdb_mart_pipeline' retrieved from /opt/airflow/dags/tmdb_pipeline_to_mart.py
[2026-03-22T17:11:02.206+0000] {logging_mixin.py:188} INFO - [2026-03-22T17:11:02.206+0000] {dag.py:3096} INFO - Sync 1 DAGs
[2026-03-22T17:11:02.223+0000] {logging_mixin.py:188} INFO - [2026-03-22T17:11:02.223+0000] {dag.py:3954} INFO - Setting next_dagrun for tmdb_mart_pipeline to None, run_after=None
[2026-03-22T17:11:02.242+0000] {processor.py:183} INFO - Processing /opt/airflow/dags/tmdb_pipeline_to_mart.py took 0.109 seconds
[2026-03-22T17:11:32.812+0000] {processor.py:161} INFO - Started process (PID=4029) to work on /opt/airflow/dags/tmdb_pipeline_to_mart.py
[2026-03-22T17:11:32.814+0000] {processor.py:830} INFO - Processing file /opt/airflow/dags/tmdb_pipeline_to_mart.py for tasks to queue
[2026-03-22T17:11:32.816+0000] {logging_mixin.py:188} INFO - [2026-03-22T17:11:32.816+0000] {dagbag.py:545} INFO - Filling up the DagBag from /opt/airflow/dags/tmdb_pipeline_to_mart.py
[2026-03-22T17:11:32.835+0000] {processor.py:840} INFO - DAG(s) 'tmdb_mart_pipeline' retrieved from /opt/airflow/dags/tmdb_pipeline_to_mart.py
[2026-03-22T17:11:32.877+0000] {logging_mixin.py:188} INFO - [2026-03-22T17:11:32.876+0000] {dag.py:3096} INFO - Sync 1 DAGs
[2026-03-22T17:11:32.890+0000] {logging_mixin.py:188} INFO - [2026-03-22T17:11:32.890+0000] {dag.py:3954} INFO - Setting next_dagrun for tmdb_mart_pipeline to None, run_after=None
[2026-03-22T17:11:32.906+0000] {processor.py:183} INFO - Processing /opt/airflow/dags/tmdb_pipeline_to_mart.py took 0.106 seconds
[2026-03-22T17:12:03.509+0000] {processor.py:161} INFO - Started process (PID=4049) to work on /opt/airflow/dags/tmdb_pipeline_to_mart.py
[2026-03-22T17:12:03.513+0000] {processor.py:830} INFO - Processing file /opt/airflow/dags/tmdb_pipeline_to_mart.py for tasks to queue
[2026-03-22T17:12:03.515+0000] {logging_mixin.py:188} INFO - [2026-03-22T17:12:03.514+0000] {dagbag.py:545} INFO - Filling up the DagBag from /opt/airflow/dags/tmdb_pipeline_to_mart.py
[2026-03-22T17:12:03.562+0000] {processor.py:840} INFO - DAG(s) 'tmdb_mart_pipeline' retrieved from /opt/airflow/dags/tmdb_pipeline_to_mart.py
[2026-03-22T17:12:03.646+0000] {logging_mixin.py:188} INFO - [2026-03-22T17:12:03.646+0000] {dag.py:3096} INFO - Sync 1 DAGs
[2026-03-22T17:12:03.669+0000] {logging_mixin.py:188} INFO - [2026-03-22T17:12:03.668+0000] {dag.py:3954} INFO - Setting next_dagrun for tmdb_mart_pipeline to None, run_after=None
[2026-03-22T17:12:03.691+0000] {processor.py:183} INFO - Processing /opt/airflow/dags/tmdb_pipeline_to_mart.py took 0.196 seconds
[2026-03-22T17:12:34.395+0000] {processor.py:161} INFO - Started process (PID=4069) to work on /opt/airflow/dags/tmdb_pipeline_to_mart.py
[2026-03-22T17:12:34.398+0000] {processor.py:830} INFO - Processing file /opt/airflow/dags/tmdb_pipeline_to_mart.py for tasks to queue
[2026-03-22T17:12:34.399+0000] {logging_mixin.py:188} INFO - [2026-03-22T17:12:34.398+0000] {dagbag.py:545} INFO - Filling up the DagBag from /opt/airflow/dags/tmdb_pipeline_to_mart.py
[2026-03-22T17:12:34.418+0000] {processor.py:840} INFO - DAG(s) 'tmdb_mart_pipeline' retrieved from /opt/airflow/dags/tmdb_pipeline_to_mart.py
[2026-03-22T17:12:34.456+0000] {logging_mixin.py:188} INFO - [2026-03-22T17:12:34.456+0000] {dag.py:3096} INFO - Sync 1 DAGs
[2026-03-22T17:12:34.469+0000] {logging_mixin.py:188} INFO - [2026-03-22T17:12:34.469+0000] {dag.py:3954} INFO - Setting next_dagrun for tmdb_mart_pipeline to None, run_after=None
[2026-03-22T17:12:34.484+0000] {processor.py:183} INFO - Processing /opt/airflow/dags/tmdb_pipeline_to_mart.py took 0.098 seconds
[2026-03-22T17:13:05.363+0000] {processor.py:161} INFO - Started process (PID=4089) to work on /opt/airflow/dags/tmdb_pipeline_to_mart.py
[2026-03-22T17:13:05.365+0000] {processor.py:830} INFO - Processing file /opt/airflow/dags/tmdb_pipeline_to_mart.py for tasks to queue
[2026-03-22T17:13:05.368+0000] {logging_mixin.py:188} INFO - [2026-03-22T17:13:05.367+0000] {dagbag.py:545} INFO - Filling up the DagBag from /opt/airflow/dags/tmdb_pipeline_to_mart.py
[2026-03-22T17:13:05.390+0000] {processor.py:840} INFO - DAG(s) 'tmdb_mart_pipeline' retrieved from /opt/airflow/dags/tmdb_pipeline_to_mart.py
[2026-03-22T17:13:05.430+0000] {logging_mixin.py:188} INFO - [2026-03-22T17:13:05.430+0000] {dag.py:3096} INFO - Sync 1 DAGs
[2026-03-22T17:13:05.447+0000] {logging_mixin.py:188} INFO - [2026-03-22T17:13:05.447+0000] {dag.py:3954} INFO - Setting next_dagrun for tmdb_mart_pipeline to None, run_after=None
[2026-03-22T17:13:05.465+0000] {processor.py:183} INFO - Processing /opt/airflow/dags/tmdb_pipeline_to_mart.py took 0.113 seconds
[2026-03-22T17:13:36.101+0000] {processor.py:161} INFO - Started process (PID=4109) to work on /opt/airflow/dags/tmdb_pipeline_to_mart.py
[2026-03-22T17:13:36.102+0000] {processor.py:830} INFO - Processing file /opt/airflow/dags/tmdb_pipeline_to_mart.py for tasks to queue
[2026-03-22T17:13:36.103+0000] {logging_mixin.py:188} INFO - [2026-03-22T17:13:36.102+0000] {dagbag.py:545} INFO - Filling up the DagBag from /opt/airflow/dags/tmdb_pipeline_to_mart.py
[2026-03-22T17:13:36.117+0000] {processor.py:840} INFO - DAG(s) 'tmdb_mart_pipeline' retrieved from /opt/airflow/dags/tmdb_pipeline_to_mart.py
[2026-03-22T17:13:36.145+0000] {logging_mixin.py:188} INFO - [2026-03-22T17:13:36.145+0000] {dag.py:3096} INFO - Sync 1 DAGs
[2026-03-22T17:13:36.153+0000] {logging_mixin.py:188} INFO - [2026-03-22T17:13:36.153+0000] {dag.py:3954} INFO - Setting next_dagrun for tmdb_mart_pipeline to None, run_after=None
[2026-03-22T17:13:36.165+0000] {processor.py:183} INFO - Processing /opt/airflow/dags/tmdb_pipeline_to_mart.py took 0.072 seconds
[2026-03-22T17:14:06.597+0000] {processor.py:161} INFO - Started process (PID=4129) to work on /opt/airflow/dags/tmdb_pipeline_to_mart.py
[2026-03-22T17:14:06.599+0000] {processor.py:830} INFO - Processing file /opt/airflow/dags/tmdb_pipeline_to_mart.py for tasks to queue
[2026-03-22T17:14:06.601+0000] {logging_mixin.py:188} INFO - [2026-03-22T17:14:06.601+0000] {dagbag.py:545} INFO - Filling up the DagBag from /opt/airflow/dags/tmdb_pipeline_to_mart.py
[2026-03-22T17:14:06.619+0000] {processor.py:840} INFO - DAG(s) 'tmdb_mart_pipeline' retrieved from /opt/airflow/dags/tmdb_pipeline_to_mart.py
[2026-03-22T17:14:06.657+0000] {logging_mixin.py:188} INFO - [2026-03-22T17:14:06.657+0000] {dag.py:3096} INFO - Sync 1 DAGs
[2026-03-22T17:14:06.669+0000] {logging_mixin.py:188} INFO - [2026-03-22T17:14:06.669+0000] {dag.py:3954} INFO - Setting next_dagrun for tmdb_mart_pipeline to None, run_after=None
[2026-03-22T17:14:06.684+0000] {processor.py:183} INFO - Processing /opt/airflow/dags/tmdb_pipeline_to_mart.py took 0.094 seconds
[2026-03-22T17:14:37.424+0000] {processor.py:161} INFO - Started process (PID=4149) to work on /opt/airflow/dags/tmdb_pipeline_to_mart.py
[2026-03-22T17:14:37.425+0000] {processor.py:830} INFO - Processing file /opt/airflow/dags/tmdb_pipeline_to_mart.py for tasks to queue
[2026-03-22T17:14:37.426+0000] {logging_mixin.py:188} INFO - [2026-03-22T17:14:37.426+0000] {dagbag.py:545} INFO - Filling up the DagBag from /opt/airflow/dags/tmdb_pipeline_to_mart.py
[2026-03-22T17:14:37.440+0000] {processor.py:840} INFO - DAG(s) 'tmdb_mart_pipeline' retrieved from /opt/airflow/dags/tmdb_pipeline_to_mart.py
[2026-03-22T17:14:37.469+0000] {logging_mixin.py:188} INFO - [2026-03-22T17:14:37.469+0000] {dag.py:3096} INFO - Sync 1 DAGs
[2026-03-22T17:14:37.482+0000] {logging_mixin.py:188} INFO - [2026-03-22T17:14:37.482+0000] {dag.py:3954} INFO - Setting next_dagrun for tmdb_mart_pipeline to None, run_after=None
[2026-03-22T17:14:37.495+0000] {processor.py:183} INFO - Processing /opt/airflow/dags/tmdb_pipeline_to_mart.py took 0.078 seconds
[2026-03-22T17:15:07.898+0000] {processor.py:161} INFO - Started process (PID=4170) to work on /opt/airflow/dags/tmdb_pipeline_to_mart.py
[2026-03-22T17:15:07.902+0000] {processor.py:830} INFO - Processing file /opt/airflow/dags/tmdb_pipeline_to_mart.py for tasks to queue
[2026-03-22T17:15:07.903+0000] {logging_mixin.py:188} INFO - [2026-03-22T17:15:07.902+0000] {dagbag.py:545} INFO - Filling up the DagBag from /opt/airflow/dags/tmdb_pipeline_to_mart.py
[2026-03-22T17:15:07.921+0000] {processor.py:840} INFO - DAG(s) 'tmdb_mart_pipeline' retrieved from /opt/airflow/dags/tmdb_pipeline_to_mart.py
[2026-03-22T17:15:07.955+0000] {logging_mixin.py:188} INFO - [2026-03-22T17:15:07.954+0000] {dag.py:3096} INFO - Sync 1 DAGs
[2026-03-22T17:15:07.976+0000] {logging_mixin.py:188} INFO - [2026-03-22T17:15:07.976+0000] {dag.py:3954} INFO - Setting next_dagrun for tmdb_mart_pipeline to None, run_after=None
[2026-03-22T17:15:07.991+0000] {processor.py:183} INFO - Processing /opt/airflow/dags/tmdb_pipeline_to_mart.py took 0.108 seconds
[2026-03-22T17:15:38.389+0000] {processor.py:161} INFO - Started process (PID=4189) to work on /opt/airflow/dags/tmdb_pipeline_to_mart.py
[2026-03-22T17:15:38.391+0000] {processor.py:830} INFO - Processing file /opt/airflow/dags/tmdb_pipeline_to_mart.py for tasks to queue
[2026-03-22T17:15:38.393+0000] {logging_mixin.py:188} INFO - [2026-03-22T17:15:38.393+0000] {dagbag.py:545} INFO - Filling up the DagBag from /opt/airflow/dags/tmdb_pipeline_to_mart.py
[2026-03-22T17:15:38.416+0000] {processor.py:840} INFO - DAG(s) 'tmdb_mart_pipeline' retrieved from /opt/airflow/dags/tmdb_pipeline_to_mart.py
[2026-03-22T17:15:38.448+0000] {logging_mixin.py:188} INFO - [2026-03-22T17:15:38.448+0000] {dag.py:3096} INFO - Sync 1 DAGs
[2026-03-22T17:15:38.470+0000] {logging_mixin.py:188} INFO - [2026-03-22T17:15:38.469+0000] {dag.py:3954} INFO - Setting next_dagrun for tmdb_mart_pipeline to None, run_after=None
[2026-03-22T17:15:38.484+0000] {processor.py:183} INFO - Processing /opt/airflow/dags/tmdb_pipeline_to_mart.py took 0.106 seconds
[2026-03-22T17:16:08.893+0000] {processor.py:161} INFO - Started process (PID=4209) to work on /opt/airflow/dags/tmdb_pipeline_to_mart.py
[2026-03-22T17:16:08.896+0000] {processor.py:830} INFO - Processing file /opt/airflow/dags/tmdb_pipeline_to_mart.py for tasks to queue
[2026-03-22T17:16:08.897+0000] {logging_mixin.py:188} INFO - [2026-03-22T17:16:08.896+0000] {dagbag.py:545} INFO - Filling up the DagBag from /opt/airflow/dags/tmdb_pipeline_to_mart.py
[2026-03-22T17:16:08.914+0000] {processor.py:840} INFO - DAG(s) 'tmdb_mart_pipeline' retrieved from /opt/airflow/dags/tmdb_pipeline_to_mart.py
[2026-03-22T17:16:08.945+0000] {logging_mixin.py:188} INFO - [2026-03-22T17:16:08.945+0000] {dag.py:3096} INFO - Sync 1 DAGs
[2026-03-22T17:16:08.956+0000] {logging_mixin.py:188} INFO - [2026-03-22T17:16:08.956+0000] {dag.py:3954} INFO - Setting next_dagrun for tmdb_mart_pipeline to None, run_after=None
[2026-03-22T17:16:08.972+0000] {processor.py:183} INFO - Processing /opt/airflow/dags/tmdb_pipeline_to_mart.py took 0.089 seconds
[2026-03-22T17:16:39.415+0000] {processor.py:161} INFO - Started process (PID=4228) to work on /opt/airflow/dags/tmdb_pipeline_to_mart.py
[2026-03-22T17:16:39.418+0000] {processor.py:830} INFO - Processing file /opt/airflow/dags/tmdb_pipeline_to_mart.py for tasks to queue
[2026-03-22T17:16:39.419+0000] {logging_mixin.py:188} INFO - [2026-03-22T17:16:39.419+0000] {dagbag.py:545} INFO - Filling up the DagBag from /opt/airflow/dags/tmdb_pipeline_to_mart.py
[2026-03-22T17:16:39.430+0000] {processor.py:840} INFO - DAG(s) 'tmdb_mart_pipeline' retrieved from /opt/airflow/dags/tmdb_pipeline_to_mart.py
[2026-03-22T17:16:39.468+0000] {logging_mixin.py:188} INFO - [2026-03-22T17:16:39.468+0000] {dag.py:3096} INFO - Sync 1 DAGs
[2026-03-22T17:16:39.477+0000] {logging_mixin.py:188} INFO - [2026-03-22T17:16:39.477+0000] {dag.py:3954} INFO - Setting next_dagrun for tmdb_mart_pipeline to None, run_after=None
[2026-03-22T17:16:39.492+0000] {processor.py:183} INFO - Processing /opt/airflow/dags/tmdb_pipeline_to_mart.py took 0.082 seconds
[2026-03-22T17:17:10.010+0000] {processor.py:161} INFO - Started process (PID=4249) to work on /opt/airflow/dags/tmdb_pipeline_to_mart.py
[2026-03-22T17:17:10.013+0000] {processor.py:830} INFO - Processing file /opt/airflow/dags/tmdb_pipeline_to_mart.py for tasks to queue
[2026-03-22T17:17:10.014+0000] {logging_mixin.py:188} INFO - [2026-03-22T17:17:10.013+0000] {dagbag.py:545} INFO - Filling up the DagBag from /opt/airflow/dags/tmdb_pipeline_to_mart.py
[2026-03-22T17:17:10.029+0000] {processor.py:840} INFO - DAG(s) 'tmdb_mart_pipeline' retrieved from /opt/airflow/dags/tmdb_pipeline_to_mart.py
[2026-03-22T17:17:10.065+0000] {logging_mixin.py:188} INFO - [2026-03-22T17:17:10.065+0000] {dag.py:3096} INFO - Sync 1 DAGs
[2026-03-22T17:17:10.074+0000] {logging_mixin.py:188} INFO - [2026-03-22T17:17:10.074+0000] {dag.py:3954} INFO - Setting next_dagrun for tmdb_mart_pipeline to None, run_after=None
[2026-03-22T17:17:10.096+0000] {processor.py:183} INFO - Processing /opt/airflow/dags/tmdb_pipeline_to_mart.py took 0.093 seconds
[2026-03-22T17:17:40.749+0000] {processor.py:161} INFO - Started process (PID=4269) to work on /opt/airflow/dags/tmdb_pipeline_to_mart.py
[2026-03-22T17:17:40.752+0000] {processor.py:830} INFO - Processing file /opt/airflow/dags/tmdb_pipeline_to_mart.py for tasks to queue
[2026-03-22T17:17:40.755+0000] {logging_mixin.py:188} INFO - [2026-03-22T17:17:40.754+0000] {dagbag.py:545} INFO - Filling up the DagBag from /opt/airflow/dags/tmdb_pipeline_to_mart.py
[2026-03-22T17:17:40.776+0000] {processor.py:840} INFO - DAG(s) 'tmdb_mart_pipeline' retrieved from /opt/airflow/dags/tmdb_pipeline_to_mart.py
[2026-03-22T17:17:40.815+0000] {logging_mixin.py:188} INFO - [2026-03-22T17:17:40.815+0000] {dag.py:3096} INFO - Sync 1 DAGs
[2026-03-22T17:17:40.827+0000] {logging_mixin.py:188} INFO - [2026-03-22T17:17:40.827+0000] {dag.py:3954} INFO - Setting next_dagrun for tmdb_mart_pipeline to None, run_after=None
[2026-03-22T17:17:40.844+0000] {processor.py:183} INFO - Processing /opt/airflow/dags/tmdb_pipeline_to_mart.py took 0.116 seconds
[2026-03-22T17:18:11.650+0000] {processor.py:161} INFO - Started process (PID=4289) to work on /opt/airflow/dags/tmdb_pipeline_to_mart.py
[2026-03-22T17:18:11.653+0000] {processor.py:830} INFO - Processing file /opt/airflow/dags/tmdb_pipeline_to_mart.py for tasks to queue
[2026-03-22T17:18:11.654+0000] {logging_mixin.py:188} INFO - [2026-03-22T17:18:11.654+0000] {dagbag.py:545} INFO - Filling up the DagBag from /opt/airflow/dags/tmdb_pipeline_to_mart.py
[2026-03-22T17:18:11.672+0000] {processor.py:840} INFO - DAG(s) 'tmdb_mart_pipeline' retrieved from /opt/airflow/dags/tmdb_pipeline_to_mart.py
[2026-03-22T17:18:11.707+0000] {logging_mixin.py:188} INFO - [2026-03-22T17:18:11.707+0000] {dag.py:3096} INFO - Sync 1 DAGs
[2026-03-22T17:18:11.716+0000] {logging_mixin.py:188} INFO - [2026-03-22T17:18:11.716+0000] {dag.py:3954} INFO - Setting next_dagrun for tmdb_mart_pipeline to None, run_after=None
[2026-03-22T17:18:11.728+0000] {processor.py:183} INFO - Processing /opt/airflow/dags/tmdb_pipeline_to_mart.py took 0.088 seconds
[2026-03-22T17:18:42.064+0000] {processor.py:161} INFO - Started process (PID=4309) to work on /opt/airflow/dags/tmdb_pipeline_to_mart.py
[2026-03-22T17:18:42.068+0000] {processor.py:830} INFO - Processing file /opt/airflow/dags/tmdb_pipeline_to_mart.py for tasks to queue
[2026-03-22T17:18:42.070+0000] {logging_mixin.py:188} INFO - [2026-03-22T17:18:42.069+0000] {dagbag.py:545} INFO - Filling up the DagBag from /opt/airflow/dags/tmdb_pipeline_to_mart.py
[2026-03-22T17:18:42.086+0000] {processor.py:840} INFO - DAG(s) 'tmdb_mart_pipeline' retrieved from /opt/airflow/dags/tmdb_pipeline_to_mart.py
[2026-03-22T17:18:42.124+0000] {logging_mixin.py:188} INFO - [2026-03-22T17:18:42.124+0000] {dag.py:3096} INFO - Sync 1 DAGs
[2026-03-22T17:18:42.138+0000] {logging_mixin.py:188} INFO - [2026-03-22T17:18:42.138+0000] {dag.py:3954} INFO - Setting next_dagrun for tmdb_mart_pipeline to None, run_after=None
[2026-03-22T17:18:42.152+0000] {processor.py:183} INFO - Processing /opt/airflow/dags/tmdb_pipeline_to_mart.py took 0.097 seconds
[2026-03-22T17:19:12.869+0000] {processor.py:161} INFO - Started process (PID=4329) to work on /opt/airflow/dags/tmdb_pipeline_to_mart.py
[2026-03-22T17:19:12.872+0000] {processor.py:830} INFO - Processing file /opt/airflow/dags/tmdb_pipeline_to_mart.py for tasks to queue
[2026-03-22T17:19:12.873+0000] {logging_mixin.py:188} INFO - [2026-03-22T17:19:12.873+0000] {dagbag.py:545} INFO - Filling up the DagBag from /opt/airflow/dags/tmdb_pipeline_to_mart.py
[2026-03-22T17:19:12.889+0000] {processor.py:840} INFO - DAG(s) 'tmdb_mart_pipeline' retrieved from /opt/airflow/dags/tmdb_pipeline_to_mart.py
[2026-03-22T17:19:12.923+0000] {logging_mixin.py:188} INFO - [2026-03-22T17:19:12.923+0000] {dag.py:3096} INFO - Sync 1 DAGs
[2026-03-22T17:19:12.935+0000] {logging_mixin.py:188} INFO - [2026-03-22T17:19:12.934+0000] {dag.py:3954} INFO - Setting next_dagrun for tmdb_mart_pipeline to None, run_after=None
[2026-03-22T17:19:12.950+0000] {processor.py:183} INFO - Processing /opt/airflow/dags/tmdb_pipeline_to_mart.py took 0.090 seconds
[2026-03-22T17:19:43.526+0000] {processor.py:161} INFO - Started process (PID=4350) to work on /opt/airflow/dags/tmdb_pipeline_to_mart.py
[2026-03-22T17:19:43.532+0000] {processor.py:830} INFO - Processing file /opt/airflow/dags/tmdb_pipeline_to_mart.py for tasks to queue
[2026-03-22T17:19:43.533+0000] {logging_mixin.py:188} INFO - [2026-03-22T17:19:43.532+0000] {dagbag.py:545} INFO - Filling up the DagBag from /opt/airflow/dags/tmdb_pipeline_to_mart.py
[2026-03-22T17:19:43.547+0000] {processor.py:840} INFO - DAG(s) 'tmdb_mart_pipeline' retrieved from /opt/airflow/dags/tmdb_pipeline_to_mart.py
[2026-03-22T17:19:43.585+0000] {logging_mixin.py:188} INFO - [2026-03-22T17:19:43.585+0000] {dag.py:3096} INFO - Sync 1 DAGs
[2026-03-22T17:19:43.598+0000] {logging_mixin.py:188} INFO - [2026-03-22T17:19:43.598+0000] {dag.py:3954} INFO - Setting next_dagrun for tmdb_mart_pipeline to None, run_after=None
[2026-03-22T17:19:43.615+0000] {processor.py:183} INFO - Processing /opt/airflow/dags/tmdb_pipeline_to_mart.py took 0.108 seconds
[2026-03-22T17:20:14.301+0000] {processor.py:161} INFO - Started process (PID=4372) to work on /opt/airflow/dags/tmdb_pipeline_to_mart.py
[2026-03-22T17:20:14.304+0000] {processor.py:830} INFO - Processing file /opt/airflow/dags/tmdb_pipeline_to_mart.py for tasks to queue
[2026-03-22T17:20:14.305+0000] {logging_mixin.py:188} INFO - [2026-03-22T17:20:14.305+0000] {dagbag.py:545} INFO - Filling up the DagBag from /opt/airflow/dags/tmdb_pipeline_to_mart.py
[2026-03-22T17:20:14.332+0000] {processor.py:840} INFO - DAG(s) 'tmdb_mart_pipeline' retrieved from /opt/airflow/dags/tmdb_pipeline_to_mart.py
[2026-03-22T17:20:14.417+0000] {logging_mixin.py:188} INFO - [2026-03-22T17:20:14.417+0000] {dag.py:3096} INFO - Sync 1 DAGs
[2026-03-22T17:20:14.441+0000] {logging_mixin.py:188} INFO - [2026-03-22T17:20:14.441+0000] {dag.py:3954} INFO - Setting next_dagrun for tmdb_mart_pipeline to None, run_after=None
[2026-03-22T17:20:14.455+0000] {processor.py:183} INFO - Processing /opt/airflow/dags/tmdb_pipeline_to_mart.py took 0.178 seconds
[2026-03-22T17:20:44.922+0000] {processor.py:161} INFO - Started process (PID=4394) to work on /opt/airflow/dags/tmdb_pipeline_to_mart.py
[2026-03-22T17:20:44.924+0000] {processor.py:830} INFO - Processing file /opt/airflow/dags/tmdb_pipeline_to_mart.py for tasks to queue
[2026-03-22T17:20:44.925+0000] {logging_mixin.py:188} INFO - [2026-03-22T17:20:44.925+0000] {dagbag.py:545} INFO - Filling up the DagBag from /opt/airflow/dags/tmdb_pipeline_to_mart.py
[2026-03-22T17:20:44.935+0000] {processor.py:840} INFO - DAG(s) 'tmdb_mart_pipeline' retrieved from /opt/airflow/dags/tmdb_pipeline_to_mart.py
[2026-03-22T17:20:44.953+0000] {logging_mixin.py:188} INFO - [2026-03-22T17:20:44.953+0000] {dag.py:3096} INFO - Sync 1 DAGs
[2026-03-22T17:20:44.959+0000] {logging_mixin.py:188} INFO - [2026-03-22T17:20:44.959+0000] {dag.py:3954} INFO - Setting next_dagrun for tmdb_mart_pipeline to None, run_after=None
[2026-03-22T17:20:44.968+0000] {processor.py:183} INFO - Processing /opt/airflow/dags/tmdb_pipeline_to_mart.py took 0.053 seconds
[2026-03-22T17:21:15.338+0000] {processor.py:161} INFO - Started process (PID=4414) to work on /opt/airflow/dags/tmdb_pipeline_to_mart.py
[2026-03-22T17:21:15.341+0000] {processor.py:830} INFO - Processing file /opt/airflow/dags/tmdb_pipeline_to_mart.py for tasks to queue
[2026-03-22T17:21:15.342+0000] {logging_mixin.py:188} INFO - [2026-03-22T17:21:15.341+0000] {dagbag.py:545} INFO - Filling up the DagBag from /opt/airflow/dags/tmdb_pipeline_to_mart.py
[2026-03-22T17:21:15.351+0000] {processor.py:840} INFO - DAG(s) 'tmdb_mart_pipeline' retrieved from /opt/airflow/dags/tmdb_pipeline_to_mart.py
[2026-03-22T17:21:15.372+0000] {logging_mixin.py:188} INFO - [2026-03-22T17:21:15.372+0000] {dag.py:3096} INFO - Sync 1 DAGs
[2026-03-22T17:21:15.381+0000] {logging_mixin.py:188} INFO - [2026-03-22T17:21:15.381+0000] {dag.py:3954} INFO - Setting next_dagrun for tmdb_mart_pipeline to None, run_after=None
[2026-03-22T17:21:15.392+0000] {processor.py:183} INFO - Processing /opt/airflow/dags/tmdb_pipeline_to_mart.py took 0.063 seconds
[2026-03-22T17:21:45.625+0000] {processor.py:161} INFO - Started process (PID=4434) to work on /opt/airflow/dags/tmdb_pipeline_to_mart.py
[2026-03-22T17:21:45.630+0000] {processor.py:830} INFO - Processing file /opt/airflow/dags/tmdb_pipeline_to_mart.py for tasks to queue
[2026-03-22T17:21:45.633+0000] {logging_mixin.py:188} INFO - [2026-03-22T17:21:45.632+0000] {dagbag.py:545} INFO - Filling up the DagBag from /opt/airflow/dags/tmdb_pipeline_to_mart.py
[2026-03-22T17:21:45.662+0000] {processor.py:840} INFO - DAG(s) 'tmdb_mart_pipeline' retrieved from /opt/airflow/dags/tmdb_pipeline_to_mart.py
[2026-03-22T17:21:45.726+0000] {logging_mixin.py:188} INFO - [2026-03-22T17:21:45.725+0000] {dag.py:3096} INFO - Sync 1 DAGs
[2026-03-22T17:21:45.749+0000] {logging_mixin.py:188} INFO - [2026-03-22T17:21:45.748+0000] {dag.py:3954} INFO - Setting next_dagrun for tmdb_mart_pipeline to None, run_after=None
[2026-03-22T17:21:45.780+0000] {processor.py:183} INFO - Processing /opt/airflow/dags/tmdb_pipeline_to_mart.py took 0.179 seconds
[2026-03-22T17:22:16.262+0000] {processor.py:161} INFO - Started process (PID=4454) to work on /opt/airflow/dags/tmdb_pipeline_to_mart.py
[2026-03-22T17:22:16.263+0000] {processor.py:830} INFO - Processing file /opt/airflow/dags/tmdb_pipeline_to_mart.py for tasks to queue
[2026-03-22T17:22:16.264+0000] {logging_mixin.py:188} INFO - [2026-03-22T17:22:16.264+0000] {dagbag.py:545} INFO - Filling up the DagBag from /opt/airflow/dags/tmdb_pipeline_to_mart.py
[2026-03-22T17:22:16.275+0000] {processor.py:840} INFO - DAG(s) 'tmdb_mart_pipeline' retrieved from /opt/airflow/dags/tmdb_pipeline_to_mart.py
[2026-03-22T17:22:16.295+0000] {logging_mixin.py:188} INFO - [2026-03-22T17:22:16.295+0000] {dag.py:3096} INFO - Sync 1 DAGs
[2026-03-22T17:22:16.303+0000] {logging_mixin.py:188} INFO - [2026-03-22T17:22:16.303+0000] {dag.py:3954} INFO - Setting next_dagrun for tmdb_mart_pipeline to None, run_after=None
[2026-03-22T17:22:16.312+0000] {processor.py:183} INFO - Processing /opt/airflow/dags/tmdb_pipeline_to_mart.py took 0.058 seconds
[2026-03-22T17:22:46.656+0000] {processor.py:161} INFO - Started process (PID=4474) to work on /opt/airflow/dags/tmdb_pipeline_to_mart.py
[2026-03-22T17:22:46.657+0000] {processor.py:830} INFO - Processing file /opt/airflow/dags/tmdb_pipeline_to_mart.py for tasks to queue
[2026-03-22T17:22:46.658+0000] {logging_mixin.py:188} INFO - [2026-03-22T17:22:46.658+0000] {dagbag.py:545} INFO - Filling up the DagBag from /opt/airflow/dags/tmdb_pipeline_to_mart.py
[2026-03-22T17:22:46.664+0000] {processor.py:840} INFO - DAG(s) 'tmdb_mart_pipeline' retrieved from /opt/airflow/dags/tmdb_pipeline_to_mart.py
[2026-03-22T17:22:46.678+0000] {logging_mixin.py:188} INFO - [2026-03-22T17:22:46.678+0000] {dag.py:3096} INFO - Sync 1 DAGs
[2026-03-22T17:22:46.684+0000] {logging_mixin.py:188} INFO - [2026-03-22T17:22:46.684+0000] {dag.py:3954} INFO - Setting next_dagrun for tmdb_mart_pipeline to None, run_after=None
[2026-03-22T17:22:46.692+0000] {processor.py:183} INFO - Processing /opt/airflow/dags/tmdb_pipeline_to_mart.py took 0.040 seconds
[2026-03-22T17:23:17.024+0000] {processor.py:161} INFO - Started process (PID=4494) to work on /opt/airflow/dags/tmdb_pipeline_to_mart.py
[2026-03-22T17:23:17.026+0000] {processor.py:830} INFO - Processing file /opt/airflow/dags/tmdb_pipeline_to_mart.py for tasks to queue
[2026-03-22T17:23:17.027+0000] {logging_mixin.py:188} INFO - [2026-03-22T17:23:17.026+0000] {dagbag.py:545} INFO - Filling up the DagBag from /opt/airflow/dags/tmdb_pipeline_to_mart.py
[2026-03-22T17:23:17.034+0000] {processor.py:840} INFO - DAG(s) 'tmdb_mart_pipeline' retrieved from /opt/airflow/dags/tmdb_pipeline_to_mart.py
[2026-03-22T17:23:17.050+0000] {logging_mixin.py:188} INFO - [2026-03-22T17:23:17.050+0000] {dag.py:3096} INFO - Sync 1 DAGs
[2026-03-22T17:23:17.056+0000] {logging_mixin.py:188} INFO - [2026-03-22T17:23:17.056+0000] {dag.py:3954} INFO - Setting next_dagrun for tmdb_mart_pipeline to None, run_after=None
[2026-03-22T17:23:17.064+0000] {processor.py:183} INFO - Processing /opt/airflow/dags/tmdb_pipeline_to_mart.py took 0.047 seconds
[2026-03-22T17:23:47.422+0000] {processor.py:161} INFO - Started process (PID=4514) to work on /opt/airflow/dags/tmdb_pipeline_to_mart.py
[2026-03-22T17:23:47.423+0000] {processor.py:830} INFO - Processing file /opt/airflow/dags/tmdb_pipeline_to_mart.py for tasks to queue
[2026-03-22T17:23:47.424+0000] {logging_mixin.py:188} INFO - [2026-03-22T17:23:47.423+0000] {dagbag.py:545} INFO - Filling up the DagBag from /opt/airflow/dags/tmdb_pipeline_to_mart.py
[2026-03-22T17:23:47.431+0000] {processor.py:840} INFO - DAG(s) 'tmdb_mart_pipeline' retrieved from /opt/airflow/dags/tmdb_pipeline_to_mart.py
[2026-03-22T17:23:47.447+0000] {logging_mixin.py:188} INFO - [2026-03-22T17:23:47.447+0000] {dag.py:3096} INFO - Sync 1 DAGs
[2026-03-22T17:23:47.453+0000] {logging_mixin.py:188} INFO - [2026-03-22T17:23:47.452+0000] {dag.py:3954} INFO - Setting next_dagrun for tmdb_mart_pipeline to None, run_after=None
[2026-03-22T17:23:47.460+0000] {processor.py:183} INFO - Processing /opt/airflow/dags/tmdb_pipeline_to_mart.py took 0.043 seconds
[2026-03-22T17:24:17.830+0000] {processor.py:161} INFO - Started process (PID=4534) to work on /opt/airflow/dags/tmdb_pipeline_to_mart.py
[2026-03-22T17:24:17.833+0000] {processor.py:830} INFO - Processing file /opt/airflow/dags/tmdb_pipeline_to_mart.py for tasks to queue
[2026-03-22T17:24:17.833+0000] {logging_mixin.py:188} INFO - [2026-03-22T17:24:17.833+0000] {dagbag.py:545} INFO - Filling up the DagBag from /opt/airflow/dags/tmdb_pipeline_to_mart.py
[2026-03-22T17:24:17.841+0000] {processor.py:840} INFO - DAG(s) 'tmdb_mart_pipeline' retrieved from /opt/airflow/dags/tmdb_pipeline_to_mart.py
[2026-03-22T17:24:17.855+0000] {logging_mixin.py:188} INFO - [2026-03-22T17:24:17.855+0000] {dag.py:3096} INFO - Sync 1 DAGs
[2026-03-22T17:24:17.861+0000] {logging_mixin.py:188} INFO - [2026-03-22T17:24:17.861+0000] {dag.py:3954} INFO - Setting next_dagrun for tmdb_mart_pipeline to None, run_after=None
[2026-03-22T17:24:17.868+0000] {processor.py:183} INFO - Processing /opt/airflow/dags/tmdb_pipeline_to_mart.py took 0.043 seconds
[2026-03-22T17:24:48.230+0000] {processor.py:161} INFO - Started process (PID=4554) to work on /opt/airflow/dags/tmdb_pipeline_to_mart.py
[2026-03-22T17:24:48.231+0000] {processor.py:830} INFO - Processing file /opt/airflow/dags/tmdb_pipeline_to_mart.py for tasks to queue
[2026-03-22T17:24:48.232+0000] {logging_mixin.py:188} INFO - [2026-03-22T17:24:48.232+0000] {dagbag.py:545} INFO - Filling up the DagBag from /opt/airflow/dags/tmdb_pipeline_to_mart.py
[2026-03-22T17:24:48.241+0000] {processor.py:840} INFO - DAG(s) 'tmdb_mart_pipeline' retrieved from /opt/airflow/dags/tmdb_pipeline_to_mart.py
[2026-03-22T17:24:48.255+0000] {logging_mixin.py:188} INFO - [2026-03-22T17:24:48.255+0000] {dag.py:3096} INFO - Sync 1 DAGs
[2026-03-22T17:24:48.261+0000] {logging_mixin.py:188} INFO - [2026-03-22T17:24:48.261+0000] {dag.py:3954} INFO - Setting next_dagrun for tmdb_mart_pipeline to None, run_after=None
[2026-03-22T17:24:48.268+0000] {processor.py:183} INFO - Processing /opt/airflow/dags/tmdb_pipeline_to_mart.py took 0.043 seconds
[2026-03-22T17:25:18.617+0000] {processor.py:161} INFO - Started process (PID=4574) to work on /opt/airflow/dags/tmdb_pipeline_to_mart.py
[2026-03-22T17:25:18.618+0000] {processor.py:830} INFO - Processing file /opt/airflow/dags/tmdb_pipeline_to_mart.py for tasks to queue
[2026-03-22T17:25:18.618+0000] {logging_mixin.py:188} INFO - [2026-03-22T17:25:18.618+0000] {dagbag.py:545} INFO - Filling up the DagBag from /opt/airflow/dags/tmdb_pipeline_to_mart.py
[2026-03-22T17:25:18.626+0000] {processor.py:840} INFO - DAG(s) 'tmdb_mart_pipeline' retrieved from /opt/airflow/dags/tmdb_pipeline_to_mart.py
[2026-03-22T17:25:18.640+0000] {logging_mixin.py:188} INFO - [2026-03-22T17:25:18.640+0000] {dag.py:3096} INFO - Sync 1 DAGs
[2026-03-22T17:25:18.658+0000] {logging_mixin.py:188} INFO - [2026-03-22T17:25:18.658+0000] {dag.py:3954} INFO - Setting next_dagrun for tmdb_mart_pipeline to None, run_after=None
[2026-03-22T17:25:18.666+0000] {processor.py:183} INFO - Processing /opt/airflow/dags/tmdb_pipeline_to_mart.py took 0.062 seconds
[2026-03-22T17:25:49.049+0000] {processor.py:161} INFO - Started process (PID=4596) to work on /opt/airflow/dags/tmdb_pipeline_to_mart.py
[2026-03-22T17:25:49.050+0000] {processor.py:830} INFO - Processing file /opt/airflow/dags/tmdb_pipeline_to_mart.py for tasks to queue
[2026-03-22T17:25:49.051+0000] {logging_mixin.py:188} INFO - [2026-03-22T17:25:49.051+0000] {dagbag.py:545} INFO - Filling up the DagBag from /opt/airflow/dags/tmdb_pipeline_to_mart.py
[2026-03-22T17:25:49.059+0000] {processor.py:840} INFO - DAG(s) 'tmdb_mart_pipeline' retrieved from /opt/airflow/dags/tmdb_pipeline_to_mart.py
[2026-03-22T17:25:49.084+0000] {logging_mixin.py:188} INFO - [2026-03-22T17:25:49.084+0000] {dag.py:3096} INFO - Sync 1 DAGs
[2026-03-22T17:25:49.092+0000] {logging_mixin.py:188} INFO - [2026-03-22T17:25:49.092+0000] {dag.py:3954} INFO - Setting next_dagrun for tmdb_mart_pipeline to None, run_after=None
[2026-03-22T17:25:49.103+0000] {processor.py:183} INFO - Processing /opt/airflow/dags/tmdb_pipeline_to_mart.py took 0.057 seconds
[2026-03-22T17:26:19.486+0000] {processor.py:161} INFO - Started process (PID=4622) to work on /opt/airflow/dags/tmdb_pipeline_to_mart.py
[2026-03-22T17:26:19.488+0000] {processor.py:830} INFO - Processing file /opt/airflow/dags/tmdb_pipeline_to_mart.py for tasks to queue
[2026-03-22T17:26:19.489+0000] {logging_mixin.py:188} INFO - [2026-03-22T17:26:19.488+0000] {dagbag.py:545} INFO - Filling up the DagBag from /opt/airflow/dags/tmdb_pipeline_to_mart.py
[2026-03-22T17:26:19.496+0000] {processor.py:840} INFO - DAG(s) 'tmdb_mart_pipeline' retrieved from /opt/airflow/dags/tmdb_pipeline_to_mart.py
[2026-03-22T17:26:19.511+0000] {logging_mixin.py:188} INFO - [2026-03-22T17:26:19.511+0000] {dag.py:3096} INFO - Sync 1 DAGs
[2026-03-22T17:26:19.517+0000] {logging_mixin.py:188} INFO - [2026-03-22T17:26:19.516+0000] {dag.py:3954} INFO - Setting next_dagrun for tmdb_mart_pipeline to None, run_after=None
[2026-03-22T17:26:19.523+0000] {processor.py:183} INFO - Processing /opt/airflow/dags/tmdb_pipeline_to_mart.py took 0.043 seconds
[2026-03-22T17:26:49.867+0000] {processor.py:161} INFO - Started process (PID=4642) to work on /opt/airflow/dags/tmdb_pipeline_to_mart.py
[2026-03-22T17:26:49.870+0000] {processor.py:830} INFO - Processing file /opt/airflow/dags/tmdb_pipeline_to_mart.py for tasks to queue
[2026-03-22T17:26:49.870+0000] {logging_mixin.py:188} INFO - [2026-03-22T17:26:49.870+0000] {dagbag.py:545} INFO - Filling up the DagBag from /opt/airflow/dags/tmdb_pipeline_to_mart.py
[2026-03-22T17:26:49.879+0000] {processor.py:840} INFO - DAG(s) 'tmdb_mart_pipeline' retrieved from /opt/airflow/dags/tmdb_pipeline_to_mart.py
[2026-03-22T17:26:49.891+0000] {logging_mixin.py:188} INFO - [2026-03-22T17:26:49.891+0000] {dag.py:3096} INFO - Sync 1 DAGs
[2026-03-22T17:26:49.897+0000] {logging_mixin.py:188} INFO - [2026-03-22T17:26:49.897+0000] {dag.py:3954} INFO - Setting next_dagrun for tmdb_mart_pipeline to None, run_after=None
[2026-03-22T17:26:49.904+0000] {processor.py:183} INFO - Processing /opt/airflow/dags/tmdb_pipeline_to_mart.py took 0.042 seconds
[2026-03-22T17:27:20.278+0000] {processor.py:161} INFO - Started process (PID=4662) to work on /opt/airflow/dags/tmdb_pipeline_to_mart.py
[2026-03-22T17:27:20.280+0000] {processor.py:830} INFO - Processing file /opt/airflow/dags/tmdb_pipeline_to_mart.py for tasks to queue
[2026-03-22T17:27:20.281+0000] {logging_mixin.py:188} INFO - [2026-03-22T17:27:20.281+0000] {dagbag.py:545} INFO - Filling up the DagBag from /opt/airflow/dags/tmdb_pipeline_to_mart.py
[2026-03-22T17:27:20.291+0000] {processor.py:840} INFO - DAG(s) 'tmdb_mart_pipeline' retrieved from /opt/airflow/dags/tmdb_pipeline_to_mart.py
[2026-03-22T17:27:20.304+0000] {logging_mixin.py:188} INFO - [2026-03-22T17:27:20.304+0000] {dag.py:3096} INFO - Sync 1 DAGs
[2026-03-22T17:27:20.310+0000] {logging_mixin.py:188} INFO - [2026-03-22T17:27:20.310+0000] {dag.py:3954} INFO - Setting next_dagrun for tmdb_mart_pipeline to None, run_after=None
[2026-03-22T17:27:20.316+0000] {processor.py:183} INFO - Processing /opt/airflow/dags/tmdb_pipeline_to_mart.py took 0.045 seconds
[2026-03-22T17:27:50.689+0000] {processor.py:161} INFO - Started process (PID=4682) to work on /opt/airflow/dags/tmdb_pipeline_to_mart.py
[2026-03-22T17:27:50.690+0000] {processor.py:830} INFO - Processing file /opt/airflow/dags/tmdb_pipeline_to_mart.py for tasks to queue
[2026-03-22T17:27:50.691+0000] {logging_mixin.py:188} INFO - [2026-03-22T17:27:50.691+0000] {dagbag.py:545} INFO - Filling up the DagBag from /opt/airflow/dags/tmdb_pipeline_to_mart.py
[2026-03-22T17:27:50.698+0000] {processor.py:840} INFO - DAG(s) 'tmdb_mart_pipeline' retrieved from /opt/airflow/dags/tmdb_pipeline_to_mart.py
[2026-03-22T17:27:50.713+0000] {logging_mixin.py:188} INFO - [2026-03-22T17:27:50.713+0000] {dag.py:3096} INFO - Sync 1 DAGs
[2026-03-22T17:27:50.719+0000] {logging_mixin.py:188} INFO - [2026-03-22T17:27:50.719+0000] {dag.py:3954} INFO - Setting next_dagrun for tmdb_mart_pipeline to None, run_after=None
[2026-03-22T17:27:50.727+0000] {processor.py:183} INFO - Processing /opt/airflow/dags/tmdb_pipeline_to_mart.py took 0.043 seconds
[2026-03-22T17:28:21.162+0000] {processor.py:161} INFO - Started process (PID=4702) to work on /opt/airflow/dags/tmdb_pipeline_to_mart.py
[2026-03-22T17:28:21.164+0000] {processor.py:830} INFO - Processing file /opt/airflow/dags/tmdb_pipeline_to_mart.py for tasks to queue
[2026-03-22T17:28:21.165+0000] {logging_mixin.py:188} INFO - [2026-03-22T17:28:21.165+0000] {dagbag.py:545} INFO - Filling up the DagBag from /opt/airflow/dags/tmdb_pipeline_to_mart.py
[2026-03-22T17:28:21.182+0000] {processor.py:840} INFO - DAG(s) 'tmdb_mart_pipeline' retrieved from /opt/airflow/dags/tmdb_pipeline_to_mart.py
[2026-03-22T17:28:21.200+0000] {logging_mixin.py:188} INFO - [2026-03-22T17:28:21.200+0000] {dag.py:3096} INFO - Sync 1 DAGs
[2026-03-22T17:28:21.209+0000] {logging_mixin.py:188} INFO - [2026-03-22T17:28:21.209+0000] {dag.py:3954} INFO - Setting next_dagrun for tmdb_mart_pipeline to None, run_after=None
[2026-03-22T17:28:21.217+0000] {processor.py:183} INFO - Processing /opt/airflow/dags/tmdb_pipeline_to_mart.py took 0.063 seconds
[2026-03-22T17:29:37.094+0000] {processor.py:161} INFO - Started process (PID=4720) to work on /opt/airflow/dags/tmdb_pipeline_to_mart.py
[2026-03-22T17:29:37.094+0000] {processor.py:830} INFO - Processing file /opt/airflow/dags/tmdb_pipeline_to_mart.py for tasks to queue
[2026-03-22T17:29:37.095+0000] {logging_mixin.py:188} INFO - [2026-03-22T17:29:37.095+0000] {dagbag.py:545} INFO - Filling up the DagBag from /opt/airflow/dags/tmdb_pipeline_to_mart.py
[2026-03-22T17:29:37.101+0000] {processor.py:840} INFO - DAG(s) 'tmdb_mart_pipeline' retrieved from /opt/airflow/dags/tmdb_pipeline_to_mart.py
[2026-03-22T17:29:37.111+0000] {logging_mixin.py:188} INFO - [2026-03-22T17:29:37.111+0000] {dag.py:3096} INFO - Sync 1 DAGs
[2026-03-22T17:29:37.117+0000] {logging_mixin.py:188} INFO - [2026-03-22T17:29:37.116+0000] {dag.py:3954} INFO - Setting next_dagrun for tmdb_mart_pipeline to None, run_after=None
[2026-03-22T17:29:37.123+0000] {processor.py:183} INFO - Processing /opt/airflow/dags/tmdb_pipeline_to_mart.py took 0.032 seconds
[2026-03-22T17:30:07.546+0000] {processor.py:161} INFO - Started process (PID=4740) to work on /opt/airflow/dags/tmdb_pipeline_to_mart.py
[2026-03-22T17:30:07.547+0000] {processor.py:830} INFO - Processing file /opt/airflow/dags/tmdb_pipeline_to_mart.py for tasks to queue
[2026-03-22T17:30:07.549+0000] {logging_mixin.py:188} INFO - [2026-03-22T17:30:07.549+0000] {dagbag.py:545} INFO - Filling up the DagBag from /opt/airflow/dags/tmdb_pipeline_to_mart.py
[2026-03-22T17:30:07.553+0000] {processor.py:840} INFO - DAG(s) 'tmdb_mart_pipeline' retrieved from /opt/airflow/dags/tmdb_pipeline_to_mart.py
[2026-03-22T17:30:07.567+0000] {logging_mixin.py:188} INFO - [2026-03-22T17:30:07.567+0000] {dag.py:3096} INFO - Sync 1 DAGs
[2026-03-22T17:30:07.573+0000] {logging_mixin.py:188} INFO - [2026-03-22T17:30:07.573+0000] {dag.py:3954} INFO - Setting next_dagrun for tmdb_mart_pipeline to None, run_after=None
[2026-03-22T17:30:07.589+0000] {processor.py:183} INFO - Processing /opt/airflow/dags/tmdb_pipeline_to_mart.py took 0.045 seconds
[2026-03-22T17:30:37.977+0000] {processor.py:161} INFO - Started process (PID=4760) to work on /opt/airflow/dags/tmdb_pipeline_to_mart.py
[2026-03-22T17:30:37.977+0000] {processor.py:830} INFO - Processing file /opt/airflow/dags/tmdb_pipeline_to_mart.py for tasks to queue
[2026-03-22T17:30:37.979+0000] {logging_mixin.py:188} INFO - [2026-03-22T17:30:37.979+0000] {dagbag.py:545} INFO - Filling up the DagBag from /opt/airflow/dags/tmdb_pipeline_to_mart.py
[2026-03-22T17:30:37.984+0000] {processor.py:840} INFO - DAG(s) 'tmdb_mart_pipeline' retrieved from /opt/airflow/dags/tmdb_pipeline_to_mart.py
[2026-03-22T17:30:37.998+0000] {logging_mixin.py:188} INFO - [2026-03-22T17:30:37.997+0000] {dag.py:3096} INFO - Sync 1 DAGs
[2026-03-22T17:30:38.002+0000] {logging_mixin.py:188} INFO - [2026-03-22T17:30:38.002+0000] {dag.py:3954} INFO - Setting next_dagrun for tmdb_mart_pipeline to None, run_after=None
[2026-03-22T17:30:38.014+0000] {processor.py:183} INFO - Processing /opt/airflow/dags/tmdb_pipeline_to_mart.py took 0.040 seconds
[2026-03-22T17:31:08.440+0000] {processor.py:161} INFO - Started process (PID=4782) to work on /opt/airflow/dags/tmdb_pipeline_to_mart.py
[2026-03-22T17:31:08.441+0000] {processor.py:830} INFO - Processing file /opt/airflow/dags/tmdb_pipeline_to_mart.py for tasks to queue
[2026-03-22T17:31:08.441+0000] {logging_mixin.py:188} INFO - [2026-03-22T17:31:08.441+0000] {dagbag.py:545} INFO - Filling up the DagBag from /opt/airflow/dags/tmdb_pipeline_to_mart.py
[2026-03-22T17:31:08.445+0000] {processor.py:840} INFO - DAG(s) 'tmdb_mart_pipeline' retrieved from /opt/airflow/dags/tmdb_pipeline_to_mart.py
[2026-03-22T17:31:08.453+0000] {logging_mixin.py:188} INFO - [2026-03-22T17:31:08.453+0000] {dag.py:3096} INFO - Sync 1 DAGs
[2026-03-22T17:31:08.457+0000] {logging_mixin.py:188} INFO - [2026-03-22T17:31:08.457+0000] {dag.py:3954} INFO - Setting next_dagrun for tmdb_mart_pipeline to None, run_after=None
[2026-03-22T17:31:08.463+0000] {processor.py:183} INFO - Processing /opt/airflow/dags/tmdb_pipeline_to_mart.py took 0.025 seconds
[2026-03-22T17:31:38.898+0000] {processor.py:161} INFO - Started process (PID=4800) to work on /opt/airflow/dags/tmdb_pipeline_to_mart.py
[2026-03-22T17:31:38.899+0000] {processor.py:830} INFO - Processing file /opt/airflow/dags/tmdb_pipeline_to_mart.py for tasks to queue
[2026-03-22T17:31:38.900+0000] {logging_mixin.py:188} INFO - [2026-03-22T17:31:38.900+0000] {dagbag.py:545} INFO - Filling up the DagBag from /opt/airflow/dags/tmdb_pipeline_to_mart.py
[2026-03-22T17:31:38.903+0000] {processor.py:840} INFO - DAG(s) 'tmdb_mart_pipeline' retrieved from /opt/airflow/dags/tmdb_pipeline_to_mart.py
[2026-03-22T17:31:38.916+0000] {logging_mixin.py:188} INFO - [2026-03-22T17:31:38.915+0000] {dag.py:3096} INFO - Sync 1 DAGs
[2026-03-22T17:31:38.921+0000] {logging_mixin.py:188} INFO - [2026-03-22T17:31:38.921+0000] {dag.py:3954} INFO - Setting next_dagrun for tmdb_mart_pipeline to None, run_after=None
[2026-03-22T17:31:38.931+0000] {processor.py:183} INFO - Processing /opt/airflow/dags/tmdb_pipeline_to_mart.py took 0.037 seconds
[2026-03-22T17:32:09.319+0000] {processor.py:161} INFO - Started process (PID=4820) to work on /opt/airflow/dags/tmdb_pipeline_to_mart.py
[2026-03-22T17:32:09.321+0000] {processor.py:830} INFO - Processing file /opt/airflow/dags/tmdb_pipeline_to_mart.py for tasks to queue
[2026-03-22T17:32:09.321+0000] {logging_mixin.py:188} INFO - [2026-03-22T17:32:09.321+0000] {dagbag.py:545} INFO - Filling up the DagBag from /opt/airflow/dags/tmdb_pipeline_to_mart.py
[2026-03-22T17:32:09.326+0000] {processor.py:840} INFO - DAG(s) 'tmdb_mart_pipeline' retrieved from /opt/airflow/dags/tmdb_pipeline_to_mart.py
[2026-03-22T17:32:09.336+0000] {logging_mixin.py:188} INFO - [2026-03-22T17:32:09.336+0000] {dag.py:3096} INFO - Sync 1 DAGs
[2026-03-22T17:32:09.348+0000] {logging_mixin.py:188} INFO - [2026-03-22T17:32:09.348+0000] {dag.py:3954} INFO - Setting next_dagrun for tmdb_mart_pipeline to None, run_after=None
[2026-03-22T17:32:09.360+0000] {processor.py:183} INFO - Processing /opt/airflow/dags/tmdb_pipeline_to_mart.py took 0.042 seconds
[2026-03-22T17:32:39.781+0000] {processor.py:161} INFO - Started process (PID=4840) to work on /opt/airflow/dags/tmdb_pipeline_to_mart.py
[2026-03-22T17:32:39.782+0000] {processor.py:830} INFO - Processing file /opt/airflow/dags/tmdb_pipeline_to_mart.py for tasks to queue
[2026-03-22T17:32:39.783+0000] {logging_mixin.py:188} INFO - [2026-03-22T17:32:39.783+0000] {dagbag.py:545} INFO - Filling up the DagBag from /opt/airflow/dags/tmdb_pipeline_to_mart.py
[2026-03-22T17:32:39.788+0000] {processor.py:840} INFO - DAG(s) 'tmdb_mart_pipeline' retrieved from /opt/airflow/dags/tmdb_pipeline_to_mart.py
[2026-03-22T17:32:39.798+0000] {logging_mixin.py:188} INFO - [2026-03-22T17:32:39.798+0000] {dag.py:3096} INFO - Sync 1 DAGs
[2026-03-22T17:32:39.808+0000] {logging_mixin.py:188} INFO - [2026-03-22T17:32:39.808+0000] {dag.py:3954} INFO - Setting next_dagrun for tmdb_mart_pipeline to None, run_after=None
[2026-03-22T17:32:39.819+0000] {processor.py:183} INFO - Processing /opt/airflow/dags/tmdb_pipeline_to_mart.py took 0.041 seconds
[2026-03-22T17:33:10.203+0000] {processor.py:161} INFO - Started process (PID=4862) to work on /opt/airflow/dags/tmdb_pipeline_to_mart.py
[2026-03-22T17:33:10.204+0000] {processor.py:830} INFO - Processing file /opt/airflow/dags/tmdb_pipeline_to_mart.py for tasks to queue
[2026-03-22T17:33:10.204+0000] {logging_mixin.py:188} INFO - [2026-03-22T17:33:10.204+0000] {dagbag.py:545} INFO - Filling up the DagBag from /opt/airflow/dags/tmdb_pipeline_to_mart.py
[2026-03-22T17:33:10.208+0000] {processor.py:840} INFO - DAG(s) 'tmdb_mart_pipeline' retrieved from /opt/airflow/dags/tmdb_pipeline_to_mart.py
[2026-03-22T17:33:10.218+0000] {logging_mixin.py:188} INFO - [2026-03-22T17:33:10.218+0000] {dag.py:3096} INFO - Sync 1 DAGs
[2026-03-22T17:33:10.223+0000] {logging_mixin.py:188} INFO - [2026-03-22T17:33:10.223+0000] {dag.py:3954} INFO - Setting next_dagrun for tmdb_mart_pipeline to None, run_after=None
[2026-03-22T17:33:10.230+0000] {processor.py:183} INFO - Processing /opt/airflow/dags/tmdb_pipeline_to_mart.py took 0.030 seconds
[2026-03-22T17:33:40.675+0000] {processor.py:161} INFO - Started process (PID=4882) to work on /opt/airflow/dags/tmdb_pipeline_to_mart.py
[2026-03-22T17:33:40.676+0000] {processor.py:830} INFO - Processing file /opt/airflow/dags/tmdb_pipeline_to_mart.py for tasks to queue
[2026-03-22T17:33:40.676+0000] {logging_mixin.py:188} INFO - [2026-03-22T17:33:40.676+0000] {dagbag.py:545} INFO - Filling up the DagBag from /opt/airflow/dags/tmdb_pipeline_to_mart.py
[2026-03-22T17:33:40.682+0000] {processor.py:840} INFO - DAG(s) 'tmdb_mart_pipeline' retrieved from /opt/airflow/dags/tmdb_pipeline_to_mart.py
[2026-03-22T17:33:40.694+0000] {logging_mixin.py:188} INFO - [2026-03-22T17:33:40.694+0000] {dag.py:3096} INFO - Sync 1 DAGs
[2026-03-22T17:33:40.699+0000] {logging_mixin.py:188} INFO - [2026-03-22T17:33:40.698+0000] {dag.py:3954} INFO - Setting next_dagrun for tmdb_mart_pipeline to None, run_after=None
[2026-03-22T17:33:40.705+0000] {processor.py:183} INFO - Processing /opt/airflow/dags/tmdb_pipeline_to_mart.py took 0.033 seconds
[2026-03-22T17:34:11.147+0000] {processor.py:161} INFO - Started process (PID=4900) to work on /opt/airflow/dags/tmdb_pipeline_to_mart.py
[2026-03-22T17:34:11.148+0000] {processor.py:830} INFO - Processing file /opt/airflow/dags/tmdb_pipeline_to_mart.py for tasks to queue
[2026-03-22T17:34:11.148+0000] {logging_mixin.py:188} INFO - [2026-03-22T17:34:11.148+0000] {dagbag.py:545} INFO - Filling up the DagBag from /opt/airflow/dags/tmdb_pipeline_to_mart.py
[2026-03-22T17:34:11.152+0000] {processor.py:840} INFO - DAG(s) 'tmdb_mart_pipeline' retrieved from /opt/airflow/dags/tmdb_pipeline_to_mart.py
[2026-03-22T17:34:11.164+0000] {logging_mixin.py:188} INFO - [2026-03-22T17:34:11.164+0000] {dag.py:3096} INFO - Sync 1 DAGs
[2026-03-22T17:34:11.169+0000] {logging_mixin.py:188} INFO - [2026-03-22T17:34:11.169+0000] {dag.py:3954} INFO - Setting next_dagrun for tmdb_mart_pipeline to None, run_after=None
[2026-03-22T17:34:11.183+0000] {processor.py:183} INFO - Processing /opt/airflow/dags/tmdb_pipeline_to_mart.py took 0.039 seconds
[2026-03-22T17:34:41.608+0000] {processor.py:161} INFO - Started process (PID=4920) to work on /opt/airflow/dags/tmdb_pipeline_to_mart.py
[2026-03-22T17:34:41.609+0000] {processor.py:830} INFO - Processing file /opt/airflow/dags/tmdb_pipeline_to_mart.py for tasks to queue
[2026-03-22T17:34:41.610+0000] {logging_mixin.py:188} INFO - [2026-03-22T17:34:41.610+0000] {dagbag.py:545} INFO - Filling up the DagBag from /opt/airflow/dags/tmdb_pipeline_to_mart.py
[2026-03-22T17:34:41.614+0000] {processor.py:840} INFO - DAG(s) 'tmdb_mart_pipeline' retrieved from /opt/airflow/dags/tmdb_pipeline_to_mart.py
[2026-03-22T17:34:41.626+0000] {logging_mixin.py:188} INFO - [2026-03-22T17:34:41.626+0000] {dag.py:3096} INFO - Sync 1 DAGs
[2026-03-22T17:34:41.634+0000] {logging_mixin.py:188} INFO - [2026-03-22T17:34:41.634+0000] {dag.py:3954} INFO - Setting next_dagrun for tmdb_mart_pipeline to None, run_after=None
[2026-03-22T17:34:41.644+0000] {processor.py:183} INFO - Processing /opt/airflow/dags/tmdb_pipeline_to_mart.py took 0.038 seconds
[2026-03-22T17:35:12.082+0000] {processor.py:161} INFO - Started process (PID=4940) to work on /opt/airflow/dags/tmdb_pipeline_to_mart.py
[2026-03-22T17:35:12.083+0000] {processor.py:830} INFO - Processing file /opt/airflow/dags/tmdb_pipeline_to_mart.py for tasks to queue
[2026-03-22T17:35:12.083+0000] {logging_mixin.py:188} INFO - [2026-03-22T17:35:12.083+0000] {dagbag.py:545} INFO - Filling up the DagBag from /opt/airflow/dags/tmdb_pipeline_to_mart.py
[2026-03-22T17:35:12.088+0000] {processor.py:840} INFO - DAG(s) 'tmdb_mart_pipeline' retrieved from /opt/airflow/dags/tmdb_pipeline_to_mart.py
[2026-03-22T17:35:12.099+0000] {logging_mixin.py:188} INFO - [2026-03-22T17:35:12.099+0000] {dag.py:3096} INFO - Sync 1 DAGs
[2026-03-22T17:35:12.106+0000] {logging_mixin.py:188} INFO - [2026-03-22T17:35:12.106+0000] {dag.py:3954} INFO - Setting next_dagrun for tmdb_mart_pipeline to None, run_after=None
[2026-03-22T17:35:12.118+0000] {processor.py:183} INFO - Processing /opt/airflow/dags/tmdb_pipeline_to_mart.py took 0.038 seconds
[2026-03-22T17:35:42.534+0000] {processor.py:161} INFO - Started process (PID=4962) to work on /opt/airflow/dags/tmdb_pipeline_to_mart.py
[2026-03-22T17:35:42.535+0000] {processor.py:830} INFO - Processing file /opt/airflow/dags/tmdb_pipeline_to_mart.py for tasks to queue
[2026-03-22T17:35:42.535+0000] {logging_mixin.py:188} INFO - [2026-03-22T17:35:42.535+0000] {dagbag.py:545} INFO - Filling up the DagBag from /opt/airflow/dags/tmdb_pipeline_to_mart.py
[2026-03-22T17:35:42.538+0000] {processor.py:840} INFO - DAG(s) 'tmdb_mart_pipeline' retrieved from /opt/airflow/dags/tmdb_pipeline_to_mart.py
[2026-03-22T17:35:42.548+0000] {logging_mixin.py:188} INFO - [2026-03-22T17:35:42.548+0000] {dag.py:3096} INFO - Sync 1 DAGs
[2026-03-22T17:35:42.552+0000] {logging_mixin.py:188} INFO - [2026-03-22T17:35:42.552+0000] {dag.py:3954} INFO - Setting next_dagrun for tmdb_mart_pipeline to None, run_after=None
[2026-03-22T17:35:42.558+0000] {processor.py:183} INFO - Processing /opt/airflow/dags/tmdb_pipeline_to_mart.py took 0.026 seconds
[2026-03-22T17:36:12.890+0000] {processor.py:161} INFO - Started process (PID=4980) to work on /opt/airflow/dags/tmdb_pipeline_to_mart.py
[2026-03-22T17:36:12.891+0000] {processor.py:830} INFO - Processing file /opt/airflow/dags/tmdb_pipeline_to_mart.py for tasks to queue
[2026-03-22T17:36:12.892+0000] {logging_mixin.py:188} INFO - [2026-03-22T17:36:12.891+0000] {dagbag.py:545} INFO - Filling up the DagBag from /opt/airflow/dags/tmdb_pipeline_to_mart.py
[2026-03-22T17:36:12.898+0000] {processor.py:840} INFO - DAG(s) 'tmdb_mart_pipeline' retrieved from /opt/airflow/dags/tmdb_pipeline_to_mart.py
[2026-03-22T17:36:12.912+0000] {logging_mixin.py:188} INFO - [2026-03-22T17:36:12.912+0000] {dag.py:3096} INFO - Sync 1 DAGs
[2026-03-22T17:36:12.919+0000] {logging_mixin.py:188} INFO - [2026-03-22T17:36:12.918+0000] {dag.py:3954} INFO - Setting next_dagrun for tmdb_mart_pipeline to None, run_after=None
[2026-03-22T17:36:12.930+0000] {processor.py:183} INFO - Processing /opt/airflow/dags/tmdb_pipeline_to_mart.py took 0.044 seconds
[2026-03-22T17:36:43.359+0000] {processor.py:161} INFO - Started process (PID=5002) to work on /opt/airflow/dags/tmdb_pipeline_to_mart.py
[2026-03-22T17:36:43.360+0000] {processor.py:830} INFO - Processing file /opt/airflow/dags/tmdb_pipeline_to_mart.py for tasks to queue
[2026-03-22T17:36:43.360+0000] {logging_mixin.py:188} INFO - [2026-03-22T17:36:43.360+0000] {dagbag.py:545} INFO - Filling up the DagBag from /opt/airflow/dags/tmdb_pipeline_to_mart.py
[2026-03-22T17:36:43.364+0000] {processor.py:840} INFO - DAG(s) 'tmdb_mart_pipeline' retrieved from /opt/airflow/dags/tmdb_pipeline_to_mart.py
[2026-03-22T17:36:43.375+0000] {logging_mixin.py:188} INFO - [2026-03-22T17:36:43.375+0000] {dag.py:3096} INFO - Sync 1 DAGs
[2026-03-22T17:36:43.381+0000] {logging_mixin.py:188} INFO - [2026-03-22T17:36:43.381+0000] {dag.py:3954} INFO - Setting next_dagrun for tmdb_mart_pipeline to None, run_after=None
[2026-03-22T17:36:43.387+0000] {processor.py:183} INFO - Processing /opt/airflow/dags/tmdb_pipeline_to_mart.py took 0.031 seconds
[2026-03-22T17:37:13.751+0000] {processor.py:161} INFO - Started process (PID=5020) to work on /opt/airflow/dags/tmdb_pipeline_to_mart.py
[2026-03-22T17:37:13.753+0000] {processor.py:830} INFO - Processing file /opt/airflow/dags/tmdb_pipeline_to_mart.py for tasks to queue
[2026-03-22T17:37:13.754+0000] {logging_mixin.py:188} INFO - [2026-03-22T17:37:13.753+0000] {dagbag.py:545} INFO - Filling up the DagBag from /opt/airflow/dags/tmdb_pipeline_to_mart.py
[2026-03-22T17:37:13.757+0000] {processor.py:840} INFO - DAG(s) 'tmdb_mart_pipeline' retrieved from /opt/airflow/dags/tmdb_pipeline_to_mart.py
[2026-03-22T17:37:13.770+0000] {logging_mixin.py:188} INFO - [2026-03-22T17:37:13.770+0000] {dag.py:3096} INFO - Sync 1 DAGs
[2026-03-22T17:37:13.776+0000] {logging_mixin.py:188} INFO - [2026-03-22T17:37:13.776+0000] {dag.py:3954} INFO - Setting next_dagrun for tmdb_mart_pipeline to None, run_after=None
[2026-03-22T17:37:13.788+0000] {processor.py:183} INFO - Processing /opt/airflow/dags/tmdb_pipeline_to_mart.py took 0.039 seconds
[2026-03-22T17:37:44.227+0000] {processor.py:161} INFO - Started process (PID=5040) to work on /opt/airflow/dags/tmdb_pipeline_to_mart.py
[2026-03-22T17:37:44.229+0000] {processor.py:830} INFO - Processing file /opt/airflow/dags/tmdb_pipeline_to_mart.py for tasks to queue
[2026-03-22T17:37:44.230+0000] {logging_mixin.py:188} INFO - [2026-03-22T17:37:44.230+0000] {dagbag.py:545} INFO - Filling up the DagBag from /opt/airflow/dags/tmdb_pipeline_to_mart.py
[2026-03-22T17:37:44.234+0000] {processor.py:840} INFO - DAG(s) 'tmdb_mart_pipeline' retrieved from /opt/airflow/dags/tmdb_pipeline_to_mart.py
[2026-03-22T17:37:44.248+0000] {logging_mixin.py:188} INFO - [2026-03-22T17:37:44.248+0000] {dag.py:3096} INFO - Sync 1 DAGs
[2026-03-22T17:37:44.256+0000] {logging_mixin.py:188} INFO - [2026-03-22T17:37:44.256+0000] {dag.py:3954} INFO - Setting next_dagrun for tmdb_mart_pipeline to None, run_after=None
[2026-03-22T17:37:44.268+0000] {processor.py:183} INFO - Processing /opt/airflow/dags/tmdb_pipeline_to_mart.py took 0.044 seconds
[2026-03-22T17:38:14.646+0000] {processor.py:161} INFO - Started process (PID=5060) to work on /opt/airflow/dags/tmdb_pipeline_to_mart.py
[2026-03-22T17:38:14.647+0000] {processor.py:830} INFO - Processing file /opt/airflow/dags/tmdb_pipeline_to_mart.py for tasks to queue
[2026-03-22T17:38:14.647+0000] {logging_mixin.py:188} INFO - [2026-03-22T17:38:14.647+0000] {dagbag.py:545} INFO - Filling up the DagBag from /opt/airflow/dags/tmdb_pipeline_to_mart.py
[2026-03-22T17:38:14.653+0000] {processor.py:840} INFO - DAG(s) 'tmdb_mart_pipeline' retrieved from /opt/airflow/dags/tmdb_pipeline_to_mart.py
[2026-03-22T17:38:14.666+0000] {logging_mixin.py:188} INFO - [2026-03-22T17:38:14.666+0000] {dag.py:3096} INFO - Sync 1 DAGs
[2026-03-22T17:38:14.672+0000] {logging_mixin.py:188} INFO - [2026-03-22T17:38:14.672+0000] {dag.py:3954} INFO - Setting next_dagrun for tmdb_mart_pipeline to None, run_after=None
[2026-03-22T17:38:14.685+0000] {processor.py:183} INFO - Processing /opt/airflow/dags/tmdb_pipeline_to_mart.py took 0.043 seconds
[2026-03-22T17:38:45.127+0000] {processor.py:161} INFO - Started process (PID=5082) to work on /opt/airflow/dags/tmdb_pipeline_to_mart.py
[2026-03-22T17:38:45.128+0000] {processor.py:830} INFO - Processing file /opt/airflow/dags/tmdb_pipeline_to_mart.py for tasks to queue
[2026-03-22T17:38:45.128+0000] {logging_mixin.py:188} INFO - [2026-03-22T17:38:45.128+0000] {dagbag.py:545} INFO - Filling up the DagBag from /opt/airflow/dags/tmdb_pipeline_to_mart.py
[2026-03-22T17:38:45.132+0000] {processor.py:840} INFO - DAG(s) 'tmdb_mart_pipeline' retrieved from /opt/airflow/dags/tmdb_pipeline_to_mart.py
[2026-03-22T17:38:45.144+0000] {logging_mixin.py:188} INFO - [2026-03-22T17:38:45.144+0000] {dag.py:3096} INFO - Sync 1 DAGs
[2026-03-22T17:38:45.150+0000] {logging_mixin.py:188} INFO - [2026-03-22T17:38:45.150+0000] {dag.py:3954} INFO - Setting next_dagrun for tmdb_mart_pipeline to None, run_after=None
[2026-03-22T17:38:45.157+0000] {processor.py:183} INFO - Processing /opt/airflow/dags/tmdb_pipeline_to_mart.py took 0.032 seconds
[2026-03-22T17:39:15.632+0000] {processor.py:161} INFO - Started process (PID=5102) to work on /opt/airflow/dags/tmdb_pipeline_to_mart.py
[2026-03-22T17:39:15.633+0000] {processor.py:830} INFO - Processing file /opt/airflow/dags/tmdb_pipeline_to_mart.py for tasks to queue
[2026-03-22T17:39:15.633+0000] {logging_mixin.py:188} INFO - [2026-03-22T17:39:15.633+0000] {dagbag.py:545} INFO - Filling up the DagBag from /opt/airflow/dags/tmdb_pipeline_to_mart.py
[2026-03-22T17:39:15.638+0000] {processor.py:840} INFO - DAG(s) 'tmdb_mart_pipeline' retrieved from /opt/airflow/dags/tmdb_pipeline_to_mart.py
[2026-03-22T17:39:15.649+0000] {logging_mixin.py:188} INFO - [2026-03-22T17:39:15.648+0000] {dag.py:3096} INFO - Sync 1 DAGs
[2026-03-22T17:39:15.653+0000] {logging_mixin.py:188} INFO - [2026-03-22T17:39:15.653+0000] {dag.py:3954} INFO - Setting next_dagrun for tmdb_mart_pipeline to None, run_after=None
[2026-03-22T17:39:15.661+0000] {processor.py:183} INFO - Processing /opt/airflow/dags/tmdb_pipeline_to_mart.py took 0.032 seconds
[2026-03-22T17:39:46.216+0000] {processor.py:161} INFO - Started process (PID=5122) to work on /opt/airflow/dags/tmdb_pipeline_to_mart.py
[2026-03-22T17:39:46.217+0000] {processor.py:830} INFO - Processing file /opt/airflow/dags/tmdb_pipeline_to_mart.py for tasks to queue
[2026-03-22T17:39:46.217+0000] {logging_mixin.py:188} INFO - [2026-03-22T17:39:46.217+0000] {dagbag.py:545} INFO - Filling up the DagBag from /opt/airflow/dags/tmdb_pipeline_to_mart.py
[2026-03-22T17:39:46.221+0000] {processor.py:840} INFO - DAG(s) 'tmdb_mart_pipeline' retrieved from /opt/airflow/dags/tmdb_pipeline_to_mart.py
[2026-03-22T17:39:46.234+0000] {logging_mixin.py:188} INFO - [2026-03-22T17:39:46.234+0000] {dag.py:3096} INFO - Sync 1 DAGs
[2026-03-22T17:39:46.239+0000] {logging_mixin.py:188} INFO - [2026-03-22T17:39:46.239+0000] {dag.py:3954} INFO - Setting next_dagrun for tmdb_mart_pipeline to None, run_after=None
[2026-03-22T17:39:46.246+0000] {processor.py:183} INFO - Processing /opt/airflow/dags/tmdb_pipeline_to_mart.py took 0.033 seconds
[2026-03-22T17:40:16.687+0000] {processor.py:161} INFO - Started process (PID=5139) to work on /opt/airflow/dags/tmdb_pipeline_to_mart.py
[2026-03-22T17:40:16.691+0000] {processor.py:830} INFO - Processing file /opt/airflow/dags/tmdb_pipeline_to_mart.py for tasks to queue
[2026-03-22T17:40:16.693+0000] {logging_mixin.py:188} INFO - [2026-03-22T17:40:16.693+0000] {dagbag.py:545} INFO - Filling up the DagBag from /opt/airflow/dags/tmdb_pipeline_to_mart.py
[2026-03-22T17:40:16.708+0000] {processor.py:840} INFO - DAG(s) 'tmdb_mart_pipeline' retrieved from /opt/airflow/dags/tmdb_pipeline_to_mart.py
[2026-03-22T17:40:16.728+0000] {logging_mixin.py:188} INFO - [2026-03-22T17:40:16.728+0000] {dag.py:3096} INFO - Sync 1 DAGs
[2026-03-22T17:40:16.737+0000] {logging_mixin.py:188} INFO - [2026-03-22T17:40:16.737+0000] {dag.py:3954} INFO - Setting next_dagrun for tmdb_mart_pipeline to None, run_after=None
[2026-03-22T17:40:16.750+0000] {processor.py:183} INFO - Processing /opt/airflow/dags/tmdb_pipeline_to_mart.py took 0.070 seconds
[2026-03-22T17:40:47.110+0000] {processor.py:161} INFO - Started process (PID=5160) to work on /opt/airflow/dags/tmdb_pipeline_to_mart.py
[2026-03-22T17:40:47.112+0000] {processor.py:830} INFO - Processing file /opt/airflow/dags/tmdb_pipeline_to_mart.py for tasks to queue
[2026-03-22T17:40:47.114+0000] {logging_mixin.py:188} INFO - [2026-03-22T17:40:47.113+0000] {dagbag.py:545} INFO - Filling up the DagBag from /opt/airflow/dags/tmdb_pipeline_to_mart.py
[2026-03-22T17:40:47.127+0000] {processor.py:840} INFO - DAG(s) 'tmdb_mart_pipeline' retrieved from /opt/airflow/dags/tmdb_pipeline_to_mart.py
[2026-03-22T17:40:47.155+0000] {logging_mixin.py:188} INFO - [2026-03-22T17:40:47.155+0000] {dag.py:3096} INFO - Sync 1 DAGs
[2026-03-22T17:40:47.162+0000] {logging_mixin.py:188} INFO - [2026-03-22T17:40:47.162+0000] {dag.py:3954} INFO - Setting next_dagrun for tmdb_mart_pipeline to None, run_after=None
[2026-03-22T17:40:47.176+0000] {processor.py:183} INFO - Processing /opt/airflow/dags/tmdb_pipeline_to_mart.py took 0.074 seconds
[2026-03-22T17:41:17.596+0000] {processor.py:161} INFO - Started process (PID=5179) to work on /opt/airflow/dags/tmdb_pipeline_to_mart.py
[2026-03-22T17:41:17.602+0000] {processor.py:830} INFO - Processing file /opt/airflow/dags/tmdb_pipeline_to_mart.py for tasks to queue
[2026-03-22T17:41:17.604+0000] {logging_mixin.py:188} INFO - [2026-03-22T17:41:17.603+0000] {dagbag.py:545} INFO - Filling up the DagBag from /opt/airflow/dags/tmdb_pipeline_to_mart.py
[2026-03-22T17:41:17.643+0000] {processor.py:840} INFO - DAG(s) 'tmdb_mart_pipeline' retrieved from /opt/airflow/dags/tmdb_pipeline_to_mart.py
[2026-03-22T17:41:17.682+0000] {logging_mixin.py:188} INFO - [2026-03-22T17:41:17.682+0000] {dag.py:3096} INFO - Sync 1 DAGs
[2026-03-22T17:41:17.696+0000] {logging_mixin.py:188} INFO - [2026-03-22T17:41:17.696+0000] {dag.py:3954} INFO - Setting next_dagrun for tmdb_mart_pipeline to None, run_after=None
[2026-03-22T17:41:17.714+0000] {processor.py:183} INFO - Processing /opt/airflow/dags/tmdb_pipeline_to_mart.py took 0.129 seconds
[2026-03-22T17:41:48.101+0000] {processor.py:161} INFO - Started process (PID=5204) to work on /opt/airflow/dags/tmdb_pipeline_to_mart.py
[2026-03-22T17:41:48.103+0000] {processor.py:830} INFO - Processing file /opt/airflow/dags/tmdb_pipeline_to_mart.py for tasks to queue
[2026-03-22T17:41:48.103+0000] {logging_mixin.py:188} INFO - [2026-03-22T17:41:48.103+0000] {dagbag.py:545} INFO - Filling up the DagBag from /opt/airflow/dags/tmdb_pipeline_to_mart.py
[2026-03-22T17:41:48.114+0000] {processor.py:840} INFO - DAG(s) 'tmdb_mart_pipeline' retrieved from /opt/airflow/dags/tmdb_pipeline_to_mart.py
[2026-03-22T17:41:48.135+0000] {logging_mixin.py:188} INFO - [2026-03-22T17:41:48.135+0000] {dag.py:3096} INFO - Sync 1 DAGs
[2026-03-22T17:41:48.148+0000] {logging_mixin.py:188} INFO - [2026-03-22T17:41:48.148+0000] {dag.py:3954} INFO - Setting next_dagrun for tmdb_mart_pipeline to None, run_after=None
[2026-03-22T17:41:48.162+0000] {processor.py:183} INFO - Processing /opt/airflow/dags/tmdb_pipeline_to_mart.py took 0.066 seconds
[2026-03-22T17:42:18.580+0000] {processor.py:161} INFO - Started process (PID=5224) to work on /opt/airflow/dags/tmdb_pipeline_to_mart.py
[2026-03-22T17:42:18.581+0000] {processor.py:830} INFO - Processing file /opt/airflow/dags/tmdb_pipeline_to_mart.py for tasks to queue
[2026-03-22T17:42:18.585+0000] {logging_mixin.py:188} INFO - [2026-03-22T17:42:18.585+0000] {dagbag.py:545} INFO - Filling up the DagBag from /opt/airflow/dags/tmdb_pipeline_to_mart.py
[2026-03-22T17:42:18.592+0000] {processor.py:840} INFO - DAG(s) 'tmdb_mart_pipeline' retrieved from /opt/airflow/dags/tmdb_pipeline_to_mart.py
[2026-03-22T17:42:18.618+0000] {logging_mixin.py:188} INFO - [2026-03-22T17:42:18.618+0000] {dag.py:3096} INFO - Sync 1 DAGs
[2026-03-22T17:42:18.639+0000] {logging_mixin.py:188} INFO - [2026-03-22T17:42:18.639+0000] {dag.py:3954} INFO - Setting next_dagrun for tmdb_mart_pipeline to None, run_after=None
[2026-03-22T17:42:18.676+0000] {processor.py:183} INFO - Processing /opt/airflow/dags/tmdb_pipeline_to_mart.py took 0.100 seconds
[2026-03-22T17:42:49.092+0000] {processor.py:161} INFO - Started process (PID=5244) to work on /opt/airflow/dags/tmdb_pipeline_to_mart.py
[2026-03-22T17:42:49.094+0000] {processor.py:830} INFO - Processing file /opt/airflow/dags/tmdb_pipeline_to_mart.py for tasks to queue
[2026-03-22T17:42:49.094+0000] {logging_mixin.py:188} INFO - [2026-03-22T17:42:49.094+0000] {dagbag.py:545} INFO - Filling up the DagBag from /opt/airflow/dags/tmdb_pipeline_to_mart.py
[2026-03-22T17:42:49.103+0000] {processor.py:840} INFO - DAG(s) 'tmdb_mart_pipeline' retrieved from /opt/airflow/dags/tmdb_pipeline_to_mart.py
[2026-03-22T17:42:49.126+0000] {logging_mixin.py:188} INFO - [2026-03-22T17:42:49.126+0000] {dag.py:3096} INFO - Sync 1 DAGs
[2026-03-22T17:42:49.138+0000] {logging_mixin.py:188} INFO - [2026-03-22T17:42:49.138+0000] {dag.py:3954} INFO - Setting next_dagrun for tmdb_mart_pipeline to None, run_after=None
[2026-03-22T17:42:49.152+0000] {processor.py:183} INFO - Processing /opt/airflow/dags/tmdb_pipeline_to_mart.py took 0.064 seconds
[2026-03-22T17:43:19.569+0000] {processor.py:161} INFO - Started process (PID=5264) to work on /opt/airflow/dags/tmdb_pipeline_to_mart.py
[2026-03-22T17:43:19.573+0000] {processor.py:830} INFO - Processing file /opt/airflow/dags/tmdb_pipeline_to_mart.py for tasks to queue
[2026-03-22T17:43:19.574+0000] {logging_mixin.py:188} INFO - [2026-03-22T17:43:19.573+0000] {dagbag.py:545} INFO - Filling up the DagBag from /opt/airflow/dags/tmdb_pipeline_to_mart.py
[2026-03-22T17:43:19.578+0000] {processor.py:840} INFO - DAG(s) 'tmdb_mart_pipeline' retrieved from /opt/airflow/dags/tmdb_pipeline_to_mart.py
[2026-03-22T17:43:19.597+0000] {logging_mixin.py:188} INFO - [2026-03-22T17:43:19.597+0000] {dag.py:3096} INFO - Sync 1 DAGs
[2026-03-22T17:43:19.605+0000] {logging_mixin.py:188} INFO - [2026-03-22T17:43:19.605+0000] {dag.py:3954} INFO - Setting next_dagrun for tmdb_mart_pipeline to None, run_after=None
[2026-03-22T17:43:19.615+0000] {processor.py:183} INFO - Processing /opt/airflow/dags/tmdb_pipeline_to_mart.py took 0.051 seconds
[2026-03-22T17:43:50.149+0000] {processor.py:161} INFO - Started process (PID=5299) to work on /opt/airflow/dags/tmdb_pipeline_to_mart.py
[2026-03-22T17:43:50.151+0000] {processor.py:830} INFO - Processing file /opt/airflow/dags/tmdb_pipeline_to_mart.py for tasks to queue
[2026-03-22T17:43:50.151+0000] {logging_mixin.py:188} INFO - [2026-03-22T17:43:50.151+0000] {dagbag.py:545} INFO - Filling up the DagBag from /opt/airflow/dags/tmdb_pipeline_to_mart.py
[2026-03-22T17:43:50.159+0000] {processor.py:840} INFO - DAG(s) 'tmdb_mart_pipeline' retrieved from /opt/airflow/dags/tmdb_pipeline_to_mart.py
[2026-03-22T17:43:50.180+0000] {logging_mixin.py:188} INFO - [2026-03-22T17:43:50.180+0000] {dag.py:3096} INFO - Sync 1 DAGs
[2026-03-22T17:43:50.191+0000] {logging_mixin.py:188} INFO - [2026-03-22T17:43:50.191+0000] {dag.py:3954} INFO - Setting next_dagrun for tmdb_mart_pipeline to None, run_after=None
[2026-03-22T17:43:50.208+0000] {processor.py:183} INFO - Processing /opt/airflow/dags/tmdb_pipeline_to_mart.py took 0.063 seconds
[2026-03-22T17:44:20.588+0000] {processor.py:161} INFO - Started process (PID=5323) to work on /opt/airflow/dags/tmdb_pipeline_to_mart.py
[2026-03-22T17:44:20.590+0000] {processor.py:830} INFO - Processing file /opt/airflow/dags/tmdb_pipeline_to_mart.py for tasks to queue
[2026-03-22T17:44:20.590+0000] {logging_mixin.py:188} INFO - [2026-03-22T17:44:20.590+0000] {dagbag.py:545} INFO - Filling up the DagBag from /opt/airflow/dags/tmdb_pipeline_to_mart.py
[2026-03-22T17:44:20.604+0000] {processor.py:840} INFO - DAG(s) 'tmdb_mart_pipeline' retrieved from /opt/airflow/dags/tmdb_pipeline_to_mart.py
[2026-03-22T17:44:20.622+0000] {logging_mixin.py:188} INFO - [2026-03-22T17:44:20.622+0000] {dag.py:3096} INFO - Sync 1 DAGs
[2026-03-22T17:44:20.631+0000] {logging_mixin.py:188} INFO - [2026-03-22T17:44:20.631+0000] {dag.py:3954} INFO - Setting next_dagrun for tmdb_mart_pipeline to None, run_after=None
[2026-03-22T17:44:20.644+0000] {processor.py:183} INFO - Processing /opt/airflow/dags/tmdb_pipeline_to_mart.py took 0.061 seconds
[2026-03-22T17:44:51.034+0000] {processor.py:161} INFO - Started process (PID=5343) to work on /opt/airflow/dags/tmdb_pipeline_to_mart.py
[2026-03-22T17:44:51.042+0000] {processor.py:830} INFO - Processing file /opt/airflow/dags/tmdb_pipeline_to_mart.py for tasks to queue
[2026-03-22T17:44:51.045+0000] {logging_mixin.py:188} INFO - [2026-03-22T17:44:51.045+0000] {dagbag.py:545} INFO - Filling up the DagBag from /opt/airflow/dags/tmdb_pipeline_to_mart.py
[2026-03-22T17:44:51.077+0000] {processor.py:840} INFO - DAG(s) 'tmdb_mart_pipeline' retrieved from /opt/airflow/dags/tmdb_pipeline_to_mart.py
[2026-03-22T17:44:51.116+0000] {logging_mixin.py:188} INFO - [2026-03-22T17:44:51.116+0000] {dag.py:3096} INFO - Sync 1 DAGs
[2026-03-22T17:44:51.127+0000] {logging_mixin.py:188} INFO - [2026-03-22T17:44:51.127+0000] {dag.py:3954} INFO - Setting next_dagrun for tmdb_mart_pipeline to None, run_after=None
[2026-03-22T17:44:51.141+0000] {processor.py:183} INFO - Processing /opt/airflow/dags/tmdb_pipeline_to_mart.py took 0.113 seconds
[2026-03-22T17:45:21.470+0000] {processor.py:161} INFO - Started process (PID=5362) to work on /opt/airflow/dags/tmdb_pipeline_to_mart.py
[2026-03-22T17:45:21.471+0000] {processor.py:830} INFO - Processing file /opt/airflow/dags/tmdb_pipeline_to_mart.py for tasks to queue
[2026-03-22T17:45:21.472+0000] {logging_mixin.py:188} INFO - [2026-03-22T17:45:21.471+0000] {dagbag.py:545} INFO - Filling up the DagBag from /opt/airflow/dags/tmdb_pipeline_to_mart.py
[2026-03-22T17:45:21.484+0000] {processor.py:840} INFO - DAG(s) 'tmdb_mart_pipeline' retrieved from /opt/airflow/dags/tmdb_pipeline_to_mart.py
[2026-03-22T17:45:21.507+0000] {logging_mixin.py:188} INFO - [2026-03-22T17:45:21.507+0000] {dag.py:3096} INFO - Sync 1 DAGs
[2026-03-22T17:45:21.522+0000] {logging_mixin.py:188} INFO - [2026-03-22T17:45:21.522+0000] {dag.py:3954} INFO - Setting next_dagrun for tmdb_mart_pipeline to None, run_after=None
[2026-03-22T17:45:21.538+0000] {processor.py:183} INFO - Processing /opt/airflow/dags/tmdb_pipeline_to_mart.py took 0.076 seconds
[2026-03-22T17:45:51.923+0000] {processor.py:161} INFO - Started process (PID=5383) to work on /opt/airflow/dags/tmdb_pipeline_to_mart.py
[2026-03-22T17:45:51.926+0000] {processor.py:830} INFO - Processing file /opt/airflow/dags/tmdb_pipeline_to_mart.py for tasks to queue
[2026-03-22T17:45:51.929+0000] {logging_mixin.py:188} INFO - [2026-03-22T17:45:51.929+0000] {dagbag.py:545} INFO - Filling up the DagBag from /opt/airflow/dags/tmdb_pipeline_to_mart.py
[2026-03-22T17:45:51.937+0000] {processor.py:840} INFO - DAG(s) 'tmdb_mart_pipeline' retrieved from /opt/airflow/dags/tmdb_pipeline_to_mart.py
[2026-03-22T17:45:51.979+0000] {logging_mixin.py:188} INFO - [2026-03-22T17:45:51.978+0000] {dag.py:3096} INFO - Sync 1 DAGs
[2026-03-22T17:45:51.994+0000] {logging_mixin.py:188} INFO - [2026-03-22T17:45:51.994+0000] {dag.py:3954} INFO - Setting next_dagrun for tmdb_mart_pipeline to None, run_after=None
[2026-03-22T17:45:52.019+0000] {processor.py:183} INFO - Processing /opt/airflow/dags/tmdb_pipeline_to_mart.py took 0.100 seconds
[2026-03-22T17:46:22.428+0000] {processor.py:161} INFO - Started process (PID=5402) to work on /opt/airflow/dags/tmdb_pipeline_to_mart.py
[2026-03-22T17:46:22.430+0000] {processor.py:830} INFO - Processing file /opt/airflow/dags/tmdb_pipeline_to_mart.py for tasks to queue
[2026-03-22T17:46:22.431+0000] {logging_mixin.py:188} INFO - [2026-03-22T17:46:22.431+0000] {dagbag.py:545} INFO - Filling up the DagBag from /opt/airflow/dags/tmdb_pipeline_to_mart.py
[2026-03-22T17:46:22.441+0000] {processor.py:840} INFO - DAG(s) 'tmdb_mart_pipeline' retrieved from /opt/airflow/dags/tmdb_pipeline_to_mart.py
[2026-03-22T17:46:22.473+0000] {logging_mixin.py:188} INFO - [2026-03-22T17:46:22.472+0000] {dag.py:3096} INFO - Sync 1 DAGs
[2026-03-22T17:46:22.486+0000] {logging_mixin.py:188} INFO - [2026-03-22T17:46:22.486+0000] {dag.py:3954} INFO - Setting next_dagrun for tmdb_mart_pipeline to None, run_after=None
[2026-03-22T17:46:22.510+0000] {processor.py:183} INFO - Processing /opt/airflow/dags/tmdb_pipeline_to_mart.py took 0.089 seconds
[2026-03-22T17:46:52.891+0000] {processor.py:161} INFO - Started process (PID=5430) to work on /opt/airflow/dags/tmdb_pipeline_to_mart.py
[2026-03-22T17:46:52.894+0000] {processor.py:830} INFO - Processing file /opt/airflow/dags/tmdb_pipeline_to_mart.py for tasks to queue
[2026-03-22T17:46:52.895+0000] {logging_mixin.py:188} INFO - [2026-03-22T17:46:52.895+0000] {dagbag.py:545} INFO - Filling up the DagBag from /opt/airflow/dags/tmdb_pipeline_to_mart.py
[2026-03-22T17:46:52.907+0000] {processor.py:840} INFO - DAG(s) 'tmdb_mart_pipeline' retrieved from /opt/airflow/dags/tmdb_pipeline_to_mart.py
[2026-03-22T17:46:52.934+0000] {logging_mixin.py:188} INFO - [2026-03-22T17:46:52.934+0000] {dag.py:3096} INFO - Sync 1 DAGs
[2026-03-22T17:46:52.945+0000] {logging_mixin.py:188} INFO - [2026-03-22T17:46:52.945+0000] {dag.py:3954} INFO - Setting next_dagrun for tmdb_mart_pipeline to None, run_after=None
[2026-03-22T17:46:52.963+0000] {processor.py:183} INFO - Processing /opt/airflow/dags/tmdb_pipeline_to_mart.py took 0.076 seconds
[2026-03-22T17:47:23.450+0000] {processor.py:161} INFO - Started process (PID=5450) to work on /opt/airflow/dags/tmdb_pipeline_to_mart.py
[2026-03-22T17:47:23.454+0000] {processor.py:830} INFO - Processing file /opt/airflow/dags/tmdb_pipeline_to_mart.py for tasks to queue
[2026-03-22T17:47:23.456+0000] {logging_mixin.py:188} INFO - [2026-03-22T17:47:23.455+0000] {dagbag.py:545} INFO - Filling up the DagBag from /opt/airflow/dags/tmdb_pipeline_to_mart.py
[2026-03-22T17:47:23.469+0000] {processor.py:840} INFO - DAG(s) 'tmdb_mart_pipeline' retrieved from /opt/airflow/dags/tmdb_pipeline_to_mart.py
[2026-03-22T17:47:23.512+0000] {logging_mixin.py:188} INFO - [2026-03-22T17:47:23.512+0000] {dag.py:3096} INFO - Sync 1 DAGs
[2026-03-22T17:47:23.532+0000] {logging_mixin.py:188} INFO - [2026-03-22T17:47:23.531+0000] {dag.py:3954} INFO - Setting next_dagrun for tmdb_mart_pipeline to None, run_after=None
[2026-03-22T17:47:23.551+0000] {processor.py:183} INFO - Processing /opt/airflow/dags/tmdb_pipeline_to_mart.py took 0.117 seconds
[2026-03-22T17:47:53.895+0000] {processor.py:161} INFO - Started process (PID=5470) to work on /opt/airflow/dags/tmdb_pipeline_to_mart.py
[2026-03-22T17:47:53.898+0000] {processor.py:830} INFO - Processing file /opt/airflow/dags/tmdb_pipeline_to_mart.py for tasks to queue
[2026-03-22T17:47:53.898+0000] {logging_mixin.py:188} INFO - [2026-03-22T17:47:53.898+0000] {dagbag.py:545} INFO - Filling up the DagBag from /opt/airflow/dags/tmdb_pipeline_to_mart.py
[2026-03-22T17:47:53.906+0000] {processor.py:840} INFO - DAG(s) 'tmdb_mart_pipeline' retrieved from /opt/airflow/dags/tmdb_pipeline_to_mart.py
[2026-03-22T17:47:53.938+0000] {logging_mixin.py:188} INFO - [2026-03-22T17:47:53.938+0000] {dag.py:3096} INFO - Sync 1 DAGs
[2026-03-22T17:47:53.953+0000] {logging_mixin.py:188} INFO - [2026-03-22T17:47:53.953+0000] {dag.py:3954} INFO - Setting next_dagrun for tmdb_mart_pipeline to None, run_after=None
[2026-03-22T17:47:53.969+0000] {processor.py:183} INFO - Processing /opt/airflow/dags/tmdb_pipeline_to_mart.py took 0.077 seconds
[2026-03-22T17:48:24.319+0000] {processor.py:161} INFO - Started process (PID=5490) to work on /opt/airflow/dags/tmdb_pipeline_to_mart.py
[2026-03-22T17:48:24.321+0000] {processor.py:830} INFO - Processing file /opt/airflow/dags/tmdb_pipeline_to_mart.py for tasks to queue
[2026-03-22T17:48:24.324+0000] {logging_mixin.py:188} INFO - [2026-03-22T17:48:24.323+0000] {dagbag.py:545} INFO - Filling up the DagBag from /opt/airflow/dags/tmdb_pipeline_to_mart.py
[2026-03-22T17:48:24.352+0000] {processor.py:840} INFO - DAG(s) 'tmdb_mart_pipeline' retrieved from /opt/airflow/dags/tmdb_pipeline_to_mart.py
[2026-03-22T17:48:24.389+0000] {logging_mixin.py:188} INFO - [2026-03-22T17:48:24.389+0000] {dag.py:3096} INFO - Sync 1 DAGs
[2026-03-22T17:48:24.400+0000] {logging_mixin.py:188} INFO - [2026-03-22T17:48:24.400+0000] {dag.py:3954} INFO - Setting next_dagrun for tmdb_mart_pipeline to None, run_after=None
[2026-03-22T17:48:24.415+0000] {processor.py:183} INFO - Processing /opt/airflow/dags/tmdb_pipeline_to_mart.py took 0.103 seconds
[2026-03-22T17:48:54.848+0000] {processor.py:161} INFO - Started process (PID=5511) to work on /opt/airflow/dags/tmdb_pipeline_to_mart.py
[2026-03-22T17:48:54.850+0000] {processor.py:830} INFO - Processing file /opt/airflow/dags/tmdb_pipeline_to_mart.py for tasks to queue
[2026-03-22T17:48:54.851+0000] {logging_mixin.py:188} INFO - [2026-03-22T17:48:54.851+0000] {dagbag.py:545} INFO - Filling up the DagBag from /opt/airflow/dags/tmdb_pipeline_to_mart.py
[2026-03-22T17:48:54.863+0000] {processor.py:840} INFO - DAG(s) 'tmdb_mart_pipeline' retrieved from /opt/airflow/dags/tmdb_pipeline_to_mart.py
[2026-03-22T17:48:54.882+0000] {logging_mixin.py:188} INFO - [2026-03-22T17:48:54.881+0000] {dag.py:3096} INFO - Sync 1 DAGs
[2026-03-22T17:48:54.892+0000] {logging_mixin.py:188} INFO - [2026-03-22T17:48:54.892+0000] {dag.py:3954} INFO - Setting next_dagrun for tmdb_mart_pipeline to None, run_after=None
[2026-03-22T17:48:54.904+0000] {processor.py:183} INFO - Processing /opt/airflow/dags/tmdb_pipeline_to_mart.py took 0.061 seconds
[2026-03-22T17:49:25.277+0000] {processor.py:161} INFO - Started process (PID=5530) to work on /opt/airflow/dags/tmdb_pipeline_to_mart.py
[2026-03-22T17:49:25.281+0000] {processor.py:830} INFO - Processing file /opt/airflow/dags/tmdb_pipeline_to_mart.py for tasks to queue
[2026-03-22T17:49:25.282+0000] {logging_mixin.py:188} INFO - [2026-03-22T17:49:25.281+0000] {dagbag.py:545} INFO - Filling up the DagBag from /opt/airflow/dags/tmdb_pipeline_to_mart.py
[2026-03-22T17:49:25.303+0000] {processor.py:840} INFO - DAG(s) 'tmdb_mart_pipeline' retrieved from /opt/airflow/dags/tmdb_pipeline_to_mart.py
[2026-03-22T17:49:25.357+0000] {logging_mixin.py:188} INFO - [2026-03-22T17:49:25.357+0000] {dag.py:3096} INFO - Sync 1 DAGs
[2026-03-22T17:49:25.378+0000] {logging_mixin.py:188} INFO - [2026-03-22T17:49:25.378+0000] {dag.py:3954} INFO - Setting next_dagrun for tmdb_mart_pipeline to None, run_after=None
[2026-03-22T17:49:25.400+0000] {processor.py:183} INFO - Processing /opt/airflow/dags/tmdb_pipeline_to_mart.py took 0.132 seconds
[2026-03-22T17:49:55.822+0000] {processor.py:161} INFO - Started process (PID=5551) to work on /opt/airflow/dags/tmdb_pipeline_to_mart.py
[2026-03-22T17:49:55.825+0000] {processor.py:830} INFO - Processing file /opt/airflow/dags/tmdb_pipeline_to_mart.py for tasks to queue
[2026-03-22T17:49:55.826+0000] {logging_mixin.py:188} INFO - [2026-03-22T17:49:55.826+0000] {dagbag.py:545} INFO - Filling up the DagBag from /opt/airflow/dags/tmdb_pipeline_to_mart.py
[2026-03-22T17:49:55.849+0000] {processor.py:840} INFO - DAG(s) 'tmdb_mart_pipeline' retrieved from /opt/airflow/dags/tmdb_pipeline_to_mart.py
[2026-03-22T17:49:55.893+0000] {logging_mixin.py:188} INFO - [2026-03-22T17:49:55.893+0000] {dag.py:3096} INFO - Sync 1 DAGs
[2026-03-22T17:49:55.909+0000] {logging_mixin.py:188} INFO - [2026-03-22T17:49:55.909+0000] {dag.py:3954} INFO - Setting next_dagrun for tmdb_mart_pipeline to None, run_after=None
[2026-03-22T17:49:55.932+0000] {processor.py:183} INFO - Processing /opt/airflow/dags/tmdb_pipeline_to_mart.py took 0.116 seconds
[2026-03-22T17:50:26.311+0000] {processor.py:161} INFO - Started process (PID=5571) to work on /opt/airflow/dags/tmdb_pipeline_to_mart.py
[2026-03-22T17:50:26.313+0000] {processor.py:830} INFO - Processing file /opt/airflow/dags/tmdb_pipeline_to_mart.py for tasks to queue
[2026-03-22T17:50:26.315+0000] {logging_mixin.py:188} INFO - [2026-03-22T17:50:26.314+0000] {dagbag.py:545} INFO - Filling up the DagBag from /opt/airflow/dags/tmdb_pipeline_to_mart.py
[2026-03-22T17:50:26.338+0000] {processor.py:840} INFO - DAG(s) 'tmdb_mart_pipeline' retrieved from /opt/airflow/dags/tmdb_pipeline_to_mart.py
[2026-03-22T17:50:26.386+0000] {logging_mixin.py:188} INFO - [2026-03-22T17:50:26.386+0000] {dag.py:3096} INFO - Sync 1 DAGs
[2026-03-22T17:50:26.403+0000] {logging_mixin.py:188} INFO - [2026-03-22T17:50:26.403+0000] {dag.py:3954} INFO - Setting next_dagrun for tmdb_mart_pipeline to None, run_after=None
[2026-03-22T17:50:26.425+0000] {processor.py:183} INFO - Processing /opt/airflow/dags/tmdb_pipeline_to_mart.py took 0.120 seconds
[2026-03-22T17:50:56.741+0000] {processor.py:161} INFO - Started process (PID=5591) to work on /opt/airflow/dags/tmdb_pipeline_to_mart.py
[2026-03-22T17:50:56.743+0000] {processor.py:830} INFO - Processing file /opt/airflow/dags/tmdb_pipeline_to_mart.py for tasks to queue
[2026-03-22T17:50:56.744+0000] {logging_mixin.py:188} INFO - [2026-03-22T17:50:56.743+0000] {dagbag.py:545} INFO - Filling up the DagBag from /opt/airflow/dags/tmdb_pipeline_to_mart.py
[2026-03-22T17:50:56.756+0000] {processor.py:840} INFO - DAG(s) 'tmdb_mart_pipeline' retrieved from /opt/airflow/dags/tmdb_pipeline_to_mart.py
[2026-03-22T17:50:56.802+0000] {logging_mixin.py:188} INFO - [2026-03-22T17:50:56.802+0000] {dag.py:3096} INFO - Sync 1 DAGs
[2026-03-22T17:50:56.820+0000] {logging_mixin.py:188} INFO - [2026-03-22T17:50:56.820+0000] {dag.py:3954} INFO - Setting next_dagrun for tmdb_mart_pipeline to None, run_after=None
[2026-03-22T17:50:56.845+0000] {processor.py:183} INFO - Processing /opt/airflow/dags/tmdb_pipeline_to_mart.py took 0.111 seconds
[2026-03-22T17:51:27.239+0000] {processor.py:161} INFO - Started process (PID=5610) to work on /opt/airflow/dags/tmdb_pipeline_to_mart.py
[2026-03-22T17:51:27.243+0000] {processor.py:830} INFO - Processing file /opt/airflow/dags/tmdb_pipeline_to_mart.py for tasks to queue
[2026-03-22T17:51:27.244+0000] {logging_mixin.py:188} INFO - [2026-03-22T17:51:27.243+0000] {dagbag.py:545} INFO - Filling up the DagBag from /opt/airflow/dags/tmdb_pipeline_to_mart.py
[2026-03-22T17:51:27.265+0000] {processor.py:840} INFO - DAG(s) 'tmdb_mart_pipeline' retrieved from /opt/airflow/dags/tmdb_pipeline_to_mart.py
[2026-03-22T17:51:27.302+0000] {logging_mixin.py:188} INFO - [2026-03-22T17:51:27.302+0000] {dag.py:3096} INFO - Sync 1 DAGs
[2026-03-22T17:51:27.312+0000] {logging_mixin.py:188} INFO - [2026-03-22T17:51:27.312+0000] {dag.py:3954} INFO - Setting next_dagrun for tmdb_mart_pipeline to None, run_after=None
[2026-03-22T17:51:27.333+0000] {processor.py:183} INFO - Processing /opt/airflow/dags/tmdb_pipeline_to_mart.py took 0.101 seconds
[2026-03-22T17:51:57.707+0000] {processor.py:161} INFO - Started process (PID=5631) to work on /opt/airflow/dags/tmdb_pipeline_to_mart.py
[2026-03-22T17:51:57.708+0000] {processor.py:830} INFO - Processing file /opt/airflow/dags/tmdb_pipeline_to_mart.py for tasks to queue
[2026-03-22T17:51:57.709+0000] {logging_mixin.py:188} INFO - [2026-03-22T17:51:57.709+0000] {dagbag.py:545} INFO - Filling up the DagBag from /opt/airflow/dags/tmdb_pipeline_to_mart.py
[2026-03-22T17:51:57.717+0000] {processor.py:840} INFO - DAG(s) 'tmdb_mart_pipeline' retrieved from /opt/airflow/dags/tmdb_pipeline_to_mart.py
[2026-03-22T17:51:57.743+0000] {logging_mixin.py:188} INFO - [2026-03-22T17:51:57.742+0000] {dag.py:3096} INFO - Sync 1 DAGs
[2026-03-22T17:51:57.760+0000] {logging_mixin.py:188} INFO - [2026-03-22T17:51:57.760+0000] {dag.py:3954} INFO - Setting next_dagrun for tmdb_mart_pipeline to None, run_after=None
[2026-03-22T17:51:57.781+0000] {processor.py:183} INFO - Processing /opt/airflow/dags/tmdb_pipeline_to_mart.py took 0.077 seconds
[2026-03-22T17:52:28.160+0000] {processor.py:161} INFO - Started process (PID=5649) to work on /opt/airflow/dags/tmdb_pipeline_to_mart.py
[2026-03-22T17:52:28.164+0000] {processor.py:830} INFO - Processing file /opt/airflow/dags/tmdb_pipeline_to_mart.py for tasks to queue
[2026-03-22T17:52:28.165+0000] {logging_mixin.py:188} INFO - [2026-03-22T17:52:28.165+0000] {dagbag.py:545} INFO - Filling up the DagBag from /opt/airflow/dags/tmdb_pipeline_to_mart.py
[2026-03-22T17:52:28.183+0000] {processor.py:840} INFO - DAG(s) 'tmdb_mart_pipeline' retrieved from /opt/airflow/dags/tmdb_pipeline_to_mart.py
[2026-03-22T17:52:28.235+0000] {logging_mixin.py:188} INFO - [2026-03-22T17:52:28.235+0000] {dag.py:3096} INFO - Sync 1 DAGs
[2026-03-22T17:52:28.249+0000] {logging_mixin.py:188} INFO - [2026-03-22T17:52:28.249+0000] {dag.py:3954} INFO - Setting next_dagrun for tmdb_mart_pipeline to None, run_after=None
[2026-03-22T17:52:28.274+0000] {processor.py:183} INFO - Processing /opt/airflow/dags/tmdb_pipeline_to_mart.py took 0.129 seconds
[2026-03-22T17:52:58.668+0000] {processor.py:161} INFO - Started process (PID=5670) to work on /opt/airflow/dags/tmdb_pipeline_to_mart.py
[2026-03-22T17:52:58.672+0000] {processor.py:830} INFO - Processing file /opt/airflow/dags/tmdb_pipeline_to_mart.py for tasks to queue
[2026-03-22T17:52:58.675+0000] {logging_mixin.py:188} INFO - [2026-03-22T17:52:58.675+0000] {dagbag.py:545} INFO - Filling up the DagBag from /opt/airflow/dags/tmdb_pipeline_to_mart.py
[2026-03-22T17:52:58.709+0000] {processor.py:840} INFO - DAG(s) 'tmdb_mart_pipeline' retrieved from /opt/airflow/dags/tmdb_pipeline_to_mart.py
[2026-03-22T17:52:58.762+0000] {logging_mixin.py:188} INFO - [2026-03-22T17:52:58.762+0000] {dag.py:3096} INFO - Sync 1 DAGs
[2026-03-22T17:52:58.775+0000] {logging_mixin.py:188} INFO - [2026-03-22T17:52:58.775+0000] {dag.py:3954} INFO - Setting next_dagrun for tmdb_mart_pipeline to None, run_after=None
[2026-03-22T17:52:58.790+0000] {processor.py:183} INFO - Processing /opt/airflow/dags/tmdb_pipeline_to_mart.py took 0.136 seconds
[2026-03-22T17:53:29.213+0000] {processor.py:161} INFO - Started process (PID=5690) to work on /opt/airflow/dags/tmdb_pipeline_to_mart.py
[2026-03-22T17:53:29.216+0000] {processor.py:830} INFO - Processing file /opt/airflow/dags/tmdb_pipeline_to_mart.py for tasks to queue
[2026-03-22T17:53:29.218+0000] {logging_mixin.py:188} INFO - [2026-03-22T17:53:29.217+0000] {dagbag.py:545} INFO - Filling up the DagBag from /opt/airflow/dags/tmdb_pipeline_to_mart.py
[2026-03-22T17:53:29.237+0000] {processor.py:840} INFO - DAG(s) 'tmdb_mart_pipeline' retrieved from /opt/airflow/dags/tmdb_pipeline_to_mart.py
[2026-03-22T17:53:29.276+0000] {logging_mixin.py:188} INFO - [2026-03-22T17:53:29.276+0000] {dag.py:3096} INFO - Sync 1 DAGs
[2026-03-22T17:53:29.295+0000] {logging_mixin.py:188} INFO - [2026-03-22T17:53:29.295+0000] {dag.py:3954} INFO - Setting next_dagrun for tmdb_mart_pipeline to None, run_after=None
[2026-03-22T17:53:29.315+0000] {processor.py:183} INFO - Processing /opt/airflow/dags/tmdb_pipeline_to_mart.py took 0.117 seconds
[2026-03-22T17:53:59.682+0000] {processor.py:161} INFO - Started process (PID=5711) to work on /opt/airflow/dags/tmdb_pipeline_to_mart.py
[2026-03-22T17:53:59.683+0000] {processor.py:830} INFO - Processing file /opt/airflow/dags/tmdb_pipeline_to_mart.py for tasks to queue
[2026-03-22T17:53:59.684+0000] {logging_mixin.py:188} INFO - [2026-03-22T17:53:59.683+0000] {dagbag.py:545} INFO - Filling up the DagBag from /opt/airflow/dags/tmdb_pipeline_to_mart.py
[2026-03-22T17:53:59.695+0000] {processor.py:840} INFO - DAG(s) 'tmdb_mart_pipeline' retrieved from /opt/airflow/dags/tmdb_pipeline_to_mart.py
[2026-03-22T17:53:59.715+0000] {logging_mixin.py:188} INFO - [2026-03-22T17:53:59.715+0000] {dag.py:3096} INFO - Sync 1 DAGs
[2026-03-22T17:53:59.723+0000] {logging_mixin.py:188} INFO - [2026-03-22T17:53:59.722+0000] {dag.py:3954} INFO - Setting next_dagrun for tmdb_mart_pipeline to None, run_after=None
[2026-03-22T17:53:59.742+0000] {processor.py:183} INFO - Processing /opt/airflow/dags/tmdb_pipeline_to_mart.py took 0.065 seconds
[2026-03-22T17:54:30.337+0000] {processor.py:161} INFO - Started process (PID=5740) to work on /opt/airflow/dags/tmdb_pipeline_to_mart.py
[2026-03-22T17:54:30.342+0000] {processor.py:830} INFO - Processing file /opt/airflow/dags/tmdb_pipeline_to_mart.py for tasks to queue
[2026-03-22T17:54:30.346+0000] {logging_mixin.py:188} INFO - [2026-03-22T17:54:30.345+0000] {dagbag.py:545} INFO - Filling up the DagBag from /opt/airflow/dags/tmdb_pipeline_to_mart.py
[2026-03-22T17:54:30.369+0000] {processor.py:840} INFO - DAG(s) 'tmdb_mart_pipeline' retrieved from /opt/airflow/dags/tmdb_pipeline_to_mart.py
[2026-03-22T17:54:30.433+0000] {logging_mixin.py:188} INFO - [2026-03-22T17:54:30.432+0000] {dag.py:3096} INFO - Sync 1 DAGs
[2026-03-22T17:54:30.450+0000] {logging_mixin.py:188} INFO - [2026-03-22T17:54:30.450+0000] {dag.py:3954} INFO - Setting next_dagrun for tmdb_mart_pipeline to None, run_after=None
[2026-03-22T17:54:30.478+0000] {processor.py:183} INFO - Processing /opt/airflow/dags/tmdb_pipeline_to_mart.py took 0.162 seconds
[2026-03-22T17:55:00.838+0000] {processor.py:161} INFO - Started process (PID=5760) to work on /opt/airflow/dags/tmdb_pipeline_to_mart.py
[2026-03-22T17:55:00.841+0000] {processor.py:830} INFO - Processing file /opt/airflow/dags/tmdb_pipeline_to_mart.py for tasks to queue
[2026-03-22T17:55:00.842+0000] {logging_mixin.py:188} INFO - [2026-03-22T17:55:00.842+0000] {dagbag.py:545} INFO - Filling up the DagBag from /opt/airflow/dags/tmdb_pipeline_to_mart.py
[2026-03-22T17:55:00.861+0000] {processor.py:840} INFO - DAG(s) 'tmdb_mart_pipeline' retrieved from /opt/airflow/dags/tmdb_pipeline_to_mart.py
[2026-03-22T17:55:00.920+0000] {logging_mixin.py:188} INFO - [2026-03-22T17:55:00.919+0000] {dag.py:3096} INFO - Sync 1 DAGs
[2026-03-22T17:55:00.947+0000] {logging_mixin.py:188} INFO - [2026-03-22T17:55:00.947+0000] {dag.py:3954} INFO - Setting next_dagrun for tmdb_mart_pipeline to None, run_after=None
[2026-03-22T17:55:01.021+0000] {processor.py:183} INFO - Processing /opt/airflow/dags/tmdb_pipeline_to_mart.py took 0.192 seconds
[2026-03-22T17:55:31.415+0000] {processor.py:161} INFO - Started process (PID=5780) to work on /opt/airflow/dags/tmdb_pipeline_to_mart.py
[2026-03-22T17:55:31.421+0000] {processor.py:830} INFO - Processing file /opt/airflow/dags/tmdb_pipeline_to_mart.py for tasks to queue
[2026-03-22T17:55:31.422+0000] {logging_mixin.py:188} INFO - [2026-03-22T17:55:31.422+0000] {dagbag.py:545} INFO - Filling up the DagBag from /opt/airflow/dags/tmdb_pipeline_to_mart.py
[2026-03-22T17:55:31.442+0000] {processor.py:840} INFO - DAG(s) 'tmdb_mart_pipeline' retrieved from /opt/airflow/dags/tmdb_pipeline_to_mart.py
[2026-03-22T17:55:31.484+0000] {logging_mixin.py:188} INFO - [2026-03-22T17:55:31.484+0000] {dag.py:3096} INFO - Sync 1 DAGs
[2026-03-22T17:55:31.500+0000] {logging_mixin.py:188} INFO - [2026-03-22T17:55:31.500+0000] {dag.py:3954} INFO - Setting next_dagrun for tmdb_mart_pipeline to None, run_after=None
[2026-03-22T17:55:31.523+0000] {processor.py:183} INFO - Processing /opt/airflow/dags/tmdb_pipeline_to_mart.py took 0.120 seconds
[2026-03-22T17:56:02.058+0000] {processor.py:161} INFO - Started process (PID=5812) to work on /opt/airflow/dags/tmdb_pipeline_to_mart.py
[2026-03-22T17:56:02.068+0000] {processor.py:830} INFO - Processing file /opt/airflow/dags/tmdb_pipeline_to_mart.py for tasks to queue
[2026-03-22T17:56:02.073+0000] {logging_mixin.py:188} INFO - [2026-03-22T17:56:02.071+0000] {dagbag.py:545} INFO - Filling up the DagBag from /opt/airflow/dags/tmdb_pipeline_to_mart.py
[2026-03-22T17:56:02.121+0000] {processor.py:840} INFO - DAG(s) 'tmdb_mart_pipeline' retrieved from /opt/airflow/dags/tmdb_pipeline_to_mart.py
[2026-03-22T17:56:02.257+0000] {logging_mixin.py:188} INFO - [2026-03-22T17:56:02.257+0000] {dag.py:3096} INFO - Sync 1 DAGs
[2026-03-22T17:56:02.265+0000] {logging_mixin.py:188} INFO - [2026-03-22T17:56:02.264+0000] {dag.py:3954} INFO - Setting next_dagrun for tmdb_mart_pipeline to None, run_after=None
[2026-03-22T17:56:02.281+0000] {processor.py:183} INFO - Processing /opt/airflow/dags/tmdb_pipeline_to_mart.py took 0.325 seconds
[2026-03-22T17:56:32.744+0000] {processor.py:161} INFO - Started process (PID=5832) to work on /opt/airflow/dags/tmdb_pipeline_to_mart.py
[2026-03-22T17:56:32.751+0000] {processor.py:830} INFO - Processing file /opt/airflow/dags/tmdb_pipeline_to_mart.py for tasks to queue
[2026-03-22T17:56:32.752+0000] {logging_mixin.py:188} INFO - [2026-03-22T17:56:32.752+0000] {dagbag.py:545} INFO - Filling up the DagBag from /opt/airflow/dags/tmdb_pipeline_to_mart.py
[2026-03-22T17:56:32.799+0000] {processor.py:840} INFO - DAG(s) 'tmdb_mart_pipeline' retrieved from /opt/airflow/dags/tmdb_pipeline_to_mart.py
[2026-03-22T17:56:32.861+0000] {logging_mixin.py:188} INFO - [2026-03-22T17:56:32.861+0000] {dag.py:3096} INFO - Sync 1 DAGs
[2026-03-22T17:56:32.876+0000] {logging_mixin.py:188} INFO - [2026-03-22T17:56:32.876+0000] {dag.py:3954} INFO - Setting next_dagrun for tmdb_mart_pipeline to None, run_after=None
[2026-03-22T17:56:32.894+0000] {processor.py:183} INFO - Processing /opt/airflow/dags/tmdb_pipeline_to_mart.py took 0.224 seconds
[2026-03-22T17:57:03.271+0000] {processor.py:161} INFO - Started process (PID=5851) to work on /opt/airflow/dags/tmdb_pipeline_to_mart.py
[2026-03-22T17:57:03.274+0000] {processor.py:830} INFO - Processing file /opt/airflow/dags/tmdb_pipeline_to_mart.py for tasks to queue
[2026-03-22T17:57:03.276+0000] {logging_mixin.py:188} INFO - [2026-03-22T17:57:03.275+0000] {dagbag.py:545} INFO - Filling up the DagBag from /opt/airflow/dags/tmdb_pipeline_to_mart.py
[2026-03-22T17:57:03.292+0000] {processor.py:840} INFO - DAG(s) 'tmdb_mart_pipeline' retrieved from /opt/airflow/dags/tmdb_pipeline_to_mart.py
[2026-03-22T17:57:03.339+0000] {logging_mixin.py:188} INFO - [2026-03-22T17:57:03.338+0000] {dag.py:3096} INFO - Sync 1 DAGs
[2026-03-22T17:57:03.354+0000] {logging_mixin.py:188} INFO - [2026-03-22T17:57:03.354+0000] {dag.py:3954} INFO - Setting next_dagrun for tmdb_mart_pipeline to None, run_after=None
[2026-03-22T17:57:03.373+0000] {processor.py:183} INFO - Processing /opt/airflow/dags/tmdb_pipeline_to_mart.py took 0.113 seconds
[2026-03-22T17:57:33.780+0000] {processor.py:161} INFO - Started process (PID=5872) to work on /opt/airflow/dags/tmdb_pipeline_to_mart.py
[2026-03-22T17:57:33.784+0000] {processor.py:830} INFO - Processing file /opt/airflow/dags/tmdb_pipeline_to_mart.py for tasks to queue
[2026-03-22T17:57:33.786+0000] {logging_mixin.py:188} INFO - [2026-03-22T17:57:33.786+0000] {dagbag.py:545} INFO - Filling up the DagBag from /opt/airflow/dags/tmdb_pipeline_to_mart.py
[2026-03-22T17:57:33.814+0000] {processor.py:840} INFO - DAG(s) 'tmdb_mart_pipeline' retrieved from /opt/airflow/dags/tmdb_pipeline_to_mart.py
[2026-03-22T17:57:33.856+0000] {logging_mixin.py:188} INFO - [2026-03-22T17:57:33.855+0000] {dag.py:3096} INFO - Sync 1 DAGs
[2026-03-22T17:57:33.873+0000] {logging_mixin.py:188} INFO - [2026-03-22T17:57:33.873+0000] {dag.py:3954} INFO - Setting next_dagrun for tmdb_mart_pipeline to None, run_after=None
[2026-03-22T17:57:33.888+0000] {processor.py:183} INFO - Processing /opt/airflow/dags/tmdb_pipeline_to_mart.py took 0.118 seconds
[2026-03-22T17:58:04.230+0000] {processor.py:161} INFO - Started process (PID=5891) to work on /opt/airflow/dags/tmdb_pipeline_to_mart.py
[2026-03-22T17:58:04.234+0000] {processor.py:830} INFO - Processing file /opt/airflow/dags/tmdb_pipeline_to_mart.py for tasks to queue
[2026-03-22T17:58:04.235+0000] {logging_mixin.py:188} INFO - [2026-03-22T17:58:04.234+0000] {dagbag.py:545} INFO - Filling up the DagBag from /opt/airflow/dags/tmdb_pipeline_to_mart.py
[2026-03-22T17:58:04.253+0000] {processor.py:840} INFO - DAG(s) 'tmdb_mart_pipeline' retrieved from /opt/airflow/dags/tmdb_pipeline_to_mart.py
[2026-03-22T17:58:04.286+0000] {logging_mixin.py:188} INFO - [2026-03-22T17:58:04.286+0000] {dag.py:3096} INFO - Sync 1 DAGs
[2026-03-22T17:58:04.300+0000] {logging_mixin.py:188} INFO - [2026-03-22T17:58:04.300+0000] {dag.py:3954} INFO - Setting next_dagrun for tmdb_mart_pipeline to None, run_after=None
[2026-03-22T17:58:04.317+0000] {processor.py:183} INFO - Processing /opt/airflow/dags/tmdb_pipeline_to_mart.py took 0.095 seconds
[2026-03-22T17:58:34.674+0000] {processor.py:161} INFO - Started process (PID=5911) to work on /opt/airflow/dags/tmdb_pipeline_to_mart.py
[2026-03-22T17:58:34.678+0000] {processor.py:830} INFO - Processing file /opt/airflow/dags/tmdb_pipeline_to_mart.py for tasks to queue
[2026-03-22T17:58:34.679+0000] {logging_mixin.py:188} INFO - [2026-03-22T17:58:34.678+0000] {dagbag.py:545} INFO - Filling up the DagBag from /opt/airflow/dags/tmdb_pipeline_to_mart.py
[2026-03-22T17:58:34.698+0000] {processor.py:840} INFO - DAG(s) 'tmdb_mart_pipeline' retrieved from /opt/airflow/dags/tmdb_pipeline_to_mart.py
[2026-03-22T17:58:34.743+0000] {logging_mixin.py:188} INFO - [2026-03-22T17:58:34.743+0000] {dag.py:3096} INFO - Sync 1 DAGs
[2026-03-22T17:58:34.761+0000] {logging_mixin.py:188} INFO - [2026-03-22T17:58:34.761+0000] {dag.py:3954} INFO - Setting next_dagrun for tmdb_mart_pipeline to None, run_after=None
[2026-03-22T17:58:34.782+0000] {processor.py:183} INFO - Processing /opt/airflow/dags/tmdb_pipeline_to_mart.py took 0.115 seconds
[2026-03-22T17:59:05.180+0000] {processor.py:161} INFO - Started process (PID=5933) to work on /opt/airflow/dags/tmdb_pipeline_to_mart.py
[2026-03-22T17:59:05.181+0000] {processor.py:830} INFO - Processing file /opt/airflow/dags/tmdb_pipeline_to_mart.py for tasks to queue
[2026-03-22T17:59:05.182+0000] {logging_mixin.py:188} INFO - [2026-03-22T17:59:05.182+0000] {dagbag.py:545} INFO - Filling up the DagBag from /opt/airflow/dags/tmdb_pipeline_to_mart.py
[2026-03-22T17:59:05.189+0000] {processor.py:840} INFO - DAG(s) 'tmdb_mart_pipeline' retrieved from /opt/airflow/dags/tmdb_pipeline_to_mart.py
[2026-03-22T17:59:05.207+0000] {logging_mixin.py:188} INFO - [2026-03-22T17:59:05.207+0000] {dag.py:3096} INFO - Sync 1 DAGs
[2026-03-22T17:59:05.221+0000] {logging_mixin.py:188} INFO - [2026-03-22T17:59:05.221+0000] {dag.py:3954} INFO - Setting next_dagrun for tmdb_mart_pipeline to None, run_after=None
[2026-03-22T17:59:05.234+0000] {processor.py:183} INFO - Processing /opt/airflow/dags/tmdb_pipeline_to_mart.py took 0.059 seconds
[2026-03-22T17:59:35.602+0000] {processor.py:161} INFO - Started process (PID=5962) to work on /opt/airflow/dags/tmdb_pipeline_to_mart.py
[2026-03-22T17:59:35.607+0000] {processor.py:830} INFO - Processing file /opt/airflow/dags/tmdb_pipeline_to_mart.py for tasks to queue
[2026-03-22T17:59:35.608+0000] {logging_mixin.py:188} INFO - [2026-03-22T17:59:35.608+0000] {dagbag.py:545} INFO - Filling up the DagBag from /opt/airflow/dags/tmdb_pipeline_to_mart.py
[2026-03-22T17:59:35.621+0000] {processor.py:840} INFO - DAG(s) 'tmdb_mart_pipeline' retrieved from /opt/airflow/dags/tmdb_pipeline_to_mart.py
[2026-03-22T17:59:35.645+0000] {logging_mixin.py:188} INFO - [2026-03-22T17:59:35.645+0000] {dag.py:3096} INFO - Sync 1 DAGs
[2026-03-22T17:59:35.654+0000] {logging_mixin.py:188} INFO - [2026-03-22T17:59:35.654+0000] {dag.py:3954} INFO - Setting next_dagrun for tmdb_mart_pipeline to None, run_after=None
[2026-03-22T17:59:35.671+0000] {processor.py:183} INFO - Processing /opt/airflow/dags/tmdb_pipeline_to_mart.py took 0.073 seconds
[2026-03-22T18:00:06.091+0000] {processor.py:161} INFO - Started process (PID=5982) to work on /opt/airflow/dags/tmdb_pipeline_to_mart.py
[2026-03-22T18:00:06.092+0000] {processor.py:830} INFO - Processing file /opt/airflow/dags/tmdb_pipeline_to_mart.py for tasks to queue
[2026-03-22T18:00:06.094+0000] {logging_mixin.py:188} INFO - [2026-03-22T18:00:06.094+0000] {dagbag.py:545} INFO - Filling up the DagBag from /opt/airflow/dags/tmdb_pipeline_to_mart.py
[2026-03-22T18:00:06.104+0000] {processor.py:840} INFO - DAG(s) 'tmdb_mart_pipeline' retrieved from /opt/airflow/dags/tmdb_pipeline_to_mart.py
[2026-03-22T18:00:06.126+0000] {logging_mixin.py:188} INFO - [2026-03-22T18:00:06.126+0000] {dag.py:3096} INFO - Sync 1 DAGs
[2026-03-22T18:00:06.138+0000] {logging_mixin.py:188} INFO - [2026-03-22T18:00:06.138+0000] {dag.py:3954} INFO - Setting next_dagrun for tmdb_mart_pipeline to None, run_after=None
[2026-03-22T18:00:06.156+0000] {processor.py:183} INFO - Processing /opt/airflow/dags/tmdb_pipeline_to_mart.py took 0.071 seconds
[2026-03-22T18:00:36.540+0000] {processor.py:161} INFO - Started process (PID=6001) to work on /opt/airflow/dags/tmdb_pipeline_to_mart.py
[2026-03-22T18:00:36.546+0000] {processor.py:830} INFO - Processing file /opt/airflow/dags/tmdb_pipeline_to_mart.py for tasks to queue
[2026-03-22T18:00:36.547+0000] {logging_mixin.py:188} INFO - [2026-03-22T18:00:36.547+0000] {dagbag.py:545} INFO - Filling up the DagBag from /opt/airflow/dags/tmdb_pipeline_to_mart.py
[2026-03-22T18:00:36.565+0000] {processor.py:840} INFO - DAG(s) 'tmdb_mart_pipeline' retrieved from /opt/airflow/dags/tmdb_pipeline_to_mart.py
[2026-03-22T18:00:36.601+0000] {logging_mixin.py:188} INFO - [2026-03-22T18:00:36.600+0000] {dag.py:3096} INFO - Sync 1 DAGs
[2026-03-22T18:00:36.611+0000] {logging_mixin.py:188} INFO - [2026-03-22T18:00:36.611+0000] {dag.py:3954} INFO - Setting next_dagrun for tmdb_mart_pipeline to None, run_after=None
[2026-03-22T18:00:36.627+0000] {processor.py:183} INFO - Processing /opt/airflow/dags/tmdb_pipeline_to_mart.py took 0.095 seconds
[2026-03-22T18:01:07.012+0000] {processor.py:161} INFO - Started process (PID=6022) to work on /opt/airflow/dags/tmdb_pipeline_to_mart.py
[2026-03-22T18:01:07.015+0000] {processor.py:830} INFO - Processing file /opt/airflow/dags/tmdb_pipeline_to_mart.py for tasks to queue
[2026-03-22T18:01:07.016+0000] {logging_mixin.py:188} INFO - [2026-03-22T18:01:07.016+0000] {dagbag.py:545} INFO - Filling up the DagBag from /opt/airflow/dags/tmdb_pipeline_to_mart.py
[2026-03-22T18:01:07.030+0000] {processor.py:840} INFO - DAG(s) 'tmdb_mart_pipeline' retrieved from /opt/airflow/dags/tmdb_pipeline_to_mart.py
[2026-03-22T18:01:07.059+0000] {logging_mixin.py:188} INFO - [2026-03-22T18:01:07.059+0000] {dag.py:3096} INFO - Sync 1 DAGs
[2026-03-22T18:01:07.076+0000] {logging_mixin.py:188} INFO - [2026-03-22T18:01:07.076+0000] {dag.py:3954} INFO - Setting next_dagrun for tmdb_mart_pipeline to None, run_after=None
[2026-03-22T18:01:07.091+0000] {processor.py:183} INFO - Processing /opt/airflow/dags/tmdb_pipeline_to_mart.py took 0.085 seconds
[2026-03-22T18:01:37.465+0000] {processor.py:161} INFO - Started process (PID=6042) to work on /opt/airflow/dags/tmdb_pipeline_to_mart.py
[2026-03-22T18:01:37.472+0000] {processor.py:830} INFO - Processing file /opt/airflow/dags/tmdb_pipeline_to_mart.py for tasks to queue
[2026-03-22T18:01:37.473+0000] {logging_mixin.py:188} INFO - [2026-03-22T18:01:37.472+0000] {dagbag.py:545} INFO - Filling up the DagBag from /opt/airflow/dags/tmdb_pipeline_to_mart.py
[2026-03-22T18:01:37.494+0000] {processor.py:840} INFO - DAG(s) 'tmdb_mart_pipeline' retrieved from /opt/airflow/dags/tmdb_pipeline_to_mart.py
[2026-03-22T18:01:37.528+0000] {logging_mixin.py:188} INFO - [2026-03-22T18:01:37.527+0000] {dag.py:3096} INFO - Sync 1 DAGs
[2026-03-22T18:01:37.539+0000] {logging_mixin.py:188} INFO - [2026-03-22T18:01:37.539+0000] {dag.py:3954} INFO - Setting next_dagrun for tmdb_mart_pipeline to None, run_after=None
[2026-03-22T18:01:37.551+0000] {processor.py:183} INFO - Processing /opt/airflow/dags/tmdb_pipeline_to_mart.py took 0.096 seconds
[2026-03-22T18:02:07.970+0000] {processor.py:161} INFO - Started process (PID=6062) to work on /opt/airflow/dags/tmdb_pipeline_to_mart.py
[2026-03-22T18:02:07.975+0000] {processor.py:830} INFO - Processing file /opt/airflow/dags/tmdb_pipeline_to_mart.py for tasks to queue
[2026-03-22T18:02:07.977+0000] {logging_mixin.py:188} INFO - [2026-03-22T18:02:07.977+0000] {dagbag.py:545} INFO - Filling up the DagBag from /opt/airflow/dags/tmdb_pipeline_to_mart.py
[2026-03-22T18:02:08.003+0000] {processor.py:840} INFO - DAG(s) 'tmdb_mart_pipeline' retrieved from /opt/airflow/dags/tmdb_pipeline_to_mart.py
[2026-03-22T18:02:08.053+0000] {logging_mixin.py:188} INFO - [2026-03-22T18:02:08.053+0000] {dag.py:3096} INFO - Sync 1 DAGs
[2026-03-22T18:02:08.070+0000] {logging_mixin.py:188} INFO - [2026-03-22T18:02:08.070+0000] {dag.py:3954} INFO - Setting next_dagrun for tmdb_mart_pipeline to None, run_after=None
[2026-03-22T18:02:08.094+0000] {processor.py:183} INFO - Processing /opt/airflow/dags/tmdb_pipeline_to_mart.py took 0.134 seconds
[2026-03-22T18:02:38.476+0000] {processor.py:161} INFO - Started process (PID=6081) to work on /opt/airflow/dags/tmdb_pipeline_to_mart.py
[2026-03-22T18:02:38.480+0000] {processor.py:830} INFO - Processing file /opt/airflow/dags/tmdb_pipeline_to_mart.py for tasks to queue
[2026-03-22T18:02:38.481+0000] {logging_mixin.py:188} INFO - [2026-03-22T18:02:38.481+0000] {dagbag.py:545} INFO - Filling up the DagBag from /opt/airflow/dags/tmdb_pipeline_to_mart.py
[2026-03-22T18:02:38.498+0000] {processor.py:840} INFO - DAG(s) 'tmdb_mart_pipeline' retrieved from /opt/airflow/dags/tmdb_pipeline_to_mart.py
[2026-03-22T18:02:38.522+0000] {logging_mixin.py:188} INFO - [2026-03-22T18:02:38.522+0000] {dag.py:3096} INFO - Sync 1 DAGs
[2026-03-22T18:02:38.540+0000] {logging_mixin.py:188} INFO - [2026-03-22T18:02:38.540+0000] {dag.py:3954} INFO - Setting next_dagrun for tmdb_mart_pipeline to None, run_after=None
[2026-03-22T18:02:38.560+0000] {processor.py:183} INFO - Processing /opt/airflow/dags/tmdb_pipeline_to_mart.py took 0.090 seconds
[2026-03-22T18:03:08.843+0000] {processor.py:161} INFO - Started process (PID=6102) to work on /opt/airflow/dags/tmdb_pipeline_to_mart.py
[2026-03-22T18:03:08.844+0000] {processor.py:830} INFO - Processing file /opt/airflow/dags/tmdb_pipeline_to_mart.py for tasks to queue
[2026-03-22T18:03:08.845+0000] {logging_mixin.py:188} INFO - [2026-03-22T18:03:08.845+0000] {dagbag.py:545} INFO - Filling up the DagBag from /opt/airflow/dags/tmdb_pipeline_to_mart.py
[2026-03-22T18:03:08.852+0000] {processor.py:840} INFO - DAG(s) 'tmdb_mart_pipeline' retrieved from /opt/airflow/dags/tmdb_pipeline_to_mart.py
[2026-03-22T18:03:08.867+0000] {logging_mixin.py:188} INFO - [2026-03-22T18:03:08.867+0000] {dag.py:3096} INFO - Sync 1 DAGs
[2026-03-22T18:03:08.875+0000] {logging_mixin.py:188} INFO - [2026-03-22T18:03:08.875+0000] {dag.py:3954} INFO - Setting next_dagrun for tmdb_mart_pipeline to None, run_after=None
[2026-03-22T18:03:08.887+0000] {processor.py:183} INFO - Processing /opt/airflow/dags/tmdb_pipeline_to_mart.py took 0.047 seconds
[2026-03-22T18:03:39.274+0000] {processor.py:161} INFO - Started process (PID=6121) to work on /opt/airflow/dags/tmdb_pipeline_to_mart.py
[2026-03-22T18:03:39.278+0000] {processor.py:830} INFO - Processing file /opt/airflow/dags/tmdb_pipeline_to_mart.py for tasks to queue
[2026-03-22T18:03:39.279+0000] {logging_mixin.py:188} INFO - [2026-03-22T18:03:39.279+0000] {dagbag.py:545} INFO - Filling up the DagBag from /opt/airflow/dags/tmdb_pipeline_to_mart.py
[2026-03-22T18:03:39.299+0000] {processor.py:840} INFO - DAG(s) 'tmdb_mart_pipeline' retrieved from /opt/airflow/dags/tmdb_pipeline_to_mart.py
[2026-03-22T18:03:39.349+0000] {logging_mixin.py:188} INFO - [2026-03-22T18:03:39.349+0000] {dag.py:3096} INFO - Sync 1 DAGs
[2026-03-22T18:03:39.364+0000] {logging_mixin.py:188} INFO - [2026-03-22T18:03:39.364+0000] {dag.py:3954} INFO - Setting next_dagrun for tmdb_mart_pipeline to None, run_after=None
[2026-03-22T18:03:39.381+0000] {processor.py:183} INFO - Processing /opt/airflow/dags/tmdb_pipeline_to_mart.py took 0.137 seconds
[2026-03-22T18:04:09.736+0000] {processor.py:161} INFO - Started process (PID=6141) to work on /opt/airflow/dags/tmdb_pipeline_to_mart.py
[2026-03-22T18:04:09.740+0000] {processor.py:830} INFO - Processing file /opt/airflow/dags/tmdb_pipeline_to_mart.py for tasks to queue
[2026-03-22T18:04:09.741+0000] {logging_mixin.py:188} INFO - [2026-03-22T18:04:09.740+0000] {dagbag.py:545} INFO - Filling up the DagBag from /opt/airflow/dags/tmdb_pipeline_to_mart.py
[2026-03-22T18:04:09.761+0000] {processor.py:840} INFO - DAG(s) 'tmdb_mart_pipeline' retrieved from /opt/airflow/dags/tmdb_pipeline_to_mart.py
[2026-03-22T18:04:09.809+0000] {logging_mixin.py:188} INFO - [2026-03-22T18:04:09.809+0000] {dag.py:3096} INFO - Sync 1 DAGs
[2026-03-22T18:04:09.821+0000] {logging_mixin.py:188} INFO - [2026-03-22T18:04:09.821+0000] {dag.py:3954} INFO - Setting next_dagrun for tmdb_mart_pipeline to None, run_after=None
[2026-03-22T18:04:09.838+0000] {processor.py:183} INFO - Processing /opt/airflow/dags/tmdb_pipeline_to_mart.py took 0.113 seconds
[2026-03-22T18:04:40.287+0000] {processor.py:161} INFO - Started process (PID=6165) to work on /opt/airflow/dags/tmdb_pipeline_to_mart.py
[2026-03-22T18:04:40.292+0000] {processor.py:830} INFO - Processing file /opt/airflow/dags/tmdb_pipeline_to_mart.py for tasks to queue
[2026-03-22T18:04:40.293+0000] {logging_mixin.py:188} INFO - [2026-03-22T18:04:40.292+0000] {dagbag.py:545} INFO - Filling up the DagBag from /opt/airflow/dags/tmdb_pipeline_to_mart.py
[2026-03-22T18:04:40.306+0000] {processor.py:840} INFO - DAG(s) 'tmdb_mart_pipeline' retrieved from /opt/airflow/dags/tmdb_pipeline_to_mart.py
[2026-03-22T18:04:40.342+0000] {logging_mixin.py:188} INFO - [2026-03-22T18:04:40.342+0000] {dag.py:3096} INFO - Sync 1 DAGs
[2026-03-22T18:04:40.358+0000] {logging_mixin.py:188} INFO - [2026-03-22T18:04:40.358+0000] {dag.py:3954} INFO - Setting next_dagrun for tmdb_mart_pipeline to None, run_after=None
[2026-03-22T18:04:40.381+0000] {processor.py:183} INFO - Processing /opt/airflow/dags/tmdb_pipeline_to_mart.py took 0.099 seconds
[2026-03-22T18:05:10.756+0000] {processor.py:161} INFO - Started process (PID=6189) to work on /opt/airflow/dags/tmdb_pipeline_to_mart.py
[2026-03-22T18:05:10.762+0000] {processor.py:830} INFO - Processing file /opt/airflow/dags/tmdb_pipeline_to_mart.py for tasks to queue
[2026-03-22T18:05:10.763+0000] {logging_mixin.py:188} INFO - [2026-03-22T18:05:10.763+0000] {dagbag.py:545} INFO - Filling up the DagBag from /opt/airflow/dags/tmdb_pipeline_to_mart.py
[2026-03-22T18:05:10.777+0000] {processor.py:840} INFO - DAG(s) 'tmdb_mart_pipeline' retrieved from /opt/airflow/dags/tmdb_pipeline_to_mart.py
[2026-03-22T18:05:10.803+0000] {logging_mixin.py:188} INFO - [2026-03-22T18:05:10.803+0000] {dag.py:3096} INFO - Sync 1 DAGs
[2026-03-22T18:05:10.812+0000] {logging_mixin.py:188} INFO - [2026-03-22T18:05:10.811+0000] {dag.py:3954} INFO - Setting next_dagrun for tmdb_mart_pipeline to None, run_after=None
[2026-03-22T18:05:10.841+0000] {processor.py:183} INFO - Processing /opt/airflow/dags/tmdb_pipeline_to_mart.py took 0.092 seconds
[2026-03-22T18:05:41.187+0000] {processor.py:161} INFO - Started process (PID=6216) to work on /opt/airflow/dags/tmdb_pipeline_to_mart.py
[2026-03-22T18:05:41.191+0000] {processor.py:830} INFO - Processing file /opt/airflow/dags/tmdb_pipeline_to_mart.py for tasks to queue
[2026-03-22T18:05:41.192+0000] {logging_mixin.py:188} INFO - [2026-03-22T18:05:41.192+0000] {dagbag.py:545} INFO - Filling up the DagBag from /opt/airflow/dags/tmdb_pipeline_to_mart.py
[2026-03-22T18:05:41.204+0000] {processor.py:840} INFO - DAG(s) 'tmdb_mart_pipeline' retrieved from /opt/airflow/dags/tmdb_pipeline_to_mart.py
[2026-03-22T18:05:41.239+0000] {logging_mixin.py:188} INFO - [2026-03-22T18:05:41.239+0000] {dag.py:3096} INFO - Sync 1 DAGs
[2026-03-22T18:05:41.245+0000] {logging_mixin.py:188} INFO - [2026-03-22T18:05:41.245+0000] {dag.py:3954} INFO - Setting next_dagrun for tmdb_mart_pipeline to None, run_after=None
[2026-03-22T18:05:41.259+0000] {processor.py:183} INFO - Processing /opt/airflow/dags/tmdb_pipeline_to_mart.py took 0.076 seconds
[2026-03-22T18:06:11.687+0000] {processor.py:161} INFO - Started process (PID=6236) to work on /opt/airflow/dags/tmdb_pipeline_to_mart.py
[2026-03-22T18:06:11.692+0000] {processor.py:830} INFO - Processing file /opt/airflow/dags/tmdb_pipeline_to_mart.py for tasks to queue
[2026-03-22T18:06:11.694+0000] {logging_mixin.py:188} INFO - [2026-03-22T18:06:11.693+0000] {dagbag.py:545} INFO - Filling up the DagBag from /opt/airflow/dags/tmdb_pipeline_to_mart.py
[2026-03-22T18:06:11.720+0000] {processor.py:840} INFO - DAG(s) 'tmdb_mart_pipeline' retrieved from /opt/airflow/dags/tmdb_pipeline_to_mart.py
[2026-03-22T18:06:11.765+0000] {logging_mixin.py:188} INFO - [2026-03-22T18:06:11.765+0000] {dag.py:3096} INFO - Sync 1 DAGs
[2026-03-22T18:06:11.778+0000] {logging_mixin.py:188} INFO - [2026-03-22T18:06:11.777+0000] {dag.py:3954} INFO - Setting next_dagrun for tmdb_mart_pipeline to None, run_after=None
[2026-03-22T18:06:11.803+0000] {processor.py:183} INFO - Processing /opt/airflow/dags/tmdb_pipeline_to_mart.py took 0.125 seconds
[2026-03-22T18:06:42.223+0000] {processor.py:161} INFO - Started process (PID=6257) to work on /opt/airflow/dags/tmdb_pipeline_to_mart.py
[2026-03-22T18:06:42.227+0000] {processor.py:830} INFO - Processing file /opt/airflow/dags/tmdb_pipeline_to_mart.py for tasks to queue
[2026-03-22T18:06:42.228+0000] {logging_mixin.py:188} INFO - [2026-03-22T18:06:42.228+0000] {dagbag.py:545} INFO - Filling up the DagBag from /opt/airflow/dags/tmdb_pipeline_to_mart.py
[2026-03-22T18:06:42.247+0000] {processor.py:840} INFO - DAG(s) 'tmdb_mart_pipeline' retrieved from /opt/airflow/dags/tmdb_pipeline_to_mart.py
[2026-03-22T18:06:42.291+0000] {logging_mixin.py:188} INFO - [2026-03-22T18:06:42.291+0000] {dag.py:3096} INFO - Sync 1 DAGs
[2026-03-22T18:06:42.310+0000] {logging_mixin.py:188} INFO - [2026-03-22T18:06:42.310+0000] {dag.py:3954} INFO - Setting next_dagrun for tmdb_mart_pipeline to None, run_after=None
[2026-03-22T18:06:42.328+0000] {processor.py:183} INFO - Processing /opt/airflow/dags/tmdb_pipeline_to_mart.py took 0.112 seconds
[2026-03-22T18:07:12.711+0000] {processor.py:161} INFO - Started process (PID=6276) to work on /opt/airflow/dags/tmdb_pipeline_to_mart.py
[2026-03-22T18:07:12.714+0000] {processor.py:830} INFO - Processing file /opt/airflow/dags/tmdb_pipeline_to_mart.py for tasks to queue
[2026-03-22T18:07:12.716+0000] {logging_mixin.py:188} INFO - [2026-03-22T18:07:12.716+0000] {dagbag.py:545} INFO - Filling up the DagBag from /opt/airflow/dags/tmdb_pipeline_to_mart.py
[2026-03-22T18:07:12.733+0000] {processor.py:840} INFO - DAG(s) 'tmdb_mart_pipeline' retrieved from /opt/airflow/dags/tmdb_pipeline_to_mart.py
[2026-03-22T18:07:12.753+0000] {logging_mixin.py:188} INFO - [2026-03-22T18:07:12.753+0000] {dag.py:3096} INFO - Sync 1 DAGs
[2026-03-22T18:07:12.763+0000] {logging_mixin.py:188} INFO - [2026-03-22T18:07:12.763+0000] {dag.py:3954} INFO - Setting next_dagrun for tmdb_mart_pipeline to None, run_after=None
[2026-03-22T18:07:12.786+0000] {processor.py:183} INFO - Processing /opt/airflow/dags/tmdb_pipeline_to_mart.py took 0.082 seconds
[2026-03-22T18:07:43.154+0000] {processor.py:161} INFO - Started process (PID=6297) to work on /opt/airflow/dags/tmdb_pipeline_to_mart.py
[2026-03-22T18:07:43.157+0000] {processor.py:830} INFO - Processing file /opt/airflow/dags/tmdb_pipeline_to_mart.py for tasks to queue
[2026-03-22T18:07:43.159+0000] {logging_mixin.py:188} INFO - [2026-03-22T18:07:43.159+0000] {dagbag.py:545} INFO - Filling up the DagBag from /opt/airflow/dags/tmdb_pipeline_to_mart.py
[2026-03-22T18:07:43.175+0000] {processor.py:840} INFO - DAG(s) 'tmdb_mart_pipeline' retrieved from /opt/airflow/dags/tmdb_pipeline_to_mart.py
[2026-03-22T18:07:43.220+0000] {logging_mixin.py:188} INFO - [2026-03-22T18:07:43.220+0000] {dag.py:3096} INFO - Sync 1 DAGs
[2026-03-22T18:07:43.238+0000] {logging_mixin.py:188} INFO - [2026-03-22T18:07:43.238+0000] {dag.py:3954} INFO - Setting next_dagrun for tmdb_mart_pipeline to None, run_after=None
[2026-03-22T18:07:43.261+0000] {processor.py:183} INFO - Processing /opt/airflow/dags/tmdb_pipeline_to_mart.py took 0.117 seconds
[2026-03-22T18:08:13.599+0000] {processor.py:161} INFO - Started process (PID=6317) to work on /opt/airflow/dags/tmdb_pipeline_to_mart.py
[2026-03-22T18:08:13.604+0000] {processor.py:830} INFO - Processing file /opt/airflow/dags/tmdb_pipeline_to_mart.py for tasks to queue
[2026-03-22T18:08:13.607+0000] {logging_mixin.py:188} INFO - [2026-03-22T18:08:13.607+0000] {dagbag.py:545} INFO - Filling up the DagBag from /opt/airflow/dags/tmdb_pipeline_to_mart.py
[2026-03-22T18:08:13.623+0000] {processor.py:840} INFO - DAG(s) 'tmdb_mart_pipeline' retrieved from /opt/airflow/dags/tmdb_pipeline_to_mart.py
[2026-03-22T18:08:13.655+0000] {logging_mixin.py:188} INFO - [2026-03-22T18:08:13.655+0000] {dag.py:3096} INFO - Sync 1 DAGs
[2026-03-22T18:08:13.674+0000] {logging_mixin.py:188} INFO - [2026-03-22T18:08:13.674+0000] {dag.py:3954} INFO - Setting next_dagrun for tmdb_mart_pipeline to None, run_after=None
[2026-03-22T18:08:13.691+0000] {processor.py:183} INFO - Processing /opt/airflow/dags/tmdb_pipeline_to_mart.py took 0.104 seconds
[2026-03-22T18:08:44.056+0000] {processor.py:161} INFO - Started process (PID=6337) to work on /opt/airflow/dags/tmdb_pipeline_to_mart.py
[2026-03-22T18:08:44.059+0000] {processor.py:830} INFO - Processing file /opt/airflow/dags/tmdb_pipeline_to_mart.py for tasks to queue
[2026-03-22T18:08:44.061+0000] {logging_mixin.py:188} INFO - [2026-03-22T18:08:44.060+0000] {dagbag.py:545} INFO - Filling up the DagBag from /opt/airflow/dags/tmdb_pipeline_to_mart.py
[2026-03-22T18:08:44.078+0000] {processor.py:840} INFO - DAG(s) 'tmdb_mart_pipeline' retrieved from /opt/airflow/dags/tmdb_pipeline_to_mart.py
[2026-03-22T18:08:44.107+0000] {logging_mixin.py:188} INFO - [2026-03-22T18:08:44.107+0000] {dag.py:3096} INFO - Sync 1 DAGs
[2026-03-22T18:08:44.123+0000] {logging_mixin.py:188} INFO - [2026-03-22T18:08:44.123+0000] {dag.py:3954} INFO - Setting next_dagrun for tmdb_mart_pipeline to None, run_after=None
[2026-03-22T18:08:44.143+0000] {processor.py:183} INFO - Processing /opt/airflow/dags/tmdb_pipeline_to_mart.py took 0.095 seconds
[2026-03-22T18:09:14.529+0000] {processor.py:161} INFO - Started process (PID=6356) to work on /opt/airflow/dags/tmdb_pipeline_to_mart.py
[2026-03-22T18:09:14.532+0000] {processor.py:830} INFO - Processing file /opt/airflow/dags/tmdb_pipeline_to_mart.py for tasks to queue
[2026-03-22T18:09:14.533+0000] {logging_mixin.py:188} INFO - [2026-03-22T18:09:14.532+0000] {dagbag.py:545} INFO - Filling up the DagBag from /opt/airflow/dags/tmdb_pipeline_to_mart.py
[2026-03-22T18:09:14.560+0000] {processor.py:840} INFO - DAG(s) 'tmdb_mart_pipeline' retrieved from /opt/airflow/dags/tmdb_pipeline_to_mart.py
[2026-03-22T18:09:14.590+0000] {logging_mixin.py:188} INFO - [2026-03-22T18:09:14.590+0000] {dag.py:3096} INFO - Sync 1 DAGs
[2026-03-22T18:09:14.604+0000] {logging_mixin.py:188} INFO - [2026-03-22T18:09:14.604+0000] {dag.py:3954} INFO - Setting next_dagrun for tmdb_mart_pipeline to None, run_after=None
[2026-03-22T18:09:14.628+0000] {processor.py:183} INFO - Processing /opt/airflow/dags/tmdb_pipeline_to_mart.py took 0.109 seconds
[2026-03-22T18:09:45.008+0000] {processor.py:161} INFO - Started process (PID=6375) to work on /opt/airflow/dags/tmdb_pipeline_to_mart.py
[2026-03-22T18:09:45.011+0000] {processor.py:830} INFO - Processing file /opt/airflow/dags/tmdb_pipeline_to_mart.py for tasks to queue
[2026-03-22T18:09:45.012+0000] {logging_mixin.py:188} INFO - [2026-03-22T18:09:45.012+0000] {dagbag.py:545} INFO - Filling up the DagBag from /opt/airflow/dags/tmdb_pipeline_to_mart.py
[2026-03-22T18:09:45.036+0000] {processor.py:840} INFO - DAG(s) 'tmdb_mart_pipeline' retrieved from /opt/airflow/dags/tmdb_pipeline_to_mart.py
[2026-03-22T18:09:45.084+0000] {logging_mixin.py:188} INFO - [2026-03-22T18:09:45.083+0000] {dag.py:3096} INFO - Sync 1 DAGs
[2026-03-22T18:09:45.107+0000] {logging_mixin.py:188} INFO - [2026-03-22T18:09:45.106+0000] {dag.py:3954} INFO - Setting next_dagrun for tmdb_mart_pipeline to None, run_after=None
[2026-03-22T18:09:45.127+0000] {processor.py:183} INFO - Processing /opt/airflow/dags/tmdb_pipeline_to_mart.py took 0.125 seconds
[2026-03-22T18:10:15.556+0000] {processor.py:161} INFO - Started process (PID=6396) to work on /opt/airflow/dags/tmdb_pipeline_to_mart.py
[2026-03-22T18:10:15.559+0000] {processor.py:830} INFO - Processing file /opt/airflow/dags/tmdb_pipeline_to_mart.py for tasks to queue
[2026-03-22T18:10:15.561+0000] {logging_mixin.py:188} INFO - [2026-03-22T18:10:15.560+0000] {dagbag.py:545} INFO - Filling up the DagBag from /opt/airflow/dags/tmdb_pipeline_to_mart.py
[2026-03-22T18:10:15.579+0000] {processor.py:840} INFO - DAG(s) 'tmdb_mart_pipeline' retrieved from /opt/airflow/dags/tmdb_pipeline_to_mart.py
[2026-03-22T18:10:15.631+0000] {logging_mixin.py:188} INFO - [2026-03-22T18:10:15.630+0000] {dag.py:3096} INFO - Sync 1 DAGs
[2026-03-22T18:10:15.656+0000] {logging_mixin.py:188} INFO - [2026-03-22T18:10:15.656+0000] {dag.py:3954} INFO - Setting next_dagrun for tmdb_mart_pipeline to None, run_after=None
[2026-03-22T18:10:15.676+0000] {processor.py:183} INFO - Processing /opt/airflow/dags/tmdb_pipeline_to_mart.py took 0.134 seconds
[2026-03-22T18:10:46.080+0000] {processor.py:161} INFO - Started process (PID=6416) to work on /opt/airflow/dags/tmdb_pipeline_to_mart.py
[2026-03-22T18:10:46.084+0000] {processor.py:830} INFO - Processing file /opt/airflow/dags/tmdb_pipeline_to_mart.py for tasks to queue
[2026-03-22T18:10:46.085+0000] {logging_mixin.py:188} INFO - [2026-03-22T18:10:46.085+0000] {dagbag.py:545} INFO - Filling up the DagBag from /opt/airflow/dags/tmdb_pipeline_to_mart.py
[2026-03-22T18:10:46.102+0000] {processor.py:840} INFO - DAG(s) 'tmdb_mart_pipeline' retrieved from /opt/airflow/dags/tmdb_pipeline_to_mart.py
[2026-03-22T18:10:46.146+0000] {logging_mixin.py:188} INFO - [2026-03-22T18:10:46.145+0000] {dag.py:3096} INFO - Sync 1 DAGs
[2026-03-22T18:10:46.168+0000] {logging_mixin.py:188} INFO - [2026-03-22T18:10:46.167+0000] {dag.py:3954} INFO - Setting next_dagrun for tmdb_mart_pipeline to None, run_after=None
[2026-03-22T18:10:46.184+0000] {processor.py:183} INFO - Processing /opt/airflow/dags/tmdb_pipeline_to_mart.py took 0.113 seconds
[2026-03-22T18:11:16.601+0000] {processor.py:161} INFO - Started process (PID=6437) to work on /opt/airflow/dags/tmdb_pipeline_to_mart.py
[2026-03-22T18:11:16.606+0000] {processor.py:830} INFO - Processing file /opt/airflow/dags/tmdb_pipeline_to_mart.py for tasks to queue
[2026-03-22T18:11:16.609+0000] {logging_mixin.py:188} INFO - [2026-03-22T18:11:16.607+0000] {dagbag.py:545} INFO - Filling up the DagBag from /opt/airflow/dags/tmdb_pipeline_to_mart.py
[2026-03-22T18:11:16.633+0000] {processor.py:840} INFO - DAG(s) 'tmdb_mart_pipeline' retrieved from /opt/airflow/dags/tmdb_pipeline_to_mart.py
[2026-03-22T18:11:16.683+0000] {logging_mixin.py:188} INFO - [2026-03-22T18:11:16.683+0000] {dag.py:3096} INFO - Sync 1 DAGs
[2026-03-22T18:11:16.701+0000] {logging_mixin.py:188} INFO - [2026-03-22T18:11:16.701+0000] {dag.py:3954} INFO - Setting next_dagrun for tmdb_mart_pipeline to None, run_after=None
[2026-03-22T18:11:16.732+0000] {processor.py:183} INFO - Processing /opt/airflow/dags/tmdb_pipeline_to_mart.py took 0.136 seconds
[2026-03-22T18:11:47.136+0000] {processor.py:161} INFO - Started process (PID=6456) to work on /opt/airflow/dags/tmdb_pipeline_to_mart.py
[2026-03-22T18:11:47.141+0000] {processor.py:830} INFO - Processing file /opt/airflow/dags/tmdb_pipeline_to_mart.py for tasks to queue
[2026-03-22T18:11:47.142+0000] {logging_mixin.py:188} INFO - [2026-03-22T18:11:47.141+0000] {dagbag.py:545} INFO - Filling up the DagBag from /opt/airflow/dags/tmdb_pipeline_to_mart.py
[2026-03-22T18:11:47.156+0000] {processor.py:840} INFO - DAG(s) 'tmdb_mart_pipeline' retrieved from /opt/airflow/dags/tmdb_pipeline_to_mart.py
[2026-03-22T18:11:47.201+0000] {logging_mixin.py:188} INFO - [2026-03-22T18:11:47.201+0000] {dag.py:3096} INFO - Sync 1 DAGs
[2026-03-22T18:11:47.218+0000] {logging_mixin.py:188} INFO - [2026-03-22T18:11:47.217+0000] {dag.py:3954} INFO - Setting next_dagrun for tmdb_mart_pipeline to None, run_after=None
[2026-03-22T18:11:47.238+0000] {processor.py:183} INFO - Processing /opt/airflow/dags/tmdb_pipeline_to_mart.py took 0.114 seconds
[2026-03-22T18:12:17.621+0000] {processor.py:161} INFO - Started process (PID=6476) to work on /opt/airflow/dags/tmdb_pipeline_to_mart.py
[2026-03-22T18:12:17.625+0000] {processor.py:830} INFO - Processing file /opt/airflow/dags/tmdb_pipeline_to_mart.py for tasks to queue
[2026-03-22T18:12:17.626+0000] {logging_mixin.py:188} INFO - [2026-03-22T18:12:17.625+0000] {dagbag.py:545} INFO - Filling up the DagBag from /opt/airflow/dags/tmdb_pipeline_to_mart.py
[2026-03-22T18:12:17.641+0000] {processor.py:840} INFO - DAG(s) 'tmdb_mart_pipeline' retrieved from /opt/airflow/dags/tmdb_pipeline_to_mart.py
[2026-03-22T18:12:17.680+0000] {logging_mixin.py:188} INFO - [2026-03-22T18:12:17.680+0000] {dag.py:3096} INFO - Sync 1 DAGs
[2026-03-22T18:12:17.693+0000] {logging_mixin.py:188} INFO - [2026-03-22T18:12:17.693+0000] {dag.py:3954} INFO - Setting next_dagrun for tmdb_mart_pipeline to None, run_after=None
[2026-03-22T18:12:17.715+0000] {processor.py:183} INFO - Processing /opt/airflow/dags/tmdb_pipeline_to_mart.py took 0.115 seconds
[2026-03-22T18:12:48.122+0000] {processor.py:161} INFO - Started process (PID=6496) to work on /opt/airflow/dags/tmdb_pipeline_to_mart.py
[2026-03-22T18:12:48.126+0000] {processor.py:830} INFO - Processing file /opt/airflow/dags/tmdb_pipeline_to_mart.py for tasks to queue
[2026-03-22T18:12:48.127+0000] {logging_mixin.py:188} INFO - [2026-03-22T18:12:48.126+0000] {dagbag.py:545} INFO - Filling up the DagBag from /opt/airflow/dags/tmdb_pipeline_to_mart.py
[2026-03-22T18:12:48.146+0000] {processor.py:840} INFO - DAG(s) 'tmdb_mart_pipeline' retrieved from /opt/airflow/dags/tmdb_pipeline_to_mart.py
[2026-03-22T18:12:48.187+0000] {logging_mixin.py:188} INFO - [2026-03-22T18:12:48.187+0000] {dag.py:3096} INFO - Sync 1 DAGs
[2026-03-22T18:12:48.205+0000] {logging_mixin.py:188} INFO - [2026-03-22T18:12:48.205+0000] {dag.py:3954} INFO - Setting next_dagrun for tmdb_mart_pipeline to None, run_after=None
[2026-03-22T18:12:48.233+0000] {processor.py:183} INFO - Processing /opt/airflow/dags/tmdb_pipeline_to_mart.py took 0.121 seconds
[2026-03-22T18:13:18.648+0000] {processor.py:161} INFO - Started process (PID=6517) to work on /opt/airflow/dags/tmdb_pipeline_to_mart.py
[2026-03-22T18:13:18.650+0000] {processor.py:830} INFO - Processing file /opt/airflow/dags/tmdb_pipeline_to_mart.py for tasks to queue
[2026-03-22T18:13:18.652+0000] {logging_mixin.py:188} INFO - [2026-03-22T18:13:18.652+0000] {dagbag.py:545} INFO - Filling up the DagBag from /opt/airflow/dags/tmdb_pipeline_to_mart.py
[2026-03-22T18:13:18.663+0000] {processor.py:840} INFO - DAG(s) 'tmdb_mart_pipeline' retrieved from /opt/airflow/dags/tmdb_pipeline_to_mart.py
[2026-03-22T18:13:18.690+0000] {logging_mixin.py:188} INFO - [2026-03-22T18:13:18.690+0000] {dag.py:3096} INFO - Sync 1 DAGs
[2026-03-22T18:13:18.702+0000] {logging_mixin.py:188} INFO - [2026-03-22T18:13:18.702+0000] {dag.py:3954} INFO - Setting next_dagrun for tmdb_mart_pipeline to None, run_after=None
[2026-03-22T18:13:18.720+0000] {processor.py:183} INFO - Processing /opt/airflow/dags/tmdb_pipeline_to_mart.py took 0.078 seconds
[2026-03-22T18:13:49.208+0000] {processor.py:161} INFO - Started process (PID=6537) to work on /opt/airflow/dags/tmdb_pipeline_to_mart.py
[2026-03-22T18:13:49.222+0000] {processor.py:830} INFO - Processing file /opt/airflow/dags/tmdb_pipeline_to_mart.py for tasks to queue
[2026-03-22T18:13:49.223+0000] {logging_mixin.py:188} INFO - [2026-03-22T18:13:49.222+0000] {dagbag.py:545} INFO - Filling up the DagBag from /opt/airflow/dags/tmdb_pipeline_to_mart.py
[2026-03-22T18:13:49.247+0000] {processor.py:840} INFO - DAG(s) 'tmdb_mart_pipeline' retrieved from /opt/airflow/dags/tmdb_pipeline_to_mart.py
[2026-03-22T18:13:49.276+0000] {logging_mixin.py:188} INFO - [2026-03-22T18:13:49.276+0000] {dag.py:3096} INFO - Sync 1 DAGs
[2026-03-22T18:13:49.288+0000] {logging_mixin.py:188} INFO - [2026-03-22T18:13:49.288+0000] {dag.py:3954} INFO - Setting next_dagrun for tmdb_mart_pipeline to None, run_after=None
[2026-03-22T18:13:49.306+0000] {processor.py:183} INFO - Processing /opt/airflow/dags/tmdb_pipeline_to_mart.py took 0.108 seconds
[2026-03-22T18:14:19.714+0000] {processor.py:161} INFO - Started process (PID=6556) to work on /opt/airflow/dags/tmdb_pipeline_to_mart.py
[2026-03-22T18:14:19.718+0000] {processor.py:830} INFO - Processing file /opt/airflow/dags/tmdb_pipeline_to_mart.py for tasks to queue
[2026-03-22T18:14:19.719+0000] {logging_mixin.py:188} INFO - [2026-03-22T18:14:19.719+0000] {dagbag.py:545} INFO - Filling up the DagBag from /opt/airflow/dags/tmdb_pipeline_to_mart.py
[2026-03-22T18:14:19.739+0000] {processor.py:840} INFO - DAG(s) 'tmdb_mart_pipeline' retrieved from /opt/airflow/dags/tmdb_pipeline_to_mart.py
[2026-03-22T18:14:19.770+0000] {logging_mixin.py:188} INFO - [2026-03-22T18:14:19.770+0000] {dag.py:3096} INFO - Sync 1 DAGs
[2026-03-22T18:14:19.781+0000] {logging_mixin.py:188} INFO - [2026-03-22T18:14:19.780+0000] {dag.py:3954} INFO - Setting next_dagrun for tmdb_mart_pipeline to None, run_after=None
[2026-03-22T18:14:19.799+0000] {processor.py:183} INFO - Processing /opt/airflow/dags/tmdb_pipeline_to_mart.py took 0.092 seconds
[2026-03-22T18:14:47.344+0000] {processor.py:161} INFO - Started process (PID=6574) to work on /opt/airflow/dags/tmdb_pipeline_to_mart.py
[2026-03-22T18:14:47.346+0000] {processor.py:830} INFO - Processing file /opt/airflow/dags/tmdb_pipeline_to_mart.py for tasks to queue
[2026-03-22T18:14:47.348+0000] {logging_mixin.py:188} INFO - [2026-03-22T18:14:47.348+0000] {dagbag.py:545} INFO - Filling up the DagBag from /opt/airflow/dags/tmdb_pipeline_to_mart.py
[2026-03-22T18:14:47.367+0000] {processor.py:840} INFO - DAG(s) 'tmdb_mart_pipeline' retrieved from /opt/airflow/dags/tmdb_pipeline_to_mart.py
[2026-03-22T18:14:47.498+0000] {logging_mixin.py:188} INFO - [2026-03-22T18:14:47.498+0000] {dag.py:3096} INFO - Sync 1 DAGs
[2026-03-22T18:14:47.505+0000] {logging_mixin.py:188} INFO - [2026-03-22T18:14:47.505+0000] {dag.py:3954} INFO - Setting next_dagrun for tmdb_mart_pipeline to None, run_after=None
[2026-03-22T18:14:47.522+0000] {processor.py:183} INFO - Processing /opt/airflow/dags/tmdb_pipeline_to_mart.py took 0.217 seconds
[2026-03-22T18:15:17.860+0000] {processor.py:161} INFO - Started process (PID=6594) to work on /opt/airflow/dags/tmdb_pipeline_to_mart.py
[2026-03-22T18:15:17.862+0000] {processor.py:830} INFO - Processing file /opt/airflow/dags/tmdb_pipeline_to_mart.py for tasks to queue
[2026-03-22T18:15:17.863+0000] {logging_mixin.py:188} INFO - [2026-03-22T18:15:17.863+0000] {dagbag.py:545} INFO - Filling up the DagBag from /opt/airflow/dags/tmdb_pipeline_to_mart.py
[2026-03-22T18:15:17.884+0000] {processor.py:840} INFO - DAG(s) 'tmdb_mart_pipeline' retrieved from /opt/airflow/dags/tmdb_pipeline_to_mart.py
[2026-03-22T18:15:17.933+0000] {logging_mixin.py:188} INFO - [2026-03-22T18:15:17.933+0000] {dag.py:3096} INFO - Sync 1 DAGs
[2026-03-22T18:15:17.954+0000] {logging_mixin.py:188} INFO - [2026-03-22T18:15:17.953+0000] {dag.py:3954} INFO - Setting next_dagrun for tmdb_mart_pipeline to None, run_after=None
[2026-03-22T18:15:17.973+0000] {processor.py:183} INFO - Processing /opt/airflow/dags/tmdb_pipeline_to_mart.py took 0.129 seconds
[2026-03-22T18:15:48.357+0000] {processor.py:161} INFO - Started process (PID=6614) to work on /opt/airflow/dags/tmdb_pipeline_to_mart.py
[2026-03-22T18:15:48.358+0000] {processor.py:830} INFO - Processing file /opt/airflow/dags/tmdb_pipeline_to_mart.py for tasks to queue
[2026-03-22T18:15:48.360+0000] {logging_mixin.py:188} INFO - [2026-03-22T18:15:48.360+0000] {dagbag.py:545} INFO - Filling up the DagBag from /opt/airflow/dags/tmdb_pipeline_to_mart.py
[2026-03-22T18:15:48.373+0000] {processor.py:840} INFO - DAG(s) 'tmdb_mart_pipeline' retrieved from /opt/airflow/dags/tmdb_pipeline_to_mart.py
[2026-03-22T18:15:48.394+0000] {logging_mixin.py:188} INFO - [2026-03-22T18:15:48.394+0000] {dag.py:3096} INFO - Sync 1 DAGs
[2026-03-22T18:15:48.403+0000] {logging_mixin.py:188} INFO - [2026-03-22T18:15:48.403+0000] {dag.py:3954} INFO - Setting next_dagrun for tmdb_mart_pipeline to None, run_after=None
[2026-03-22T18:15:48.415+0000] {processor.py:183} INFO - Processing /opt/airflow/dags/tmdb_pipeline_to_mart.py took 0.066 seconds
[2026-03-22T18:16:18.872+0000] {processor.py:161} INFO - Started process (PID=6634) to work on /opt/airflow/dags/tmdb_pipeline_to_mart.py
[2026-03-22T18:16:18.874+0000] {processor.py:830} INFO - Processing file /opt/airflow/dags/tmdb_pipeline_to_mart.py for tasks to queue
[2026-03-22T18:16:18.875+0000] {logging_mixin.py:188} INFO - [2026-03-22T18:16:18.875+0000] {dagbag.py:545} INFO - Filling up the DagBag from /opt/airflow/dags/tmdb_pipeline_to_mart.py
[2026-03-22T18:16:18.895+0000] {processor.py:840} INFO - DAG(s) 'tmdb_mart_pipeline' retrieved from /opt/airflow/dags/tmdb_pipeline_to_mart.py
[2026-03-22T18:16:18.933+0000] {logging_mixin.py:188} INFO - [2026-03-22T18:16:18.932+0000] {dag.py:3096} INFO - Sync 1 DAGs
[2026-03-22T18:16:18.955+0000] {logging_mixin.py:188} INFO - [2026-03-22T18:16:18.955+0000] {dag.py:3954} INFO - Setting next_dagrun for tmdb_mart_pipeline to None, run_after=None
[2026-03-22T18:16:18.966+0000] {processor.py:183} INFO - Processing /opt/airflow/dags/tmdb_pipeline_to_mart.py took 0.109 seconds
[2026-03-22T18:16:49.393+0000] {processor.py:161} INFO - Started process (PID=6654) to work on /opt/airflow/dags/tmdb_pipeline_to_mart.py
[2026-03-22T18:16:49.394+0000] {processor.py:830} INFO - Processing file /opt/airflow/dags/tmdb_pipeline_to_mart.py for tasks to queue
[2026-03-22T18:16:49.396+0000] {logging_mixin.py:188} INFO - [2026-03-22T18:16:49.395+0000] {dagbag.py:545} INFO - Filling up the DagBag from /opt/airflow/dags/tmdb_pipeline_to_mart.py
[2026-03-22T18:16:49.414+0000] {processor.py:840} INFO - DAG(s) 'tmdb_mart_pipeline' retrieved from /opt/airflow/dags/tmdb_pipeline_to_mart.py
[2026-03-22T18:16:49.436+0000] {logging_mixin.py:188} INFO - [2026-03-22T18:16:49.436+0000] {dag.py:3096} INFO - Sync 1 DAGs
[2026-03-22T18:16:49.452+0000] {logging_mixin.py:188} INFO - [2026-03-22T18:16:49.452+0000] {dag.py:3954} INFO - Setting next_dagrun for tmdb_mart_pipeline to None, run_after=None
[2026-03-22T18:16:49.462+0000] {processor.py:183} INFO - Processing /opt/airflow/dags/tmdb_pipeline_to_mart.py took 0.077 seconds
[2026-03-22T18:17:19.818+0000] {processor.py:161} INFO - Started process (PID=6676) to work on /opt/airflow/dags/tmdb_pipeline_to_mart.py
[2026-03-22T18:17:19.821+0000] {processor.py:830} INFO - Processing file /opt/airflow/dags/tmdb_pipeline_to_mart.py for tasks to queue
[2026-03-22T18:17:19.823+0000] {logging_mixin.py:188} INFO - [2026-03-22T18:17:19.822+0000] {dagbag.py:545} INFO - Filling up the DagBag from /opt/airflow/dags/tmdb_pipeline_to_mart.py
[2026-03-22T18:17:19.851+0000] {processor.py:840} INFO - DAG(s) 'tmdb_mart_pipeline' retrieved from /opt/airflow/dags/tmdb_pipeline_to_mart.py
[2026-03-22T18:17:19.868+0000] {logging_mixin.py:188} INFO - [2026-03-22T18:17:19.868+0000] {dag.py:3096} INFO - Sync 1 DAGs
[2026-03-22T18:17:19.875+0000] {logging_mixin.py:188} INFO - [2026-03-22T18:17:19.875+0000] {dag.py:3954} INFO - Setting next_dagrun for tmdb_mart_pipeline to None, run_after=None
[2026-03-22T18:17:19.883+0000] {processor.py:183} INFO - Processing /opt/airflow/dags/tmdb_pipeline_to_mart.py took 0.075 seconds
[2026-03-22T18:17:50.242+0000] {processor.py:161} INFO - Started process (PID=6704) to work on /opt/airflow/dags/tmdb_pipeline_to_mart.py
[2026-03-22T18:17:50.244+0000] {processor.py:830} INFO - Processing file /opt/airflow/dags/tmdb_pipeline_to_mart.py for tasks to queue
[2026-03-22T18:17:50.245+0000] {logging_mixin.py:188} INFO - [2026-03-22T18:17:50.245+0000] {dagbag.py:545} INFO - Filling up the DagBag from /opt/airflow/dags/tmdb_pipeline_to_mart.py
[2026-03-22T18:17:50.260+0000] {processor.py:840} INFO - DAG(s) 'tmdb_mart_pipeline' retrieved from /opt/airflow/dags/tmdb_pipeline_to_mart.py
[2026-03-22T18:17:50.296+0000] {logging_mixin.py:188} INFO - [2026-03-22T18:17:50.296+0000] {dag.py:3096} INFO - Sync 1 DAGs
[2026-03-22T18:17:50.305+0000] {logging_mixin.py:188} INFO - [2026-03-22T18:17:50.305+0000] {dag.py:3954} INFO - Setting next_dagrun for tmdb_mart_pipeline to None, run_after=None
[2026-03-22T18:17:50.315+0000] {processor.py:183} INFO - Processing /opt/airflow/dags/tmdb_pipeline_to_mart.py took 0.079 seconds
[2026-03-22T18:18:20.678+0000] {processor.py:161} INFO - Started process (PID=6724) to work on /opt/airflow/dags/tmdb_pipeline_to_mart.py
[2026-03-22T18:18:20.681+0000] {processor.py:830} INFO - Processing file /opt/airflow/dags/tmdb_pipeline_to_mart.py for tasks to queue
[2026-03-22T18:18:20.683+0000] {logging_mixin.py:188} INFO - [2026-03-22T18:18:20.682+0000] {dagbag.py:545} INFO - Filling up the DagBag from /opt/airflow/dags/tmdb_pipeline_to_mart.py
[2026-03-22T18:18:20.696+0000] {processor.py:840} INFO - DAG(s) 'tmdb_mart_pipeline' retrieved from /opt/airflow/dags/tmdb_pipeline_to_mart.py
[2026-03-22T18:18:20.721+0000] {logging_mixin.py:188} INFO - [2026-03-22T18:18:20.721+0000] {dag.py:3096} INFO - Sync 1 DAGs
[2026-03-22T18:18:20.730+0000] {logging_mixin.py:188} INFO - [2026-03-22T18:18:20.730+0000] {dag.py:3954} INFO - Setting next_dagrun for tmdb_mart_pipeline to None, run_after=None
[2026-03-22T18:18:20.740+0000] {processor.py:183} INFO - Processing /opt/airflow/dags/tmdb_pipeline_to_mart.py took 0.072 seconds
[2026-03-22T18:18:51.159+0000] {processor.py:161} INFO - Started process (PID=6744) to work on /opt/airflow/dags/tmdb_pipeline_to_mart.py
[2026-03-22T18:18:51.161+0000] {processor.py:830} INFO - Processing file /opt/airflow/dags/tmdb_pipeline_to_mart.py for tasks to queue
[2026-03-22T18:18:51.163+0000] {logging_mixin.py:188} INFO - [2026-03-22T18:18:51.162+0000] {dagbag.py:545} INFO - Filling up the DagBag from /opt/airflow/dags/tmdb_pipeline_to_mart.py
[2026-03-22T18:18:51.178+0000] {processor.py:840} INFO - DAG(s) 'tmdb_mart_pipeline' retrieved from /opt/airflow/dags/tmdb_pipeline_to_mart.py
[2026-03-22T18:18:51.213+0000] {logging_mixin.py:188} INFO - [2026-03-22T18:18:51.213+0000] {dag.py:3096} INFO - Sync 1 DAGs
[2026-03-22T18:18:51.225+0000] {logging_mixin.py:188} INFO - [2026-03-22T18:18:51.225+0000] {dag.py:3954} INFO - Setting next_dagrun for tmdb_mart_pipeline to None, run_after=None
[2026-03-22T18:18:51.238+0000] {processor.py:183} INFO - Processing /opt/airflow/dags/tmdb_pipeline_to_mart.py took 0.092 seconds
[2026-03-22T18:19:21.649+0000] {processor.py:161} INFO - Started process (PID=6766) to work on /opt/airflow/dags/tmdb_pipeline_to_mart.py
[2026-03-22T18:19:21.655+0000] {processor.py:830} INFO - Processing file /opt/airflow/dags/tmdb_pipeline_to_mart.py for tasks to queue
[2026-03-22T18:19:21.658+0000] {logging_mixin.py:188} INFO - [2026-03-22T18:19:21.657+0000] {dagbag.py:545} INFO - Filling up the DagBag from /opt/airflow/dags/tmdb_pipeline_to_mart.py
[2026-03-22T18:19:21.685+0000] {processor.py:840} INFO - DAG(s) 'tmdb_mart_pipeline' retrieved from /opt/airflow/dags/tmdb_pipeline_to_mart.py
[2026-03-22T18:19:21.746+0000] {logging_mixin.py:188} INFO - [2026-03-22T18:19:21.745+0000] {dag.py:3096} INFO - Sync 1 DAGs
[2026-03-22T18:19:21.768+0000] {logging_mixin.py:188} INFO - [2026-03-22T18:19:21.768+0000] {dag.py:3954} INFO - Setting next_dagrun for tmdb_mart_pipeline to None, run_after=None
[2026-03-22T18:19:21.789+0000] {processor.py:183} INFO - Processing /opt/airflow/dags/tmdb_pipeline_to_mart.py took 0.161 seconds
[2026-03-22T18:19:52.251+0000] {processor.py:161} INFO - Started process (PID=6786) to work on /opt/airflow/dags/tmdb_pipeline_to_mart.py
[2026-03-22T18:19:52.253+0000] {processor.py:830} INFO - Processing file /opt/airflow/dags/tmdb_pipeline_to_mart.py for tasks to queue
[2026-03-22T18:19:52.257+0000] {logging_mixin.py:188} INFO - [2026-03-22T18:19:52.255+0000] {dagbag.py:545} INFO - Filling up the DagBag from /opt/airflow/dags/tmdb_pipeline_to_mart.py
[2026-03-22T18:19:52.281+0000] {processor.py:840} INFO - DAG(s) 'tmdb_mart_pipeline' retrieved from /opt/airflow/dags/tmdb_pipeline_to_mart.py
[2026-03-22T18:19:52.318+0000] {logging_mixin.py:188} INFO - [2026-03-22T18:19:52.317+0000] {dag.py:3096} INFO - Sync 1 DAGs
[2026-03-22T18:19:52.335+0000] {logging_mixin.py:188} INFO - [2026-03-22T18:19:52.335+0000] {dag.py:3954} INFO - Setting next_dagrun for tmdb_mart_pipeline to None, run_after=None
[2026-03-22T18:19:52.357+0000] {processor.py:183} INFO - Processing /opt/airflow/dags/tmdb_pipeline_to_mart.py took 0.118 seconds
[2026-03-22T18:20:22.741+0000] {processor.py:161} INFO - Started process (PID=6807) to work on /opt/airflow/dags/tmdb_pipeline_to_mart.py
[2026-03-22T18:20:22.744+0000] {processor.py:830} INFO - Processing file /opt/airflow/dags/tmdb_pipeline_to_mart.py for tasks to queue
[2026-03-22T18:20:22.745+0000] {logging_mixin.py:188} INFO - [2026-03-22T18:20:22.745+0000] {dagbag.py:545} INFO - Filling up the DagBag from /opt/airflow/dags/tmdb_pipeline_to_mart.py
[2026-03-22T18:20:22.763+0000] {processor.py:840} INFO - DAG(s) 'tmdb_mart_pipeline' retrieved from /opt/airflow/dags/tmdb_pipeline_to_mart.py
[2026-03-22T18:20:22.798+0000] {logging_mixin.py:188} INFO - [2026-03-22T18:20:22.798+0000] {dag.py:3096} INFO - Sync 1 DAGs
[2026-03-22T18:20:22.811+0000] {logging_mixin.py:188} INFO - [2026-03-22T18:20:22.811+0000] {dag.py:3954} INFO - Setting next_dagrun for tmdb_mart_pipeline to None, run_after=None
[2026-03-22T18:20:22.837+0000] {processor.py:183} INFO - Processing /opt/airflow/dags/tmdb_pipeline_to_mart.py took 0.100 seconds
[2026-03-22T18:20:53.272+0000] {processor.py:161} INFO - Started process (PID=6826) to work on /opt/airflow/dags/tmdb_pipeline_to_mart.py
[2026-03-22T18:20:53.274+0000] {processor.py:830} INFO - Processing file /opt/airflow/dags/tmdb_pipeline_to_mart.py for tasks to queue
[2026-03-22T18:20:53.275+0000] {logging_mixin.py:188} INFO - [2026-03-22T18:20:53.275+0000] {dagbag.py:545} INFO - Filling up the DagBag from /opt/airflow/dags/tmdb_pipeline_to_mart.py
[2026-03-22T18:20:53.291+0000] {processor.py:840} INFO - DAG(s) 'tmdb_mart_pipeline' retrieved from /opt/airflow/dags/tmdb_pipeline_to_mart.py
[2026-03-22T18:20:53.340+0000] {logging_mixin.py:188} INFO - [2026-03-22T18:20:53.339+0000] {dag.py:3096} INFO - Sync 1 DAGs
[2026-03-22T18:20:53.356+0000] {logging_mixin.py:188} INFO - [2026-03-22T18:20:53.356+0000] {dag.py:3954} INFO - Setting next_dagrun for tmdb_mart_pipeline to None, run_after=None
[2026-03-22T18:20:53.385+0000] {processor.py:183} INFO - Processing /opt/airflow/dags/tmdb_pipeline_to_mart.py took 0.123 seconds
[2026-03-22T18:21:23.783+0000] {processor.py:161} INFO - Started process (PID=6854) to work on /opt/airflow/dags/tmdb_pipeline_to_mart.py
[2026-03-22T18:21:23.786+0000] {processor.py:830} INFO - Processing file /opt/airflow/dags/tmdb_pipeline_to_mart.py for tasks to queue
[2026-03-22T18:21:23.787+0000] {logging_mixin.py:188} INFO - [2026-03-22T18:21:23.787+0000] {dagbag.py:545} INFO - Filling up the DagBag from /opt/airflow/dags/tmdb_pipeline_to_mart.py
[2026-03-22T18:21:23.794+0000] {processor.py:840} INFO - DAG(s) 'tmdb_mart_pipeline' retrieved from /opt/airflow/dags/tmdb_pipeline_to_mart.py
[2026-03-22T18:21:23.811+0000] {logging_mixin.py:188} INFO - [2026-03-22T18:21:23.811+0000] {dag.py:3096} INFO - Sync 1 DAGs
[2026-03-22T18:21:23.823+0000] {logging_mixin.py:188} INFO - [2026-03-22T18:21:23.823+0000] {dag.py:3954} INFO - Setting next_dagrun for tmdb_mart_pipeline to None, run_after=None
[2026-03-22T18:21:23.833+0000] {processor.py:183} INFO - Processing /opt/airflow/dags/tmdb_pipeline_to_mart.py took 0.056 seconds
[2026-03-22T18:21:54.388+0000] {processor.py:161} INFO - Started process (PID=6874) to work on /opt/airflow/dags/tmdb_pipeline_to_mart.py
[2026-03-22T18:21:54.389+0000] {processor.py:830} INFO - Processing file /opt/airflow/dags/tmdb_pipeline_to_mart.py for tasks to queue
[2026-03-22T18:21:54.391+0000] {logging_mixin.py:188} INFO - [2026-03-22T18:21:54.390+0000] {dagbag.py:545} INFO - Filling up the DagBag from /opt/airflow/dags/tmdb_pipeline_to_mart.py
[2026-03-22T18:21:54.398+0000] {processor.py:840} INFO - DAG(s) 'tmdb_mart_pipeline' retrieved from /opt/airflow/dags/tmdb_pipeline_to_mart.py
[2026-03-22T18:21:54.422+0000] {logging_mixin.py:188} INFO - [2026-03-22T18:21:54.421+0000] {dag.py:3096} INFO - Sync 1 DAGs
[2026-03-22T18:21:54.427+0000] {logging_mixin.py:188} INFO - [2026-03-22T18:21:54.427+0000] {dag.py:3954} INFO - Setting next_dagrun for tmdb_mart_pipeline to None, run_after=None
[2026-03-22T18:21:54.435+0000] {processor.py:183} INFO - Processing /opt/airflow/dags/tmdb_pipeline_to_mart.py took 0.056 seconds
[2026-03-22T18:22:24.828+0000] {processor.py:161} INFO - Started process (PID=6896) to work on /opt/airflow/dags/tmdb_pipeline_to_mart.py
[2026-03-22T18:22:24.830+0000] {processor.py:830} INFO - Processing file /opt/airflow/dags/tmdb_pipeline_to_mart.py for tasks to queue
[2026-03-22T18:22:24.831+0000] {logging_mixin.py:188} INFO - [2026-03-22T18:22:24.831+0000] {dagbag.py:545} INFO - Filling up the DagBag from /opt/airflow/dags/tmdb_pipeline_to_mart.py
[2026-03-22T18:22:24.838+0000] {processor.py:840} INFO - DAG(s) 'tmdb_mart_pipeline' retrieved from /opt/airflow/dags/tmdb_pipeline_to_mart.py
[2026-03-22T18:22:24.854+0000] {logging_mixin.py:188} INFO - [2026-03-22T18:22:24.853+0000] {dag.py:3096} INFO - Sync 1 DAGs
[2026-03-22T18:22:24.859+0000] {logging_mixin.py:188} INFO - [2026-03-22T18:22:24.859+0000] {dag.py:3954} INFO - Setting next_dagrun for tmdb_mart_pipeline to None, run_after=None
[2026-03-22T18:22:24.871+0000] {processor.py:183} INFO - Processing /opt/airflow/dags/tmdb_pipeline_to_mart.py took 0.049 seconds
[2026-03-22T18:22:55.314+0000] {processor.py:161} INFO - Started process (PID=6930) to work on /opt/airflow/dags/tmdb_pipeline_to_mart.py
[2026-03-22T18:22:55.315+0000] {processor.py:830} INFO - Processing file /opt/airflow/dags/tmdb_pipeline_to_mart.py for tasks to queue
[2026-03-22T18:22:55.315+0000] {logging_mixin.py:188} INFO - [2026-03-22T18:22:55.315+0000] {dagbag.py:545} INFO - Filling up the DagBag from /opt/airflow/dags/tmdb_pipeline_to_mart.py
[2026-03-22T18:22:55.323+0000] {processor.py:840} INFO - DAG(s) 'tmdb_mart_pipeline' retrieved from /opt/airflow/dags/tmdb_pipeline_to_mart.py
[2026-03-22T18:22:55.337+0000] {logging_mixin.py:188} INFO - [2026-03-22T18:22:55.336+0000] {dag.py:3096} INFO - Sync 1 DAGs
[2026-03-22T18:22:55.343+0000] {logging_mixin.py:188} INFO - [2026-03-22T18:22:55.343+0000] {dag.py:3954} INFO - Setting next_dagrun for tmdb_mart_pipeline to None, run_after=None
[2026-03-22T18:22:55.351+0000] {processor.py:183} INFO - Processing /opt/airflow/dags/tmdb_pipeline_to_mart.py took 0.042 seconds
[2026-03-22T18:23:25.817+0000] {processor.py:161} INFO - Started process (PID=6950) to work on /opt/airflow/dags/tmdb_pipeline_to_mart.py
[2026-03-22T18:23:25.820+0000] {processor.py:830} INFO - Processing file /opt/airflow/dags/tmdb_pipeline_to_mart.py for tasks to queue
[2026-03-22T18:23:25.820+0000] {logging_mixin.py:188} INFO - [2026-03-22T18:23:25.820+0000] {dagbag.py:545} INFO - Filling up the DagBag from /opt/airflow/dags/tmdb_pipeline_to_mart.py
[2026-03-22T18:23:25.828+0000] {processor.py:840} INFO - DAG(s) 'tmdb_mart_pipeline' retrieved from /opt/airflow/dags/tmdb_pipeline_to_mart.py
[2026-03-22T18:23:25.847+0000] {logging_mixin.py:188} INFO - [2026-03-22T18:23:25.846+0000] {dag.py:3096} INFO - Sync 1 DAGs
[2026-03-22T18:23:25.854+0000] {logging_mixin.py:188} INFO - [2026-03-22T18:23:25.853+0000] {dag.py:3954} INFO - Setting next_dagrun for tmdb_mart_pipeline to None, run_after=None
[2026-03-22T18:23:25.862+0000] {processor.py:183} INFO - Processing /opt/airflow/dags/tmdb_pipeline_to_mart.py took 0.056 seconds
[2026-03-22T18:23:56.263+0000] {processor.py:161} INFO - Started process (PID=6970) to work on /opt/airflow/dags/tmdb_pipeline_to_mart.py
[2026-03-22T18:23:56.270+0000] {processor.py:830} INFO - Processing file /opt/airflow/dags/tmdb_pipeline_to_mart.py for tasks to queue
[2026-03-22T18:23:56.272+0000] {logging_mixin.py:188} INFO - [2026-03-22T18:23:56.271+0000] {dagbag.py:545} INFO - Filling up the DagBag from /opt/airflow/dags/tmdb_pipeline_to_mart.py
[2026-03-22T18:23:56.277+0000] {processor.py:840} INFO - DAG(s) 'tmdb_mart_pipeline' retrieved from /opt/airflow/dags/tmdb_pipeline_to_mart.py
[2026-03-22T18:23:56.292+0000] {logging_mixin.py:188} INFO - [2026-03-22T18:23:56.292+0000] {dag.py:3096} INFO - Sync 1 DAGs
[2026-03-22T18:23:56.298+0000] {logging_mixin.py:188} INFO - [2026-03-22T18:23:56.298+0000] {dag.py:3954} INFO - Setting next_dagrun for tmdb_mart_pipeline to None, run_after=None
[2026-03-22T18:23:56.306+0000] {processor.py:183} INFO - Processing /opt/airflow/dags/tmdb_pipeline_to_mart.py took 0.053 seconds
[2026-03-22T18:24:26.717+0000] {processor.py:161} INFO - Started process (PID=6990) to work on /opt/airflow/dags/tmdb_pipeline_to_mart.py
[2026-03-22T18:24:26.718+0000] {processor.py:830} INFO - Processing file /opt/airflow/dags/tmdb_pipeline_to_mart.py for tasks to queue
[2026-03-22T18:24:26.718+0000] {logging_mixin.py:188} INFO - [2026-03-22T18:24:26.718+0000] {dagbag.py:545} INFO - Filling up the DagBag from /opt/airflow/dags/tmdb_pipeline_to_mart.py
[2026-03-22T18:24:26.722+0000] {processor.py:840} INFO - DAG(s) 'tmdb_mart_pipeline' retrieved from /opt/airflow/dags/tmdb_pipeline_to_mart.py
[2026-03-22T18:24:26.733+0000] {logging_mixin.py:188} INFO - [2026-03-22T18:24:26.733+0000] {dag.py:3096} INFO - Sync 1 DAGs
[2026-03-22T18:24:26.739+0000] {logging_mixin.py:188} INFO - [2026-03-22T18:24:26.739+0000] {dag.py:3954} INFO - Setting next_dagrun for tmdb_mart_pipeline to None, run_after=None
[2026-03-22T18:24:26.745+0000] {processor.py:183} INFO - Processing /opt/airflow/dags/tmdb_pipeline_to_mart.py took 0.032 seconds
[2026-03-22T18:24:57.248+0000] {processor.py:161} INFO - Started process (PID=7010) to work on /opt/airflow/dags/tmdb_pipeline_to_mart.py
[2026-03-22T18:24:57.250+0000] {processor.py:830} INFO - Processing file /opt/airflow/dags/tmdb_pipeline_to_mart.py for tasks to queue
[2026-03-22T18:24:57.251+0000] {logging_mixin.py:188} INFO - [2026-03-22T18:24:57.251+0000] {dagbag.py:545} INFO - Filling up the DagBag from /opt/airflow/dags/tmdb_pipeline_to_mart.py
[2026-03-22T18:24:57.259+0000] {processor.py:840} INFO - DAG(s) 'tmdb_mart_pipeline' retrieved from /opt/airflow/dags/tmdb_pipeline_to_mart.py
[2026-03-22T18:24:57.277+0000] {logging_mixin.py:188} INFO - [2026-03-22T18:24:57.276+0000] {dag.py:3096} INFO - Sync 1 DAGs
[2026-03-22T18:24:57.283+0000] {logging_mixin.py:188} INFO - [2026-03-22T18:24:57.283+0000] {dag.py:3954} INFO - Setting next_dagrun for tmdb_mart_pipeline to None, run_after=None
[2026-03-22T18:24:57.290+0000] {processor.py:183} INFO - Processing /opt/airflow/dags/tmdb_pipeline_to_mart.py took 0.049 seconds
[2026-03-22T18:25:27.712+0000] {processor.py:161} INFO - Started process (PID=7030) to work on /opt/airflow/dags/tmdb_pipeline_to_mart.py
[2026-03-22T18:25:27.714+0000] {processor.py:830} INFO - Processing file /opt/airflow/dags/tmdb_pipeline_to_mart.py for tasks to queue
[2026-03-22T18:25:27.715+0000] {logging_mixin.py:188} INFO - [2026-03-22T18:25:27.714+0000] {dagbag.py:545} INFO - Filling up the DagBag from /opt/airflow/dags/tmdb_pipeline_to_mart.py
[2026-03-22T18:25:27.720+0000] {processor.py:840} INFO - DAG(s) 'tmdb_mart_pipeline' retrieved from /opt/airflow/dags/tmdb_pipeline_to_mart.py
[2026-03-22T18:25:27.733+0000] {logging_mixin.py:188} INFO - [2026-03-22T18:25:27.733+0000] {dag.py:3096} INFO - Sync 1 DAGs
[2026-03-22T18:25:27.739+0000] {logging_mixin.py:188} INFO - [2026-03-22T18:25:27.739+0000] {dag.py:3954} INFO - Setting next_dagrun for tmdb_mart_pipeline to None, run_after=None
[2026-03-22T18:25:27.746+0000] {processor.py:183} INFO - Processing /opt/airflow/dags/tmdb_pipeline_to_mart.py took 0.042 seconds
[2026-03-22T18:25:58.148+0000] {processor.py:161} INFO - Started process (PID=7050) to work on /opt/airflow/dags/tmdb_pipeline_to_mart.py
[2026-03-22T18:25:58.150+0000] {processor.py:830} INFO - Processing file /opt/airflow/dags/tmdb_pipeline_to_mart.py for tasks to queue
[2026-03-22T18:25:58.151+0000] {logging_mixin.py:188} INFO - [2026-03-22T18:25:58.151+0000] {dagbag.py:545} INFO - Filling up the DagBag from /opt/airflow/dags/tmdb_pipeline_to_mart.py
[2026-03-22T18:25:58.160+0000] {processor.py:840} INFO - DAG(s) 'tmdb_mart_pipeline' retrieved from /opt/airflow/dags/tmdb_pipeline_to_mart.py
[2026-03-22T18:25:58.179+0000] {logging_mixin.py:188} INFO - [2026-03-22T18:25:58.179+0000] {dag.py:3096} INFO - Sync 1 DAGs
[2026-03-22T18:25:58.186+0000] {logging_mixin.py:188} INFO - [2026-03-22T18:25:58.186+0000] {dag.py:3954} INFO - Setting next_dagrun for tmdb_mart_pipeline to None, run_after=None
[2026-03-22T18:25:58.194+0000] {processor.py:183} INFO - Processing /opt/airflow/dags/tmdb_pipeline_to_mart.py took 0.052 seconds
[2026-03-22T18:26:28.582+0000] {processor.py:161} INFO - Started process (PID=7070) to work on /opt/airflow/dags/tmdb_pipeline_to_mart.py
[2026-03-22T18:26:28.584+0000] {processor.py:830} INFO - Processing file /opt/airflow/dags/tmdb_pipeline_to_mart.py for tasks to queue
[2026-03-22T18:26:28.584+0000] {logging_mixin.py:188} INFO - [2026-03-22T18:26:28.584+0000] {dagbag.py:545} INFO - Filling up the DagBag from /opt/airflow/dags/tmdb_pipeline_to_mart.py
[2026-03-22T18:26:28.589+0000] {processor.py:840} INFO - DAG(s) 'tmdb_mart_pipeline' retrieved from /opt/airflow/dags/tmdb_pipeline_to_mart.py
[2026-03-22T18:26:28.606+0000] {logging_mixin.py:188} INFO - [2026-03-22T18:26:28.606+0000] {dag.py:3096} INFO - Sync 1 DAGs
[2026-03-22T18:26:28.613+0000] {logging_mixin.py:188} INFO - [2026-03-22T18:26:28.613+0000] {dag.py:3954} INFO - Setting next_dagrun for tmdb_mart_pipeline to None, run_after=None
[2026-03-22T18:26:28.621+0000] {processor.py:183} INFO - Processing /opt/airflow/dags/tmdb_pipeline_to_mart.py took 0.043 seconds
[2026-03-22T18:26:59.034+0000] {processor.py:161} INFO - Started process (PID=7090) to work on /opt/airflow/dags/tmdb_pipeline_to_mart.py
[2026-03-22T18:26:59.035+0000] {processor.py:830} INFO - Processing file /opt/airflow/dags/tmdb_pipeline_to_mart.py for tasks to queue
[2026-03-22T18:26:59.035+0000] {logging_mixin.py:188} INFO - [2026-03-22T18:26:59.035+0000] {dagbag.py:545} INFO - Filling up the DagBag from /opt/airflow/dags/tmdb_pipeline_to_mart.py
[2026-03-22T18:26:59.040+0000] {processor.py:840} INFO - DAG(s) 'tmdb_mart_pipeline' retrieved from /opt/airflow/dags/tmdb_pipeline_to_mart.py
[2026-03-22T18:26:59.053+0000] {logging_mixin.py:188} INFO - [2026-03-22T18:26:59.053+0000] {dag.py:3096} INFO - Sync 1 DAGs
[2026-03-22T18:26:59.059+0000] {logging_mixin.py:188} INFO - [2026-03-22T18:26:59.059+0000] {dag.py:3954} INFO - Setting next_dagrun for tmdb_mart_pipeline to None, run_after=None
[2026-03-22T18:26:59.069+0000] {processor.py:183} INFO - Processing /opt/airflow/dags/tmdb_pipeline_to_mart.py took 0.039 seconds
[2026-03-22T18:27:29.593+0000] {processor.py:161} INFO - Started process (PID=7110) to work on /opt/airflow/dags/tmdb_pipeline_to_mart.py
[2026-03-22T18:27:29.594+0000] {processor.py:830} INFO - Processing file /opt/airflow/dags/tmdb_pipeline_to_mart.py for tasks to queue
[2026-03-22T18:27:29.595+0000] {logging_mixin.py:188} INFO - [2026-03-22T18:27:29.595+0000] {dagbag.py:545} INFO - Filling up the DagBag from /opt/airflow/dags/tmdb_pipeline_to_mart.py
[2026-03-22T18:27:29.602+0000] {processor.py:840} INFO - DAG(s) 'tmdb_mart_pipeline' retrieved from /opt/airflow/dags/tmdb_pipeline_to_mart.py
[2026-03-22T18:27:29.618+0000] {logging_mixin.py:188} INFO - [2026-03-22T18:27:29.618+0000] {dag.py:3096} INFO - Sync 1 DAGs
[2026-03-22T18:27:29.624+0000] {logging_mixin.py:188} INFO - [2026-03-22T18:27:29.624+0000] {dag.py:3954} INFO - Setting next_dagrun for tmdb_mart_pipeline to None, run_after=None
[2026-03-22T18:27:29.633+0000] {processor.py:183} INFO - Processing /opt/airflow/dags/tmdb_pipeline_to_mart.py took 0.043 seconds
[2026-03-22T18:32:39.595+0000] {processor.py:161} INFO - Started process (PID=7128) to work on /opt/airflow/dags/tmdb_pipeline_to_mart.py
[2026-03-22T18:32:39.596+0000] {processor.py:830} INFO - Processing file /opt/airflow/dags/tmdb_pipeline_to_mart.py for tasks to queue
[2026-03-22T18:32:39.597+0000] {logging_mixin.py:188} INFO - [2026-03-22T18:32:39.597+0000] {dagbag.py:545} INFO - Filling up the DagBag from /opt/airflow/dags/tmdb_pipeline_to_mart.py
[2026-03-22T18:32:39.620+0000] {processor.py:840} INFO - DAG(s) 'tmdb_mart_pipeline' retrieved from /opt/airflow/dags/tmdb_pipeline_to_mart.py
[2026-03-22T18:32:39.679+0000] {logging_mixin.py:188} INFO - [2026-03-22T18:32:39.679+0000] {dag.py:3096} INFO - Sync 1 DAGs
[2026-03-22T18:32:39.694+0000] {logging_mixin.py:188} INFO - [2026-03-22T18:32:39.694+0000] {dag.py:3954} INFO - Setting next_dagrun for tmdb_mart_pipeline to None, run_after=None
[2026-03-22T18:32:39.723+0000] {processor.py:183} INFO - Processing /opt/airflow/dags/tmdb_pipeline_to_mart.py took 0.137 seconds
[2026-03-22T18:33:10.205+0000] {processor.py:161} INFO - Started process (PID=7146) to work on /opt/airflow/dags/tmdb_pipeline_to_mart.py
[2026-03-22T18:33:10.208+0000] {processor.py:830} INFO - Processing file /opt/airflow/dags/tmdb_pipeline_to_mart.py for tasks to queue
[2026-03-22T18:33:10.210+0000] {logging_mixin.py:188} INFO - [2026-03-22T18:33:10.209+0000] {dagbag.py:545} INFO - Filling up the DagBag from /opt/airflow/dags/tmdb_pipeline_to_mart.py
[2026-03-22T18:33:10.229+0000] {processor.py:840} INFO - DAG(s) 'tmdb_mart_pipeline' retrieved from /opt/airflow/dags/tmdb_pipeline_to_mart.py
[2026-03-22T18:33:10.282+0000] {logging_mixin.py:188} INFO - [2026-03-22T18:33:10.282+0000] {dag.py:3096} INFO - Sync 1 DAGs
[2026-03-22T18:33:10.296+0000] {logging_mixin.py:188} INFO - [2026-03-22T18:33:10.295+0000] {dag.py:3954} INFO - Setting next_dagrun for tmdb_mart_pipeline to None, run_after=None
[2026-03-22T18:33:10.313+0000] {processor.py:183} INFO - Processing /opt/airflow/dags/tmdb_pipeline_to_mart.py took 0.116 seconds
[2026-03-22T18:33:40.806+0000] {processor.py:161} INFO - Started process (PID=7167) to work on /opt/airflow/dags/tmdb_pipeline_to_mart.py
[2026-03-22T18:33:40.809+0000] {processor.py:830} INFO - Processing file /opt/airflow/dags/tmdb_pipeline_to_mart.py for tasks to queue
[2026-03-22T18:33:40.811+0000] {logging_mixin.py:188} INFO - [2026-03-22T18:33:40.811+0000] {dagbag.py:545} INFO - Filling up the DagBag from /opt/airflow/dags/tmdb_pipeline_to_mart.py
[2026-03-22T18:33:40.834+0000] {processor.py:840} INFO - DAG(s) 'tmdb_mart_pipeline' retrieved from /opt/airflow/dags/tmdb_pipeline_to_mart.py
[2026-03-22T18:33:40.878+0000] {logging_mixin.py:188} INFO - [2026-03-22T18:33:40.878+0000] {dag.py:3096} INFO - Sync 1 DAGs
[2026-03-22T18:33:40.890+0000] {logging_mixin.py:188} INFO - [2026-03-22T18:33:40.890+0000] {dag.py:3954} INFO - Setting next_dagrun for tmdb_mart_pipeline to None, run_after=None
[2026-03-22T18:33:40.903+0000] {processor.py:183} INFO - Processing /opt/airflow/dags/tmdb_pipeline_to_mart.py took 0.106 seconds
[2026-03-22T18:34:11.351+0000] {processor.py:161} INFO - Started process (PID=7187) to work on /opt/airflow/dags/tmdb_pipeline_to_mart.py
[2026-03-22T18:34:11.355+0000] {processor.py:830} INFO - Processing file /opt/airflow/dags/tmdb_pipeline_to_mart.py for tasks to queue
[2026-03-22T18:34:11.356+0000] {logging_mixin.py:188} INFO - [2026-03-22T18:34:11.356+0000] {dagbag.py:545} INFO - Filling up the DagBag from /opt/airflow/dags/tmdb_pipeline_to_mart.py
[2026-03-22T18:34:11.379+0000] {processor.py:840} INFO - DAG(s) 'tmdb_mart_pipeline' retrieved from /opt/airflow/dags/tmdb_pipeline_to_mart.py
[2026-03-22T18:34:11.422+0000] {logging_mixin.py:188} INFO - [2026-03-22T18:34:11.421+0000] {dag.py:3096} INFO - Sync 1 DAGs
[2026-03-22T18:34:11.435+0000] {logging_mixin.py:188} INFO - [2026-03-22T18:34:11.435+0000] {dag.py:3954} INFO - Setting next_dagrun for tmdb_mart_pipeline to None, run_after=None
[2026-03-22T18:34:11.471+0000] {processor.py:183} INFO - Processing /opt/airflow/dags/tmdb_pipeline_to_mart.py took 0.145 seconds
[2026-03-22T18:34:41.943+0000] {processor.py:161} INFO - Started process (PID=7208) to work on /opt/airflow/dags/tmdb_pipeline_to_mart.py
[2026-03-22T18:34:41.945+0000] {processor.py:830} INFO - Processing file /opt/airflow/dags/tmdb_pipeline_to_mart.py for tasks to queue
[2026-03-22T18:34:41.947+0000] {logging_mixin.py:188} INFO - [2026-03-22T18:34:41.947+0000] {dagbag.py:545} INFO - Filling up the DagBag from /opt/airflow/dags/tmdb_pipeline_to_mart.py
[2026-03-22T18:34:41.964+0000] {processor.py:840} INFO - DAG(s) 'tmdb_mart_pipeline' retrieved from /opt/airflow/dags/tmdb_pipeline_to_mart.py
[2026-03-22T18:34:42.039+0000] {logging_mixin.py:188} INFO - [2026-03-22T18:34:42.039+0000] {dag.py:3096} INFO - Sync 1 DAGs
[2026-03-22T18:34:42.050+0000] {logging_mixin.py:188} INFO - [2026-03-22T18:34:42.050+0000] {dag.py:3954} INFO - Setting next_dagrun for tmdb_mart_pipeline to None, run_after=None
[2026-03-22T18:34:42.067+0000] {processor.py:183} INFO - Processing /opt/airflow/dags/tmdb_pipeline_to_mart.py took 0.136 seconds
[2026-03-22T18:35:12.423+0000] {processor.py:161} INFO - Started process (PID=7228) to work on /opt/airflow/dags/tmdb_pipeline_to_mart.py
[2026-03-22T18:35:12.425+0000] {processor.py:830} INFO - Processing file /opt/airflow/dags/tmdb_pipeline_to_mart.py for tasks to queue
[2026-03-22T18:35:12.425+0000] {logging_mixin.py:188} INFO - [2026-03-22T18:35:12.425+0000] {dagbag.py:545} INFO - Filling up the DagBag from /opt/airflow/dags/tmdb_pipeline_to_mart.py
[2026-03-22T18:35:12.433+0000] {processor.py:840} INFO - DAG(s) 'tmdb_mart_pipeline' retrieved from /opt/airflow/dags/tmdb_pipeline_to_mart.py
[2026-03-22T18:35:12.454+0000] {logging_mixin.py:188} INFO - [2026-03-22T18:35:12.454+0000] {dag.py:3096} INFO - Sync 1 DAGs
[2026-03-22T18:35:12.466+0000] {logging_mixin.py:188} INFO - [2026-03-22T18:35:12.466+0000] {dag.py:3954} INFO - Setting next_dagrun for tmdb_mart_pipeline to None, run_after=None
[2026-03-22T18:35:12.479+0000] {processor.py:183} INFO - Processing /opt/airflow/dags/tmdb_pipeline_to_mart.py took 0.061 seconds
[2026-03-22T18:35:42.888+0000] {processor.py:161} INFO - Started process (PID=7247) to work on /opt/airflow/dags/tmdb_pipeline_to_mart.py
[2026-03-22T18:35:42.891+0000] {processor.py:830} INFO - Processing file /opt/airflow/dags/tmdb_pipeline_to_mart.py for tasks to queue
[2026-03-22T18:35:42.893+0000] {logging_mixin.py:188} INFO - [2026-03-22T18:35:42.892+0000] {dagbag.py:545} INFO - Filling up the DagBag from /opt/airflow/dags/tmdb_pipeline_to_mart.py
[2026-03-22T18:35:42.924+0000] {processor.py:840} INFO - DAG(s) 'tmdb_mart_pipeline' retrieved from /opt/airflow/dags/tmdb_pipeline_to_mart.py
[2026-03-22T18:35:42.959+0000] {logging_mixin.py:188} INFO - [2026-03-22T18:35:42.959+0000] {dag.py:3096} INFO - Sync 1 DAGs
[2026-03-22T18:35:42.972+0000] {logging_mixin.py:188} INFO - [2026-03-22T18:35:42.972+0000] {dag.py:3954} INFO - Setting next_dagrun for tmdb_mart_pipeline to None, run_after=None
[2026-03-22T18:35:42.986+0000] {processor.py:183} INFO - Processing /opt/airflow/dags/tmdb_pipeline_to_mart.py took 0.112 seconds
[2026-03-22T18:36:13.422+0000] {processor.py:161} INFO - Started process (PID=7268) to work on /opt/airflow/dags/tmdb_pipeline_to_mart.py
[2026-03-22T18:36:13.426+0000] {processor.py:830} INFO - Processing file /opt/airflow/dags/tmdb_pipeline_to_mart.py for tasks to queue
[2026-03-22T18:36:13.431+0000] {logging_mixin.py:188} INFO - [2026-03-22T18:36:13.431+0000] {dagbag.py:545} INFO - Filling up the DagBag from /opt/airflow/dags/tmdb_pipeline_to_mart.py
[2026-03-22T18:36:13.455+0000] {processor.py:840} INFO - DAG(s) 'tmdb_mart_pipeline' retrieved from /opt/airflow/dags/tmdb_pipeline_to_mart.py
[2026-03-22T18:36:13.499+0000] {logging_mixin.py:188} INFO - [2026-03-22T18:36:13.499+0000] {dag.py:3096} INFO - Sync 1 DAGs
[2026-03-22T18:36:13.510+0000] {logging_mixin.py:188} INFO - [2026-03-22T18:36:13.510+0000] {dag.py:3954} INFO - Setting next_dagrun for tmdb_mart_pipeline to None, run_after=None
[2026-03-22T18:36:13.529+0000] {processor.py:183} INFO - Processing /opt/airflow/dags/tmdb_pipeline_to_mart.py took 0.123 seconds
[2026-03-22T18:36:43.980+0000] {processor.py:161} INFO - Started process (PID=7288) to work on /opt/airflow/dags/tmdb_pipeline_to_mart.py
[2026-03-22T18:36:43.983+0000] {processor.py:830} INFO - Processing file /opt/airflow/dags/tmdb_pipeline_to_mart.py for tasks to queue
[2026-03-22T18:36:43.985+0000] {logging_mixin.py:188} INFO - [2026-03-22T18:36:43.985+0000] {dagbag.py:545} INFO - Filling up the DagBag from /opt/airflow/dags/tmdb_pipeline_to_mart.py
[2026-03-22T18:36:44.003+0000] {processor.py:840} INFO - DAG(s) 'tmdb_mart_pipeline' retrieved from /opt/airflow/dags/tmdb_pipeline_to_mart.py
[2026-03-22T18:36:44.032+0000] {logging_mixin.py:188} INFO - [2026-03-22T18:36:44.032+0000] {dag.py:3096} INFO - Sync 1 DAGs
[2026-03-22T18:36:44.043+0000] {logging_mixin.py:188} INFO - [2026-03-22T18:36:44.043+0000] {dag.py:3954} INFO - Setting next_dagrun for tmdb_mart_pipeline to None, run_after=None
[2026-03-22T18:36:44.055+0000] {processor.py:183} INFO - Processing /opt/airflow/dags/tmdb_pipeline_to_mart.py took 0.085 seconds
[2026-03-22T18:37:14.433+0000] {processor.py:161} INFO - Started process (PID=7307) to work on /opt/airflow/dags/tmdb_pipeline_to_mart.py
[2026-03-22T18:37:14.435+0000] {processor.py:830} INFO - Processing file /opt/airflow/dags/tmdb_pipeline_to_mart.py for tasks to queue
[2026-03-22T18:37:14.437+0000] {logging_mixin.py:188} INFO - [2026-03-22T18:37:14.437+0000] {dagbag.py:545} INFO - Filling up the DagBag from /opt/airflow/dags/tmdb_pipeline_to_mart.py
[2026-03-22T18:37:14.452+0000] {processor.py:840} INFO - DAG(s) 'tmdb_mart_pipeline' retrieved from /opt/airflow/dags/tmdb_pipeline_to_mart.py
[2026-03-22T18:37:14.478+0000] {logging_mixin.py:188} INFO - [2026-03-22T18:37:14.477+0000] {dag.py:3096} INFO - Sync 1 DAGs
[2026-03-22T18:37:14.489+0000] {logging_mixin.py:188} INFO - [2026-03-22T18:37:14.489+0000] {dag.py:3954} INFO - Setting next_dagrun for tmdb_mart_pipeline to None, run_after=None
[2026-03-22T18:37:14.503+0000] {processor.py:183} INFO - Processing /opt/airflow/dags/tmdb_pipeline_to_mart.py took 0.077 seconds
[2026-03-22T18:37:44.959+0000] {processor.py:161} INFO - Started process (PID=7328) to work on /opt/airflow/dags/tmdb_pipeline_to_mart.py
[2026-03-22T18:37:44.963+0000] {processor.py:830} INFO - Processing file /opt/airflow/dags/tmdb_pipeline_to_mart.py for tasks to queue
[2026-03-22T18:37:44.964+0000] {logging_mixin.py:188} INFO - [2026-03-22T18:37:44.963+0000] {dagbag.py:545} INFO - Filling up the DagBag from /opt/airflow/dags/tmdb_pipeline_to_mart.py
[2026-03-22T18:37:44.981+0000] {processor.py:840} INFO - DAG(s) 'tmdb_mart_pipeline' retrieved from /opt/airflow/dags/tmdb_pipeline_to_mart.py
[2026-03-22T18:37:45.028+0000] {logging_mixin.py:188} INFO - [2026-03-22T18:37:45.028+0000] {dag.py:3096} INFO - Sync 1 DAGs
[2026-03-22T18:37:45.042+0000] {logging_mixin.py:188} INFO - [2026-03-22T18:37:45.042+0000] {dag.py:3954} INFO - Setting next_dagrun for tmdb_mart_pipeline to None, run_after=None
[2026-03-22T18:37:45.057+0000] {processor.py:183} INFO - Processing /opt/airflow/dags/tmdb_pipeline_to_mart.py took 0.106 seconds
[2026-03-22T18:38:15.409+0000] {processor.py:161} INFO - Started process (PID=7348) to work on /opt/airflow/dags/tmdb_pipeline_to_mart.py
[2026-03-22T18:38:15.410+0000] {processor.py:830} INFO - Processing file /opt/airflow/dags/tmdb_pipeline_to_mart.py for tasks to queue
[2026-03-22T18:38:15.411+0000] {logging_mixin.py:188} INFO - [2026-03-22T18:38:15.411+0000] {dagbag.py:545} INFO - Filling up the DagBag from /opt/airflow/dags/tmdb_pipeline_to_mart.py
[2026-03-22T18:38:15.422+0000] {processor.py:840} INFO - DAG(s) 'tmdb_mart_pipeline' retrieved from /opt/airflow/dags/tmdb_pipeline_to_mart.py
[2026-03-22T18:38:15.443+0000] {logging_mixin.py:188} INFO - [2026-03-22T18:38:15.443+0000] {dag.py:3096} INFO - Sync 1 DAGs
[2026-03-22T18:38:15.452+0000] {logging_mixin.py:188} INFO - [2026-03-22T18:38:15.452+0000] {dag.py:3954} INFO - Setting next_dagrun for tmdb_mart_pipeline to None, run_after=None
[2026-03-22T18:38:15.465+0000] {processor.py:183} INFO - Processing /opt/airflow/dags/tmdb_pipeline_to_mart.py took 0.062 seconds
[2026-03-22T18:38:45.919+0000] {processor.py:161} INFO - Started process (PID=7368) to work on /opt/airflow/dags/tmdb_pipeline_to_mart.py
[2026-03-22T18:38:45.922+0000] {processor.py:830} INFO - Processing file /opt/airflow/dags/tmdb_pipeline_to_mart.py for tasks to queue
[2026-03-22T18:38:45.924+0000] {logging_mixin.py:188} INFO - [2026-03-22T18:38:45.923+0000] {dagbag.py:545} INFO - Filling up the DagBag from /opt/airflow/dags/tmdb_pipeline_to_mart.py
[2026-03-22T18:38:45.941+0000] {processor.py:840} INFO - DAG(s) 'tmdb_mart_pipeline' retrieved from /opt/airflow/dags/tmdb_pipeline_to_mart.py
[2026-03-22T18:38:45.968+0000] {logging_mixin.py:188} INFO - [2026-03-22T18:38:45.967+0000] {dag.py:3096} INFO - Sync 1 DAGs
[2026-03-22T18:38:45.978+0000] {logging_mixin.py:188} INFO - [2026-03-22T18:38:45.978+0000] {dag.py:3954} INFO - Setting next_dagrun for tmdb_mart_pipeline to None, run_after=None
[2026-03-22T18:38:46.000+0000] {processor.py:183} INFO - Processing /opt/airflow/dags/tmdb_pipeline_to_mart.py took 0.090 seconds
[2026-03-22T18:39:16.422+0000] {processor.py:161} INFO - Started process (PID=7388) to work on /opt/airflow/dags/tmdb_pipeline_to_mart.py
[2026-03-22T18:39:16.426+0000] {processor.py:830} INFO - Processing file /opt/airflow/dags/tmdb_pipeline_to_mart.py for tasks to queue
[2026-03-22T18:39:16.428+0000] {logging_mixin.py:188} INFO - [2026-03-22T18:39:16.428+0000] {dagbag.py:545} INFO - Filling up the DagBag from /opt/airflow/dags/tmdb_pipeline_to_mart.py
[2026-03-22T18:39:16.445+0000] {processor.py:840} INFO - DAG(s) 'tmdb_mart_pipeline' retrieved from /opt/airflow/dags/tmdb_pipeline_to_mart.py
[2026-03-22T18:39:16.475+0000] {logging_mixin.py:188} INFO - [2026-03-22T18:39:16.475+0000] {dag.py:3096} INFO - Sync 1 DAGs
[2026-03-22T18:39:16.485+0000] {logging_mixin.py:188} INFO - [2026-03-22T18:39:16.484+0000] {dag.py:3954} INFO - Setting next_dagrun for tmdb_mart_pipeline to None, run_after=None
[2026-03-22T18:39:16.497+0000] {processor.py:183} INFO - Processing /opt/airflow/dags/tmdb_pipeline_to_mart.py took 0.085 seconds
[2026-03-22T18:39:46.951+0000] {processor.py:161} INFO - Started process (PID=7408) to work on /opt/airflow/dags/tmdb_pipeline_to_mart.py
[2026-03-22T18:39:46.953+0000] {processor.py:830} INFO - Processing file /opt/airflow/dags/tmdb_pipeline_to_mart.py for tasks to queue
[2026-03-22T18:39:46.954+0000] {logging_mixin.py:188} INFO - [2026-03-22T18:39:46.954+0000] {dagbag.py:545} INFO - Filling up the DagBag from /opt/airflow/dags/tmdb_pipeline_to_mart.py
[2026-03-22T18:39:46.971+0000] {processor.py:840} INFO - DAG(s) 'tmdb_mart_pipeline' retrieved from /opt/airflow/dags/tmdb_pipeline_to_mart.py
[2026-03-22T18:39:46.997+0000] {logging_mixin.py:188} INFO - [2026-03-22T18:39:46.996+0000] {dag.py:3096} INFO - Sync 1 DAGs
[2026-03-22T18:39:47.009+0000] {logging_mixin.py:188} INFO - [2026-03-22T18:39:47.009+0000] {dag.py:3954} INFO - Setting next_dagrun for tmdb_mart_pipeline to None, run_after=None
[2026-03-22T18:39:47.024+0000] {processor.py:183} INFO - Processing /opt/airflow/dags/tmdb_pipeline_to_mart.py took 0.078 seconds
[2026-03-22T18:40:17.350+0000] {processor.py:161} INFO - Started process (PID=7428) to work on /opt/airflow/dags/tmdb_pipeline_to_mart.py
[2026-03-22T18:40:17.350+0000] {processor.py:830} INFO - Processing file /opt/airflow/dags/tmdb_pipeline_to_mart.py for tasks to queue
[2026-03-22T18:40:17.351+0000] {logging_mixin.py:188} INFO - [2026-03-22T18:40:17.351+0000] {dagbag.py:545} INFO - Filling up the DagBag from /opt/airflow/dags/tmdb_pipeline_to_mart.py
[2026-03-22T18:40:17.360+0000] {processor.py:840} INFO - DAG(s) 'tmdb_mart_pipeline' retrieved from /opt/airflow/dags/tmdb_pipeline_to_mart.py
[2026-03-22T18:40:17.374+0000] {logging_mixin.py:188} INFO - [2026-03-22T18:40:17.374+0000] {dag.py:3096} INFO - Sync 1 DAGs
[2026-03-22T18:40:17.380+0000] {logging_mixin.py:188} INFO - [2026-03-22T18:40:17.380+0000] {dag.py:3954} INFO - Setting next_dagrun for tmdb_mart_pipeline to None, run_after=None
[2026-03-22T18:40:17.392+0000] {processor.py:183} INFO - Processing /opt/airflow/dags/tmdb_pipeline_to_mart.py took 0.045 seconds
[2026-03-22T18:40:47.828+0000] {processor.py:161} INFO - Started process (PID=7446) to work on /opt/airflow/dags/tmdb_pipeline_to_mart.py
[2026-03-22T18:40:47.832+0000] {processor.py:830} INFO - Processing file /opt/airflow/dags/tmdb_pipeline_to_mart.py for tasks to queue
[2026-03-22T18:40:47.833+0000] {logging_mixin.py:188} INFO - [2026-03-22T18:40:47.832+0000] {dagbag.py:545} INFO - Filling up the DagBag from /opt/airflow/dags/tmdb_pipeline_to_mart.py
[2026-03-22T18:40:47.849+0000] {processor.py:840} INFO - DAG(s) 'tmdb_mart_pipeline' retrieved from /opt/airflow/dags/tmdb_pipeline_to_mart.py
[2026-03-22T18:40:47.885+0000] {logging_mixin.py:188} INFO - [2026-03-22T18:40:47.885+0000] {dag.py:3096} INFO - Sync 1 DAGs
[2026-03-22T18:40:47.896+0000] {logging_mixin.py:188} INFO - [2026-03-22T18:40:47.896+0000] {dag.py:3954} INFO - Setting next_dagrun for tmdb_mart_pipeline to None, run_after=None
[2026-03-22T18:40:47.919+0000] {processor.py:183} INFO - Processing /opt/airflow/dags/tmdb_pipeline_to_mart.py took 0.102 seconds
[2026-03-22T18:41:18.317+0000] {processor.py:161} INFO - Started process (PID=7468) to work on /opt/airflow/dags/tmdb_pipeline_to_mart.py
[2026-03-22T18:41:18.320+0000] {processor.py:830} INFO - Processing file /opt/airflow/dags/tmdb_pipeline_to_mart.py for tasks to queue
[2026-03-22T18:41:18.322+0000] {logging_mixin.py:188} INFO - [2026-03-22T18:41:18.321+0000] {dagbag.py:545} INFO - Filling up the DagBag from /opt/airflow/dags/tmdb_pipeline_to_mart.py
[2026-03-22T18:41:18.334+0000] {processor.py:840} INFO - DAG(s) 'tmdb_mart_pipeline' retrieved from /opt/airflow/dags/tmdb_pipeline_to_mart.py
[2026-03-22T18:41:18.358+0000] {logging_mixin.py:188} INFO - [2026-03-22T18:41:18.358+0000] {dag.py:3096} INFO - Sync 1 DAGs
[2026-03-22T18:41:18.372+0000] {logging_mixin.py:188} INFO - [2026-03-22T18:41:18.372+0000] {dag.py:3954} INFO - Setting next_dagrun for tmdb_mart_pipeline to None, run_after=None
[2026-03-22T18:41:18.386+0000] {processor.py:183} INFO - Processing /opt/airflow/dags/tmdb_pipeline_to_mart.py took 0.075 seconds
[2026-03-22T18:41:48.849+0000] {processor.py:161} INFO - Started process (PID=7487) to work on /opt/airflow/dags/tmdb_pipeline_to_mart.py
[2026-03-22T18:41:48.855+0000] {processor.py:830} INFO - Processing file /opt/airflow/dags/tmdb_pipeline_to_mart.py for tasks to queue
[2026-03-22T18:41:48.857+0000] {logging_mixin.py:188} INFO - [2026-03-22T18:41:48.857+0000] {dagbag.py:545} INFO - Filling up the DagBag from /opt/airflow/dags/tmdb_pipeline_to_mart.py
[2026-03-22T18:41:48.893+0000] {processor.py:840} INFO - DAG(s) 'tmdb_mart_pipeline' retrieved from /opt/airflow/dags/tmdb_pipeline_to_mart.py
[2026-03-22T18:41:48.940+0000] {logging_mixin.py:188} INFO - [2026-03-22T18:41:48.940+0000] {dag.py:3096} INFO - Sync 1 DAGs
[2026-03-22T18:41:48.985+0000] {logging_mixin.py:188} INFO - [2026-03-22T18:41:48.985+0000] {dag.py:3954} INFO - Setting next_dagrun for tmdb_mart_pipeline to None, run_after=None
[2026-03-22T18:41:49.039+0000] {processor.py:183} INFO - Processing /opt/airflow/dags/tmdb_pipeline_to_mart.py took 0.211 seconds
[2026-03-22T18:42:19.398+0000] {processor.py:161} INFO - Started process (PID=7506) to work on /opt/airflow/dags/tmdb_pipeline_to_mart.py
[2026-03-22T18:42:19.404+0000] {processor.py:830} INFO - Processing file /opt/airflow/dags/tmdb_pipeline_to_mart.py for tasks to queue
[2026-03-22T18:42:19.413+0000] {logging_mixin.py:188} INFO - [2026-03-22T18:42:19.412+0000] {dagbag.py:545} INFO - Filling up the DagBag from /opt/airflow/dags/tmdb_pipeline_to_mart.py
[2026-03-22T18:42:19.442+0000] {processor.py:840} INFO - DAG(s) 'tmdb_mart_pipeline' retrieved from /opt/airflow/dags/tmdb_pipeline_to_mart.py
[2026-03-22T18:42:19.492+0000] {logging_mixin.py:188} INFO - [2026-03-22T18:42:19.492+0000] {dag.py:3096} INFO - Sync 1 DAGs
[2026-03-22T18:42:19.504+0000] {logging_mixin.py:188} INFO - [2026-03-22T18:42:19.504+0000] {dag.py:3954} INFO - Setting next_dagrun for tmdb_mart_pipeline to None, run_after=None
[2026-03-22T18:42:19.525+0000] {processor.py:183} INFO - Processing /opt/airflow/dags/tmdb_pipeline_to_mart.py took 0.136 seconds
[2026-03-22T18:42:49.987+0000] {processor.py:161} INFO - Started process (PID=7527) to work on /opt/airflow/dags/tmdb_pipeline_to_mart.py
[2026-03-22T18:42:49.991+0000] {processor.py:830} INFO - Processing file /opt/airflow/dags/tmdb_pipeline_to_mart.py for tasks to queue
[2026-03-22T18:42:49.992+0000] {logging_mixin.py:188} INFO - [2026-03-22T18:42:49.991+0000] {dagbag.py:545} INFO - Filling up the DagBag from /opt/airflow/dags/tmdb_pipeline_to_mart.py
[2026-03-22T18:42:50.009+0000] {processor.py:840} INFO - DAG(s) 'tmdb_mart_pipeline' retrieved from /opt/airflow/dags/tmdb_pipeline_to_mart.py
[2026-03-22T18:42:50.053+0000] {logging_mixin.py:188} INFO - [2026-03-22T18:42:50.053+0000] {dag.py:3096} INFO - Sync 1 DAGs
[2026-03-22T18:42:50.065+0000] {logging_mixin.py:188} INFO - [2026-03-22T18:42:50.065+0000] {dag.py:3954} INFO - Setting next_dagrun for tmdb_mart_pipeline to None, run_after=None
[2026-03-22T18:42:50.090+0000] {processor.py:183} INFO - Processing /opt/airflow/dags/tmdb_pipeline_to_mart.py took 0.113 seconds
[2026-03-22T18:43:20.472+0000] {processor.py:161} INFO - Started process (PID=7547) to work on /opt/airflow/dags/tmdb_pipeline_to_mart.py
[2026-03-22T18:43:20.476+0000] {processor.py:830} INFO - Processing file /opt/airflow/dags/tmdb_pipeline_to_mart.py for tasks to queue
[2026-03-22T18:43:20.477+0000] {logging_mixin.py:188} INFO - [2026-03-22T18:43:20.477+0000] {dagbag.py:545} INFO - Filling up the DagBag from /opt/airflow/dags/tmdb_pipeline_to_mart.py
[2026-03-22T18:43:20.506+0000] {processor.py:840} INFO - DAG(s) 'tmdb_mart_pipeline' retrieved from /opt/airflow/dags/tmdb_pipeline_to_mart.py
[2026-03-22T18:43:20.539+0000] {logging_mixin.py:188} INFO - [2026-03-22T18:43:20.539+0000] {dag.py:3096} INFO - Sync 1 DAGs
[2026-03-22T18:43:20.549+0000] {logging_mixin.py:188} INFO - [2026-03-22T18:43:20.549+0000] {dag.py:3954} INFO - Setting next_dagrun for tmdb_mart_pipeline to None, run_after=None
[2026-03-22T18:43:20.578+0000] {processor.py:183} INFO - Processing /opt/airflow/dags/tmdb_pipeline_to_mart.py took 0.116 seconds
[2026-03-22T18:43:51.048+0000] {processor.py:161} INFO - Started process (PID=7568) to work on /opt/airflow/dags/tmdb_pipeline_to_mart.py
[2026-03-22T18:43:51.052+0000] {processor.py:830} INFO - Processing file /opt/airflow/dags/tmdb_pipeline_to_mart.py for tasks to queue
[2026-03-22T18:43:51.053+0000] {logging_mixin.py:188} INFO - [2026-03-22T18:43:51.052+0000] {dagbag.py:545} INFO - Filling up the DagBag from /opt/airflow/dags/tmdb_pipeline_to_mart.py
[2026-03-22T18:43:51.093+0000] {processor.py:840} INFO - DAG(s) 'tmdb_mart_pipeline' retrieved from /opt/airflow/dags/tmdb_pipeline_to_mart.py
[2026-03-22T18:43:51.120+0000] {logging_mixin.py:188} INFO - [2026-03-22T18:43:51.119+0000] {dag.py:3096} INFO - Sync 1 DAGs
[2026-03-22T18:43:51.133+0000] {logging_mixin.py:188} INFO - [2026-03-22T18:43:51.133+0000] {dag.py:3954} INFO - Setting next_dagrun for tmdb_mart_pipeline to None, run_after=None
[2026-03-22T18:43:51.148+0000] {processor.py:183} INFO - Processing /opt/airflow/dags/tmdb_pipeline_to_mart.py took 0.106 seconds
[2026-03-22T18:44:21.543+0000] {processor.py:161} INFO - Started process (PID=7588) to work on /opt/airflow/dags/tmdb_pipeline_to_mart.py
[2026-03-22T18:44:21.547+0000] {processor.py:830} INFO - Processing file /opt/airflow/dags/tmdb_pipeline_to_mart.py for tasks to queue
[2026-03-22T18:44:21.547+0000] {logging_mixin.py:188} INFO - [2026-03-22T18:44:21.547+0000] {dagbag.py:545} INFO - Filling up the DagBag from /opt/airflow/dags/tmdb_pipeline_to_mart.py
[2026-03-22T18:44:21.553+0000] {processor.py:840} INFO - DAG(s) 'tmdb_mart_pipeline' retrieved from /opt/airflow/dags/tmdb_pipeline_to_mart.py
[2026-03-22T18:44:21.569+0000] {logging_mixin.py:188} INFO - [2026-03-22T18:44:21.569+0000] {dag.py:3096} INFO - Sync 1 DAGs
[2026-03-22T18:44:21.575+0000] {logging_mixin.py:188} INFO - [2026-03-22T18:44:21.575+0000] {dag.py:3954} INFO - Setting next_dagrun for tmdb_mart_pipeline to None, run_after=None
[2026-03-22T18:44:21.588+0000] {processor.py:183} INFO - Processing /opt/airflow/dags/tmdb_pipeline_to_mart.py took 0.050 seconds
[2026-03-22T18:44:51.968+0000] {processor.py:161} INFO - Started process (PID=7607) to work on /opt/airflow/dags/tmdb_pipeline_to_mart.py
[2026-03-22T18:44:51.971+0000] {processor.py:830} INFO - Processing file /opt/airflow/dags/tmdb_pipeline_to_mart.py for tasks to queue
[2026-03-22T18:44:51.972+0000] {logging_mixin.py:188} INFO - [2026-03-22T18:44:51.971+0000] {dagbag.py:545} INFO - Filling up the DagBag from /opt/airflow/dags/tmdb_pipeline_to_mart.py
[2026-03-22T18:44:51.989+0000] {processor.py:840} INFO - DAG(s) 'tmdb_mart_pipeline' retrieved from /opt/airflow/dags/tmdb_pipeline_to_mart.py
[2026-03-22T18:44:52.024+0000] {logging_mixin.py:188} INFO - [2026-03-22T18:44:52.024+0000] {dag.py:3096} INFO - Sync 1 DAGs
[2026-03-22T18:44:52.040+0000] {logging_mixin.py:188} INFO - [2026-03-22T18:44:52.040+0000] {dag.py:3954} INFO - Setting next_dagrun for tmdb_mart_pipeline to None, run_after=None
[2026-03-22T18:44:52.054+0000] {processor.py:183} INFO - Processing /opt/airflow/dags/tmdb_pipeline_to_mart.py took 0.093 seconds
[2026-03-22T18:45:22.445+0000] {processor.py:161} INFO - Started process (PID=7628) to work on /opt/airflow/dags/tmdb_pipeline_to_mart.py
[2026-03-22T18:45:22.446+0000] {processor.py:830} INFO - Processing file /opt/airflow/dags/tmdb_pipeline_to_mart.py for tasks to queue
[2026-03-22T18:45:22.448+0000] {logging_mixin.py:188} INFO - [2026-03-22T18:45:22.448+0000] {dagbag.py:545} INFO - Filling up the DagBag from /opt/airflow/dags/tmdb_pipeline_to_mart.py
[2026-03-22T18:45:22.455+0000] {processor.py:840} INFO - DAG(s) 'tmdb_mart_pipeline' retrieved from /opt/airflow/dags/tmdb_pipeline_to_mart.py
[2026-03-22T18:45:22.477+0000] {logging_mixin.py:188} INFO - [2026-03-22T18:45:22.477+0000] {dag.py:3096} INFO - Sync 1 DAGs
[2026-03-22T18:45:22.487+0000] {logging_mixin.py:188} INFO - [2026-03-22T18:45:22.487+0000] {dag.py:3954} INFO - Setting next_dagrun for tmdb_mart_pipeline to None, run_after=None
[2026-03-22T18:45:22.498+0000] {processor.py:183} INFO - Processing /opt/airflow/dags/tmdb_pipeline_to_mart.py took 0.058 seconds
[2026-03-22T18:45:52.965+0000] {processor.py:161} INFO - Started process (PID=7647) to work on /opt/airflow/dags/tmdb_pipeline_to_mart.py
[2026-03-22T18:45:52.969+0000] {processor.py:830} INFO - Processing file /opt/airflow/dags/tmdb_pipeline_to_mart.py for tasks to queue
[2026-03-22T18:45:52.971+0000] {logging_mixin.py:188} INFO - [2026-03-22T18:45:52.971+0000] {dagbag.py:545} INFO - Filling up the DagBag from /opt/airflow/dags/tmdb_pipeline_to_mart.py
[2026-03-22T18:45:53.005+0000] {processor.py:840} INFO - DAG(s) 'tmdb_mart_pipeline' retrieved from /opt/airflow/dags/tmdb_pipeline_to_mart.py
[2026-03-22T18:45:53.053+0000] {logging_mixin.py:188} INFO - [2026-03-22T18:45:53.052+0000] {dag.py:3096} INFO - Sync 1 DAGs
[2026-03-22T18:45:53.075+0000] {logging_mixin.py:188} INFO - [2026-03-22T18:45:53.075+0000] {dag.py:3954} INFO - Setting next_dagrun for tmdb_mart_pipeline to None, run_after=None
[2026-03-22T18:45:53.106+0000] {processor.py:183} INFO - Processing /opt/airflow/dags/tmdb_pipeline_to_mart.py took 0.159 seconds
[2026-03-22T18:46:23.572+0000] {processor.py:161} INFO - Started process (PID=7666) to work on /opt/airflow/dags/tmdb_pipeline_to_mart.py
[2026-03-22T18:46:23.575+0000] {processor.py:830} INFO - Processing file /opt/airflow/dags/tmdb_pipeline_to_mart.py for tasks to queue
[2026-03-22T18:46:23.577+0000] {logging_mixin.py:188} INFO - [2026-03-22T18:46:23.576+0000] {dagbag.py:545} INFO - Filling up the DagBag from /opt/airflow/dags/tmdb_pipeline_to_mart.py
[2026-03-22T18:46:23.601+0000] {processor.py:840} INFO - DAG(s) 'tmdb_mart_pipeline' retrieved from /opt/airflow/dags/tmdb_pipeline_to_mart.py
[2026-03-22T18:46:23.637+0000] {logging_mixin.py:188} INFO - [2026-03-22T18:46:23.637+0000] {dag.py:3096} INFO - Sync 1 DAGs
[2026-03-22T18:46:23.660+0000] {logging_mixin.py:188} INFO - [2026-03-22T18:46:23.660+0000] {dag.py:3954} INFO - Setting next_dagrun for tmdb_mart_pipeline to None, run_after=None
[2026-03-22T18:46:23.676+0000] {processor.py:183} INFO - Processing /opt/airflow/dags/tmdb_pipeline_to_mart.py took 0.118 seconds
[2026-03-22T18:46:54.091+0000] {processor.py:161} INFO - Started process (PID=7687) to work on /opt/airflow/dags/tmdb_pipeline_to_mart.py
[2026-03-22T18:46:54.094+0000] {processor.py:830} INFO - Processing file /opt/airflow/dags/tmdb_pipeline_to_mart.py for tasks to queue
[2026-03-22T18:46:54.096+0000] {logging_mixin.py:188} INFO - [2026-03-22T18:46:54.095+0000] {dagbag.py:545} INFO - Filling up the DagBag from /opt/airflow/dags/tmdb_pipeline_to_mart.py
[2026-03-22T18:46:54.114+0000] {processor.py:840} INFO - DAG(s) 'tmdb_mart_pipeline' retrieved from /opt/airflow/dags/tmdb_pipeline_to_mart.py
[2026-03-22T18:46:54.152+0000] {logging_mixin.py:188} INFO - [2026-03-22T18:46:54.151+0000] {dag.py:3096} INFO - Sync 1 DAGs
[2026-03-22T18:46:54.172+0000] {logging_mixin.py:188} INFO - [2026-03-22T18:46:54.172+0000] {dag.py:3954} INFO - Setting next_dagrun for tmdb_mart_pipeline to None, run_after=None
[2026-03-22T18:46:54.217+0000] {processor.py:183} INFO - Processing /opt/airflow/dags/tmdb_pipeline_to_mart.py took 0.139 seconds
[2026-03-22T18:47:24.675+0000] {processor.py:161} INFO - Started process (PID=7708) to work on /opt/airflow/dags/tmdb_pipeline_to_mart.py
[2026-03-22T18:47:24.678+0000] {processor.py:830} INFO - Processing file /opt/airflow/dags/tmdb_pipeline_to_mart.py for tasks to queue
[2026-03-22T18:47:24.679+0000] {logging_mixin.py:188} INFO - [2026-03-22T18:47:24.678+0000] {dagbag.py:545} INFO - Filling up the DagBag from /opt/airflow/dags/tmdb_pipeline_to_mart.py
[2026-03-22T18:47:24.696+0000] {processor.py:840} INFO - DAG(s) 'tmdb_mart_pipeline' retrieved from /opt/airflow/dags/tmdb_pipeline_to_mart.py
[2026-03-22T18:47:24.723+0000] {logging_mixin.py:188} INFO - [2026-03-22T18:47:24.723+0000] {dag.py:3096} INFO - Sync 1 DAGs
[2026-03-22T18:47:24.734+0000] {logging_mixin.py:188} INFO - [2026-03-22T18:47:24.734+0000] {dag.py:3954} INFO - Setting next_dagrun for tmdb_mart_pipeline to None, run_after=None
[2026-03-22T18:47:24.749+0000] {processor.py:183} INFO - Processing /opt/airflow/dags/tmdb_pipeline_to_mart.py took 0.080 seconds
[2026-03-22T18:47:55.203+0000] {processor.py:161} INFO - Started process (PID=7728) to work on /opt/airflow/dags/tmdb_pipeline_to_mart.py
[2026-03-22T18:47:55.205+0000] {processor.py:830} INFO - Processing file /opt/airflow/dags/tmdb_pipeline_to_mart.py for tasks to queue
[2026-03-22T18:47:55.206+0000] {logging_mixin.py:188} INFO - [2026-03-22T18:47:55.206+0000] {dagbag.py:545} INFO - Filling up the DagBag from /opt/airflow/dags/tmdb_pipeline_to_mart.py
[2026-03-22T18:47:55.218+0000] {processor.py:840} INFO - DAG(s) 'tmdb_mart_pipeline' retrieved from /opt/airflow/dags/tmdb_pipeline_to_mart.py
[2026-03-22T18:47:55.238+0000] {logging_mixin.py:188} INFO - [2026-03-22T18:47:55.238+0000] {dag.py:3096} INFO - Sync 1 DAGs
[2026-03-22T18:47:55.248+0000] {logging_mixin.py:188} INFO - [2026-03-22T18:47:55.248+0000] {dag.py:3954} INFO - Setting next_dagrun for tmdb_mart_pipeline to None, run_after=None
[2026-03-22T18:47:55.262+0000] {processor.py:183} INFO - Processing /opt/airflow/dags/tmdb_pipeline_to_mart.py took 0.064 seconds
[2026-03-22T18:48:25.669+0000] {processor.py:161} INFO - Started process (PID=7747) to work on /opt/airflow/dags/tmdb_pipeline_to_mart.py
[2026-03-22T18:48:25.672+0000] {processor.py:830} INFO - Processing file /opt/airflow/dags/tmdb_pipeline_to_mart.py for tasks to queue
[2026-03-22T18:48:25.673+0000] {logging_mixin.py:188} INFO - [2026-03-22T18:48:25.673+0000] {dagbag.py:545} INFO - Filling up the DagBag from /opt/airflow/dags/tmdb_pipeline_to_mart.py
[2026-03-22T18:48:25.688+0000] {processor.py:840} INFO - DAG(s) 'tmdb_mart_pipeline' retrieved from /opt/airflow/dags/tmdb_pipeline_to_mart.py
[2026-03-22T18:48:25.718+0000] {logging_mixin.py:188} INFO - [2026-03-22T18:48:25.718+0000] {dag.py:3096} INFO - Sync 1 DAGs
[2026-03-22T18:48:25.728+0000] {logging_mixin.py:188} INFO - [2026-03-22T18:48:25.728+0000] {dag.py:3954} INFO - Setting next_dagrun for tmdb_mart_pipeline to None, run_after=None
[2026-03-22T18:48:25.741+0000] {processor.py:183} INFO - Processing /opt/airflow/dags/tmdb_pipeline_to_mart.py took 0.081 seconds
[2026-03-22T18:48:56.148+0000] {processor.py:161} INFO - Started process (PID=7768) to work on /opt/airflow/dags/tmdb_pipeline_to_mart.py
[2026-03-22T18:48:56.149+0000] {processor.py:830} INFO - Processing file /opt/airflow/dags/tmdb_pipeline_to_mart.py for tasks to queue
[2026-03-22T18:48:56.151+0000] {logging_mixin.py:188} INFO - [2026-03-22T18:48:56.151+0000] {dagbag.py:545} INFO - Filling up the DagBag from /opt/airflow/dags/tmdb_pipeline_to_mart.py
[2026-03-22T18:48:56.176+0000] {processor.py:840} INFO - DAG(s) 'tmdb_mart_pipeline' retrieved from /opt/airflow/dags/tmdb_pipeline_to_mart.py
[2026-03-22T18:48:56.220+0000] {logging_mixin.py:188} INFO - [2026-03-22T18:48:56.220+0000] {dag.py:3096} INFO - Sync 1 DAGs
[2026-03-22T18:48:56.237+0000] {logging_mixin.py:188} INFO - [2026-03-22T18:48:56.237+0000] {dag.py:3954} INFO - Setting next_dagrun for tmdb_mart_pipeline to None, run_after=None
[2026-03-22T18:48:56.252+0000] {processor.py:183} INFO - Processing /opt/airflow/dags/tmdb_pipeline_to_mart.py took 0.117 seconds
[2026-03-22T18:49:26.645+0000] {processor.py:161} INFO - Started process (PID=7788) to work on /opt/airflow/dags/tmdb_pipeline_to_mart.py
[2026-03-22T18:49:26.646+0000] {processor.py:830} INFO - Processing file /opt/airflow/dags/tmdb_pipeline_to_mart.py for tasks to queue
[2026-03-22T18:49:26.647+0000] {logging_mixin.py:188} INFO - [2026-03-22T18:49:26.647+0000] {dagbag.py:545} INFO - Filling up the DagBag from /opt/airflow/dags/tmdb_pipeline_to_mart.py
[2026-03-22T18:49:26.658+0000] {processor.py:840} INFO - DAG(s) 'tmdb_mart_pipeline' retrieved from /opt/airflow/dags/tmdb_pipeline_to_mart.py
[2026-03-22T18:49:26.682+0000] {logging_mixin.py:188} INFO - [2026-03-22T18:49:26.682+0000] {dag.py:3096} INFO - Sync 1 DAGs
[2026-03-22T18:49:26.688+0000] {logging_mixin.py:188} INFO - [2026-03-22T18:49:26.688+0000] {dag.py:3954} INFO - Setting next_dagrun for tmdb_mart_pipeline to None, run_after=None
[2026-03-22T18:49:26.699+0000] {processor.py:183} INFO - Processing /opt/airflow/dags/tmdb_pipeline_to_mart.py took 0.059 seconds
[2026-03-22T18:49:57.135+0000] {processor.py:161} INFO - Started process (PID=7807) to work on /opt/airflow/dags/tmdb_pipeline_to_mart.py
[2026-03-22T18:49:57.137+0000] {processor.py:830} INFO - Processing file /opt/airflow/dags/tmdb_pipeline_to_mart.py for tasks to queue
[2026-03-22T18:49:57.139+0000] {logging_mixin.py:188} INFO - [2026-03-22T18:49:57.139+0000] {dagbag.py:545} INFO - Filling up the DagBag from /opt/airflow/dags/tmdb_pipeline_to_mart.py
[2026-03-22T18:49:57.164+0000] {processor.py:840} INFO - DAG(s) 'tmdb_mart_pipeline' retrieved from /opt/airflow/dags/tmdb_pipeline_to_mart.py
[2026-03-22T18:49:57.199+0000] {logging_mixin.py:188} INFO - [2026-03-22T18:49:57.199+0000] {dag.py:3096} INFO - Sync 1 DAGs
[2026-03-22T18:49:57.221+0000] {logging_mixin.py:188} INFO - [2026-03-22T18:49:57.221+0000] {dag.py:3954} INFO - Setting next_dagrun for tmdb_mart_pipeline to None, run_after=None
[2026-03-22T18:49:57.235+0000] {processor.py:183} INFO - Processing /opt/airflow/dags/tmdb_pipeline_to_mart.py took 0.106 seconds
[2026-03-22T18:50:27.614+0000] {processor.py:161} INFO - Started process (PID=7828) to work on /opt/airflow/dags/tmdb_pipeline_to_mart.py
[2026-03-22T18:50:27.616+0000] {processor.py:830} INFO - Processing file /opt/airflow/dags/tmdb_pipeline_to_mart.py for tasks to queue
[2026-03-22T18:50:27.617+0000] {logging_mixin.py:188} INFO - [2026-03-22T18:50:27.616+0000] {dagbag.py:545} INFO - Filling up the DagBag from /opt/airflow/dags/tmdb_pipeline_to_mart.py
[2026-03-22T18:50:27.625+0000] {processor.py:840} INFO - DAG(s) 'tmdb_mart_pipeline' retrieved from /opt/airflow/dags/tmdb_pipeline_to_mart.py
[2026-03-22T18:50:27.647+0000] {logging_mixin.py:188} INFO - [2026-03-22T18:50:27.647+0000] {dag.py:3096} INFO - Sync 1 DAGs
[2026-03-22T18:50:27.655+0000] {logging_mixin.py:188} INFO - [2026-03-22T18:50:27.655+0000] {dag.py:3954} INFO - Setting next_dagrun for tmdb_mart_pipeline to None, run_after=None
[2026-03-22T18:50:27.667+0000] {processor.py:183} INFO - Processing /opt/airflow/dags/tmdb_pipeline_to_mart.py took 0.057 seconds
[2026-03-22T18:50:58.088+0000] {processor.py:161} INFO - Started process (PID=7847) to work on /opt/airflow/dags/tmdb_pipeline_to_mart.py
[2026-03-22T18:50:58.091+0000] {processor.py:830} INFO - Processing file /opt/airflow/dags/tmdb_pipeline_to_mart.py for tasks to queue
[2026-03-22T18:50:58.093+0000] {logging_mixin.py:188} INFO - [2026-03-22T18:50:58.093+0000] {dagbag.py:545} INFO - Filling up the DagBag from /opt/airflow/dags/tmdb_pipeline_to_mart.py
[2026-03-22T18:50:58.111+0000] {processor.py:840} INFO - DAG(s) 'tmdb_mart_pipeline' retrieved from /opt/airflow/dags/tmdb_pipeline_to_mart.py
[2026-03-22T18:50:58.146+0000] {logging_mixin.py:188} INFO - [2026-03-22T18:50:58.146+0000] {dag.py:3096} INFO - Sync 1 DAGs
[2026-03-22T18:50:58.165+0000] {logging_mixin.py:188} INFO - [2026-03-22T18:50:58.165+0000] {dag.py:3954} INFO - Setting next_dagrun for tmdb_mart_pipeline to None, run_after=None
[2026-03-22T18:50:58.180+0000] {processor.py:183} INFO - Processing /opt/airflow/dags/tmdb_pipeline_to_mart.py took 0.102 seconds
[2026-03-22T18:51:28.636+0000] {processor.py:161} INFO - Started process (PID=7868) to work on /opt/airflow/dags/tmdb_pipeline_to_mart.py
[2026-03-22T18:51:28.638+0000] {processor.py:830} INFO - Processing file /opt/airflow/dags/tmdb_pipeline_to_mart.py for tasks to queue
[2026-03-22T18:51:28.640+0000] {logging_mixin.py:188} INFO - [2026-03-22T18:51:28.639+0000] {dagbag.py:545} INFO - Filling up the DagBag from /opt/airflow/dags/tmdb_pipeline_to_mart.py
[2026-03-22T18:51:28.655+0000] {processor.py:840} INFO - DAG(s) 'tmdb_mart_pipeline' retrieved from /opt/airflow/dags/tmdb_pipeline_to_mart.py
[2026-03-22T18:51:28.685+0000] {logging_mixin.py:188} INFO - [2026-03-22T18:51:28.685+0000] {dag.py:3096} INFO - Sync 1 DAGs
[2026-03-22T18:51:28.697+0000] {logging_mixin.py:188} INFO - [2026-03-22T18:51:28.697+0000] {dag.py:3954} INFO - Setting next_dagrun for tmdb_mart_pipeline to None, run_after=None
[2026-03-22T18:51:28.730+0000] {processor.py:183} INFO - Processing /opt/airflow/dags/tmdb_pipeline_to_mart.py took 0.102 seconds
[2026-03-22T18:54:04.748+0000] {processor.py:161} INFO - Started process (PID=7888) to work on /opt/airflow/dags/tmdb_pipeline_to_mart.py
[2026-03-22T18:54:04.756+0000] {processor.py:830} INFO - Processing file /opt/airflow/dags/tmdb_pipeline_to_mart.py for tasks to queue
[2026-03-22T18:54:04.757+0000] {logging_mixin.py:188} INFO - [2026-03-22T18:54:04.756+0000] {dagbag.py:545} INFO - Filling up the DagBag from /opt/airflow/dags/tmdb_pipeline_to_mart.py
[2026-03-22T18:54:04.769+0000] {processor.py:840} INFO - DAG(s) 'tmdb_mart_pipeline' retrieved from /opt/airflow/dags/tmdb_pipeline_to_mart.py
[2026-03-22T18:54:04.793+0000] {logging_mixin.py:188} INFO - [2026-03-22T18:54:04.793+0000] {dag.py:3096} INFO - Sync 1 DAGs
[2026-03-22T18:54:04.802+0000] {logging_mixin.py:188} INFO - [2026-03-22T18:54:04.802+0000] {dag.py:3954} INFO - Setting next_dagrun for tmdb_mart_pipeline to None, run_after=None
[2026-03-22T18:54:04.814+0000] {processor.py:183} INFO - Processing /opt/airflow/dags/tmdb_pipeline_to_mart.py took 0.072 seconds
[2026-03-22T18:54:35.175+0000] {processor.py:161} INFO - Started process (PID=7908) to work on /opt/airflow/dags/tmdb_pipeline_to_mart.py
[2026-03-22T18:54:35.176+0000] {processor.py:830} INFO - Processing file /opt/airflow/dags/tmdb_pipeline_to_mart.py for tasks to queue
[2026-03-22T18:54:35.177+0000] {logging_mixin.py:188} INFO - [2026-03-22T18:54:35.177+0000] {dagbag.py:545} INFO - Filling up the DagBag from /opt/airflow/dags/tmdb_pipeline_to_mart.py
[2026-03-22T18:54:35.185+0000] {processor.py:840} INFO - DAG(s) 'tmdb_mart_pipeline' retrieved from /opt/airflow/dags/tmdb_pipeline_to_mart.py
[2026-03-22T18:54:35.206+0000] {logging_mixin.py:188} INFO - [2026-03-22T18:54:35.206+0000] {dag.py:3096} INFO - Sync 1 DAGs
[2026-03-22T18:54:35.212+0000] {logging_mixin.py:188} INFO - [2026-03-22T18:54:35.212+0000] {dag.py:3954} INFO - Setting next_dagrun for tmdb_mart_pipeline to None, run_after=None
[2026-03-22T18:54:35.230+0000] {processor.py:183} INFO - Processing /opt/airflow/dags/tmdb_pipeline_to_mart.py took 0.059 seconds
[2026-03-22T18:55:05.673+0000] {processor.py:161} INFO - Started process (PID=7927) to work on /opt/airflow/dags/tmdb_pipeline_to_mart.py
[2026-03-22T18:55:05.678+0000] {processor.py:830} INFO - Processing file /opt/airflow/dags/tmdb_pipeline_to_mart.py for tasks to queue
[2026-03-22T18:55:05.679+0000] {logging_mixin.py:188} INFO - [2026-03-22T18:55:05.679+0000] {dagbag.py:545} INFO - Filling up the DagBag from /opt/airflow/dags/tmdb_pipeline_to_mart.py
[2026-03-22T18:55:05.701+0000] {processor.py:840} INFO - DAG(s) 'tmdb_mart_pipeline' retrieved from /opt/airflow/dags/tmdb_pipeline_to_mart.py
[2026-03-22T18:55:05.745+0000] {logging_mixin.py:188} INFO - [2026-03-22T18:55:05.745+0000] {dag.py:3096} INFO - Sync 1 DAGs
[2026-03-22T18:55:05.768+0000] {logging_mixin.py:188} INFO - [2026-03-22T18:55:05.768+0000] {dag.py:3954} INFO - Setting next_dagrun for tmdb_mart_pipeline to None, run_after=None
[2026-03-22T18:55:05.783+0000] {processor.py:183} INFO - Processing /opt/airflow/dags/tmdb_pipeline_to_mart.py took 0.119 seconds
[2026-03-22T18:55:36.174+0000] {processor.py:161} INFO - Started process (PID=7948) to work on /opt/airflow/dags/tmdb_pipeline_to_mart.py
[2026-03-22T18:55:36.176+0000] {processor.py:830} INFO - Processing file /opt/airflow/dags/tmdb_pipeline_to_mart.py for tasks to queue
[2026-03-22T18:55:36.177+0000] {logging_mixin.py:188} INFO - [2026-03-22T18:55:36.176+0000] {dagbag.py:545} INFO - Filling up the DagBag from /opt/airflow/dags/tmdb_pipeline_to_mart.py
[2026-03-22T18:55:36.199+0000] {processor.py:840} INFO - DAG(s) 'tmdb_mart_pipeline' retrieved from /opt/airflow/dags/tmdb_pipeline_to_mart.py
[2026-03-22T18:55:36.231+0000] {logging_mixin.py:188} INFO - [2026-03-22T18:55:36.231+0000] {dag.py:3096} INFO - Sync 1 DAGs
[2026-03-22T18:55:36.247+0000] {logging_mixin.py:188} INFO - [2026-03-22T18:55:36.247+0000] {dag.py:3954} INFO - Setting next_dagrun for tmdb_mart_pipeline to None, run_after=None
[2026-03-22T18:55:36.267+0000] {processor.py:183} INFO - Processing /opt/airflow/dags/tmdb_pipeline_to_mart.py took 0.102 seconds
[2026-03-22T18:56:06.721+0000] {processor.py:161} INFO - Started process (PID=7968) to work on /opt/airflow/dags/tmdb_pipeline_to_mart.py
[2026-03-22T18:56:06.723+0000] {processor.py:830} INFO - Processing file /opt/airflow/dags/tmdb_pipeline_to_mart.py for tasks to queue
[2026-03-22T18:56:06.724+0000] {logging_mixin.py:188} INFO - [2026-03-22T18:56:06.724+0000] {dagbag.py:545} INFO - Filling up the DagBag from /opt/airflow/dags/tmdb_pipeline_to_mart.py
[2026-03-22T18:56:06.737+0000] {processor.py:840} INFO - DAG(s) 'tmdb_mart_pipeline' retrieved from /opt/airflow/dags/tmdb_pipeline_to_mart.py
[2026-03-22T18:56:06.757+0000] {logging_mixin.py:188} INFO - [2026-03-22T18:56:06.757+0000] {dag.py:3096} INFO - Sync 1 DAGs
[2026-03-22T18:56:06.769+0000] {logging_mixin.py:188} INFO - [2026-03-22T18:56:06.769+0000] {dag.py:3954} INFO - Setting next_dagrun for tmdb_mart_pipeline to None, run_after=None
[2026-03-22T18:56:06.784+0000] {processor.py:183} INFO - Processing /opt/airflow/dags/tmdb_pipeline_to_mart.py took 0.069 seconds
[2026-03-22T18:56:37.175+0000] {processor.py:161} INFO - Started process (PID=7987) to work on /opt/airflow/dags/tmdb_pipeline_to_mart.py
[2026-03-22T18:56:37.177+0000] {processor.py:830} INFO - Processing file /opt/airflow/dags/tmdb_pipeline_to_mart.py for tasks to queue
[2026-03-22T18:56:37.178+0000] {logging_mixin.py:188} INFO - [2026-03-22T18:56:37.178+0000] {dagbag.py:545} INFO - Filling up the DagBag from /opt/airflow/dags/tmdb_pipeline_to_mart.py
[2026-03-22T18:56:37.192+0000] {processor.py:840} INFO - DAG(s) 'tmdb_mart_pipeline' retrieved from /opt/airflow/dags/tmdb_pipeline_to_mart.py
[2026-03-22T18:56:37.214+0000] {logging_mixin.py:188} INFO - [2026-03-22T18:56:37.214+0000] {dag.py:3096} INFO - Sync 1 DAGs
[2026-03-22T18:56:37.221+0000] {logging_mixin.py:188} INFO - [2026-03-22T18:56:37.221+0000] {dag.py:3954} INFO - Setting next_dagrun for tmdb_mart_pipeline to None, run_after=None
[2026-03-22T18:56:37.232+0000] {processor.py:183} INFO - Processing /opt/airflow/dags/tmdb_pipeline_to_mart.py took 0.067 seconds
[2026-03-22T18:57:07.643+0000] {processor.py:161} INFO - Started process (PID=8007) to work on /opt/airflow/dags/tmdb_pipeline_to_mart.py
[2026-03-22T18:57:07.647+0000] {processor.py:830} INFO - Processing file /opt/airflow/dags/tmdb_pipeline_to_mart.py for tasks to queue
[2026-03-22T18:57:07.647+0000] {logging_mixin.py:188} INFO - [2026-03-22T18:57:07.647+0000] {dagbag.py:545} INFO - Filling up the DagBag from /opt/airflow/dags/tmdb_pipeline_to_mart.py
[2026-03-22T18:57:07.659+0000] {processor.py:840} INFO - DAG(s) 'tmdb_mart_pipeline' retrieved from /opt/airflow/dags/tmdb_pipeline_to_mart.py
[2026-03-22T18:57:07.678+0000] {logging_mixin.py:188} INFO - [2026-03-22T18:57:07.677+0000] {dag.py:3096} INFO - Sync 1 DAGs
[2026-03-22T18:57:07.686+0000] {logging_mixin.py:188} INFO - [2026-03-22T18:57:07.686+0000] {dag.py:3954} INFO - Setting next_dagrun for tmdb_mart_pipeline to None, run_after=None
[2026-03-22T18:57:07.711+0000] {processor.py:183} INFO - Processing /opt/airflow/dags/tmdb_pipeline_to_mart.py took 0.074 seconds
[2026-03-22T18:57:38.111+0000] {processor.py:161} INFO - Started process (PID=8028) to work on /opt/airflow/dags/tmdb_pipeline_to_mart.py
[2026-03-22T18:57:38.112+0000] {processor.py:830} INFO - Processing file /opt/airflow/dags/tmdb_pipeline_to_mart.py for tasks to queue
[2026-03-22T18:57:38.114+0000] {logging_mixin.py:188} INFO - [2026-03-22T18:57:38.113+0000] {dagbag.py:545} INFO - Filling up the DagBag from /opt/airflow/dags/tmdb_pipeline_to_mart.py
[2026-03-22T18:57:38.126+0000] {processor.py:840} INFO - DAG(s) 'tmdb_mart_pipeline' retrieved from /opt/airflow/dags/tmdb_pipeline_to_mart.py
[2026-03-22T18:57:38.157+0000] {logging_mixin.py:188} INFO - [2026-03-22T18:57:38.156+0000] {dag.py:3096} INFO - Sync 1 DAGs
[2026-03-22T18:57:38.163+0000] {logging_mixin.py:188} INFO - [2026-03-22T18:57:38.163+0000] {dag.py:3954} INFO - Setting next_dagrun for tmdb_mart_pipeline to None, run_after=None
[2026-03-22T18:57:38.175+0000] {processor.py:183} INFO - Processing /opt/airflow/dags/tmdb_pipeline_to_mart.py took 0.069 seconds
[2026-03-22T18:58:08.618+0000] {processor.py:161} INFO - Started process (PID=8047) to work on /opt/airflow/dags/tmdb_pipeline_to_mart.py
[2026-03-22T18:58:08.622+0000] {processor.py:830} INFO - Processing file /opt/airflow/dags/tmdb_pipeline_to_mart.py for tasks to queue
[2026-03-22T18:58:08.623+0000] {logging_mixin.py:188} INFO - [2026-03-22T18:58:08.622+0000] {dagbag.py:545} INFO - Filling up the DagBag from /opt/airflow/dags/tmdb_pipeline_to_mart.py
[2026-03-22T18:58:08.638+0000] {processor.py:840} INFO - DAG(s) 'tmdb_mart_pipeline' retrieved from /opt/airflow/dags/tmdb_pipeline_to_mart.py
[2026-03-22T18:58:08.668+0000] {logging_mixin.py:188} INFO - [2026-03-22T18:58:08.668+0000] {dag.py:3096} INFO - Sync 1 DAGs
[2026-03-22T18:58:08.689+0000] {logging_mixin.py:188} INFO - [2026-03-22T18:58:08.689+0000] {dag.py:3954} INFO - Setting next_dagrun for tmdb_mart_pipeline to None, run_after=None
[2026-03-22T18:58:08.704+0000] {processor.py:183} INFO - Processing /opt/airflow/dags/tmdb_pipeline_to_mart.py took 0.100 seconds
[2026-03-22T19:13:35.076+0000] {processor.py:161} INFO - Started process (PID=8067) to work on /opt/airflow/dags/tmdb_pipeline_to_mart.py
[2026-03-22T19:13:35.080+0000] {processor.py:830} INFO - Processing file /opt/airflow/dags/tmdb_pipeline_to_mart.py for tasks to queue
[2026-03-22T19:13:35.085+0000] {logging_mixin.py:188} INFO - [2026-03-22T19:13:35.085+0000] {dagbag.py:545} INFO - Filling up the DagBag from /opt/airflow/dags/tmdb_pipeline_to_mart.py
[2026-03-22T19:13:35.104+0000] {processor.py:840} INFO - DAG(s) 'tmdb_mart_pipeline' retrieved from /opt/airflow/dags/tmdb_pipeline_to_mart.py
[2026-03-22T19:13:35.138+0000] {logging_mixin.py:188} INFO - [2026-03-22T19:13:35.137+0000] {dag.py:3096} INFO - Sync 1 DAGs
[2026-03-22T19:13:35.151+0000] {logging_mixin.py:188} INFO - [2026-03-22T19:13:35.151+0000] {dag.py:3954} INFO - Setting next_dagrun for tmdb_mart_pipeline to None, run_after=None
[2026-03-22T19:13:35.175+0000] {processor.py:183} INFO - Processing /opt/airflow/dags/tmdb_pipeline_to_mart.py took 0.106 seconds
[2026-03-22T19:23:55.659+0000] {processor.py:161} INFO - Started process (PID=8087) to work on /opt/airflow/dags/tmdb_pipeline_to_mart.py
[2026-03-22T19:23:55.662+0000] {processor.py:830} INFO - Processing file /opt/airflow/dags/tmdb_pipeline_to_mart.py for tasks to queue
[2026-03-22T19:23:55.663+0000] {logging_mixin.py:188} INFO - [2026-03-22T19:23:55.662+0000] {dagbag.py:545} INFO - Filling up the DagBag from /opt/airflow/dags/tmdb_pipeline_to_mart.py
[2026-03-22T19:23:55.680+0000] {processor.py:840} INFO - DAG(s) 'tmdb_mart_pipeline' retrieved from /opt/airflow/dags/tmdb_pipeline_to_mart.py
[2026-03-22T19:23:55.711+0000] {logging_mixin.py:188} INFO - [2026-03-22T19:23:55.711+0000] {dag.py:3096} INFO - Sync 1 DAGs
[2026-03-22T19:23:55.722+0000] {logging_mixin.py:188} INFO - [2026-03-22T19:23:55.722+0000] {dag.py:3954} INFO - Setting next_dagrun for tmdb_mart_pipeline to None, run_after=None
[2026-03-22T19:23:55.743+0000] {processor.py:183} INFO - Processing /opt/airflow/dags/tmdb_pipeline_to_mart.py took 0.097 seconds
[2026-03-22T19:24:36.928+0000] {processor.py:161} INFO - Started process (PID=8108) to work on /opt/airflow/dags/tmdb_pipeline_to_mart.py
[2026-03-22T19:24:36.930+0000] {processor.py:830} INFO - Processing file /opt/airflow/dags/tmdb_pipeline_to_mart.py for tasks to queue
[2026-03-22T19:24:36.931+0000] {logging_mixin.py:188} INFO - [2026-03-22T19:24:36.931+0000] {dagbag.py:545} INFO - Filling up the DagBag from /opt/airflow/dags/tmdb_pipeline_to_mart.py
[2026-03-22T19:24:36.937+0000] {processor.py:840} INFO - DAG(s) 'tmdb_mart_pipeline' retrieved from /opt/airflow/dags/tmdb_pipeline_to_mart.py
[2026-03-22T19:24:36.953+0000] {logging_mixin.py:188} INFO - [2026-03-22T19:24:36.953+0000] {dag.py:3096} INFO - Sync 1 DAGs
[2026-03-22T19:24:36.960+0000] {logging_mixin.py:188} INFO - [2026-03-22T19:24:36.960+0000] {dag.py:3954} INFO - Setting next_dagrun for tmdb_mart_pipeline to None, run_after=None
[2026-03-22T19:24:36.971+0000] {processor.py:183} INFO - Processing /opt/airflow/dags/tmdb_pipeline_to_mart.py took 0.047 seconds
[2026-03-22T19:25:07.942+0000] {processor.py:161} INFO - Started process (PID=8126) to work on /opt/airflow/dags/tmdb_pipeline_to_mart.py
[2026-03-22T19:25:07.945+0000] {processor.py:830} INFO - Processing file /opt/airflow/dags/tmdb_pipeline_to_mart.py for tasks to queue
[2026-03-22T19:25:07.946+0000] {logging_mixin.py:188} INFO - [2026-03-22T19:25:07.946+0000] {dagbag.py:545} INFO - Filling up the DagBag from /opt/airflow/dags/tmdb_pipeline_to_mart.py
[2026-03-22T19:25:07.965+0000] {processor.py:840} INFO - DAG(s) 'tmdb_mart_pipeline' retrieved from /opt/airflow/dags/tmdb_pipeline_to_mart.py
[2026-03-22T19:25:08.005+0000] {logging_mixin.py:188} INFO - [2026-03-22T19:25:08.005+0000] {dag.py:3096} INFO - Sync 1 DAGs
[2026-03-22T19:25:08.019+0000] {logging_mixin.py:188} INFO - [2026-03-22T19:25:08.019+0000] {dag.py:3954} INFO - Setting next_dagrun for tmdb_mart_pipeline to None, run_after=None
[2026-03-22T19:25:08.033+0000] {processor.py:183} INFO - Processing /opt/airflow/dags/tmdb_pipeline_to_mart.py took 0.104 seconds
[2026-03-22T19:25:38.760+0000] {processor.py:161} INFO - Started process (PID=8148) to work on /opt/airflow/dags/tmdb_pipeline_to_mart.py
[2026-03-22T19:25:38.762+0000] {processor.py:830} INFO - Processing file /opt/airflow/dags/tmdb_pipeline_to_mart.py for tasks to queue
[2026-03-22T19:25:38.763+0000] {logging_mixin.py:188} INFO - [2026-03-22T19:25:38.763+0000] {dagbag.py:545} INFO - Filling up the DagBag from /opt/airflow/dags/tmdb_pipeline_to_mart.py
[2026-03-22T19:25:38.772+0000] {processor.py:840} INFO - DAG(s) 'tmdb_mart_pipeline' retrieved from /opt/airflow/dags/tmdb_pipeline_to_mart.py
[2026-03-22T19:25:38.786+0000] {logging_mixin.py:188} INFO - [2026-03-22T19:25:38.786+0000] {dag.py:3096} INFO - Sync 1 DAGs
[2026-03-22T19:25:38.793+0000] {logging_mixin.py:188} INFO - [2026-03-22T19:25:38.793+0000] {dag.py:3954} INFO - Setting next_dagrun for tmdb_mart_pipeline to None, run_after=None
[2026-03-22T19:25:38.805+0000] {processor.py:183} INFO - Processing /opt/airflow/dags/tmdb_pipeline_to_mart.py took 0.053 seconds
[2026-03-22T19:26:08.966+0000] {processor.py:161} INFO - Started process (PID=8167) to work on /opt/airflow/dags/tmdb_pipeline_to_mart.py
[2026-03-22T19:26:08.969+0000] {processor.py:830} INFO - Processing file /opt/airflow/dags/tmdb_pipeline_to_mart.py for tasks to queue
[2026-03-22T19:26:08.970+0000] {logging_mixin.py:188} INFO - [2026-03-22T19:26:08.969+0000] {dagbag.py:545} INFO - Filling up the DagBag from /opt/airflow/dags/tmdb_pipeline_to_mart.py
[2026-03-22T19:26:08.990+0000] {processor.py:840} INFO - DAG(s) 'tmdb_mart_pipeline' retrieved from /opt/airflow/dags/tmdb_pipeline_to_mart.py
[2026-03-22T19:26:09.034+0000] {logging_mixin.py:188} INFO - [2026-03-22T19:26:09.034+0000] {dag.py:3096} INFO - Sync 1 DAGs
[2026-03-22T19:26:09.044+0000] {logging_mixin.py:188} INFO - [2026-03-22T19:26:09.044+0000] {dag.py:3954} INFO - Setting next_dagrun for tmdb_mart_pipeline to None, run_after=None
[2026-03-22T19:26:09.060+0000] {processor.py:183} INFO - Processing /opt/airflow/dags/tmdb_pipeline_to_mart.py took 0.107 seconds
[2026-03-22T19:26:40.248+0000] {processor.py:161} INFO - Started process (PID=8188) to work on /opt/airflow/dags/tmdb_pipeline_to_mart.py
[2026-03-22T19:26:40.250+0000] {processor.py:830} INFO - Processing file /opt/airflow/dags/tmdb_pipeline_to_mart.py for tasks to queue
[2026-03-22T19:26:40.251+0000] {logging_mixin.py:188} INFO - [2026-03-22T19:26:40.250+0000] {dagbag.py:545} INFO - Filling up the DagBag from /opt/airflow/dags/tmdb_pipeline_to_mart.py
[2026-03-22T19:26:40.262+0000] {processor.py:840} INFO - DAG(s) 'tmdb_mart_pipeline' retrieved from /opt/airflow/dags/tmdb_pipeline_to_mart.py
[2026-03-22T19:26:40.283+0000] {logging_mixin.py:188} INFO - [2026-03-22T19:26:40.283+0000] {dag.py:3096} INFO - Sync 1 DAGs
[2026-03-22T19:26:40.289+0000] {logging_mixin.py:188} INFO - [2026-03-22T19:26:40.289+0000] {dag.py:3954} INFO - Setting next_dagrun for tmdb_mart_pipeline to None, run_after=None
[2026-03-22T19:26:40.302+0000] {processor.py:183} INFO - Processing /opt/airflow/dags/tmdb_pipeline_to_mart.py took 0.057 seconds
[2026-03-22T19:27:10.421+0000] {processor.py:161} INFO - Started process (PID=8207) to work on /opt/airflow/dags/tmdb_pipeline_to_mart.py
[2026-03-22T19:27:10.424+0000] {processor.py:830} INFO - Processing file /opt/airflow/dags/tmdb_pipeline_to_mart.py for tasks to queue
[2026-03-22T19:27:10.426+0000] {logging_mixin.py:188} INFO - [2026-03-22T19:27:10.425+0000] {dagbag.py:545} INFO - Filling up the DagBag from /opt/airflow/dags/tmdb_pipeline_to_mart.py
[2026-03-22T19:27:10.442+0000] {processor.py:840} INFO - DAG(s) 'tmdb_mart_pipeline' retrieved from /opt/airflow/dags/tmdb_pipeline_to_mart.py
[2026-03-22T19:27:10.480+0000] {logging_mixin.py:188} INFO - [2026-03-22T19:27:10.480+0000] {dag.py:3096} INFO - Sync 1 DAGs
[2026-03-22T19:27:10.494+0000] {logging_mixin.py:188} INFO - [2026-03-22T19:27:10.494+0000] {dag.py:3954} INFO - Setting next_dagrun for tmdb_mart_pipeline to None, run_after=None
[2026-03-22T19:27:10.511+0000] {processor.py:183} INFO - Processing /opt/airflow/dags/tmdb_pipeline_to_mart.py took 0.098 seconds
[2026-03-22T19:27:41.137+0000] {processor.py:161} INFO - Started process (PID=8227) to work on /opt/airflow/dags/tmdb_pipeline_to_mart.py
[2026-03-22T19:27:41.143+0000] {processor.py:830} INFO - Processing file /opt/airflow/dags/tmdb_pipeline_to_mart.py for tasks to queue
[2026-03-22T19:27:41.144+0000] {logging_mixin.py:188} INFO - [2026-03-22T19:27:41.144+0000] {dagbag.py:545} INFO - Filling up the DagBag from /opt/airflow/dags/tmdb_pipeline_to_mart.py
[2026-03-22T19:27:41.151+0000] {processor.py:840} INFO - DAG(s) 'tmdb_mart_pipeline' retrieved from /opt/airflow/dags/tmdb_pipeline_to_mart.py
[2026-03-22T19:27:41.170+0000] {logging_mixin.py:188} INFO - [2026-03-22T19:27:41.170+0000] {dag.py:3096} INFO - Sync 1 DAGs
[2026-03-22T19:27:41.177+0000] {logging_mixin.py:188} INFO - [2026-03-22T19:27:41.177+0000] {dag.py:3954} INFO - Setting next_dagrun for tmdb_mart_pipeline to None, run_after=None
[2026-03-22T19:27:41.186+0000] {processor.py:183} INFO - Processing /opt/airflow/dags/tmdb_pipeline_to_mart.py took 0.054 seconds
[2026-03-22T19:28:11.711+0000] {processor.py:161} INFO - Started process (PID=8247) to work on /opt/airflow/dags/tmdb_pipeline_to_mart.py
[2026-03-22T19:28:11.713+0000] {processor.py:830} INFO - Processing file /opt/airflow/dags/tmdb_pipeline_to_mart.py for tasks to queue
[2026-03-22T19:28:11.715+0000] {logging_mixin.py:188} INFO - [2026-03-22T19:28:11.714+0000] {dagbag.py:545} INFO - Filling up the DagBag from /opt/airflow/dags/tmdb_pipeline_to_mart.py
[2026-03-22T19:28:11.735+0000] {processor.py:840} INFO - DAG(s) 'tmdb_mart_pipeline' retrieved from /opt/airflow/dags/tmdb_pipeline_to_mart.py
[2026-03-22T19:28:11.771+0000] {logging_mixin.py:188} INFO - [2026-03-22T19:28:11.771+0000] {dag.py:3096} INFO - Sync 1 DAGs
[2026-03-22T19:28:11.782+0000] {logging_mixin.py:188} INFO - [2026-03-22T19:28:11.782+0000] {dag.py:3954} INFO - Setting next_dagrun for tmdb_mart_pipeline to None, run_after=None
[2026-03-22T19:28:11.806+0000] {processor.py:183} INFO - Processing /opt/airflow/dags/tmdb_pipeline_to_mart.py took 0.104 seconds
[2026-03-22T19:29:31.236+0000] {processor.py:161} INFO - Started process (PID=8268) to work on /opt/airflow/dags/tmdb_pipeline_to_mart.py
[2026-03-22T19:29:31.239+0000] {processor.py:830} INFO - Processing file /opt/airflow/dags/tmdb_pipeline_to_mart.py for tasks to queue
[2026-03-22T19:29:31.240+0000] {logging_mixin.py:188} INFO - [2026-03-22T19:29:31.240+0000] {dagbag.py:545} INFO - Filling up the DagBag from /opt/airflow/dags/tmdb_pipeline_to_mart.py
[2026-03-22T19:29:31.251+0000] {processor.py:840} INFO - DAG(s) 'tmdb_mart_pipeline' retrieved from /opt/airflow/dags/tmdb_pipeline_to_mart.py
[2026-03-22T19:29:31.268+0000] {logging_mixin.py:188} INFO - [2026-03-22T19:29:31.268+0000] {dag.py:3096} INFO - Sync 1 DAGs
[2026-03-22T19:29:31.277+0000] {logging_mixin.py:188} INFO - [2026-03-22T19:29:31.277+0000] {dag.py:3954} INFO - Setting next_dagrun for tmdb_mart_pipeline to None, run_after=None
[2026-03-22T19:29:31.293+0000] {processor.py:183} INFO - Processing /opt/airflow/dags/tmdb_pipeline_to_mart.py took 0.064 seconds
[2026-03-22T19:30:01.829+0000] {processor.py:161} INFO - Started process (PID=8287) to work on /opt/airflow/dags/tmdb_pipeline_to_mart.py
[2026-03-22T19:30:01.832+0000] {processor.py:830} INFO - Processing file /opt/airflow/dags/tmdb_pipeline_to_mart.py for tasks to queue
[2026-03-22T19:30:01.833+0000] {logging_mixin.py:188} INFO - [2026-03-22T19:30:01.832+0000] {dagbag.py:545} INFO - Filling up the DagBag from /opt/airflow/dags/tmdb_pipeline_to_mart.py
[2026-03-22T19:30:01.849+0000] {processor.py:840} INFO - DAG(s) 'tmdb_mart_pipeline' retrieved from /opt/airflow/dags/tmdb_pipeline_to_mart.py
[2026-03-22T19:30:01.886+0000] {logging_mixin.py:188} INFO - [2026-03-22T19:30:01.886+0000] {dag.py:3096} INFO - Sync 1 DAGs
[2026-03-22T19:30:01.900+0000] {logging_mixin.py:188} INFO - [2026-03-22T19:30:01.900+0000] {dag.py:3954} INFO - Setting next_dagrun for tmdb_mart_pipeline to None, run_after=None
[2026-03-22T19:30:01.914+0000] {processor.py:183} INFO - Processing /opt/airflow/dags/tmdb_pipeline_to_mart.py took 0.095 seconds
[2026-03-22T19:30:33.774+0000] {processor.py:161} INFO - Started process (PID=8308) to work on /opt/airflow/dags/tmdb_pipeline_to_mart.py
[2026-03-22T19:30:33.778+0000] {processor.py:830} INFO - Processing file /opt/airflow/dags/tmdb_pipeline_to_mart.py for tasks to queue
[2026-03-22T19:30:33.779+0000] {logging_mixin.py:188} INFO - [2026-03-22T19:30:33.779+0000] {dagbag.py:545} INFO - Filling up the DagBag from /opt/airflow/dags/tmdb_pipeline_to_mart.py
[2026-03-22T19:30:33.790+0000] {processor.py:840} INFO - DAG(s) 'tmdb_mart_pipeline' retrieved from /opt/airflow/dags/tmdb_pipeline_to_mart.py
[2026-03-22T19:30:33.813+0000] {logging_mixin.py:188} INFO - [2026-03-22T19:30:33.813+0000] {dag.py:3096} INFO - Sync 1 DAGs
[2026-03-22T19:30:33.821+0000] {logging_mixin.py:188} INFO - [2026-03-22T19:30:33.821+0000] {dag.py:3954} INFO - Setting next_dagrun for tmdb_mart_pipeline to None, run_after=None
[2026-03-22T19:30:33.836+0000] {processor.py:183} INFO - Processing /opt/airflow/dags/tmdb_pipeline_to_mart.py took 0.071 seconds
[2026-03-22T19:31:06.088+0000] {processor.py:161} INFO - Started process (PID=8328) to work on /opt/airflow/dags/tmdb_pipeline_to_mart.py
[2026-03-22T19:31:06.091+0000] {processor.py:830} INFO - Processing file /opt/airflow/dags/tmdb_pipeline_to_mart.py for tasks to queue
[2026-03-22T19:31:06.092+0000] {logging_mixin.py:188} INFO - [2026-03-22T19:31:06.092+0000] {dagbag.py:545} INFO - Filling up the DagBag from /opt/airflow/dags/tmdb_pipeline_to_mart.py
[2026-03-22T19:31:06.116+0000] {processor.py:840} INFO - DAG(s) 'tmdb_mart_pipeline' retrieved from /opt/airflow/dags/tmdb_pipeline_to_mart.py
[2026-03-22T19:31:06.144+0000] {logging_mixin.py:188} INFO - [2026-03-22T19:31:06.143+0000] {dag.py:3096} INFO - Sync 1 DAGs
[2026-03-22T19:31:06.164+0000] {logging_mixin.py:188} INFO - [2026-03-22T19:31:06.164+0000] {dag.py:3954} INFO - Setting next_dagrun for tmdb_mart_pipeline to None, run_after=None
[2026-03-22T19:31:06.178+0000] {processor.py:183} INFO - Processing /opt/airflow/dags/tmdb_pipeline_to_mart.py took 0.100 seconds
[2026-03-22T19:31:36.634+0000] {processor.py:161} INFO - Started process (PID=8348) to work on /opt/airflow/dags/tmdb_pipeline_to_mart.py
[2026-03-22T19:31:36.636+0000] {processor.py:830} INFO - Processing file /opt/airflow/dags/tmdb_pipeline_to_mart.py for tasks to queue
[2026-03-22T19:31:36.637+0000] {logging_mixin.py:188} INFO - [2026-03-22T19:31:36.636+0000] {dagbag.py:545} INFO - Filling up the DagBag from /opt/airflow/dags/tmdb_pipeline_to_mart.py
[2026-03-22T19:31:36.647+0000] {processor.py:840} INFO - DAG(s) 'tmdb_mart_pipeline' retrieved from /opt/airflow/dags/tmdb_pipeline_to_mart.py
[2026-03-22T19:31:36.665+0000] {logging_mixin.py:188} INFO - [2026-03-22T19:31:36.665+0000] {dag.py:3096} INFO - Sync 1 DAGs
[2026-03-22T19:31:36.675+0000] {logging_mixin.py:188} INFO - [2026-03-22T19:31:36.675+0000] {dag.py:3954} INFO - Setting next_dagrun for tmdb_mart_pipeline to None, run_after=None
[2026-03-22T19:31:36.697+0000] {processor.py:183} INFO - Processing /opt/airflow/dags/tmdb_pipeline_to_mart.py took 0.071 seconds
[2026-03-22T19:32:19.455+0000] {processor.py:161} INFO - Started process (PID=8367) to work on /opt/airflow/dags/tmdb_pipeline_to_mart.py
[2026-03-22T19:32:19.458+0000] {processor.py:830} INFO - Processing file /opt/airflow/dags/tmdb_pipeline_to_mart.py for tasks to queue
[2026-03-22T19:32:19.459+0000] {logging_mixin.py:188} INFO - [2026-03-22T19:32:19.459+0000] {dagbag.py:545} INFO - Filling up the DagBag from /opt/airflow/dags/tmdb_pipeline_to_mart.py
[2026-03-22T19:32:19.478+0000] {processor.py:840} INFO - DAG(s) 'tmdb_mart_pipeline' retrieved from /opt/airflow/dags/tmdb_pipeline_to_mart.py
[2026-03-22T19:32:19.514+0000] {logging_mixin.py:188} INFO - [2026-03-22T19:32:19.514+0000] {dag.py:3096} INFO - Sync 1 DAGs
[2026-03-22T19:32:19.527+0000] {logging_mixin.py:188} INFO - [2026-03-22T19:32:19.527+0000] {dag.py:3954} INFO - Setting next_dagrun for tmdb_mart_pipeline to None, run_after=None
[2026-03-22T19:32:19.549+0000] {processor.py:183} INFO - Processing /opt/airflow/dags/tmdb_pipeline_to_mart.py took 0.104 seconds
[2026-03-22T19:32:50.122+0000] {processor.py:161} INFO - Started process (PID=8388) to work on /opt/airflow/dags/tmdb_pipeline_to_mart.py
[2026-03-22T19:32:50.123+0000] {processor.py:830} INFO - Processing file /opt/airflow/dags/tmdb_pipeline_to_mart.py for tasks to queue
[2026-03-22T19:32:50.124+0000] {logging_mixin.py:188} INFO - [2026-03-22T19:32:50.124+0000] {dagbag.py:545} INFO - Filling up the DagBag from /opt/airflow/dags/tmdb_pipeline_to_mart.py
[2026-03-22T19:32:50.136+0000] {processor.py:840} INFO - DAG(s) 'tmdb_mart_pipeline' retrieved from /opt/airflow/dags/tmdb_pipeline_to_mart.py
[2026-03-22T19:32:50.157+0000] {logging_mixin.py:188} INFO - [2026-03-22T19:32:50.157+0000] {dag.py:3096} INFO - Sync 1 DAGs
[2026-03-22T19:32:50.163+0000] {logging_mixin.py:188} INFO - [2026-03-22T19:32:50.163+0000] {dag.py:3954} INFO - Setting next_dagrun for tmdb_mart_pipeline to None, run_after=None
[2026-03-22T19:32:50.173+0000] {processor.py:183} INFO - Processing /opt/airflow/dags/tmdb_pipeline_to_mart.py took 0.055 seconds
[2026-03-22T19:33:23.851+0000] {processor.py:161} INFO - Started process (PID=8407) to work on /opt/airflow/dags/tmdb_pipeline_to_mart.py
[2026-03-22T19:33:23.855+0000] {processor.py:830} INFO - Processing file /opt/airflow/dags/tmdb_pipeline_to_mart.py for tasks to queue
[2026-03-22T19:33:23.856+0000] {logging_mixin.py:188} INFO - [2026-03-22T19:33:23.856+0000] {dagbag.py:545} INFO - Filling up the DagBag from /opt/airflow/dags/tmdb_pipeline_to_mart.py
[2026-03-22T19:33:23.878+0000] {processor.py:840} INFO - DAG(s) 'tmdb_mart_pipeline' retrieved from /opt/airflow/dags/tmdb_pipeline_to_mart.py
[2026-03-22T19:33:23.917+0000] {logging_mixin.py:188} INFO - [2026-03-22T19:33:23.917+0000] {dag.py:3096} INFO - Sync 1 DAGs
[2026-03-22T19:33:23.938+0000] {logging_mixin.py:188} INFO - [2026-03-22T19:33:23.938+0000] {dag.py:3954} INFO - Setting next_dagrun for tmdb_mart_pipeline to None, run_after=None
[2026-03-22T19:33:23.954+0000] {processor.py:183} INFO - Processing /opt/airflow/dags/tmdb_pipeline_to_mart.py took 0.117 seconds
[2026-03-22T19:33:54.038+0000] {processor.py:161} INFO - Started process (PID=8427) to work on /opt/airflow/dags/tmdb_pipeline_to_mart.py
[2026-03-22T19:33:54.040+0000] {processor.py:830} INFO - Processing file /opt/airflow/dags/tmdb_pipeline_to_mart.py for tasks to queue
[2026-03-22T19:33:54.042+0000] {logging_mixin.py:188} INFO - [2026-03-22T19:33:54.042+0000] {dagbag.py:545} INFO - Filling up the DagBag from /opt/airflow/dags/tmdb_pipeline_to_mart.py
[2026-03-22T19:33:54.063+0000] {processor.py:840} INFO - DAG(s) 'tmdb_mart_pipeline' retrieved from /opt/airflow/dags/tmdb_pipeline_to_mart.py
[2026-03-22T19:33:54.103+0000] {logging_mixin.py:188} INFO - [2026-03-22T19:33:54.102+0000] {dag.py:3096} INFO - Sync 1 DAGs
[2026-03-22T19:33:54.121+0000] {logging_mixin.py:188} INFO - [2026-03-22T19:33:54.121+0000] {dag.py:3954} INFO - Setting next_dagrun for tmdb_mart_pipeline to None, run_after=None
[2026-03-22T19:33:54.145+0000] {processor.py:183} INFO - Processing /opt/airflow/dags/tmdb_pipeline_to_mart.py took 0.115 seconds
[2026-03-22T19:34:24.789+0000] {processor.py:161} INFO - Started process (PID=8448) to work on /opt/airflow/dags/tmdb_pipeline_to_mart.py
[2026-03-22T19:34:24.792+0000] {processor.py:830} INFO - Processing file /opt/airflow/dags/tmdb_pipeline_to_mart.py for tasks to queue
[2026-03-22T19:34:24.793+0000] {logging_mixin.py:188} INFO - [2026-03-22T19:34:24.793+0000] {dagbag.py:545} INFO - Filling up the DagBag from /opt/airflow/dags/tmdb_pipeline_to_mart.py
[2026-03-22T19:34:24.817+0000] {processor.py:840} INFO - DAG(s) 'tmdb_mart_pipeline' retrieved from /opt/airflow/dags/tmdb_pipeline_to_mart.py
[2026-03-22T19:34:24.867+0000] {logging_mixin.py:188} INFO - [2026-03-22T19:34:24.867+0000] {dag.py:3096} INFO - Sync 1 DAGs
[2026-03-22T19:34:24.881+0000] {logging_mixin.py:188} INFO - [2026-03-22T19:34:24.881+0000] {dag.py:3954} INFO - Setting next_dagrun for tmdb_mart_pipeline to None, run_after=None
[2026-03-22T19:34:24.904+0000] {processor.py:183} INFO - Processing /opt/airflow/dags/tmdb_pipeline_to_mart.py took 0.124 seconds
[2026-03-22T19:34:55.333+0000] {processor.py:161} INFO - Started process (PID=8466) to work on /opt/airflow/dags/tmdb_pipeline_to_mart.py
[2026-03-22T19:34:55.338+0000] {processor.py:830} INFO - Processing file /opt/airflow/dags/tmdb_pipeline_to_mart.py for tasks to queue
[2026-03-22T19:34:55.341+0000] {logging_mixin.py:188} INFO - [2026-03-22T19:34:55.340+0000] {dagbag.py:545} INFO - Filling up the DagBag from /opt/airflow/dags/tmdb_pipeline_to_mart.py
[2026-03-22T19:34:55.365+0000] {processor.py:840} INFO - DAG(s) 'tmdb_mart_pipeline' retrieved from /opt/airflow/dags/tmdb_pipeline_to_mart.py
[2026-03-22T19:34:55.431+0000] {logging_mixin.py:188} INFO - [2026-03-22T19:34:55.430+0000] {dag.py:3096} INFO - Sync 1 DAGs
[2026-03-22T19:34:55.449+0000] {logging_mixin.py:188} INFO - [2026-03-22T19:34:55.449+0000] {dag.py:3954} INFO - Setting next_dagrun for tmdb_mart_pipeline to None, run_after=None
[2026-03-22T19:34:55.466+0000] {processor.py:183} INFO - Processing /opt/airflow/dags/tmdb_pipeline_to_mart.py took 0.149 seconds
[2026-03-22T19:35:25.893+0000] {processor.py:161} INFO - Started process (PID=8487) to work on /opt/airflow/dags/tmdb_pipeline_to_mart.py
[2026-03-22T19:35:25.899+0000] {processor.py:830} INFO - Processing file /opt/airflow/dags/tmdb_pipeline_to_mart.py for tasks to queue
[2026-03-22T19:35:25.901+0000] {logging_mixin.py:188} INFO - [2026-03-22T19:35:25.900+0000] {dagbag.py:545} INFO - Filling up the DagBag from /opt/airflow/dags/tmdb_pipeline_to_mart.py
[2026-03-22T19:35:25.932+0000] {processor.py:840} INFO - DAG(s) 'tmdb_mart_pipeline' retrieved from /opt/airflow/dags/tmdb_pipeline_to_mart.py
[2026-03-22T19:35:26.012+0000] {logging_mixin.py:188} INFO - [2026-03-22T19:35:26.012+0000] {dag.py:3096} INFO - Sync 1 DAGs
[2026-03-22T19:35:26.039+0000] {logging_mixin.py:188} INFO - [2026-03-22T19:35:26.038+0000] {dag.py:3954} INFO - Setting next_dagrun for tmdb_mart_pipeline to None, run_after=None
[2026-03-22T19:35:26.059+0000] {processor.py:183} INFO - Processing /opt/airflow/dags/tmdb_pipeline_to_mart.py took 0.178 seconds
[2026-03-22T19:35:56.510+0000] {processor.py:161} INFO - Started process (PID=8506) to work on /opt/airflow/dags/tmdb_pipeline_to_mart.py
[2026-03-22T19:35:56.514+0000] {processor.py:830} INFO - Processing file /opt/airflow/dags/tmdb_pipeline_to_mart.py for tasks to queue
[2026-03-22T19:35:56.515+0000] {logging_mixin.py:188} INFO - [2026-03-22T19:35:56.514+0000] {dagbag.py:545} INFO - Filling up the DagBag from /opt/airflow/dags/tmdb_pipeline_to_mart.py
[2026-03-22T19:35:56.539+0000] {processor.py:840} INFO - DAG(s) 'tmdb_mart_pipeline' retrieved from /opt/airflow/dags/tmdb_pipeline_to_mart.py
[2026-03-22T19:35:56.578+0000] {logging_mixin.py:188} INFO - [2026-03-22T19:35:56.578+0000] {dag.py:3096} INFO - Sync 1 DAGs
[2026-03-22T19:35:56.609+0000] {logging_mixin.py:188} INFO - [2026-03-22T19:35:56.608+0000] {dag.py:3954} INFO - Setting next_dagrun for tmdb_mart_pipeline to None, run_after=None
[2026-03-22T19:35:56.630+0000] {processor.py:183} INFO - Processing /opt/airflow/dags/tmdb_pipeline_to_mart.py took 0.132 seconds
[2026-03-22T19:36:27.104+0000] {processor.py:161} INFO - Started process (PID=8527) to work on /opt/airflow/dags/tmdb_pipeline_to_mart.py
[2026-03-22T19:36:27.107+0000] {processor.py:830} INFO - Processing file /opt/airflow/dags/tmdb_pipeline_to_mart.py for tasks to queue
[2026-03-22T19:36:27.108+0000] {logging_mixin.py:188} INFO - [2026-03-22T19:36:27.108+0000] {dagbag.py:545} INFO - Filling up the DagBag from /opt/airflow/dags/tmdb_pipeline_to_mart.py
[2026-03-22T19:36:27.129+0000] {processor.py:840} INFO - DAG(s) 'tmdb_mart_pipeline' retrieved from /opt/airflow/dags/tmdb_pipeline_to_mart.py
[2026-03-22T19:36:27.154+0000] {logging_mixin.py:188} INFO - [2026-03-22T19:36:27.154+0000] {dag.py:3096} INFO - Sync 1 DAGs
[2026-03-22T19:36:27.166+0000] {logging_mixin.py:188} INFO - [2026-03-22T19:36:27.166+0000] {dag.py:3954} INFO - Setting next_dagrun for tmdb_mart_pipeline to None, run_after=None
[2026-03-22T19:36:27.181+0000] {processor.py:183} INFO - Processing /opt/airflow/dags/tmdb_pipeline_to_mart.py took 0.095 seconds
[2026-03-22T19:36:57.638+0000] {processor.py:161} INFO - Started process (PID=8548) to work on /opt/airflow/dags/tmdb_pipeline_to_mart.py
[2026-03-22T19:36:57.643+0000] {processor.py:830} INFO - Processing file /opt/airflow/dags/tmdb_pipeline_to_mart.py for tasks to queue
[2026-03-22T19:36:57.645+0000] {logging_mixin.py:188} INFO - [2026-03-22T19:36:57.644+0000] {dagbag.py:545} INFO - Filling up the DagBag from /opt/airflow/dags/tmdb_pipeline_to_mart.py
[2026-03-22T19:36:57.669+0000] {processor.py:840} INFO - DAG(s) 'tmdb_mart_pipeline' retrieved from /opt/airflow/dags/tmdb_pipeline_to_mart.py
[2026-03-22T19:36:57.708+0000] {logging_mixin.py:188} INFO - [2026-03-22T19:36:57.708+0000] {dag.py:3096} INFO - Sync 1 DAGs
[2026-03-22T19:36:57.719+0000] {logging_mixin.py:188} INFO - [2026-03-22T19:36:57.719+0000] {dag.py:3954} INFO - Setting next_dagrun for tmdb_mart_pipeline to None, run_after=None
[2026-03-22T19:36:57.735+0000] {processor.py:183} INFO - Processing /opt/airflow/dags/tmdb_pipeline_to_mart.py took 0.121 seconds
[2026-03-22T19:37:28.205+0000] {processor.py:161} INFO - Started process (PID=8567) to work on /opt/airflow/dags/tmdb_pipeline_to_mart.py
[2026-03-22T19:37:28.207+0000] {processor.py:830} INFO - Processing file /opt/airflow/dags/tmdb_pipeline_to_mart.py for tasks to queue
[2026-03-22T19:37:28.208+0000] {logging_mixin.py:188} INFO - [2026-03-22T19:37:28.207+0000] {dagbag.py:545} INFO - Filling up the DagBag from /opt/airflow/dags/tmdb_pipeline_to_mart.py
[2026-03-22T19:37:28.244+0000] {processor.py:840} INFO - DAG(s) 'tmdb_mart_pipeline' retrieved from /opt/airflow/dags/tmdb_pipeline_to_mart.py
[2026-03-22T19:37:28.272+0000] {logging_mixin.py:188} INFO - [2026-03-22T19:37:28.272+0000] {dag.py:3096} INFO - Sync 1 DAGs
[2026-03-22T19:37:28.282+0000] {logging_mixin.py:188} INFO - [2026-03-22T19:37:28.282+0000] {dag.py:3954} INFO - Setting next_dagrun for tmdb_mart_pipeline to None, run_after=None
[2026-03-22T19:37:28.300+0000] {processor.py:183} INFO - Processing /opt/airflow/dags/tmdb_pipeline_to_mart.py took 0.102 seconds
[2026-03-22T19:37:58.681+0000] {processor.py:161} INFO - Started process (PID=8588) to work on /opt/airflow/dags/tmdb_pipeline_to_mart.py
[2026-03-22T19:37:58.683+0000] {processor.py:830} INFO - Processing file /opt/airflow/dags/tmdb_pipeline_to_mart.py for tasks to queue
[2026-03-22T19:37:58.684+0000] {logging_mixin.py:188} INFO - [2026-03-22T19:37:58.684+0000] {dagbag.py:545} INFO - Filling up the DagBag from /opt/airflow/dags/tmdb_pipeline_to_mart.py
[2026-03-22T19:37:58.695+0000] {processor.py:840} INFO - DAG(s) 'tmdb_mart_pipeline' retrieved from /opt/airflow/dags/tmdb_pipeline_to_mart.py
[2026-03-22T19:37:58.716+0000] {logging_mixin.py:188} INFO - [2026-03-22T19:37:58.716+0000] {dag.py:3096} INFO - Sync 1 DAGs
[2026-03-22T19:37:58.724+0000] {logging_mixin.py:188} INFO - [2026-03-22T19:37:58.724+0000] {dag.py:3954} INFO - Setting next_dagrun for tmdb_mart_pipeline to None, run_after=None
[2026-03-22T19:37:58.736+0000] {processor.py:183} INFO - Processing /opt/airflow/dags/tmdb_pipeline_to_mart.py took 0.061 seconds
[2026-03-22T19:38:29.241+0000] {processor.py:161} INFO - Started process (PID=8606) to work on /opt/airflow/dags/tmdb_pipeline_to_mart.py
[2026-03-22T19:38:29.246+0000] {processor.py:830} INFO - Processing file /opt/airflow/dags/tmdb_pipeline_to_mart.py for tasks to queue
[2026-03-22T19:38:29.250+0000] {logging_mixin.py:188} INFO - [2026-03-22T19:38:29.249+0000] {dagbag.py:545} INFO - Filling up the DagBag from /opt/airflow/dags/tmdb_pipeline_to_mart.py
[2026-03-22T19:38:29.301+0000] {processor.py:840} INFO - DAG(s) 'tmdb_mart_pipeline' retrieved from /opt/airflow/dags/tmdb_pipeline_to_mart.py
[2026-03-22T19:38:29.374+0000] {logging_mixin.py:188} INFO - [2026-03-22T19:38:29.374+0000] {dag.py:3096} INFO - Sync 1 DAGs
[2026-03-22T19:38:29.397+0000] {logging_mixin.py:188} INFO - [2026-03-22T19:38:29.396+0000] {dag.py:3954} INFO - Setting next_dagrun for tmdb_mart_pipeline to None, run_after=None
[2026-03-22T19:38:29.413+0000] {processor.py:183} INFO - Processing /opt/airflow/dags/tmdb_pipeline_to_mart.py took 0.200 seconds
[2026-03-22T19:38:59.813+0000] {processor.py:161} INFO - Started process (PID=8627) to work on /opt/airflow/dags/tmdb_pipeline_to_mart.py
[2026-03-22T19:38:59.817+0000] {processor.py:830} INFO - Processing file /opt/airflow/dags/tmdb_pipeline_to_mart.py for tasks to queue
[2026-03-22T19:38:59.819+0000] {logging_mixin.py:188} INFO - [2026-03-22T19:38:59.819+0000] {dagbag.py:545} INFO - Filling up the DagBag from /opt/airflow/dags/tmdb_pipeline_to_mart.py
[2026-03-22T19:38:59.834+0000] {processor.py:840} INFO - DAG(s) 'tmdb_mart_pipeline' retrieved from /opt/airflow/dags/tmdb_pipeline_to_mart.py
[2026-03-22T19:38:59.864+0000] {logging_mixin.py:188} INFO - [2026-03-22T19:38:59.864+0000] {dag.py:3096} INFO - Sync 1 DAGs
[2026-03-22T19:38:59.874+0000] {logging_mixin.py:188} INFO - [2026-03-22T19:38:59.874+0000] {dag.py:3954} INFO - Setting next_dagrun for tmdb_mart_pipeline to None, run_after=None
[2026-03-22T19:38:59.887+0000] {processor.py:183} INFO - Processing /opt/airflow/dags/tmdb_pipeline_to_mart.py took 0.083 seconds
[2026-03-22T19:39:30.315+0000] {processor.py:161} INFO - Started process (PID=8648) to work on /opt/airflow/dags/tmdb_pipeline_to_mart.py
[2026-03-22T19:39:30.318+0000] {processor.py:830} INFO - Processing file /opt/airflow/dags/tmdb_pipeline_to_mart.py for tasks to queue
[2026-03-22T19:39:30.320+0000] {logging_mixin.py:188} INFO - [2026-03-22T19:39:30.320+0000] {dagbag.py:545} INFO - Filling up the DagBag from /opt/airflow/dags/tmdb_pipeline_to_mart.py
[2026-03-22T19:39:30.336+0000] {processor.py:840} INFO - DAG(s) 'tmdb_mart_pipeline' retrieved from /opt/airflow/dags/tmdb_pipeline_to_mart.py
[2026-03-22T19:39:30.373+0000] {logging_mixin.py:188} INFO - [2026-03-22T19:39:30.373+0000] {dag.py:3096} INFO - Sync 1 DAGs
[2026-03-22T19:39:30.384+0000] {logging_mixin.py:188} INFO - [2026-03-22T19:39:30.384+0000] {dag.py:3954} INFO - Setting next_dagrun for tmdb_mart_pipeline to None, run_after=None
[2026-03-22T19:39:30.403+0000] {processor.py:183} INFO - Processing /opt/airflow/dags/tmdb_pipeline_to_mart.py took 0.102 seconds
[2026-03-22T19:40:00.799+0000] {processor.py:161} INFO - Started process (PID=8667) to work on /opt/airflow/dags/tmdb_pipeline_to_mart.py
[2026-03-22T19:40:00.802+0000] {processor.py:830} INFO - Processing file /opt/airflow/dags/tmdb_pipeline_to_mart.py for tasks to queue
[2026-03-22T19:40:00.804+0000] {logging_mixin.py:188} INFO - [2026-03-22T19:40:00.804+0000] {dagbag.py:545} INFO - Filling up the DagBag from /opt/airflow/dags/tmdb_pipeline_to_mart.py
[2026-03-22T19:40:00.823+0000] {processor.py:840} INFO - DAG(s) 'tmdb_mart_pipeline' retrieved from /opt/airflow/dags/tmdb_pipeline_to_mart.py
[2026-03-22T19:40:00.873+0000] {logging_mixin.py:188} INFO - [2026-03-22T19:40:00.873+0000] {dag.py:3096} INFO - Sync 1 DAGs
[2026-03-22T19:40:00.907+0000] {logging_mixin.py:188} INFO - [2026-03-22T19:40:00.907+0000] {dag.py:3954} INFO - Setting next_dagrun for tmdb_mart_pipeline to None, run_after=None
[2026-03-22T19:40:00.922+0000] {processor.py:183} INFO - Processing /opt/airflow/dags/tmdb_pipeline_to_mart.py took 0.135 seconds
[2026-03-22T19:40:31.365+0000] {processor.py:161} INFO - Started process (PID=8687) to work on /opt/airflow/dags/tmdb_pipeline_to_mart.py
[2026-03-22T19:40:31.368+0000] {processor.py:830} INFO - Processing file /opt/airflow/dags/tmdb_pipeline_to_mart.py for tasks to queue
[2026-03-22T19:40:31.369+0000] {logging_mixin.py:188} INFO - [2026-03-22T19:40:31.369+0000] {dagbag.py:545} INFO - Filling up the DagBag from /opt/airflow/dags/tmdb_pipeline_to_mart.py
[2026-03-22T19:40:31.389+0000] {processor.py:840} INFO - DAG(s) 'tmdb_mart_pipeline' retrieved from /opt/airflow/dags/tmdb_pipeline_to_mart.py
[2026-03-22T19:40:31.418+0000] {logging_mixin.py:188} INFO - [2026-03-22T19:40:31.417+0000] {dag.py:3096} INFO - Sync 1 DAGs
[2026-03-22T19:40:31.431+0000] {logging_mixin.py:188} INFO - [2026-03-22T19:40:31.430+0000] {dag.py:3954} INFO - Setting next_dagrun for tmdb_mart_pipeline to None, run_after=None
[2026-03-22T19:40:31.448+0000] {processor.py:183} INFO - Processing /opt/airflow/dags/tmdb_pipeline_to_mart.py took 0.092 seconds
[2026-03-22T19:41:01.886+0000] {processor.py:161} INFO - Started process (PID=8707) to work on /opt/airflow/dags/tmdb_pipeline_to_mart.py
[2026-03-22T19:41:01.890+0000] {processor.py:830} INFO - Processing file /opt/airflow/dags/tmdb_pipeline_to_mart.py for tasks to queue
[2026-03-22T19:41:01.892+0000] {logging_mixin.py:188} INFO - [2026-03-22T19:41:01.891+0000] {dagbag.py:545} INFO - Filling up the DagBag from /opt/airflow/dags/tmdb_pipeline_to_mart.py
[2026-03-22T19:41:01.906+0000] {processor.py:840} INFO - DAG(s) 'tmdb_mart_pipeline' retrieved from /opt/airflow/dags/tmdb_pipeline_to_mart.py
[2026-03-22T19:41:01.936+0000] {logging_mixin.py:188} INFO - [2026-03-22T19:41:01.936+0000] {dag.py:3096} INFO - Sync 1 DAGs
[2026-03-22T19:41:01.945+0000] {logging_mixin.py:188} INFO - [2026-03-22T19:41:01.945+0000] {dag.py:3954} INFO - Setting next_dagrun for tmdb_mart_pipeline to None, run_after=None
[2026-03-22T19:41:01.969+0000] {processor.py:183} INFO - Processing /opt/airflow/dags/tmdb_pipeline_to_mart.py took 0.091 seconds
[2026-03-22T19:41:32.345+0000] {processor.py:161} INFO - Started process (PID=8728) to work on /opt/airflow/dags/tmdb_pipeline_to_mart.py
[2026-03-22T19:41:32.348+0000] {processor.py:830} INFO - Processing file /opt/airflow/dags/tmdb_pipeline_to_mart.py for tasks to queue
[2026-03-22T19:41:32.349+0000] {logging_mixin.py:188} INFO - [2026-03-22T19:41:32.349+0000] {dagbag.py:545} INFO - Filling up the DagBag from /opt/airflow/dags/tmdb_pipeline_to_mart.py
[2026-03-22T19:41:32.366+0000] {processor.py:840} INFO - DAG(s) 'tmdb_mart_pipeline' retrieved from /opt/airflow/dags/tmdb_pipeline_to_mart.py
[2026-03-22T19:41:32.405+0000] {logging_mixin.py:188} INFO - [2026-03-22T19:41:32.405+0000] {dag.py:3096} INFO - Sync 1 DAGs
[2026-03-22T19:41:32.416+0000] {logging_mixin.py:188} INFO - [2026-03-22T19:41:32.416+0000] {dag.py:3954} INFO - Setting next_dagrun for tmdb_mart_pipeline to None, run_after=None
[2026-03-22T19:41:32.433+0000] {processor.py:183} INFO - Processing /opt/airflow/dags/tmdb_pipeline_to_mart.py took 0.108 seconds
[2026-03-22T19:42:02.871+0000] {processor.py:161} INFO - Started process (PID=8746) to work on /opt/airflow/dags/tmdb_pipeline_to_mart.py
[2026-03-22T19:42:02.873+0000] {processor.py:830} INFO - Processing file /opt/airflow/dags/tmdb_pipeline_to_mart.py for tasks to queue
[2026-03-22T19:42:02.874+0000] {logging_mixin.py:188} INFO - [2026-03-22T19:42:02.874+0000] {dagbag.py:545} INFO - Filling up the DagBag from /opt/airflow/dags/tmdb_pipeline_to_mart.py
[2026-03-22T19:42:02.895+0000] {processor.py:840} INFO - DAG(s) 'tmdb_mart_pipeline' retrieved from /opt/airflow/dags/tmdb_pipeline_to_mart.py
[2026-03-22T19:42:02.923+0000] {logging_mixin.py:188} INFO - [2026-03-22T19:42:02.923+0000] {dag.py:3096} INFO - Sync 1 DAGs
[2026-03-22T19:42:02.939+0000] {logging_mixin.py:188} INFO - [2026-03-22T19:42:02.939+0000] {dag.py:3954} INFO - Setting next_dagrun for tmdb_mart_pipeline to None, run_after=None
[2026-03-22T19:42:02.956+0000] {processor.py:183} INFO - Processing /opt/airflow/dags/tmdb_pipeline_to_mart.py took 0.098 seconds
[2026-03-22T20:32:57.523+0000] {processor.py:161} INFO - Started process (PID=8768) to work on /opt/airflow/dags/tmdb_pipeline_to_mart.py
[2026-03-22T20:32:57.527+0000] {processor.py:830} INFO - Processing file /opt/airflow/dags/tmdb_pipeline_to_mart.py for tasks to queue
[2026-03-22T20:32:57.528+0000] {logging_mixin.py:188} INFO - [2026-03-22T20:32:57.528+0000] {dagbag.py:545} INFO - Filling up the DagBag from /opt/airflow/dags/tmdb_pipeline_to_mart.py
[2026-03-22T20:32:57.556+0000] {processor.py:840} INFO - DAG(s) 'tmdb_mart_pipeline' retrieved from /opt/airflow/dags/tmdb_pipeline_to_mart.py
[2026-03-22T20:32:57.582+0000] {logging_mixin.py:188} INFO - [2026-03-22T20:32:57.582+0000] {dag.py:3096} INFO - Sync 1 DAGs
[2026-03-22T20:32:57.592+0000] {logging_mixin.py:188} INFO - [2026-03-22T20:32:57.592+0000] {dag.py:3954} INFO - Setting next_dagrun for tmdb_mart_pipeline to None, run_after=None
[2026-03-22T20:32:57.605+0000] {processor.py:183} INFO - Processing /opt/airflow/dags/tmdb_pipeline_to_mart.py took 0.088 seconds
[2026-03-22T21:40:20.690+0000] {processor.py:161} INFO - Started process (PID=8788) to work on /opt/airflow/dags/tmdb_pipeline_to_mart.py
[2026-03-22T21:40:20.692+0000] {processor.py:830} INFO - Processing file /opt/airflow/dags/tmdb_pipeline_to_mart.py for tasks to queue
[2026-03-22T21:40:20.694+0000] {logging_mixin.py:188} INFO - [2026-03-22T21:40:20.694+0000] {dagbag.py:545} INFO - Filling up the DagBag from /opt/airflow/dags/tmdb_pipeline_to_mart.py
[2026-03-22T21:40:20.721+0000] {processor.py:840} INFO - DAG(s) 'tmdb_mart_pipeline' retrieved from /opt/airflow/dags/tmdb_pipeline_to_mart.py
[2026-03-22T21:40:20.748+0000] {logging_mixin.py:188} INFO - [2026-03-22T21:40:20.748+0000] {dag.py:3096} INFO - Sync 1 DAGs
[2026-03-22T21:40:20.760+0000] {logging_mixin.py:188} INFO - [2026-03-22T21:40:20.760+0000] {dag.py:3954} INFO - Setting next_dagrun for tmdb_mart_pipeline to None, run_after=None
[2026-03-22T21:40:20.779+0000] {processor.py:183} INFO - Processing /opt/airflow/dags/tmdb_pipeline_to_mart.py took 0.094 seconds
[2026-03-22T22:16:22.776+0000] {processor.py:161} INFO - Started process (PID=8807) to work on /opt/airflow/dags/tmdb_pipeline_to_mart.py
[2026-03-22T22:16:22.778+0000] {processor.py:830} INFO - Processing file /opt/airflow/dags/tmdb_pipeline_to_mart.py for tasks to queue
[2026-03-22T22:16:22.779+0000] {logging_mixin.py:188} INFO - [2026-03-22T22:16:22.779+0000] {dagbag.py:545} INFO - Filling up the DagBag from /opt/airflow/dags/tmdb_pipeline_to_mart.py
[2026-03-22T22:16:22.800+0000] {processor.py:840} INFO - DAG(s) 'tmdb_mart_pipeline' retrieved from /opt/airflow/dags/tmdb_pipeline_to_mart.py
[2026-03-22T22:16:22.829+0000] {logging_mixin.py:188} INFO - [2026-03-22T22:16:22.828+0000] {dag.py:3096} INFO - Sync 1 DAGs
[2026-03-22T22:16:22.840+0000] {logging_mixin.py:188} INFO - [2026-03-22T22:16:22.840+0000] {dag.py:3954} INFO - Setting next_dagrun for tmdb_mart_pipeline to None, run_after=None
[2026-03-22T22:16:22.852+0000] {processor.py:183} INFO - Processing /opt/airflow/dags/tmdb_pipeline_to_mart.py took 0.103 seconds
[2026-03-22T23:21:33.322+0000] {processor.py:161} INFO - Started process (PID=8826) to work on /opt/airflow/dags/tmdb_pipeline_to_mart.py
[2026-03-22T23:21:33.325+0000] {processor.py:830} INFO - Processing file /opt/airflow/dags/tmdb_pipeline_to_mart.py for tasks to queue
[2026-03-22T23:21:33.328+0000] {logging_mixin.py:188} INFO - [2026-03-22T23:21:33.327+0000] {dagbag.py:545} INFO - Filling up the DagBag from /opt/airflow/dags/tmdb_pipeline_to_mart.py
[2026-03-22T23:21:33.350+0000] {processor.py:840} INFO - DAG(s) 'tmdb_mart_pipeline' retrieved from /opt/airflow/dags/tmdb_pipeline_to_mart.py
[2026-03-22T23:21:33.399+0000] {logging_mixin.py:188} INFO - [2026-03-22T23:21:33.399+0000] {dag.py:3096} INFO - Sync 1 DAGs
[2026-03-22T23:21:33.418+0000] {logging_mixin.py:188} INFO - [2026-03-22T23:21:33.418+0000] {dag.py:3954} INFO - Setting next_dagrun for tmdb_mart_pipeline to None, run_after=None
[2026-03-22T23:21:33.437+0000] {processor.py:183} INFO - Processing /opt/airflow/dags/tmdb_pipeline_to_mart.py took 0.129 seconds
[2026-03-22T23:54:29.722+0000] {processor.py:161} INFO - Started process (PID=8848) to work on /opt/airflow/dags/tmdb_pipeline_to_mart.py
[2026-03-22T23:54:29.724+0000] {processor.py:830} INFO - Processing file /opt/airflow/dags/tmdb_pipeline_to_mart.py for tasks to queue
[2026-03-22T23:54:29.724+0000] {logging_mixin.py:188} INFO - [2026-03-22T23:54:29.724+0000] {dagbag.py:545} INFO - Filling up the DagBag from /opt/airflow/dags/tmdb_pipeline_to_mart.py
[2026-03-22T23:54:29.739+0000] {processor.py:840} INFO - DAG(s) 'tmdb_mart_pipeline' retrieved from /opt/airflow/dags/tmdb_pipeline_to_mart.py
[2026-03-22T23:54:29.772+0000] {logging_mixin.py:188} INFO - [2026-03-22T23:54:29.771+0000] {dag.py:3096} INFO - Sync 1 DAGs
[2026-03-22T23:54:29.783+0000] {logging_mixin.py:188} INFO - [2026-03-22T23:54:29.783+0000] {dag.py:3954} INFO - Setting next_dagrun for tmdb_mart_pipeline to None, run_after=None
[2026-03-22T23:54:29.794+0000] {processor.py:183} INFO - Processing /opt/airflow/dags/tmdb_pipeline_to_mart.py took 0.078 seconds
