[2026-03-28T00:05:00.110+0000] {processor.py:161} INFO - Started process (PID=42007) to work on /opt/airflow/dags/tmdb_daily_dag.py
[2026-03-28T00:05:00.111+0000] {processor.py:830} INFO - Processing file /opt/airflow/dags/tmdb_daily_dag.py for tasks to queue
[2026-03-28T00:05:00.111+0000] {logging_mixin.py:188} INFO - [2026-03-28T00:05:00.111+0000] {dagbag.py:545} INFO - Filling up the DagBag from /opt/airflow/dags/tmdb_daily_dag.py
[2026-03-28T00:05:00.121+0000] {processor.py:840} INFO - DAG(s) 'tmdb_raw_pipeline' retrieved from /opt/airflow/dags/tmdb_daily_dag.py
[2026-03-28T00:05:00.134+0000] {logging_mixin.py:188} INFO - [2026-03-28T00:05:00.134+0000] {dag.py:3096} INFO - Sync 1 DAGs
[2026-03-28T00:05:00.154+0000] {processor.py:183} INFO - Processing /opt/airflow/dags/tmdb_daily_dag.py took 0.048 seconds
[2026-03-28T00:16:55.597+0000] {processor.py:161} INFO - Started process (PID=42028) to work on /opt/airflow/dags/tmdb_daily_dag.py
[2026-03-28T00:16:55.598+0000] {processor.py:830} INFO - Processing file /opt/airflow/dags/tmdb_daily_dag.py for tasks to queue
[2026-03-28T00:16:55.598+0000] {logging_mixin.py:188} INFO - [2026-03-28T00:16:55.598+0000] {dagbag.py:545} INFO - Filling up the DagBag from /opt/airflow/dags/tmdb_daily_dag.py
[2026-03-28T00:16:55.604+0000] {processor.py:840} INFO - DAG(s) 'tmdb_raw_pipeline' retrieved from /opt/airflow/dags/tmdb_daily_dag.py
[2026-03-28T00:16:55.616+0000] {logging_mixin.py:188} INFO - [2026-03-28T00:16:55.616+0000] {dag.py:3096} INFO - Sync 1 DAGs
[2026-03-28T00:16:55.626+0000] {logging_mixin.py:188} INFO - [2026-03-28T00:16:55.626+0000] {dag.py:3954} INFO - Setting next_dagrun for tmdb_raw_pipeline to 2026-03-28 00:00:00+00:00, run_after=2026-03-29 00:00:00+00:00
[2026-03-28T00:16:55.632+0000] {processor.py:183} INFO - Processing /opt/airflow/dags/tmdb_daily_dag.py took 0.039 seconds
[2026-03-28T00:17:26.080+0000] {processor.py:161} INFO - Started process (PID=42048) to work on /opt/airflow/dags/tmdb_daily_dag.py
[2026-03-28T00:17:26.080+0000] {processor.py:830} INFO - Processing file /opt/airflow/dags/tmdb_daily_dag.py for tasks to queue
[2026-03-28T00:17:26.080+0000] {logging_mixin.py:188} INFO - [2026-03-28T00:17:26.080+0000] {dagbag.py:545} INFO - Filling up the DagBag from /opt/airflow/dags/tmdb_daily_dag.py
[2026-03-28T00:17:26.085+0000] {processor.py:840} INFO - DAG(s) 'tmdb_raw_pipeline' retrieved from /opt/airflow/dags/tmdb_daily_dag.py
[2026-03-28T00:17:26.095+0000] {logging_mixin.py:188} INFO - [2026-03-28T00:17:26.095+0000] {dag.py:3096} INFO - Sync 1 DAGs
[2026-03-28T00:17:26.102+0000] {logging_mixin.py:188} INFO - [2026-03-28T00:17:26.102+0000] {dag.py:3954} INFO - Setting next_dagrun for tmdb_raw_pipeline to 2026-03-28 00:00:00+00:00, run_after=2026-03-29 00:00:00+00:00
[2026-03-28T00:17:26.108+0000] {processor.py:183} INFO - Processing /opt/airflow/dags/tmdb_daily_dag.py took 0.031 seconds
[2026-03-28T00:35:36.201+0000] {processor.py:161} INFO - Started process (PID=42068) to work on /opt/airflow/dags/tmdb_daily_dag.py
[2026-03-28T00:35:36.202+0000] {processor.py:830} INFO - Processing file /opt/airflow/dags/tmdb_daily_dag.py for tasks to queue
[2026-03-28T00:35:36.202+0000] {logging_mixin.py:188} INFO - [2026-03-28T00:35:36.202+0000] {dagbag.py:545} INFO - Filling up the DagBag from /opt/airflow/dags/tmdb_daily_dag.py
[2026-03-28T00:35:36.208+0000] {processor.py:840} INFO - DAG(s) 'tmdb_raw_pipeline' retrieved from /opt/airflow/dags/tmdb_daily_dag.py
[2026-03-28T00:35:36.217+0000] {logging_mixin.py:188} INFO - [2026-03-28T00:35:36.217+0000] {dag.py:3096} INFO - Sync 1 DAGs
[2026-03-28T00:35:36.225+0000] {logging_mixin.py:188} INFO - [2026-03-28T00:35:36.225+0000] {dag.py:3954} INFO - Setting next_dagrun for tmdb_raw_pipeline to 2026-03-28 00:00:00+00:00, run_after=2026-03-29 00:00:00+00:00
[2026-03-28T00:35:36.230+0000] {processor.py:183} INFO - Processing /opt/airflow/dags/tmdb_daily_dag.py took 0.032 seconds
[2026-03-28T01:25:55.392+0000] {processor.py:161} INFO - Started process (PID=42088) to work on /opt/airflow/dags/tmdb_daily_dag.py
[2026-03-28T01:25:55.393+0000] {processor.py:830} INFO - Processing file /opt/airflow/dags/tmdb_daily_dag.py for tasks to queue
[2026-03-28T01:25:55.393+0000] {logging_mixin.py:188} INFO - [2026-03-28T01:25:55.393+0000] {dagbag.py:545} INFO - Filling up the DagBag from /opt/airflow/dags/tmdb_daily_dag.py
[2026-03-28T01:25:55.399+0000] {processor.py:840} INFO - DAG(s) 'tmdb_raw_pipeline' retrieved from /opt/airflow/dags/tmdb_daily_dag.py
[2026-03-28T01:25:55.408+0000] {logging_mixin.py:188} INFO - [2026-03-28T01:25:55.408+0000] {dag.py:3096} INFO - Sync 1 DAGs
[2026-03-28T01:25:55.416+0000] {logging_mixin.py:188} INFO - [2026-03-28T01:25:55.416+0000] {dag.py:3954} INFO - Setting next_dagrun for tmdb_raw_pipeline to 2026-03-28 00:00:00+00:00, run_after=2026-03-29 00:00:00+00:00
[2026-03-28T01:25:55.422+0000] {processor.py:183} INFO - Processing /opt/airflow/dags/tmdb_daily_dag.py took 0.032 seconds
[2026-03-28T01:36:10.856+0000] {processor.py:161} INFO - Started process (PID=42108) to work on /opt/airflow/dags/tmdb_daily_dag.py
[2026-03-28T01:36:10.857+0000] {processor.py:830} INFO - Processing file /opt/airflow/dags/tmdb_daily_dag.py for tasks to queue
[2026-03-28T01:36:10.857+0000] {logging_mixin.py:188} INFO - [2026-03-28T01:36:10.857+0000] {dagbag.py:545} INFO - Filling up the DagBag from /opt/airflow/dags/tmdb_daily_dag.py
[2026-03-28T01:36:10.864+0000] {processor.py:840} INFO - DAG(s) 'tmdb_raw_pipeline' retrieved from /opt/airflow/dags/tmdb_daily_dag.py
[2026-03-28T01:36:10.876+0000] {logging_mixin.py:188} INFO - [2026-03-28T01:36:10.876+0000] {dag.py:3096} INFO - Sync 1 DAGs
[2026-03-28T01:36:10.886+0000] {logging_mixin.py:188} INFO - [2026-03-28T01:36:10.886+0000] {dag.py:3954} INFO - Setting next_dagrun for tmdb_raw_pipeline to 2026-03-28 00:00:00+00:00, run_after=2026-03-29 00:00:00+00:00
[2026-03-28T01:36:10.892+0000] {processor.py:183} INFO - Processing /opt/airflow/dags/tmdb_daily_dag.py took 0.041 seconds
[2026-03-28T01:36:41.371+0000] {processor.py:161} INFO - Started process (PID=42128) to work on /opt/airflow/dags/tmdb_daily_dag.py
[2026-03-28T01:36:41.371+0000] {processor.py:830} INFO - Processing file /opt/airflow/dags/tmdb_daily_dag.py for tasks to queue
[2026-03-28T01:36:41.372+0000] {logging_mixin.py:188} INFO - [2026-03-28T01:36:41.371+0000] {dagbag.py:545} INFO - Filling up the DagBag from /opt/airflow/dags/tmdb_daily_dag.py
[2026-03-28T01:36:41.377+0000] {processor.py:840} INFO - DAG(s) 'tmdb_raw_pipeline' retrieved from /opt/airflow/dags/tmdb_daily_dag.py
[2026-03-28T01:36:41.386+0000] {logging_mixin.py:188} INFO - [2026-03-28T01:36:41.386+0000] {dag.py:3096} INFO - Sync 1 DAGs
[2026-03-28T01:36:41.394+0000] {logging_mixin.py:188} INFO - [2026-03-28T01:36:41.394+0000] {dag.py:3954} INFO - Setting next_dagrun for tmdb_raw_pipeline to 2026-03-28 00:00:00+00:00, run_after=2026-03-29 00:00:00+00:00
[2026-03-28T01:36:41.400+0000] {processor.py:183} INFO - Processing /opt/airflow/dags/tmdb_daily_dag.py took 0.031 seconds
[2026-03-28T02:11:28.847+0000] {processor.py:161} INFO - Started process (PID=42148) to work on /opt/airflow/dags/tmdb_daily_dag.py
[2026-03-28T02:11:28.847+0000] {processor.py:830} INFO - Processing file /opt/airflow/dags/tmdb_daily_dag.py for tasks to queue
[2026-03-28T02:11:28.848+0000] {logging_mixin.py:188} INFO - [2026-03-28T02:11:28.847+0000] {dagbag.py:545} INFO - Filling up the DagBag from /opt/airflow/dags/tmdb_daily_dag.py
[2026-03-28T02:11:28.853+0000] {processor.py:840} INFO - DAG(s) 'tmdb_raw_pipeline' retrieved from /opt/airflow/dags/tmdb_daily_dag.py
[2026-03-28T02:11:28.863+0000] {logging_mixin.py:188} INFO - [2026-03-28T02:11:28.863+0000] {dag.py:3096} INFO - Sync 1 DAGs
[2026-03-28T02:11:28.871+0000] {logging_mixin.py:188} INFO - [2026-03-28T02:11:28.871+0000] {dag.py:3954} INFO - Setting next_dagrun for tmdb_raw_pipeline to 2026-03-28 00:00:00+00:00, run_after=2026-03-29 00:00:00+00:00
[2026-03-28T02:11:28.877+0000] {processor.py:183} INFO - Processing /opt/airflow/dags/tmdb_daily_dag.py took 0.033 seconds
[2026-03-28T02:24:09.097+0000] {processor.py:161} INFO - Started process (PID=42168) to work on /opt/airflow/dags/tmdb_daily_dag.py
[2026-03-28T02:24:09.098+0000] {processor.py:830} INFO - Processing file /opt/airflow/dags/tmdb_daily_dag.py for tasks to queue
[2026-03-28T02:24:09.098+0000] {logging_mixin.py:188} INFO - [2026-03-28T02:24:09.098+0000] {dagbag.py:545} INFO - Filling up the DagBag from /opt/airflow/dags/tmdb_daily_dag.py
[2026-03-28T02:24:09.106+0000] {processor.py:840} INFO - DAG(s) 'tmdb_raw_pipeline' retrieved from /opt/airflow/dags/tmdb_daily_dag.py
[2026-03-28T02:24:09.117+0000] {logging_mixin.py:188} INFO - [2026-03-28T02:24:09.117+0000] {dag.py:3096} INFO - Sync 1 DAGs
[2026-03-28T02:24:09.127+0000] {logging_mixin.py:188} INFO - [2026-03-28T02:24:09.127+0000] {dag.py:3954} INFO - Setting next_dagrun for tmdb_raw_pipeline to 2026-03-28 00:00:00+00:00, run_after=2026-03-29 00:00:00+00:00
[2026-03-28T02:24:09.133+0000] {processor.py:183} INFO - Processing /opt/airflow/dags/tmdb_daily_dag.py took 0.038 seconds
[2026-03-28T02:24:39.748+0000] {processor.py:161} INFO - Started process (PID=42188) to work on /opt/airflow/dags/tmdb_daily_dag.py
[2026-03-28T02:24:39.749+0000] {processor.py:830} INFO - Processing file /opt/airflow/dags/tmdb_daily_dag.py for tasks to queue
[2026-03-28T02:24:39.749+0000] {logging_mixin.py:188} INFO - [2026-03-28T02:24:39.749+0000] {dagbag.py:545} INFO - Filling up the DagBag from /opt/airflow/dags/tmdb_daily_dag.py
[2026-03-28T02:24:39.756+0000] {processor.py:840} INFO - DAG(s) 'tmdb_raw_pipeline' retrieved from /opt/airflow/dags/tmdb_daily_dag.py
[2026-03-28T02:24:39.767+0000] {logging_mixin.py:188} INFO - [2026-03-28T02:24:39.767+0000] {dag.py:3096} INFO - Sync 1 DAGs
[2026-03-28T02:24:39.777+0000] {logging_mixin.py:188} INFO - [2026-03-28T02:24:39.776+0000] {dag.py:3954} INFO - Setting next_dagrun for tmdb_raw_pipeline to 2026-03-28 00:00:00+00:00, run_after=2026-03-29 00:00:00+00:00
[2026-03-28T02:24:39.783+0000] {processor.py:183} INFO - Processing /opt/airflow/dags/tmdb_daily_dag.py took 0.038 seconds
[2026-03-28T02:25:40.887+0000] {processor.py:161} INFO - Started process (PID=42208) to work on /opt/airflow/dags/tmdb_daily_dag.py
[2026-03-28T02:25:40.888+0000] {processor.py:830} INFO - Processing file /opt/airflow/dags/tmdb_daily_dag.py for tasks to queue
[2026-03-28T02:25:40.889+0000] {logging_mixin.py:188} INFO - [2026-03-28T02:25:40.888+0000] {dagbag.py:545} INFO - Filling up the DagBag from /opt/airflow/dags/tmdb_daily_dag.py
[2026-03-28T02:25:40.894+0000] {processor.py:840} INFO - DAG(s) 'tmdb_raw_pipeline' retrieved from /opt/airflow/dags/tmdb_daily_dag.py
[2026-03-28T02:25:40.903+0000] {logging_mixin.py:188} INFO - [2026-03-28T02:25:40.903+0000] {dag.py:3096} INFO - Sync 1 DAGs
[2026-03-28T02:25:40.912+0000] {logging_mixin.py:188} INFO - [2026-03-28T02:25:40.912+0000] {dag.py:3954} INFO - Setting next_dagrun for tmdb_raw_pipeline to 2026-03-28 00:00:00+00:00, run_after=2026-03-29 00:00:00+00:00
[2026-03-28T02:25:40.918+0000] {processor.py:183} INFO - Processing /opt/airflow/dags/tmdb_daily_dag.py took 0.034 seconds
[2026-03-28T02:26:11.354+0000] {processor.py:161} INFO - Started process (PID=42228) to work on /opt/airflow/dags/tmdb_daily_dag.py
[2026-03-28T02:26:11.355+0000] {processor.py:830} INFO - Processing file /opt/airflow/dags/tmdb_daily_dag.py for tasks to queue
[2026-03-28T02:26:11.355+0000] {logging_mixin.py:188} INFO - [2026-03-28T02:26:11.355+0000] {dagbag.py:545} INFO - Filling up the DagBag from /opt/airflow/dags/tmdb_daily_dag.py
[2026-03-28T02:26:11.361+0000] {processor.py:840} INFO - DAG(s) 'tmdb_raw_pipeline' retrieved from /opt/airflow/dags/tmdb_daily_dag.py
[2026-03-28T02:26:11.370+0000] {logging_mixin.py:188} INFO - [2026-03-28T02:26:11.370+0000] {dag.py:3096} INFO - Sync 1 DAGs
[2026-03-28T02:26:11.379+0000] {logging_mixin.py:188} INFO - [2026-03-28T02:26:11.379+0000] {dag.py:3954} INFO - Setting next_dagrun for tmdb_raw_pipeline to 2026-03-28 00:00:00+00:00, run_after=2026-03-29 00:00:00+00:00
[2026-03-28T02:26:11.385+0000] {processor.py:183} INFO - Processing /opt/airflow/dags/tmdb_daily_dag.py took 0.033 seconds
[2026-03-28T02:26:41.963+0000] {processor.py:161} INFO - Started process (PID=42248) to work on /opt/airflow/dags/tmdb_daily_dag.py
[2026-03-28T02:26:41.964+0000] {processor.py:830} INFO - Processing file /opt/airflow/dags/tmdb_daily_dag.py for tasks to queue
[2026-03-28T02:26:41.964+0000] {logging_mixin.py:188} INFO - [2026-03-28T02:26:41.964+0000] {dagbag.py:545} INFO - Filling up the DagBag from /opt/airflow/dags/tmdb_daily_dag.py
[2026-03-28T02:26:41.971+0000] {processor.py:840} INFO - DAG(s) 'tmdb_raw_pipeline' retrieved from /opt/airflow/dags/tmdb_daily_dag.py
[2026-03-28T02:26:41.981+0000] {logging_mixin.py:188} INFO - [2026-03-28T02:26:41.980+0000] {dag.py:3096} INFO - Sync 1 DAGs
[2026-03-28T02:26:41.989+0000] {logging_mixin.py:188} INFO - [2026-03-28T02:26:41.989+0000] {dag.py:3954} INFO - Setting next_dagrun for tmdb_raw_pipeline to 2026-03-28 00:00:00+00:00, run_after=2026-03-29 00:00:00+00:00
[2026-03-28T02:26:41.995+0000] {processor.py:183} INFO - Processing /opt/airflow/dags/tmdb_daily_dag.py took 0.034 seconds
[2026-03-28T02:30:52.625+0000] {processor.py:161} INFO - Started process (PID=42268) to work on /opt/airflow/dags/tmdb_daily_dag.py
[2026-03-28T02:30:52.626+0000] {processor.py:830} INFO - Processing file /opt/airflow/dags/tmdb_daily_dag.py for tasks to queue
[2026-03-28T02:30:52.626+0000] {logging_mixin.py:188} INFO - [2026-03-28T02:30:52.626+0000] {dagbag.py:545} INFO - Filling up the DagBag from /opt/airflow/dags/tmdb_daily_dag.py
[2026-03-28T02:30:52.632+0000] {processor.py:840} INFO - DAG(s) 'tmdb_raw_pipeline' retrieved from /opt/airflow/dags/tmdb_daily_dag.py
[2026-03-28T02:30:52.641+0000] {logging_mixin.py:188} INFO - [2026-03-28T02:30:52.641+0000] {dag.py:3096} INFO - Sync 1 DAGs
[2026-03-28T02:30:52.651+0000] {logging_mixin.py:188} INFO - [2026-03-28T02:30:52.651+0000] {dag.py:3954} INFO - Setting next_dagrun for tmdb_raw_pipeline to 2026-03-28 00:00:00+00:00, run_after=2026-03-29 00:00:00+00:00
[2026-03-28T02:30:52.656+0000] {processor.py:183} INFO - Processing /opt/airflow/dags/tmdb_daily_dag.py took 0.034 seconds
[2026-03-28T02:31:23.107+0000] {processor.py:161} INFO - Started process (PID=42288) to work on /opt/airflow/dags/tmdb_daily_dag.py
[2026-03-28T02:31:23.108+0000] {processor.py:830} INFO - Processing file /opt/airflow/dags/tmdb_daily_dag.py for tasks to queue
[2026-03-28T02:31:23.108+0000] {logging_mixin.py:188} INFO - [2026-03-28T02:31:23.108+0000] {dagbag.py:545} INFO - Filling up the DagBag from /opt/airflow/dags/tmdb_daily_dag.py
[2026-03-28T02:31:23.114+0000] {processor.py:840} INFO - DAG(s) 'tmdb_raw_pipeline' retrieved from /opt/airflow/dags/tmdb_daily_dag.py
[2026-03-28T02:31:23.127+0000] {logging_mixin.py:188} INFO - [2026-03-28T02:31:23.127+0000] {dag.py:3096} INFO - Sync 1 DAGs
[2026-03-28T02:31:23.139+0000] {logging_mixin.py:188} INFO - [2026-03-28T02:31:23.139+0000] {dag.py:3954} INFO - Setting next_dagrun for tmdb_raw_pipeline to 2026-03-28 00:00:00+00:00, run_after=2026-03-29 00:00:00+00:00
[2026-03-28T02:31:23.147+0000] {processor.py:183} INFO - Processing /opt/airflow/dags/tmdb_daily_dag.py took 0.042 seconds
[2026-03-28T02:31:53.640+0000] {processor.py:161} INFO - Started process (PID=42308) to work on /opt/airflow/dags/tmdb_daily_dag.py
[2026-03-28T02:31:53.641+0000] {processor.py:830} INFO - Processing file /opt/airflow/dags/tmdb_daily_dag.py for tasks to queue
[2026-03-28T02:31:53.641+0000] {logging_mixin.py:188} INFO - [2026-03-28T02:31:53.641+0000] {dagbag.py:545} INFO - Filling up the DagBag from /opt/airflow/dags/tmdb_daily_dag.py
[2026-03-28T02:31:53.648+0000] {processor.py:840} INFO - DAG(s) 'tmdb_raw_pipeline' retrieved from /opt/airflow/dags/tmdb_daily_dag.py
[2026-03-28T02:31:53.659+0000] {logging_mixin.py:188} INFO - [2026-03-28T02:31:53.658+0000] {dag.py:3096} INFO - Sync 1 DAGs
[2026-03-28T02:31:53.667+0000] {logging_mixin.py:188} INFO - [2026-03-28T02:31:53.667+0000] {dag.py:3954} INFO - Setting next_dagrun for tmdb_raw_pipeline to 2026-03-28 00:00:00+00:00, run_after=2026-03-29 00:00:00+00:00
[2026-03-28T02:31:53.673+0000] {processor.py:183} INFO - Processing /opt/airflow/dags/tmdb_daily_dag.py took 0.035 seconds
[2026-03-28T02:32:24.233+0000] {processor.py:161} INFO - Started process (PID=42328) to work on /opt/airflow/dags/tmdb_daily_dag.py
[2026-03-28T02:32:24.234+0000] {processor.py:830} INFO - Processing file /opt/airflow/dags/tmdb_daily_dag.py for tasks to queue
[2026-03-28T02:32:24.234+0000] {logging_mixin.py:188} INFO - [2026-03-28T02:32:24.234+0000] {dagbag.py:545} INFO - Filling up the DagBag from /opt/airflow/dags/tmdb_daily_dag.py
[2026-03-28T02:32:24.241+0000] {processor.py:840} INFO - DAG(s) 'tmdb_raw_pipeline' retrieved from /opt/airflow/dags/tmdb_daily_dag.py
[2026-03-28T02:32:24.251+0000] {logging_mixin.py:188} INFO - [2026-03-28T02:32:24.251+0000] {dag.py:3096} INFO - Sync 1 DAGs
[2026-03-28T02:32:24.261+0000] {logging_mixin.py:188} INFO - [2026-03-28T02:32:24.261+0000] {dag.py:3954} INFO - Setting next_dagrun for tmdb_raw_pipeline to 2026-03-28 00:00:00+00:00, run_after=2026-03-29 00:00:00+00:00
[2026-03-28T02:32:24.267+0000] {processor.py:183} INFO - Processing /opt/airflow/dags/tmdb_daily_dag.py took 0.039 seconds
[2026-03-28T02:32:54.787+0000] {processor.py:161} INFO - Started process (PID=42348) to work on /opt/airflow/dags/tmdb_daily_dag.py
[2026-03-28T02:32:54.788+0000] {processor.py:830} INFO - Processing file /opt/airflow/dags/tmdb_daily_dag.py for tasks to queue
[2026-03-28T02:32:54.788+0000] {logging_mixin.py:188} INFO - [2026-03-28T02:32:54.788+0000] {dagbag.py:545} INFO - Filling up the DagBag from /opt/airflow/dags/tmdb_daily_dag.py
[2026-03-28T02:32:54.793+0000] {processor.py:840} INFO - DAG(s) 'tmdb_raw_pipeline' retrieved from /opt/airflow/dags/tmdb_daily_dag.py
[2026-03-28T02:32:54.803+0000] {logging_mixin.py:188} INFO - [2026-03-28T02:32:54.802+0000] {dag.py:3096} INFO - Sync 1 DAGs
[2026-03-28T02:32:54.811+0000] {logging_mixin.py:188} INFO - [2026-03-28T02:32:54.810+0000] {dag.py:3954} INFO - Setting next_dagrun for tmdb_raw_pipeline to 2026-03-28 00:00:00+00:00, run_after=2026-03-29 00:00:00+00:00
[2026-03-28T02:32:54.817+0000] {processor.py:183} INFO - Processing /opt/airflow/dags/tmdb_daily_dag.py took 0.032 seconds
[2026-03-28T02:33:25.262+0000] {processor.py:161} INFO - Started process (PID=42368) to work on /opt/airflow/dags/tmdb_daily_dag.py
[2026-03-28T02:33:25.262+0000] {processor.py:830} INFO - Processing file /opt/airflow/dags/tmdb_daily_dag.py for tasks to queue
[2026-03-28T02:33:25.263+0000] {logging_mixin.py:188} INFO - [2026-03-28T02:33:25.263+0000] {dagbag.py:545} INFO - Filling up the DagBag from /opt/airflow/dags/tmdb_daily_dag.py
[2026-03-28T02:33:25.268+0000] {processor.py:840} INFO - DAG(s) 'tmdb_raw_pipeline' retrieved from /opt/airflow/dags/tmdb_daily_dag.py
[2026-03-28T02:33:25.277+0000] {logging_mixin.py:188} INFO - [2026-03-28T02:33:25.277+0000] {dag.py:3096} INFO - Sync 1 DAGs
[2026-03-28T02:33:25.284+0000] {logging_mixin.py:188} INFO - [2026-03-28T02:33:25.284+0000] {dag.py:3954} INFO - Setting next_dagrun for tmdb_raw_pipeline to 2026-03-28 00:00:00+00:00, run_after=2026-03-29 00:00:00+00:00
[2026-03-28T02:33:25.291+0000] {processor.py:183} INFO - Processing /opt/airflow/dags/tmdb_daily_dag.py took 0.031 seconds
[2026-03-28T02:37:58.070+0000] {processor.py:161} INFO - Started process (PID=42388) to work on /opt/airflow/dags/tmdb_daily_dag.py
[2026-03-28T02:37:58.070+0000] {processor.py:830} INFO - Processing file /opt/airflow/dags/tmdb_daily_dag.py for tasks to queue
[2026-03-28T02:37:58.071+0000] {logging_mixin.py:188} INFO - [2026-03-28T02:37:58.071+0000] {dagbag.py:545} INFO - Filling up the DagBag from /opt/airflow/dags/tmdb_daily_dag.py
[2026-03-28T02:37:58.078+0000] {processor.py:840} INFO - DAG(s) 'tmdb_raw_pipeline' retrieved from /opt/airflow/dags/tmdb_daily_dag.py
[2026-03-28T02:37:58.096+0000] {logging_mixin.py:188} INFO - [2026-03-28T02:37:58.096+0000] {dag.py:3096} INFO - Sync 1 DAGs
[2026-03-28T02:37:58.106+0000] {logging_mixin.py:188} INFO - [2026-03-28T02:37:58.106+0000] {dag.py:3954} INFO - Setting next_dagrun for tmdb_raw_pipeline to 2026-03-28 00:00:00+00:00, run_after=2026-03-29 00:00:00+00:00
[2026-03-28T02:37:58.114+0000] {processor.py:183} INFO - Processing /opt/airflow/dags/tmdb_daily_dag.py took 0.054 seconds
[2026-03-28T02:38:28.476+0000] {processor.py:161} INFO - Started process (PID=42406) to work on /opt/airflow/dags/tmdb_daily_dag.py
[2026-03-28T02:38:28.478+0000] {processor.py:830} INFO - Processing file /opt/airflow/dags/tmdb_daily_dag.py for tasks to queue
[2026-03-28T02:38:28.480+0000] {logging_mixin.py:188} INFO - [2026-03-28T02:38:28.480+0000] {dagbag.py:545} INFO - Filling up the DagBag from /opt/airflow/dags/tmdb_daily_dag.py
[2026-03-28T02:38:28.486+0000] {processor.py:840} INFO - DAG(s) 'tmdb_raw_pipeline' retrieved from /opt/airflow/dags/tmdb_daily_dag.py
[2026-03-28T02:38:28.502+0000] {logging_mixin.py:188} INFO - [2026-03-28T02:38:28.502+0000] {dag.py:3096} INFO - Sync 1 DAGs
[2026-03-28T02:38:28.512+0000] {logging_mixin.py:188} INFO - [2026-03-28T02:38:28.512+0000] {dag.py:3954} INFO - Setting next_dagrun for tmdb_raw_pipeline to 2026-03-28 00:00:00+00:00, run_after=2026-03-29 00:00:00+00:00
[2026-03-28T02:38:28.523+0000] {processor.py:183} INFO - Processing /opt/airflow/dags/tmdb_daily_dag.py took 0.051 seconds
[2026-03-28T02:38:59.024+0000] {processor.py:161} INFO - Started process (PID=42428) to work on /opt/airflow/dags/tmdb_daily_dag.py
[2026-03-28T02:38:59.025+0000] {processor.py:830} INFO - Processing file /opt/airflow/dags/tmdb_daily_dag.py for tasks to queue
[2026-03-28T02:38:59.025+0000] {logging_mixin.py:188} INFO - [2026-03-28T02:38:59.025+0000] {dagbag.py:545} INFO - Filling up the DagBag from /opt/airflow/dags/tmdb_daily_dag.py
[2026-03-28T02:38:59.032+0000] {processor.py:840} INFO - DAG(s) 'tmdb_raw_pipeline' retrieved from /opt/airflow/dags/tmdb_daily_dag.py
[2026-03-28T02:38:59.043+0000] {logging_mixin.py:188} INFO - [2026-03-28T02:38:59.043+0000] {dag.py:3096} INFO - Sync 1 DAGs
[2026-03-28T02:38:59.052+0000] {logging_mixin.py:188} INFO - [2026-03-28T02:38:59.052+0000] {dag.py:3954} INFO - Setting next_dagrun for tmdb_raw_pipeline to 2026-03-28 00:00:00+00:00, run_after=2026-03-29 00:00:00+00:00
[2026-03-28T02:38:59.058+0000] {processor.py:183} INFO - Processing /opt/airflow/dags/tmdb_daily_dag.py took 0.037 seconds
[2026-03-28T02:39:29.489+0000] {processor.py:161} INFO - Started process (PID=42448) to work on /opt/airflow/dags/tmdb_daily_dag.py
[2026-03-28T02:39:29.489+0000] {processor.py:830} INFO - Processing file /opt/airflow/dags/tmdb_daily_dag.py for tasks to queue
[2026-03-28T02:39:29.489+0000] {logging_mixin.py:188} INFO - [2026-03-28T02:39:29.489+0000] {dagbag.py:545} INFO - Filling up the DagBag from /opt/airflow/dags/tmdb_daily_dag.py
[2026-03-28T02:39:29.496+0000] {processor.py:840} INFO - DAG(s) 'tmdb_raw_pipeline' retrieved from /opt/airflow/dags/tmdb_daily_dag.py
[2026-03-28T02:39:29.508+0000] {logging_mixin.py:188} INFO - [2026-03-28T02:39:29.508+0000] {dag.py:3096} INFO - Sync 1 DAGs
[2026-03-28T02:39:29.517+0000] {logging_mixin.py:188} INFO - [2026-03-28T02:39:29.517+0000] {dag.py:3954} INFO - Setting next_dagrun for tmdb_raw_pipeline to 2026-03-28 00:00:00+00:00, run_after=2026-03-29 00:00:00+00:00
[2026-03-28T02:39:29.523+0000] {processor.py:183} INFO - Processing /opt/airflow/dags/tmdb_daily_dag.py took 0.037 seconds
[2026-03-28T02:39:59.951+0000] {processor.py:161} INFO - Started process (PID=42466) to work on /opt/airflow/dags/tmdb_daily_dag.py
[2026-03-28T02:39:59.952+0000] {processor.py:830} INFO - Processing file /opt/airflow/dags/tmdb_daily_dag.py for tasks to queue
[2026-03-28T02:39:59.952+0000] {logging_mixin.py:188} INFO - [2026-03-28T02:39:59.952+0000] {dagbag.py:545} INFO - Filling up the DagBag from /opt/airflow/dags/tmdb_daily_dag.py
[2026-03-28T02:39:59.959+0000] {processor.py:840} INFO - DAG(s) 'tmdb_raw_pipeline' retrieved from /opt/airflow/dags/tmdb_daily_dag.py
[2026-03-28T02:39:59.976+0000] {logging_mixin.py:188} INFO - [2026-03-28T02:39:59.976+0000] {dag.py:3096} INFO - Sync 1 DAGs
[2026-03-28T02:39:59.985+0000] {logging_mixin.py:188} INFO - [2026-03-28T02:39:59.985+0000] {dag.py:3954} INFO - Setting next_dagrun for tmdb_raw_pipeline to 2026-03-28 00:00:00+00:00, run_after=2026-03-29 00:00:00+00:00
[2026-03-28T02:39:59.996+0000] {processor.py:183} INFO - Processing /opt/airflow/dags/tmdb_daily_dag.py took 0.047 seconds
[2026-03-28T02:40:30.426+0000] {processor.py:161} INFO - Started process (PID=42488) to work on /opt/airflow/dags/tmdb_daily_dag.py
[2026-03-28T02:40:30.426+0000] {processor.py:830} INFO - Processing file /opt/airflow/dags/tmdb_daily_dag.py for tasks to queue
[2026-03-28T02:40:30.426+0000] {logging_mixin.py:188} INFO - [2026-03-28T02:40:30.426+0000] {dagbag.py:545} INFO - Filling up the DagBag from /opt/airflow/dags/tmdb_daily_dag.py
[2026-03-28T02:40:30.437+0000] {processor.py:840} INFO - DAG(s) 'tmdb_raw_pipeline' retrieved from /opt/airflow/dags/tmdb_daily_dag.py
[2026-03-28T02:40:30.447+0000] {logging_mixin.py:188} INFO - [2026-03-28T02:40:30.447+0000] {dag.py:3096} INFO - Sync 1 DAGs
[2026-03-28T02:40:30.457+0000] {logging_mixin.py:188} INFO - [2026-03-28T02:40:30.457+0000] {dag.py:3954} INFO - Setting next_dagrun for tmdb_raw_pipeline to 2026-03-28 00:00:00+00:00, run_after=2026-03-29 00:00:00+00:00
[2026-03-28T02:40:30.463+0000] {processor.py:183} INFO - Processing /opt/airflow/dags/tmdb_daily_dag.py took 0.040 seconds
[2026-03-28T02:41:00.876+0000] {processor.py:161} INFO - Started process (PID=42508) to work on /opt/airflow/dags/tmdb_daily_dag.py
[2026-03-28T02:41:00.876+0000] {processor.py:830} INFO - Processing file /opt/airflow/dags/tmdb_daily_dag.py for tasks to queue
[2026-03-28T02:41:00.877+0000] {logging_mixin.py:188} INFO - [2026-03-28T02:41:00.877+0000] {dagbag.py:545} INFO - Filling up the DagBag from /opt/airflow/dags/tmdb_daily_dag.py
[2026-03-28T02:41:00.883+0000] {processor.py:840} INFO - DAG(s) 'tmdb_raw_pipeline' retrieved from /opt/airflow/dags/tmdb_daily_dag.py
[2026-03-28T02:41:00.896+0000] {logging_mixin.py:188} INFO - [2026-03-28T02:41:00.896+0000] {dag.py:3096} INFO - Sync 1 DAGs
[2026-03-28T02:41:00.905+0000] {logging_mixin.py:188} INFO - [2026-03-28T02:41:00.905+0000] {dag.py:3954} INFO - Setting next_dagrun for tmdb_raw_pipeline to 2026-03-28 00:00:00+00:00, run_after=2026-03-29 00:00:00+00:00
[2026-03-28T02:41:00.912+0000] {processor.py:183} INFO - Processing /opt/airflow/dags/tmdb_daily_dag.py took 0.039 seconds
[2026-03-28T02:56:43.043+0000] {processor.py:161} INFO - Started process (PID=42528) to work on /opt/airflow/dags/tmdb_daily_dag.py
[2026-03-28T02:56:43.044+0000] {processor.py:830} INFO - Processing file /opt/airflow/dags/tmdb_daily_dag.py for tasks to queue
[2026-03-28T02:56:43.044+0000] {logging_mixin.py:188} INFO - [2026-03-28T02:56:43.044+0000] {dagbag.py:545} INFO - Filling up the DagBag from /opt/airflow/dags/tmdb_daily_dag.py
[2026-03-28T02:56:43.051+0000] {processor.py:840} INFO - DAG(s) 'tmdb_raw_pipeline' retrieved from /opt/airflow/dags/tmdb_daily_dag.py
[2026-03-28T02:56:43.062+0000] {logging_mixin.py:188} INFO - [2026-03-28T02:56:43.062+0000] {dag.py:3096} INFO - Sync 1 DAGs
[2026-03-28T02:56:43.071+0000] {logging_mixin.py:188} INFO - [2026-03-28T02:56:43.071+0000] {dag.py:3954} INFO - Setting next_dagrun for tmdb_raw_pipeline to 2026-03-28 00:00:00+00:00, run_after=2026-03-29 00:00:00+00:00
[2026-03-28T02:56:43.078+0000] {processor.py:183} INFO - Processing /opt/airflow/dags/tmdb_daily_dag.py took 0.042 seconds
[2026-03-28T03:44:03.839+0000] {processor.py:161} INFO - Started process (PID=42548) to work on /opt/airflow/dags/tmdb_daily_dag.py
[2026-03-28T03:44:03.840+0000] {processor.py:830} INFO - Processing file /opt/airflow/dags/tmdb_daily_dag.py for tasks to queue
[2026-03-28T03:44:03.840+0000] {logging_mixin.py:188} INFO - [2026-03-28T03:44:03.840+0000] {dagbag.py:545} INFO - Filling up the DagBag from /opt/airflow/dags/tmdb_daily_dag.py
[2026-03-28T03:44:03.846+0000] {processor.py:840} INFO - DAG(s) 'tmdb_raw_pipeline' retrieved from /opt/airflow/dags/tmdb_daily_dag.py
[2026-03-28T03:44:03.856+0000] {logging_mixin.py:188} INFO - [2026-03-28T03:44:03.856+0000] {dag.py:3096} INFO - Sync 1 DAGs
[2026-03-28T03:44:03.865+0000] {logging_mixin.py:188} INFO - [2026-03-28T03:44:03.865+0000] {dag.py:3954} INFO - Setting next_dagrun for tmdb_raw_pipeline to 2026-03-28 00:00:00+00:00, run_after=2026-03-29 00:00:00+00:00
[2026-03-28T03:44:03.870+0000] {processor.py:183} INFO - Processing /opt/airflow/dags/tmdb_daily_dag.py took 0.035 seconds
[2026-03-28T04:18:25.101+0000] {processor.py:161} INFO - Started process (PID=42568) to work on /opt/airflow/dags/tmdb_daily_dag.py
[2026-03-28T04:18:25.102+0000] {processor.py:830} INFO - Processing file /opt/airflow/dags/tmdb_daily_dag.py for tasks to queue
[2026-03-28T04:18:25.102+0000] {logging_mixin.py:188} INFO - [2026-03-28T04:18:25.102+0000] {dagbag.py:545} INFO - Filling up the DagBag from /opt/airflow/dags/tmdb_daily_dag.py
[2026-03-28T04:18:25.109+0000] {processor.py:840} INFO - DAG(s) 'tmdb_raw_pipeline' retrieved from /opt/airflow/dags/tmdb_daily_dag.py
[2026-03-28T04:18:25.120+0000] {logging_mixin.py:188} INFO - [2026-03-28T04:18:25.120+0000] {dag.py:3096} INFO - Sync 1 DAGs
[2026-03-28T04:18:25.130+0000] {logging_mixin.py:188} INFO - [2026-03-28T04:18:25.130+0000] {dag.py:3954} INFO - Setting next_dagrun for tmdb_raw_pipeline to 2026-03-28 00:00:00+00:00, run_after=2026-03-29 00:00:00+00:00
[2026-03-28T04:18:25.137+0000] {processor.py:183} INFO - Processing /opt/airflow/dags/tmdb_daily_dag.py took 0.039 seconds
[2026-03-28T05:15:20.639+0000] {processor.py:161} INFO - Started process (PID=42588) to work on /opt/airflow/dags/tmdb_daily_dag.py
[2026-03-28T05:15:20.640+0000] {processor.py:830} INFO - Processing file /opt/airflow/dags/tmdb_daily_dag.py for tasks to queue
[2026-03-28T05:15:20.640+0000] {logging_mixin.py:188} INFO - [2026-03-28T05:15:20.640+0000] {dagbag.py:545} INFO - Filling up the DagBag from /opt/airflow/dags/tmdb_daily_dag.py
[2026-03-28T05:15:20.646+0000] {processor.py:840} INFO - DAG(s) 'tmdb_raw_pipeline' retrieved from /opt/airflow/dags/tmdb_daily_dag.py
[2026-03-28T05:15:20.656+0000] {logging_mixin.py:188} INFO - [2026-03-28T05:15:20.656+0000] {dag.py:3096} INFO - Sync 1 DAGs
[2026-03-28T05:15:20.665+0000] {logging_mixin.py:188} INFO - [2026-03-28T05:15:20.665+0000] {dag.py:3954} INFO - Setting next_dagrun for tmdb_raw_pipeline to 2026-03-28 00:00:00+00:00, run_after=2026-03-29 00:00:00+00:00
[2026-03-28T05:15:20.672+0000] {processor.py:183} INFO - Processing /opt/airflow/dags/tmdb_daily_dag.py took 0.038 seconds
[2026-03-28T06:00:58.802+0000] {processor.py:161} INFO - Started process (PID=42608) to work on /opt/airflow/dags/tmdb_daily_dag.py
[2026-03-28T06:00:58.803+0000] {processor.py:830} INFO - Processing file /opt/airflow/dags/tmdb_daily_dag.py for tasks to queue
[2026-03-28T06:00:58.803+0000] {logging_mixin.py:188} INFO - [2026-03-28T06:00:58.803+0000] {dagbag.py:545} INFO - Filling up the DagBag from /opt/airflow/dags/tmdb_daily_dag.py
[2026-03-28T06:00:58.810+0000] {processor.py:840} INFO - DAG(s) 'tmdb_raw_pipeline' retrieved from /opt/airflow/dags/tmdb_daily_dag.py
[2026-03-28T06:00:58.822+0000] {logging_mixin.py:188} INFO - [2026-03-28T06:00:58.822+0000] {dag.py:3096} INFO - Sync 1 DAGs
[2026-03-28T06:00:58.832+0000] {logging_mixin.py:188} INFO - [2026-03-28T06:00:58.832+0000] {dag.py:3954} INFO - Setting next_dagrun for tmdb_raw_pipeline to 2026-03-28 00:00:00+00:00, run_after=2026-03-29 00:00:00+00:00
[2026-03-28T06:00:58.839+0000] {processor.py:183} INFO - Processing /opt/airflow/dags/tmdb_daily_dag.py took 0.039 seconds
[2026-03-28T06:32:13.333+0000] {processor.py:161} INFO - Started process (PID=42628) to work on /opt/airflow/dags/tmdb_daily_dag.py
[2026-03-28T06:32:13.334+0000] {processor.py:830} INFO - Processing file /opt/airflow/dags/tmdb_daily_dag.py for tasks to queue
[2026-03-28T06:32:13.334+0000] {logging_mixin.py:188} INFO - [2026-03-28T06:32:13.334+0000] {dagbag.py:545} INFO - Filling up the DagBag from /opt/airflow/dags/tmdb_daily_dag.py
[2026-03-28T06:32:13.342+0000] {processor.py:840} INFO - DAG(s) 'tmdb_raw_pipeline' retrieved from /opt/airflow/dags/tmdb_daily_dag.py
[2026-03-28T06:32:13.351+0000] {logging_mixin.py:188} INFO - [2026-03-28T06:32:13.351+0000] {dag.py:3096} INFO - Sync 1 DAGs
[2026-03-28T06:32:13.360+0000] {logging_mixin.py:188} INFO - [2026-03-28T06:32:13.360+0000] {dag.py:3954} INFO - Setting next_dagrun for tmdb_raw_pipeline to 2026-03-28 00:00:00+00:00, run_after=2026-03-29 00:00:00+00:00
[2026-03-28T06:32:13.367+0000] {processor.py:183} INFO - Processing /opt/airflow/dags/tmdb_daily_dag.py took 0.037 seconds
[2026-03-28T06:44:22.707+0000] {processor.py:161} INFO - Started process (PID=42648) to work on /opt/airflow/dags/tmdb_daily_dag.py
[2026-03-28T06:44:22.707+0000] {processor.py:830} INFO - Processing file /opt/airflow/dags/tmdb_daily_dag.py for tasks to queue
[2026-03-28T06:44:22.708+0000] {logging_mixin.py:188} INFO - [2026-03-28T06:44:22.707+0000] {dagbag.py:545} INFO - Filling up the DagBag from /opt/airflow/dags/tmdb_daily_dag.py
[2026-03-28T06:44:22.718+0000] {processor.py:840} INFO - DAG(s) 'tmdb_raw_pipeline' retrieved from /opt/airflow/dags/tmdb_daily_dag.py
[2026-03-28T06:44:22.729+0000] {logging_mixin.py:188} INFO - [2026-03-28T06:44:22.729+0000] {dag.py:3096} INFO - Sync 1 DAGs
[2026-03-28T06:44:22.738+0000] {logging_mixin.py:188} INFO - [2026-03-28T06:44:22.738+0000] {dag.py:3954} INFO - Setting next_dagrun for tmdb_raw_pipeline to 2026-03-28 00:00:00+00:00, run_after=2026-03-29 00:00:00+00:00
[2026-03-28T06:44:22.744+0000] {processor.py:183} INFO - Processing /opt/airflow/dags/tmdb_daily_dag.py took 0.039 seconds
[2026-03-28T07:25:13.862+0000] {processor.py:161} INFO - Started process (PID=42668) to work on /opt/airflow/dags/tmdb_daily_dag.py
[2026-03-28T07:25:13.863+0000] {processor.py:830} INFO - Processing file /opt/airflow/dags/tmdb_daily_dag.py for tasks to queue
[2026-03-28T07:25:13.863+0000] {logging_mixin.py:188} INFO - [2026-03-28T07:25:13.863+0000] {dagbag.py:545} INFO - Filling up the DagBag from /opt/airflow/dags/tmdb_daily_dag.py
[2026-03-28T07:25:13.869+0000] {processor.py:840} INFO - DAG(s) 'tmdb_raw_pipeline' retrieved from /opt/airflow/dags/tmdb_daily_dag.py
[2026-03-28T07:25:13.879+0000] {logging_mixin.py:188} INFO - [2026-03-28T07:25:13.879+0000] {dag.py:3096} INFO - Sync 1 DAGs
[2026-03-28T07:25:13.887+0000] {logging_mixin.py:188} INFO - [2026-03-28T07:25:13.887+0000] {dag.py:3954} INFO - Setting next_dagrun for tmdb_raw_pipeline to 2026-03-28 00:00:00+00:00, run_after=2026-03-29 00:00:00+00:00
[2026-03-28T07:25:13.893+0000] {processor.py:183} INFO - Processing /opt/airflow/dags/tmdb_daily_dag.py took 0.033 seconds
[2026-03-28T07:25:44.367+0000] {processor.py:161} INFO - Started process (PID=42688) to work on /opt/airflow/dags/tmdb_daily_dag.py
[2026-03-28T07:25:44.367+0000] {processor.py:830} INFO - Processing file /opt/airflow/dags/tmdb_daily_dag.py for tasks to queue
[2026-03-28T07:25:44.367+0000] {logging_mixin.py:188} INFO - [2026-03-28T07:25:44.367+0000] {dagbag.py:545} INFO - Filling up the DagBag from /opt/airflow/dags/tmdb_daily_dag.py
[2026-03-28T07:25:44.374+0000] {processor.py:840} INFO - DAG(s) 'tmdb_raw_pipeline' retrieved from /opt/airflow/dags/tmdb_daily_dag.py
[2026-03-28T07:25:44.386+0000] {logging_mixin.py:188} INFO - [2026-03-28T07:25:44.386+0000] {dag.py:3096} INFO - Sync 1 DAGs
[2026-03-28T07:25:44.394+0000] {logging_mixin.py:188} INFO - [2026-03-28T07:25:44.394+0000] {dag.py:3954} INFO - Setting next_dagrun for tmdb_raw_pipeline to 2026-03-28 00:00:00+00:00, run_after=2026-03-29 00:00:00+00:00
[2026-03-28T07:25:44.401+0000] {processor.py:183} INFO - Processing /opt/airflow/dags/tmdb_daily_dag.py took 0.036 seconds
[2026-03-28T08:02:21.795+0000] {processor.py:161} INFO - Started process (PID=42708) to work on /opt/airflow/dags/tmdb_daily_dag.py
[2026-03-28T08:02:21.797+0000] {processor.py:830} INFO - Processing file /opt/airflow/dags/tmdb_daily_dag.py for tasks to queue
[2026-03-28T08:02:21.798+0000] {logging_mixin.py:188} INFO - [2026-03-28T08:02:21.797+0000] {dagbag.py:545} INFO - Filling up the DagBag from /opt/airflow/dags/tmdb_daily_dag.py
[2026-03-28T08:02:21.804+0000] {processor.py:840} INFO - DAG(s) 'tmdb_raw_pipeline' retrieved from /opt/airflow/dags/tmdb_daily_dag.py
[2026-03-28T08:02:21.815+0000] {logging_mixin.py:188} INFO - [2026-03-28T08:02:21.815+0000] {dag.py:3096} INFO - Sync 1 DAGs
[2026-03-28T08:02:21.823+0000] {logging_mixin.py:188} INFO - [2026-03-28T08:02:21.823+0000] {dag.py:3954} INFO - Setting next_dagrun for tmdb_raw_pipeline to 2026-03-28 00:00:00+00:00, run_after=2026-03-29 00:00:00+00:00
[2026-03-28T08:02:21.831+0000] {processor.py:183} INFO - Processing /opt/airflow/dags/tmdb_daily_dag.py took 0.040 seconds
[2026-03-28T08:36:43.017+0000] {processor.py:161} INFO - Started process (PID=42728) to work on /opt/airflow/dags/tmdb_daily_dag.py
[2026-03-28T08:36:43.018+0000] {processor.py:830} INFO - Processing file /opt/airflow/dags/tmdb_daily_dag.py for tasks to queue
[2026-03-28T08:36:43.018+0000] {logging_mixin.py:188} INFO - [2026-03-28T08:36:43.018+0000] {dagbag.py:545} INFO - Filling up the DagBag from /opt/airflow/dags/tmdb_daily_dag.py
[2026-03-28T08:36:43.025+0000] {processor.py:840} INFO - DAG(s) 'tmdb_raw_pipeline' retrieved from /opt/airflow/dags/tmdb_daily_dag.py
[2026-03-28T08:36:43.037+0000] {logging_mixin.py:188} INFO - [2026-03-28T08:36:43.037+0000] {dag.py:3096} INFO - Sync 1 DAGs
[2026-03-28T08:36:43.048+0000] {logging_mixin.py:188} INFO - [2026-03-28T08:36:43.048+0000] {dag.py:3954} INFO - Setting next_dagrun for tmdb_raw_pipeline to 2026-03-28 00:00:00+00:00, run_after=2026-03-29 00:00:00+00:00
[2026-03-28T08:36:43.055+0000] {processor.py:183} INFO - Processing /opt/airflow/dags/tmdb_daily_dag.py took 0.042 seconds
[2026-03-28T09:19:18.894+0000] {processor.py:161} INFO - Started process (PID=42748) to work on /opt/airflow/dags/tmdb_daily_dag.py
[2026-03-28T09:19:18.895+0000] {processor.py:830} INFO - Processing file /opt/airflow/dags/tmdb_daily_dag.py for tasks to queue
[2026-03-28T09:19:18.896+0000] {logging_mixin.py:188} INFO - [2026-03-28T09:19:18.896+0000] {dagbag.py:545} INFO - Filling up the DagBag from /opt/airflow/dags/tmdb_daily_dag.py
[2026-03-28T09:19:18.902+0000] {processor.py:840} INFO - DAG(s) 'tmdb_raw_pipeline' retrieved from /opt/airflow/dags/tmdb_daily_dag.py
[2026-03-28T09:19:18.915+0000] {logging_mixin.py:188} INFO - [2026-03-28T09:19:18.915+0000] {dag.py:3096} INFO - Sync 1 DAGs
[2026-03-28T09:19:18.924+0000] {logging_mixin.py:188} INFO - [2026-03-28T09:19:18.924+0000] {dag.py:3954} INFO - Setting next_dagrun for tmdb_raw_pipeline to 2026-03-28 00:00:00+00:00, run_after=2026-03-29 00:00:00+00:00
[2026-03-28T09:19:18.931+0000] {processor.py:183} INFO - Processing /opt/airflow/dags/tmdb_daily_dag.py took 0.042 seconds
[2026-03-28T09:37:44.414+0000] {processor.py:161} INFO - Started process (PID=42766) to work on /opt/airflow/dags/tmdb_daily_dag.py
[2026-03-28T09:37:44.415+0000] {processor.py:830} INFO - Processing file /opt/airflow/dags/tmdb_daily_dag.py for tasks to queue
[2026-03-28T09:37:44.415+0000] {logging_mixin.py:188} INFO - [2026-03-28T09:37:44.415+0000] {dagbag.py:545} INFO - Filling up the DagBag from /opt/airflow/dags/tmdb_daily_dag.py
[2026-03-28T09:37:44.421+0000] {processor.py:840} INFO - DAG(s) 'tmdb_raw_pipeline' retrieved from /opt/airflow/dags/tmdb_daily_dag.py
[2026-03-28T09:37:44.435+0000] {logging_mixin.py:188} INFO - [2026-03-28T09:37:44.435+0000] {dag.py:3096} INFO - Sync 1 DAGs
[2026-03-28T09:37:44.447+0000] {logging_mixin.py:188} INFO - [2026-03-28T09:37:44.447+0000] {dag.py:3954} INFO - Setting next_dagrun for tmdb_raw_pipeline to 2026-03-28 00:00:00+00:00, run_after=2026-03-29 00:00:00+00:00
[2026-03-28T09:37:44.459+0000] {processor.py:183} INFO - Processing /opt/airflow/dags/tmdb_daily_dag.py took 0.047 seconds
[2026-03-28T10:03:38.415+0000] {processor.py:161} INFO - Started process (PID=42788) to work on /opt/airflow/dags/tmdb_daily_dag.py
[2026-03-28T10:03:38.415+0000] {processor.py:830} INFO - Processing file /opt/airflow/dags/tmdb_daily_dag.py for tasks to queue
[2026-03-28T10:03:38.416+0000] {logging_mixin.py:188} INFO - [2026-03-28T10:03:38.416+0000] {dagbag.py:545} INFO - Filling up the DagBag from /opt/airflow/dags/tmdb_daily_dag.py
[2026-03-28T10:03:38.422+0000] {processor.py:840} INFO - DAG(s) 'tmdb_raw_pipeline' retrieved from /opt/airflow/dags/tmdb_daily_dag.py
[2026-03-28T10:03:38.432+0000] {logging_mixin.py:188} INFO - [2026-03-28T10:03:38.432+0000] {dag.py:3096} INFO - Sync 1 DAGs
[2026-03-28T10:03:38.440+0000] {logging_mixin.py:188} INFO - [2026-03-28T10:03:38.440+0000] {dag.py:3954} INFO - Setting next_dagrun for tmdb_raw_pipeline to 2026-03-28 00:00:00+00:00, run_after=2026-03-29 00:00:00+00:00
[2026-03-28T10:03:38.446+0000] {processor.py:183} INFO - Processing /opt/airflow/dags/tmdb_daily_dag.py took 0.035 seconds
[2026-03-28T10:20:54.458+0000] {processor.py:161} INFO - Started process (PID=42808) to work on /opt/airflow/dags/tmdb_daily_dag.py
[2026-03-28T10:20:54.458+0000] {processor.py:830} INFO - Processing file /opt/airflow/dags/tmdb_daily_dag.py for tasks to queue
[2026-03-28T10:20:54.458+0000] {logging_mixin.py:188} INFO - [2026-03-28T10:20:54.458+0000] {dagbag.py:545} INFO - Filling up the DagBag from /opt/airflow/dags/tmdb_daily_dag.py
[2026-03-28T10:20:54.464+0000] {processor.py:840} INFO - DAG(s) 'tmdb_raw_pipeline' retrieved from /opt/airflow/dags/tmdb_daily_dag.py
[2026-03-28T10:20:54.473+0000] {logging_mixin.py:188} INFO - [2026-03-28T10:20:54.473+0000] {dag.py:3096} INFO - Sync 1 DAGs
[2026-03-28T10:20:54.482+0000] {logging_mixin.py:188} INFO - [2026-03-28T10:20:54.481+0000] {dag.py:3954} INFO - Setting next_dagrun for tmdb_raw_pipeline to 2026-03-28 00:00:00+00:00, run_after=2026-03-29 00:00:00+00:00
[2026-03-28T10:20:54.488+0000] {processor.py:183} INFO - Processing /opt/airflow/dags/tmdb_daily_dag.py took 0.033 seconds
[2026-03-28T10:21:25.038+0000] {processor.py:161} INFO - Started process (PID=42828) to work on /opt/airflow/dags/tmdb_daily_dag.py
[2026-03-28T10:21:25.038+0000] {processor.py:830} INFO - Processing file /opt/airflow/dags/tmdb_daily_dag.py for tasks to queue
[2026-03-28T10:21:25.039+0000] {logging_mixin.py:188} INFO - [2026-03-28T10:21:25.039+0000] {dagbag.py:545} INFO - Filling up the DagBag from /opt/airflow/dags/tmdb_daily_dag.py
[2026-03-28T10:21:25.046+0000] {processor.py:840} INFO - DAG(s) 'tmdb_raw_pipeline' retrieved from /opt/airflow/dags/tmdb_daily_dag.py
[2026-03-28T10:21:25.056+0000] {logging_mixin.py:188} INFO - [2026-03-28T10:21:25.056+0000] {dag.py:3096} INFO - Sync 1 DAGs
[2026-03-28T10:21:25.064+0000] {logging_mixin.py:188} INFO - [2026-03-28T10:21:25.064+0000] {dag.py:3954} INFO - Setting next_dagrun for tmdb_raw_pipeline to 2026-03-28 00:00:00+00:00, run_after=2026-03-29 00:00:00+00:00
[2026-03-28T10:21:25.069+0000] {processor.py:183} INFO - Processing /opt/airflow/dags/tmdb_daily_dag.py took 0.034 seconds
[2026-03-28T10:48:35.753+0000] {processor.py:161} INFO - Started process (PID=42848) to work on /opt/airflow/dags/tmdb_daily_dag.py
[2026-03-28T10:48:35.754+0000] {processor.py:830} INFO - Processing file /opt/airflow/dags/tmdb_daily_dag.py for tasks to queue
[2026-03-28T10:48:35.754+0000] {logging_mixin.py:188} INFO - [2026-03-28T10:48:35.754+0000] {dagbag.py:545} INFO - Filling up the DagBag from /opt/airflow/dags/tmdb_daily_dag.py
[2026-03-28T10:48:35.764+0000] {processor.py:840} INFO - DAG(s) 'tmdb_raw_pipeline' retrieved from /opt/airflow/dags/tmdb_daily_dag.py
[2026-03-28T10:48:35.775+0000] {logging_mixin.py:188} INFO - [2026-03-28T10:48:35.774+0000] {dag.py:3096} INFO - Sync 1 DAGs
[2026-03-28T10:48:35.784+0000] {logging_mixin.py:188} INFO - [2026-03-28T10:48:35.784+0000] {dag.py:3954} INFO - Setting next_dagrun for tmdb_raw_pipeline to 2026-03-28 00:00:00+00:00, run_after=2026-03-29 00:00:00+00:00
[2026-03-28T10:48:35.790+0000] {processor.py:183} INFO - Processing /opt/airflow/dags/tmdb_daily_dag.py took 0.040 seconds
[2026-03-28T11:49:30.395+0000] {processor.py:161} INFO - Started process (PID=42868) to work on /opt/airflow/dags/tmdb_daily_dag.py
[2026-03-28T11:49:30.395+0000] {processor.py:830} INFO - Processing file /opt/airflow/dags/tmdb_daily_dag.py for tasks to queue
[2026-03-28T11:49:30.396+0000] {logging_mixin.py:188} INFO - [2026-03-28T11:49:30.396+0000] {dagbag.py:545} INFO - Filling up the DagBag from /opt/airflow/dags/tmdb_daily_dag.py
[2026-03-28T11:49:30.404+0000] {processor.py:840} INFO - DAG(s) 'tmdb_raw_pipeline' retrieved from /opt/airflow/dags/tmdb_daily_dag.py
[2026-03-28T11:49:30.414+0000] {logging_mixin.py:188} INFO - [2026-03-28T11:49:30.414+0000] {dag.py:3096} INFO - Sync 1 DAGs
[2026-03-28T11:49:30.423+0000] {logging_mixin.py:188} INFO - [2026-03-28T11:49:30.423+0000] {dag.py:3954} INFO - Setting next_dagrun for tmdb_raw_pipeline to 2026-03-28 00:00:00+00:00, run_after=2026-03-29 00:00:00+00:00
[2026-03-28T11:49:30.429+0000] {processor.py:183} INFO - Processing /opt/airflow/dags/tmdb_daily_dag.py took 0.036 seconds
[2026-03-28T12:23:34.426+0000] {processor.py:161} INFO - Started process (PID=42888) to work on /opt/airflow/dags/tmdb_daily_dag.py
[2026-03-28T12:23:34.426+0000] {processor.py:830} INFO - Processing file /opt/airflow/dags/tmdb_daily_dag.py for tasks to queue
[2026-03-28T12:23:34.427+0000] {logging_mixin.py:188} INFO - [2026-03-28T12:23:34.427+0000] {dagbag.py:545} INFO - Filling up the DagBag from /opt/airflow/dags/tmdb_daily_dag.py
[2026-03-28T12:23:34.432+0000] {processor.py:840} INFO - DAG(s) 'tmdb_raw_pipeline' retrieved from /opt/airflow/dags/tmdb_daily_dag.py
[2026-03-28T12:23:34.442+0000] {logging_mixin.py:188} INFO - [2026-03-28T12:23:34.442+0000] {dag.py:3096} INFO - Sync 1 DAGs
[2026-03-28T12:23:34.451+0000] {logging_mixin.py:188} INFO - [2026-03-28T12:23:34.451+0000] {dag.py:3954} INFO - Setting next_dagrun for tmdb_raw_pipeline to 2026-03-28 00:00:00+00:00, run_after=2026-03-29 00:00:00+00:00
[2026-03-28T12:23:34.457+0000] {processor.py:183} INFO - Processing /opt/airflow/dags/tmdb_daily_dag.py took 0.035 seconds
[2026-03-28T12:49:58.708+0000] {processor.py:161} INFO - Started process (PID=42908) to work on /opt/airflow/dags/tmdb_daily_dag.py
[2026-03-28T12:49:58.709+0000] {processor.py:830} INFO - Processing file /opt/airflow/dags/tmdb_daily_dag.py for tasks to queue
[2026-03-28T12:49:58.709+0000] {logging_mixin.py:188} INFO - [2026-03-28T12:49:58.709+0000] {dagbag.py:545} INFO - Filling up the DagBag from /opt/airflow/dags/tmdb_daily_dag.py
[2026-03-28T12:49:58.718+0000] {processor.py:840} INFO - DAG(s) 'tmdb_raw_pipeline' retrieved from /opt/airflow/dags/tmdb_daily_dag.py
[2026-03-28T12:49:58.731+0000] {logging_mixin.py:188} INFO - [2026-03-28T12:49:58.731+0000] {dag.py:3096} INFO - Sync 1 DAGs
[2026-03-28T12:49:58.746+0000] {logging_mixin.py:188} INFO - [2026-03-28T12:49:58.746+0000] {dag.py:3954} INFO - Setting next_dagrun for tmdb_raw_pipeline to 2026-03-28 00:00:00+00:00, run_after=2026-03-29 00:00:00+00:00
[2026-03-28T12:49:58.755+0000] {processor.py:183} INFO - Processing /opt/airflow/dags/tmdb_daily_dag.py took 0.050 seconds
[2026-03-28T12:50:29.286+0000] {processor.py:161} INFO - Started process (PID=42928) to work on /opt/airflow/dags/tmdb_daily_dag.py
[2026-03-28T12:50:29.286+0000] {processor.py:830} INFO - Processing file /opt/airflow/dags/tmdb_daily_dag.py for tasks to queue
[2026-03-28T12:50:29.286+0000] {logging_mixin.py:188} INFO - [2026-03-28T12:50:29.286+0000] {dagbag.py:545} INFO - Filling up the DagBag from /opt/airflow/dags/tmdb_daily_dag.py
[2026-03-28T12:50:29.292+0000] {processor.py:840} INFO - DAG(s) 'tmdb_raw_pipeline' retrieved from /opt/airflow/dags/tmdb_daily_dag.py
[2026-03-28T12:50:29.302+0000] {logging_mixin.py:188} INFO - [2026-03-28T12:50:29.302+0000] {dag.py:3096} INFO - Sync 1 DAGs
[2026-03-28T12:50:29.311+0000] {logging_mixin.py:188} INFO - [2026-03-28T12:50:29.311+0000] {dag.py:3954} INFO - Setting next_dagrun for tmdb_raw_pipeline to 2026-03-28 00:00:00+00:00, run_after=2026-03-29 00:00:00+00:00
[2026-03-28T12:50:29.322+0000] {processor.py:183} INFO - Processing /opt/airflow/dags/tmdb_daily_dag.py took 0.039 seconds
[2026-03-28T12:50:59.738+0000] {processor.py:161} INFO - Started process (PID=42948) to work on /opt/airflow/dags/tmdb_daily_dag.py
[2026-03-28T12:50:59.738+0000] {processor.py:830} INFO - Processing file /opt/airflow/dags/tmdb_daily_dag.py for tasks to queue
[2026-03-28T12:50:59.739+0000] {logging_mixin.py:188} INFO - [2026-03-28T12:50:59.739+0000] {dagbag.py:545} INFO - Filling up the DagBag from /opt/airflow/dags/tmdb_daily_dag.py
[2026-03-28T12:50:59.745+0000] {processor.py:840} INFO - DAG(s) 'tmdb_raw_pipeline' retrieved from /opt/airflow/dags/tmdb_daily_dag.py
[2026-03-28T12:50:59.756+0000] {logging_mixin.py:188} INFO - [2026-03-28T12:50:59.756+0000] {dag.py:3096} INFO - Sync 1 DAGs
[2026-03-28T12:50:59.766+0000] {logging_mixin.py:188} INFO - [2026-03-28T12:50:59.765+0000] {dag.py:3954} INFO - Setting next_dagrun for tmdb_raw_pipeline to 2026-03-28 00:00:00+00:00, run_after=2026-03-29 00:00:00+00:00
[2026-03-28T12:50:59.772+0000] {processor.py:183} INFO - Processing /opt/airflow/dags/tmdb_daily_dag.py took 0.038 seconds
[2026-03-28T13:26:46.768+0000] {processor.py:161} INFO - Started process (PID=42968) to work on /opt/airflow/dags/tmdb_daily_dag.py
[2026-03-28T13:26:46.769+0000] {processor.py:830} INFO - Processing file /opt/airflow/dags/tmdb_daily_dag.py for tasks to queue
[2026-03-28T13:26:46.769+0000] {logging_mixin.py:188} INFO - [2026-03-28T13:26:46.769+0000] {dagbag.py:545} INFO - Filling up the DagBag from /opt/airflow/dags/tmdb_daily_dag.py
[2026-03-28T13:26:46.775+0000] {processor.py:840} INFO - DAG(s) 'tmdb_raw_pipeline' retrieved from /opt/airflow/dags/tmdb_daily_dag.py
[2026-03-28T13:26:46.786+0000] {logging_mixin.py:188} INFO - [2026-03-28T13:26:46.786+0000] {dag.py:3096} INFO - Sync 1 DAGs
[2026-03-28T13:26:46.795+0000] {logging_mixin.py:188} INFO - [2026-03-28T13:26:46.795+0000] {dag.py:3954} INFO - Setting next_dagrun for tmdb_raw_pipeline to 2026-03-28 00:00:00+00:00, run_after=2026-03-29 00:00:00+00:00
[2026-03-28T13:26:46.801+0000] {processor.py:183} INFO - Processing /opt/airflow/dags/tmdb_daily_dag.py took 0.036 seconds
[2026-03-28T14:41:17.448+0000] {processor.py:161} INFO - Started process (PID=42988) to work on /opt/airflow/dags/tmdb_daily_dag.py
[2026-03-28T14:41:17.449+0000] {processor.py:830} INFO - Processing file /opt/airflow/dags/tmdb_daily_dag.py for tasks to queue
[2026-03-28T14:41:17.449+0000] {logging_mixin.py:188} INFO - [2026-03-28T14:41:17.449+0000] {dagbag.py:545} INFO - Filling up the DagBag from /opt/airflow/dags/tmdb_daily_dag.py
[2026-03-28T14:41:17.455+0000] {processor.py:840} INFO - DAG(s) 'tmdb_raw_pipeline' retrieved from /opt/airflow/dags/tmdb_daily_dag.py
[2026-03-28T14:41:17.465+0000] {logging_mixin.py:188} INFO - [2026-03-28T14:41:17.464+0000] {dag.py:3096} INFO - Sync 1 DAGs
[2026-03-28T14:41:17.474+0000] {logging_mixin.py:188} INFO - [2026-03-28T14:41:17.474+0000] {dag.py:3954} INFO - Setting next_dagrun for tmdb_raw_pipeline to 2026-03-28 00:00:00+00:00, run_after=2026-03-29 00:00:00+00:00
[2026-03-28T14:41:17.480+0000] {processor.py:183} INFO - Processing /opt/airflow/dags/tmdb_daily_dag.py took 0.034 seconds
[2026-03-28T15:38:04.448+0000] {processor.py:161} INFO - Started process (PID=43008) to work on /opt/airflow/dags/tmdb_daily_dag.py
[2026-03-28T15:38:04.448+0000] {processor.py:830} INFO - Processing file /opt/airflow/dags/tmdb_daily_dag.py for tasks to queue
[2026-03-28T15:38:04.449+0000] {logging_mixin.py:188} INFO - [2026-03-28T15:38:04.449+0000] {dagbag.py:545} INFO - Filling up the DagBag from /opt/airflow/dags/tmdb_daily_dag.py
[2026-03-28T15:38:04.455+0000] {processor.py:840} INFO - DAG(s) 'tmdb_raw_pipeline' retrieved from /opt/airflow/dags/tmdb_daily_dag.py
[2026-03-28T15:38:04.465+0000] {logging_mixin.py:188} INFO - [2026-03-28T15:38:04.465+0000] {dag.py:3096} INFO - Sync 1 DAGs
[2026-03-28T15:38:04.474+0000] {logging_mixin.py:188} INFO - [2026-03-28T15:38:04.473+0000] {dag.py:3954} INFO - Setting next_dagrun for tmdb_raw_pipeline to 2026-03-28 00:00:00+00:00, run_after=2026-03-29 00:00:00+00:00
[2026-03-28T15:38:04.479+0000] {processor.py:183} INFO - Processing /opt/airflow/dags/tmdb_daily_dag.py took 0.035 seconds
[2026-03-28T16:08:17.949+0000] {processor.py:161} INFO - Started process (PID=43028) to work on /opt/airflow/dags/tmdb_daily_dag.py
[2026-03-28T16:08:17.950+0000] {processor.py:830} INFO - Processing file /opt/airflow/dags/tmdb_daily_dag.py for tasks to queue
[2026-03-28T16:08:17.950+0000] {logging_mixin.py:188} INFO - [2026-03-28T16:08:17.950+0000] {dagbag.py:545} INFO - Filling up the DagBag from /opt/airflow/dags/tmdb_daily_dag.py
[2026-03-28T16:08:17.956+0000] {processor.py:840} INFO - DAG(s) 'tmdb_raw_pipeline' retrieved from /opt/airflow/dags/tmdb_daily_dag.py
[2026-03-28T16:08:17.965+0000] {logging_mixin.py:188} INFO - [2026-03-28T16:08:17.965+0000] {dag.py:3096} INFO - Sync 1 DAGs
[2026-03-28T16:08:17.973+0000] {logging_mixin.py:188} INFO - [2026-03-28T16:08:17.973+0000] {dag.py:3954} INFO - Setting next_dagrun for tmdb_raw_pipeline to 2026-03-28 00:00:00+00:00, run_after=2026-03-29 00:00:00+00:00
[2026-03-28T16:08:17.978+0000] {processor.py:183} INFO - Processing /opt/airflow/dags/tmdb_daily_dag.py took 0.031 seconds
[2026-03-28T16:26:09.910+0000] {processor.py:161} INFO - Started process (PID=43048) to work on /opt/airflow/dags/tmdb_daily_dag.py
[2026-03-28T16:26:09.910+0000] {processor.py:830} INFO - Processing file /opt/airflow/dags/tmdb_daily_dag.py for tasks to queue
[2026-03-28T16:26:09.911+0000] {logging_mixin.py:188} INFO - [2026-03-28T16:26:09.910+0000] {dagbag.py:545} INFO - Filling up the DagBag from /opt/airflow/dags/tmdb_daily_dag.py
[2026-03-28T16:26:09.916+0000] {processor.py:840} INFO - DAG(s) 'tmdb_raw_pipeline' retrieved from /opt/airflow/dags/tmdb_daily_dag.py
[2026-03-28T16:26:09.925+0000] {logging_mixin.py:188} INFO - [2026-03-28T16:26:09.925+0000] {dag.py:3096} INFO - Sync 1 DAGs
[2026-03-28T16:26:09.935+0000] {logging_mixin.py:188} INFO - [2026-03-28T16:26:09.935+0000] {dag.py:3954} INFO - Setting next_dagrun for tmdb_raw_pipeline to 2026-03-28 00:00:00+00:00, run_after=2026-03-29 00:00:00+00:00
[2026-03-28T16:26:09.944+0000] {processor.py:183} INFO - Processing /opt/airflow/dags/tmdb_daily_dag.py took 0.036 seconds
[2026-03-28T17:09:49.243+0000] {processor.py:161} INFO - Started process (PID=43068) to work on /opt/airflow/dags/tmdb_daily_dag.py
[2026-03-28T17:09:49.244+0000] {processor.py:830} INFO - Processing file /opt/airflow/dags/tmdb_daily_dag.py for tasks to queue
[2026-03-28T17:09:49.244+0000] {logging_mixin.py:188} INFO - [2026-03-28T17:09:49.244+0000] {dagbag.py:545} INFO - Filling up the DagBag from /opt/airflow/dags/tmdb_daily_dag.py
[2026-03-28T17:09:49.251+0000] {processor.py:840} INFO - DAG(s) 'tmdb_raw_pipeline' retrieved from /opt/airflow/dags/tmdb_daily_dag.py
[2026-03-28T17:09:49.268+0000] {logging_mixin.py:188} INFO - [2026-03-28T17:09:49.268+0000] {dag.py:3096} INFO - Sync 1 DAGs
[2026-03-28T17:09:49.280+0000] {logging_mixin.py:188} INFO - [2026-03-28T17:09:49.280+0000] {dag.py:3954} INFO - Setting next_dagrun for tmdb_raw_pipeline to 2026-03-28 00:00:00+00:00, run_after=2026-03-29 00:00:00+00:00
[2026-03-28T17:09:49.289+0000] {processor.py:183} INFO - Processing /opt/airflow/dags/tmdb_daily_dag.py took 0.050 seconds
[2026-03-28T17:10:19.534+0000] {processor.py:161} INFO - Started process (PID=43088) to work on /opt/airflow/dags/tmdb_daily_dag.py
[2026-03-28T17:10:19.535+0000] {processor.py:830} INFO - Processing file /opt/airflow/dags/tmdb_daily_dag.py for tasks to queue
[2026-03-28T17:10:19.535+0000] {logging_mixin.py:188} INFO - [2026-03-28T17:10:19.535+0000] {dagbag.py:545} INFO - Filling up the DagBag from /opt/airflow/dags/tmdb_daily_dag.py
[2026-03-28T17:10:19.541+0000] {processor.py:840} INFO - DAG(s) 'tmdb_raw_pipeline' retrieved from /opt/airflow/dags/tmdb_daily_dag.py
[2026-03-28T17:10:19.552+0000] {logging_mixin.py:188} INFO - [2026-03-28T17:10:19.552+0000] {dag.py:3096} INFO - Sync 1 DAGs
[2026-03-28T17:10:19.562+0000] {logging_mixin.py:188} INFO - [2026-03-28T17:10:19.562+0000] {dag.py:3954} INFO - Setting next_dagrun for tmdb_raw_pipeline to 2026-03-28 00:00:00+00:00, run_after=2026-03-29 00:00:00+00:00
[2026-03-28T17:10:19.570+0000] {processor.py:183} INFO - Processing /opt/airflow/dags/tmdb_daily_dag.py took 0.039 seconds
[2026-03-28T17:10:50.011+0000] {processor.py:161} INFO - Started process (PID=43108) to work on /opt/airflow/dags/tmdb_daily_dag.py
[2026-03-28T17:10:50.011+0000] {processor.py:830} INFO - Processing file /opt/airflow/dags/tmdb_daily_dag.py for tasks to queue
[2026-03-28T17:10:50.012+0000] {logging_mixin.py:188} INFO - [2026-03-28T17:10:50.011+0000] {dagbag.py:545} INFO - Filling up the DagBag from /opt/airflow/dags/tmdb_daily_dag.py
[2026-03-28T17:10:50.017+0000] {processor.py:840} INFO - DAG(s) 'tmdb_raw_pipeline' retrieved from /opt/airflow/dags/tmdb_daily_dag.py
[2026-03-28T17:10:50.027+0000] {logging_mixin.py:188} INFO - [2026-03-28T17:10:50.027+0000] {dag.py:3096} INFO - Sync 1 DAGs
[2026-03-28T17:10:50.036+0000] {logging_mixin.py:188} INFO - [2026-03-28T17:10:50.036+0000] {dag.py:3954} INFO - Setting next_dagrun for tmdb_raw_pipeline to 2026-03-28 00:00:00+00:00, run_after=2026-03-29 00:00:00+00:00
[2026-03-28T17:10:50.043+0000] {processor.py:183} INFO - Processing /opt/airflow/dags/tmdb_daily_dag.py took 0.035 seconds
[2026-03-28T17:11:20.478+0000] {processor.py:161} INFO - Started process (PID=43128) to work on /opt/airflow/dags/tmdb_daily_dag.py
[2026-03-28T17:11:20.478+0000] {processor.py:830} INFO - Processing file /opt/airflow/dags/tmdb_daily_dag.py for tasks to queue
[2026-03-28T17:11:20.479+0000] {logging_mixin.py:188} INFO - [2026-03-28T17:11:20.478+0000] {dagbag.py:545} INFO - Filling up the DagBag from /opt/airflow/dags/tmdb_daily_dag.py
[2026-03-28T17:11:20.484+0000] {processor.py:840} INFO - DAG(s) 'tmdb_raw_pipeline' retrieved from /opt/airflow/dags/tmdb_daily_dag.py
[2026-03-28T17:11:20.497+0000] {logging_mixin.py:188} INFO - [2026-03-28T17:11:20.497+0000] {dag.py:3096} INFO - Sync 1 DAGs
[2026-03-28T17:11:20.505+0000] {logging_mixin.py:188} INFO - [2026-03-28T17:11:20.505+0000] {dag.py:3954} INFO - Setting next_dagrun for tmdb_raw_pipeline to 2026-03-28 00:00:00+00:00, run_after=2026-03-29 00:00:00+00:00
[2026-03-28T17:11:20.513+0000] {processor.py:183} INFO - Processing /opt/airflow/dags/tmdb_daily_dag.py took 0.038 seconds
[2026-03-28T17:11:50.944+0000] {processor.py:161} INFO - Started process (PID=43148) to work on /opt/airflow/dags/tmdb_daily_dag.py
[2026-03-28T17:11:50.945+0000] {processor.py:830} INFO - Processing file /opt/airflow/dags/tmdb_daily_dag.py for tasks to queue
[2026-03-28T17:11:50.945+0000] {logging_mixin.py:188} INFO - [2026-03-28T17:11:50.945+0000] {dagbag.py:545} INFO - Filling up the DagBag from /opt/airflow/dags/tmdb_daily_dag.py
[2026-03-28T17:11:50.951+0000] {processor.py:840} INFO - DAG(s) 'tmdb_raw_pipeline' retrieved from /opt/airflow/dags/tmdb_daily_dag.py
[2026-03-28T17:11:50.963+0000] {logging_mixin.py:188} INFO - [2026-03-28T17:11:50.963+0000] {dag.py:3096} INFO - Sync 1 DAGs
[2026-03-28T17:11:50.973+0000] {logging_mixin.py:188} INFO - [2026-03-28T17:11:50.973+0000] {dag.py:3954} INFO - Setting next_dagrun for tmdb_raw_pipeline to 2026-03-28 00:00:00+00:00, run_after=2026-03-29 00:00:00+00:00
[2026-03-28T17:11:50.981+0000] {processor.py:183} INFO - Processing /opt/airflow/dags/tmdb_daily_dag.py took 0.040 seconds
[2026-03-28T17:12:21.400+0000] {processor.py:161} INFO - Started process (PID=43168) to work on /opt/airflow/dags/tmdb_daily_dag.py
[2026-03-28T17:12:21.400+0000] {processor.py:830} INFO - Processing file /opt/airflow/dags/tmdb_daily_dag.py for tasks to queue
[2026-03-28T17:12:21.401+0000] {logging_mixin.py:188} INFO - [2026-03-28T17:12:21.400+0000] {dagbag.py:545} INFO - Filling up the DagBag from /opt/airflow/dags/tmdb_daily_dag.py
[2026-03-28T17:12:21.406+0000] {processor.py:840} INFO - DAG(s) 'tmdb_raw_pipeline' retrieved from /opt/airflow/dags/tmdb_daily_dag.py
[2026-03-28T17:12:21.415+0000] {logging_mixin.py:188} INFO - [2026-03-28T17:12:21.415+0000] {dag.py:3096} INFO - Sync 1 DAGs
[2026-03-28T17:12:21.422+0000] {logging_mixin.py:188} INFO - [2026-03-28T17:12:21.422+0000] {dag.py:3954} INFO - Setting next_dagrun for tmdb_raw_pipeline to 2026-03-28 00:00:00+00:00, run_after=2026-03-29 00:00:00+00:00
[2026-03-28T17:12:21.428+0000] {processor.py:183} INFO - Processing /opt/airflow/dags/tmdb_daily_dag.py took 0.032 seconds
[2026-03-28T17:12:51.886+0000] {processor.py:161} INFO - Started process (PID=43188) to work on /opt/airflow/dags/tmdb_daily_dag.py
[2026-03-28T17:12:51.887+0000] {processor.py:830} INFO - Processing file /opt/airflow/dags/tmdb_daily_dag.py for tasks to queue
[2026-03-28T17:12:51.887+0000] {logging_mixin.py:188} INFO - [2026-03-28T17:12:51.887+0000] {dagbag.py:545} INFO - Filling up the DagBag from /opt/airflow/dags/tmdb_daily_dag.py
[2026-03-28T17:12:51.894+0000] {processor.py:840} INFO - DAG(s) 'tmdb_raw_pipeline' retrieved from /opt/airflow/dags/tmdb_daily_dag.py
[2026-03-28T17:12:51.905+0000] {logging_mixin.py:188} INFO - [2026-03-28T17:12:51.905+0000] {dag.py:3096} INFO - Sync 1 DAGs
[2026-03-28T17:12:51.914+0000] {logging_mixin.py:188} INFO - [2026-03-28T17:12:51.914+0000] {dag.py:3954} INFO - Setting next_dagrun for tmdb_raw_pipeline to 2026-03-28 00:00:00+00:00, run_after=2026-03-29 00:00:00+00:00
[2026-03-28T17:12:51.920+0000] {processor.py:183} INFO - Processing /opt/airflow/dags/tmdb_daily_dag.py took 0.036 seconds
[2026-03-28T17:13:22.395+0000] {processor.py:161} INFO - Started process (PID=43208) to work on /opt/airflow/dags/tmdb_daily_dag.py
[2026-03-28T17:13:22.396+0000] {processor.py:830} INFO - Processing file /opt/airflow/dags/tmdb_daily_dag.py for tasks to queue
[2026-03-28T17:13:22.396+0000] {logging_mixin.py:188} INFO - [2026-03-28T17:13:22.396+0000] {dagbag.py:545} INFO - Filling up the DagBag from /opt/airflow/dags/tmdb_daily_dag.py
[2026-03-28T17:13:22.403+0000] {processor.py:840} INFO - DAG(s) 'tmdb_raw_pipeline' retrieved from /opt/airflow/dags/tmdb_daily_dag.py
[2026-03-28T17:13:22.414+0000] {logging_mixin.py:188} INFO - [2026-03-28T17:13:22.414+0000] {dag.py:3096} INFO - Sync 1 DAGs
[2026-03-28T17:13:22.422+0000] {logging_mixin.py:188} INFO - [2026-03-28T17:13:22.422+0000] {dag.py:3954} INFO - Setting next_dagrun for tmdb_raw_pipeline to 2026-03-28 00:00:00+00:00, run_after=2026-03-29 00:00:00+00:00
[2026-03-28T17:13:22.429+0000] {processor.py:183} INFO - Processing /opt/airflow/dags/tmdb_daily_dag.py took 0.037 seconds
[2026-03-28T17:13:52.827+0000] {processor.py:161} INFO - Started process (PID=43228) to work on /opt/airflow/dags/tmdb_daily_dag.py
[2026-03-28T17:13:52.828+0000] {processor.py:830} INFO - Processing file /opt/airflow/dags/tmdb_daily_dag.py for tasks to queue
[2026-03-28T17:13:52.828+0000] {logging_mixin.py:188} INFO - [2026-03-28T17:13:52.828+0000] {dagbag.py:545} INFO - Filling up the DagBag from /opt/airflow/dags/tmdb_daily_dag.py
[2026-03-28T17:13:52.833+0000] {processor.py:840} INFO - DAG(s) 'tmdb_raw_pipeline' retrieved from /opt/airflow/dags/tmdb_daily_dag.py
[2026-03-28T17:13:52.842+0000] {logging_mixin.py:188} INFO - [2026-03-28T17:13:52.842+0000] {dag.py:3096} INFO - Sync 1 DAGs
[2026-03-28T17:13:52.850+0000] {logging_mixin.py:188} INFO - [2026-03-28T17:13:52.850+0000] {dag.py:3954} INFO - Setting next_dagrun for tmdb_raw_pipeline to 2026-03-28 00:00:00+00:00, run_after=2026-03-29 00:00:00+00:00
[2026-03-28T17:13:52.856+0000] {processor.py:183} INFO - Processing /opt/airflow/dags/tmdb_daily_dag.py took 0.032 seconds
[2026-03-28T17:14:23.308+0000] {processor.py:161} INFO - Started process (PID=43248) to work on /opt/airflow/dags/tmdb_daily_dag.py
[2026-03-28T17:14:23.309+0000] {processor.py:830} INFO - Processing file /opt/airflow/dags/tmdb_daily_dag.py for tasks to queue
[2026-03-28T17:14:23.309+0000] {logging_mixin.py:188} INFO - [2026-03-28T17:14:23.309+0000] {dagbag.py:545} INFO - Filling up the DagBag from /opt/airflow/dags/tmdb_daily_dag.py
[2026-03-28T17:14:23.315+0000] {processor.py:840} INFO - DAG(s) 'tmdb_raw_pipeline' retrieved from /opt/airflow/dags/tmdb_daily_dag.py
[2026-03-28T17:14:23.325+0000] {logging_mixin.py:188} INFO - [2026-03-28T17:14:23.325+0000] {dag.py:3096} INFO - Sync 1 DAGs
[2026-03-28T17:14:23.333+0000] {logging_mixin.py:188} INFO - [2026-03-28T17:14:23.333+0000] {dag.py:3954} INFO - Setting next_dagrun for tmdb_raw_pipeline to 2026-03-28 00:00:00+00:00, run_after=2026-03-29 00:00:00+00:00
[2026-03-28T17:14:23.338+0000] {processor.py:183} INFO - Processing /opt/airflow/dags/tmdb_daily_dag.py took 0.034 seconds
[2026-03-28T17:14:53.837+0000] {processor.py:161} INFO - Started process (PID=43268) to work on /opt/airflow/dags/tmdb_daily_dag.py
[2026-03-28T17:14:53.838+0000] {processor.py:830} INFO - Processing file /opt/airflow/dags/tmdb_daily_dag.py for tasks to queue
[2026-03-28T17:14:53.838+0000] {logging_mixin.py:188} INFO - [2026-03-28T17:14:53.838+0000] {dagbag.py:545} INFO - Filling up the DagBag from /opt/airflow/dags/tmdb_daily_dag.py
[2026-03-28T17:14:53.844+0000] {processor.py:840} INFO - DAG(s) 'tmdb_raw_pipeline' retrieved from /opt/airflow/dags/tmdb_daily_dag.py
[2026-03-28T17:14:53.855+0000] {logging_mixin.py:188} INFO - [2026-03-28T17:14:53.854+0000] {dag.py:3096} INFO - Sync 1 DAGs
[2026-03-28T17:14:53.863+0000] {logging_mixin.py:188} INFO - [2026-03-28T17:14:53.863+0000] {dag.py:3954} INFO - Setting next_dagrun for tmdb_raw_pipeline to 2026-03-28 00:00:00+00:00, run_after=2026-03-29 00:00:00+00:00
[2026-03-28T17:14:53.869+0000] {processor.py:183} INFO - Processing /opt/airflow/dags/tmdb_daily_dag.py took 0.035 seconds
[2026-03-28T17:15:24.351+0000] {processor.py:161} INFO - Started process (PID=43288) to work on /opt/airflow/dags/tmdb_daily_dag.py
[2026-03-28T17:15:24.351+0000] {processor.py:830} INFO - Processing file /opt/airflow/dags/tmdb_daily_dag.py for tasks to queue
[2026-03-28T17:15:24.351+0000] {logging_mixin.py:188} INFO - [2026-03-28T17:15:24.351+0000] {dagbag.py:545} INFO - Filling up the DagBag from /opt/airflow/dags/tmdb_daily_dag.py
[2026-03-28T17:15:24.357+0000] {processor.py:840} INFO - DAG(s) 'tmdb_raw_pipeline' retrieved from /opt/airflow/dags/tmdb_daily_dag.py
[2026-03-28T17:15:24.367+0000] {logging_mixin.py:188} INFO - [2026-03-28T17:15:24.367+0000] {dag.py:3096} INFO - Sync 1 DAGs
[2026-03-28T17:15:24.376+0000] {logging_mixin.py:188} INFO - [2026-03-28T17:15:24.376+0000] {dag.py:3954} INFO - Setting next_dagrun for tmdb_raw_pipeline to 2026-03-28 00:00:00+00:00, run_after=2026-03-29 00:00:00+00:00
[2026-03-28T17:15:24.383+0000] {processor.py:183} INFO - Processing /opt/airflow/dags/tmdb_daily_dag.py took 0.036 seconds
[2026-03-28T17:15:54.782+0000] {processor.py:161} INFO - Started process (PID=43308) to work on /opt/airflow/dags/tmdb_daily_dag.py
[2026-03-28T17:15:54.783+0000] {processor.py:830} INFO - Processing file /opt/airflow/dags/tmdb_daily_dag.py for tasks to queue
[2026-03-28T17:15:54.783+0000] {logging_mixin.py:188} INFO - [2026-03-28T17:15:54.783+0000] {dagbag.py:545} INFO - Filling up the DagBag from /opt/airflow/dags/tmdb_daily_dag.py
[2026-03-28T17:15:54.788+0000] {processor.py:840} INFO - DAG(s) 'tmdb_raw_pipeline' retrieved from /opt/airflow/dags/tmdb_daily_dag.py
[2026-03-28T17:15:54.798+0000] {logging_mixin.py:188} INFO - [2026-03-28T17:15:54.798+0000] {dag.py:3096} INFO - Sync 1 DAGs
[2026-03-28T17:15:54.806+0000] {logging_mixin.py:188} INFO - [2026-03-28T17:15:54.806+0000] {dag.py:3954} INFO - Setting next_dagrun for tmdb_raw_pipeline to 2026-03-28 00:00:00+00:00, run_after=2026-03-29 00:00:00+00:00
[2026-03-28T17:15:54.812+0000] {processor.py:183} INFO - Processing /opt/airflow/dags/tmdb_daily_dag.py took 0.032 seconds
[2026-03-28T17:16:25.335+0000] {processor.py:161} INFO - Started process (PID=43328) to work on /opt/airflow/dags/tmdb_daily_dag.py
[2026-03-28T17:16:25.336+0000] {processor.py:830} INFO - Processing file /opt/airflow/dags/tmdb_daily_dag.py for tasks to queue
[2026-03-28T17:16:25.337+0000] {logging_mixin.py:188} INFO - [2026-03-28T17:16:25.337+0000] {dagbag.py:545} INFO - Filling up the DagBag from /opt/airflow/dags/tmdb_daily_dag.py
[2026-03-28T17:16:25.346+0000] {processor.py:840} INFO - DAG(s) 'tmdb_raw_pipeline' retrieved from /opt/airflow/dags/tmdb_daily_dag.py
[2026-03-28T17:16:25.356+0000] {logging_mixin.py:188} INFO - [2026-03-28T17:16:25.356+0000] {dag.py:3096} INFO - Sync 1 DAGs
[2026-03-28T17:16:25.364+0000] {logging_mixin.py:188} INFO - [2026-03-28T17:16:25.364+0000] {dag.py:3954} INFO - Setting next_dagrun for tmdb_raw_pipeline to 2026-03-28 00:00:00+00:00, run_after=2026-03-29 00:00:00+00:00
[2026-03-28T17:16:25.370+0000] {processor.py:183} INFO - Processing /opt/airflow/dags/tmdb_daily_dag.py took 0.039 seconds
[2026-03-28T17:16:55.743+0000] {processor.py:161} INFO - Started process (PID=43348) to work on /opt/airflow/dags/tmdb_daily_dag.py
[2026-03-28T17:16:55.744+0000] {processor.py:830} INFO - Processing file /opt/airflow/dags/tmdb_daily_dag.py for tasks to queue
[2026-03-28T17:16:55.745+0000] {logging_mixin.py:188} INFO - [2026-03-28T17:16:55.745+0000] {dagbag.py:545} INFO - Filling up the DagBag from /opt/airflow/dags/tmdb_daily_dag.py
[2026-03-28T17:16:55.752+0000] {processor.py:840} INFO - DAG(s) 'tmdb_raw_pipeline' retrieved from /opt/airflow/dags/tmdb_daily_dag.py
[2026-03-28T17:16:55.767+0000] {logging_mixin.py:188} INFO - [2026-03-28T17:16:55.767+0000] {dag.py:3096} INFO - Sync 1 DAGs
[2026-03-28T17:16:55.776+0000] {logging_mixin.py:188} INFO - [2026-03-28T17:16:55.776+0000] {dag.py:3954} INFO - Setting next_dagrun for tmdb_raw_pipeline to 2026-03-28 00:00:00+00:00, run_after=2026-03-29 00:00:00+00:00
[2026-03-28T17:16:55.788+0000] {processor.py:183} INFO - Processing /opt/airflow/dags/tmdb_daily_dag.py took 0.048 seconds
[2026-03-28T17:17:26.258+0000] {processor.py:161} INFO - Started process (PID=43368) to work on /opt/airflow/dags/tmdb_daily_dag.py
[2026-03-28T17:17:26.259+0000] {processor.py:830} INFO - Processing file /opt/airflow/dags/tmdb_daily_dag.py for tasks to queue
[2026-03-28T17:17:26.260+0000] {logging_mixin.py:188} INFO - [2026-03-28T17:17:26.260+0000] {dagbag.py:545} INFO - Filling up the DagBag from /opt/airflow/dags/tmdb_daily_dag.py
[2026-03-28T17:17:26.267+0000] {processor.py:840} INFO - DAG(s) 'tmdb_raw_pipeline' retrieved from /opt/airflow/dags/tmdb_daily_dag.py
[2026-03-28T17:17:26.277+0000] {logging_mixin.py:188} INFO - [2026-03-28T17:17:26.276+0000] {dag.py:3096} INFO - Sync 1 DAGs
[2026-03-28T17:17:26.286+0000] {logging_mixin.py:188} INFO - [2026-03-28T17:17:26.286+0000] {dag.py:3954} INFO - Setting next_dagrun for tmdb_raw_pipeline to 2026-03-28 00:00:00+00:00, run_after=2026-03-29 00:00:00+00:00
[2026-03-28T17:17:26.292+0000] {processor.py:183} INFO - Processing /opt/airflow/dags/tmdb_daily_dag.py took 0.036 seconds
[2026-03-28T17:17:56.752+0000] {processor.py:161} INFO - Started process (PID=43388) to work on /opt/airflow/dags/tmdb_daily_dag.py
[2026-03-28T17:17:56.753+0000] {processor.py:830} INFO - Processing file /opt/airflow/dags/tmdb_daily_dag.py for tasks to queue
[2026-03-28T17:17:56.753+0000] {logging_mixin.py:188} INFO - [2026-03-28T17:17:56.753+0000] {dagbag.py:545} INFO - Filling up the DagBag from /opt/airflow/dags/tmdb_daily_dag.py
[2026-03-28T17:17:56.760+0000] {processor.py:840} INFO - DAG(s) 'tmdb_raw_pipeline' retrieved from /opt/airflow/dags/tmdb_daily_dag.py
[2026-03-28T17:17:56.770+0000] {logging_mixin.py:188} INFO - [2026-03-28T17:17:56.770+0000] {dag.py:3096} INFO - Sync 1 DAGs
[2026-03-28T17:17:56.779+0000] {logging_mixin.py:188} INFO - [2026-03-28T17:17:56.779+0000] {dag.py:3954} INFO - Setting next_dagrun for tmdb_raw_pipeline to 2026-03-28 00:00:00+00:00, run_after=2026-03-29 00:00:00+00:00
[2026-03-28T17:17:56.786+0000] {processor.py:183} INFO - Processing /opt/airflow/dags/tmdb_daily_dag.py took 0.038 seconds
[2026-03-28T17:18:27.267+0000] {processor.py:161} INFO - Started process (PID=43408) to work on /opt/airflow/dags/tmdb_daily_dag.py
[2026-03-28T17:18:27.268+0000] {processor.py:830} INFO - Processing file /opt/airflow/dags/tmdb_daily_dag.py for tasks to queue
[2026-03-28T17:18:27.268+0000] {logging_mixin.py:188} INFO - [2026-03-28T17:18:27.268+0000] {dagbag.py:545} INFO - Filling up the DagBag from /opt/airflow/dags/tmdb_daily_dag.py
[2026-03-28T17:18:27.274+0000] {processor.py:840} INFO - DAG(s) 'tmdb_raw_pipeline' retrieved from /opt/airflow/dags/tmdb_daily_dag.py
[2026-03-28T17:18:27.285+0000] {logging_mixin.py:188} INFO - [2026-03-28T17:18:27.284+0000] {dag.py:3096} INFO - Sync 1 DAGs
[2026-03-28T17:18:27.294+0000] {logging_mixin.py:188} INFO - [2026-03-28T17:18:27.294+0000] {dag.py:3954} INFO - Setting next_dagrun for tmdb_raw_pipeline to 2026-03-28 00:00:00+00:00, run_after=2026-03-29 00:00:00+00:00
[2026-03-28T17:18:27.301+0000] {processor.py:183} INFO - Processing /opt/airflow/dags/tmdb_daily_dag.py took 0.037 seconds
[2026-03-28T17:18:57.773+0000] {processor.py:161} INFO - Started process (PID=43428) to work on /opt/airflow/dags/tmdb_daily_dag.py
[2026-03-28T17:18:57.774+0000] {processor.py:830} INFO - Processing file /opt/airflow/dags/tmdb_daily_dag.py for tasks to queue
[2026-03-28T17:18:57.774+0000] {logging_mixin.py:188} INFO - [2026-03-28T17:18:57.774+0000] {dagbag.py:545} INFO - Filling up the DagBag from /opt/airflow/dags/tmdb_daily_dag.py
[2026-03-28T17:18:57.780+0000] {processor.py:840} INFO - DAG(s) 'tmdb_raw_pipeline' retrieved from /opt/airflow/dags/tmdb_daily_dag.py
[2026-03-28T17:18:57.791+0000] {logging_mixin.py:188} INFO - [2026-03-28T17:18:57.790+0000] {dag.py:3096} INFO - Sync 1 DAGs
[2026-03-28T17:18:57.799+0000] {logging_mixin.py:188} INFO - [2026-03-28T17:18:57.799+0000] {dag.py:3954} INFO - Setting next_dagrun for tmdb_raw_pipeline to 2026-03-28 00:00:00+00:00, run_after=2026-03-29 00:00:00+00:00
[2026-03-28T17:18:57.806+0000] {processor.py:183} INFO - Processing /opt/airflow/dags/tmdb_daily_dag.py took 0.036 seconds
[2026-03-28T17:19:28.323+0000] {processor.py:161} INFO - Started process (PID=43448) to work on /opt/airflow/dags/tmdb_daily_dag.py
[2026-03-28T17:19:28.324+0000] {processor.py:830} INFO - Processing file /opt/airflow/dags/tmdb_daily_dag.py for tasks to queue
[2026-03-28T17:19:28.324+0000] {logging_mixin.py:188} INFO - [2026-03-28T17:19:28.324+0000] {dagbag.py:545} INFO - Filling up the DagBag from /opt/airflow/dags/tmdb_daily_dag.py
[2026-03-28T17:19:28.330+0000] {processor.py:840} INFO - DAG(s) 'tmdb_raw_pipeline' retrieved from /opt/airflow/dags/tmdb_daily_dag.py
[2026-03-28T17:19:28.340+0000] {logging_mixin.py:188} INFO - [2026-03-28T17:19:28.340+0000] {dag.py:3096} INFO - Sync 1 DAGs
[2026-03-28T17:19:28.351+0000] {logging_mixin.py:188} INFO - [2026-03-28T17:19:28.351+0000] {dag.py:3954} INFO - Setting next_dagrun for tmdb_raw_pipeline to 2026-03-28 00:00:00+00:00, run_after=2026-03-29 00:00:00+00:00
[2026-03-28T17:19:28.358+0000] {processor.py:183} INFO - Processing /opt/airflow/dags/tmdb_daily_dag.py took 0.039 seconds
[2026-03-28T17:19:58.790+0000] {processor.py:161} INFO - Started process (PID=43468) to work on /opt/airflow/dags/tmdb_daily_dag.py
[2026-03-28T17:19:58.791+0000] {processor.py:830} INFO - Processing file /opt/airflow/dags/tmdb_daily_dag.py for tasks to queue
[2026-03-28T17:19:58.791+0000] {logging_mixin.py:188} INFO - [2026-03-28T17:19:58.791+0000] {dagbag.py:545} INFO - Filling up the DagBag from /opt/airflow/dags/tmdb_daily_dag.py
[2026-03-28T17:19:58.797+0000] {processor.py:840} INFO - DAG(s) 'tmdb_raw_pipeline' retrieved from /opt/airflow/dags/tmdb_daily_dag.py
[2026-03-28T17:19:58.807+0000] {logging_mixin.py:188} INFO - [2026-03-28T17:19:58.806+0000] {dag.py:3096} INFO - Sync 1 DAGs
[2026-03-28T17:19:58.815+0000] {logging_mixin.py:188} INFO - [2026-03-28T17:19:58.814+0000] {dag.py:3954} INFO - Setting next_dagrun for tmdb_raw_pipeline to 2026-03-28 00:00:00+00:00, run_after=2026-03-29 00:00:00+00:00
[2026-03-28T17:19:58.820+0000] {processor.py:183} INFO - Processing /opt/airflow/dags/tmdb_daily_dag.py took 0.032 seconds
[2026-03-28T17:20:29.324+0000] {processor.py:161} INFO - Started process (PID=43488) to work on /opt/airflow/dags/tmdb_daily_dag.py
[2026-03-28T17:20:29.324+0000] {processor.py:830} INFO - Processing file /opt/airflow/dags/tmdb_daily_dag.py for tasks to queue
[2026-03-28T17:20:29.325+0000] {logging_mixin.py:188} INFO - [2026-03-28T17:20:29.325+0000] {dagbag.py:545} INFO - Filling up the DagBag from /opt/airflow/dags/tmdb_daily_dag.py
[2026-03-28T17:20:29.331+0000] {processor.py:840} INFO - DAG(s) 'tmdb_raw_pipeline' retrieved from /opt/airflow/dags/tmdb_daily_dag.py
[2026-03-28T17:20:29.341+0000] {logging_mixin.py:188} INFO - [2026-03-28T17:20:29.341+0000] {dag.py:3096} INFO - Sync 1 DAGs
[2026-03-28T17:20:29.349+0000] {logging_mixin.py:188} INFO - [2026-03-28T17:20:29.349+0000] {dag.py:3954} INFO - Setting next_dagrun for tmdb_raw_pipeline to 2026-03-28 00:00:00+00:00, run_after=2026-03-29 00:00:00+00:00
[2026-03-28T17:20:29.355+0000] {processor.py:183} INFO - Processing /opt/airflow/dags/tmdb_daily_dag.py took 0.034 seconds
[2026-03-28T17:20:59.738+0000] {processor.py:161} INFO - Started process (PID=43508) to work on /opt/airflow/dags/tmdb_daily_dag.py
[2026-03-28T17:20:59.739+0000] {processor.py:830} INFO - Processing file /opt/airflow/dags/tmdb_daily_dag.py for tasks to queue
[2026-03-28T17:20:59.739+0000] {logging_mixin.py:188} INFO - [2026-03-28T17:20:59.739+0000] {dagbag.py:545} INFO - Filling up the DagBag from /opt/airflow/dags/tmdb_daily_dag.py
[2026-03-28T17:20:59.745+0000] {processor.py:840} INFO - DAG(s) 'tmdb_raw_pipeline' retrieved from /opt/airflow/dags/tmdb_daily_dag.py
[2026-03-28T17:20:59.755+0000] {logging_mixin.py:188} INFO - [2026-03-28T17:20:59.755+0000] {dag.py:3096} INFO - Sync 1 DAGs
[2026-03-28T17:20:59.764+0000] {logging_mixin.py:188} INFO - [2026-03-28T17:20:59.764+0000] {dag.py:3954} INFO - Setting next_dagrun for tmdb_raw_pipeline to 2026-03-28 00:00:00+00:00, run_after=2026-03-29 00:00:00+00:00
[2026-03-28T17:20:59.770+0000] {processor.py:183} INFO - Processing /opt/airflow/dags/tmdb_daily_dag.py took 0.035 seconds
[2026-03-28T17:21:30.181+0000] {processor.py:161} INFO - Started process (PID=43528) to work on /opt/airflow/dags/tmdb_daily_dag.py
[2026-03-28T17:21:30.182+0000] {processor.py:830} INFO - Processing file /opt/airflow/dags/tmdb_daily_dag.py for tasks to queue
[2026-03-28T17:21:30.182+0000] {logging_mixin.py:188} INFO - [2026-03-28T17:21:30.182+0000] {dagbag.py:545} INFO - Filling up the DagBag from /opt/airflow/dags/tmdb_daily_dag.py
[2026-03-28T17:21:30.188+0000] {processor.py:840} INFO - DAG(s) 'tmdb_raw_pipeline' retrieved from /opt/airflow/dags/tmdb_daily_dag.py
[2026-03-28T17:21:30.198+0000] {logging_mixin.py:188} INFO - [2026-03-28T17:21:30.198+0000] {dag.py:3096} INFO - Sync 1 DAGs
[2026-03-28T17:21:30.206+0000] {logging_mixin.py:188} INFO - [2026-03-28T17:21:30.206+0000] {dag.py:3954} INFO - Setting next_dagrun for tmdb_raw_pipeline to 2026-03-28 00:00:00+00:00, run_after=2026-03-29 00:00:00+00:00
[2026-03-28T17:21:30.212+0000] {processor.py:183} INFO - Processing /opt/airflow/dags/tmdb_daily_dag.py took 0.034 seconds
[2026-03-28T17:22:00.610+0000] {processor.py:161} INFO - Started process (PID=43548) to work on /opt/airflow/dags/tmdb_daily_dag.py
[2026-03-28T17:22:00.611+0000] {processor.py:830} INFO - Processing file /opt/airflow/dags/tmdb_daily_dag.py for tasks to queue
[2026-03-28T17:22:00.612+0000] {logging_mixin.py:188} INFO - [2026-03-28T17:22:00.611+0000] {dagbag.py:545} INFO - Filling up the DagBag from /opt/airflow/dags/tmdb_daily_dag.py
[2026-03-28T17:22:00.617+0000] {processor.py:840} INFO - DAG(s) 'tmdb_raw_pipeline' retrieved from /opt/airflow/dags/tmdb_daily_dag.py
[2026-03-28T17:22:00.627+0000] {logging_mixin.py:188} INFO - [2026-03-28T17:22:00.627+0000] {dag.py:3096} INFO - Sync 1 DAGs
[2026-03-28T17:22:00.635+0000] {logging_mixin.py:188} INFO - [2026-03-28T17:22:00.635+0000] {dag.py:3954} INFO - Setting next_dagrun for tmdb_raw_pipeline to 2026-03-28 00:00:00+00:00, run_after=2026-03-29 00:00:00+00:00
[2026-03-28T17:22:00.640+0000] {processor.py:183} INFO - Processing /opt/airflow/dags/tmdb_daily_dag.py took 0.033 seconds
[2026-03-28T17:22:31.145+0000] {processor.py:161} INFO - Started process (PID=43568) to work on /opt/airflow/dags/tmdb_daily_dag.py
[2026-03-28T17:22:31.146+0000] {processor.py:830} INFO - Processing file /opt/airflow/dags/tmdb_daily_dag.py for tasks to queue
[2026-03-28T17:22:31.146+0000] {logging_mixin.py:188} INFO - [2026-03-28T17:22:31.146+0000] {dagbag.py:545} INFO - Filling up the DagBag from /opt/airflow/dags/tmdb_daily_dag.py
[2026-03-28T17:22:31.152+0000] {processor.py:840} INFO - DAG(s) 'tmdb_raw_pipeline' retrieved from /opt/airflow/dags/tmdb_daily_dag.py
[2026-03-28T17:22:31.162+0000] {logging_mixin.py:188} INFO - [2026-03-28T17:22:31.162+0000] {dag.py:3096} INFO - Sync 1 DAGs
[2026-03-28T17:22:31.170+0000] {logging_mixin.py:188} INFO - [2026-03-28T17:22:31.170+0000] {dag.py:3954} INFO - Setting next_dagrun for tmdb_raw_pipeline to 2026-03-28 00:00:00+00:00, run_after=2026-03-29 00:00:00+00:00
[2026-03-28T17:22:31.176+0000] {processor.py:183} INFO - Processing /opt/airflow/dags/tmdb_daily_dag.py took 0.033 seconds
[2026-03-28T17:23:01.593+0000] {processor.py:161} INFO - Started process (PID=43586) to work on /opt/airflow/dags/tmdb_daily_dag.py
[2026-03-28T17:23:01.594+0000] {processor.py:830} INFO - Processing file /opt/airflow/dags/tmdb_daily_dag.py for tasks to queue
[2026-03-28T17:23:01.594+0000] {logging_mixin.py:188} INFO - [2026-03-28T17:23:01.594+0000] {dagbag.py:545} INFO - Filling up the DagBag from /opt/airflow/dags/tmdb_daily_dag.py
[2026-03-28T17:23:01.599+0000] {processor.py:840} INFO - DAG(s) 'tmdb_raw_pipeline' retrieved from /opt/airflow/dags/tmdb_daily_dag.py
[2026-03-28T17:23:01.613+0000] {logging_mixin.py:188} INFO - [2026-03-28T17:23:01.612+0000] {dag.py:3096} INFO - Sync 1 DAGs
[2026-03-28T17:23:01.624+0000] {logging_mixin.py:188} INFO - [2026-03-28T17:23:01.623+0000] {dag.py:3954} INFO - Setting next_dagrun for tmdb_raw_pipeline to 2026-03-28 00:00:00+00:00, run_after=2026-03-29 00:00:00+00:00
[2026-03-28T17:23:01.634+0000] {processor.py:183} INFO - Processing /opt/airflow/dags/tmdb_daily_dag.py took 0.044 seconds
[2026-03-28T17:23:32.196+0000] {processor.py:161} INFO - Started process (PID=43608) to work on /opt/airflow/dags/tmdb_daily_dag.py
[2026-03-28T17:23:32.197+0000] {processor.py:830} INFO - Processing file /opt/airflow/dags/tmdb_daily_dag.py for tasks to queue
[2026-03-28T17:23:32.197+0000] {logging_mixin.py:188} INFO - [2026-03-28T17:23:32.197+0000] {dagbag.py:545} INFO - Filling up the DagBag from /opt/airflow/dags/tmdb_daily_dag.py
[2026-03-28T17:23:32.209+0000] {processor.py:840} INFO - DAG(s) 'tmdb_raw_pipeline' retrieved from /opt/airflow/dags/tmdb_daily_dag.py
[2026-03-28T17:23:32.221+0000] {logging_mixin.py:188} INFO - [2026-03-28T17:23:32.220+0000] {dag.py:3096} INFO - Sync 1 DAGs
[2026-03-28T17:23:32.230+0000] {logging_mixin.py:188} INFO - [2026-03-28T17:23:32.230+0000] {dag.py:3954} INFO - Setting next_dagrun for tmdb_raw_pipeline to 2026-03-28 00:00:00+00:00, run_after=2026-03-29 00:00:00+00:00
[2026-03-28T17:23:32.237+0000] {processor.py:183} INFO - Processing /opt/airflow/dags/tmdb_daily_dag.py took 0.046 seconds
[2026-03-28T17:24:02.697+0000] {processor.py:161} INFO - Started process (PID=43628) to work on /opt/airflow/dags/tmdb_daily_dag.py
[2026-03-28T17:24:02.698+0000] {processor.py:830} INFO - Processing file /opt/airflow/dags/tmdb_daily_dag.py for tasks to queue
[2026-03-28T17:24:02.698+0000] {logging_mixin.py:188} INFO - [2026-03-28T17:24:02.698+0000] {dagbag.py:545} INFO - Filling up the DagBag from /opt/airflow/dags/tmdb_daily_dag.py
[2026-03-28T17:24:02.708+0000] {processor.py:840} INFO - DAG(s) 'tmdb_raw_pipeline' retrieved from /opt/airflow/dags/tmdb_daily_dag.py
[2026-03-28T17:24:02.723+0000] {logging_mixin.py:188} INFO - [2026-03-28T17:24:02.723+0000] {dag.py:3096} INFO - Sync 1 DAGs
[2026-03-28T17:24:02.739+0000] {logging_mixin.py:188} INFO - [2026-03-28T17:24:02.739+0000] {dag.py:3954} INFO - Setting next_dagrun for tmdb_raw_pipeline to 2026-03-28 00:00:00+00:00, run_after=2026-03-29 00:00:00+00:00
[2026-03-28T17:24:02.755+0000] {processor.py:183} INFO - Processing /opt/airflow/dags/tmdb_daily_dag.py took 0.062 seconds
[2026-03-28T17:24:33.295+0000] {processor.py:161} INFO - Started process (PID=43648) to work on /opt/airflow/dags/tmdb_daily_dag.py
[2026-03-28T17:24:33.296+0000] {processor.py:830} INFO - Processing file /opt/airflow/dags/tmdb_daily_dag.py for tasks to queue
[2026-03-28T17:24:33.296+0000] {logging_mixin.py:188} INFO - [2026-03-28T17:24:33.296+0000] {dagbag.py:545} INFO - Filling up the DagBag from /opt/airflow/dags/tmdb_daily_dag.py
[2026-03-28T17:24:33.303+0000] {processor.py:840} INFO - DAG(s) 'tmdb_raw_pipeline' retrieved from /opt/airflow/dags/tmdb_daily_dag.py
[2026-03-28T17:24:33.313+0000] {logging_mixin.py:188} INFO - [2026-03-28T17:24:33.313+0000] {dag.py:3096} INFO - Sync 1 DAGs
[2026-03-28T17:24:33.321+0000] {logging_mixin.py:188} INFO - [2026-03-28T17:24:33.321+0000] {dag.py:3954} INFO - Setting next_dagrun for tmdb_raw_pipeline to 2026-03-28 00:00:00+00:00, run_after=2026-03-29 00:00:00+00:00
[2026-03-28T17:24:33.328+0000] {processor.py:183} INFO - Processing /opt/airflow/dags/tmdb_daily_dag.py took 0.035 seconds
[2026-03-28T17:25:03.750+0000] {processor.py:161} INFO - Started process (PID=43668) to work on /opt/airflow/dags/tmdb_daily_dag.py
[2026-03-28T17:25:03.750+0000] {processor.py:830} INFO - Processing file /opt/airflow/dags/tmdb_daily_dag.py for tasks to queue
[2026-03-28T17:25:03.751+0000] {logging_mixin.py:188} INFO - [2026-03-28T17:25:03.750+0000] {dagbag.py:545} INFO - Filling up the DagBag from /opt/airflow/dags/tmdb_daily_dag.py
[2026-03-28T17:25:03.756+0000] {processor.py:840} INFO - DAG(s) 'tmdb_raw_pipeline' retrieved from /opt/airflow/dags/tmdb_daily_dag.py
[2026-03-28T17:25:03.765+0000] {logging_mixin.py:188} INFO - [2026-03-28T17:25:03.765+0000] {dag.py:3096} INFO - Sync 1 DAGs
[2026-03-28T17:25:03.773+0000] {logging_mixin.py:188} INFO - [2026-03-28T17:25:03.773+0000] {dag.py:3954} INFO - Setting next_dagrun for tmdb_raw_pipeline to 2026-03-28 00:00:00+00:00, run_after=2026-03-29 00:00:00+00:00
[2026-03-28T17:25:03.778+0000] {processor.py:183} INFO - Processing /opt/airflow/dags/tmdb_daily_dag.py took 0.031 seconds
[2026-03-28T17:25:34.242+0000] {processor.py:161} INFO - Started process (PID=43688) to work on /opt/airflow/dags/tmdb_daily_dag.py
[2026-03-28T17:25:34.243+0000] {processor.py:830} INFO - Processing file /opt/airflow/dags/tmdb_daily_dag.py for tasks to queue
[2026-03-28T17:25:34.243+0000] {logging_mixin.py:188} INFO - [2026-03-28T17:25:34.243+0000] {dagbag.py:545} INFO - Filling up the DagBag from /opt/airflow/dags/tmdb_daily_dag.py
[2026-03-28T17:25:34.249+0000] {processor.py:840} INFO - DAG(s) 'tmdb_raw_pipeline' retrieved from /opt/airflow/dags/tmdb_daily_dag.py
[2026-03-28T17:25:34.258+0000] {logging_mixin.py:188} INFO - [2026-03-28T17:25:34.258+0000] {dag.py:3096} INFO - Sync 1 DAGs
[2026-03-28T17:25:34.268+0000] {logging_mixin.py:188} INFO - [2026-03-28T17:25:34.268+0000] {dag.py:3954} INFO - Setting next_dagrun for tmdb_raw_pipeline to 2026-03-28 00:00:00+00:00, run_after=2026-03-29 00:00:00+00:00
[2026-03-28T17:25:34.274+0000] {processor.py:183} INFO - Processing /opt/airflow/dags/tmdb_daily_dag.py took 0.034 seconds
[2026-03-28T17:26:04.709+0000] {processor.py:161} INFO - Started process (PID=43708) to work on /opt/airflow/dags/tmdb_daily_dag.py
[2026-03-28T17:26:04.709+0000] {processor.py:830} INFO - Processing file /opt/airflow/dags/tmdb_daily_dag.py for tasks to queue
[2026-03-28T17:26:04.709+0000] {logging_mixin.py:188} INFO - [2026-03-28T17:26:04.709+0000] {dagbag.py:545} INFO - Filling up the DagBag from /opt/airflow/dags/tmdb_daily_dag.py
[2026-03-28T17:26:04.716+0000] {processor.py:840} INFO - DAG(s) 'tmdb_raw_pipeline' retrieved from /opt/airflow/dags/tmdb_daily_dag.py
[2026-03-28T17:26:04.725+0000] {logging_mixin.py:188} INFO - [2026-03-28T17:26:04.725+0000] {dag.py:3096} INFO - Sync 1 DAGs
[2026-03-28T17:26:04.733+0000] {logging_mixin.py:188} INFO - [2026-03-28T17:26:04.733+0000] {dag.py:3954} INFO - Setting next_dagrun for tmdb_raw_pipeline to 2026-03-28 00:00:00+00:00, run_after=2026-03-29 00:00:00+00:00
[2026-03-28T17:26:04.739+0000] {processor.py:183} INFO - Processing /opt/airflow/dags/tmdb_daily_dag.py took 0.033 seconds
[2026-03-28T17:26:35.278+0000] {processor.py:161} INFO - Started process (PID=43728) to work on /opt/airflow/dags/tmdb_daily_dag.py
[2026-03-28T17:26:35.279+0000] {processor.py:830} INFO - Processing file /opt/airflow/dags/tmdb_daily_dag.py for tasks to queue
[2026-03-28T17:26:35.279+0000] {logging_mixin.py:188} INFO - [2026-03-28T17:26:35.279+0000] {dagbag.py:545} INFO - Filling up the DagBag from /opt/airflow/dags/tmdb_daily_dag.py
[2026-03-28T17:26:35.285+0000] {processor.py:840} INFO - DAG(s) 'tmdb_raw_pipeline' retrieved from /opt/airflow/dags/tmdb_daily_dag.py
[2026-03-28T17:26:35.295+0000] {logging_mixin.py:188} INFO - [2026-03-28T17:26:35.295+0000] {dag.py:3096} INFO - Sync 1 DAGs
[2026-03-28T17:26:35.303+0000] {logging_mixin.py:188} INFO - [2026-03-28T17:26:35.303+0000] {dag.py:3954} INFO - Setting next_dagrun for tmdb_raw_pipeline to 2026-03-28 00:00:00+00:00, run_after=2026-03-29 00:00:00+00:00
[2026-03-28T17:26:35.309+0000] {processor.py:183} INFO - Processing /opt/airflow/dags/tmdb_daily_dag.py took 0.033 seconds
[2026-03-28T17:27:05.748+0000] {processor.py:161} INFO - Started process (PID=43746) to work on /opt/airflow/dags/tmdb_daily_dag.py
[2026-03-28T17:27:05.749+0000] {processor.py:830} INFO - Processing file /opt/airflow/dags/tmdb_daily_dag.py for tasks to queue
[2026-03-28T17:27:05.749+0000] {logging_mixin.py:188} INFO - [2026-03-28T17:27:05.749+0000] {dagbag.py:545} INFO - Filling up the DagBag from /opt/airflow/dags/tmdb_daily_dag.py
[2026-03-28T17:27:05.754+0000] {processor.py:840} INFO - DAG(s) 'tmdb_raw_pipeline' retrieved from /opt/airflow/dags/tmdb_daily_dag.py
[2026-03-28T17:27:05.770+0000] {logging_mixin.py:188} INFO - [2026-03-28T17:27:05.770+0000] {dag.py:3096} INFO - Sync 1 DAGs
[2026-03-28T17:27:05.779+0000] {logging_mixin.py:188} INFO - [2026-03-28T17:27:05.779+0000] {dag.py:3954} INFO - Setting next_dagrun for tmdb_raw_pipeline to 2026-03-28 00:00:00+00:00, run_after=2026-03-29 00:00:00+00:00
[2026-03-28T17:27:05.787+0000] {processor.py:183} INFO - Processing /opt/airflow/dags/tmdb_daily_dag.py took 0.042 seconds
[2026-03-28T17:27:36.346+0000] {processor.py:161} INFO - Started process (PID=43768) to work on /opt/airflow/dags/tmdb_daily_dag.py
[2026-03-28T17:27:36.347+0000] {processor.py:830} INFO - Processing file /opt/airflow/dags/tmdb_daily_dag.py for tasks to queue
[2026-03-28T17:27:36.347+0000] {logging_mixin.py:188} INFO - [2026-03-28T17:27:36.347+0000] {dagbag.py:545} INFO - Filling up the DagBag from /opt/airflow/dags/tmdb_daily_dag.py
[2026-03-28T17:27:36.353+0000] {processor.py:840} INFO - DAG(s) 'tmdb_raw_pipeline' retrieved from /opt/airflow/dags/tmdb_daily_dag.py
[2026-03-28T17:27:36.363+0000] {logging_mixin.py:188} INFO - [2026-03-28T17:27:36.363+0000] {dag.py:3096} INFO - Sync 1 DAGs
[2026-03-28T17:27:36.372+0000] {logging_mixin.py:188} INFO - [2026-03-28T17:27:36.372+0000] {dag.py:3954} INFO - Setting next_dagrun for tmdb_raw_pipeline to 2026-03-28 00:00:00+00:00, run_after=2026-03-29 00:00:00+00:00
[2026-03-28T17:27:36.379+0000] {processor.py:183} INFO - Processing /opt/airflow/dags/tmdb_daily_dag.py took 0.035 seconds
[2026-03-28T17:28:06.776+0000] {processor.py:161} INFO - Started process (PID=43788) to work on /opt/airflow/dags/tmdb_daily_dag.py
[2026-03-28T17:28:06.776+0000] {processor.py:830} INFO - Processing file /opt/airflow/dags/tmdb_daily_dag.py for tasks to queue
[2026-03-28T17:28:06.777+0000] {logging_mixin.py:188} INFO - [2026-03-28T17:28:06.777+0000] {dagbag.py:545} INFO - Filling up the DagBag from /opt/airflow/dags/tmdb_daily_dag.py
[2026-03-28T17:28:06.782+0000] {processor.py:840} INFO - DAG(s) 'tmdb_raw_pipeline' retrieved from /opt/airflow/dags/tmdb_daily_dag.py
[2026-03-28T17:28:06.791+0000] {logging_mixin.py:188} INFO - [2026-03-28T17:28:06.791+0000] {dag.py:3096} INFO - Sync 1 DAGs
[2026-03-28T17:28:06.799+0000] {logging_mixin.py:188} INFO - [2026-03-28T17:28:06.798+0000] {dag.py:3954} INFO - Setting next_dagrun for tmdb_raw_pipeline to 2026-03-28 00:00:00+00:00, run_after=2026-03-29 00:00:00+00:00
[2026-03-28T17:28:06.804+0000] {processor.py:183} INFO - Processing /opt/airflow/dags/tmdb_daily_dag.py took 0.031 seconds
[2026-03-28T17:28:37.371+0000] {processor.py:161} INFO - Started process (PID=43808) to work on /opt/airflow/dags/tmdb_daily_dag.py
[2026-03-28T17:28:37.372+0000] {processor.py:830} INFO - Processing file /opt/airflow/dags/tmdb_daily_dag.py for tasks to queue
[2026-03-28T17:28:37.373+0000] {logging_mixin.py:188} INFO - [2026-03-28T17:28:37.372+0000] {dagbag.py:545} INFO - Filling up the DagBag from /opt/airflow/dags/tmdb_daily_dag.py
[2026-03-28T17:28:37.378+0000] {processor.py:840} INFO - DAG(s) 'tmdb_raw_pipeline' retrieved from /opt/airflow/dags/tmdb_daily_dag.py
[2026-03-28T17:28:37.387+0000] {logging_mixin.py:188} INFO - [2026-03-28T17:28:37.387+0000] {dag.py:3096} INFO - Sync 1 DAGs
[2026-03-28T17:28:37.395+0000] {logging_mixin.py:188} INFO - [2026-03-28T17:28:37.395+0000] {dag.py:3954} INFO - Setting next_dagrun for tmdb_raw_pipeline to 2026-03-28 00:00:00+00:00, run_after=2026-03-29 00:00:00+00:00
[2026-03-28T17:28:37.401+0000] {processor.py:183} INFO - Processing /opt/airflow/dags/tmdb_daily_dag.py took 0.032 seconds
[2026-03-28T17:29:07.851+0000] {processor.py:161} INFO - Started process (PID=43828) to work on /opt/airflow/dags/tmdb_daily_dag.py
[2026-03-28T17:29:07.851+0000] {processor.py:830} INFO - Processing file /opt/airflow/dags/tmdb_daily_dag.py for tasks to queue
[2026-03-28T17:29:07.852+0000] {logging_mixin.py:188} INFO - [2026-03-28T17:29:07.852+0000] {dagbag.py:545} INFO - Filling up the DagBag from /opt/airflow/dags/tmdb_daily_dag.py
[2026-03-28T17:29:07.857+0000] {processor.py:840} INFO - DAG(s) 'tmdb_raw_pipeline' retrieved from /opt/airflow/dags/tmdb_daily_dag.py
[2026-03-28T17:29:07.866+0000] {logging_mixin.py:188} INFO - [2026-03-28T17:29:07.866+0000] {dag.py:3096} INFO - Sync 1 DAGs
[2026-03-28T17:29:07.874+0000] {logging_mixin.py:188} INFO - [2026-03-28T17:29:07.874+0000] {dag.py:3954} INFO - Setting next_dagrun for tmdb_raw_pipeline to 2026-03-28 00:00:00+00:00, run_after=2026-03-29 00:00:00+00:00
[2026-03-28T17:29:07.879+0000] {processor.py:183} INFO - Processing /opt/airflow/dags/tmdb_daily_dag.py took 0.031 seconds
[2026-03-28T17:29:38.432+0000] {processor.py:161} INFO - Started process (PID=43848) to work on /opt/airflow/dags/tmdb_daily_dag.py
[2026-03-28T17:29:38.432+0000] {processor.py:830} INFO - Processing file /opt/airflow/dags/tmdb_daily_dag.py for tasks to queue
[2026-03-28T17:29:38.433+0000] {logging_mixin.py:188} INFO - [2026-03-28T17:29:38.433+0000] {dagbag.py:545} INFO - Filling up the DagBag from /opt/airflow/dags/tmdb_daily_dag.py
[2026-03-28T17:29:38.438+0000] {processor.py:840} INFO - DAG(s) 'tmdb_raw_pipeline' retrieved from /opt/airflow/dags/tmdb_daily_dag.py
[2026-03-28T17:29:38.448+0000] {logging_mixin.py:188} INFO - [2026-03-28T17:29:38.448+0000] {dag.py:3096} INFO - Sync 1 DAGs
[2026-03-28T17:29:38.456+0000] {logging_mixin.py:188} INFO - [2026-03-28T17:29:38.456+0000] {dag.py:3954} INFO - Setting next_dagrun for tmdb_raw_pipeline to 2026-03-28 00:00:00+00:00, run_after=2026-03-29 00:00:00+00:00
[2026-03-28T17:29:38.462+0000] {processor.py:183} INFO - Processing /opt/airflow/dags/tmdb_daily_dag.py took 0.033 seconds
[2026-03-28T17:30:08.858+0000] {processor.py:161} INFO - Started process (PID=43868) to work on /opt/airflow/dags/tmdb_daily_dag.py
[2026-03-28T17:30:08.858+0000] {processor.py:830} INFO - Processing file /opt/airflow/dags/tmdb_daily_dag.py for tasks to queue
[2026-03-28T17:30:08.859+0000] {logging_mixin.py:188} INFO - [2026-03-28T17:30:08.859+0000] {dagbag.py:545} INFO - Filling up the DagBag from /opt/airflow/dags/tmdb_daily_dag.py
[2026-03-28T17:30:08.863+0000] {processor.py:840} INFO - DAG(s) 'tmdb_raw_pipeline' retrieved from /opt/airflow/dags/tmdb_daily_dag.py
[2026-03-28T17:30:08.872+0000] {logging_mixin.py:188} INFO - [2026-03-28T17:30:08.872+0000] {dag.py:3096} INFO - Sync 1 DAGs
[2026-03-28T17:30:08.880+0000] {logging_mixin.py:188} INFO - [2026-03-28T17:30:08.880+0000] {dag.py:3954} INFO - Setting next_dagrun for tmdb_raw_pipeline to 2026-03-28 00:00:00+00:00, run_after=2026-03-29 00:00:00+00:00
[2026-03-28T17:30:08.885+0000] {processor.py:183} INFO - Processing /opt/airflow/dags/tmdb_daily_dag.py took 0.030 seconds
[2026-03-28T17:30:39.414+0000] {processor.py:161} INFO - Started process (PID=43888) to work on /opt/airflow/dags/tmdb_daily_dag.py
[2026-03-28T17:30:39.415+0000] {processor.py:830} INFO - Processing file /opt/airflow/dags/tmdb_daily_dag.py for tasks to queue
[2026-03-28T17:30:39.415+0000] {logging_mixin.py:188} INFO - [2026-03-28T17:30:39.415+0000] {dagbag.py:545} INFO - Filling up the DagBag from /opt/airflow/dags/tmdb_daily_dag.py
[2026-03-28T17:30:39.422+0000] {processor.py:840} INFO - DAG(s) 'tmdb_raw_pipeline' retrieved from /opt/airflow/dags/tmdb_daily_dag.py
[2026-03-28T17:30:39.431+0000] {logging_mixin.py:188} INFO - [2026-03-28T17:30:39.431+0000] {dag.py:3096} INFO - Sync 1 DAGs
[2026-03-28T17:30:39.439+0000] {logging_mixin.py:188} INFO - [2026-03-28T17:30:39.439+0000] {dag.py:3954} INFO - Setting next_dagrun for tmdb_raw_pipeline to 2026-03-28 00:00:00+00:00, run_after=2026-03-29 00:00:00+00:00
[2026-03-28T17:30:39.444+0000] {processor.py:183} INFO - Processing /opt/airflow/dags/tmdb_daily_dag.py took 0.032 seconds
[2026-03-28T17:31:09.896+0000] {processor.py:161} INFO - Started process (PID=43908) to work on /opt/airflow/dags/tmdb_daily_dag.py
[2026-03-28T17:31:09.896+0000] {processor.py:830} INFO - Processing file /opt/airflow/dags/tmdb_daily_dag.py for tasks to queue
[2026-03-28T17:31:09.897+0000] {logging_mixin.py:188} INFO - [2026-03-28T17:31:09.897+0000] {dagbag.py:545} INFO - Filling up the DagBag from /opt/airflow/dags/tmdb_daily_dag.py
[2026-03-28T17:31:09.901+0000] {processor.py:840} INFO - DAG(s) 'tmdb_raw_pipeline' retrieved from /opt/airflow/dags/tmdb_daily_dag.py
[2026-03-28T17:31:09.910+0000] {logging_mixin.py:188} INFO - [2026-03-28T17:31:09.910+0000] {dag.py:3096} INFO - Sync 1 DAGs
[2026-03-28T17:31:09.918+0000] {logging_mixin.py:188} INFO - [2026-03-28T17:31:09.918+0000] {dag.py:3954} INFO - Setting next_dagrun for tmdb_raw_pipeline to 2026-03-28 00:00:00+00:00, run_after=2026-03-29 00:00:00+00:00
[2026-03-28T17:31:09.923+0000] {processor.py:183} INFO - Processing /opt/airflow/dags/tmdb_daily_dag.py took 0.030 seconds
[2026-03-28T17:31:40.430+0000] {processor.py:161} INFO - Started process (PID=43928) to work on /opt/airflow/dags/tmdb_daily_dag.py
[2026-03-28T17:31:40.431+0000] {processor.py:830} INFO - Processing file /opt/airflow/dags/tmdb_daily_dag.py for tasks to queue
[2026-03-28T17:31:40.431+0000] {logging_mixin.py:188} INFO - [2026-03-28T17:31:40.431+0000] {dagbag.py:545} INFO - Filling up the DagBag from /opt/airflow/dags/tmdb_daily_dag.py
[2026-03-28T17:31:40.437+0000] {processor.py:840} INFO - DAG(s) 'tmdb_raw_pipeline' retrieved from /opt/airflow/dags/tmdb_daily_dag.py
[2026-03-28T17:31:40.446+0000] {logging_mixin.py:188} INFO - [2026-03-28T17:31:40.446+0000] {dag.py:3096} INFO - Sync 1 DAGs
[2026-03-28T17:31:40.454+0000] {logging_mixin.py:188} INFO - [2026-03-28T17:31:40.454+0000] {dag.py:3954} INFO - Setting next_dagrun for tmdb_raw_pipeline to 2026-03-28 00:00:00+00:00, run_after=2026-03-29 00:00:00+00:00
[2026-03-28T17:31:40.460+0000] {processor.py:183} INFO - Processing /opt/airflow/dags/tmdb_daily_dag.py took 0.033 seconds
[2026-03-28T17:32:10.861+0000] {processor.py:161} INFO - Started process (PID=43948) to work on /opt/airflow/dags/tmdb_daily_dag.py
[2026-03-28T17:32:10.861+0000] {processor.py:830} INFO - Processing file /opt/airflow/dags/tmdb_daily_dag.py for tasks to queue
[2026-03-28T17:32:10.862+0000] {logging_mixin.py:188} INFO - [2026-03-28T17:32:10.862+0000] {dagbag.py:545} INFO - Filling up the DagBag from /opt/airflow/dags/tmdb_daily_dag.py
[2026-03-28T17:32:10.867+0000] {processor.py:840} INFO - DAG(s) 'tmdb_raw_pipeline' retrieved from /opt/airflow/dags/tmdb_daily_dag.py
[2026-03-28T17:32:10.875+0000] {logging_mixin.py:188} INFO - [2026-03-28T17:32:10.875+0000] {dag.py:3096} INFO - Sync 1 DAGs
[2026-03-28T17:32:10.883+0000] {logging_mixin.py:188} INFO - [2026-03-28T17:32:10.883+0000] {dag.py:3954} INFO - Setting next_dagrun for tmdb_raw_pipeline to 2026-03-28 00:00:00+00:00, run_after=2026-03-29 00:00:00+00:00
[2026-03-28T17:32:10.888+0000] {processor.py:183} INFO - Processing /opt/airflow/dags/tmdb_daily_dag.py took 0.030 seconds
[2026-03-28T17:32:41.655+0000] {processor.py:161} INFO - Started process (PID=43968) to work on /opt/airflow/dags/tmdb_daily_dag.py
[2026-03-28T17:32:41.656+0000] {processor.py:830} INFO - Processing file /opt/airflow/dags/tmdb_daily_dag.py for tasks to queue
[2026-03-28T17:32:41.656+0000] {logging_mixin.py:188} INFO - [2026-03-28T17:32:41.656+0000] {dagbag.py:545} INFO - Filling up the DagBag from /opt/airflow/dags/tmdb_daily_dag.py
[2026-03-28T17:32:41.666+0000] {processor.py:840} INFO - DAG(s) 'tmdb_raw_pipeline' retrieved from /opt/airflow/dags/tmdb_daily_dag.py
[2026-03-28T17:32:41.677+0000] {logging_mixin.py:188} INFO - [2026-03-28T17:32:41.677+0000] {dag.py:3096} INFO - Sync 1 DAGs
[2026-03-28T17:32:41.687+0000] {logging_mixin.py:188} INFO - [2026-03-28T17:32:41.687+0000] {dag.py:3954} INFO - Setting next_dagrun for tmdb_raw_pipeline to 2026-03-28 00:00:00+00:00, run_after=2026-03-29 00:00:00+00:00
[2026-03-28T17:32:41.694+0000] {processor.py:183} INFO - Processing /opt/airflow/dags/tmdb_daily_dag.py took 0.046 seconds
[2026-03-28T17:33:12.114+0000] {processor.py:161} INFO - Started process (PID=43988) to work on /opt/airflow/dags/tmdb_daily_dag.py
[2026-03-28T17:33:12.115+0000] {processor.py:830} INFO - Processing file /opt/airflow/dags/tmdb_daily_dag.py for tasks to queue
[2026-03-28T17:33:12.116+0000] {logging_mixin.py:188} INFO - [2026-03-28T17:33:12.116+0000] {dagbag.py:545} INFO - Filling up the DagBag from /opt/airflow/dags/tmdb_daily_dag.py
[2026-03-28T17:33:12.121+0000] {processor.py:840} INFO - DAG(s) 'tmdb_raw_pipeline' retrieved from /opt/airflow/dags/tmdb_daily_dag.py
[2026-03-28T17:33:12.132+0000] {logging_mixin.py:188} INFO - [2026-03-28T17:33:12.132+0000] {dag.py:3096} INFO - Sync 1 DAGs
[2026-03-28T17:33:12.140+0000] {logging_mixin.py:188} INFO - [2026-03-28T17:33:12.140+0000] {dag.py:3954} INFO - Setting next_dagrun for tmdb_raw_pipeline to 2026-03-28 00:00:00+00:00, run_after=2026-03-29 00:00:00+00:00
[2026-03-28T17:33:12.147+0000] {processor.py:183} INFO - Processing /opt/airflow/dags/tmdb_daily_dag.py took 0.036 seconds
[2026-03-28T17:33:42.594+0000] {processor.py:161} INFO - Started process (PID=44008) to work on /opt/airflow/dags/tmdb_daily_dag.py
[2026-03-28T17:33:42.594+0000] {processor.py:830} INFO - Processing file /opt/airflow/dags/tmdb_daily_dag.py for tasks to queue
[2026-03-28T17:33:42.594+0000] {logging_mixin.py:188} INFO - [2026-03-28T17:33:42.594+0000] {dagbag.py:545} INFO - Filling up the DagBag from /opt/airflow/dags/tmdb_daily_dag.py
[2026-03-28T17:33:42.600+0000] {processor.py:840} INFO - DAG(s) 'tmdb_raw_pipeline' retrieved from /opt/airflow/dags/tmdb_daily_dag.py
[2026-03-28T17:33:42.611+0000] {logging_mixin.py:188} INFO - [2026-03-28T17:33:42.611+0000] {dag.py:3096} INFO - Sync 1 DAGs
[2026-03-28T17:33:42.619+0000] {logging_mixin.py:188} INFO - [2026-03-28T17:33:42.619+0000] {dag.py:3954} INFO - Setting next_dagrun for tmdb_raw_pipeline to 2026-03-28 00:00:00+00:00, run_after=2026-03-29 00:00:00+00:00
[2026-03-28T17:33:42.626+0000] {processor.py:183} INFO - Processing /opt/airflow/dags/tmdb_daily_dag.py took 0.034 seconds
[2026-03-28T17:34:13.015+0000] {processor.py:161} INFO - Started process (PID=44028) to work on /opt/airflow/dags/tmdb_daily_dag.py
[2026-03-28T17:34:13.016+0000] {processor.py:830} INFO - Processing file /opt/airflow/dags/tmdb_daily_dag.py for tasks to queue
[2026-03-28T17:34:13.016+0000] {logging_mixin.py:188} INFO - [2026-03-28T17:34:13.016+0000] {dagbag.py:545} INFO - Filling up the DagBag from /opt/airflow/dags/tmdb_daily_dag.py
[2026-03-28T17:34:13.022+0000] {processor.py:840} INFO - DAG(s) 'tmdb_raw_pipeline' retrieved from /opt/airflow/dags/tmdb_daily_dag.py
[2026-03-28T17:34:13.031+0000] {logging_mixin.py:188} INFO - [2026-03-28T17:34:13.031+0000] {dag.py:3096} INFO - Sync 1 DAGs
[2026-03-28T17:34:13.039+0000] {logging_mixin.py:188} INFO - [2026-03-28T17:34:13.039+0000] {dag.py:3954} INFO - Setting next_dagrun for tmdb_raw_pipeline to 2026-03-28 00:00:00+00:00, run_after=2026-03-29 00:00:00+00:00
[2026-03-28T17:34:13.045+0000] {processor.py:183} INFO - Processing /opt/airflow/dags/tmdb_daily_dag.py took 0.032 seconds
[2026-03-28T17:34:43.550+0000] {processor.py:161} INFO - Started process (PID=44048) to work on /opt/airflow/dags/tmdb_daily_dag.py
[2026-03-28T17:34:43.551+0000] {processor.py:830} INFO - Processing file /opt/airflow/dags/tmdb_daily_dag.py for tasks to queue
[2026-03-28T17:34:43.551+0000] {logging_mixin.py:188} INFO - [2026-03-28T17:34:43.551+0000] {dagbag.py:545} INFO - Filling up the DagBag from /opt/airflow/dags/tmdb_daily_dag.py
[2026-03-28T17:34:43.558+0000] {processor.py:840} INFO - DAG(s) 'tmdb_raw_pipeline' retrieved from /opt/airflow/dags/tmdb_daily_dag.py
[2026-03-28T17:34:43.573+0000] {logging_mixin.py:188} INFO - [2026-03-28T17:34:43.573+0000] {dag.py:3096} INFO - Sync 1 DAGs
[2026-03-28T17:34:43.583+0000] {logging_mixin.py:188} INFO - [2026-03-28T17:34:43.583+0000] {dag.py:3954} INFO - Setting next_dagrun for tmdb_raw_pipeline to 2026-03-28 00:00:00+00:00, run_after=2026-03-29 00:00:00+00:00
[2026-03-28T17:34:43.590+0000] {processor.py:183} INFO - Processing /opt/airflow/dags/tmdb_daily_dag.py took 0.042 seconds
[2026-03-28T17:35:14.022+0000] {processor.py:161} INFO - Started process (PID=44068) to work on /opt/airflow/dags/tmdb_daily_dag.py
[2026-03-28T17:35:14.023+0000] {processor.py:830} INFO - Processing file /opt/airflow/dags/tmdb_daily_dag.py for tasks to queue
[2026-03-28T17:35:14.023+0000] {logging_mixin.py:188} INFO - [2026-03-28T17:35:14.023+0000] {dagbag.py:545} INFO - Filling up the DagBag from /opt/airflow/dags/tmdb_daily_dag.py
[2026-03-28T17:35:14.029+0000] {processor.py:840} INFO - DAG(s) 'tmdb_raw_pipeline' retrieved from /opt/airflow/dags/tmdb_daily_dag.py
[2026-03-28T17:35:14.039+0000] {logging_mixin.py:188} INFO - [2026-03-28T17:35:14.039+0000] {dag.py:3096} INFO - Sync 1 DAGs
[2026-03-28T17:35:14.047+0000] {logging_mixin.py:188} INFO - [2026-03-28T17:35:14.047+0000] {dag.py:3954} INFO - Setting next_dagrun for tmdb_raw_pipeline to 2026-03-28 00:00:00+00:00, run_after=2026-03-29 00:00:00+00:00
[2026-03-28T17:35:14.053+0000] {processor.py:183} INFO - Processing /opt/airflow/dags/tmdb_daily_dag.py took 0.034 seconds
[2026-03-28T17:35:44.504+0000] {processor.py:161} INFO - Started process (PID=44088) to work on /opt/airflow/dags/tmdb_daily_dag.py
[2026-03-28T17:35:44.505+0000] {processor.py:830} INFO - Processing file /opt/airflow/dags/tmdb_daily_dag.py for tasks to queue
[2026-03-28T17:35:44.505+0000] {logging_mixin.py:188} INFO - [2026-03-28T17:35:44.505+0000] {dagbag.py:545} INFO - Filling up the DagBag from /opt/airflow/dags/tmdb_daily_dag.py
[2026-03-28T17:35:44.511+0000] {processor.py:840} INFO - DAG(s) 'tmdb_raw_pipeline' retrieved from /opt/airflow/dags/tmdb_daily_dag.py
[2026-03-28T17:35:44.520+0000] {logging_mixin.py:188} INFO - [2026-03-28T17:35:44.520+0000] {dag.py:3096} INFO - Sync 1 DAGs
[2026-03-28T17:35:44.529+0000] {logging_mixin.py:188} INFO - [2026-03-28T17:35:44.528+0000] {dag.py:3954} INFO - Setting next_dagrun for tmdb_raw_pipeline to 2026-03-28 00:00:00+00:00, run_after=2026-03-29 00:00:00+00:00
[2026-03-28T17:35:44.535+0000] {processor.py:183} INFO - Processing /opt/airflow/dags/tmdb_daily_dag.py took 0.033 seconds
[2026-03-28T17:36:14.971+0000] {processor.py:161} INFO - Started process (PID=44108) to work on /opt/airflow/dags/tmdb_daily_dag.py
[2026-03-28T17:36:14.972+0000] {processor.py:830} INFO - Processing file /opt/airflow/dags/tmdb_daily_dag.py for tasks to queue
[2026-03-28T17:36:14.973+0000] {logging_mixin.py:188} INFO - [2026-03-28T17:36:14.972+0000] {dagbag.py:545} INFO - Filling up the DagBag from /opt/airflow/dags/tmdb_daily_dag.py
[2026-03-28T17:36:14.978+0000] {processor.py:840} INFO - DAG(s) 'tmdb_raw_pipeline' retrieved from /opt/airflow/dags/tmdb_daily_dag.py
[2026-03-28T17:36:14.987+0000] {logging_mixin.py:188} INFO - [2026-03-28T17:36:14.987+0000] {dag.py:3096} INFO - Sync 1 DAGs
[2026-03-28T17:36:14.995+0000] {logging_mixin.py:188} INFO - [2026-03-28T17:36:14.995+0000] {dag.py:3954} INFO - Setting next_dagrun for tmdb_raw_pipeline to 2026-03-28 00:00:00+00:00, run_after=2026-03-29 00:00:00+00:00
[2026-03-28T17:36:15.001+0000] {processor.py:183} INFO - Processing /opt/airflow/dags/tmdb_daily_dag.py took 0.032 seconds
[2026-03-28T17:36:45.520+0000] {processor.py:161} INFO - Started process (PID=44128) to work on /opt/airflow/dags/tmdb_daily_dag.py
[2026-03-28T17:36:45.521+0000] {processor.py:830} INFO - Processing file /opt/airflow/dags/tmdb_daily_dag.py for tasks to queue
[2026-03-28T17:36:45.522+0000] {logging_mixin.py:188} INFO - [2026-03-28T17:36:45.522+0000] {dagbag.py:545} INFO - Filling up the DagBag from /opt/airflow/dags/tmdb_daily_dag.py
[2026-03-28T17:36:45.528+0000] {processor.py:840} INFO - DAG(s) 'tmdb_raw_pipeline' retrieved from /opt/airflow/dags/tmdb_daily_dag.py
[2026-03-28T17:36:45.540+0000] {logging_mixin.py:188} INFO - [2026-03-28T17:36:45.540+0000] {dag.py:3096} INFO - Sync 1 DAGs
[2026-03-28T17:36:45.549+0000] {logging_mixin.py:188} INFO - [2026-03-28T17:36:45.549+0000] {dag.py:3954} INFO - Setting next_dagrun for tmdb_raw_pipeline to 2026-03-28 00:00:00+00:00, run_after=2026-03-29 00:00:00+00:00
[2026-03-28T17:36:45.556+0000] {processor.py:183} INFO - Processing /opt/airflow/dags/tmdb_daily_dag.py took 0.038 seconds
[2026-03-28T17:37:15.919+0000] {processor.py:161} INFO - Started process (PID=44148) to work on /opt/airflow/dags/tmdb_daily_dag.py
[2026-03-28T17:37:15.920+0000] {processor.py:830} INFO - Processing file /opt/airflow/dags/tmdb_daily_dag.py for tasks to queue
[2026-03-28T17:37:15.921+0000] {logging_mixin.py:188} INFO - [2026-03-28T17:37:15.920+0000] {dagbag.py:545} INFO - Filling up the DagBag from /opt/airflow/dags/tmdb_daily_dag.py
[2026-03-28T17:37:15.926+0000] {processor.py:840} INFO - DAG(s) 'tmdb_raw_pipeline' retrieved from /opt/airflow/dags/tmdb_daily_dag.py
[2026-03-28T17:37:15.935+0000] {logging_mixin.py:188} INFO - [2026-03-28T17:37:15.935+0000] {dag.py:3096} INFO - Sync 1 DAGs
[2026-03-28T17:37:15.942+0000] {logging_mixin.py:188} INFO - [2026-03-28T17:37:15.942+0000] {dag.py:3954} INFO - Setting next_dagrun for tmdb_raw_pipeline to 2026-03-28 00:00:00+00:00, run_after=2026-03-29 00:00:00+00:00
[2026-03-28T17:37:15.948+0000] {processor.py:183} INFO - Processing /opt/airflow/dags/tmdb_daily_dag.py took 0.031 seconds
[2026-03-28T17:37:46.399+0000] {processor.py:161} INFO - Started process (PID=44168) to work on /opt/airflow/dags/tmdb_daily_dag.py
[2026-03-28T17:37:46.400+0000] {processor.py:830} INFO - Processing file /opt/airflow/dags/tmdb_daily_dag.py for tasks to queue
[2026-03-28T17:37:46.400+0000] {logging_mixin.py:188} INFO - [2026-03-28T17:37:46.400+0000] {dagbag.py:545} INFO - Filling up the DagBag from /opt/airflow/dags/tmdb_daily_dag.py
[2026-03-28T17:37:46.406+0000] {processor.py:840} INFO - DAG(s) 'tmdb_raw_pipeline' retrieved from /opt/airflow/dags/tmdb_daily_dag.py
[2026-03-28T17:37:46.417+0000] {logging_mixin.py:188} INFO - [2026-03-28T17:37:46.416+0000] {dag.py:3096} INFO - Sync 1 DAGs
[2026-03-28T17:37:46.426+0000] {logging_mixin.py:188} INFO - [2026-03-28T17:37:46.426+0000] {dag.py:3954} INFO - Setting next_dagrun for tmdb_raw_pipeline to 2026-03-28 00:00:00+00:00, run_after=2026-03-29 00:00:00+00:00
[2026-03-28T17:37:46.433+0000] {processor.py:183} INFO - Processing /opt/airflow/dags/tmdb_daily_dag.py took 0.036 seconds
[2026-03-28T17:38:16.940+0000] {processor.py:161} INFO - Started process (PID=44188) to work on /opt/airflow/dags/tmdb_daily_dag.py
[2026-03-28T17:38:16.941+0000] {processor.py:830} INFO - Processing file /opt/airflow/dags/tmdb_daily_dag.py for tasks to queue
[2026-03-28T17:38:16.941+0000] {logging_mixin.py:188} INFO - [2026-03-28T17:38:16.941+0000] {dagbag.py:545} INFO - Filling up the DagBag from /opt/airflow/dags/tmdb_daily_dag.py
[2026-03-28T17:38:16.947+0000] {processor.py:840} INFO - DAG(s) 'tmdb_raw_pipeline' retrieved from /opt/airflow/dags/tmdb_daily_dag.py
[2026-03-28T17:38:16.958+0000] {logging_mixin.py:188} INFO - [2026-03-28T17:38:16.958+0000] {dag.py:3096} INFO - Sync 1 DAGs
[2026-03-28T17:38:16.966+0000] {logging_mixin.py:188} INFO - [2026-03-28T17:38:16.966+0000] {dag.py:3954} INFO - Setting next_dagrun for tmdb_raw_pipeline to 2026-03-28 00:00:00+00:00, run_after=2026-03-29 00:00:00+00:00
[2026-03-28T17:38:16.972+0000] {processor.py:183} INFO - Processing /opt/airflow/dags/tmdb_daily_dag.py took 0.036 seconds
[2026-03-28T17:38:47.375+0000] {processor.py:161} INFO - Started process (PID=44208) to work on /opt/airflow/dags/tmdb_daily_dag.py
[2026-03-28T17:38:47.376+0000] {processor.py:830} INFO - Processing file /opt/airflow/dags/tmdb_daily_dag.py for tasks to queue
[2026-03-28T17:38:47.377+0000] {logging_mixin.py:188} INFO - [2026-03-28T17:38:47.377+0000] {dagbag.py:545} INFO - Filling up the DagBag from /opt/airflow/dags/tmdb_daily_dag.py
[2026-03-28T17:38:47.389+0000] {processor.py:840} INFO - DAG(s) 'tmdb_raw_pipeline' retrieved from /opt/airflow/dags/tmdb_daily_dag.py
[2026-03-28T17:38:47.405+0000] {logging_mixin.py:188} INFO - [2026-03-28T17:38:47.405+0000] {dag.py:3096} INFO - Sync 1 DAGs
[2026-03-28T17:38:47.417+0000] {logging_mixin.py:188} INFO - [2026-03-28T17:38:47.417+0000] {dag.py:3954} INFO - Setting next_dagrun for tmdb_raw_pipeline to 2026-03-28 00:00:00+00:00, run_after=2026-03-29 00:00:00+00:00
[2026-03-28T17:38:47.427+0000] {processor.py:183} INFO - Processing /opt/airflow/dags/tmdb_daily_dag.py took 0.055 seconds
[2026-03-28T17:39:17.851+0000] {processor.py:161} INFO - Started process (PID=44228) to work on /opt/airflow/dags/tmdb_daily_dag.py
[2026-03-28T17:39:17.852+0000] {processor.py:830} INFO - Processing file /opt/airflow/dags/tmdb_daily_dag.py for tasks to queue
[2026-03-28T17:39:17.852+0000] {logging_mixin.py:188} INFO - [2026-03-28T17:39:17.852+0000] {dagbag.py:545} INFO - Filling up the DagBag from /opt/airflow/dags/tmdb_daily_dag.py
[2026-03-28T17:39:17.858+0000] {processor.py:840} INFO - DAG(s) 'tmdb_raw_pipeline' retrieved from /opt/airflow/dags/tmdb_daily_dag.py
[2026-03-28T17:39:17.868+0000] {logging_mixin.py:188} INFO - [2026-03-28T17:39:17.868+0000] {dag.py:3096} INFO - Sync 1 DAGs
[2026-03-28T17:39:17.876+0000] {logging_mixin.py:188} INFO - [2026-03-28T17:39:17.876+0000] {dag.py:3954} INFO - Setting next_dagrun for tmdb_raw_pipeline to 2026-03-28 00:00:00+00:00, run_after=2026-03-29 00:00:00+00:00
[2026-03-28T17:39:17.882+0000] {processor.py:183} INFO - Processing /opt/airflow/dags/tmdb_daily_dag.py took 0.034 seconds
[2026-03-28T17:39:48.355+0000] {processor.py:161} INFO - Started process (PID=44248) to work on /opt/airflow/dags/tmdb_daily_dag.py
[2026-03-28T17:39:48.356+0000] {processor.py:830} INFO - Processing file /opt/airflow/dags/tmdb_daily_dag.py for tasks to queue
[2026-03-28T17:39:48.356+0000] {logging_mixin.py:188} INFO - [2026-03-28T17:39:48.356+0000] {dagbag.py:545} INFO - Filling up the DagBag from /opt/airflow/dags/tmdb_daily_dag.py
[2026-03-28T17:39:48.362+0000] {processor.py:840} INFO - DAG(s) 'tmdb_raw_pipeline' retrieved from /opt/airflow/dags/tmdb_daily_dag.py
[2026-03-28T17:39:48.372+0000] {logging_mixin.py:188} INFO - [2026-03-28T17:39:48.372+0000] {dag.py:3096} INFO - Sync 1 DAGs
[2026-03-28T17:39:48.383+0000] {logging_mixin.py:188} INFO - [2026-03-28T17:39:48.382+0000] {dag.py:3954} INFO - Setting next_dagrun for tmdb_raw_pipeline to 2026-03-28 00:00:00+00:00, run_after=2026-03-29 00:00:00+00:00
[2026-03-28T17:39:48.390+0000] {processor.py:183} INFO - Processing /opt/airflow/dags/tmdb_daily_dag.py took 0.043 seconds
[2026-03-28T17:40:18.955+0000] {processor.py:161} INFO - Started process (PID=44268) to work on /opt/airflow/dags/tmdb_daily_dag.py
[2026-03-28T17:40:18.957+0000] {processor.py:830} INFO - Processing file /opt/airflow/dags/tmdb_daily_dag.py for tasks to queue
[2026-03-28T17:40:18.957+0000] {logging_mixin.py:188} INFO - [2026-03-28T17:40:18.957+0000] {dagbag.py:545} INFO - Filling up the DagBag from /opt/airflow/dags/tmdb_daily_dag.py
[2026-03-28T17:40:18.966+0000] {processor.py:840} INFO - DAG(s) 'tmdb_raw_pipeline' retrieved from /opt/airflow/dags/tmdb_daily_dag.py
[2026-03-28T17:40:18.976+0000] {logging_mixin.py:188} INFO - [2026-03-28T17:40:18.976+0000] {dag.py:3096} INFO - Sync 1 DAGs
[2026-03-28T17:40:18.985+0000] {logging_mixin.py:188} INFO - [2026-03-28T17:40:18.985+0000] {dag.py:3954} INFO - Setting next_dagrun for tmdb_raw_pipeline to 2026-03-28 00:00:00+00:00, run_after=2026-03-29 00:00:00+00:00
[2026-03-28T17:40:18.991+0000] {processor.py:183} INFO - Processing /opt/airflow/dags/tmdb_daily_dag.py took 0.039 seconds
[2026-03-28T17:40:49.491+0000] {processor.py:161} INFO - Started process (PID=44288) to work on /opt/airflow/dags/tmdb_daily_dag.py
[2026-03-28T17:40:49.492+0000] {processor.py:830} INFO - Processing file /opt/airflow/dags/tmdb_daily_dag.py for tasks to queue
[2026-03-28T17:40:49.492+0000] {logging_mixin.py:188} INFO - [2026-03-28T17:40:49.492+0000] {dagbag.py:545} INFO - Filling up the DagBag from /opt/airflow/dags/tmdb_daily_dag.py
[2026-03-28T17:40:49.498+0000] {processor.py:840} INFO - DAG(s) 'tmdb_raw_pipeline' retrieved from /opt/airflow/dags/tmdb_daily_dag.py
[2026-03-28T17:40:49.508+0000] {logging_mixin.py:188} INFO - [2026-03-28T17:40:49.508+0000] {dag.py:3096} INFO - Sync 1 DAGs
[2026-03-28T17:40:49.516+0000] {logging_mixin.py:188} INFO - [2026-03-28T17:40:49.516+0000] {dag.py:3954} INFO - Setting next_dagrun for tmdb_raw_pipeline to 2026-03-28 00:00:00+00:00, run_after=2026-03-29 00:00:00+00:00
[2026-03-28T17:40:49.523+0000] {processor.py:183} INFO - Processing /opt/airflow/dags/tmdb_daily_dag.py took 0.034 seconds
[2026-03-28T17:41:20.067+0000] {processor.py:161} INFO - Started process (PID=44308) to work on /opt/airflow/dags/tmdb_daily_dag.py
[2026-03-28T17:41:20.068+0000] {processor.py:830} INFO - Processing file /opt/airflow/dags/tmdb_daily_dag.py for tasks to queue
[2026-03-28T17:41:20.069+0000] {logging_mixin.py:188} INFO - [2026-03-28T17:41:20.068+0000] {dagbag.py:545} INFO - Filling up the DagBag from /opt/airflow/dags/tmdb_daily_dag.py
[2026-03-28T17:41:20.076+0000] {processor.py:840} INFO - DAG(s) 'tmdb_raw_pipeline' retrieved from /opt/airflow/dags/tmdb_daily_dag.py
[2026-03-28T17:41:20.089+0000] {logging_mixin.py:188} INFO - [2026-03-28T17:41:20.089+0000] {dag.py:3096} INFO - Sync 1 DAGs
[2026-03-28T17:41:20.100+0000] {logging_mixin.py:188} INFO - [2026-03-28T17:41:20.099+0000] {dag.py:3954} INFO - Setting next_dagrun for tmdb_raw_pipeline to 2026-03-28 00:00:00+00:00, run_after=2026-03-29 00:00:00+00:00
[2026-03-28T17:41:20.107+0000] {processor.py:183} INFO - Processing /opt/airflow/dags/tmdb_daily_dag.py took 0.043 seconds
[2026-03-28T17:41:50.511+0000] {processor.py:161} INFO - Started process (PID=44328) to work on /opt/airflow/dags/tmdb_daily_dag.py
[2026-03-28T17:41:50.512+0000] {processor.py:830} INFO - Processing file /opt/airflow/dags/tmdb_daily_dag.py for tasks to queue
[2026-03-28T17:41:50.512+0000] {logging_mixin.py:188} INFO - [2026-03-28T17:41:50.512+0000] {dagbag.py:545} INFO - Filling up the DagBag from /opt/airflow/dags/tmdb_daily_dag.py
[2026-03-28T17:41:50.518+0000] {processor.py:840} INFO - DAG(s) 'tmdb_raw_pipeline' retrieved from /opt/airflow/dags/tmdb_daily_dag.py
[2026-03-28T17:41:50.528+0000] {logging_mixin.py:188} INFO - [2026-03-28T17:41:50.528+0000] {dag.py:3096} INFO - Sync 1 DAGs
[2026-03-28T17:41:50.536+0000] {logging_mixin.py:188} INFO - [2026-03-28T17:41:50.536+0000] {dag.py:3954} INFO - Setting next_dagrun for tmdb_raw_pipeline to 2026-03-28 00:00:00+00:00, run_after=2026-03-29 00:00:00+00:00
[2026-03-28T17:41:50.542+0000] {processor.py:183} INFO - Processing /opt/airflow/dags/tmdb_daily_dag.py took 0.033 seconds
[2026-03-28T17:42:20.983+0000] {processor.py:161} INFO - Started process (PID=44348) to work on /opt/airflow/dags/tmdb_daily_dag.py
[2026-03-28T17:42:20.984+0000] {processor.py:830} INFO - Processing file /opt/airflow/dags/tmdb_daily_dag.py for tasks to queue
[2026-03-28T17:42:20.984+0000] {logging_mixin.py:188} INFO - [2026-03-28T17:42:20.984+0000] {dagbag.py:545} INFO - Filling up the DagBag from /opt/airflow/dags/tmdb_daily_dag.py
[2026-03-28T17:42:20.989+0000] {processor.py:840} INFO - DAG(s) 'tmdb_raw_pipeline' retrieved from /opt/airflow/dags/tmdb_daily_dag.py
[2026-03-28T17:42:21.000+0000] {logging_mixin.py:188} INFO - [2026-03-28T17:42:21.000+0000] {dag.py:3096} INFO - Sync 1 DAGs
[2026-03-28T17:42:21.009+0000] {logging_mixin.py:188} INFO - [2026-03-28T17:42:21.009+0000] {dag.py:3954} INFO - Setting next_dagrun for tmdb_raw_pipeline to 2026-03-28 00:00:00+00:00, run_after=2026-03-29 00:00:00+00:00
[2026-03-28T17:42:21.015+0000] {processor.py:183} INFO - Processing /opt/airflow/dags/tmdb_daily_dag.py took 0.035 seconds
[2026-03-28T17:42:51.423+0000] {processor.py:161} INFO - Started process (PID=44368) to work on /opt/airflow/dags/tmdb_daily_dag.py
[2026-03-28T17:42:51.424+0000] {processor.py:830} INFO - Processing file /opt/airflow/dags/tmdb_daily_dag.py for tasks to queue
[2026-03-28T17:42:51.424+0000] {logging_mixin.py:188} INFO - [2026-03-28T17:42:51.424+0000] {dagbag.py:545} INFO - Filling up the DagBag from /opt/airflow/dags/tmdb_daily_dag.py
[2026-03-28T17:42:51.430+0000] {processor.py:840} INFO - DAG(s) 'tmdb_raw_pipeline' retrieved from /opt/airflow/dags/tmdb_daily_dag.py
[2026-03-28T17:42:51.439+0000] {logging_mixin.py:188} INFO - [2026-03-28T17:42:51.439+0000] {dag.py:3096} INFO - Sync 1 DAGs
[2026-03-28T17:42:51.451+0000] {logging_mixin.py:188} INFO - [2026-03-28T17:42:51.450+0000] {dag.py:3954} INFO - Setting next_dagrun for tmdb_raw_pipeline to 2026-03-28 00:00:00+00:00, run_after=2026-03-29 00:00:00+00:00
[2026-03-28T17:42:51.457+0000] {processor.py:183} INFO - Processing /opt/airflow/dags/tmdb_daily_dag.py took 0.036 seconds
[2026-03-28T17:43:21.981+0000] {processor.py:161} INFO - Started process (PID=44388) to work on /opt/airflow/dags/tmdb_daily_dag.py
[2026-03-28T17:43:21.982+0000] {processor.py:830} INFO - Processing file /opt/airflow/dags/tmdb_daily_dag.py for tasks to queue
[2026-03-28T17:43:21.983+0000] {logging_mixin.py:188} INFO - [2026-03-28T17:43:21.982+0000] {dagbag.py:545} INFO - Filling up the DagBag from /opt/airflow/dags/tmdb_daily_dag.py
[2026-03-28T17:43:21.989+0000] {processor.py:840} INFO - DAG(s) 'tmdb_raw_pipeline' retrieved from /opt/airflow/dags/tmdb_daily_dag.py
[2026-03-28T17:43:21.998+0000] {logging_mixin.py:188} INFO - [2026-03-28T17:43:21.998+0000] {dag.py:3096} INFO - Sync 1 DAGs
[2026-03-28T17:43:22.007+0000] {logging_mixin.py:188} INFO - [2026-03-28T17:43:22.006+0000] {dag.py:3954} INFO - Setting next_dagrun for tmdb_raw_pipeline to 2026-03-28 00:00:00+00:00, run_after=2026-03-29 00:00:00+00:00
[2026-03-28T17:43:22.012+0000] {processor.py:183} INFO - Processing /opt/airflow/dags/tmdb_daily_dag.py took 0.033 seconds
[2026-03-28T17:43:52.402+0000] {processor.py:161} INFO - Started process (PID=44408) to work on /opt/airflow/dags/tmdb_daily_dag.py
[2026-03-28T17:43:52.402+0000] {processor.py:830} INFO - Processing file /opt/airflow/dags/tmdb_daily_dag.py for tasks to queue
[2026-03-28T17:43:52.403+0000] {logging_mixin.py:188} INFO - [2026-03-28T17:43:52.403+0000] {dagbag.py:545} INFO - Filling up the DagBag from /opt/airflow/dags/tmdb_daily_dag.py
[2026-03-28T17:43:52.409+0000] {processor.py:840} INFO - DAG(s) 'tmdb_raw_pipeline' retrieved from /opt/airflow/dags/tmdb_daily_dag.py
[2026-03-28T17:43:52.419+0000] {logging_mixin.py:188} INFO - [2026-03-28T17:43:52.419+0000] {dag.py:3096} INFO - Sync 1 DAGs
[2026-03-28T17:43:52.427+0000] {logging_mixin.py:188} INFO - [2026-03-28T17:43:52.427+0000] {dag.py:3954} INFO - Setting next_dagrun for tmdb_raw_pipeline to 2026-03-28 00:00:00+00:00, run_after=2026-03-29 00:00:00+00:00
[2026-03-28T17:43:52.433+0000] {processor.py:183} INFO - Processing /opt/airflow/dags/tmdb_daily_dag.py took 0.034 seconds
[2026-03-28T17:44:22.899+0000] {processor.py:161} INFO - Started process (PID=44428) to work on /opt/airflow/dags/tmdb_daily_dag.py
[2026-03-28T17:44:22.900+0000] {processor.py:830} INFO - Processing file /opt/airflow/dags/tmdb_daily_dag.py for tasks to queue
[2026-03-28T17:44:22.900+0000] {logging_mixin.py:188} INFO - [2026-03-28T17:44:22.900+0000] {dagbag.py:545} INFO - Filling up the DagBag from /opt/airflow/dags/tmdb_daily_dag.py
[2026-03-28T17:44:22.906+0000] {processor.py:840} INFO - DAG(s) 'tmdb_raw_pipeline' retrieved from /opt/airflow/dags/tmdb_daily_dag.py
[2026-03-28T17:44:22.916+0000] {logging_mixin.py:188} INFO - [2026-03-28T17:44:22.916+0000] {dag.py:3096} INFO - Sync 1 DAGs
[2026-03-28T17:44:22.925+0000] {logging_mixin.py:188} INFO - [2026-03-28T17:44:22.925+0000] {dag.py:3954} INFO - Setting next_dagrun for tmdb_raw_pipeline to 2026-03-28 00:00:00+00:00, run_after=2026-03-29 00:00:00+00:00
[2026-03-28T17:44:22.931+0000] {processor.py:183} INFO - Processing /opt/airflow/dags/tmdb_daily_dag.py took 0.035 seconds
[2026-03-28T17:44:53.354+0000] {processor.py:161} INFO - Started process (PID=44448) to work on /opt/airflow/dags/tmdb_daily_dag.py
[2026-03-28T17:44:53.355+0000] {processor.py:830} INFO - Processing file /opt/airflow/dags/tmdb_daily_dag.py for tasks to queue
[2026-03-28T17:44:53.355+0000] {logging_mixin.py:188} INFO - [2026-03-28T17:44:53.355+0000] {dagbag.py:545} INFO - Filling up the DagBag from /opt/airflow/dags/tmdb_daily_dag.py
[2026-03-28T17:44:53.361+0000] {processor.py:840} INFO - DAG(s) 'tmdb_raw_pipeline' retrieved from /opt/airflow/dags/tmdb_daily_dag.py
[2026-03-28T17:44:53.372+0000] {logging_mixin.py:188} INFO - [2026-03-28T17:44:53.372+0000] {dag.py:3096} INFO - Sync 1 DAGs
[2026-03-28T17:44:53.381+0000] {logging_mixin.py:188} INFO - [2026-03-28T17:44:53.381+0000] {dag.py:3954} INFO - Setting next_dagrun for tmdb_raw_pipeline to 2026-03-28 00:00:00+00:00, run_after=2026-03-29 00:00:00+00:00
[2026-03-28T17:44:53.387+0000] {processor.py:183} INFO - Processing /opt/airflow/dags/tmdb_daily_dag.py took 0.036 seconds
[2026-03-28T17:45:23.931+0000] {processor.py:161} INFO - Started process (PID=44468) to work on /opt/airflow/dags/tmdb_daily_dag.py
[2026-03-28T17:45:23.931+0000] {processor.py:830} INFO - Processing file /opt/airflow/dags/tmdb_daily_dag.py for tasks to queue
[2026-03-28T17:45:23.932+0000] {logging_mixin.py:188} INFO - [2026-03-28T17:45:23.932+0000] {dagbag.py:545} INFO - Filling up the DagBag from /opt/airflow/dags/tmdb_daily_dag.py
[2026-03-28T17:45:23.938+0000] {processor.py:840} INFO - DAG(s) 'tmdb_raw_pipeline' retrieved from /opt/airflow/dags/tmdb_daily_dag.py
[2026-03-28T17:45:23.948+0000] {logging_mixin.py:188} INFO - [2026-03-28T17:45:23.948+0000] {dag.py:3096} INFO - Sync 1 DAGs
[2026-03-28T17:45:23.956+0000] {logging_mixin.py:188} INFO - [2026-03-28T17:45:23.956+0000] {dag.py:3954} INFO - Setting next_dagrun for tmdb_raw_pipeline to 2026-03-28 00:00:00+00:00, run_after=2026-03-29 00:00:00+00:00
[2026-03-28T17:45:23.962+0000] {processor.py:183} INFO - Processing /opt/airflow/dags/tmdb_daily_dag.py took 0.035 seconds
[2026-03-28T17:45:54.366+0000] {processor.py:161} INFO - Started process (PID=44488) to work on /opt/airflow/dags/tmdb_daily_dag.py
[2026-03-28T17:45:54.367+0000] {processor.py:830} INFO - Processing file /opt/airflow/dags/tmdb_daily_dag.py for tasks to queue
[2026-03-28T17:45:54.367+0000] {logging_mixin.py:188} INFO - [2026-03-28T17:45:54.367+0000] {dagbag.py:545} INFO - Filling up the DagBag from /opt/airflow/dags/tmdb_daily_dag.py
[2026-03-28T17:45:54.372+0000] {processor.py:840} INFO - DAG(s) 'tmdb_raw_pipeline' retrieved from /opt/airflow/dags/tmdb_daily_dag.py
[2026-03-28T17:45:54.382+0000] {logging_mixin.py:188} INFO - [2026-03-28T17:45:54.381+0000] {dag.py:3096} INFO - Sync 1 DAGs
[2026-03-28T17:45:54.389+0000] {logging_mixin.py:188} INFO - [2026-03-28T17:45:54.389+0000] {dag.py:3954} INFO - Setting next_dagrun for tmdb_raw_pipeline to 2026-03-28 00:00:00+00:00, run_after=2026-03-29 00:00:00+00:00
[2026-03-28T17:45:54.396+0000] {processor.py:183} INFO - Processing /opt/airflow/dags/tmdb_daily_dag.py took 0.032 seconds
[2026-03-28T17:46:24.859+0000] {processor.py:161} INFO - Started process (PID=44508) to work on /opt/airflow/dags/tmdb_daily_dag.py
[2026-03-28T17:46:24.859+0000] {processor.py:830} INFO - Processing file /opt/airflow/dags/tmdb_daily_dag.py for tasks to queue
[2026-03-28T17:46:24.860+0000] {logging_mixin.py:188} INFO - [2026-03-28T17:46:24.860+0000] {dagbag.py:545} INFO - Filling up the DagBag from /opt/airflow/dags/tmdb_daily_dag.py
[2026-03-28T17:46:24.870+0000] {processor.py:840} INFO - DAG(s) 'tmdb_raw_pipeline' retrieved from /opt/airflow/dags/tmdb_daily_dag.py
[2026-03-28T17:46:24.881+0000] {logging_mixin.py:188} INFO - [2026-03-28T17:46:24.880+0000] {dag.py:3096} INFO - Sync 1 DAGs
[2026-03-28T17:46:24.890+0000] {logging_mixin.py:188} INFO - [2026-03-28T17:46:24.890+0000] {dag.py:3954} INFO - Setting next_dagrun for tmdb_raw_pipeline to 2026-03-28 00:00:00+00:00, run_after=2026-03-29 00:00:00+00:00
[2026-03-28T17:46:24.896+0000] {processor.py:183} INFO - Processing /opt/airflow/dags/tmdb_daily_dag.py took 0.040 seconds
[2026-03-28T17:46:55.280+0000] {processor.py:161} INFO - Started process (PID=44528) to work on /opt/airflow/dags/tmdb_daily_dag.py
[2026-03-28T17:46:55.281+0000] {processor.py:830} INFO - Processing file /opt/airflow/dags/tmdb_daily_dag.py for tasks to queue
[2026-03-28T17:46:55.282+0000] {logging_mixin.py:188} INFO - [2026-03-28T17:46:55.281+0000] {dagbag.py:545} INFO - Filling up the DagBag from /opt/airflow/dags/tmdb_daily_dag.py
[2026-03-28T17:46:55.287+0000] {processor.py:840} INFO - DAG(s) 'tmdb_raw_pipeline' retrieved from /opt/airflow/dags/tmdb_daily_dag.py
[2026-03-28T17:46:55.297+0000] {logging_mixin.py:188} INFO - [2026-03-28T17:46:55.297+0000] {dag.py:3096} INFO - Sync 1 DAGs
[2026-03-28T17:46:55.305+0000] {logging_mixin.py:188} INFO - [2026-03-28T17:46:55.305+0000] {dag.py:3954} INFO - Setting next_dagrun for tmdb_raw_pipeline to 2026-03-28 00:00:00+00:00, run_after=2026-03-29 00:00:00+00:00
[2026-03-28T17:46:55.311+0000] {processor.py:183} INFO - Processing /opt/airflow/dags/tmdb_daily_dag.py took 0.033 seconds
[2026-03-28T17:47:25.806+0000] {processor.py:161} INFO - Started process (PID=44548) to work on /opt/airflow/dags/tmdb_daily_dag.py
[2026-03-28T17:47:25.807+0000] {processor.py:830} INFO - Processing file /opt/airflow/dags/tmdb_daily_dag.py for tasks to queue
[2026-03-28T17:47:25.807+0000] {logging_mixin.py:188} INFO - [2026-03-28T17:47:25.807+0000] {dagbag.py:545} INFO - Filling up the DagBag from /opt/airflow/dags/tmdb_daily_dag.py
[2026-03-28T17:47:25.813+0000] {processor.py:840} INFO - DAG(s) 'tmdb_raw_pipeline' retrieved from /opt/airflow/dags/tmdb_daily_dag.py
[2026-03-28T17:47:25.822+0000] {logging_mixin.py:188} INFO - [2026-03-28T17:47:25.822+0000] {dag.py:3096} INFO - Sync 1 DAGs
[2026-03-28T17:47:25.830+0000] {logging_mixin.py:188} INFO - [2026-03-28T17:47:25.830+0000] {dag.py:3954} INFO - Setting next_dagrun for tmdb_raw_pipeline to 2026-03-28 00:00:00+00:00, run_after=2026-03-29 00:00:00+00:00
[2026-03-28T17:47:25.836+0000] {processor.py:183} INFO - Processing /opt/airflow/dags/tmdb_daily_dag.py took 0.032 seconds
[2026-03-28T17:47:56.240+0000] {processor.py:161} INFO - Started process (PID=44568) to work on /opt/airflow/dags/tmdb_daily_dag.py
[2026-03-28T17:47:56.241+0000] {processor.py:830} INFO - Processing file /opt/airflow/dags/tmdb_daily_dag.py for tasks to queue
[2026-03-28T17:47:56.241+0000] {logging_mixin.py:188} INFO - [2026-03-28T17:47:56.241+0000] {dagbag.py:545} INFO - Filling up the DagBag from /opt/airflow/dags/tmdb_daily_dag.py
[2026-03-28T17:47:56.247+0000] {processor.py:840} INFO - DAG(s) 'tmdb_raw_pipeline' retrieved from /opt/airflow/dags/tmdb_daily_dag.py
[2026-03-28T17:47:56.257+0000] {logging_mixin.py:188} INFO - [2026-03-28T17:47:56.257+0000] {dag.py:3096} INFO - Sync 1 DAGs
[2026-03-28T17:47:56.264+0000] {logging_mixin.py:188} INFO - [2026-03-28T17:47:56.264+0000] {dag.py:3954} INFO - Setting next_dagrun for tmdb_raw_pipeline to 2026-03-28 00:00:00+00:00, run_after=2026-03-29 00:00:00+00:00
[2026-03-28T17:47:56.270+0000] {processor.py:183} INFO - Processing /opt/airflow/dags/tmdb_daily_dag.py took 0.033 seconds
[2026-03-28T17:48:26.769+0000] {processor.py:161} INFO - Started process (PID=44588) to work on /opt/airflow/dags/tmdb_daily_dag.py
[2026-03-28T17:48:26.770+0000] {processor.py:830} INFO - Processing file /opt/airflow/dags/tmdb_daily_dag.py for tasks to queue
[2026-03-28T17:48:26.770+0000] {logging_mixin.py:188} INFO - [2026-03-28T17:48:26.770+0000] {dagbag.py:545} INFO - Filling up the DagBag from /opt/airflow/dags/tmdb_daily_dag.py
[2026-03-28T17:48:26.776+0000] {processor.py:840} INFO - DAG(s) 'tmdb_raw_pipeline' retrieved from /opt/airflow/dags/tmdb_daily_dag.py
[2026-03-28T17:48:26.785+0000] {logging_mixin.py:188} INFO - [2026-03-28T17:48:26.785+0000] {dag.py:3096} INFO - Sync 1 DAGs
[2026-03-28T17:48:26.794+0000] {logging_mixin.py:188} INFO - [2026-03-28T17:48:26.794+0000] {dag.py:3954} INFO - Setting next_dagrun for tmdb_raw_pipeline to 2026-03-28 00:00:00+00:00, run_after=2026-03-29 00:00:00+00:00
[2026-03-28T17:48:26.800+0000] {processor.py:183} INFO - Processing /opt/airflow/dags/tmdb_daily_dag.py took 0.033 seconds
[2026-03-28T17:48:57.192+0000] {processor.py:161} INFO - Started process (PID=44608) to work on /opt/airflow/dags/tmdb_daily_dag.py
[2026-03-28T17:48:57.193+0000] {processor.py:830} INFO - Processing file /opt/airflow/dags/tmdb_daily_dag.py for tasks to queue
[2026-03-28T17:48:57.193+0000] {logging_mixin.py:188} INFO - [2026-03-28T17:48:57.193+0000] {dagbag.py:545} INFO - Filling up the DagBag from /opt/airflow/dags/tmdb_daily_dag.py
[2026-03-28T17:48:57.198+0000] {processor.py:840} INFO - DAG(s) 'tmdb_raw_pipeline' retrieved from /opt/airflow/dags/tmdb_daily_dag.py
[2026-03-28T17:48:57.207+0000] {logging_mixin.py:188} INFO - [2026-03-28T17:48:57.207+0000] {dag.py:3096} INFO - Sync 1 DAGs
[2026-03-28T17:48:57.216+0000] {logging_mixin.py:188} INFO - [2026-03-28T17:48:57.216+0000] {dag.py:3954} INFO - Setting next_dagrun for tmdb_raw_pipeline to 2026-03-28 00:00:00+00:00, run_after=2026-03-29 00:00:00+00:00
[2026-03-28T17:48:57.222+0000] {processor.py:183} INFO - Processing /opt/airflow/dags/tmdb_daily_dag.py took 0.032 seconds
[2026-03-28T17:49:27.670+0000] {processor.py:161} INFO - Started process (PID=44628) to work on /opt/airflow/dags/tmdb_daily_dag.py
[2026-03-28T17:49:27.671+0000] {processor.py:830} INFO - Processing file /opt/airflow/dags/tmdb_daily_dag.py for tasks to queue
[2026-03-28T17:49:27.671+0000] {logging_mixin.py:188} INFO - [2026-03-28T17:49:27.671+0000] {dagbag.py:545} INFO - Filling up the DagBag from /opt/airflow/dags/tmdb_daily_dag.py
[2026-03-28T17:49:27.680+0000] {processor.py:840} INFO - DAG(s) 'tmdb_raw_pipeline' retrieved from /opt/airflow/dags/tmdb_daily_dag.py
[2026-03-28T17:49:27.690+0000] {logging_mixin.py:188} INFO - [2026-03-28T17:49:27.690+0000] {dag.py:3096} INFO - Sync 1 DAGs
[2026-03-28T17:49:27.699+0000] {logging_mixin.py:188} INFO - [2026-03-28T17:49:27.699+0000] {dag.py:3954} INFO - Setting next_dagrun for tmdb_raw_pipeline to 2026-03-28 00:00:00+00:00, run_after=2026-03-29 00:00:00+00:00
[2026-03-28T17:49:27.705+0000] {processor.py:183} INFO - Processing /opt/airflow/dags/tmdb_daily_dag.py took 0.037 seconds
[2026-03-28T17:49:58.180+0000] {processor.py:161} INFO - Started process (PID=44648) to work on /opt/airflow/dags/tmdb_daily_dag.py
[2026-03-28T17:49:58.180+0000] {processor.py:830} INFO - Processing file /opt/airflow/dags/tmdb_daily_dag.py for tasks to queue
[2026-03-28T17:49:58.181+0000] {logging_mixin.py:188} INFO - [2026-03-28T17:49:58.180+0000] {dagbag.py:545} INFO - Filling up the DagBag from /opt/airflow/dags/tmdb_daily_dag.py
[2026-03-28T17:49:58.186+0000] {processor.py:840} INFO - DAG(s) 'tmdb_raw_pipeline' retrieved from /opt/airflow/dags/tmdb_daily_dag.py
[2026-03-28T17:49:58.196+0000] {logging_mixin.py:188} INFO - [2026-03-28T17:49:58.196+0000] {dag.py:3096} INFO - Sync 1 DAGs
[2026-03-28T17:49:58.204+0000] {logging_mixin.py:188} INFO - [2026-03-28T17:49:58.204+0000] {dag.py:3954} INFO - Setting next_dagrun for tmdb_raw_pipeline to 2026-03-28 00:00:00+00:00, run_after=2026-03-29 00:00:00+00:00
[2026-03-28T17:49:58.211+0000] {processor.py:183} INFO - Processing /opt/airflow/dags/tmdb_daily_dag.py took 0.034 seconds
[2026-03-28T17:50:28.698+0000] {processor.py:161} INFO - Started process (PID=44668) to work on /opt/airflow/dags/tmdb_daily_dag.py
[2026-03-28T17:50:28.699+0000] {processor.py:830} INFO - Processing file /opt/airflow/dags/tmdb_daily_dag.py for tasks to queue
[2026-03-28T17:50:28.699+0000] {logging_mixin.py:188} INFO - [2026-03-28T17:50:28.699+0000] {dagbag.py:545} INFO - Filling up the DagBag from /opt/airflow/dags/tmdb_daily_dag.py
[2026-03-28T17:50:28.705+0000] {processor.py:840} INFO - DAG(s) 'tmdb_raw_pipeline' retrieved from /opt/airflow/dags/tmdb_daily_dag.py
[2026-03-28T17:50:28.714+0000] {logging_mixin.py:188} INFO - [2026-03-28T17:50:28.714+0000] {dag.py:3096} INFO - Sync 1 DAGs
[2026-03-28T17:50:28.724+0000] {logging_mixin.py:188} INFO - [2026-03-28T17:50:28.724+0000] {dag.py:3954} INFO - Setting next_dagrun for tmdb_raw_pipeline to 2026-03-28 00:00:00+00:00, run_after=2026-03-29 00:00:00+00:00
[2026-03-28T17:50:28.731+0000] {processor.py:183} INFO - Processing /opt/airflow/dags/tmdb_daily_dag.py took 0.035 seconds
[2026-03-28T17:50:59.229+0000] {processor.py:161} INFO - Started process (PID=44688) to work on /opt/airflow/dags/tmdb_daily_dag.py
[2026-03-28T17:50:59.230+0000] {processor.py:830} INFO - Processing file /opt/airflow/dags/tmdb_daily_dag.py for tasks to queue
[2026-03-28T17:50:59.231+0000] {logging_mixin.py:188} INFO - [2026-03-28T17:50:59.231+0000] {dagbag.py:545} INFO - Filling up the DagBag from /opt/airflow/dags/tmdb_daily_dag.py
[2026-03-28T17:50:59.237+0000] {processor.py:840} INFO - DAG(s) 'tmdb_raw_pipeline' retrieved from /opt/airflow/dags/tmdb_daily_dag.py
[2026-03-28T17:50:59.247+0000] {logging_mixin.py:188} INFO - [2026-03-28T17:50:59.247+0000] {dag.py:3096} INFO - Sync 1 DAGs
[2026-03-28T17:50:59.256+0000] {logging_mixin.py:188} INFO - [2026-03-28T17:50:59.256+0000] {dag.py:3954} INFO - Setting next_dagrun for tmdb_raw_pipeline to 2026-03-28 00:00:00+00:00, run_after=2026-03-29 00:00:00+00:00
[2026-03-28T17:50:59.263+0000] {processor.py:183} INFO - Processing /opt/airflow/dags/tmdb_daily_dag.py took 0.036 seconds
[2026-03-28T17:51:29.779+0000] {processor.py:161} INFO - Started process (PID=44708) to work on /opt/airflow/dags/tmdb_daily_dag.py
[2026-03-28T17:51:29.780+0000] {processor.py:830} INFO - Processing file /opt/airflow/dags/tmdb_daily_dag.py for tasks to queue
[2026-03-28T17:51:29.780+0000] {logging_mixin.py:188} INFO - [2026-03-28T17:51:29.780+0000] {dagbag.py:545} INFO - Filling up the DagBag from /opt/airflow/dags/tmdb_daily_dag.py
[2026-03-28T17:51:29.790+0000] {processor.py:840} INFO - DAG(s) 'tmdb_raw_pipeline' retrieved from /opt/airflow/dags/tmdb_daily_dag.py
[2026-03-28T17:51:29.800+0000] {logging_mixin.py:188} INFO - [2026-03-28T17:51:29.800+0000] {dag.py:3096} INFO - Sync 1 DAGs
[2026-03-28T17:51:29.808+0000] {logging_mixin.py:188} INFO - [2026-03-28T17:51:29.808+0000] {dag.py:3954} INFO - Setting next_dagrun for tmdb_raw_pipeline to 2026-03-28 00:00:00+00:00, run_after=2026-03-29 00:00:00+00:00
[2026-03-28T17:51:29.814+0000] {processor.py:183} INFO - Processing /opt/airflow/dags/tmdb_daily_dag.py took 0.038 seconds
[2026-03-28T17:52:00.347+0000] {processor.py:161} INFO - Started process (PID=44728) to work on /opt/airflow/dags/tmdb_daily_dag.py
[2026-03-28T17:52:00.348+0000] {processor.py:830} INFO - Processing file /opt/airflow/dags/tmdb_daily_dag.py for tasks to queue
[2026-03-28T17:52:00.348+0000] {logging_mixin.py:188} INFO - [2026-03-28T17:52:00.348+0000] {dagbag.py:545} INFO - Filling up the DagBag from /opt/airflow/dags/tmdb_daily_dag.py
[2026-03-28T17:52:00.355+0000] {processor.py:840} INFO - DAG(s) 'tmdb_raw_pipeline' retrieved from /opt/airflow/dags/tmdb_daily_dag.py
[2026-03-28T17:52:00.365+0000] {logging_mixin.py:188} INFO - [2026-03-28T17:52:00.365+0000] {dag.py:3096} INFO - Sync 1 DAGs
[2026-03-28T17:52:00.378+0000] {logging_mixin.py:188} INFO - [2026-03-28T17:52:00.378+0000] {dag.py:3954} INFO - Setting next_dagrun for tmdb_raw_pipeline to 2026-03-28 00:00:00+00:00, run_after=2026-03-29 00:00:00+00:00
[2026-03-28T17:52:00.385+0000] {processor.py:183} INFO - Processing /opt/airflow/dags/tmdb_daily_dag.py took 0.041 seconds
[2026-03-28T17:52:30.923+0000] {processor.py:161} INFO - Started process (PID=44748) to work on /opt/airflow/dags/tmdb_daily_dag.py
[2026-03-28T17:52:30.924+0000] {processor.py:830} INFO - Processing file /opt/airflow/dags/tmdb_daily_dag.py for tasks to queue
[2026-03-28T17:52:30.924+0000] {logging_mixin.py:188} INFO - [2026-03-28T17:52:30.924+0000] {dagbag.py:545} INFO - Filling up the DagBag from /opt/airflow/dags/tmdb_daily_dag.py
[2026-03-28T17:52:30.933+0000] {processor.py:840} INFO - DAG(s) 'tmdb_raw_pipeline' retrieved from /opt/airflow/dags/tmdb_daily_dag.py
[2026-03-28T17:52:30.942+0000] {logging_mixin.py:188} INFO - [2026-03-28T17:52:30.942+0000] {dag.py:3096} INFO - Sync 1 DAGs
[2026-03-28T17:52:30.951+0000] {logging_mixin.py:188} INFO - [2026-03-28T17:52:30.951+0000] {dag.py:3954} INFO - Setting next_dagrun for tmdb_raw_pipeline to 2026-03-28 00:00:00+00:00, run_after=2026-03-29 00:00:00+00:00
[2026-03-28T17:52:30.957+0000] {processor.py:183} INFO - Processing /opt/airflow/dags/tmdb_daily_dag.py took 0.036 seconds
[2026-03-28T17:53:01.364+0000] {processor.py:161} INFO - Started process (PID=44768) to work on /opt/airflow/dags/tmdb_daily_dag.py
[2026-03-28T17:53:01.365+0000] {processor.py:830} INFO - Processing file /opt/airflow/dags/tmdb_daily_dag.py for tasks to queue
[2026-03-28T17:53:01.365+0000] {logging_mixin.py:188} INFO - [2026-03-28T17:53:01.365+0000] {dagbag.py:545} INFO - Filling up the DagBag from /opt/airflow/dags/tmdb_daily_dag.py
[2026-03-28T17:53:01.371+0000] {processor.py:840} INFO - DAG(s) 'tmdb_raw_pipeline' retrieved from /opt/airflow/dags/tmdb_daily_dag.py
[2026-03-28T17:53:01.380+0000] {logging_mixin.py:188} INFO - [2026-03-28T17:53:01.379+0000] {dag.py:3096} INFO - Sync 1 DAGs
[2026-03-28T17:53:01.388+0000] {logging_mixin.py:188} INFO - [2026-03-28T17:53:01.388+0000] {dag.py:3954} INFO - Setting next_dagrun for tmdb_raw_pipeline to 2026-03-28 00:00:00+00:00, run_after=2026-03-29 00:00:00+00:00
[2026-03-28T17:53:01.393+0000] {processor.py:183} INFO - Processing /opt/airflow/dags/tmdb_daily_dag.py took 0.031 seconds
[2026-03-28T17:53:31.871+0000] {processor.py:161} INFO - Started process (PID=44788) to work on /opt/airflow/dags/tmdb_daily_dag.py
[2026-03-28T17:53:31.872+0000] {processor.py:830} INFO - Processing file /opt/airflow/dags/tmdb_daily_dag.py for tasks to queue
[2026-03-28T17:53:31.873+0000] {logging_mixin.py:188} INFO - [2026-03-28T17:53:31.872+0000] {dagbag.py:545} INFO - Filling up the DagBag from /opt/airflow/dags/tmdb_daily_dag.py
[2026-03-28T17:53:31.879+0000] {processor.py:840} INFO - DAG(s) 'tmdb_raw_pipeline' retrieved from /opt/airflow/dags/tmdb_daily_dag.py
[2026-03-28T17:53:31.888+0000] {logging_mixin.py:188} INFO - [2026-03-28T17:53:31.888+0000] {dag.py:3096} INFO - Sync 1 DAGs
[2026-03-28T17:53:31.896+0000] {logging_mixin.py:188} INFO - [2026-03-28T17:53:31.896+0000] {dag.py:3954} INFO - Setting next_dagrun for tmdb_raw_pipeline to 2026-03-28 00:00:00+00:00, run_after=2026-03-29 00:00:00+00:00
[2026-03-28T17:53:31.903+0000] {processor.py:183} INFO - Processing /opt/airflow/dags/tmdb_daily_dag.py took 0.034 seconds
[2026-03-28T17:54:02.334+0000] {processor.py:161} INFO - Started process (PID=44808) to work on /opt/airflow/dags/tmdb_daily_dag.py
[2026-03-28T17:54:02.334+0000] {processor.py:830} INFO - Processing file /opt/airflow/dags/tmdb_daily_dag.py for tasks to queue
[2026-03-28T17:54:02.334+0000] {logging_mixin.py:188} INFO - [2026-03-28T17:54:02.334+0000] {dagbag.py:545} INFO - Filling up the DagBag from /opt/airflow/dags/tmdb_daily_dag.py
[2026-03-28T17:54:02.340+0000] {processor.py:840} INFO - DAG(s) 'tmdb_raw_pipeline' retrieved from /opt/airflow/dags/tmdb_daily_dag.py
[2026-03-28T17:54:02.352+0000] {logging_mixin.py:188} INFO - [2026-03-28T17:54:02.351+0000] {dag.py:3096} INFO - Sync 1 DAGs
[2026-03-28T17:54:02.361+0000] {logging_mixin.py:188} INFO - [2026-03-28T17:54:02.361+0000] {dag.py:3954} INFO - Setting next_dagrun for tmdb_raw_pipeline to 2026-03-28 00:00:00+00:00, run_after=2026-03-29 00:00:00+00:00
[2026-03-28T17:54:02.367+0000] {processor.py:183} INFO - Processing /opt/airflow/dags/tmdb_daily_dag.py took 0.036 seconds
[2026-03-28T17:54:32.882+0000] {processor.py:161} INFO - Started process (PID=44828) to work on /opt/airflow/dags/tmdb_daily_dag.py
[2026-03-28T17:54:32.883+0000] {processor.py:830} INFO - Processing file /opt/airflow/dags/tmdb_daily_dag.py for tasks to queue
[2026-03-28T17:54:32.883+0000] {logging_mixin.py:188} INFO - [2026-03-28T17:54:32.883+0000] {dagbag.py:545} INFO - Filling up the DagBag from /opt/airflow/dags/tmdb_daily_dag.py
[2026-03-28T17:54:32.889+0000] {processor.py:840} INFO - DAG(s) 'tmdb_raw_pipeline' retrieved from /opt/airflow/dags/tmdb_daily_dag.py
[2026-03-28T17:54:32.899+0000] {logging_mixin.py:188} INFO - [2026-03-28T17:54:32.899+0000] {dag.py:3096} INFO - Sync 1 DAGs
[2026-03-28T17:54:32.912+0000] {logging_mixin.py:188} INFO - [2026-03-28T17:54:32.912+0000] {dag.py:3954} INFO - Setting next_dagrun for tmdb_raw_pipeline to 2026-03-28 00:00:00+00:00, run_after=2026-03-29 00:00:00+00:00
[2026-03-28T17:54:32.919+0000] {processor.py:183} INFO - Processing /opt/airflow/dags/tmdb_daily_dag.py took 0.039 seconds
[2026-03-28T17:55:03.353+0000] {processor.py:161} INFO - Started process (PID=44847) to work on /opt/airflow/dags/tmdb_daily_dag.py
[2026-03-28T17:55:03.355+0000] {processor.py:830} INFO - Processing file /opt/airflow/dags/tmdb_daily_dag.py for tasks to queue
[2026-03-28T17:55:03.355+0000] {logging_mixin.py:188} INFO - [2026-03-28T17:55:03.355+0000] {dagbag.py:545} INFO - Filling up the DagBag from /opt/airflow/dags/tmdb_daily_dag.py
[2026-03-28T17:55:03.361+0000] {processor.py:840} INFO - DAG(s) 'tmdb_raw_pipeline' retrieved from /opt/airflow/dags/tmdb_daily_dag.py
[2026-03-28T17:55:03.379+0000] {logging_mixin.py:188} INFO - [2026-03-28T17:55:03.379+0000] {dag.py:3096} INFO - Sync 1 DAGs
[2026-03-28T17:55:03.388+0000] {logging_mixin.py:188} INFO - [2026-03-28T17:55:03.388+0000] {dag.py:3954} INFO - Setting next_dagrun for tmdb_raw_pipeline to 2026-03-28 00:00:00+00:00, run_after=2026-03-29 00:00:00+00:00
[2026-03-28T17:55:03.398+0000] {processor.py:183} INFO - Processing /opt/airflow/dags/tmdb_daily_dag.py took 0.048 seconds
[2026-03-28T17:55:33.884+0000] {processor.py:161} INFO - Started process (PID=44868) to work on /opt/airflow/dags/tmdb_daily_dag.py
[2026-03-28T17:55:33.885+0000] {processor.py:830} INFO - Processing file /opt/airflow/dags/tmdb_daily_dag.py for tasks to queue
[2026-03-28T17:55:33.886+0000] {logging_mixin.py:188} INFO - [2026-03-28T17:55:33.885+0000] {dagbag.py:545} INFO - Filling up the DagBag from /opt/airflow/dags/tmdb_daily_dag.py
[2026-03-28T17:55:33.892+0000] {processor.py:840} INFO - DAG(s) 'tmdb_raw_pipeline' retrieved from /opt/airflow/dags/tmdb_daily_dag.py
[2026-03-28T17:55:33.902+0000] {logging_mixin.py:188} INFO - [2026-03-28T17:55:33.902+0000] {dag.py:3096} INFO - Sync 1 DAGs
[2026-03-28T17:55:33.911+0000] {logging_mixin.py:188} INFO - [2026-03-28T17:55:33.910+0000] {dag.py:3954} INFO - Setting next_dagrun for tmdb_raw_pipeline to 2026-03-28 00:00:00+00:00, run_after=2026-03-29 00:00:00+00:00
[2026-03-28T17:55:33.917+0000] {processor.py:183} INFO - Processing /opt/airflow/dags/tmdb_daily_dag.py took 0.035 seconds
[2026-03-28T17:56:04.291+0000] {processor.py:161} INFO - Started process (PID=44888) to work on /opt/airflow/dags/tmdb_daily_dag.py
[2026-03-28T17:56:04.292+0000] {processor.py:830} INFO - Processing file /opt/airflow/dags/tmdb_daily_dag.py for tasks to queue
[2026-03-28T17:56:04.292+0000] {logging_mixin.py:188} INFO - [2026-03-28T17:56:04.292+0000] {dagbag.py:545} INFO - Filling up the DagBag from /opt/airflow/dags/tmdb_daily_dag.py
[2026-03-28T17:56:04.297+0000] {processor.py:840} INFO - DAG(s) 'tmdb_raw_pipeline' retrieved from /opt/airflow/dags/tmdb_daily_dag.py
[2026-03-28T17:56:04.307+0000] {logging_mixin.py:188} INFO - [2026-03-28T17:56:04.307+0000] {dag.py:3096} INFO - Sync 1 DAGs
[2026-03-28T17:56:04.315+0000] {logging_mixin.py:188} INFO - [2026-03-28T17:56:04.315+0000] {dag.py:3954} INFO - Setting next_dagrun for tmdb_raw_pipeline to 2026-03-28 00:00:00+00:00, run_after=2026-03-29 00:00:00+00:00
[2026-03-28T17:56:04.321+0000] {processor.py:183} INFO - Processing /opt/airflow/dags/tmdb_daily_dag.py took 0.032 seconds
[2026-03-28T17:56:34.846+0000] {processor.py:161} INFO - Started process (PID=44908) to work on /opt/airflow/dags/tmdb_daily_dag.py
[2026-03-28T17:56:34.846+0000] {processor.py:830} INFO - Processing file /opt/airflow/dags/tmdb_daily_dag.py for tasks to queue
[2026-03-28T17:56:34.846+0000] {logging_mixin.py:188} INFO - [2026-03-28T17:56:34.846+0000] {dagbag.py:545} INFO - Filling up the DagBag from /opt/airflow/dags/tmdb_daily_dag.py
[2026-03-28T17:56:34.857+0000] {processor.py:840} INFO - DAG(s) 'tmdb_raw_pipeline' retrieved from /opt/airflow/dags/tmdb_daily_dag.py
[2026-03-28T17:56:34.868+0000] {logging_mixin.py:188} INFO - [2026-03-28T17:56:34.868+0000] {dag.py:3096} INFO - Sync 1 DAGs
[2026-03-28T17:56:34.876+0000] {logging_mixin.py:188} INFO - [2026-03-28T17:56:34.876+0000] {dag.py:3954} INFO - Setting next_dagrun for tmdb_raw_pipeline to 2026-03-28 00:00:00+00:00, run_after=2026-03-29 00:00:00+00:00
[2026-03-28T17:56:34.882+0000] {processor.py:183} INFO - Processing /opt/airflow/dags/tmdb_daily_dag.py took 0.041 seconds
[2026-03-28T17:57:05.286+0000] {processor.py:161} INFO - Started process (PID=44926) to work on /opt/airflow/dags/tmdb_daily_dag.py
[2026-03-28T17:57:05.287+0000] {processor.py:830} INFO - Processing file /opt/airflow/dags/tmdb_daily_dag.py for tasks to queue
[2026-03-28T17:57:05.288+0000] {logging_mixin.py:188} INFO - [2026-03-28T17:57:05.288+0000] {dagbag.py:545} INFO - Filling up the DagBag from /opt/airflow/dags/tmdb_daily_dag.py
[2026-03-28T17:57:05.295+0000] {processor.py:840} INFO - DAG(s) 'tmdb_raw_pipeline' retrieved from /opt/airflow/dags/tmdb_daily_dag.py
[2026-03-28T17:57:05.309+0000] {logging_mixin.py:188} INFO - [2026-03-28T17:57:05.309+0000] {dag.py:3096} INFO - Sync 1 DAGs
[2026-03-28T17:57:05.318+0000] {logging_mixin.py:188} INFO - [2026-03-28T17:57:05.318+0000] {dag.py:3954} INFO - Setting next_dagrun for tmdb_raw_pipeline to 2026-03-28 00:00:00+00:00, run_after=2026-03-29 00:00:00+00:00
[2026-03-28T17:57:05.328+0000] {processor.py:183} INFO - Processing /opt/airflow/dags/tmdb_daily_dag.py took 0.046 seconds
[2026-03-28T17:57:35.804+0000] {processor.py:161} INFO - Started process (PID=44948) to work on /opt/airflow/dags/tmdb_daily_dag.py
[2026-03-28T17:57:35.805+0000] {processor.py:830} INFO - Processing file /opt/airflow/dags/tmdb_daily_dag.py for tasks to queue
[2026-03-28T17:57:35.805+0000] {logging_mixin.py:188} INFO - [2026-03-28T17:57:35.805+0000] {dagbag.py:545} INFO - Filling up the DagBag from /opt/airflow/dags/tmdb_daily_dag.py
[2026-03-28T17:57:35.811+0000] {processor.py:840} INFO - DAG(s) 'tmdb_raw_pipeline' retrieved from /opt/airflow/dags/tmdb_daily_dag.py
[2026-03-28T17:57:35.820+0000] {logging_mixin.py:188} INFO - [2026-03-28T17:57:35.820+0000] {dag.py:3096} INFO - Sync 1 DAGs
[2026-03-28T17:57:35.828+0000] {logging_mixin.py:188} INFO - [2026-03-28T17:57:35.828+0000] {dag.py:3954} INFO - Setting next_dagrun for tmdb_raw_pipeline to 2026-03-28 00:00:00+00:00, run_after=2026-03-29 00:00:00+00:00
[2026-03-28T17:57:35.834+0000] {processor.py:183} INFO - Processing /opt/airflow/dags/tmdb_daily_dag.py took 0.033 seconds
[2026-03-28T17:58:06.272+0000] {processor.py:161} INFO - Started process (PID=44968) to work on /opt/airflow/dags/tmdb_daily_dag.py
[2026-03-28T17:58:06.273+0000] {processor.py:830} INFO - Processing file /opt/airflow/dags/tmdb_daily_dag.py for tasks to queue
[2026-03-28T17:58:06.273+0000] {logging_mixin.py:188} INFO - [2026-03-28T17:58:06.273+0000] {dagbag.py:545} INFO - Filling up the DagBag from /opt/airflow/dags/tmdb_daily_dag.py
[2026-03-28T17:58:06.279+0000] {processor.py:840} INFO - DAG(s) 'tmdb_raw_pipeline' retrieved from /opt/airflow/dags/tmdb_daily_dag.py
[2026-03-28T17:58:06.289+0000] {logging_mixin.py:188} INFO - [2026-03-28T17:58:06.289+0000] {dag.py:3096} INFO - Sync 1 DAGs
[2026-03-28T17:58:06.297+0000] {logging_mixin.py:188} INFO - [2026-03-28T17:58:06.297+0000] {dag.py:3954} INFO - Setting next_dagrun for tmdb_raw_pipeline to 2026-03-28 00:00:00+00:00, run_after=2026-03-29 00:00:00+00:00
[2026-03-28T17:58:06.303+0000] {processor.py:183} INFO - Processing /opt/airflow/dags/tmdb_daily_dag.py took 0.034 seconds
[2026-03-28T17:58:36.779+0000] {processor.py:161} INFO - Started process (PID=44988) to work on /opt/airflow/dags/tmdb_daily_dag.py
[2026-03-28T17:58:36.779+0000] {processor.py:830} INFO - Processing file /opt/airflow/dags/tmdb_daily_dag.py for tasks to queue
[2026-03-28T17:58:36.780+0000] {logging_mixin.py:188} INFO - [2026-03-28T17:58:36.780+0000] {dagbag.py:545} INFO - Filling up the DagBag from /opt/airflow/dags/tmdb_daily_dag.py
[2026-03-28T17:58:36.786+0000] {processor.py:840} INFO - DAG(s) 'tmdb_raw_pipeline' retrieved from /opt/airflow/dags/tmdb_daily_dag.py
[2026-03-28T17:58:36.797+0000] {logging_mixin.py:188} INFO - [2026-03-28T17:58:36.797+0000] {dag.py:3096} INFO - Sync 1 DAGs
[2026-03-28T17:58:36.812+0000] {logging_mixin.py:188} INFO - [2026-03-28T17:58:36.811+0000] {dag.py:3954} INFO - Setting next_dagrun for tmdb_raw_pipeline to 2026-03-28 00:00:00+00:00, run_after=2026-03-29 00:00:00+00:00
[2026-03-28T17:58:36.818+0000] {processor.py:183} INFO - Processing /opt/airflow/dags/tmdb_daily_dag.py took 0.042 seconds
[2026-03-28T17:59:07.261+0000] {processor.py:161} INFO - Started process (PID=45008) to work on /opt/airflow/dags/tmdb_daily_dag.py
[2026-03-28T17:59:07.262+0000] {processor.py:830} INFO - Processing file /opt/airflow/dags/tmdb_daily_dag.py for tasks to queue
[2026-03-28T17:59:07.262+0000] {logging_mixin.py:188} INFO - [2026-03-28T17:59:07.262+0000] {dagbag.py:545} INFO - Filling up the DagBag from /opt/airflow/dags/tmdb_daily_dag.py
[2026-03-28T17:59:07.269+0000] {processor.py:840} INFO - DAG(s) 'tmdb_raw_pipeline' retrieved from /opt/airflow/dags/tmdb_daily_dag.py
[2026-03-28T17:59:07.279+0000] {logging_mixin.py:188} INFO - [2026-03-28T17:59:07.279+0000] {dag.py:3096} INFO - Sync 1 DAGs
[2026-03-28T17:59:07.287+0000] {logging_mixin.py:188} INFO - [2026-03-28T17:59:07.287+0000] {dag.py:3954} INFO - Setting next_dagrun for tmdb_raw_pipeline to 2026-03-28 00:00:00+00:00, run_after=2026-03-29 00:00:00+00:00
[2026-03-28T17:59:07.293+0000] {processor.py:183} INFO - Processing /opt/airflow/dags/tmdb_daily_dag.py took 0.034 seconds
[2026-03-28T17:59:37.694+0000] {processor.py:161} INFO - Started process (PID=45028) to work on /opt/airflow/dags/tmdb_daily_dag.py
[2026-03-28T17:59:37.695+0000] {processor.py:830} INFO - Processing file /opt/airflow/dags/tmdb_daily_dag.py for tasks to queue
[2026-03-28T17:59:37.695+0000] {logging_mixin.py:188} INFO - [2026-03-28T17:59:37.695+0000] {dagbag.py:545} INFO - Filling up the DagBag from /opt/airflow/dags/tmdb_daily_dag.py
[2026-03-28T17:59:37.700+0000] {processor.py:840} INFO - DAG(s) 'tmdb_raw_pipeline' retrieved from /opt/airflow/dags/tmdb_daily_dag.py
[2026-03-28T17:59:37.710+0000] {logging_mixin.py:188} INFO - [2026-03-28T17:59:37.710+0000] {dag.py:3096} INFO - Sync 1 DAGs
[2026-03-28T17:59:37.718+0000] {logging_mixin.py:188} INFO - [2026-03-28T17:59:37.718+0000] {dag.py:3954} INFO - Setting next_dagrun for tmdb_raw_pipeline to 2026-03-28 00:00:00+00:00, run_after=2026-03-29 00:00:00+00:00
[2026-03-28T17:59:37.723+0000] {processor.py:183} INFO - Processing /opt/airflow/dags/tmdb_daily_dag.py took 0.032 seconds
[2026-03-28T18:00:08.186+0000] {processor.py:161} INFO - Started process (PID=45048) to work on /opt/airflow/dags/tmdb_daily_dag.py
[2026-03-28T18:00:08.186+0000] {processor.py:830} INFO - Processing file /opt/airflow/dags/tmdb_daily_dag.py for tasks to queue
[2026-03-28T18:00:08.187+0000] {logging_mixin.py:188} INFO - [2026-03-28T18:00:08.187+0000] {dagbag.py:545} INFO - Filling up the DagBag from /opt/airflow/dags/tmdb_daily_dag.py
[2026-03-28T18:00:08.192+0000] {processor.py:840} INFO - DAG(s) 'tmdb_raw_pipeline' retrieved from /opt/airflow/dags/tmdb_daily_dag.py
[2026-03-28T18:00:08.201+0000] {logging_mixin.py:188} INFO - [2026-03-28T18:00:08.201+0000] {dag.py:3096} INFO - Sync 1 DAGs
[2026-03-28T18:00:08.209+0000] {logging_mixin.py:188} INFO - [2026-03-28T18:00:08.209+0000] {dag.py:3954} INFO - Setting next_dagrun for tmdb_raw_pipeline to 2026-03-28 00:00:00+00:00, run_after=2026-03-29 00:00:00+00:00
[2026-03-28T18:00:08.215+0000] {processor.py:183} INFO - Processing /opt/airflow/dags/tmdb_daily_dag.py took 0.032 seconds
[2026-03-28T18:00:38.618+0000] {processor.py:161} INFO - Started process (PID=45068) to work on /opt/airflow/dags/tmdb_daily_dag.py
[2026-03-28T18:00:38.619+0000] {processor.py:830} INFO - Processing file /opt/airflow/dags/tmdb_daily_dag.py for tasks to queue
[2026-03-28T18:00:38.619+0000] {logging_mixin.py:188} INFO - [2026-03-28T18:00:38.619+0000] {dagbag.py:545} INFO - Filling up the DagBag from /opt/airflow/dags/tmdb_daily_dag.py
[2026-03-28T18:00:38.625+0000] {processor.py:840} INFO - DAG(s) 'tmdb_raw_pipeline' retrieved from /opt/airflow/dags/tmdb_daily_dag.py
[2026-03-28T18:00:38.635+0000] {logging_mixin.py:188} INFO - [2026-03-28T18:00:38.634+0000] {dag.py:3096} INFO - Sync 1 DAGs
[2026-03-28T18:00:38.643+0000] {logging_mixin.py:188} INFO - [2026-03-28T18:00:38.643+0000] {dag.py:3954} INFO - Setting next_dagrun for tmdb_raw_pipeline to 2026-03-28 00:00:00+00:00, run_after=2026-03-29 00:00:00+00:00
[2026-03-28T18:00:38.651+0000] {processor.py:183} INFO - Processing /opt/airflow/dags/tmdb_daily_dag.py took 0.035 seconds
[2026-03-28T18:01:09.064+0000] {processor.py:161} INFO - Started process (PID=45088) to work on /opt/airflow/dags/tmdb_daily_dag.py
[2026-03-28T18:01:09.065+0000] {processor.py:830} INFO - Processing file /opt/airflow/dags/tmdb_daily_dag.py for tasks to queue
[2026-03-28T18:01:09.065+0000] {logging_mixin.py:188} INFO - [2026-03-28T18:01:09.065+0000] {dagbag.py:545} INFO - Filling up the DagBag from /opt/airflow/dags/tmdb_daily_dag.py
[2026-03-28T18:01:09.070+0000] {processor.py:840} INFO - DAG(s) 'tmdb_raw_pipeline' retrieved from /opt/airflow/dags/tmdb_daily_dag.py
[2026-03-28T18:01:09.080+0000] {logging_mixin.py:188} INFO - [2026-03-28T18:01:09.080+0000] {dag.py:3096} INFO - Sync 1 DAGs
[2026-03-28T18:01:09.087+0000] {logging_mixin.py:188} INFO - [2026-03-28T18:01:09.087+0000] {dag.py:3954} INFO - Setting next_dagrun for tmdb_raw_pipeline to 2026-03-28 00:00:00+00:00, run_after=2026-03-29 00:00:00+00:00
[2026-03-28T18:01:09.094+0000] {processor.py:183} INFO - Processing /opt/airflow/dags/tmdb_daily_dag.py took 0.032 seconds
[2026-03-28T18:01:39.557+0000] {processor.py:161} INFO - Started process (PID=45108) to work on /opt/airflow/dags/tmdb_daily_dag.py
[2026-03-28T18:01:39.558+0000] {processor.py:830} INFO - Processing file /opt/airflow/dags/tmdb_daily_dag.py for tasks to queue
[2026-03-28T18:01:39.558+0000] {logging_mixin.py:188} INFO - [2026-03-28T18:01:39.558+0000] {dagbag.py:545} INFO - Filling up the DagBag from /opt/airflow/dags/tmdb_daily_dag.py
[2026-03-28T18:01:39.568+0000] {processor.py:840} INFO - DAG(s) 'tmdb_raw_pipeline' retrieved from /opt/airflow/dags/tmdb_daily_dag.py
[2026-03-28T18:01:39.578+0000] {logging_mixin.py:188} INFO - [2026-03-28T18:01:39.578+0000] {dag.py:3096} INFO - Sync 1 DAGs
[2026-03-28T18:01:39.587+0000] {logging_mixin.py:188} INFO - [2026-03-28T18:01:39.587+0000] {dag.py:3954} INFO - Setting next_dagrun for tmdb_raw_pipeline to 2026-03-28 00:00:00+00:00, run_after=2026-03-29 00:00:00+00:00
[2026-03-28T18:01:39.593+0000] {processor.py:183} INFO - Processing /opt/airflow/dags/tmdb_daily_dag.py took 0.038 seconds
[2026-03-28T18:02:10.024+0000] {processor.py:161} INFO - Started process (PID=45128) to work on /opt/airflow/dags/tmdb_daily_dag.py
[2026-03-28T18:02:10.025+0000] {processor.py:830} INFO - Processing file /opt/airflow/dags/tmdb_daily_dag.py for tasks to queue
[2026-03-28T18:02:10.026+0000] {logging_mixin.py:188} INFO - [2026-03-28T18:02:10.025+0000] {dagbag.py:545} INFO - Filling up the DagBag from /opt/airflow/dags/tmdb_daily_dag.py
[2026-03-28T18:02:10.038+0000] {processor.py:840} INFO - DAG(s) 'tmdb_raw_pipeline' retrieved from /opt/airflow/dags/tmdb_daily_dag.py
[2026-03-28T18:02:10.055+0000] {logging_mixin.py:188} INFO - [2026-03-28T18:02:10.055+0000] {dag.py:3096} INFO - Sync 1 DAGs
[2026-03-28T18:02:10.065+0000] {logging_mixin.py:188} INFO - [2026-03-28T18:02:10.064+0000] {dag.py:3954} INFO - Setting next_dagrun for tmdb_raw_pipeline to 2026-03-28 00:00:00+00:00, run_after=2026-03-29 00:00:00+00:00
[2026-03-28T18:02:10.072+0000] {processor.py:183} INFO - Processing /opt/airflow/dags/tmdb_daily_dag.py took 0.052 seconds
[2026-03-28T18:02:40.544+0000] {processor.py:161} INFO - Started process (PID=45148) to work on /opt/airflow/dags/tmdb_daily_dag.py
[2026-03-28T18:02:40.544+0000] {processor.py:830} INFO - Processing file /opt/airflow/dags/tmdb_daily_dag.py for tasks to queue
[2026-03-28T18:02:40.545+0000] {logging_mixin.py:188} INFO - [2026-03-28T18:02:40.545+0000] {dagbag.py:545} INFO - Filling up the DagBag from /opt/airflow/dags/tmdb_daily_dag.py
[2026-03-28T18:02:40.552+0000] {processor.py:840} INFO - DAG(s) 'tmdb_raw_pipeline' retrieved from /opt/airflow/dags/tmdb_daily_dag.py
[2026-03-28T18:02:40.562+0000] {logging_mixin.py:188} INFO - [2026-03-28T18:02:40.562+0000] {dag.py:3096} INFO - Sync 1 DAGs
[2026-03-28T18:02:40.571+0000] {logging_mixin.py:188} INFO - [2026-03-28T18:02:40.571+0000] {dag.py:3954} INFO - Setting next_dagrun for tmdb_raw_pipeline to 2026-03-28 00:00:00+00:00, run_after=2026-03-29 00:00:00+00:00
[2026-03-28T18:02:40.577+0000] {processor.py:183} INFO - Processing /opt/airflow/dags/tmdb_daily_dag.py took 0.037 seconds
[2026-03-28T18:03:10.971+0000] {processor.py:161} INFO - Started process (PID=45168) to work on /opt/airflow/dags/tmdb_daily_dag.py
[2026-03-28T18:03:10.972+0000] {processor.py:830} INFO - Processing file /opt/airflow/dags/tmdb_daily_dag.py for tasks to queue
[2026-03-28T18:03:10.972+0000] {logging_mixin.py:188} INFO - [2026-03-28T18:03:10.972+0000] {dagbag.py:545} INFO - Filling up the DagBag from /opt/airflow/dags/tmdb_daily_dag.py
[2026-03-28T18:03:10.977+0000] {processor.py:840} INFO - DAG(s) 'tmdb_raw_pipeline' retrieved from /opt/airflow/dags/tmdb_daily_dag.py
[2026-03-28T18:03:10.986+0000] {logging_mixin.py:188} INFO - [2026-03-28T18:03:10.986+0000] {dag.py:3096} INFO - Sync 1 DAGs
[2026-03-28T18:03:10.993+0000] {logging_mixin.py:188} INFO - [2026-03-28T18:03:10.993+0000] {dag.py:3954} INFO - Setting next_dagrun for tmdb_raw_pipeline to 2026-03-28 00:00:00+00:00, run_after=2026-03-29 00:00:00+00:00
[2026-03-28T18:03:10.999+0000] {processor.py:183} INFO - Processing /opt/airflow/dags/tmdb_daily_dag.py took 0.031 seconds
[2026-03-28T18:03:41.444+0000] {processor.py:161} INFO - Started process (PID=45188) to work on /opt/airflow/dags/tmdb_daily_dag.py
[2026-03-28T18:03:41.445+0000] {processor.py:830} INFO - Processing file /opt/airflow/dags/tmdb_daily_dag.py for tasks to queue
[2026-03-28T18:03:41.445+0000] {logging_mixin.py:188} INFO - [2026-03-28T18:03:41.445+0000] {dagbag.py:545} INFO - Filling up the DagBag from /opt/airflow/dags/tmdb_daily_dag.py
[2026-03-28T18:03:41.452+0000] {processor.py:840} INFO - DAG(s) 'tmdb_raw_pipeline' retrieved from /opt/airflow/dags/tmdb_daily_dag.py
[2026-03-28T18:03:41.461+0000] {logging_mixin.py:188} INFO - [2026-03-28T18:03:41.461+0000] {dag.py:3096} INFO - Sync 1 DAGs
[2026-03-28T18:03:41.470+0000] {logging_mixin.py:188} INFO - [2026-03-28T18:03:41.470+0000] {dag.py:3954} INFO - Setting next_dagrun for tmdb_raw_pipeline to 2026-03-28 00:00:00+00:00, run_after=2026-03-29 00:00:00+00:00
[2026-03-28T18:03:41.476+0000] {processor.py:183} INFO - Processing /opt/airflow/dags/tmdb_daily_dag.py took 0.034 seconds
[2026-03-28T18:04:11.906+0000] {processor.py:161} INFO - Started process (PID=45208) to work on /opt/airflow/dags/tmdb_daily_dag.py
[2026-03-28T18:04:11.906+0000] {processor.py:830} INFO - Processing file /opt/airflow/dags/tmdb_daily_dag.py for tasks to queue
[2026-03-28T18:04:11.907+0000] {logging_mixin.py:188} INFO - [2026-03-28T18:04:11.907+0000] {dagbag.py:545} INFO - Filling up the DagBag from /opt/airflow/dags/tmdb_daily_dag.py
[2026-03-28T18:04:11.913+0000] {processor.py:840} INFO - DAG(s) 'tmdb_raw_pipeline' retrieved from /opt/airflow/dags/tmdb_daily_dag.py
[2026-03-28T18:04:11.923+0000] {logging_mixin.py:188} INFO - [2026-03-28T18:04:11.923+0000] {dag.py:3096} INFO - Sync 1 DAGs
[2026-03-28T18:04:11.931+0000] {logging_mixin.py:188} INFO - [2026-03-28T18:04:11.930+0000] {dag.py:3954} INFO - Setting next_dagrun for tmdb_raw_pipeline to 2026-03-28 00:00:00+00:00, run_after=2026-03-29 00:00:00+00:00
[2026-03-28T18:04:11.937+0000] {processor.py:183} INFO - Processing /opt/airflow/dags/tmdb_daily_dag.py took 0.034 seconds
[2026-03-28T18:04:42.407+0000] {processor.py:161} INFO - Started process (PID=45228) to work on /opt/airflow/dags/tmdb_daily_dag.py
[2026-03-28T18:04:42.408+0000] {processor.py:830} INFO - Processing file /opt/airflow/dags/tmdb_daily_dag.py for tasks to queue
[2026-03-28T18:04:42.408+0000] {logging_mixin.py:188} INFO - [2026-03-28T18:04:42.408+0000] {dagbag.py:545} INFO - Filling up the DagBag from /opt/airflow/dags/tmdb_daily_dag.py
[2026-03-28T18:04:42.415+0000] {processor.py:840} INFO - DAG(s) 'tmdb_raw_pipeline' retrieved from /opt/airflow/dags/tmdb_daily_dag.py
[2026-03-28T18:04:42.427+0000] {logging_mixin.py:188} INFO - [2026-03-28T18:04:42.427+0000] {dag.py:3096} INFO - Sync 1 DAGs
[2026-03-28T18:04:42.438+0000] {logging_mixin.py:188} INFO - [2026-03-28T18:04:42.438+0000] {dag.py:3954} INFO - Setting next_dagrun for tmdb_raw_pipeline to 2026-03-28 00:00:00+00:00, run_after=2026-03-29 00:00:00+00:00
[2026-03-28T18:04:42.444+0000] {processor.py:183} INFO - Processing /opt/airflow/dags/tmdb_daily_dag.py took 0.039 seconds
[2026-03-28T18:05:12.869+0000] {processor.py:161} INFO - Started process (PID=45248) to work on /opt/airflow/dags/tmdb_daily_dag.py
[2026-03-28T18:05:12.869+0000] {processor.py:830} INFO - Processing file /opt/airflow/dags/tmdb_daily_dag.py for tasks to queue
[2026-03-28T18:05:12.870+0000] {logging_mixin.py:188} INFO - [2026-03-28T18:05:12.870+0000] {dagbag.py:545} INFO - Filling up the DagBag from /opt/airflow/dags/tmdb_daily_dag.py
[2026-03-28T18:05:12.875+0000] {processor.py:840} INFO - DAG(s) 'tmdb_raw_pipeline' retrieved from /opt/airflow/dags/tmdb_daily_dag.py
[2026-03-28T18:05:12.885+0000] {logging_mixin.py:188} INFO - [2026-03-28T18:05:12.884+0000] {dag.py:3096} INFO - Sync 1 DAGs
[2026-03-28T18:05:12.892+0000] {logging_mixin.py:188} INFO - [2026-03-28T18:05:12.892+0000] {dag.py:3954} INFO - Setting next_dagrun for tmdb_raw_pipeline to 2026-03-28 00:00:00+00:00, run_after=2026-03-29 00:00:00+00:00
[2026-03-28T18:05:12.898+0000] {processor.py:183} INFO - Processing /opt/airflow/dags/tmdb_daily_dag.py took 0.033 seconds
[2026-03-28T18:05:43.391+0000] {processor.py:161} INFO - Started process (PID=45268) to work on /opt/airflow/dags/tmdb_daily_dag.py
[2026-03-28T18:05:43.392+0000] {processor.py:830} INFO - Processing file /opt/airflow/dags/tmdb_daily_dag.py for tasks to queue
[2026-03-28T18:05:43.393+0000] {logging_mixin.py:188} INFO - [2026-03-28T18:05:43.393+0000] {dagbag.py:545} INFO - Filling up the DagBag from /opt/airflow/dags/tmdb_daily_dag.py
[2026-03-28T18:05:43.399+0000] {processor.py:840} INFO - DAG(s) 'tmdb_raw_pipeline' retrieved from /opt/airflow/dags/tmdb_daily_dag.py
[2026-03-28T18:05:43.411+0000] {logging_mixin.py:188} INFO - [2026-03-28T18:05:43.411+0000] {dag.py:3096} INFO - Sync 1 DAGs
[2026-03-28T18:05:43.419+0000] {logging_mixin.py:188} INFO - [2026-03-28T18:05:43.419+0000] {dag.py:3954} INFO - Setting next_dagrun for tmdb_raw_pipeline to 2026-03-28 00:00:00+00:00, run_after=2026-03-29 00:00:00+00:00
[2026-03-28T18:05:43.426+0000] {processor.py:183} INFO - Processing /opt/airflow/dags/tmdb_daily_dag.py took 0.038 seconds
[2026-03-28T18:06:13.833+0000] {processor.py:161} INFO - Started process (PID=45288) to work on /opt/airflow/dags/tmdb_daily_dag.py
[2026-03-28T18:06:13.834+0000] {processor.py:830} INFO - Processing file /opt/airflow/dags/tmdb_daily_dag.py for tasks to queue
[2026-03-28T18:06:13.834+0000] {logging_mixin.py:188} INFO - [2026-03-28T18:06:13.834+0000] {dagbag.py:545} INFO - Filling up the DagBag from /opt/airflow/dags/tmdb_daily_dag.py
[2026-03-28T18:06:13.839+0000] {processor.py:840} INFO - DAG(s) 'tmdb_raw_pipeline' retrieved from /opt/airflow/dags/tmdb_daily_dag.py
[2026-03-28T18:06:13.848+0000] {logging_mixin.py:188} INFO - [2026-03-28T18:06:13.848+0000] {dag.py:3096} INFO - Sync 1 DAGs
[2026-03-28T18:06:13.856+0000] {logging_mixin.py:188} INFO - [2026-03-28T18:06:13.856+0000] {dag.py:3954} INFO - Setting next_dagrun for tmdb_raw_pipeline to 2026-03-28 00:00:00+00:00, run_after=2026-03-29 00:00:00+00:00
[2026-03-28T18:06:13.863+0000] {processor.py:183} INFO - Processing /opt/airflow/dags/tmdb_daily_dag.py took 0.033 seconds
[2026-03-28T18:06:44.381+0000] {processor.py:161} INFO - Started process (PID=45308) to work on /opt/airflow/dags/tmdb_daily_dag.py
[2026-03-28T18:06:44.382+0000] {processor.py:830} INFO - Processing file /opt/airflow/dags/tmdb_daily_dag.py for tasks to queue
[2026-03-28T18:06:44.382+0000] {logging_mixin.py:188} INFO - [2026-03-28T18:06:44.382+0000] {dagbag.py:545} INFO - Filling up the DagBag from /opt/airflow/dags/tmdb_daily_dag.py
[2026-03-28T18:06:44.388+0000] {processor.py:840} INFO - DAG(s) 'tmdb_raw_pipeline' retrieved from /opt/airflow/dags/tmdb_daily_dag.py
[2026-03-28T18:06:44.398+0000] {logging_mixin.py:188} INFO - [2026-03-28T18:06:44.398+0000] {dag.py:3096} INFO - Sync 1 DAGs
[2026-03-28T18:06:44.406+0000] {logging_mixin.py:188} INFO - [2026-03-28T18:06:44.406+0000] {dag.py:3954} INFO - Setting next_dagrun for tmdb_raw_pipeline to 2026-03-28 00:00:00+00:00, run_after=2026-03-29 00:00:00+00:00
[2026-03-28T18:06:44.412+0000] {processor.py:183} INFO - Processing /opt/airflow/dags/tmdb_daily_dag.py took 0.034 seconds
[2026-03-28T18:07:14.795+0000] {processor.py:161} INFO - Started process (PID=45328) to work on /opt/airflow/dags/tmdb_daily_dag.py
[2026-03-28T18:07:14.795+0000] {processor.py:830} INFO - Processing file /opt/airflow/dags/tmdb_daily_dag.py for tasks to queue
[2026-03-28T18:07:14.796+0000] {logging_mixin.py:188} INFO - [2026-03-28T18:07:14.796+0000] {dagbag.py:545} INFO - Filling up the DagBag from /opt/airflow/dags/tmdb_daily_dag.py
[2026-03-28T18:07:14.801+0000] {processor.py:840} INFO - DAG(s) 'tmdb_raw_pipeline' retrieved from /opt/airflow/dags/tmdb_daily_dag.py
[2026-03-28T18:07:14.810+0000] {logging_mixin.py:188} INFO - [2026-03-28T18:07:14.810+0000] {dag.py:3096} INFO - Sync 1 DAGs
[2026-03-28T18:07:14.817+0000] {logging_mixin.py:188} INFO - [2026-03-28T18:07:14.817+0000] {dag.py:3954} INFO - Setting next_dagrun for tmdb_raw_pipeline to 2026-03-28 00:00:00+00:00, run_after=2026-03-29 00:00:00+00:00
[2026-03-28T18:07:14.823+0000] {processor.py:183} INFO - Processing /opt/airflow/dags/tmdb_daily_dag.py took 0.031 seconds
[2026-03-28T18:07:45.293+0000] {processor.py:161} INFO - Started process (PID=45348) to work on /opt/airflow/dags/tmdb_daily_dag.py
[2026-03-28T18:07:45.294+0000] {processor.py:830} INFO - Processing file /opt/airflow/dags/tmdb_daily_dag.py for tasks to queue
[2026-03-28T18:07:45.294+0000] {logging_mixin.py:188} INFO - [2026-03-28T18:07:45.294+0000] {dagbag.py:545} INFO - Filling up the DagBag from /opt/airflow/dags/tmdb_daily_dag.py
[2026-03-28T18:07:45.300+0000] {processor.py:840} INFO - DAG(s) 'tmdb_raw_pipeline' retrieved from /opt/airflow/dags/tmdb_daily_dag.py
[2026-03-28T18:07:45.310+0000] {logging_mixin.py:188} INFO - [2026-03-28T18:07:45.310+0000] {dag.py:3096} INFO - Sync 1 DAGs
[2026-03-28T18:07:45.318+0000] {logging_mixin.py:188} INFO - [2026-03-28T18:07:45.318+0000] {dag.py:3954} INFO - Setting next_dagrun for tmdb_raw_pipeline to 2026-03-28 00:00:00+00:00, run_after=2026-03-29 00:00:00+00:00
[2026-03-28T18:07:45.324+0000] {processor.py:183} INFO - Processing /opt/airflow/dags/tmdb_daily_dag.py took 0.033 seconds
[2026-03-28T18:08:15.753+0000] {processor.py:161} INFO - Started process (PID=45368) to work on /opt/airflow/dags/tmdb_daily_dag.py
[2026-03-28T18:08:15.753+0000] {processor.py:830} INFO - Processing file /opt/airflow/dags/tmdb_daily_dag.py for tasks to queue
[2026-03-28T18:08:15.754+0000] {logging_mixin.py:188} INFO - [2026-03-28T18:08:15.754+0000] {dagbag.py:545} INFO - Filling up the DagBag from /opt/airflow/dags/tmdb_daily_dag.py
[2026-03-28T18:08:15.759+0000] {processor.py:840} INFO - DAG(s) 'tmdb_raw_pipeline' retrieved from /opt/airflow/dags/tmdb_daily_dag.py
[2026-03-28T18:08:15.768+0000] {logging_mixin.py:188} INFO - [2026-03-28T18:08:15.768+0000] {dag.py:3096} INFO - Sync 1 DAGs
[2026-03-28T18:08:15.776+0000] {logging_mixin.py:188} INFO - [2026-03-28T18:08:15.776+0000] {dag.py:3954} INFO - Setting next_dagrun for tmdb_raw_pipeline to 2026-03-28 00:00:00+00:00, run_after=2026-03-29 00:00:00+00:00
[2026-03-28T18:08:15.783+0000] {processor.py:183} INFO - Processing /opt/airflow/dags/tmdb_daily_dag.py took 0.033 seconds
[2026-03-28T18:08:46.333+0000] {processor.py:161} INFO - Started process (PID=45388) to work on /opt/airflow/dags/tmdb_daily_dag.py
[2026-03-28T18:08:46.334+0000] {processor.py:830} INFO - Processing file /opt/airflow/dags/tmdb_daily_dag.py for tasks to queue
[2026-03-28T18:08:46.334+0000] {logging_mixin.py:188} INFO - [2026-03-28T18:08:46.334+0000] {dagbag.py:545} INFO - Filling up the DagBag from /opt/airflow/dags/tmdb_daily_dag.py
[2026-03-28T18:08:46.342+0000] {processor.py:840} INFO - DAG(s) 'tmdb_raw_pipeline' retrieved from /opt/airflow/dags/tmdb_daily_dag.py
[2026-03-28T18:08:46.354+0000] {logging_mixin.py:188} INFO - [2026-03-28T18:08:46.354+0000] {dag.py:3096} INFO - Sync 1 DAGs
[2026-03-28T18:08:46.363+0000] {logging_mixin.py:188} INFO - [2026-03-28T18:08:46.363+0000] {dag.py:3954} INFO - Setting next_dagrun for tmdb_raw_pipeline to 2026-03-28 00:00:00+00:00, run_after=2026-03-29 00:00:00+00:00
[2026-03-28T18:08:46.370+0000] {processor.py:183} INFO - Processing /opt/airflow/dags/tmdb_daily_dag.py took 0.039 seconds
[2026-03-28T18:09:16.883+0000] {processor.py:161} INFO - Started process (PID=45408) to work on /opt/airflow/dags/tmdb_daily_dag.py
[2026-03-28T18:09:16.885+0000] {processor.py:830} INFO - Processing file /opt/airflow/dags/tmdb_daily_dag.py for tasks to queue
[2026-03-28T18:09:16.885+0000] {logging_mixin.py:188} INFO - [2026-03-28T18:09:16.885+0000] {dagbag.py:545} INFO - Filling up the DagBag from /opt/airflow/dags/tmdb_daily_dag.py
[2026-03-28T18:09:16.891+0000] {processor.py:840} INFO - DAG(s) 'tmdb_raw_pipeline' retrieved from /opt/airflow/dags/tmdb_daily_dag.py
[2026-03-28T18:09:16.902+0000] {logging_mixin.py:188} INFO - [2026-03-28T18:09:16.902+0000] {dag.py:3096} INFO - Sync 1 DAGs
[2026-03-28T18:09:16.911+0000] {logging_mixin.py:188} INFO - [2026-03-28T18:09:16.911+0000] {dag.py:3954} INFO - Setting next_dagrun for tmdb_raw_pipeline to 2026-03-28 00:00:00+00:00, run_after=2026-03-29 00:00:00+00:00
[2026-03-28T18:09:16.917+0000] {processor.py:183} INFO - Processing /opt/airflow/dags/tmdb_daily_dag.py took 0.037 seconds
[2026-03-28T18:09:47.500+0000] {processor.py:161} INFO - Started process (PID=45428) to work on /opt/airflow/dags/tmdb_daily_dag.py
[2026-03-28T18:09:47.501+0000] {processor.py:830} INFO - Processing file /opt/airflow/dags/tmdb_daily_dag.py for tasks to queue
[2026-03-28T18:09:47.501+0000] {logging_mixin.py:188} INFO - [2026-03-28T18:09:47.501+0000] {dagbag.py:545} INFO - Filling up the DagBag from /opt/airflow/dags/tmdb_daily_dag.py
[2026-03-28T18:09:47.508+0000] {processor.py:840} INFO - DAG(s) 'tmdb_raw_pipeline' retrieved from /opt/airflow/dags/tmdb_daily_dag.py
[2026-03-28T18:09:47.519+0000] {logging_mixin.py:188} INFO - [2026-03-28T18:09:47.519+0000] {dag.py:3096} INFO - Sync 1 DAGs
[2026-03-28T18:09:47.530+0000] {logging_mixin.py:188} INFO - [2026-03-28T18:09:47.530+0000] {dag.py:3954} INFO - Setting next_dagrun for tmdb_raw_pipeline to 2026-03-28 00:00:00+00:00, run_after=2026-03-29 00:00:00+00:00
[2026-03-28T18:09:47.538+0000] {processor.py:183} INFO - Processing /opt/airflow/dags/tmdb_daily_dag.py took 0.041 seconds
[2026-03-28T18:10:18.046+0000] {processor.py:161} INFO - Started process (PID=45448) to work on /opt/airflow/dags/tmdb_daily_dag.py
[2026-03-28T18:10:18.047+0000] {processor.py:830} INFO - Processing file /opt/airflow/dags/tmdb_daily_dag.py for tasks to queue
[2026-03-28T18:10:18.047+0000] {logging_mixin.py:188} INFO - [2026-03-28T18:10:18.047+0000] {dagbag.py:545} INFO - Filling up the DagBag from /opt/airflow/dags/tmdb_daily_dag.py
[2026-03-28T18:10:18.053+0000] {processor.py:840} INFO - DAG(s) 'tmdb_raw_pipeline' retrieved from /opt/airflow/dags/tmdb_daily_dag.py
[2026-03-28T18:10:18.064+0000] {logging_mixin.py:188} INFO - [2026-03-28T18:10:18.064+0000] {dag.py:3096} INFO - Sync 1 DAGs
[2026-03-28T18:10:18.072+0000] {logging_mixin.py:188} INFO - [2026-03-28T18:10:18.072+0000] {dag.py:3954} INFO - Setting next_dagrun for tmdb_raw_pipeline to 2026-03-28 00:00:00+00:00, run_after=2026-03-29 00:00:00+00:00
[2026-03-28T18:10:18.080+0000] {processor.py:183} INFO - Processing /opt/airflow/dags/tmdb_daily_dag.py took 0.042 seconds
[2026-03-28T18:10:48.629+0000] {processor.py:161} INFO - Started process (PID=45468) to work on /opt/airflow/dags/tmdb_daily_dag.py
[2026-03-28T18:10:48.629+0000] {processor.py:830} INFO - Processing file /opt/airflow/dags/tmdb_daily_dag.py for tasks to queue
[2026-03-28T18:10:48.630+0000] {logging_mixin.py:188} INFO - [2026-03-28T18:10:48.630+0000] {dagbag.py:545} INFO - Filling up the DagBag from /opt/airflow/dags/tmdb_daily_dag.py
[2026-03-28T18:10:48.635+0000] {processor.py:840} INFO - DAG(s) 'tmdb_raw_pipeline' retrieved from /opt/airflow/dags/tmdb_daily_dag.py
[2026-03-28T18:10:48.644+0000] {logging_mixin.py:188} INFO - [2026-03-28T18:10:48.644+0000] {dag.py:3096} INFO - Sync 1 DAGs
[2026-03-28T18:10:48.653+0000] {logging_mixin.py:188} INFO - [2026-03-28T18:10:48.653+0000] {dag.py:3954} INFO - Setting next_dagrun for tmdb_raw_pipeline to 2026-03-28 00:00:00+00:00, run_after=2026-03-29 00:00:00+00:00
[2026-03-28T18:10:48.659+0000] {processor.py:183} INFO - Processing /opt/airflow/dags/tmdb_daily_dag.py took 0.033 seconds
[2026-03-28T18:11:19.127+0000] {processor.py:161} INFO - Started process (PID=45488) to work on /opt/airflow/dags/tmdb_daily_dag.py
[2026-03-28T18:11:19.127+0000] {processor.py:830} INFO - Processing file /opt/airflow/dags/tmdb_daily_dag.py for tasks to queue
[2026-03-28T18:11:19.128+0000] {logging_mixin.py:188} INFO - [2026-03-28T18:11:19.128+0000] {dagbag.py:545} INFO - Filling up the DagBag from /opt/airflow/dags/tmdb_daily_dag.py
[2026-03-28T18:11:19.133+0000] {processor.py:840} INFO - DAG(s) 'tmdb_raw_pipeline' retrieved from /opt/airflow/dags/tmdb_daily_dag.py
[2026-03-28T18:11:19.142+0000] {logging_mixin.py:188} INFO - [2026-03-28T18:11:19.142+0000] {dag.py:3096} INFO - Sync 1 DAGs
[2026-03-28T18:11:19.151+0000] {logging_mixin.py:188} INFO - [2026-03-28T18:11:19.150+0000] {dag.py:3954} INFO - Setting next_dagrun for tmdb_raw_pipeline to 2026-03-28 00:00:00+00:00, run_after=2026-03-29 00:00:00+00:00
[2026-03-28T18:11:19.156+0000] {processor.py:183} INFO - Processing /opt/airflow/dags/tmdb_daily_dag.py took 0.032 seconds
[2026-03-28T18:11:49.895+0000] {processor.py:161} INFO - Started process (PID=45508) to work on /opt/airflow/dags/tmdb_daily_dag.py
[2026-03-28T18:11:49.896+0000] {processor.py:830} INFO - Processing file /opt/airflow/dags/tmdb_daily_dag.py for tasks to queue
[2026-03-28T18:11:49.897+0000] {logging_mixin.py:188} INFO - [2026-03-28T18:11:49.896+0000] {dagbag.py:545} INFO - Filling up the DagBag from /opt/airflow/dags/tmdb_daily_dag.py
[2026-03-28T18:11:49.902+0000] {processor.py:840} INFO - DAG(s) 'tmdb_raw_pipeline' retrieved from /opt/airflow/dags/tmdb_daily_dag.py
[2026-03-28T18:11:49.912+0000] {logging_mixin.py:188} INFO - [2026-03-28T18:11:49.912+0000] {dag.py:3096} INFO - Sync 1 DAGs
[2026-03-28T18:11:49.921+0000] {logging_mixin.py:188} INFO - [2026-03-28T18:11:49.921+0000] {dag.py:3954} INFO - Setting next_dagrun for tmdb_raw_pipeline to 2026-03-28 00:00:00+00:00, run_after=2026-03-29 00:00:00+00:00
[2026-03-28T18:11:49.930+0000] {processor.py:183} INFO - Processing /opt/airflow/dags/tmdb_daily_dag.py took 0.037 seconds
[2026-03-28T18:12:20.433+0000] {processor.py:161} INFO - Started process (PID=45528) to work on /opt/airflow/dags/tmdb_daily_dag.py
[2026-03-28T18:12:20.434+0000] {processor.py:830} INFO - Processing file /opt/airflow/dags/tmdb_daily_dag.py for tasks to queue
[2026-03-28T18:12:20.434+0000] {logging_mixin.py:188} INFO - [2026-03-28T18:12:20.434+0000] {dagbag.py:545} INFO - Filling up the DagBag from /opt/airflow/dags/tmdb_daily_dag.py
[2026-03-28T18:12:20.440+0000] {processor.py:840} INFO - DAG(s) 'tmdb_raw_pipeline' retrieved from /opt/airflow/dags/tmdb_daily_dag.py
[2026-03-28T18:12:20.450+0000] {logging_mixin.py:188} INFO - [2026-03-28T18:12:20.450+0000] {dag.py:3096} INFO - Sync 1 DAGs
[2026-03-28T18:12:20.459+0000] {logging_mixin.py:188} INFO - [2026-03-28T18:12:20.459+0000] {dag.py:3954} INFO - Setting next_dagrun for tmdb_raw_pipeline to 2026-03-28 00:00:00+00:00, run_after=2026-03-29 00:00:00+00:00
[2026-03-28T18:12:20.465+0000] {processor.py:183} INFO - Processing /opt/airflow/dags/tmdb_daily_dag.py took 0.035 seconds
[2026-03-28T18:12:50.930+0000] {processor.py:161} INFO - Started process (PID=45547) to work on /opt/airflow/dags/tmdb_daily_dag.py
[2026-03-28T18:12:50.932+0000] {processor.py:830} INFO - Processing file /opt/airflow/dags/tmdb_daily_dag.py for tasks to queue
[2026-03-28T18:12:50.932+0000] {logging_mixin.py:188} INFO - [2026-03-28T18:12:50.932+0000] {dagbag.py:545} INFO - Filling up the DagBag from /opt/airflow/dags/tmdb_daily_dag.py
[2026-03-28T18:12:50.938+0000] {processor.py:840} INFO - DAG(s) 'tmdb_raw_pipeline' retrieved from /opt/airflow/dags/tmdb_daily_dag.py
[2026-03-28T18:12:50.951+0000] {logging_mixin.py:188} INFO - [2026-03-28T18:12:50.950+0000] {dag.py:3096} INFO - Sync 1 DAGs
[2026-03-28T18:12:50.963+0000] {logging_mixin.py:188} INFO - [2026-03-28T18:12:50.963+0000] {dag.py:3954} INFO - Setting next_dagrun for tmdb_raw_pipeline to 2026-03-28 00:00:00+00:00, run_after=2026-03-29 00:00:00+00:00
[2026-03-28T18:12:50.972+0000] {processor.py:183} INFO - Processing /opt/airflow/dags/tmdb_daily_dag.py took 0.045 seconds
[2026-03-28T18:13:21.403+0000] {processor.py:161} INFO - Started process (PID=45568) to work on /opt/airflow/dags/tmdb_daily_dag.py
[2026-03-28T18:13:21.404+0000] {processor.py:830} INFO - Processing file /opt/airflow/dags/tmdb_daily_dag.py for tasks to queue
[2026-03-28T18:13:21.405+0000] {logging_mixin.py:188} INFO - [2026-03-28T18:13:21.404+0000] {dagbag.py:545} INFO - Filling up the DagBag from /opt/airflow/dags/tmdb_daily_dag.py
[2026-03-28T18:13:21.415+0000] {processor.py:840} INFO - DAG(s) 'tmdb_raw_pipeline' retrieved from /opt/airflow/dags/tmdb_daily_dag.py
[2026-03-28T18:13:21.425+0000] {logging_mixin.py:188} INFO - [2026-03-28T18:13:21.425+0000] {dag.py:3096} INFO - Sync 1 DAGs
[2026-03-28T18:13:21.434+0000] {logging_mixin.py:188} INFO - [2026-03-28T18:13:21.434+0000] {dag.py:3954} INFO - Setting next_dagrun for tmdb_raw_pipeline to 2026-03-28 00:00:00+00:00, run_after=2026-03-29 00:00:00+00:00
[2026-03-28T18:13:21.440+0000] {processor.py:183} INFO - Processing /opt/airflow/dags/tmdb_daily_dag.py took 0.039 seconds
[2026-03-28T18:13:51.897+0000] {processor.py:161} INFO - Started process (PID=45588) to work on /opt/airflow/dags/tmdb_daily_dag.py
[2026-03-28T18:13:51.898+0000] {processor.py:830} INFO - Processing file /opt/airflow/dags/tmdb_daily_dag.py for tasks to queue
[2026-03-28T18:13:51.898+0000] {logging_mixin.py:188} INFO - [2026-03-28T18:13:51.898+0000] {dagbag.py:545} INFO - Filling up the DagBag from /opt/airflow/dags/tmdb_daily_dag.py
[2026-03-28T18:13:51.903+0000] {processor.py:840} INFO - DAG(s) 'tmdb_raw_pipeline' retrieved from /opt/airflow/dags/tmdb_daily_dag.py
[2026-03-28T18:13:51.913+0000] {logging_mixin.py:188} INFO - [2026-03-28T18:13:51.913+0000] {dag.py:3096} INFO - Sync 1 DAGs
[2026-03-28T18:13:51.922+0000] {logging_mixin.py:188} INFO - [2026-03-28T18:13:51.922+0000] {dag.py:3954} INFO - Setting next_dagrun for tmdb_raw_pipeline to 2026-03-28 00:00:00+00:00, run_after=2026-03-29 00:00:00+00:00
[2026-03-28T18:13:51.928+0000] {processor.py:183} INFO - Processing /opt/airflow/dags/tmdb_daily_dag.py took 0.033 seconds
[2026-03-28T18:14:22.396+0000] {processor.py:161} INFO - Started process (PID=45608) to work on /opt/airflow/dags/tmdb_daily_dag.py
[2026-03-28T18:14:22.397+0000] {processor.py:830} INFO - Processing file /opt/airflow/dags/tmdb_daily_dag.py for tasks to queue
[2026-03-28T18:14:22.397+0000] {logging_mixin.py:188} INFO - [2026-03-28T18:14:22.397+0000] {dagbag.py:545} INFO - Filling up the DagBag from /opt/airflow/dags/tmdb_daily_dag.py
[2026-03-28T18:14:22.403+0000] {processor.py:840} INFO - DAG(s) 'tmdb_raw_pipeline' retrieved from /opt/airflow/dags/tmdb_daily_dag.py
[2026-03-28T18:14:22.414+0000] {logging_mixin.py:188} INFO - [2026-03-28T18:14:22.414+0000] {dag.py:3096} INFO - Sync 1 DAGs
[2026-03-28T18:14:22.423+0000] {logging_mixin.py:188} INFO - [2026-03-28T18:14:22.423+0000] {dag.py:3954} INFO - Setting next_dagrun for tmdb_raw_pipeline to 2026-03-28 00:00:00+00:00, run_after=2026-03-29 00:00:00+00:00
[2026-03-28T18:14:22.430+0000] {processor.py:183} INFO - Processing /opt/airflow/dags/tmdb_daily_dag.py took 0.036 seconds
[2026-03-28T18:14:52.886+0000] {processor.py:161} INFO - Started process (PID=45628) to work on /opt/airflow/dags/tmdb_daily_dag.py
[2026-03-28T18:14:52.887+0000] {processor.py:830} INFO - Processing file /opt/airflow/dags/tmdb_daily_dag.py for tasks to queue
[2026-03-28T18:14:52.887+0000] {logging_mixin.py:188} INFO - [2026-03-28T18:14:52.887+0000] {dagbag.py:545} INFO - Filling up the DagBag from /opt/airflow/dags/tmdb_daily_dag.py
[2026-03-28T18:14:52.892+0000] {processor.py:840} INFO - DAG(s) 'tmdb_raw_pipeline' retrieved from /opt/airflow/dags/tmdb_daily_dag.py
[2026-03-28T18:14:52.902+0000] {logging_mixin.py:188} INFO - [2026-03-28T18:14:52.902+0000] {dag.py:3096} INFO - Sync 1 DAGs
[2026-03-28T18:14:52.910+0000] {logging_mixin.py:188} INFO - [2026-03-28T18:14:52.910+0000] {dag.py:3954} INFO - Setting next_dagrun for tmdb_raw_pipeline to 2026-03-28 00:00:00+00:00, run_after=2026-03-29 00:00:00+00:00
[2026-03-28T18:14:52.916+0000] {processor.py:183} INFO - Processing /opt/airflow/dags/tmdb_daily_dag.py took 0.032 seconds
[2026-03-28T18:15:23.435+0000] {processor.py:161} INFO - Started process (PID=45648) to work on /opt/airflow/dags/tmdb_daily_dag.py
[2026-03-28T18:15:23.436+0000] {processor.py:830} INFO - Processing file /opt/airflow/dags/tmdb_daily_dag.py for tasks to queue
[2026-03-28T18:15:23.437+0000] {logging_mixin.py:188} INFO - [2026-03-28T18:15:23.436+0000] {dagbag.py:545} INFO - Filling up the DagBag from /opt/airflow/dags/tmdb_daily_dag.py
[2026-03-28T18:15:23.442+0000] {processor.py:840} INFO - DAG(s) 'tmdb_raw_pipeline' retrieved from /opt/airflow/dags/tmdb_daily_dag.py
[2026-03-28T18:15:23.452+0000] {logging_mixin.py:188} INFO - [2026-03-28T18:15:23.452+0000] {dag.py:3096} INFO - Sync 1 DAGs
[2026-03-28T18:15:23.460+0000] {logging_mixin.py:188} INFO - [2026-03-28T18:15:23.460+0000] {dag.py:3954} INFO - Setting next_dagrun for tmdb_raw_pipeline to 2026-03-28 00:00:00+00:00, run_after=2026-03-29 00:00:00+00:00
[2026-03-28T18:15:23.467+0000] {processor.py:183} INFO - Processing /opt/airflow/dags/tmdb_daily_dag.py took 0.035 seconds
[2026-03-28T18:15:53.900+0000] {processor.py:161} INFO - Started process (PID=45667) to work on /opt/airflow/dags/tmdb_daily_dag.py
[2026-03-28T18:15:53.901+0000] {processor.py:830} INFO - Processing file /opt/airflow/dags/tmdb_daily_dag.py for tasks to queue
[2026-03-28T18:15:53.901+0000] {logging_mixin.py:188} INFO - [2026-03-28T18:15:53.901+0000] {dagbag.py:545} INFO - Filling up the DagBag from /opt/airflow/dags/tmdb_daily_dag.py
[2026-03-28T18:15:53.907+0000] {processor.py:840} INFO - DAG(s) 'tmdb_raw_pipeline' retrieved from /opt/airflow/dags/tmdb_daily_dag.py
[2026-03-28T18:15:53.925+0000] {logging_mixin.py:188} INFO - [2026-03-28T18:15:53.925+0000] {dag.py:3096} INFO - Sync 1 DAGs
[2026-03-28T18:15:53.938+0000] {logging_mixin.py:188} INFO - [2026-03-28T18:15:53.938+0000] {dag.py:3954} INFO - Setting next_dagrun for tmdb_raw_pipeline to 2026-03-28 00:00:00+00:00, run_after=2026-03-29 00:00:00+00:00
[2026-03-28T18:15:53.950+0000] {processor.py:183} INFO - Processing /opt/airflow/dags/tmdb_daily_dag.py took 0.053 seconds
[2026-03-28T18:16:24.468+0000] {processor.py:161} INFO - Started process (PID=45688) to work on /opt/airflow/dags/tmdb_daily_dag.py
[2026-03-28T18:16:24.469+0000] {processor.py:830} INFO - Processing file /opt/airflow/dags/tmdb_daily_dag.py for tasks to queue
[2026-03-28T18:16:24.469+0000] {logging_mixin.py:188} INFO - [2026-03-28T18:16:24.469+0000] {dagbag.py:545} INFO - Filling up the DagBag from /opt/airflow/dags/tmdb_daily_dag.py
[2026-03-28T18:16:24.480+0000] {processor.py:840} INFO - DAG(s) 'tmdb_raw_pipeline' retrieved from /opt/airflow/dags/tmdb_daily_dag.py
[2026-03-28T18:16:24.497+0000] {logging_mixin.py:188} INFO - [2026-03-28T18:16:24.497+0000] {dag.py:3096} INFO - Sync 1 DAGs
[2026-03-28T18:16:24.507+0000] {logging_mixin.py:188} INFO - [2026-03-28T18:16:24.507+0000] {dag.py:3954} INFO - Setting next_dagrun for tmdb_raw_pipeline to 2026-03-28 00:00:00+00:00, run_after=2026-03-29 00:00:00+00:00
[2026-03-28T18:16:24.519+0000] {processor.py:183} INFO - Processing /opt/airflow/dags/tmdb_daily_dag.py took 0.055 seconds
[2026-03-28T18:16:54.869+0000] {processor.py:161} INFO - Started process (PID=45708) to work on /opt/airflow/dags/tmdb_daily_dag.py
[2026-03-28T18:16:54.869+0000] {processor.py:830} INFO - Processing file /opt/airflow/dags/tmdb_daily_dag.py for tasks to queue
[2026-03-28T18:16:54.870+0000] {logging_mixin.py:188} INFO - [2026-03-28T18:16:54.870+0000] {dagbag.py:545} INFO - Filling up the DagBag from /opt/airflow/dags/tmdb_daily_dag.py
[2026-03-28T18:16:54.875+0000] {processor.py:840} INFO - DAG(s) 'tmdb_raw_pipeline' retrieved from /opt/airflow/dags/tmdb_daily_dag.py
[2026-03-28T18:16:54.885+0000] {logging_mixin.py:188} INFO - [2026-03-28T18:16:54.885+0000] {dag.py:3096} INFO - Sync 1 DAGs
[2026-03-28T18:16:54.893+0000] {logging_mixin.py:188} INFO - [2026-03-28T18:16:54.893+0000] {dag.py:3954} INFO - Setting next_dagrun for tmdb_raw_pipeline to 2026-03-28 00:00:00+00:00, run_after=2026-03-29 00:00:00+00:00
[2026-03-28T18:16:54.899+0000] {processor.py:183} INFO - Processing /opt/airflow/dags/tmdb_daily_dag.py took 0.033 seconds
[2026-03-28T18:17:25.399+0000] {processor.py:161} INFO - Started process (PID=45728) to work on /opt/airflow/dags/tmdb_daily_dag.py
[2026-03-28T18:17:25.400+0000] {processor.py:830} INFO - Processing file /opt/airflow/dags/tmdb_daily_dag.py for tasks to queue
[2026-03-28T18:17:25.400+0000] {logging_mixin.py:188} INFO - [2026-03-28T18:17:25.400+0000] {dagbag.py:545} INFO - Filling up the DagBag from /opt/airflow/dags/tmdb_daily_dag.py
[2026-03-28T18:17:25.406+0000] {processor.py:840} INFO - DAG(s) 'tmdb_raw_pipeline' retrieved from /opt/airflow/dags/tmdb_daily_dag.py
[2026-03-28T18:17:25.416+0000] {logging_mixin.py:188} INFO - [2026-03-28T18:17:25.416+0000] {dag.py:3096} INFO - Sync 1 DAGs
[2026-03-28T18:17:25.424+0000] {logging_mixin.py:188} INFO - [2026-03-28T18:17:25.424+0000] {dag.py:3954} INFO - Setting next_dagrun for tmdb_raw_pipeline to 2026-03-28 00:00:00+00:00, run_after=2026-03-29 00:00:00+00:00
[2026-03-28T18:17:25.430+0000] {processor.py:183} INFO - Processing /opt/airflow/dags/tmdb_daily_dag.py took 0.035 seconds
[2026-03-28T18:17:55.854+0000] {processor.py:161} INFO - Started process (PID=45746) to work on /opt/airflow/dags/tmdb_daily_dag.py
[2026-03-28T18:17:55.856+0000] {processor.py:830} INFO - Processing file /opt/airflow/dags/tmdb_daily_dag.py for tasks to queue
[2026-03-28T18:17:55.856+0000] {logging_mixin.py:188} INFO - [2026-03-28T18:17:55.856+0000] {dagbag.py:545} INFO - Filling up the DagBag from /opt/airflow/dags/tmdb_daily_dag.py
[2026-03-28T18:17:55.862+0000] {processor.py:840} INFO - DAG(s) 'tmdb_raw_pipeline' retrieved from /opt/airflow/dags/tmdb_daily_dag.py
[2026-03-28T18:17:55.874+0000] {logging_mixin.py:188} INFO - [2026-03-28T18:17:55.874+0000] {dag.py:3096} INFO - Sync 1 DAGs
[2026-03-28T18:17:55.885+0000] {logging_mixin.py:188} INFO - [2026-03-28T18:17:55.885+0000] {dag.py:3954} INFO - Setting next_dagrun for tmdb_raw_pipeline to 2026-03-28 00:00:00+00:00, run_after=2026-03-29 00:00:00+00:00
[2026-03-28T18:17:55.895+0000] {processor.py:183} INFO - Processing /opt/airflow/dags/tmdb_daily_dag.py took 0.044 seconds
[2026-03-28T18:18:26.412+0000] {processor.py:161} INFO - Started process (PID=45768) to work on /opt/airflow/dags/tmdb_daily_dag.py
[2026-03-28T18:18:26.412+0000] {processor.py:830} INFO - Processing file /opt/airflow/dags/tmdb_daily_dag.py for tasks to queue
[2026-03-28T18:18:26.413+0000] {logging_mixin.py:188} INFO - [2026-03-28T18:18:26.413+0000] {dagbag.py:545} INFO - Filling up the DagBag from /opt/airflow/dags/tmdb_daily_dag.py
[2026-03-28T18:18:26.418+0000] {processor.py:840} INFO - DAG(s) 'tmdb_raw_pipeline' retrieved from /opt/airflow/dags/tmdb_daily_dag.py
[2026-03-28T18:18:26.428+0000] {logging_mixin.py:188} INFO - [2026-03-28T18:18:26.428+0000] {dag.py:3096} INFO - Sync 1 DAGs
[2026-03-28T18:18:26.436+0000] {logging_mixin.py:188} INFO - [2026-03-28T18:18:26.436+0000] {dag.py:3954} INFO - Setting next_dagrun for tmdb_raw_pipeline to 2026-03-28 00:00:00+00:00, run_after=2026-03-29 00:00:00+00:00
[2026-03-28T18:18:26.443+0000] {processor.py:183} INFO - Processing /opt/airflow/dags/tmdb_daily_dag.py took 0.034 seconds
[2026-03-28T18:18:56.845+0000] {processor.py:161} INFO - Started process (PID=45788) to work on /opt/airflow/dags/tmdb_daily_dag.py
[2026-03-28T18:18:56.845+0000] {processor.py:830} INFO - Processing file /opt/airflow/dags/tmdb_daily_dag.py for tasks to queue
[2026-03-28T18:18:56.846+0000] {logging_mixin.py:188} INFO - [2026-03-28T18:18:56.846+0000] {dagbag.py:545} INFO - Filling up the DagBag from /opt/airflow/dags/tmdb_daily_dag.py
[2026-03-28T18:18:56.851+0000] {processor.py:840} INFO - DAG(s) 'tmdb_raw_pipeline' retrieved from /opt/airflow/dags/tmdb_daily_dag.py
[2026-03-28T18:18:56.861+0000] {logging_mixin.py:188} INFO - [2026-03-28T18:18:56.861+0000] {dag.py:3096} INFO - Sync 1 DAGs
[2026-03-28T18:18:56.869+0000] {logging_mixin.py:188} INFO - [2026-03-28T18:18:56.869+0000] {dag.py:3954} INFO - Setting next_dagrun for tmdb_raw_pipeline to 2026-03-28 00:00:00+00:00, run_after=2026-03-29 00:00:00+00:00
[2026-03-28T18:18:56.875+0000] {processor.py:183} INFO - Processing /opt/airflow/dags/tmdb_daily_dag.py took 0.032 seconds
[2026-03-28T18:19:27.361+0000] {processor.py:161} INFO - Started process (PID=45808) to work on /opt/airflow/dags/tmdb_daily_dag.py
[2026-03-28T18:19:27.361+0000] {processor.py:830} INFO - Processing file /opt/airflow/dags/tmdb_daily_dag.py for tasks to queue
[2026-03-28T18:19:27.362+0000] {logging_mixin.py:188} INFO - [2026-03-28T18:19:27.362+0000] {dagbag.py:545} INFO - Filling up the DagBag from /opt/airflow/dags/tmdb_daily_dag.py
[2026-03-28T18:19:27.367+0000] {processor.py:840} INFO - DAG(s) 'tmdb_raw_pipeline' retrieved from /opt/airflow/dags/tmdb_daily_dag.py
[2026-03-28T18:19:27.377+0000] {logging_mixin.py:188} INFO - [2026-03-28T18:19:27.377+0000] {dag.py:3096} INFO - Sync 1 DAGs
[2026-03-28T18:19:27.386+0000] {logging_mixin.py:188} INFO - [2026-03-28T18:19:27.385+0000] {dag.py:3954} INFO - Setting next_dagrun for tmdb_raw_pipeline to 2026-03-28 00:00:00+00:00, run_after=2026-03-29 00:00:00+00:00
[2026-03-28T18:19:27.391+0000] {processor.py:183} INFO - Processing /opt/airflow/dags/tmdb_daily_dag.py took 0.033 seconds
[2026-03-28T18:19:57.835+0000] {processor.py:161} INFO - Started process (PID=45828) to work on /opt/airflow/dags/tmdb_daily_dag.py
[2026-03-28T18:19:57.836+0000] {processor.py:830} INFO - Processing file /opt/airflow/dags/tmdb_daily_dag.py for tasks to queue
[2026-03-28T18:19:57.836+0000] {logging_mixin.py:188} INFO - [2026-03-28T18:19:57.836+0000] {dagbag.py:545} INFO - Filling up the DagBag from /opt/airflow/dags/tmdb_daily_dag.py
[2026-03-28T18:19:57.841+0000] {processor.py:840} INFO - DAG(s) 'tmdb_raw_pipeline' retrieved from /opt/airflow/dags/tmdb_daily_dag.py
[2026-03-28T18:19:57.850+0000] {logging_mixin.py:188} INFO - [2026-03-28T18:19:57.850+0000] {dag.py:3096} INFO - Sync 1 DAGs
[2026-03-28T18:19:57.857+0000] {logging_mixin.py:188} INFO - [2026-03-28T18:19:57.857+0000] {dag.py:3954} INFO - Setting next_dagrun for tmdb_raw_pipeline to 2026-03-28 00:00:00+00:00, run_after=2026-03-29 00:00:00+00:00
[2026-03-28T18:19:57.864+0000] {processor.py:183} INFO - Processing /opt/airflow/dags/tmdb_daily_dag.py took 0.032 seconds
[2026-03-28T18:20:28.355+0000] {processor.py:161} INFO - Started process (PID=45848) to work on /opt/airflow/dags/tmdb_daily_dag.py
[2026-03-28T18:20:28.356+0000] {processor.py:830} INFO - Processing file /opt/airflow/dags/tmdb_daily_dag.py for tasks to queue
[2026-03-28T18:20:28.356+0000] {logging_mixin.py:188} INFO - [2026-03-28T18:20:28.356+0000] {dagbag.py:545} INFO - Filling up the DagBag from /opt/airflow/dags/tmdb_daily_dag.py
[2026-03-28T18:20:28.362+0000] {processor.py:840} INFO - DAG(s) 'tmdb_raw_pipeline' retrieved from /opt/airflow/dags/tmdb_daily_dag.py
[2026-03-28T18:20:28.372+0000] {logging_mixin.py:188} INFO - [2026-03-28T18:20:28.372+0000] {dag.py:3096} INFO - Sync 1 DAGs
[2026-03-28T18:20:28.380+0000] {logging_mixin.py:188} INFO - [2026-03-28T18:20:28.380+0000] {dag.py:3954} INFO - Setting next_dagrun for tmdb_raw_pipeline to 2026-03-28 00:00:00+00:00, run_after=2026-03-29 00:00:00+00:00
[2026-03-28T18:20:28.386+0000] {processor.py:183} INFO - Processing /opt/airflow/dags/tmdb_daily_dag.py took 0.033 seconds
[2026-03-28T18:20:58.837+0000] {processor.py:161} INFO - Started process (PID=45868) to work on /opt/airflow/dags/tmdb_daily_dag.py
[2026-03-28T18:20:58.839+0000] {processor.py:830} INFO - Processing file /opt/airflow/dags/tmdb_daily_dag.py for tasks to queue
[2026-03-28T18:20:58.839+0000] {logging_mixin.py:188} INFO - [2026-03-28T18:20:58.839+0000] {dagbag.py:545} INFO - Filling up the DagBag from /opt/airflow/dags/tmdb_daily_dag.py
[2026-03-28T18:20:58.849+0000] {processor.py:840} INFO - DAG(s) 'tmdb_raw_pipeline' retrieved from /opt/airflow/dags/tmdb_daily_dag.py
[2026-03-28T18:20:58.871+0000] {logging_mixin.py:188} INFO - [2026-03-28T18:20:58.870+0000] {dag.py:3096} INFO - Sync 1 DAGs
[2026-03-28T18:20:58.883+0000] {logging_mixin.py:188} INFO - [2026-03-28T18:20:58.883+0000] {dag.py:3954} INFO - Setting next_dagrun for tmdb_raw_pipeline to 2026-03-28 00:00:00+00:00, run_after=2026-03-29 00:00:00+00:00
[2026-03-28T18:20:58.891+0000] {processor.py:183} INFO - Processing /opt/airflow/dags/tmdb_daily_dag.py took 0.058 seconds
[2026-03-28T18:21:29.420+0000] {processor.py:161} INFO - Started process (PID=45888) to work on /opt/airflow/dags/tmdb_daily_dag.py
[2026-03-28T18:21:29.421+0000] {processor.py:830} INFO - Processing file /opt/airflow/dags/tmdb_daily_dag.py for tasks to queue
[2026-03-28T18:21:29.421+0000] {logging_mixin.py:188} INFO - [2026-03-28T18:21:29.421+0000] {dagbag.py:545} INFO - Filling up the DagBag from /opt/airflow/dags/tmdb_daily_dag.py
[2026-03-28T18:21:29.428+0000] {processor.py:840} INFO - DAG(s) 'tmdb_raw_pipeline' retrieved from /opt/airflow/dags/tmdb_daily_dag.py
[2026-03-28T18:21:29.441+0000] {logging_mixin.py:188} INFO - [2026-03-28T18:21:29.441+0000] {dag.py:3096} INFO - Sync 1 DAGs
[2026-03-28T18:21:29.450+0000] {logging_mixin.py:188} INFO - [2026-03-28T18:21:29.450+0000] {dag.py:3954} INFO - Setting next_dagrun for tmdb_raw_pipeline to 2026-03-28 00:00:00+00:00, run_after=2026-03-29 00:00:00+00:00
[2026-03-28T18:21:29.457+0000] {processor.py:183} INFO - Processing /opt/airflow/dags/tmdb_daily_dag.py took 0.044 seconds
[2026-03-28T18:21:59.881+0000] {processor.py:161} INFO - Started process (PID=45908) to work on /opt/airflow/dags/tmdb_daily_dag.py
[2026-03-28T18:21:59.881+0000] {processor.py:830} INFO - Processing file /opt/airflow/dags/tmdb_daily_dag.py for tasks to queue
[2026-03-28T18:21:59.882+0000] {logging_mixin.py:188} INFO - [2026-03-28T18:21:59.882+0000] {dagbag.py:545} INFO - Filling up the DagBag from /opt/airflow/dags/tmdb_daily_dag.py
[2026-03-28T18:21:59.887+0000] {processor.py:840} INFO - DAG(s) 'tmdb_raw_pipeline' retrieved from /opt/airflow/dags/tmdb_daily_dag.py
[2026-03-28T18:21:59.896+0000] {logging_mixin.py:188} INFO - [2026-03-28T18:21:59.896+0000] {dag.py:3096} INFO - Sync 1 DAGs
[2026-03-28T18:21:59.904+0000] {logging_mixin.py:188} INFO - [2026-03-28T18:21:59.904+0000] {dag.py:3954} INFO - Setting next_dagrun for tmdb_raw_pipeline to 2026-03-28 00:00:00+00:00, run_after=2026-03-29 00:00:00+00:00
[2026-03-28T18:21:59.910+0000] {processor.py:183} INFO - Processing /opt/airflow/dags/tmdb_daily_dag.py took 0.032 seconds
[2026-03-28T18:22:30.407+0000] {processor.py:161} INFO - Started process (PID=45928) to work on /opt/airflow/dags/tmdb_daily_dag.py
[2026-03-28T18:22:30.408+0000] {processor.py:830} INFO - Processing file /opt/airflow/dags/tmdb_daily_dag.py for tasks to queue
[2026-03-28T18:22:30.408+0000] {logging_mixin.py:188} INFO - [2026-03-28T18:22:30.408+0000] {dagbag.py:545} INFO - Filling up the DagBag from /opt/airflow/dags/tmdb_daily_dag.py
[2026-03-28T18:22:30.415+0000] {processor.py:840} INFO - DAG(s) 'tmdb_raw_pipeline' retrieved from /opt/airflow/dags/tmdb_daily_dag.py
[2026-03-28T18:22:30.425+0000] {logging_mixin.py:188} INFO - [2026-03-28T18:22:30.424+0000] {dag.py:3096} INFO - Sync 1 DAGs
[2026-03-28T18:22:30.433+0000] {logging_mixin.py:188} INFO - [2026-03-28T18:22:30.433+0000] {dag.py:3954} INFO - Setting next_dagrun for tmdb_raw_pipeline to 2026-03-28 00:00:00+00:00, run_after=2026-03-29 00:00:00+00:00
[2026-03-28T18:22:30.439+0000] {processor.py:183} INFO - Processing /opt/airflow/dags/tmdb_daily_dag.py took 0.034 seconds
[2026-03-28T18:23:00.862+0000] {processor.py:161} INFO - Started process (PID=45948) to work on /opt/airflow/dags/tmdb_daily_dag.py
[2026-03-28T18:23:00.863+0000] {processor.py:830} INFO - Processing file /opt/airflow/dags/tmdb_daily_dag.py for tasks to queue
[2026-03-28T18:23:00.863+0000] {logging_mixin.py:188} INFO - [2026-03-28T18:23:00.863+0000] {dagbag.py:545} INFO - Filling up the DagBag from /opt/airflow/dags/tmdb_daily_dag.py
[2026-03-28T18:23:00.869+0000] {processor.py:840} INFO - DAG(s) 'tmdb_raw_pipeline' retrieved from /opt/airflow/dags/tmdb_daily_dag.py
[2026-03-28T18:23:00.878+0000] {logging_mixin.py:188} INFO - [2026-03-28T18:23:00.878+0000] {dag.py:3096} INFO - Sync 1 DAGs
[2026-03-28T18:23:00.886+0000] {logging_mixin.py:188} INFO - [2026-03-28T18:23:00.886+0000] {dag.py:3954} INFO - Setting next_dagrun for tmdb_raw_pipeline to 2026-03-28 00:00:00+00:00, run_after=2026-03-29 00:00:00+00:00
[2026-03-28T18:23:00.892+0000] {processor.py:183} INFO - Processing /opt/airflow/dags/tmdb_daily_dag.py took 0.033 seconds
[2026-03-28T18:23:31.328+0000] {processor.py:161} INFO - Started process (PID=45968) to work on /opt/airflow/dags/tmdb_daily_dag.py
[2026-03-28T18:23:31.329+0000] {processor.py:830} INFO - Processing file /opt/airflow/dags/tmdb_daily_dag.py for tasks to queue
[2026-03-28T18:23:31.329+0000] {logging_mixin.py:188} INFO - [2026-03-28T18:23:31.329+0000] {dagbag.py:545} INFO - Filling up the DagBag from /opt/airflow/dags/tmdb_daily_dag.py
[2026-03-28T18:23:31.335+0000] {processor.py:840} INFO - DAG(s) 'tmdb_raw_pipeline' retrieved from /opt/airflow/dags/tmdb_daily_dag.py
[2026-03-28T18:23:31.344+0000] {logging_mixin.py:188} INFO - [2026-03-28T18:23:31.344+0000] {dag.py:3096} INFO - Sync 1 DAGs
[2026-03-28T18:23:31.352+0000] {logging_mixin.py:188} INFO - [2026-03-28T18:23:31.352+0000] {dag.py:3954} INFO - Setting next_dagrun for tmdb_raw_pipeline to 2026-03-28 00:00:00+00:00, run_after=2026-03-29 00:00:00+00:00
[2026-03-28T18:23:31.358+0000] {processor.py:183} INFO - Processing /opt/airflow/dags/tmdb_daily_dag.py took 0.033 seconds
[2026-03-28T18:24:01.768+0000] {processor.py:161} INFO - Started process (PID=45988) to work on /opt/airflow/dags/tmdb_daily_dag.py
[2026-03-28T18:24:01.769+0000] {processor.py:830} INFO - Processing file /opt/airflow/dags/tmdb_daily_dag.py for tasks to queue
[2026-03-28T18:24:01.770+0000] {logging_mixin.py:188} INFO - [2026-03-28T18:24:01.769+0000] {dagbag.py:545} INFO - Filling up the DagBag from /opt/airflow/dags/tmdb_daily_dag.py
[2026-03-28T18:24:01.775+0000] {processor.py:840} INFO - DAG(s) 'tmdb_raw_pipeline' retrieved from /opt/airflow/dags/tmdb_daily_dag.py
[2026-03-28T18:24:01.784+0000] {logging_mixin.py:188} INFO - [2026-03-28T18:24:01.784+0000] {dag.py:3096} INFO - Sync 1 DAGs
[2026-03-28T18:24:01.792+0000] {logging_mixin.py:188} INFO - [2026-03-28T18:24:01.792+0000] {dag.py:3954} INFO - Setting next_dagrun for tmdb_raw_pipeline to 2026-03-28 00:00:00+00:00, run_after=2026-03-29 00:00:00+00:00
[2026-03-28T18:24:01.798+0000] {processor.py:183} INFO - Processing /opt/airflow/dags/tmdb_daily_dag.py took 0.032 seconds
[2026-03-28T18:24:32.284+0000] {processor.py:161} INFO - Started process (PID=46008) to work on /opt/airflow/dags/tmdb_daily_dag.py
[2026-03-28T18:24:32.285+0000] {processor.py:830} INFO - Processing file /opt/airflow/dags/tmdb_daily_dag.py for tasks to queue
[2026-03-28T18:24:32.285+0000] {logging_mixin.py:188} INFO - [2026-03-28T18:24:32.285+0000] {dagbag.py:545} INFO - Filling up the DagBag from /opt/airflow/dags/tmdb_daily_dag.py
[2026-03-28T18:24:32.291+0000] {processor.py:840} INFO - DAG(s) 'tmdb_raw_pipeline' retrieved from /opt/airflow/dags/tmdb_daily_dag.py
[2026-03-28T18:24:32.301+0000] {logging_mixin.py:188} INFO - [2026-03-28T18:24:32.301+0000] {dag.py:3096} INFO - Sync 1 DAGs
[2026-03-28T18:24:32.309+0000] {logging_mixin.py:188} INFO - [2026-03-28T18:24:32.309+0000] {dag.py:3954} INFO - Setting next_dagrun for tmdb_raw_pipeline to 2026-03-28 00:00:00+00:00, run_after=2026-03-29 00:00:00+00:00
[2026-03-28T18:24:32.315+0000] {processor.py:183} INFO - Processing /opt/airflow/dags/tmdb_daily_dag.py took 0.035 seconds
[2026-03-28T18:25:02.784+0000] {processor.py:161} INFO - Started process (PID=46028) to work on /opt/airflow/dags/tmdb_daily_dag.py
[2026-03-28T18:25:02.785+0000] {processor.py:830} INFO - Processing file /opt/airflow/dags/tmdb_daily_dag.py for tasks to queue
[2026-03-28T18:25:02.785+0000] {logging_mixin.py:188} INFO - [2026-03-28T18:25:02.785+0000] {dagbag.py:545} INFO - Filling up the DagBag from /opt/airflow/dags/tmdb_daily_dag.py
[2026-03-28T18:25:02.791+0000] {processor.py:840} INFO - DAG(s) 'tmdb_raw_pipeline' retrieved from /opt/airflow/dags/tmdb_daily_dag.py
[2026-03-28T18:25:02.801+0000] {logging_mixin.py:188} INFO - [2026-03-28T18:25:02.801+0000] {dag.py:3096} INFO - Sync 1 DAGs
[2026-03-28T18:25:02.809+0000] {logging_mixin.py:188} INFO - [2026-03-28T18:25:02.809+0000] {dag.py:3954} INFO - Setting next_dagrun for tmdb_raw_pipeline to 2026-03-28 00:00:00+00:00, run_after=2026-03-29 00:00:00+00:00
[2026-03-28T18:25:02.815+0000] {processor.py:183} INFO - Processing /opt/airflow/dags/tmdb_daily_dag.py took 0.034 seconds
[2026-03-28T18:25:33.301+0000] {processor.py:161} INFO - Started process (PID=46048) to work on /opt/airflow/dags/tmdb_daily_dag.py
[2026-03-28T18:25:33.301+0000] {processor.py:830} INFO - Processing file /opt/airflow/dags/tmdb_daily_dag.py for tasks to queue
[2026-03-28T18:25:33.302+0000] {logging_mixin.py:188} INFO - [2026-03-28T18:25:33.302+0000] {dagbag.py:545} INFO - Filling up the DagBag from /opt/airflow/dags/tmdb_daily_dag.py
[2026-03-28T18:25:33.313+0000] {processor.py:840} INFO - DAG(s) 'tmdb_raw_pipeline' retrieved from /opt/airflow/dags/tmdb_daily_dag.py
[2026-03-28T18:25:33.323+0000] {logging_mixin.py:188} INFO - [2026-03-28T18:25:33.323+0000] {dag.py:3096} INFO - Sync 1 DAGs
[2026-03-28T18:25:33.332+0000] {logging_mixin.py:188} INFO - [2026-03-28T18:25:33.332+0000] {dag.py:3954} INFO - Setting next_dagrun for tmdb_raw_pipeline to 2026-03-28 00:00:00+00:00, run_after=2026-03-29 00:00:00+00:00
[2026-03-28T18:25:33.338+0000] {processor.py:183} INFO - Processing /opt/airflow/dags/tmdb_daily_dag.py took 0.042 seconds
[2026-03-28T18:26:03.732+0000] {processor.py:161} INFO - Started process (PID=46068) to work on /opt/airflow/dags/tmdb_daily_dag.py
[2026-03-28T18:26:03.733+0000] {processor.py:830} INFO - Processing file /opt/airflow/dags/tmdb_daily_dag.py for tasks to queue
[2026-03-28T18:26:03.733+0000] {logging_mixin.py:188} INFO - [2026-03-28T18:26:03.733+0000] {dagbag.py:545} INFO - Filling up the DagBag from /opt/airflow/dags/tmdb_daily_dag.py
[2026-03-28T18:26:03.739+0000] {processor.py:840} INFO - DAG(s) 'tmdb_raw_pipeline' retrieved from /opt/airflow/dags/tmdb_daily_dag.py
[2026-03-28T18:26:03.749+0000] {logging_mixin.py:188} INFO - [2026-03-28T18:26:03.749+0000] {dag.py:3096} INFO - Sync 1 DAGs
[2026-03-28T18:26:03.757+0000] {logging_mixin.py:188} INFO - [2026-03-28T18:26:03.757+0000] {dag.py:3954} INFO - Setting next_dagrun for tmdb_raw_pipeline to 2026-03-28 00:00:00+00:00, run_after=2026-03-29 00:00:00+00:00
[2026-03-28T18:26:03.763+0000] {processor.py:183} INFO - Processing /opt/airflow/dags/tmdb_daily_dag.py took 0.033 seconds
[2026-03-28T18:26:34.346+0000] {processor.py:161} INFO - Started process (PID=46088) to work on /opt/airflow/dags/tmdb_daily_dag.py
[2026-03-28T18:26:34.347+0000] {processor.py:830} INFO - Processing file /opt/airflow/dags/tmdb_daily_dag.py for tasks to queue
[2026-03-28T18:26:34.347+0000] {logging_mixin.py:188} INFO - [2026-03-28T18:26:34.347+0000] {dagbag.py:545} INFO - Filling up the DagBag from /opt/airflow/dags/tmdb_daily_dag.py
[2026-03-28T18:26:34.353+0000] {processor.py:840} INFO - DAG(s) 'tmdb_raw_pipeline' retrieved from /opt/airflow/dags/tmdb_daily_dag.py
[2026-03-28T18:26:34.365+0000] {logging_mixin.py:188} INFO - [2026-03-28T18:26:34.364+0000] {dag.py:3096} INFO - Sync 1 DAGs
[2026-03-28T18:26:34.377+0000] {logging_mixin.py:188} INFO - [2026-03-28T18:26:34.377+0000] {dag.py:3954} INFO - Setting next_dagrun for tmdb_raw_pipeline to 2026-03-28 00:00:00+00:00, run_after=2026-03-29 00:00:00+00:00
[2026-03-28T18:26:34.383+0000] {processor.py:183} INFO - Processing /opt/airflow/dags/tmdb_daily_dag.py took 0.040 seconds
[2026-03-28T18:27:04.813+0000] {processor.py:161} INFO - Started process (PID=46108) to work on /opt/airflow/dags/tmdb_daily_dag.py
[2026-03-28T18:27:04.814+0000] {processor.py:830} INFO - Processing file /opt/airflow/dags/tmdb_daily_dag.py for tasks to queue
[2026-03-28T18:27:04.814+0000] {logging_mixin.py:188} INFO - [2026-03-28T18:27:04.814+0000] {dagbag.py:545} INFO - Filling up the DagBag from /opt/airflow/dags/tmdb_daily_dag.py
[2026-03-28T18:27:04.819+0000] {processor.py:840} INFO - DAG(s) 'tmdb_raw_pipeline' retrieved from /opt/airflow/dags/tmdb_daily_dag.py
[2026-03-28T18:27:04.830+0000] {logging_mixin.py:188} INFO - [2026-03-28T18:27:04.830+0000] {dag.py:3096} INFO - Sync 1 DAGs
[2026-03-28T18:27:04.838+0000] {logging_mixin.py:188} INFO - [2026-03-28T18:27:04.837+0000] {dag.py:3954} INFO - Setting next_dagrun for tmdb_raw_pipeline to 2026-03-28 00:00:00+00:00, run_after=2026-03-29 00:00:00+00:00
[2026-03-28T18:27:04.844+0000] {processor.py:183} INFO - Processing /opt/airflow/dags/tmdb_daily_dag.py took 0.033 seconds
[2026-03-28T18:27:35.357+0000] {processor.py:161} INFO - Started process (PID=46128) to work on /opt/airflow/dags/tmdb_daily_dag.py
[2026-03-28T18:27:35.358+0000] {processor.py:830} INFO - Processing file /opt/airflow/dags/tmdb_daily_dag.py for tasks to queue
[2026-03-28T18:27:35.358+0000] {logging_mixin.py:188} INFO - [2026-03-28T18:27:35.358+0000] {dagbag.py:545} INFO - Filling up the DagBag from /opt/airflow/dags/tmdb_daily_dag.py
[2026-03-28T18:27:35.365+0000] {processor.py:840} INFO - DAG(s) 'tmdb_raw_pipeline' retrieved from /opt/airflow/dags/tmdb_daily_dag.py
[2026-03-28T18:27:35.375+0000] {logging_mixin.py:188} INFO - [2026-03-28T18:27:35.375+0000] {dag.py:3096} INFO - Sync 1 DAGs
[2026-03-28T18:27:35.384+0000] {logging_mixin.py:188} INFO - [2026-03-28T18:27:35.383+0000] {dag.py:3954} INFO - Setting next_dagrun for tmdb_raw_pipeline to 2026-03-28 00:00:00+00:00, run_after=2026-03-29 00:00:00+00:00
[2026-03-28T18:27:35.389+0000] {processor.py:183} INFO - Processing /opt/airflow/dags/tmdb_daily_dag.py took 0.035 seconds
[2026-03-28T18:28:05.806+0000] {processor.py:161} INFO - Started process (PID=46148) to work on /opt/airflow/dags/tmdb_daily_dag.py
[2026-03-28T18:28:05.807+0000] {processor.py:830} INFO - Processing file /opt/airflow/dags/tmdb_daily_dag.py for tasks to queue
[2026-03-28T18:28:05.807+0000] {logging_mixin.py:188} INFO - [2026-03-28T18:28:05.807+0000] {dagbag.py:545} INFO - Filling up the DagBag from /opt/airflow/dags/tmdb_daily_dag.py
[2026-03-28T18:28:05.813+0000] {processor.py:840} INFO - DAG(s) 'tmdb_raw_pipeline' retrieved from /opt/airflow/dags/tmdb_daily_dag.py
[2026-03-28T18:28:05.822+0000] {logging_mixin.py:188} INFO - [2026-03-28T18:28:05.822+0000] {dag.py:3096} INFO - Sync 1 DAGs
[2026-03-28T18:28:05.830+0000] {logging_mixin.py:188} INFO - [2026-03-28T18:28:05.830+0000] {dag.py:3954} INFO - Setting next_dagrun for tmdb_raw_pipeline to 2026-03-28 00:00:00+00:00, run_after=2026-03-29 00:00:00+00:00
[2026-03-28T18:28:05.836+0000] {processor.py:183} INFO - Processing /opt/airflow/dags/tmdb_daily_dag.py took 0.032 seconds
[2026-03-28T18:28:36.269+0000] {processor.py:161} INFO - Started process (PID=46168) to work on /opt/airflow/dags/tmdb_daily_dag.py
[2026-03-28T18:28:36.270+0000] {processor.py:830} INFO - Processing file /opt/airflow/dags/tmdb_daily_dag.py for tasks to queue
[2026-03-28T18:28:36.271+0000] {logging_mixin.py:188} INFO - [2026-03-28T18:28:36.270+0000] {dagbag.py:545} INFO - Filling up the DagBag from /opt/airflow/dags/tmdb_daily_dag.py
[2026-03-28T18:28:36.276+0000] {processor.py:840} INFO - DAG(s) 'tmdb_raw_pipeline' retrieved from /opt/airflow/dags/tmdb_daily_dag.py
[2026-03-28T18:28:36.286+0000] {logging_mixin.py:188} INFO - [2026-03-28T18:28:36.286+0000] {dag.py:3096} INFO - Sync 1 DAGs
[2026-03-28T18:28:36.294+0000] {logging_mixin.py:188} INFO - [2026-03-28T18:28:36.294+0000] {dag.py:3954} INFO - Setting next_dagrun for tmdb_raw_pipeline to 2026-03-28 00:00:00+00:00, run_after=2026-03-29 00:00:00+00:00
[2026-03-28T18:28:36.300+0000] {processor.py:183} INFO - Processing /opt/airflow/dags/tmdb_daily_dag.py took 0.035 seconds
[2026-03-28T18:29:06.756+0000] {processor.py:161} INFO - Started process (PID=46188) to work on /opt/airflow/dags/tmdb_daily_dag.py
[2026-03-28T18:29:06.756+0000] {processor.py:830} INFO - Processing file /opt/airflow/dags/tmdb_daily_dag.py for tasks to queue
[2026-03-28T18:29:06.757+0000] {logging_mixin.py:188} INFO - [2026-03-28T18:29:06.756+0000] {dagbag.py:545} INFO - Filling up the DagBag from /opt/airflow/dags/tmdb_daily_dag.py
[2026-03-28T18:29:06.763+0000] {processor.py:840} INFO - DAG(s) 'tmdb_raw_pipeline' retrieved from /opt/airflow/dags/tmdb_daily_dag.py
[2026-03-28T18:29:06.772+0000] {logging_mixin.py:188} INFO - [2026-03-28T18:29:06.772+0000] {dag.py:3096} INFO - Sync 1 DAGs
[2026-03-28T18:29:06.781+0000] {logging_mixin.py:188} INFO - [2026-03-28T18:29:06.781+0000] {dag.py:3954} INFO - Setting next_dagrun for tmdb_raw_pipeline to 2026-03-28 00:00:00+00:00, run_after=2026-03-29 00:00:00+00:00
[2026-03-28T18:29:06.787+0000] {processor.py:183} INFO - Processing /opt/airflow/dags/tmdb_daily_dag.py took 0.034 seconds
[2026-03-28T18:29:37.287+0000] {processor.py:161} INFO - Started process (PID=46208) to work on /opt/airflow/dags/tmdb_daily_dag.py
[2026-03-28T18:29:37.288+0000] {processor.py:830} INFO - Processing file /opt/airflow/dags/tmdb_daily_dag.py for tasks to queue
[2026-03-28T18:29:37.288+0000] {logging_mixin.py:188} INFO - [2026-03-28T18:29:37.288+0000] {dagbag.py:545} INFO - Filling up the DagBag from /opt/airflow/dags/tmdb_daily_dag.py
[2026-03-28T18:29:37.294+0000] {processor.py:840} INFO - DAG(s) 'tmdb_raw_pipeline' retrieved from /opt/airflow/dags/tmdb_daily_dag.py
[2026-03-28T18:29:37.305+0000] {logging_mixin.py:188} INFO - [2026-03-28T18:29:37.304+0000] {dag.py:3096} INFO - Sync 1 DAGs
[2026-03-28T18:29:37.313+0000] {logging_mixin.py:188} INFO - [2026-03-28T18:29:37.313+0000] {dag.py:3954} INFO - Setting next_dagrun for tmdb_raw_pipeline to 2026-03-28 00:00:00+00:00, run_after=2026-03-29 00:00:00+00:00
[2026-03-28T18:29:37.319+0000] {processor.py:183} INFO - Processing /opt/airflow/dags/tmdb_daily_dag.py took 0.036 seconds
[2026-03-28T18:30:07.736+0000] {processor.py:161} INFO - Started process (PID=46228) to work on /opt/airflow/dags/tmdb_daily_dag.py
[2026-03-28T18:30:07.737+0000] {processor.py:830} INFO - Processing file /opt/airflow/dags/tmdb_daily_dag.py for tasks to queue
[2026-03-28T18:30:07.737+0000] {logging_mixin.py:188} INFO - [2026-03-28T18:30:07.737+0000] {dagbag.py:545} INFO - Filling up the DagBag from /opt/airflow/dags/tmdb_daily_dag.py
[2026-03-28T18:30:07.742+0000] {processor.py:840} INFO - DAG(s) 'tmdb_raw_pipeline' retrieved from /opt/airflow/dags/tmdb_daily_dag.py
[2026-03-28T18:30:07.751+0000] {logging_mixin.py:188} INFO - [2026-03-28T18:30:07.751+0000] {dag.py:3096} INFO - Sync 1 DAGs
[2026-03-28T18:30:07.758+0000] {logging_mixin.py:188} INFO - [2026-03-28T18:30:07.758+0000] {dag.py:3954} INFO - Setting next_dagrun for tmdb_raw_pipeline to 2026-03-28 00:00:00+00:00, run_after=2026-03-29 00:00:00+00:00
[2026-03-28T18:30:07.764+0000] {processor.py:183} INFO - Processing /opt/airflow/dags/tmdb_daily_dag.py took 0.030 seconds
[2026-03-28T18:30:38.273+0000] {processor.py:161} INFO - Started process (PID=46248) to work on /opt/airflow/dags/tmdb_daily_dag.py
[2026-03-28T18:30:38.273+0000] {processor.py:830} INFO - Processing file /opt/airflow/dags/tmdb_daily_dag.py for tasks to queue
[2026-03-28T18:30:38.274+0000] {logging_mixin.py:188} INFO - [2026-03-28T18:30:38.274+0000] {dagbag.py:545} INFO - Filling up the DagBag from /opt/airflow/dags/tmdb_daily_dag.py
[2026-03-28T18:30:38.279+0000] {processor.py:840} INFO - DAG(s) 'tmdb_raw_pipeline' retrieved from /opt/airflow/dags/tmdb_daily_dag.py
[2026-03-28T18:30:38.289+0000] {logging_mixin.py:188} INFO - [2026-03-28T18:30:38.289+0000] {dag.py:3096} INFO - Sync 1 DAGs
[2026-03-28T18:30:38.298+0000] {logging_mixin.py:188} INFO - [2026-03-28T18:30:38.298+0000] {dag.py:3954} INFO - Setting next_dagrun for tmdb_raw_pipeline to 2026-03-28 00:00:00+00:00, run_after=2026-03-29 00:00:00+00:00
[2026-03-28T18:30:38.305+0000] {processor.py:183} INFO - Processing /opt/airflow/dags/tmdb_daily_dag.py took 0.034 seconds
[2026-03-28T18:31:08.650+0000] {processor.py:161} INFO - Started process (PID=46268) to work on /opt/airflow/dags/tmdb_daily_dag.py
[2026-03-28T18:31:08.651+0000] {processor.py:830} INFO - Processing file /opt/airflow/dags/tmdb_daily_dag.py for tasks to queue
[2026-03-28T18:31:08.651+0000] {logging_mixin.py:188} INFO - [2026-03-28T18:31:08.651+0000] {dagbag.py:545} INFO - Filling up the DagBag from /opt/airflow/dags/tmdb_daily_dag.py
[2026-03-28T18:31:08.656+0000] {processor.py:840} INFO - DAG(s) 'tmdb_raw_pipeline' retrieved from /opt/airflow/dags/tmdb_daily_dag.py
[2026-03-28T18:31:08.666+0000] {logging_mixin.py:188} INFO - [2026-03-28T18:31:08.666+0000] {dag.py:3096} INFO - Sync 1 DAGs
[2026-03-28T18:31:08.674+0000] {logging_mixin.py:188} INFO - [2026-03-28T18:31:08.674+0000] {dag.py:3954} INFO - Setting next_dagrun for tmdb_raw_pipeline to 2026-03-28 00:00:00+00:00, run_after=2026-03-29 00:00:00+00:00
[2026-03-28T18:31:08.680+0000] {processor.py:183} INFO - Processing /opt/airflow/dags/tmdb_daily_dag.py took 0.033 seconds
[2026-03-28T18:31:39.186+0000] {processor.py:161} INFO - Started process (PID=46288) to work on /opt/airflow/dags/tmdb_daily_dag.py
[2026-03-28T18:31:39.187+0000] {processor.py:830} INFO - Processing file /opt/airflow/dags/tmdb_daily_dag.py for tasks to queue
[2026-03-28T18:31:39.187+0000] {logging_mixin.py:188} INFO - [2026-03-28T18:31:39.187+0000] {dagbag.py:545} INFO - Filling up the DagBag from /opt/airflow/dags/tmdb_daily_dag.py
[2026-03-28T18:31:39.193+0000] {processor.py:840} INFO - DAG(s) 'tmdb_raw_pipeline' retrieved from /opt/airflow/dags/tmdb_daily_dag.py
[2026-03-28T18:31:39.203+0000] {logging_mixin.py:188} INFO - [2026-03-28T18:31:39.203+0000] {dag.py:3096} INFO - Sync 1 DAGs
[2026-03-28T18:31:39.211+0000] {logging_mixin.py:188} INFO - [2026-03-28T18:31:39.211+0000] {dag.py:3954} INFO - Setting next_dagrun for tmdb_raw_pipeline to 2026-03-28 00:00:00+00:00, run_after=2026-03-29 00:00:00+00:00
[2026-03-28T18:31:39.217+0000] {processor.py:183} INFO - Processing /opt/airflow/dags/tmdb_daily_dag.py took 0.033 seconds
[2026-03-28T18:32:09.592+0000] {processor.py:161} INFO - Started process (PID=46308) to work on /opt/airflow/dags/tmdb_daily_dag.py
[2026-03-28T18:32:09.593+0000] {processor.py:830} INFO - Processing file /opt/airflow/dags/tmdb_daily_dag.py for tasks to queue
[2026-03-28T18:32:09.593+0000] {logging_mixin.py:188} INFO - [2026-03-28T18:32:09.593+0000] {dagbag.py:545} INFO - Filling up the DagBag from /opt/airflow/dags/tmdb_daily_dag.py
[2026-03-28T18:32:09.602+0000] {processor.py:840} INFO - DAG(s) 'tmdb_raw_pipeline' retrieved from /opt/airflow/dags/tmdb_daily_dag.py
[2026-03-28T18:32:09.618+0000] {logging_mixin.py:188} INFO - [2026-03-28T18:32:09.617+0000] {dag.py:3096} INFO - Sync 1 DAGs
[2026-03-28T18:32:09.629+0000] {logging_mixin.py:188} INFO - [2026-03-28T18:32:09.629+0000] {dag.py:3954} INFO - Setting next_dagrun for tmdb_raw_pipeline to 2026-03-28 00:00:00+00:00, run_after=2026-03-29 00:00:00+00:00
[2026-03-28T18:32:09.640+0000] {processor.py:183} INFO - Processing /opt/airflow/dags/tmdb_daily_dag.py took 0.051 seconds
[2026-03-28T18:32:40.179+0000] {processor.py:161} INFO - Started process (PID=46328) to work on /opt/airflow/dags/tmdb_daily_dag.py
[2026-03-28T18:32:40.180+0000] {processor.py:830} INFO - Processing file /opt/airflow/dags/tmdb_daily_dag.py for tasks to queue
[2026-03-28T18:32:40.181+0000] {logging_mixin.py:188} INFO - [2026-03-28T18:32:40.181+0000] {dagbag.py:545} INFO - Filling up the DagBag from /opt/airflow/dags/tmdb_daily_dag.py
[2026-03-28T18:32:40.188+0000] {processor.py:840} INFO - DAG(s) 'tmdb_raw_pipeline' retrieved from /opt/airflow/dags/tmdb_daily_dag.py
[2026-03-28T18:32:40.200+0000] {logging_mixin.py:188} INFO - [2026-03-28T18:32:40.200+0000] {dag.py:3096} INFO - Sync 1 DAGs
[2026-03-28T18:32:40.209+0000] {logging_mixin.py:188} INFO - [2026-03-28T18:32:40.209+0000] {dag.py:3954} INFO - Setting next_dagrun for tmdb_raw_pipeline to 2026-03-28 00:00:00+00:00, run_after=2026-03-29 00:00:00+00:00
[2026-03-28T18:32:40.215+0000] {processor.py:183} INFO - Processing /opt/airflow/dags/tmdb_daily_dag.py took 0.039 seconds
[2026-03-28T18:33:10.619+0000] {processor.py:161} INFO - Started process (PID=46347) to work on /opt/airflow/dags/tmdb_daily_dag.py
[2026-03-28T18:33:10.620+0000] {processor.py:830} INFO - Processing file /opt/airflow/dags/tmdb_daily_dag.py for tasks to queue
[2026-03-28T18:33:10.621+0000] {logging_mixin.py:188} INFO - [2026-03-28T18:33:10.621+0000] {dagbag.py:545} INFO - Filling up the DagBag from /opt/airflow/dags/tmdb_daily_dag.py
[2026-03-28T18:33:10.626+0000] {processor.py:840} INFO - DAG(s) 'tmdb_raw_pipeline' retrieved from /opt/airflow/dags/tmdb_daily_dag.py
[2026-03-28T18:33:10.641+0000] {logging_mixin.py:188} INFO - [2026-03-28T18:33:10.641+0000] {dag.py:3096} INFO - Sync 1 DAGs
[2026-03-28T18:33:10.654+0000] {logging_mixin.py:188} INFO - [2026-03-28T18:33:10.654+0000] {dag.py:3954} INFO - Setting next_dagrun for tmdb_raw_pipeline to 2026-03-28 00:00:00+00:00, run_after=2026-03-29 00:00:00+00:00
[2026-03-28T18:33:10.664+0000] {processor.py:183} INFO - Processing /opt/airflow/dags/tmdb_daily_dag.py took 0.048 seconds
[2026-03-28T18:33:41.130+0000] {processor.py:161} INFO - Started process (PID=46368) to work on /opt/airflow/dags/tmdb_daily_dag.py
[2026-03-28T18:33:41.131+0000] {processor.py:830} INFO - Processing file /opt/airflow/dags/tmdb_daily_dag.py for tasks to queue
[2026-03-28T18:33:41.132+0000] {logging_mixin.py:188} INFO - [2026-03-28T18:33:41.131+0000] {dagbag.py:545} INFO - Filling up the DagBag from /opt/airflow/dags/tmdb_daily_dag.py
[2026-03-28T18:33:41.139+0000] {processor.py:840} INFO - DAG(s) 'tmdb_raw_pipeline' retrieved from /opt/airflow/dags/tmdb_daily_dag.py
[2026-03-28T18:33:41.148+0000] {logging_mixin.py:188} INFO - [2026-03-28T18:33:41.148+0000] {dag.py:3096} INFO - Sync 1 DAGs
[2026-03-28T18:33:41.160+0000] {logging_mixin.py:188} INFO - [2026-03-28T18:33:41.160+0000] {dag.py:3954} INFO - Setting next_dagrun for tmdb_raw_pipeline to 2026-03-28 00:00:00+00:00, run_after=2026-03-29 00:00:00+00:00
[2026-03-28T18:33:41.166+0000] {processor.py:183} INFO - Processing /opt/airflow/dags/tmdb_daily_dag.py took 0.039 seconds
[2026-03-28T18:34:11.627+0000] {processor.py:161} INFO - Started process (PID=46388) to work on /opt/airflow/dags/tmdb_daily_dag.py
[2026-03-28T18:34:11.629+0000] {processor.py:830} INFO - Processing file /opt/airflow/dags/tmdb_daily_dag.py for tasks to queue
[2026-03-28T18:34:11.629+0000] {logging_mixin.py:188} INFO - [2026-03-28T18:34:11.629+0000] {dagbag.py:545} INFO - Filling up the DagBag from /opt/airflow/dags/tmdb_daily_dag.py
[2026-03-28T18:34:11.636+0000] {processor.py:840} INFO - DAG(s) 'tmdb_raw_pipeline' retrieved from /opt/airflow/dags/tmdb_daily_dag.py
[2026-03-28T18:34:11.646+0000] {logging_mixin.py:188} INFO - [2026-03-28T18:34:11.646+0000] {dag.py:3096} INFO - Sync 1 DAGs
[2026-03-28T18:34:11.656+0000] {logging_mixin.py:188} INFO - [2026-03-28T18:34:11.656+0000] {dag.py:3954} INFO - Setting next_dagrun for tmdb_raw_pipeline to 2026-03-28 00:00:00+00:00, run_after=2026-03-29 00:00:00+00:00
[2026-03-28T18:34:11.662+0000] {processor.py:183} INFO - Processing /opt/airflow/dags/tmdb_daily_dag.py took 0.038 seconds
[2026-03-28T18:34:42.182+0000] {processor.py:161} INFO - Started process (PID=46408) to work on /opt/airflow/dags/tmdb_daily_dag.py
[2026-03-28T18:34:42.184+0000] {processor.py:830} INFO - Processing file /opt/airflow/dags/tmdb_daily_dag.py for tasks to queue
[2026-03-28T18:34:42.184+0000] {logging_mixin.py:188} INFO - [2026-03-28T18:34:42.184+0000] {dagbag.py:545} INFO - Filling up the DagBag from /opt/airflow/dags/tmdb_daily_dag.py
[2026-03-28T18:34:42.190+0000] {processor.py:840} INFO - DAG(s) 'tmdb_raw_pipeline' retrieved from /opt/airflow/dags/tmdb_daily_dag.py
[2026-03-28T18:34:42.201+0000] {logging_mixin.py:188} INFO - [2026-03-28T18:34:42.200+0000] {dag.py:3096} INFO - Sync 1 DAGs
[2026-03-28T18:34:42.209+0000] {logging_mixin.py:188} INFO - [2026-03-28T18:34:42.209+0000] {dag.py:3954} INFO - Setting next_dagrun for tmdb_raw_pipeline to 2026-03-28 00:00:00+00:00, run_after=2026-03-29 00:00:00+00:00
[2026-03-28T18:34:42.216+0000] {processor.py:183} INFO - Processing /opt/airflow/dags/tmdb_daily_dag.py took 0.036 seconds
[2026-03-28T18:35:12.765+0000] {processor.py:161} INFO - Started process (PID=46428) to work on /opt/airflow/dags/tmdb_daily_dag.py
[2026-03-28T18:35:12.766+0000] {processor.py:830} INFO - Processing file /opt/airflow/dags/tmdb_daily_dag.py for tasks to queue
[2026-03-28T18:35:12.766+0000] {logging_mixin.py:188} INFO - [2026-03-28T18:35:12.766+0000] {dagbag.py:545} INFO - Filling up the DagBag from /opt/airflow/dags/tmdb_daily_dag.py
[2026-03-28T18:35:12.773+0000] {processor.py:840} INFO - DAG(s) 'tmdb_raw_pipeline' retrieved from /opt/airflow/dags/tmdb_daily_dag.py
[2026-03-28T18:35:12.786+0000] {logging_mixin.py:188} INFO - [2026-03-28T18:35:12.786+0000] {dag.py:3096} INFO - Sync 1 DAGs
[2026-03-28T18:35:12.796+0000] {logging_mixin.py:188} INFO - [2026-03-28T18:35:12.795+0000] {dag.py:3954} INFO - Setting next_dagrun for tmdb_raw_pipeline to 2026-03-28 00:00:00+00:00, run_after=2026-03-29 00:00:00+00:00
[2026-03-28T18:35:12.802+0000] {processor.py:183} INFO - Processing /opt/airflow/dags/tmdb_daily_dag.py took 0.041 seconds
[2026-03-28T18:35:43.273+0000] {processor.py:161} INFO - Started process (PID=46448) to work on /opt/airflow/dags/tmdb_daily_dag.py
[2026-03-28T18:35:43.275+0000] {processor.py:830} INFO - Processing file /opt/airflow/dags/tmdb_daily_dag.py for tasks to queue
[2026-03-28T18:35:43.275+0000] {logging_mixin.py:188} INFO - [2026-03-28T18:35:43.275+0000] {dagbag.py:545} INFO - Filling up the DagBag from /opt/airflow/dags/tmdb_daily_dag.py
[2026-03-28T18:35:43.282+0000] {processor.py:840} INFO - DAG(s) 'tmdb_raw_pipeline' retrieved from /opt/airflow/dags/tmdb_daily_dag.py
[2026-03-28T18:35:43.292+0000] {logging_mixin.py:188} INFO - [2026-03-28T18:35:43.292+0000] {dag.py:3096} INFO - Sync 1 DAGs
[2026-03-28T18:35:43.302+0000] {logging_mixin.py:188} INFO - [2026-03-28T18:35:43.302+0000] {dag.py:3954} INFO - Setting next_dagrun for tmdb_raw_pipeline to 2026-03-28 00:00:00+00:00, run_after=2026-03-29 00:00:00+00:00
[2026-03-28T18:35:43.308+0000] {processor.py:183} INFO - Processing /opt/airflow/dags/tmdb_daily_dag.py took 0.038 seconds
[2026-03-28T18:36:13.686+0000] {processor.py:161} INFO - Started process (PID=46468) to work on /opt/airflow/dags/tmdb_daily_dag.py
[2026-03-28T18:36:13.688+0000] {processor.py:830} INFO - Processing file /opt/airflow/dags/tmdb_daily_dag.py for tasks to queue
[2026-03-28T18:36:13.688+0000] {logging_mixin.py:188} INFO - [2026-03-28T18:36:13.688+0000] {dagbag.py:545} INFO - Filling up the DagBag from /opt/airflow/dags/tmdb_daily_dag.py
[2026-03-28T18:36:13.696+0000] {processor.py:840} INFO - DAG(s) 'tmdb_raw_pipeline' retrieved from /opt/airflow/dags/tmdb_daily_dag.py
[2026-03-28T18:36:13.706+0000] {logging_mixin.py:188} INFO - [2026-03-28T18:36:13.706+0000] {dag.py:3096} INFO - Sync 1 DAGs
[2026-03-28T18:36:13.714+0000] {logging_mixin.py:188} INFO - [2026-03-28T18:36:13.714+0000] {dag.py:3954} INFO - Setting next_dagrun for tmdb_raw_pipeline to 2026-03-28 00:00:00+00:00, run_after=2026-03-29 00:00:00+00:00
[2026-03-28T18:36:13.720+0000] {processor.py:183} INFO - Processing /opt/airflow/dags/tmdb_daily_dag.py took 0.037 seconds
[2026-03-28T18:36:44.254+0000] {processor.py:161} INFO - Started process (PID=46488) to work on /opt/airflow/dags/tmdb_daily_dag.py
[2026-03-28T18:36:44.254+0000] {processor.py:830} INFO - Processing file /opt/airflow/dags/tmdb_daily_dag.py for tasks to queue
[2026-03-28T18:36:44.255+0000] {logging_mixin.py:188} INFO - [2026-03-28T18:36:44.255+0000] {dagbag.py:545} INFO - Filling up the DagBag from /opt/airflow/dags/tmdb_daily_dag.py
[2026-03-28T18:36:44.261+0000] {processor.py:840} INFO - DAG(s) 'tmdb_raw_pipeline' retrieved from /opt/airflow/dags/tmdb_daily_dag.py
[2026-03-28T18:36:44.271+0000] {logging_mixin.py:188} INFO - [2026-03-28T18:36:44.271+0000] {dag.py:3096} INFO - Sync 1 DAGs
[2026-03-28T18:36:44.280+0000] {logging_mixin.py:188} INFO - [2026-03-28T18:36:44.280+0000] {dag.py:3954} INFO - Setting next_dagrun for tmdb_raw_pipeline to 2026-03-28 00:00:00+00:00, run_after=2026-03-29 00:00:00+00:00
[2026-03-28T18:36:44.287+0000] {processor.py:183} INFO - Processing /opt/airflow/dags/tmdb_daily_dag.py took 0.035 seconds
[2026-03-28T18:37:14.676+0000] {processor.py:161} INFO - Started process (PID=46508) to work on /opt/airflow/dags/tmdb_daily_dag.py
[2026-03-28T18:37:14.677+0000] {processor.py:830} INFO - Processing file /opt/airflow/dags/tmdb_daily_dag.py for tasks to queue
[2026-03-28T18:37:14.677+0000] {logging_mixin.py:188} INFO - [2026-03-28T18:37:14.677+0000] {dagbag.py:545} INFO - Filling up the DagBag from /opt/airflow/dags/tmdb_daily_dag.py
[2026-03-28T18:37:14.682+0000] {processor.py:840} INFO - DAG(s) 'tmdb_raw_pipeline' retrieved from /opt/airflow/dags/tmdb_daily_dag.py
[2026-03-28T18:37:14.692+0000] {logging_mixin.py:188} INFO - [2026-03-28T18:37:14.692+0000] {dag.py:3096} INFO - Sync 1 DAGs
[2026-03-28T18:37:14.700+0000] {logging_mixin.py:188} INFO - [2026-03-28T18:37:14.700+0000] {dag.py:3954} INFO - Setting next_dagrun for tmdb_raw_pipeline to 2026-03-28 00:00:00+00:00, run_after=2026-03-29 00:00:00+00:00
[2026-03-28T18:37:14.706+0000] {processor.py:183} INFO - Processing /opt/airflow/dags/tmdb_daily_dag.py took 0.032 seconds
[2026-03-28T18:37:45.158+0000] {processor.py:161} INFO - Started process (PID=46528) to work on /opt/airflow/dags/tmdb_daily_dag.py
[2026-03-28T18:37:45.159+0000] {processor.py:830} INFO - Processing file /opt/airflow/dags/tmdb_daily_dag.py for tasks to queue
[2026-03-28T18:37:45.159+0000] {logging_mixin.py:188} INFO - [2026-03-28T18:37:45.159+0000] {dagbag.py:545} INFO - Filling up the DagBag from /opt/airflow/dags/tmdb_daily_dag.py
[2026-03-28T18:37:45.165+0000] {processor.py:840} INFO - DAG(s) 'tmdb_raw_pipeline' retrieved from /opt/airflow/dags/tmdb_daily_dag.py
[2026-03-28T18:37:45.174+0000] {logging_mixin.py:188} INFO - [2026-03-28T18:37:45.174+0000] {dag.py:3096} INFO - Sync 1 DAGs
[2026-03-28T18:37:45.183+0000] {logging_mixin.py:188} INFO - [2026-03-28T18:37:45.183+0000] {dag.py:3954} INFO - Setting next_dagrun for tmdb_raw_pipeline to 2026-03-28 00:00:00+00:00, run_after=2026-03-29 00:00:00+00:00
[2026-03-28T18:37:45.189+0000] {processor.py:183} INFO - Processing /opt/airflow/dags/tmdb_daily_dag.py took 0.033 seconds
[2026-03-28T18:38:15.598+0000] {processor.py:161} INFO - Started process (PID=46548) to work on /opt/airflow/dags/tmdb_daily_dag.py
[2026-03-28T18:38:15.599+0000] {processor.py:830} INFO - Processing file /opt/airflow/dags/tmdb_daily_dag.py for tasks to queue
[2026-03-28T18:38:15.599+0000] {logging_mixin.py:188} INFO - [2026-03-28T18:38:15.599+0000] {dagbag.py:545} INFO - Filling up the DagBag from /opt/airflow/dags/tmdb_daily_dag.py
[2026-03-28T18:38:15.605+0000] {processor.py:840} INFO - DAG(s) 'tmdb_raw_pipeline' retrieved from /opt/airflow/dags/tmdb_daily_dag.py
[2026-03-28T18:38:15.614+0000] {logging_mixin.py:188} INFO - [2026-03-28T18:38:15.614+0000] {dag.py:3096} INFO - Sync 1 DAGs
[2026-03-28T18:38:15.623+0000] {logging_mixin.py:188} INFO - [2026-03-28T18:38:15.623+0000] {dag.py:3954} INFO - Setting next_dagrun for tmdb_raw_pipeline to 2026-03-28 00:00:00+00:00, run_after=2026-03-29 00:00:00+00:00
[2026-03-28T18:38:15.629+0000] {processor.py:183} INFO - Processing /opt/airflow/dags/tmdb_daily_dag.py took 0.033 seconds
[2026-03-28T18:38:46.139+0000] {processor.py:161} INFO - Started process (PID=46568) to work on /opt/airflow/dags/tmdb_daily_dag.py
[2026-03-28T18:38:46.140+0000] {processor.py:830} INFO - Processing file /opt/airflow/dags/tmdb_daily_dag.py for tasks to queue
[2026-03-28T18:38:46.141+0000] {logging_mixin.py:188} INFO - [2026-03-28T18:38:46.141+0000] {dagbag.py:545} INFO - Filling up the DagBag from /opt/airflow/dags/tmdb_daily_dag.py
[2026-03-28T18:38:46.146+0000] {processor.py:840} INFO - DAG(s) 'tmdb_raw_pipeline' retrieved from /opt/airflow/dags/tmdb_daily_dag.py
[2026-03-28T18:38:46.155+0000] {logging_mixin.py:188} INFO - [2026-03-28T18:38:46.155+0000] {dag.py:3096} INFO - Sync 1 DAGs
[2026-03-28T18:38:46.164+0000] {logging_mixin.py:188} INFO - [2026-03-28T18:38:46.163+0000] {dag.py:3954} INFO - Setting next_dagrun for tmdb_raw_pipeline to 2026-03-28 00:00:00+00:00, run_after=2026-03-29 00:00:00+00:00
[2026-03-28T18:38:46.170+0000] {processor.py:183} INFO - Processing /opt/airflow/dags/tmdb_daily_dag.py took 0.035 seconds
[2026-03-28T18:39:16.561+0000] {processor.py:161} INFO - Started process (PID=46588) to work on /opt/airflow/dags/tmdb_daily_dag.py
[2026-03-28T18:39:16.562+0000] {processor.py:830} INFO - Processing file /opt/airflow/dags/tmdb_daily_dag.py for tasks to queue
[2026-03-28T18:39:16.562+0000] {logging_mixin.py:188} INFO - [2026-03-28T18:39:16.562+0000] {dagbag.py:545} INFO - Filling up the DagBag from /opt/airflow/dags/tmdb_daily_dag.py
[2026-03-28T18:39:16.567+0000] {processor.py:840} INFO - DAG(s) 'tmdb_raw_pipeline' retrieved from /opt/airflow/dags/tmdb_daily_dag.py
[2026-03-28T18:39:16.576+0000] {logging_mixin.py:188} INFO - [2026-03-28T18:39:16.576+0000] {dag.py:3096} INFO - Sync 1 DAGs
[2026-03-28T18:39:16.583+0000] {logging_mixin.py:188} INFO - [2026-03-28T18:39:16.583+0000] {dag.py:3954} INFO - Setting next_dagrun for tmdb_raw_pipeline to 2026-03-28 00:00:00+00:00, run_after=2026-03-29 00:00:00+00:00
[2026-03-28T18:39:16.589+0000] {processor.py:183} INFO - Processing /opt/airflow/dags/tmdb_daily_dag.py took 0.031 seconds
[2026-03-28T18:39:47.068+0000] {processor.py:161} INFO - Started process (PID=46608) to work on /opt/airflow/dags/tmdb_daily_dag.py
[2026-03-28T18:39:47.070+0000] {processor.py:830} INFO - Processing file /opt/airflow/dags/tmdb_daily_dag.py for tasks to queue
[2026-03-28T18:39:47.070+0000] {logging_mixin.py:188} INFO - [2026-03-28T18:39:47.070+0000] {dagbag.py:545} INFO - Filling up the DagBag from /opt/airflow/dags/tmdb_daily_dag.py
[2026-03-28T18:39:47.075+0000] {processor.py:840} INFO - DAG(s) 'tmdb_raw_pipeline' retrieved from /opt/airflow/dags/tmdb_daily_dag.py
[2026-03-28T18:39:47.085+0000] {logging_mixin.py:188} INFO - [2026-03-28T18:39:47.085+0000] {dag.py:3096} INFO - Sync 1 DAGs
[2026-03-28T18:39:47.093+0000] {logging_mixin.py:188} INFO - [2026-03-28T18:39:47.093+0000] {dag.py:3954} INFO - Setting next_dagrun for tmdb_raw_pipeline to 2026-03-28 00:00:00+00:00, run_after=2026-03-29 00:00:00+00:00
[2026-03-28T18:39:47.099+0000] {processor.py:183} INFO - Processing /opt/airflow/dags/tmdb_daily_dag.py took 0.033 seconds
[2026-03-28T18:40:17.496+0000] {processor.py:161} INFO - Started process (PID=46626) to work on /opt/airflow/dags/tmdb_daily_dag.py
[2026-03-28T18:40:17.497+0000] {processor.py:830} INFO - Processing file /opt/airflow/dags/tmdb_daily_dag.py for tasks to queue
[2026-03-28T18:40:17.497+0000] {logging_mixin.py:188} INFO - [2026-03-28T18:40:17.497+0000] {dagbag.py:545} INFO - Filling up the DagBag from /opt/airflow/dags/tmdb_daily_dag.py
[2026-03-28T18:40:17.503+0000] {processor.py:840} INFO - DAG(s) 'tmdb_raw_pipeline' retrieved from /opt/airflow/dags/tmdb_daily_dag.py
[2026-03-28T18:40:17.517+0000] {logging_mixin.py:188} INFO - [2026-03-28T18:40:17.516+0000] {dag.py:3096} INFO - Sync 1 DAGs
[2026-03-28T18:40:17.529+0000] {logging_mixin.py:188} INFO - [2026-03-28T18:40:17.529+0000] {dag.py:3954} INFO - Setting next_dagrun for tmdb_raw_pipeline to 2026-03-28 00:00:00+00:00, run_after=2026-03-29 00:00:00+00:00
[2026-03-28T18:40:17.539+0000] {processor.py:183} INFO - Processing /opt/airflow/dags/tmdb_daily_dag.py took 0.045 seconds
[2026-03-28T18:40:47.994+0000] {processor.py:161} INFO - Started process (PID=46648) to work on /opt/airflow/dags/tmdb_daily_dag.py
[2026-03-28T18:40:47.997+0000] {processor.py:830} INFO - Processing file /opt/airflow/dags/tmdb_daily_dag.py for tasks to queue
[2026-03-28T18:40:47.997+0000] {logging_mixin.py:188} INFO - [2026-03-28T18:40:47.997+0000] {dagbag.py:545} INFO - Filling up the DagBag from /opt/airflow/dags/tmdb_daily_dag.py
[2026-03-28T18:40:48.004+0000] {processor.py:840} INFO - DAG(s) 'tmdb_raw_pipeline' retrieved from /opt/airflow/dags/tmdb_daily_dag.py
[2026-03-28T18:40:48.014+0000] {logging_mixin.py:188} INFO - [2026-03-28T18:40:48.014+0000] {dag.py:3096} INFO - Sync 1 DAGs
[2026-03-28T18:40:48.022+0000] {logging_mixin.py:188} INFO - [2026-03-28T18:40:48.022+0000] {dag.py:3954} INFO - Setting next_dagrun for tmdb_raw_pipeline to 2026-03-28 00:00:00+00:00, run_after=2026-03-29 00:00:00+00:00
[2026-03-28T18:40:48.029+0000] {processor.py:183} INFO - Processing /opt/airflow/dags/tmdb_daily_dag.py took 0.039 seconds
[2026-03-28T18:41:18.515+0000] {processor.py:161} INFO - Started process (PID=46668) to work on /opt/airflow/dags/tmdb_daily_dag.py
[2026-03-28T18:41:18.516+0000] {processor.py:830} INFO - Processing file /opt/airflow/dags/tmdb_daily_dag.py for tasks to queue
[2026-03-28T18:41:18.516+0000] {logging_mixin.py:188} INFO - [2026-03-28T18:41:18.516+0000] {dagbag.py:545} INFO - Filling up the DagBag from /opt/airflow/dags/tmdb_daily_dag.py
[2026-03-28T18:41:18.523+0000] {processor.py:840} INFO - DAG(s) 'tmdb_raw_pipeline' retrieved from /opt/airflow/dags/tmdb_daily_dag.py
[2026-03-28T18:41:18.533+0000] {logging_mixin.py:188} INFO - [2026-03-28T18:41:18.533+0000] {dag.py:3096} INFO - Sync 1 DAGs
[2026-03-28T18:41:18.542+0000] {logging_mixin.py:188} INFO - [2026-03-28T18:41:18.542+0000] {dag.py:3954} INFO - Setting next_dagrun for tmdb_raw_pipeline to 2026-03-28 00:00:00+00:00, run_after=2026-03-29 00:00:00+00:00
[2026-03-28T18:41:18.548+0000] {processor.py:183} INFO - Processing /opt/airflow/dags/tmdb_daily_dag.py took 0.036 seconds
[2026-03-28T18:41:49.057+0000] {processor.py:161} INFO - Started process (PID=46688) to work on /opt/airflow/dags/tmdb_daily_dag.py
[2026-03-28T18:41:49.057+0000] {processor.py:830} INFO - Processing file /opt/airflow/dags/tmdb_daily_dag.py for tasks to queue
[2026-03-28T18:41:49.058+0000] {logging_mixin.py:188} INFO - [2026-03-28T18:41:49.058+0000] {dagbag.py:545} INFO - Filling up the DagBag from /opt/airflow/dags/tmdb_daily_dag.py
[2026-03-28T18:41:49.065+0000] {processor.py:840} INFO - DAG(s) 'tmdb_raw_pipeline' retrieved from /opt/airflow/dags/tmdb_daily_dag.py
[2026-03-28T18:41:49.074+0000] {logging_mixin.py:188} INFO - [2026-03-28T18:41:49.074+0000] {dag.py:3096} INFO - Sync 1 DAGs
[2026-03-28T18:41:49.082+0000] {logging_mixin.py:188} INFO - [2026-03-28T18:41:49.082+0000] {dag.py:3954} INFO - Setting next_dagrun for tmdb_raw_pipeline to 2026-03-28 00:00:00+00:00, run_after=2026-03-29 00:00:00+00:00
[2026-03-28T18:41:49.088+0000] {processor.py:183} INFO - Processing /opt/airflow/dags/tmdb_daily_dag.py took 0.034 seconds
[2026-03-28T18:42:19.486+0000] {processor.py:161} INFO - Started process (PID=46708) to work on /opt/airflow/dags/tmdb_daily_dag.py
[2026-03-28T18:42:19.487+0000] {processor.py:830} INFO - Processing file /opt/airflow/dags/tmdb_daily_dag.py for tasks to queue
[2026-03-28T18:42:19.488+0000] {logging_mixin.py:188} INFO - [2026-03-28T18:42:19.487+0000] {dagbag.py:545} INFO - Filling up the DagBag from /opt/airflow/dags/tmdb_daily_dag.py
[2026-03-28T18:42:19.492+0000] {processor.py:840} INFO - DAG(s) 'tmdb_raw_pipeline' retrieved from /opt/airflow/dags/tmdb_daily_dag.py
[2026-03-28T18:42:19.501+0000] {logging_mixin.py:188} INFO - [2026-03-28T18:42:19.501+0000] {dag.py:3096} INFO - Sync 1 DAGs
[2026-03-28T18:42:19.509+0000] {logging_mixin.py:188} INFO - [2026-03-28T18:42:19.509+0000] {dag.py:3954} INFO - Setting next_dagrun for tmdb_raw_pipeline to 2026-03-28 00:00:00+00:00, run_after=2026-03-29 00:00:00+00:00
[2026-03-28T18:42:19.515+0000] {processor.py:183} INFO - Processing /opt/airflow/dags/tmdb_daily_dag.py took 0.033 seconds
[2026-03-28T18:42:50.002+0000] {processor.py:161} INFO - Started process (PID=46728) to work on /opt/airflow/dags/tmdb_daily_dag.py
[2026-03-28T18:42:50.003+0000] {processor.py:830} INFO - Processing file /opt/airflow/dags/tmdb_daily_dag.py for tasks to queue
[2026-03-28T18:42:50.003+0000] {logging_mixin.py:188} INFO - [2026-03-28T18:42:50.003+0000] {dagbag.py:545} INFO - Filling up the DagBag from /opt/airflow/dags/tmdb_daily_dag.py
[2026-03-28T18:42:50.010+0000] {processor.py:840} INFO - DAG(s) 'tmdb_raw_pipeline' retrieved from /opt/airflow/dags/tmdb_daily_dag.py
[2026-03-28T18:42:50.020+0000] {logging_mixin.py:188} INFO - [2026-03-28T18:42:50.020+0000] {dag.py:3096} INFO - Sync 1 DAGs
[2026-03-28T18:42:50.028+0000] {logging_mixin.py:188} INFO - [2026-03-28T18:42:50.028+0000] {dag.py:3954} INFO - Setting next_dagrun for tmdb_raw_pipeline to 2026-03-28 00:00:00+00:00, run_after=2026-03-29 00:00:00+00:00
[2026-03-28T18:42:50.035+0000] {processor.py:183} INFO - Processing /opt/airflow/dags/tmdb_daily_dag.py took 0.038 seconds
[2026-03-28T18:43:20.505+0000] {processor.py:161} INFO - Started process (PID=46748) to work on /opt/airflow/dags/tmdb_daily_dag.py
[2026-03-28T18:43:20.506+0000] {processor.py:830} INFO - Processing file /opt/airflow/dags/tmdb_daily_dag.py for tasks to queue
[2026-03-28T18:43:20.507+0000] {logging_mixin.py:188} INFO - [2026-03-28T18:43:20.506+0000] {dagbag.py:545} INFO - Filling up the DagBag from /opt/airflow/dags/tmdb_daily_dag.py
[2026-03-28T18:43:20.514+0000] {processor.py:840} INFO - DAG(s) 'tmdb_raw_pipeline' retrieved from /opt/airflow/dags/tmdb_daily_dag.py
[2026-03-28T18:43:20.528+0000] {logging_mixin.py:188} INFO - [2026-03-28T18:43:20.528+0000] {dag.py:3096} INFO - Sync 1 DAGs
[2026-03-28T18:43:20.537+0000] {logging_mixin.py:188} INFO - [2026-03-28T18:43:20.537+0000] {dag.py:3954} INFO - Setting next_dagrun for tmdb_raw_pipeline to 2026-03-28 00:00:00+00:00, run_after=2026-03-29 00:00:00+00:00
[2026-03-28T18:43:20.543+0000] {processor.py:183} INFO - Processing /opt/airflow/dags/tmdb_daily_dag.py took 0.041 seconds
[2026-03-28T18:43:50.975+0000] {processor.py:161} INFO - Started process (PID=46768) to work on /opt/airflow/dags/tmdb_daily_dag.py
[2026-03-28T18:43:50.976+0000] {processor.py:830} INFO - Processing file /opt/airflow/dags/tmdb_daily_dag.py for tasks to queue
[2026-03-28T18:43:50.976+0000] {logging_mixin.py:188} INFO - [2026-03-28T18:43:50.976+0000] {dagbag.py:545} INFO - Filling up the DagBag from /opt/airflow/dags/tmdb_daily_dag.py
[2026-03-28T18:43:50.982+0000] {processor.py:840} INFO - DAG(s) 'tmdb_raw_pipeline' retrieved from /opt/airflow/dags/tmdb_daily_dag.py
[2026-03-28T18:43:50.992+0000] {logging_mixin.py:188} INFO - [2026-03-28T18:43:50.992+0000] {dag.py:3096} INFO - Sync 1 DAGs
[2026-03-28T18:43:51.000+0000] {logging_mixin.py:188} INFO - [2026-03-28T18:43:51.000+0000] {dag.py:3954} INFO - Setting next_dagrun for tmdb_raw_pipeline to 2026-03-28 00:00:00+00:00, run_after=2026-03-29 00:00:00+00:00
[2026-03-28T18:43:51.005+0000] {processor.py:183} INFO - Processing /opt/airflow/dags/tmdb_daily_dag.py took 0.035 seconds
[2026-03-28T18:44:21.516+0000] {processor.py:161} INFO - Started process (PID=46788) to work on /opt/airflow/dags/tmdb_daily_dag.py
[2026-03-28T18:44:21.517+0000] {processor.py:830} INFO - Processing file /opt/airflow/dags/tmdb_daily_dag.py for tasks to queue
[2026-03-28T18:44:21.517+0000] {logging_mixin.py:188} INFO - [2026-03-28T18:44:21.517+0000] {dagbag.py:545} INFO - Filling up the DagBag from /opt/airflow/dags/tmdb_daily_dag.py
[2026-03-28T18:44:21.526+0000] {processor.py:840} INFO - DAG(s) 'tmdb_raw_pipeline' retrieved from /opt/airflow/dags/tmdb_daily_dag.py
[2026-03-28T18:44:21.539+0000] {logging_mixin.py:188} INFO - [2026-03-28T18:44:21.539+0000] {dag.py:3096} INFO - Sync 1 DAGs
[2026-03-28T18:44:21.555+0000] {logging_mixin.py:188} INFO - [2026-03-28T18:44:21.555+0000] {dag.py:3954} INFO - Setting next_dagrun for tmdb_raw_pipeline to 2026-03-28 00:00:00+00:00, run_after=2026-03-29 00:00:00+00:00
[2026-03-28T18:44:21.567+0000] {processor.py:183} INFO - Processing /opt/airflow/dags/tmdb_daily_dag.py took 0.054 seconds
[2026-03-28T18:44:51.930+0000] {processor.py:161} INFO - Started process (PID=46808) to work on /opt/airflow/dags/tmdb_daily_dag.py
[2026-03-28T18:44:51.930+0000] {processor.py:830} INFO - Processing file /opt/airflow/dags/tmdb_daily_dag.py for tasks to queue
[2026-03-28T18:44:51.931+0000] {logging_mixin.py:188} INFO - [2026-03-28T18:44:51.930+0000] {dagbag.py:545} INFO - Filling up the DagBag from /opt/airflow/dags/tmdb_daily_dag.py
[2026-03-28T18:44:51.936+0000] {processor.py:840} INFO - DAG(s) 'tmdb_raw_pipeline' retrieved from /opt/airflow/dags/tmdb_daily_dag.py
[2026-03-28T18:44:51.946+0000] {logging_mixin.py:188} INFO - [2026-03-28T18:44:51.946+0000] {dag.py:3096} INFO - Sync 1 DAGs
[2026-03-28T18:44:51.953+0000] {logging_mixin.py:188} INFO - [2026-03-28T18:44:51.953+0000] {dag.py:3954} INFO - Setting next_dagrun for tmdb_raw_pipeline to 2026-03-28 00:00:00+00:00, run_after=2026-03-29 00:00:00+00:00
[2026-03-28T18:44:51.959+0000] {processor.py:183} INFO - Processing /opt/airflow/dags/tmdb_daily_dag.py took 0.032 seconds
[2026-03-28T18:45:22.498+0000] {processor.py:161} INFO - Started process (PID=46828) to work on /opt/airflow/dags/tmdb_daily_dag.py
[2026-03-28T18:45:22.498+0000] {processor.py:830} INFO - Processing file /opt/airflow/dags/tmdb_daily_dag.py for tasks to queue
[2026-03-28T18:45:22.499+0000] {logging_mixin.py:188} INFO - [2026-03-28T18:45:22.499+0000] {dagbag.py:545} INFO - Filling up the DagBag from /opt/airflow/dags/tmdb_daily_dag.py
[2026-03-28T18:45:22.505+0000] {processor.py:840} INFO - DAG(s) 'tmdb_raw_pipeline' retrieved from /opt/airflow/dags/tmdb_daily_dag.py
[2026-03-28T18:45:22.517+0000] {logging_mixin.py:188} INFO - [2026-03-28T18:45:22.517+0000] {dag.py:3096} INFO - Sync 1 DAGs
[2026-03-28T18:45:22.526+0000] {logging_mixin.py:188} INFO - [2026-03-28T18:45:22.526+0000] {dag.py:3954} INFO - Setting next_dagrun for tmdb_raw_pipeline to 2026-03-28 00:00:00+00:00, run_after=2026-03-29 00:00:00+00:00
[2026-03-28T18:45:22.533+0000] {processor.py:183} INFO - Processing /opt/airflow/dags/tmdb_daily_dag.py took 0.038 seconds
[2026-03-28T18:45:52.976+0000] {processor.py:161} INFO - Started process (PID=46848) to work on /opt/airflow/dags/tmdb_daily_dag.py
[2026-03-28T18:45:52.977+0000] {processor.py:830} INFO - Processing file /opt/airflow/dags/tmdb_daily_dag.py for tasks to queue
[2026-03-28T18:45:52.977+0000] {logging_mixin.py:188} INFO - [2026-03-28T18:45:52.977+0000] {dagbag.py:545} INFO - Filling up the DagBag from /opt/airflow/dags/tmdb_daily_dag.py
[2026-03-28T18:45:52.982+0000] {processor.py:840} INFO - DAG(s) 'tmdb_raw_pipeline' retrieved from /opt/airflow/dags/tmdb_daily_dag.py
[2026-03-28T18:45:52.991+0000] {logging_mixin.py:188} INFO - [2026-03-28T18:45:52.991+0000] {dag.py:3096} INFO - Sync 1 DAGs
[2026-03-28T18:45:52.999+0000] {logging_mixin.py:188} INFO - [2026-03-28T18:45:52.998+0000] {dag.py:3954} INFO - Setting next_dagrun for tmdb_raw_pipeline to 2026-03-28 00:00:00+00:00, run_after=2026-03-29 00:00:00+00:00
[2026-03-28T18:45:53.004+0000] {processor.py:183} INFO - Processing /opt/airflow/dags/tmdb_daily_dag.py took 0.031 seconds
[2026-03-28T18:46:23.511+0000] {processor.py:161} INFO - Started process (PID=46868) to work on /opt/airflow/dags/tmdb_daily_dag.py
[2026-03-28T18:46:23.512+0000] {processor.py:830} INFO - Processing file /opt/airflow/dags/tmdb_daily_dag.py for tasks to queue
[2026-03-28T18:46:23.512+0000] {logging_mixin.py:188} INFO - [2026-03-28T18:46:23.512+0000] {dagbag.py:545} INFO - Filling up the DagBag from /opt/airflow/dags/tmdb_daily_dag.py
[2026-03-28T18:46:23.518+0000] {processor.py:840} INFO - DAG(s) 'tmdb_raw_pipeline' retrieved from /opt/airflow/dags/tmdb_daily_dag.py
[2026-03-28T18:46:23.529+0000] {logging_mixin.py:188} INFO - [2026-03-28T18:46:23.529+0000] {dag.py:3096} INFO - Sync 1 DAGs
[2026-03-28T18:46:23.538+0000] {logging_mixin.py:188} INFO - [2026-03-28T18:46:23.538+0000] {dag.py:3954} INFO - Setting next_dagrun for tmdb_raw_pipeline to 2026-03-28 00:00:00+00:00, run_after=2026-03-29 00:00:00+00:00
[2026-03-28T18:46:23.544+0000] {processor.py:183} INFO - Processing /opt/airflow/dags/tmdb_daily_dag.py took 0.035 seconds
[2026-03-28T18:46:53.969+0000] {processor.py:161} INFO - Started process (PID=46888) to work on /opt/airflow/dags/tmdb_daily_dag.py
[2026-03-28T18:46:53.970+0000] {processor.py:830} INFO - Processing file /opt/airflow/dags/tmdb_daily_dag.py for tasks to queue
[2026-03-28T18:46:53.971+0000] {logging_mixin.py:188} INFO - [2026-03-28T18:46:53.971+0000] {dagbag.py:545} INFO - Filling up the DagBag from /opt/airflow/dags/tmdb_daily_dag.py
[2026-03-28T18:46:53.977+0000] {processor.py:840} INFO - DAG(s) 'tmdb_raw_pipeline' retrieved from /opt/airflow/dags/tmdb_daily_dag.py
[2026-03-28T18:46:53.987+0000] {logging_mixin.py:188} INFO - [2026-03-28T18:46:53.987+0000] {dag.py:3096} INFO - Sync 1 DAGs
[2026-03-28T18:46:53.995+0000] {logging_mixin.py:188} INFO - [2026-03-28T18:46:53.995+0000] {dag.py:3954} INFO - Setting next_dagrun for tmdb_raw_pipeline to 2026-03-28 00:00:00+00:00, run_after=2026-03-29 00:00:00+00:00
[2026-03-28T18:46:54.002+0000] {processor.py:183} INFO - Processing /opt/airflow/dags/tmdb_daily_dag.py took 0.035 seconds
[2026-03-28T18:47:24.445+0000] {processor.py:161} INFO - Started process (PID=46908) to work on /opt/airflow/dags/tmdb_daily_dag.py
[2026-03-28T18:47:24.446+0000] {processor.py:830} INFO - Processing file /opt/airflow/dags/tmdb_daily_dag.py for tasks to queue
[2026-03-28T18:47:24.446+0000] {logging_mixin.py:188} INFO - [2026-03-28T18:47:24.446+0000] {dagbag.py:545} INFO - Filling up the DagBag from /opt/airflow/dags/tmdb_daily_dag.py
[2026-03-28T18:47:24.453+0000] {processor.py:840} INFO - DAG(s) 'tmdb_raw_pipeline' retrieved from /opt/airflow/dags/tmdb_daily_dag.py
[2026-03-28T18:47:24.463+0000] {logging_mixin.py:188} INFO - [2026-03-28T18:47:24.463+0000] {dag.py:3096} INFO - Sync 1 DAGs
[2026-03-28T18:47:24.473+0000] {logging_mixin.py:188} INFO - [2026-03-28T18:47:24.473+0000] {dag.py:3954} INFO - Setting next_dagrun for tmdb_raw_pipeline to 2026-03-28 00:00:00+00:00, run_after=2026-03-29 00:00:00+00:00
[2026-03-28T18:47:24.479+0000] {processor.py:183} INFO - Processing /opt/airflow/dags/tmdb_daily_dag.py took 0.036 seconds
[2026-03-28T18:47:54.901+0000] {processor.py:161} INFO - Started process (PID=46928) to work on /opt/airflow/dags/tmdb_daily_dag.py
[2026-03-28T18:47:54.902+0000] {processor.py:830} INFO - Processing file /opt/airflow/dags/tmdb_daily_dag.py for tasks to queue
[2026-03-28T18:47:54.902+0000] {logging_mixin.py:188} INFO - [2026-03-28T18:47:54.902+0000] {dagbag.py:545} INFO - Filling up the DagBag from /opt/airflow/dags/tmdb_daily_dag.py
[2026-03-28T18:47:54.908+0000] {processor.py:840} INFO - DAG(s) 'tmdb_raw_pipeline' retrieved from /opt/airflow/dags/tmdb_daily_dag.py
[2026-03-28T18:47:54.917+0000] {logging_mixin.py:188} INFO - [2026-03-28T18:47:54.917+0000] {dag.py:3096} INFO - Sync 1 DAGs
[2026-03-28T18:47:54.925+0000] {logging_mixin.py:188} INFO - [2026-03-28T18:47:54.925+0000] {dag.py:3954} INFO - Setting next_dagrun for tmdb_raw_pipeline to 2026-03-28 00:00:00+00:00, run_after=2026-03-29 00:00:00+00:00
[2026-03-28T18:47:54.930+0000] {processor.py:183} INFO - Processing /opt/airflow/dags/tmdb_daily_dag.py took 0.034 seconds
[2026-03-28T18:48:25.465+0000] {processor.py:161} INFO - Started process (PID=46948) to work on /opt/airflow/dags/tmdb_daily_dag.py
[2026-03-28T18:48:25.467+0000] {processor.py:830} INFO - Processing file /opt/airflow/dags/tmdb_daily_dag.py for tasks to queue
[2026-03-28T18:48:25.467+0000] {logging_mixin.py:188} INFO - [2026-03-28T18:48:25.467+0000] {dagbag.py:545} INFO - Filling up the DagBag from /opt/airflow/dags/tmdb_daily_dag.py
[2026-03-28T18:48:25.473+0000] {processor.py:840} INFO - DAG(s) 'tmdb_raw_pipeline' retrieved from /opt/airflow/dags/tmdb_daily_dag.py
[2026-03-28T18:48:25.483+0000] {logging_mixin.py:188} INFO - [2026-03-28T18:48:25.482+0000] {dag.py:3096} INFO - Sync 1 DAGs
[2026-03-28T18:48:25.491+0000] {logging_mixin.py:188} INFO - [2026-03-28T18:48:25.491+0000] {dag.py:3954} INFO - Setting next_dagrun for tmdb_raw_pipeline to 2026-03-28 00:00:00+00:00, run_after=2026-03-29 00:00:00+00:00
[2026-03-28T18:48:25.497+0000] {processor.py:183} INFO - Processing /opt/airflow/dags/tmdb_daily_dag.py took 0.034 seconds
[2026-03-28T18:48:56.018+0000] {processor.py:161} INFO - Started process (PID=46968) to work on /opt/airflow/dags/tmdb_daily_dag.py
[2026-03-28T18:48:56.019+0000] {processor.py:830} INFO - Processing file /opt/airflow/dags/tmdb_daily_dag.py for tasks to queue
[2026-03-28T18:48:56.019+0000] {logging_mixin.py:188} INFO - [2026-03-28T18:48:56.019+0000] {dagbag.py:545} INFO - Filling up the DagBag from /opt/airflow/dags/tmdb_daily_dag.py
[2026-03-28T18:48:56.026+0000] {processor.py:840} INFO - DAG(s) 'tmdb_raw_pipeline' retrieved from /opt/airflow/dags/tmdb_daily_dag.py
[2026-03-28T18:48:56.035+0000] {logging_mixin.py:188} INFO - [2026-03-28T18:48:56.035+0000] {dag.py:3096} INFO - Sync 1 DAGs
[2026-03-28T18:48:56.044+0000] {logging_mixin.py:188} INFO - [2026-03-28T18:48:56.043+0000] {dag.py:3954} INFO - Setting next_dagrun for tmdb_raw_pipeline to 2026-03-28 00:00:00+00:00, run_after=2026-03-29 00:00:00+00:00
[2026-03-28T18:48:56.050+0000] {processor.py:183} INFO - Processing /opt/airflow/dags/tmdb_daily_dag.py took 0.035 seconds
[2026-03-28T18:49:26.503+0000] {processor.py:161} INFO - Started process (PID=46988) to work on /opt/airflow/dags/tmdb_daily_dag.py
[2026-03-28T18:49:26.503+0000] {processor.py:830} INFO - Processing file /opt/airflow/dags/tmdb_daily_dag.py for tasks to queue
[2026-03-28T18:49:26.504+0000] {logging_mixin.py:188} INFO - [2026-03-28T18:49:26.504+0000] {dagbag.py:545} INFO - Filling up the DagBag from /opt/airflow/dags/tmdb_daily_dag.py
[2026-03-28T18:49:26.510+0000] {processor.py:840} INFO - DAG(s) 'tmdb_raw_pipeline' retrieved from /opt/airflow/dags/tmdb_daily_dag.py
[2026-03-28T18:49:26.520+0000] {logging_mixin.py:188} INFO - [2026-03-28T18:49:26.520+0000] {dag.py:3096} INFO - Sync 1 DAGs
[2026-03-28T18:49:26.528+0000] {logging_mixin.py:188} INFO - [2026-03-28T18:49:26.528+0000] {dag.py:3954} INFO - Setting next_dagrun for tmdb_raw_pipeline to 2026-03-28 00:00:00+00:00, run_after=2026-03-29 00:00:00+00:00
[2026-03-28T18:49:26.534+0000] {processor.py:183} INFO - Processing /opt/airflow/dags/tmdb_daily_dag.py took 0.034 seconds
[2026-03-28T18:49:56.941+0000] {processor.py:161} INFO - Started process (PID=47008) to work on /opt/airflow/dags/tmdb_daily_dag.py
[2026-03-28T18:49:56.942+0000] {processor.py:830} INFO - Processing file /opt/airflow/dags/tmdb_daily_dag.py for tasks to queue
[2026-03-28T18:49:56.942+0000] {logging_mixin.py:188} INFO - [2026-03-28T18:49:56.942+0000] {dagbag.py:545} INFO - Filling up the DagBag from /opt/airflow/dags/tmdb_daily_dag.py
[2026-03-28T18:49:56.947+0000] {processor.py:840} INFO - DAG(s) 'tmdb_raw_pipeline' retrieved from /opt/airflow/dags/tmdb_daily_dag.py
[2026-03-28T18:49:56.956+0000] {logging_mixin.py:188} INFO - [2026-03-28T18:49:56.956+0000] {dag.py:3096} INFO - Sync 1 DAGs
[2026-03-28T18:49:56.964+0000] {logging_mixin.py:188} INFO - [2026-03-28T18:49:56.964+0000] {dag.py:3954} INFO - Setting next_dagrun for tmdb_raw_pipeline to 2026-03-28 00:00:00+00:00, run_after=2026-03-29 00:00:00+00:00
[2026-03-28T18:49:56.969+0000] {processor.py:183} INFO - Processing /opt/airflow/dags/tmdb_daily_dag.py took 0.032 seconds
[2026-03-28T18:50:27.499+0000] {processor.py:161} INFO - Started process (PID=47028) to work on /opt/airflow/dags/tmdb_daily_dag.py
[2026-03-28T18:50:27.501+0000] {processor.py:830} INFO - Processing file /opt/airflow/dags/tmdb_daily_dag.py for tasks to queue
[2026-03-28T18:50:27.501+0000] {logging_mixin.py:188} INFO - [2026-03-28T18:50:27.501+0000] {dagbag.py:545} INFO - Filling up the DagBag from /opt/airflow/dags/tmdb_daily_dag.py
[2026-03-28T18:50:27.507+0000] {processor.py:840} INFO - DAG(s) 'tmdb_raw_pipeline' retrieved from /opt/airflow/dags/tmdb_daily_dag.py
[2026-03-28T18:50:27.516+0000] {logging_mixin.py:188} INFO - [2026-03-28T18:50:27.516+0000] {dag.py:3096} INFO - Sync 1 DAGs
[2026-03-28T18:50:27.525+0000] {logging_mixin.py:188} INFO - [2026-03-28T18:50:27.525+0000] {dag.py:3954} INFO - Setting next_dagrun for tmdb_raw_pipeline to 2026-03-28 00:00:00+00:00, run_after=2026-03-29 00:00:00+00:00
[2026-03-28T18:50:27.531+0000] {processor.py:183} INFO - Processing /opt/airflow/dags/tmdb_daily_dag.py took 0.034 seconds
[2026-03-28T18:50:57.943+0000] {processor.py:161} INFO - Started process (PID=47046) to work on /opt/airflow/dags/tmdb_daily_dag.py
[2026-03-28T18:50:57.944+0000] {processor.py:830} INFO - Processing file /opt/airflow/dags/tmdb_daily_dag.py for tasks to queue
[2026-03-28T18:50:57.944+0000] {logging_mixin.py:188} INFO - [2026-03-28T18:50:57.944+0000] {dagbag.py:545} INFO - Filling up the DagBag from /opt/airflow/dags/tmdb_daily_dag.py
[2026-03-28T18:50:57.950+0000] {processor.py:840} INFO - DAG(s) 'tmdb_raw_pipeline' retrieved from /opt/airflow/dags/tmdb_daily_dag.py
[2026-03-28T18:50:57.963+0000] {logging_mixin.py:188} INFO - [2026-03-28T18:50:57.963+0000] {dag.py:3096} INFO - Sync 1 DAGs
[2026-03-28T18:50:57.974+0000] {logging_mixin.py:188} INFO - [2026-03-28T18:50:57.974+0000] {dag.py:3954} INFO - Setting next_dagrun for tmdb_raw_pipeline to 2026-03-28 00:00:00+00:00, run_after=2026-03-29 00:00:00+00:00
[2026-03-28T18:50:57.985+0000] {processor.py:183} INFO - Processing /opt/airflow/dags/tmdb_daily_dag.py took 0.045 seconds
[2026-03-28T18:51:28.490+0000] {processor.py:161} INFO - Started process (PID=47068) to work on /opt/airflow/dags/tmdb_daily_dag.py
[2026-03-28T18:51:28.491+0000] {processor.py:830} INFO - Processing file /opt/airflow/dags/tmdb_daily_dag.py for tasks to queue
[2026-03-28T18:51:28.491+0000] {logging_mixin.py:188} INFO - [2026-03-28T18:51:28.491+0000] {dagbag.py:545} INFO - Filling up the DagBag from /opt/airflow/dags/tmdb_daily_dag.py
[2026-03-28T18:51:28.497+0000] {processor.py:840} INFO - DAG(s) 'tmdb_raw_pipeline' retrieved from /opt/airflow/dags/tmdb_daily_dag.py
[2026-03-28T18:51:28.507+0000] {logging_mixin.py:188} INFO - [2026-03-28T18:51:28.507+0000] {dag.py:3096} INFO - Sync 1 DAGs
[2026-03-28T18:51:28.516+0000] {logging_mixin.py:188} INFO - [2026-03-28T18:51:28.515+0000] {dag.py:3954} INFO - Setting next_dagrun for tmdb_raw_pipeline to 2026-03-28 00:00:00+00:00, run_after=2026-03-29 00:00:00+00:00
[2026-03-28T18:51:28.521+0000] {processor.py:183} INFO - Processing /opt/airflow/dags/tmdb_daily_dag.py took 0.034 seconds
[2026-03-28T18:51:58.940+0000] {processor.py:161} INFO - Started process (PID=47088) to work on /opt/airflow/dags/tmdb_daily_dag.py
[2026-03-28T18:51:58.940+0000] {processor.py:830} INFO - Processing file /opt/airflow/dags/tmdb_daily_dag.py for tasks to queue
[2026-03-28T18:51:58.941+0000] {logging_mixin.py:188} INFO - [2026-03-28T18:51:58.941+0000] {dagbag.py:545} INFO - Filling up the DagBag from /opt/airflow/dags/tmdb_daily_dag.py
[2026-03-28T18:51:58.946+0000] {processor.py:840} INFO - DAG(s) 'tmdb_raw_pipeline' retrieved from /opt/airflow/dags/tmdb_daily_dag.py
[2026-03-28T18:51:58.956+0000] {logging_mixin.py:188} INFO - [2026-03-28T18:51:58.956+0000] {dag.py:3096} INFO - Sync 1 DAGs
[2026-03-28T18:51:58.964+0000] {logging_mixin.py:188} INFO - [2026-03-28T18:51:58.964+0000] {dag.py:3954} INFO - Setting next_dagrun for tmdb_raw_pipeline to 2026-03-28 00:00:00+00:00, run_after=2026-03-29 00:00:00+00:00
[2026-03-28T18:51:58.970+0000] {processor.py:183} INFO - Processing /opt/airflow/dags/tmdb_daily_dag.py took 0.033 seconds
[2026-03-28T18:52:29.501+0000] {processor.py:161} INFO - Started process (PID=47108) to work on /opt/airflow/dags/tmdb_daily_dag.py
[2026-03-28T18:52:29.502+0000] {processor.py:830} INFO - Processing file /opt/airflow/dags/tmdb_daily_dag.py for tasks to queue
[2026-03-28T18:52:29.502+0000] {logging_mixin.py:188} INFO - [2026-03-28T18:52:29.502+0000] {dagbag.py:545} INFO - Filling up the DagBag from /opt/airflow/dags/tmdb_daily_dag.py
[2026-03-28T18:52:29.508+0000] {processor.py:840} INFO - DAG(s) 'tmdb_raw_pipeline' retrieved from /opt/airflow/dags/tmdb_daily_dag.py
[2026-03-28T18:52:29.517+0000] {logging_mixin.py:188} INFO - [2026-03-28T18:52:29.517+0000] {dag.py:3096} INFO - Sync 1 DAGs
[2026-03-28T18:52:29.525+0000] {logging_mixin.py:188} INFO - [2026-03-28T18:52:29.525+0000] {dag.py:3954} INFO - Setting next_dagrun for tmdb_raw_pipeline to 2026-03-28 00:00:00+00:00, run_after=2026-03-29 00:00:00+00:00
[2026-03-28T18:52:29.531+0000] {processor.py:183} INFO - Processing /opt/airflow/dags/tmdb_daily_dag.py took 0.032 seconds
[2026-03-28T18:53:00.047+0000] {processor.py:161} INFO - Started process (PID=47128) to work on /opt/airflow/dags/tmdb_daily_dag.py
[2026-03-28T18:53:00.048+0000] {processor.py:830} INFO - Processing file /opt/airflow/dags/tmdb_daily_dag.py for tasks to queue
[2026-03-28T18:53:00.048+0000] {logging_mixin.py:188} INFO - [2026-03-28T18:53:00.048+0000] {dagbag.py:545} INFO - Filling up the DagBag from /opt/airflow/dags/tmdb_daily_dag.py
[2026-03-28T18:53:00.054+0000] {processor.py:840} INFO - DAG(s) 'tmdb_raw_pipeline' retrieved from /opt/airflow/dags/tmdb_daily_dag.py
[2026-03-28T18:53:00.064+0000] {logging_mixin.py:188} INFO - [2026-03-28T18:53:00.064+0000] {dag.py:3096} INFO - Sync 1 DAGs
[2026-03-28T18:53:00.073+0000] {logging_mixin.py:188} INFO - [2026-03-28T18:53:00.072+0000] {dag.py:3954} INFO - Setting next_dagrun for tmdb_raw_pipeline to 2026-03-28 00:00:00+00:00, run_after=2026-03-29 00:00:00+00:00
[2026-03-28T18:53:00.079+0000] {processor.py:183} INFO - Processing /opt/airflow/dags/tmdb_daily_dag.py took 0.035 seconds
[2026-03-28T18:53:30.610+0000] {processor.py:161} INFO - Started process (PID=47148) to work on /opt/airflow/dags/tmdb_daily_dag.py
[2026-03-28T18:53:30.611+0000] {processor.py:830} INFO - Processing file /opt/airflow/dags/tmdb_daily_dag.py for tasks to queue
[2026-03-28T18:53:30.611+0000] {logging_mixin.py:188} INFO - [2026-03-28T18:53:30.611+0000] {dagbag.py:545} INFO - Filling up the DagBag from /opt/airflow/dags/tmdb_daily_dag.py
[2026-03-28T18:53:30.618+0000] {processor.py:840} INFO - DAG(s) 'tmdb_raw_pipeline' retrieved from /opt/airflow/dags/tmdb_daily_dag.py
[2026-03-28T18:53:30.627+0000] {logging_mixin.py:188} INFO - [2026-03-28T18:53:30.627+0000] {dag.py:3096} INFO - Sync 1 DAGs
[2026-03-28T18:53:30.635+0000] {logging_mixin.py:188} INFO - [2026-03-28T18:53:30.635+0000] {dag.py:3954} INFO - Setting next_dagrun for tmdb_raw_pipeline to 2026-03-28 00:00:00+00:00, run_after=2026-03-29 00:00:00+00:00
[2026-03-28T18:53:30.641+0000] {processor.py:183} INFO - Processing /opt/airflow/dags/tmdb_daily_dag.py took 0.034 seconds
[2026-03-28T18:54:01.028+0000] {processor.py:161} INFO - Started process (PID=47168) to work on /opt/airflow/dags/tmdb_daily_dag.py
[2026-03-28T18:54:01.029+0000] {processor.py:830} INFO - Processing file /opt/airflow/dags/tmdb_daily_dag.py for tasks to queue
[2026-03-28T18:54:01.029+0000] {logging_mixin.py:188} INFO - [2026-03-28T18:54:01.029+0000] {dagbag.py:545} INFO - Filling up the DagBag from /opt/airflow/dags/tmdb_daily_dag.py
[2026-03-28T18:54:01.035+0000] {processor.py:840} INFO - DAG(s) 'tmdb_raw_pipeline' retrieved from /opt/airflow/dags/tmdb_daily_dag.py
[2026-03-28T18:54:01.045+0000] {logging_mixin.py:188} INFO - [2026-03-28T18:54:01.045+0000] {dag.py:3096} INFO - Sync 1 DAGs
[2026-03-28T18:54:01.053+0000] {logging_mixin.py:188} INFO - [2026-03-28T18:54:01.053+0000] {dag.py:3954} INFO - Setting next_dagrun for tmdb_raw_pipeline to 2026-03-28 00:00:00+00:00, run_after=2026-03-29 00:00:00+00:00
[2026-03-28T18:54:01.060+0000] {processor.py:183} INFO - Processing /opt/airflow/dags/tmdb_daily_dag.py took 0.036 seconds
[2026-03-28T18:54:31.546+0000] {processor.py:161} INFO - Started process (PID=47188) to work on /opt/airflow/dags/tmdb_daily_dag.py
[2026-03-28T18:54:31.547+0000] {processor.py:830} INFO - Processing file /opt/airflow/dags/tmdb_daily_dag.py for tasks to queue
[2026-03-28T18:54:31.548+0000] {logging_mixin.py:188} INFO - [2026-03-28T18:54:31.547+0000] {dagbag.py:545} INFO - Filling up the DagBag from /opt/airflow/dags/tmdb_daily_dag.py
[2026-03-28T18:54:31.554+0000] {processor.py:840} INFO - DAG(s) 'tmdb_raw_pipeline' retrieved from /opt/airflow/dags/tmdb_daily_dag.py
[2026-03-28T18:54:31.564+0000] {logging_mixin.py:188} INFO - [2026-03-28T18:54:31.564+0000] {dag.py:3096} INFO - Sync 1 DAGs
[2026-03-28T18:54:31.575+0000] {logging_mixin.py:188} INFO - [2026-03-28T18:54:31.575+0000] {dag.py:3954} INFO - Setting next_dagrun for tmdb_raw_pipeline to 2026-03-28 00:00:00+00:00, run_after=2026-03-29 00:00:00+00:00
[2026-03-28T18:54:31.584+0000] {processor.py:183} INFO - Processing /opt/airflow/dags/tmdb_daily_dag.py took 0.040 seconds
[2026-03-28T18:55:02.098+0000] {processor.py:161} INFO - Started process (PID=47208) to work on /opt/airflow/dags/tmdb_daily_dag.py
[2026-03-28T18:55:02.098+0000] {processor.py:830} INFO - Processing file /opt/airflow/dags/tmdb_daily_dag.py for tasks to queue
[2026-03-28T18:55:02.099+0000] {logging_mixin.py:188} INFO - [2026-03-28T18:55:02.099+0000] {dagbag.py:545} INFO - Filling up the DagBag from /opt/airflow/dags/tmdb_daily_dag.py
[2026-03-28T18:55:02.107+0000] {processor.py:840} INFO - DAG(s) 'tmdb_raw_pipeline' retrieved from /opt/airflow/dags/tmdb_daily_dag.py
[2026-03-28T18:55:02.119+0000] {logging_mixin.py:188} INFO - [2026-03-28T18:55:02.118+0000] {dag.py:3096} INFO - Sync 1 DAGs
[2026-03-28T18:55:02.128+0000] {logging_mixin.py:188} INFO - [2026-03-28T18:55:02.128+0000] {dag.py:3954} INFO - Setting next_dagrun for tmdb_raw_pipeline to 2026-03-28 00:00:00+00:00, run_after=2026-03-29 00:00:00+00:00
[2026-03-28T18:55:02.134+0000] {processor.py:183} INFO - Processing /opt/airflow/dags/tmdb_daily_dag.py took 0.039 seconds
[2026-03-28T18:55:32.616+0000] {processor.py:161} INFO - Started process (PID=47228) to work on /opt/airflow/dags/tmdb_daily_dag.py
[2026-03-28T18:55:32.617+0000] {processor.py:830} INFO - Processing file /opt/airflow/dags/tmdb_daily_dag.py for tasks to queue
[2026-03-28T18:55:32.617+0000] {logging_mixin.py:188} INFO - [2026-03-28T18:55:32.617+0000] {dagbag.py:545} INFO - Filling up the DagBag from /opt/airflow/dags/tmdb_daily_dag.py
[2026-03-28T18:55:32.625+0000] {processor.py:840} INFO - DAG(s) 'tmdb_raw_pipeline' retrieved from /opt/airflow/dags/tmdb_daily_dag.py
[2026-03-28T18:55:32.635+0000] {logging_mixin.py:188} INFO - [2026-03-28T18:55:32.635+0000] {dag.py:3096} INFO - Sync 1 DAGs
[2026-03-28T18:55:32.645+0000] {logging_mixin.py:188} INFO - [2026-03-28T18:55:32.645+0000] {dag.py:3954} INFO - Setting next_dagrun for tmdb_raw_pipeline to 2026-03-28 00:00:00+00:00, run_after=2026-03-29 00:00:00+00:00
[2026-03-28T18:55:32.650+0000] {processor.py:183} INFO - Processing /opt/airflow/dags/tmdb_daily_dag.py took 0.037 seconds
[2026-03-28T18:56:03.041+0000] {processor.py:161} INFO - Started process (PID=47248) to work on /opt/airflow/dags/tmdb_daily_dag.py
[2026-03-28T18:56:03.042+0000] {processor.py:830} INFO - Processing file /opt/airflow/dags/tmdb_daily_dag.py for tasks to queue
[2026-03-28T18:56:03.042+0000] {logging_mixin.py:188} INFO - [2026-03-28T18:56:03.042+0000] {dagbag.py:545} INFO - Filling up the DagBag from /opt/airflow/dags/tmdb_daily_dag.py
[2026-03-28T18:56:03.047+0000] {processor.py:840} INFO - DAG(s) 'tmdb_raw_pipeline' retrieved from /opt/airflow/dags/tmdb_daily_dag.py
[2026-03-28T18:56:03.056+0000] {logging_mixin.py:188} INFO - [2026-03-28T18:56:03.056+0000] {dag.py:3096} INFO - Sync 1 DAGs
[2026-03-28T18:56:03.064+0000] {logging_mixin.py:188} INFO - [2026-03-28T18:56:03.064+0000] {dag.py:3954} INFO - Setting next_dagrun for tmdb_raw_pipeline to 2026-03-28 00:00:00+00:00, run_after=2026-03-29 00:00:00+00:00
[2026-03-28T18:56:03.070+0000] {processor.py:183} INFO - Processing /opt/airflow/dags/tmdb_daily_dag.py took 0.031 seconds
[2026-03-28T18:56:33.554+0000] {processor.py:161} INFO - Started process (PID=47268) to work on /opt/airflow/dags/tmdb_daily_dag.py
[2026-03-28T18:56:33.555+0000] {processor.py:830} INFO - Processing file /opt/airflow/dags/tmdb_daily_dag.py for tasks to queue
[2026-03-28T18:56:33.556+0000] {logging_mixin.py:188} INFO - [2026-03-28T18:56:33.556+0000] {dagbag.py:545} INFO - Filling up the DagBag from /opt/airflow/dags/tmdb_daily_dag.py
[2026-03-28T18:56:33.563+0000] {processor.py:840} INFO - DAG(s) 'tmdb_raw_pipeline' retrieved from /opt/airflow/dags/tmdb_daily_dag.py
[2026-03-28T18:56:33.572+0000] {logging_mixin.py:188} INFO - [2026-03-28T18:56:33.572+0000] {dag.py:3096} INFO - Sync 1 DAGs
[2026-03-28T18:56:33.581+0000] {logging_mixin.py:188} INFO - [2026-03-28T18:56:33.581+0000] {dag.py:3954} INFO - Setting next_dagrun for tmdb_raw_pipeline to 2026-03-28 00:00:00+00:00, run_after=2026-03-29 00:00:00+00:00
[2026-03-28T18:56:33.587+0000] {processor.py:183} INFO - Processing /opt/airflow/dags/tmdb_daily_dag.py took 0.035 seconds
[2026-03-28T18:57:04.107+0000] {processor.py:161} INFO - Started process (PID=47288) to work on /opt/airflow/dags/tmdb_daily_dag.py
[2026-03-28T18:57:04.108+0000] {processor.py:830} INFO - Processing file /opt/airflow/dags/tmdb_daily_dag.py for tasks to queue
[2026-03-28T18:57:04.108+0000] {logging_mixin.py:188} INFO - [2026-03-28T18:57:04.108+0000] {dagbag.py:545} INFO - Filling up the DagBag from /opt/airflow/dags/tmdb_daily_dag.py
[2026-03-28T18:57:04.115+0000] {processor.py:840} INFO - DAG(s) 'tmdb_raw_pipeline' retrieved from /opt/airflow/dags/tmdb_daily_dag.py
[2026-03-28T18:57:04.125+0000] {logging_mixin.py:188} INFO - [2026-03-28T18:57:04.125+0000] {dag.py:3096} INFO - Sync 1 DAGs
[2026-03-28T18:57:04.133+0000] {logging_mixin.py:188} INFO - [2026-03-28T18:57:04.133+0000] {dag.py:3954} INFO - Setting next_dagrun for tmdb_raw_pipeline to 2026-03-28 00:00:00+00:00, run_after=2026-03-29 00:00:00+00:00
[2026-03-28T18:57:04.139+0000] {processor.py:183} INFO - Processing /opt/airflow/dags/tmdb_daily_dag.py took 0.035 seconds
[2026-03-28T18:57:34.657+0000] {processor.py:161} INFO - Started process (PID=47308) to work on /opt/airflow/dags/tmdb_daily_dag.py
[2026-03-28T18:57:34.658+0000] {processor.py:830} INFO - Processing file /opt/airflow/dags/tmdb_daily_dag.py for tasks to queue
[2026-03-28T18:57:34.659+0000] {logging_mixin.py:188} INFO - [2026-03-28T18:57:34.659+0000] {dagbag.py:545} INFO - Filling up the DagBag from /opt/airflow/dags/tmdb_daily_dag.py
[2026-03-28T18:57:34.665+0000] {processor.py:840} INFO - DAG(s) 'tmdb_raw_pipeline' retrieved from /opt/airflow/dags/tmdb_daily_dag.py
[2026-03-28T18:57:34.676+0000] {logging_mixin.py:188} INFO - [2026-03-28T18:57:34.676+0000] {dag.py:3096} INFO - Sync 1 DAGs
[2026-03-28T18:57:34.686+0000] {logging_mixin.py:188} INFO - [2026-03-28T18:57:34.686+0000] {dag.py:3954} INFO - Setting next_dagrun for tmdb_raw_pipeline to 2026-03-28 00:00:00+00:00, run_after=2026-03-29 00:00:00+00:00
[2026-03-28T18:57:34.692+0000] {processor.py:183} INFO - Processing /opt/airflow/dags/tmdb_daily_dag.py took 0.037 seconds
[2026-03-28T18:58:05.086+0000] {processor.py:161} INFO - Started process (PID=47328) to work on /opt/airflow/dags/tmdb_daily_dag.py
[2026-03-28T18:58:05.087+0000] {processor.py:830} INFO - Processing file /opt/airflow/dags/tmdb_daily_dag.py for tasks to queue
[2026-03-28T18:58:05.088+0000] {logging_mixin.py:188} INFO - [2026-03-28T18:58:05.087+0000] {dagbag.py:545} INFO - Filling up the DagBag from /opt/airflow/dags/tmdb_daily_dag.py
[2026-03-28T18:58:05.093+0000] {processor.py:840} INFO - DAG(s) 'tmdb_raw_pipeline' retrieved from /opt/airflow/dags/tmdb_daily_dag.py
[2026-03-28T18:58:05.103+0000] {logging_mixin.py:188} INFO - [2026-03-28T18:58:05.103+0000] {dag.py:3096} INFO - Sync 1 DAGs
[2026-03-28T18:58:05.110+0000] {logging_mixin.py:188} INFO - [2026-03-28T18:58:05.110+0000] {dag.py:3954} INFO - Setting next_dagrun for tmdb_raw_pipeline to 2026-03-28 00:00:00+00:00, run_after=2026-03-29 00:00:00+00:00
[2026-03-28T18:58:05.116+0000] {processor.py:183} INFO - Processing /opt/airflow/dags/tmdb_daily_dag.py took 0.032 seconds
[2026-03-28T18:58:35.580+0000] {processor.py:161} INFO - Started process (PID=47348) to work on /opt/airflow/dags/tmdb_daily_dag.py
[2026-03-28T18:58:35.581+0000] {processor.py:830} INFO - Processing file /opt/airflow/dags/tmdb_daily_dag.py for tasks to queue
[2026-03-28T18:58:35.581+0000] {logging_mixin.py:188} INFO - [2026-03-28T18:58:35.581+0000] {dagbag.py:545} INFO - Filling up the DagBag from /opt/airflow/dags/tmdb_daily_dag.py
[2026-03-28T18:58:35.588+0000] {processor.py:840} INFO - DAG(s) 'tmdb_raw_pipeline' retrieved from /opt/airflow/dags/tmdb_daily_dag.py
[2026-03-28T18:58:35.598+0000] {logging_mixin.py:188} INFO - [2026-03-28T18:58:35.598+0000] {dag.py:3096} INFO - Sync 1 DAGs
[2026-03-28T18:58:35.606+0000] {logging_mixin.py:188} INFO - [2026-03-28T18:58:35.606+0000] {dag.py:3954} INFO - Setting next_dagrun for tmdb_raw_pipeline to 2026-03-28 00:00:00+00:00, run_after=2026-03-29 00:00:00+00:00
[2026-03-28T18:58:35.612+0000] {processor.py:183} INFO - Processing /opt/airflow/dags/tmdb_daily_dag.py took 0.034 seconds
[2026-03-28T18:59:06.045+0000] {processor.py:161} INFO - Started process (PID=47368) to work on /opt/airflow/dags/tmdb_daily_dag.py
[2026-03-28T18:59:06.046+0000] {processor.py:830} INFO - Processing file /opt/airflow/dags/tmdb_daily_dag.py for tasks to queue
[2026-03-28T18:59:06.046+0000] {logging_mixin.py:188} INFO - [2026-03-28T18:59:06.046+0000] {dagbag.py:545} INFO - Filling up the DagBag from /opt/airflow/dags/tmdb_daily_dag.py
[2026-03-28T18:59:06.053+0000] {processor.py:840} INFO - DAG(s) 'tmdb_raw_pipeline' retrieved from /opt/airflow/dags/tmdb_daily_dag.py
[2026-03-28T18:59:06.063+0000] {logging_mixin.py:188} INFO - [2026-03-28T18:59:06.062+0000] {dag.py:3096} INFO - Sync 1 DAGs
[2026-03-28T18:59:06.070+0000] {logging_mixin.py:188} INFO - [2026-03-28T18:59:06.070+0000] {dag.py:3954} INFO - Setting next_dagrun for tmdb_raw_pipeline to 2026-03-28 00:00:00+00:00, run_after=2026-03-29 00:00:00+00:00
[2026-03-28T18:59:06.077+0000] {processor.py:183} INFO - Processing /opt/airflow/dags/tmdb_daily_dag.py took 0.034 seconds
[2026-03-28T18:59:36.565+0000] {processor.py:161} INFO - Started process (PID=47388) to work on /opt/airflow/dags/tmdb_daily_dag.py
[2026-03-28T18:59:36.566+0000] {processor.py:830} INFO - Processing file /opt/airflow/dags/tmdb_daily_dag.py for tasks to queue
[2026-03-28T18:59:36.566+0000] {logging_mixin.py:188} INFO - [2026-03-28T18:59:36.566+0000] {dagbag.py:545} INFO - Filling up the DagBag from /opt/airflow/dags/tmdb_daily_dag.py
[2026-03-28T18:59:36.573+0000] {processor.py:840} INFO - DAG(s) 'tmdb_raw_pipeline' retrieved from /opt/airflow/dags/tmdb_daily_dag.py
[2026-03-28T18:59:36.582+0000] {logging_mixin.py:188} INFO - [2026-03-28T18:59:36.582+0000] {dag.py:3096} INFO - Sync 1 DAGs
[2026-03-28T18:59:36.595+0000] {logging_mixin.py:188} INFO - [2026-03-28T18:59:36.595+0000] {dag.py:3954} INFO - Setting next_dagrun for tmdb_raw_pipeline to 2026-03-28 00:00:00+00:00, run_after=2026-03-29 00:00:00+00:00
[2026-03-28T18:59:36.602+0000] {processor.py:183} INFO - Processing /opt/airflow/dags/tmdb_daily_dag.py took 0.039 seconds
[2026-03-28T19:00:07.060+0000] {processor.py:161} INFO - Started process (PID=47408) to work on /opt/airflow/dags/tmdb_daily_dag.py
[2026-03-28T19:00:07.061+0000] {processor.py:830} INFO - Processing file /opt/airflow/dags/tmdb_daily_dag.py for tasks to queue
[2026-03-28T19:00:07.061+0000] {logging_mixin.py:188} INFO - [2026-03-28T19:00:07.061+0000] {dagbag.py:545} INFO - Filling up the DagBag from /opt/airflow/dags/tmdb_daily_dag.py
[2026-03-28T19:00:07.066+0000] {processor.py:840} INFO - DAG(s) 'tmdb_raw_pipeline' retrieved from /opt/airflow/dags/tmdb_daily_dag.py
[2026-03-28T19:00:07.076+0000] {logging_mixin.py:188} INFO - [2026-03-28T19:00:07.076+0000] {dag.py:3096} INFO - Sync 1 DAGs
[2026-03-28T19:00:07.083+0000] {logging_mixin.py:188} INFO - [2026-03-28T19:00:07.083+0000] {dag.py:3954} INFO - Setting next_dagrun for tmdb_raw_pipeline to 2026-03-28 00:00:00+00:00, run_after=2026-03-29 00:00:00+00:00
[2026-03-28T19:00:07.089+0000] {processor.py:183} INFO - Processing /opt/airflow/dags/tmdb_daily_dag.py took 0.032 seconds
[2026-03-28T19:00:37.612+0000] {processor.py:161} INFO - Started process (PID=47428) to work on /opt/airflow/dags/tmdb_daily_dag.py
[2026-03-28T19:00:37.612+0000] {processor.py:830} INFO - Processing file /opt/airflow/dags/tmdb_daily_dag.py for tasks to queue
[2026-03-28T19:00:37.613+0000] {logging_mixin.py:188} INFO - [2026-03-28T19:00:37.613+0000] {dagbag.py:545} INFO - Filling up the DagBag from /opt/airflow/dags/tmdb_daily_dag.py
[2026-03-28T19:00:37.620+0000] {processor.py:840} INFO - DAG(s) 'tmdb_raw_pipeline' retrieved from /opt/airflow/dags/tmdb_daily_dag.py
[2026-03-28T19:00:37.630+0000] {logging_mixin.py:188} INFO - [2026-03-28T19:00:37.629+0000] {dag.py:3096} INFO - Sync 1 DAGs
[2026-03-28T19:00:37.638+0000] {logging_mixin.py:188} INFO - [2026-03-28T19:00:37.638+0000] {dag.py:3954} INFO - Setting next_dagrun for tmdb_raw_pipeline to 2026-03-28 00:00:00+00:00, run_after=2026-03-29 00:00:00+00:00
[2026-03-28T19:00:37.645+0000] {processor.py:183} INFO - Processing /opt/airflow/dags/tmdb_daily_dag.py took 0.036 seconds
[2026-03-28T19:01:08.137+0000] {processor.py:161} INFO - Started process (PID=47448) to work on /opt/airflow/dags/tmdb_daily_dag.py
[2026-03-28T19:01:08.138+0000] {processor.py:830} INFO - Processing file /opt/airflow/dags/tmdb_daily_dag.py for tasks to queue
[2026-03-28T19:01:08.138+0000] {logging_mixin.py:188} INFO - [2026-03-28T19:01:08.138+0000] {dagbag.py:545} INFO - Filling up the DagBag from /opt/airflow/dags/tmdb_daily_dag.py
[2026-03-28T19:01:08.144+0000] {processor.py:840} INFO - DAG(s) 'tmdb_raw_pipeline' retrieved from /opt/airflow/dags/tmdb_daily_dag.py
[2026-03-28T19:01:08.155+0000] {logging_mixin.py:188} INFO - [2026-03-28T19:01:08.155+0000] {dag.py:3096} INFO - Sync 1 DAGs
[2026-03-28T19:01:08.164+0000] {logging_mixin.py:188} INFO - [2026-03-28T19:01:08.164+0000] {dag.py:3954} INFO - Setting next_dagrun for tmdb_raw_pipeline to 2026-03-28 00:00:00+00:00, run_after=2026-03-29 00:00:00+00:00
[2026-03-28T19:01:08.171+0000] {processor.py:183} INFO - Processing /opt/airflow/dags/tmdb_daily_dag.py took 0.036 seconds
[2026-03-28T19:01:38.681+0000] {processor.py:161} INFO - Started process (PID=47468) to work on /opt/airflow/dags/tmdb_daily_dag.py
[2026-03-28T19:01:38.682+0000] {processor.py:830} INFO - Processing file /opt/airflow/dags/tmdb_daily_dag.py for tasks to queue
[2026-03-28T19:01:38.683+0000] {logging_mixin.py:188} INFO - [2026-03-28T19:01:38.683+0000] {dagbag.py:545} INFO - Filling up the DagBag from /opt/airflow/dags/tmdb_daily_dag.py
[2026-03-28T19:01:38.689+0000] {processor.py:840} INFO - DAG(s) 'tmdb_raw_pipeline' retrieved from /opt/airflow/dags/tmdb_daily_dag.py
[2026-03-28T19:01:38.698+0000] {logging_mixin.py:188} INFO - [2026-03-28T19:01:38.698+0000] {dag.py:3096} INFO - Sync 1 DAGs
[2026-03-28T19:01:38.707+0000] {logging_mixin.py:188} INFO - [2026-03-28T19:01:38.707+0000] {dag.py:3954} INFO - Setting next_dagrun for tmdb_raw_pipeline to 2026-03-28 00:00:00+00:00, run_after=2026-03-29 00:00:00+00:00
[2026-03-28T19:01:38.713+0000] {processor.py:183} INFO - Processing /opt/airflow/dags/tmdb_daily_dag.py took 0.034 seconds
[2026-03-28T19:02:09.234+0000] {processor.py:161} INFO - Started process (PID=47488) to work on /opt/airflow/dags/tmdb_daily_dag.py
[2026-03-28T19:02:09.235+0000] {processor.py:830} INFO - Processing file /opt/airflow/dags/tmdb_daily_dag.py for tasks to queue
[2026-03-28T19:02:09.235+0000] {logging_mixin.py:188} INFO - [2026-03-28T19:02:09.235+0000] {dagbag.py:545} INFO - Filling up the DagBag from /opt/airflow/dags/tmdb_daily_dag.py
[2026-03-28T19:02:09.243+0000] {processor.py:840} INFO - DAG(s) 'tmdb_raw_pipeline' retrieved from /opt/airflow/dags/tmdb_daily_dag.py
[2026-03-28T19:02:09.255+0000] {logging_mixin.py:188} INFO - [2026-03-28T19:02:09.255+0000] {dag.py:3096} INFO - Sync 1 DAGs
[2026-03-28T19:02:09.267+0000] {logging_mixin.py:188} INFO - [2026-03-28T19:02:09.267+0000] {dag.py:3954} INFO - Setting next_dagrun for tmdb_raw_pipeline to 2026-03-28 00:00:00+00:00, run_after=2026-03-29 00:00:00+00:00
[2026-03-28T19:02:09.279+0000] {processor.py:183} INFO - Processing /opt/airflow/dags/tmdb_daily_dag.py took 0.049 seconds
[2026-03-28T19:02:39.794+0000] {processor.py:161} INFO - Started process (PID=47508) to work on /opt/airflow/dags/tmdb_daily_dag.py
[2026-03-28T19:02:39.795+0000] {processor.py:830} INFO - Processing file /opt/airflow/dags/tmdb_daily_dag.py for tasks to queue
[2026-03-28T19:02:39.795+0000] {logging_mixin.py:188} INFO - [2026-03-28T19:02:39.795+0000] {dagbag.py:545} INFO - Filling up the DagBag from /opt/airflow/dags/tmdb_daily_dag.py
[2026-03-28T19:02:39.801+0000] {processor.py:840} INFO - DAG(s) 'tmdb_raw_pipeline' retrieved from /opt/airflow/dags/tmdb_daily_dag.py
[2026-03-28T19:02:39.811+0000] {logging_mixin.py:188} INFO - [2026-03-28T19:02:39.811+0000] {dag.py:3096} INFO - Sync 1 DAGs
[2026-03-28T19:02:39.819+0000] {logging_mixin.py:188} INFO - [2026-03-28T19:02:39.819+0000] {dag.py:3954} INFO - Setting next_dagrun for tmdb_raw_pipeline to 2026-03-28 00:00:00+00:00, run_after=2026-03-29 00:00:00+00:00
[2026-03-28T19:02:39.826+0000] {processor.py:183} INFO - Processing /opt/airflow/dags/tmdb_daily_dag.py took 0.035 seconds
[2026-03-28T19:03:10.323+0000] {processor.py:161} INFO - Started process (PID=47528) to work on /opt/airflow/dags/tmdb_daily_dag.py
[2026-03-28T19:03:10.323+0000] {processor.py:830} INFO - Processing file /opt/airflow/dags/tmdb_daily_dag.py for tasks to queue
[2026-03-28T19:03:10.324+0000] {logging_mixin.py:188} INFO - [2026-03-28T19:03:10.324+0000] {dagbag.py:545} INFO - Filling up the DagBag from /opt/airflow/dags/tmdb_daily_dag.py
[2026-03-28T19:03:10.330+0000] {processor.py:840} INFO - DAG(s) 'tmdb_raw_pipeline' retrieved from /opt/airflow/dags/tmdb_daily_dag.py
[2026-03-28T19:03:10.341+0000] {logging_mixin.py:188} INFO - [2026-03-28T19:03:10.341+0000] {dag.py:3096} INFO - Sync 1 DAGs
[2026-03-28T19:03:10.351+0000] {logging_mixin.py:188} INFO - [2026-03-28T19:03:10.351+0000] {dag.py:3954} INFO - Setting next_dagrun for tmdb_raw_pipeline to 2026-03-28 00:00:00+00:00, run_after=2026-03-29 00:00:00+00:00
[2026-03-28T19:03:10.359+0000] {processor.py:183} INFO - Processing /opt/airflow/dags/tmdb_daily_dag.py took 0.039 seconds
[2026-03-28T19:03:40.911+0000] {processor.py:161} INFO - Started process (PID=47548) to work on /opt/airflow/dags/tmdb_daily_dag.py
[2026-03-28T19:03:40.912+0000] {processor.py:830} INFO - Processing file /opt/airflow/dags/tmdb_daily_dag.py for tasks to queue
[2026-03-28T19:03:40.912+0000] {logging_mixin.py:188} INFO - [2026-03-28T19:03:40.912+0000] {dagbag.py:545} INFO - Filling up the DagBag from /opt/airflow/dags/tmdb_daily_dag.py
[2026-03-28T19:03:40.918+0000] {processor.py:840} INFO - DAG(s) 'tmdb_raw_pipeline' retrieved from /opt/airflow/dags/tmdb_daily_dag.py
[2026-03-28T19:03:40.927+0000] {logging_mixin.py:188} INFO - [2026-03-28T19:03:40.927+0000] {dag.py:3096} INFO - Sync 1 DAGs
[2026-03-28T19:03:40.936+0000] {logging_mixin.py:188} INFO - [2026-03-28T19:03:40.936+0000] {dag.py:3954} INFO - Setting next_dagrun for tmdb_raw_pipeline to 2026-03-28 00:00:00+00:00, run_after=2026-03-29 00:00:00+00:00
[2026-03-28T19:03:40.942+0000] {processor.py:183} INFO - Processing /opt/airflow/dags/tmdb_daily_dag.py took 0.033 seconds
[2026-03-28T19:04:11.449+0000] {processor.py:161} INFO - Started process (PID=47568) to work on /opt/airflow/dags/tmdb_daily_dag.py
[2026-03-28T19:04:11.450+0000] {processor.py:830} INFO - Processing file /opt/airflow/dags/tmdb_daily_dag.py for tasks to queue
[2026-03-28T19:04:11.450+0000] {logging_mixin.py:188} INFO - [2026-03-28T19:04:11.450+0000] {dagbag.py:545} INFO - Filling up the DagBag from /opt/airflow/dags/tmdb_daily_dag.py
[2026-03-28T19:04:11.456+0000] {processor.py:840} INFO - DAG(s) 'tmdb_raw_pipeline' retrieved from /opt/airflow/dags/tmdb_daily_dag.py
[2026-03-28T19:04:11.465+0000] {logging_mixin.py:188} INFO - [2026-03-28T19:04:11.465+0000] {dag.py:3096} INFO - Sync 1 DAGs
[2026-03-28T19:04:11.474+0000] {logging_mixin.py:188} INFO - [2026-03-28T19:04:11.474+0000] {dag.py:3954} INFO - Setting next_dagrun for tmdb_raw_pipeline to 2026-03-28 00:00:00+00:00, run_after=2026-03-29 00:00:00+00:00
[2026-03-28T19:04:11.480+0000] {processor.py:183} INFO - Processing /opt/airflow/dags/tmdb_daily_dag.py took 0.033 seconds
[2026-03-28T19:04:42.086+0000] {processor.py:161} INFO - Started process (PID=47588) to work on /opt/airflow/dags/tmdb_daily_dag.py
[2026-03-28T19:04:42.087+0000] {processor.py:830} INFO - Processing file /opt/airflow/dags/tmdb_daily_dag.py for tasks to queue
[2026-03-28T19:04:42.088+0000] {logging_mixin.py:188} INFO - [2026-03-28T19:04:42.087+0000] {dagbag.py:545} INFO - Filling up the DagBag from /opt/airflow/dags/tmdb_daily_dag.py
[2026-03-28T19:04:42.095+0000] {processor.py:840} INFO - DAG(s) 'tmdb_raw_pipeline' retrieved from /opt/airflow/dags/tmdb_daily_dag.py
[2026-03-28T19:04:42.106+0000] {logging_mixin.py:188} INFO - [2026-03-28T19:04:42.106+0000] {dag.py:3096} INFO - Sync 1 DAGs
[2026-03-28T19:04:42.116+0000] {logging_mixin.py:188} INFO - [2026-03-28T19:04:42.116+0000] {dag.py:3954} INFO - Setting next_dagrun for tmdb_raw_pipeline to 2026-03-28 00:00:00+00:00, run_after=2026-03-29 00:00:00+00:00
[2026-03-28T19:04:42.123+0000] {processor.py:183} INFO - Processing /opt/airflow/dags/tmdb_daily_dag.py took 0.044 seconds
[2026-03-28T19:05:12.624+0000] {processor.py:161} INFO - Started process (PID=47608) to work on /opt/airflow/dags/tmdb_daily_dag.py
[2026-03-28T19:05:12.625+0000] {processor.py:830} INFO - Processing file /opt/airflow/dags/tmdb_daily_dag.py for tasks to queue
[2026-03-28T19:05:12.625+0000] {logging_mixin.py:188} INFO - [2026-03-28T19:05:12.625+0000] {dagbag.py:545} INFO - Filling up the DagBag from /opt/airflow/dags/tmdb_daily_dag.py
[2026-03-28T19:05:12.631+0000] {processor.py:840} INFO - DAG(s) 'tmdb_raw_pipeline' retrieved from /opt/airflow/dags/tmdb_daily_dag.py
[2026-03-28T19:05:12.640+0000] {logging_mixin.py:188} INFO - [2026-03-28T19:05:12.640+0000] {dag.py:3096} INFO - Sync 1 DAGs
[2026-03-28T19:05:12.648+0000] {logging_mixin.py:188} INFO - [2026-03-28T19:05:12.648+0000] {dag.py:3954} INFO - Setting next_dagrun for tmdb_raw_pipeline to 2026-03-28 00:00:00+00:00, run_after=2026-03-29 00:00:00+00:00
[2026-03-28T19:05:12.655+0000] {processor.py:183} INFO - Processing /opt/airflow/dags/tmdb_daily_dag.py took 0.034 seconds
[2026-03-28T19:05:43.151+0000] {processor.py:161} INFO - Started process (PID=47628) to work on /opt/airflow/dags/tmdb_daily_dag.py
[2026-03-28T19:05:43.152+0000] {processor.py:830} INFO - Processing file /opt/airflow/dags/tmdb_daily_dag.py for tasks to queue
[2026-03-28T19:05:43.152+0000] {logging_mixin.py:188} INFO - [2026-03-28T19:05:43.152+0000] {dagbag.py:545} INFO - Filling up the DagBag from /opt/airflow/dags/tmdb_daily_dag.py
[2026-03-28T19:05:43.158+0000] {processor.py:840} INFO - DAG(s) 'tmdb_raw_pipeline' retrieved from /opt/airflow/dags/tmdb_daily_dag.py
[2026-03-28T19:05:43.169+0000] {logging_mixin.py:188} INFO - [2026-03-28T19:05:43.169+0000] {dag.py:3096} INFO - Sync 1 DAGs
[2026-03-28T19:05:43.178+0000] {logging_mixin.py:188} INFO - [2026-03-28T19:05:43.178+0000] {dag.py:3954} INFO - Setting next_dagrun for tmdb_raw_pipeline to 2026-03-28 00:00:00+00:00, run_after=2026-03-29 00:00:00+00:00
[2026-03-28T19:05:43.184+0000] {processor.py:183} INFO - Processing /opt/airflow/dags/tmdb_daily_dag.py took 0.036 seconds
[2026-03-28T19:06:13.679+0000] {processor.py:161} INFO - Started process (PID=47648) to work on /opt/airflow/dags/tmdb_daily_dag.py
[2026-03-28T19:06:13.681+0000] {processor.py:830} INFO - Processing file /opt/airflow/dags/tmdb_daily_dag.py for tasks to queue
[2026-03-28T19:06:13.681+0000] {logging_mixin.py:188} INFO - [2026-03-28T19:06:13.681+0000] {dagbag.py:545} INFO - Filling up the DagBag from /opt/airflow/dags/tmdb_daily_dag.py
[2026-03-28T19:06:13.689+0000] {processor.py:840} INFO - DAG(s) 'tmdb_raw_pipeline' retrieved from /opt/airflow/dags/tmdb_daily_dag.py
[2026-03-28T19:06:13.703+0000] {logging_mixin.py:188} INFO - [2026-03-28T19:06:13.703+0000] {dag.py:3096} INFO - Sync 1 DAGs
[2026-03-28T19:06:13.714+0000] {logging_mixin.py:188} INFO - [2026-03-28T19:06:13.714+0000] {dag.py:3954} INFO - Setting next_dagrun for tmdb_raw_pipeline to 2026-03-28 00:00:00+00:00, run_after=2026-03-29 00:00:00+00:00
[2026-03-28T19:06:13.721+0000] {processor.py:183} INFO - Processing /opt/airflow/dags/tmdb_daily_dag.py took 0.046 seconds
[2026-03-28T19:06:44.219+0000] {processor.py:161} INFO - Started process (PID=47668) to work on /opt/airflow/dags/tmdb_daily_dag.py
[2026-03-28T19:06:44.220+0000] {processor.py:830} INFO - Processing file /opt/airflow/dags/tmdb_daily_dag.py for tasks to queue
[2026-03-28T19:06:44.220+0000] {logging_mixin.py:188} INFO - [2026-03-28T19:06:44.220+0000] {dagbag.py:545} INFO - Filling up the DagBag from /opt/airflow/dags/tmdb_daily_dag.py
[2026-03-28T19:06:44.227+0000] {processor.py:840} INFO - DAG(s) 'tmdb_raw_pipeline' retrieved from /opt/airflow/dags/tmdb_daily_dag.py
[2026-03-28T19:06:44.242+0000] {logging_mixin.py:188} INFO - [2026-03-28T19:06:44.242+0000] {dag.py:3096} INFO - Sync 1 DAGs
[2026-03-28T19:06:44.251+0000] {logging_mixin.py:188} INFO - [2026-03-28T19:06:44.251+0000] {dag.py:3954} INFO - Setting next_dagrun for tmdb_raw_pipeline to 2026-03-28 00:00:00+00:00, run_after=2026-03-29 00:00:00+00:00
[2026-03-28T19:06:44.257+0000] {processor.py:183} INFO - Processing /opt/airflow/dags/tmdb_daily_dag.py took 0.042 seconds
[2026-03-28T19:07:14.675+0000] {processor.py:161} INFO - Started process (PID=47688) to work on /opt/airflow/dags/tmdb_daily_dag.py
[2026-03-28T19:07:14.676+0000] {processor.py:830} INFO - Processing file /opt/airflow/dags/tmdb_daily_dag.py for tasks to queue
[2026-03-28T19:07:14.676+0000] {logging_mixin.py:188} INFO - [2026-03-28T19:07:14.676+0000] {dagbag.py:545} INFO - Filling up the DagBag from /opt/airflow/dags/tmdb_daily_dag.py
[2026-03-28T19:07:14.682+0000] {processor.py:840} INFO - DAG(s) 'tmdb_raw_pipeline' retrieved from /opt/airflow/dags/tmdb_daily_dag.py
[2026-03-28T19:07:14.691+0000] {logging_mixin.py:188} INFO - [2026-03-28T19:07:14.691+0000] {dag.py:3096} INFO - Sync 1 DAGs
[2026-03-28T19:07:14.699+0000] {logging_mixin.py:188} INFO - [2026-03-28T19:07:14.699+0000] {dag.py:3954} INFO - Setting next_dagrun for tmdb_raw_pipeline to 2026-03-28 00:00:00+00:00, run_after=2026-03-29 00:00:00+00:00
[2026-03-28T19:07:14.706+0000] {processor.py:183} INFO - Processing /opt/airflow/dags/tmdb_daily_dag.py took 0.033 seconds
[2026-03-28T19:07:45.241+0000] {processor.py:161} INFO - Started process (PID=47708) to work on /opt/airflow/dags/tmdb_daily_dag.py
[2026-03-28T19:07:45.243+0000] {processor.py:830} INFO - Processing file /opt/airflow/dags/tmdb_daily_dag.py for tasks to queue
[2026-03-28T19:07:45.244+0000] {logging_mixin.py:188} INFO - [2026-03-28T19:07:45.244+0000] {dagbag.py:545} INFO - Filling up the DagBag from /opt/airflow/dags/tmdb_daily_dag.py
[2026-03-28T19:07:45.250+0000] {processor.py:840} INFO - DAG(s) 'tmdb_raw_pipeline' retrieved from /opt/airflow/dags/tmdb_daily_dag.py
[2026-03-28T19:07:45.261+0000] {logging_mixin.py:188} INFO - [2026-03-28T19:07:45.261+0000] {dag.py:3096} INFO - Sync 1 DAGs
[2026-03-28T19:07:45.271+0000] {logging_mixin.py:188} INFO - [2026-03-28T19:07:45.271+0000] {dag.py:3954} INFO - Setting next_dagrun for tmdb_raw_pipeline to 2026-03-28 00:00:00+00:00, run_after=2026-03-29 00:00:00+00:00
[2026-03-28T19:07:45.279+0000] {processor.py:183} INFO - Processing /opt/airflow/dags/tmdb_daily_dag.py took 0.040 seconds
[2026-03-28T19:08:15.698+0000] {processor.py:161} INFO - Started process (PID=47728) to work on /opt/airflow/dags/tmdb_daily_dag.py
[2026-03-28T19:08:15.698+0000] {processor.py:830} INFO - Processing file /opt/airflow/dags/tmdb_daily_dag.py for tasks to queue
[2026-03-28T19:08:15.699+0000] {logging_mixin.py:188} INFO - [2026-03-28T19:08:15.699+0000] {dagbag.py:545} INFO - Filling up the DagBag from /opt/airflow/dags/tmdb_daily_dag.py
[2026-03-28T19:08:15.704+0000] {processor.py:840} INFO - DAG(s) 'tmdb_raw_pipeline' retrieved from /opt/airflow/dags/tmdb_daily_dag.py
[2026-03-28T19:08:15.714+0000] {logging_mixin.py:188} INFO - [2026-03-28T19:08:15.714+0000] {dag.py:3096} INFO - Sync 1 DAGs
[2026-03-28T19:08:15.723+0000] {logging_mixin.py:188} INFO - [2026-03-28T19:08:15.723+0000] {dag.py:3954} INFO - Setting next_dagrun for tmdb_raw_pipeline to 2026-03-28 00:00:00+00:00, run_after=2026-03-29 00:00:00+00:00
[2026-03-28T19:08:15.729+0000] {processor.py:183} INFO - Processing /opt/airflow/dags/tmdb_daily_dag.py took 0.034 seconds
[2026-03-28T19:08:46.184+0000] {processor.py:161} INFO - Started process (PID=47748) to work on /opt/airflow/dags/tmdb_daily_dag.py
[2026-03-28T19:08:46.185+0000] {processor.py:830} INFO - Processing file /opt/airflow/dags/tmdb_daily_dag.py for tasks to queue
[2026-03-28T19:08:46.185+0000] {logging_mixin.py:188} INFO - [2026-03-28T19:08:46.185+0000] {dagbag.py:545} INFO - Filling up the DagBag from /opt/airflow/dags/tmdb_daily_dag.py
[2026-03-28T19:08:46.191+0000] {processor.py:840} INFO - DAG(s) 'tmdb_raw_pipeline' retrieved from /opt/airflow/dags/tmdb_daily_dag.py
[2026-03-28T19:08:46.202+0000] {logging_mixin.py:188} INFO - [2026-03-28T19:08:46.201+0000] {dag.py:3096} INFO - Sync 1 DAGs
[2026-03-28T19:08:46.211+0000] {logging_mixin.py:188} INFO - [2026-03-28T19:08:46.211+0000] {dag.py:3954} INFO - Setting next_dagrun for tmdb_raw_pipeline to 2026-03-28 00:00:00+00:00, run_after=2026-03-29 00:00:00+00:00
[2026-03-28T19:08:46.217+0000] {processor.py:183} INFO - Processing /opt/airflow/dags/tmdb_daily_dag.py took 0.036 seconds
[2026-03-28T19:09:16.694+0000] {processor.py:161} INFO - Started process (PID=47768) to work on /opt/airflow/dags/tmdb_daily_dag.py
[2026-03-28T19:09:16.695+0000] {processor.py:830} INFO - Processing file /opt/airflow/dags/tmdb_daily_dag.py for tasks to queue
[2026-03-28T19:09:16.696+0000] {logging_mixin.py:188} INFO - [2026-03-28T19:09:16.696+0000] {dagbag.py:545} INFO - Filling up the DagBag from /opt/airflow/dags/tmdb_daily_dag.py
[2026-03-28T19:09:16.704+0000] {processor.py:840} INFO - DAG(s) 'tmdb_raw_pipeline' retrieved from /opt/airflow/dags/tmdb_daily_dag.py
[2026-03-28T19:09:16.716+0000] {logging_mixin.py:188} INFO - [2026-03-28T19:09:16.716+0000] {dag.py:3096} INFO - Sync 1 DAGs
[2026-03-28T19:09:16.725+0000] {logging_mixin.py:188} INFO - [2026-03-28T19:09:16.725+0000] {dag.py:3954} INFO - Setting next_dagrun for tmdb_raw_pipeline to 2026-03-28 00:00:00+00:00, run_after=2026-03-29 00:00:00+00:00
[2026-03-28T19:09:16.734+0000] {processor.py:183} INFO - Processing /opt/airflow/dags/tmdb_daily_dag.py took 0.043 seconds
[2026-03-28T19:09:47.184+0000] {processor.py:161} INFO - Started process (PID=47788) to work on /opt/airflow/dags/tmdb_daily_dag.py
[2026-03-28T19:09:47.185+0000] {processor.py:830} INFO - Processing file /opt/airflow/dags/tmdb_daily_dag.py for tasks to queue
[2026-03-28T19:09:47.186+0000] {logging_mixin.py:188} INFO - [2026-03-28T19:09:47.186+0000] {dagbag.py:545} INFO - Filling up the DagBag from /opt/airflow/dags/tmdb_daily_dag.py
[2026-03-28T19:09:47.191+0000] {processor.py:840} INFO - DAG(s) 'tmdb_raw_pipeline' retrieved from /opt/airflow/dags/tmdb_daily_dag.py
[2026-03-28T19:09:47.201+0000] {logging_mixin.py:188} INFO - [2026-03-28T19:09:47.201+0000] {dag.py:3096} INFO - Sync 1 DAGs
[2026-03-28T19:09:47.210+0000] {logging_mixin.py:188} INFO - [2026-03-28T19:09:47.210+0000] {dag.py:3954} INFO - Setting next_dagrun for tmdb_raw_pipeline to 2026-03-28 00:00:00+00:00, run_after=2026-03-29 00:00:00+00:00
[2026-03-28T19:09:47.216+0000] {processor.py:183} INFO - Processing /opt/airflow/dags/tmdb_daily_dag.py took 0.035 seconds
[2026-03-28T19:10:17.724+0000] {processor.py:161} INFO - Started process (PID=47808) to work on /opt/airflow/dags/tmdb_daily_dag.py
[2026-03-28T19:10:17.725+0000] {processor.py:830} INFO - Processing file /opt/airflow/dags/tmdb_daily_dag.py for tasks to queue
[2026-03-28T19:10:17.725+0000] {logging_mixin.py:188} INFO - [2026-03-28T19:10:17.725+0000] {dagbag.py:545} INFO - Filling up the DagBag from /opt/airflow/dags/tmdb_daily_dag.py
[2026-03-28T19:10:17.731+0000] {processor.py:840} INFO - DAG(s) 'tmdb_raw_pipeline' retrieved from /opt/airflow/dags/tmdb_daily_dag.py
[2026-03-28T19:10:17.741+0000] {logging_mixin.py:188} INFO - [2026-03-28T19:10:17.740+0000] {dag.py:3096} INFO - Sync 1 DAGs
[2026-03-28T19:10:17.749+0000] {logging_mixin.py:188} INFO - [2026-03-28T19:10:17.749+0000] {dag.py:3954} INFO - Setting next_dagrun for tmdb_raw_pipeline to 2026-03-28 00:00:00+00:00, run_after=2026-03-29 00:00:00+00:00
[2026-03-28T19:10:17.754+0000] {processor.py:183} INFO - Processing /opt/airflow/dags/tmdb_daily_dag.py took 0.033 seconds
[2026-03-28T19:10:48.253+0000] {processor.py:161} INFO - Started process (PID=47828) to work on /opt/airflow/dags/tmdb_daily_dag.py
[2026-03-28T19:10:48.254+0000] {processor.py:830} INFO - Processing file /opt/airflow/dags/tmdb_daily_dag.py for tasks to queue
[2026-03-28T19:10:48.254+0000] {logging_mixin.py:188} INFO - [2026-03-28T19:10:48.254+0000] {dagbag.py:545} INFO - Filling up the DagBag from /opt/airflow/dags/tmdb_daily_dag.py
[2026-03-28T19:10:48.261+0000] {processor.py:840} INFO - DAG(s) 'tmdb_raw_pipeline' retrieved from /opt/airflow/dags/tmdb_daily_dag.py
[2026-03-28T19:10:48.271+0000] {logging_mixin.py:188} INFO - [2026-03-28T19:10:48.271+0000] {dag.py:3096} INFO - Sync 1 DAGs
[2026-03-28T19:10:48.280+0000] {logging_mixin.py:188} INFO - [2026-03-28T19:10:48.279+0000] {dag.py:3954} INFO - Setting next_dagrun for tmdb_raw_pipeline to 2026-03-28 00:00:00+00:00, run_after=2026-03-29 00:00:00+00:00
[2026-03-28T19:10:48.285+0000] {processor.py:183} INFO - Processing /opt/airflow/dags/tmdb_daily_dag.py took 0.038 seconds
[2026-03-28T19:11:18.776+0000] {processor.py:161} INFO - Started process (PID=47848) to work on /opt/airflow/dags/tmdb_daily_dag.py
[2026-03-28T19:11:18.777+0000] {processor.py:830} INFO - Processing file /opt/airflow/dags/tmdb_daily_dag.py for tasks to queue
[2026-03-28T19:11:18.777+0000] {logging_mixin.py:188} INFO - [2026-03-28T19:11:18.777+0000] {dagbag.py:545} INFO - Filling up the DagBag from /opt/airflow/dags/tmdb_daily_dag.py
[2026-03-28T19:11:18.783+0000] {processor.py:840} INFO - DAG(s) 'tmdb_raw_pipeline' retrieved from /opt/airflow/dags/tmdb_daily_dag.py
[2026-03-28T19:11:18.794+0000] {logging_mixin.py:188} INFO - [2026-03-28T19:11:18.794+0000] {dag.py:3096} INFO - Sync 1 DAGs
[2026-03-28T19:11:18.803+0000] {logging_mixin.py:188} INFO - [2026-03-28T19:11:18.803+0000] {dag.py:3954} INFO - Setting next_dagrun for tmdb_raw_pipeline to 2026-03-28 00:00:00+00:00, run_after=2026-03-29 00:00:00+00:00
[2026-03-28T19:11:18.810+0000] {processor.py:183} INFO - Processing /opt/airflow/dags/tmdb_daily_dag.py took 0.038 seconds
[2026-03-28T19:11:49.295+0000] {processor.py:161} INFO - Started process (PID=47868) to work on /opt/airflow/dags/tmdb_daily_dag.py
[2026-03-28T19:11:49.296+0000] {processor.py:830} INFO - Processing file /opt/airflow/dags/tmdb_daily_dag.py for tasks to queue
[2026-03-28T19:11:49.296+0000] {logging_mixin.py:188} INFO - [2026-03-28T19:11:49.296+0000] {dagbag.py:545} INFO - Filling up the DagBag from /opt/airflow/dags/tmdb_daily_dag.py
[2026-03-28T19:11:49.302+0000] {processor.py:840} INFO - DAG(s) 'tmdb_raw_pipeline' retrieved from /opt/airflow/dags/tmdb_daily_dag.py
[2026-03-28T19:11:49.313+0000] {logging_mixin.py:188} INFO - [2026-03-28T19:11:49.313+0000] {dag.py:3096} INFO - Sync 1 DAGs
[2026-03-28T19:11:49.321+0000] {logging_mixin.py:188} INFO - [2026-03-28T19:11:49.321+0000] {dag.py:3954} INFO - Setting next_dagrun for tmdb_raw_pipeline to 2026-03-28 00:00:00+00:00, run_after=2026-03-29 00:00:00+00:00
[2026-03-28T19:11:49.327+0000] {processor.py:183} INFO - Processing /opt/airflow/dags/tmdb_daily_dag.py took 0.034 seconds
[2026-03-28T19:12:19.719+0000] {processor.py:161} INFO - Started process (PID=47888) to work on /opt/airflow/dags/tmdb_daily_dag.py
[2026-03-28T19:12:19.720+0000] {processor.py:830} INFO - Processing file /opt/airflow/dags/tmdb_daily_dag.py for tasks to queue
[2026-03-28T19:12:19.720+0000] {logging_mixin.py:188} INFO - [2026-03-28T19:12:19.720+0000] {dagbag.py:545} INFO - Filling up the DagBag from /opt/airflow/dags/tmdb_daily_dag.py
[2026-03-28T19:12:19.725+0000] {processor.py:840} INFO - DAG(s) 'tmdb_raw_pipeline' retrieved from /opt/airflow/dags/tmdb_daily_dag.py
[2026-03-28T19:12:19.734+0000] {logging_mixin.py:188} INFO - [2026-03-28T19:12:19.734+0000] {dag.py:3096} INFO - Sync 1 DAGs
[2026-03-28T19:12:19.741+0000] {logging_mixin.py:188} INFO - [2026-03-28T19:12:19.741+0000] {dag.py:3954} INFO - Setting next_dagrun for tmdb_raw_pipeline to 2026-03-28 00:00:00+00:00, run_after=2026-03-29 00:00:00+00:00
[2026-03-28T19:12:19.747+0000] {processor.py:183} INFO - Processing /opt/airflow/dags/tmdb_daily_dag.py took 0.031 seconds
[2026-03-28T19:12:50.232+0000] {processor.py:161} INFO - Started process (PID=47908) to work on /opt/airflow/dags/tmdb_daily_dag.py
[2026-03-28T19:12:50.233+0000] {processor.py:830} INFO - Processing file /opt/airflow/dags/tmdb_daily_dag.py for tasks to queue
[2026-03-28T19:12:50.233+0000] {logging_mixin.py:188} INFO - [2026-03-28T19:12:50.233+0000] {dagbag.py:545} INFO - Filling up the DagBag from /opt/airflow/dags/tmdb_daily_dag.py
[2026-03-28T19:12:50.239+0000] {processor.py:840} INFO - DAG(s) 'tmdb_raw_pipeline' retrieved from /opt/airflow/dags/tmdb_daily_dag.py
[2026-03-28T19:12:50.248+0000] {logging_mixin.py:188} INFO - [2026-03-28T19:12:50.248+0000] {dag.py:3096} INFO - Sync 1 DAGs
[2026-03-28T19:12:50.256+0000] {logging_mixin.py:188} INFO - [2026-03-28T19:12:50.256+0000] {dag.py:3954} INFO - Setting next_dagrun for tmdb_raw_pipeline to 2026-03-28 00:00:00+00:00, run_after=2026-03-29 00:00:00+00:00
[2026-03-28T19:12:50.262+0000] {processor.py:183} INFO - Processing /opt/airflow/dags/tmdb_daily_dag.py took 0.032 seconds
[2026-03-28T19:13:20.784+0000] {processor.py:161} INFO - Started process (PID=47928) to work on /opt/airflow/dags/tmdb_daily_dag.py
[2026-03-28T19:13:20.785+0000] {processor.py:830} INFO - Processing file /opt/airflow/dags/tmdb_daily_dag.py for tasks to queue
[2026-03-28T19:13:20.785+0000] {logging_mixin.py:188} INFO - [2026-03-28T19:13:20.785+0000] {dagbag.py:545} INFO - Filling up the DagBag from /opt/airflow/dags/tmdb_daily_dag.py
[2026-03-28T19:13:20.792+0000] {processor.py:840} INFO - DAG(s) 'tmdb_raw_pipeline' retrieved from /opt/airflow/dags/tmdb_daily_dag.py
[2026-03-28T19:13:20.803+0000] {logging_mixin.py:188} INFO - [2026-03-28T19:13:20.802+0000] {dag.py:3096} INFO - Sync 1 DAGs
[2026-03-28T19:13:20.812+0000] {logging_mixin.py:188} INFO - [2026-03-28T19:13:20.811+0000] {dag.py:3954} INFO - Setting next_dagrun for tmdb_raw_pipeline to 2026-03-28 00:00:00+00:00, run_after=2026-03-29 00:00:00+00:00
[2026-03-28T19:13:20.818+0000] {processor.py:183} INFO - Processing /opt/airflow/dags/tmdb_daily_dag.py took 0.036 seconds
[2026-03-28T19:13:51.281+0000] {processor.py:161} INFO - Started process (PID=47948) to work on /opt/airflow/dags/tmdb_daily_dag.py
[2026-03-28T19:13:51.282+0000] {processor.py:830} INFO - Processing file /opt/airflow/dags/tmdb_daily_dag.py for tasks to queue
[2026-03-28T19:13:51.282+0000] {logging_mixin.py:188} INFO - [2026-03-28T19:13:51.282+0000] {dagbag.py:545} INFO - Filling up the DagBag from /opt/airflow/dags/tmdb_daily_dag.py
[2026-03-28T19:13:51.288+0000] {processor.py:840} INFO - DAG(s) 'tmdb_raw_pipeline' retrieved from /opt/airflow/dags/tmdb_daily_dag.py
[2026-03-28T19:13:51.297+0000] {logging_mixin.py:188} INFO - [2026-03-28T19:13:51.297+0000] {dag.py:3096} INFO - Sync 1 DAGs
[2026-03-28T19:13:51.305+0000] {logging_mixin.py:188} INFO - [2026-03-28T19:13:51.305+0000] {dag.py:3954} INFO - Setting next_dagrun for tmdb_raw_pipeline to 2026-03-28 00:00:00+00:00, run_after=2026-03-29 00:00:00+00:00
[2026-03-28T19:13:51.311+0000] {processor.py:183} INFO - Processing /opt/airflow/dags/tmdb_daily_dag.py took 0.033 seconds
[2026-03-28T19:14:21.859+0000] {processor.py:161} INFO - Started process (PID=47968) to work on /opt/airflow/dags/tmdb_daily_dag.py
[2026-03-28T19:14:21.861+0000] {processor.py:830} INFO - Processing file /opt/airflow/dags/tmdb_daily_dag.py for tasks to queue
[2026-03-28T19:14:21.861+0000] {logging_mixin.py:188} INFO - [2026-03-28T19:14:21.861+0000] {dagbag.py:545} INFO - Filling up the DagBag from /opt/airflow/dags/tmdb_daily_dag.py
[2026-03-28T19:14:21.868+0000] {processor.py:840} INFO - DAG(s) 'tmdb_raw_pipeline' retrieved from /opt/airflow/dags/tmdb_daily_dag.py
[2026-03-28T19:14:21.878+0000] {logging_mixin.py:188} INFO - [2026-03-28T19:14:21.878+0000] {dag.py:3096} INFO - Sync 1 DAGs
[2026-03-28T19:14:21.887+0000] {logging_mixin.py:188} INFO - [2026-03-28T19:14:21.887+0000] {dag.py:3954} INFO - Setting next_dagrun for tmdb_raw_pipeline to 2026-03-28 00:00:00+00:00, run_after=2026-03-29 00:00:00+00:00
[2026-03-28T19:14:21.893+0000] {processor.py:183} INFO - Processing /opt/airflow/dags/tmdb_daily_dag.py took 0.038 seconds
[2026-03-28T19:14:52.345+0000] {processor.py:161} INFO - Started process (PID=47988) to work on /opt/airflow/dags/tmdb_daily_dag.py
[2026-03-28T19:14:52.346+0000] {processor.py:830} INFO - Processing file /opt/airflow/dags/tmdb_daily_dag.py for tasks to queue
[2026-03-28T19:14:52.347+0000] {logging_mixin.py:188} INFO - [2026-03-28T19:14:52.346+0000] {dagbag.py:545} INFO - Filling up the DagBag from /opt/airflow/dags/tmdb_daily_dag.py
[2026-03-28T19:14:52.353+0000] {processor.py:840} INFO - DAG(s) 'tmdb_raw_pipeline' retrieved from /opt/airflow/dags/tmdb_daily_dag.py
[2026-03-28T19:14:52.362+0000] {logging_mixin.py:188} INFO - [2026-03-28T19:14:52.362+0000] {dag.py:3096} INFO - Sync 1 DAGs
[2026-03-28T19:14:52.370+0000] {logging_mixin.py:188} INFO - [2026-03-28T19:14:52.370+0000] {dag.py:3954} INFO - Setting next_dagrun for tmdb_raw_pipeline to 2026-03-28 00:00:00+00:00, run_after=2026-03-29 00:00:00+00:00
[2026-03-28T19:14:52.376+0000] {processor.py:183} INFO - Processing /opt/airflow/dags/tmdb_daily_dag.py took 0.035 seconds
[2026-03-28T19:15:22.846+0000] {processor.py:161} INFO - Started process (PID=48008) to work on /opt/airflow/dags/tmdb_daily_dag.py
[2026-03-28T19:15:22.847+0000] {processor.py:830} INFO - Processing file /opt/airflow/dags/tmdb_daily_dag.py for tasks to queue
[2026-03-28T19:15:22.847+0000] {logging_mixin.py:188} INFO - [2026-03-28T19:15:22.847+0000] {dagbag.py:545} INFO - Filling up the DagBag from /opt/airflow/dags/tmdb_daily_dag.py
[2026-03-28T19:15:22.853+0000] {processor.py:840} INFO - DAG(s) 'tmdb_raw_pipeline' retrieved from /opt/airflow/dags/tmdb_daily_dag.py
[2026-03-28T19:15:22.864+0000] {logging_mixin.py:188} INFO - [2026-03-28T19:15:22.864+0000] {dag.py:3096} INFO - Sync 1 DAGs
[2026-03-28T19:15:22.872+0000] {logging_mixin.py:188} INFO - [2026-03-28T19:15:22.872+0000] {dag.py:3954} INFO - Setting next_dagrun for tmdb_raw_pipeline to 2026-03-28 00:00:00+00:00, run_after=2026-03-29 00:00:00+00:00
[2026-03-28T19:15:22.878+0000] {processor.py:183} INFO - Processing /opt/airflow/dags/tmdb_daily_dag.py took 0.034 seconds
[2026-03-28T19:15:53.296+0000] {processor.py:161} INFO - Started process (PID=48028) to work on /opt/airflow/dags/tmdb_daily_dag.py
[2026-03-28T19:15:53.297+0000] {processor.py:830} INFO - Processing file /opt/airflow/dags/tmdb_daily_dag.py for tasks to queue
[2026-03-28T19:15:53.298+0000] {logging_mixin.py:188} INFO - [2026-03-28T19:15:53.297+0000] {dagbag.py:545} INFO - Filling up the DagBag from /opt/airflow/dags/tmdb_daily_dag.py
[2026-03-28T19:15:53.303+0000] {processor.py:840} INFO - DAG(s) 'tmdb_raw_pipeline' retrieved from /opt/airflow/dags/tmdb_daily_dag.py
[2026-03-28T19:15:53.312+0000] {logging_mixin.py:188} INFO - [2026-03-28T19:15:53.312+0000] {dag.py:3096} INFO - Sync 1 DAGs
[2026-03-28T19:15:53.320+0000] {logging_mixin.py:188} INFO - [2026-03-28T19:15:53.320+0000] {dag.py:3954} INFO - Setting next_dagrun for tmdb_raw_pipeline to 2026-03-28 00:00:00+00:00, run_after=2026-03-29 00:00:00+00:00
[2026-03-28T19:15:53.326+0000] {processor.py:183} INFO - Processing /opt/airflow/dags/tmdb_daily_dag.py took 0.032 seconds
[2026-03-28T19:16:23.764+0000] {processor.py:161} INFO - Started process (PID=48048) to work on /opt/airflow/dags/tmdb_daily_dag.py
[2026-03-28T19:16:23.765+0000] {processor.py:830} INFO - Processing file /opt/airflow/dags/tmdb_daily_dag.py for tasks to queue
[2026-03-28T19:16:23.765+0000] {logging_mixin.py:188} INFO - [2026-03-28T19:16:23.765+0000] {dagbag.py:545} INFO - Filling up the DagBag from /opt/airflow/dags/tmdb_daily_dag.py
[2026-03-28T19:16:23.772+0000] {processor.py:840} INFO - DAG(s) 'tmdb_raw_pipeline' retrieved from /opt/airflow/dags/tmdb_daily_dag.py
[2026-03-28T19:16:23.782+0000] {logging_mixin.py:188} INFO - [2026-03-28T19:16:23.782+0000] {dag.py:3096} INFO - Sync 1 DAGs
[2026-03-28T19:16:23.790+0000] {logging_mixin.py:188} INFO - [2026-03-28T19:16:23.790+0000] {dag.py:3954} INFO - Setting next_dagrun for tmdb_raw_pipeline to 2026-03-28 00:00:00+00:00, run_after=2026-03-29 00:00:00+00:00
[2026-03-28T19:16:23.796+0000] {processor.py:183} INFO - Processing /opt/airflow/dags/tmdb_daily_dag.py took 0.036 seconds
[2026-03-28T19:16:54.246+0000] {processor.py:161} INFO - Started process (PID=48068) to work on /opt/airflow/dags/tmdb_daily_dag.py
[2026-03-28T19:16:54.247+0000] {processor.py:830} INFO - Processing file /opt/airflow/dags/tmdb_daily_dag.py for tasks to queue
[2026-03-28T19:16:54.247+0000] {logging_mixin.py:188} INFO - [2026-03-28T19:16:54.247+0000] {dagbag.py:545} INFO - Filling up the DagBag from /opt/airflow/dags/tmdb_daily_dag.py
[2026-03-28T19:16:54.252+0000] {processor.py:840} INFO - DAG(s) 'tmdb_raw_pipeline' retrieved from /opt/airflow/dags/tmdb_daily_dag.py
[2026-03-28T19:16:54.262+0000] {logging_mixin.py:188} INFO - [2026-03-28T19:16:54.261+0000] {dag.py:3096} INFO - Sync 1 DAGs
[2026-03-28T19:16:54.270+0000] {logging_mixin.py:188} INFO - [2026-03-28T19:16:54.270+0000] {dag.py:3954} INFO - Setting next_dagrun for tmdb_raw_pipeline to 2026-03-28 00:00:00+00:00, run_after=2026-03-29 00:00:00+00:00
[2026-03-28T19:16:54.275+0000] {processor.py:183} INFO - Processing /opt/airflow/dags/tmdb_daily_dag.py took 0.032 seconds
[2026-03-28T19:17:24.733+0000] {processor.py:161} INFO - Started process (PID=48088) to work on /opt/airflow/dags/tmdb_daily_dag.py
[2026-03-28T19:17:24.734+0000] {processor.py:830} INFO - Processing file /opt/airflow/dags/tmdb_daily_dag.py for tasks to queue
[2026-03-28T19:17:24.734+0000] {logging_mixin.py:188} INFO - [2026-03-28T19:17:24.734+0000] {dagbag.py:545} INFO - Filling up the DagBag from /opt/airflow/dags/tmdb_daily_dag.py
[2026-03-28T19:17:24.740+0000] {processor.py:840} INFO - DAG(s) 'tmdb_raw_pipeline' retrieved from /opt/airflow/dags/tmdb_daily_dag.py
[2026-03-28T19:17:24.750+0000] {logging_mixin.py:188} INFO - [2026-03-28T19:17:24.750+0000] {dag.py:3096} INFO - Sync 1 DAGs
[2026-03-28T19:17:24.757+0000] {logging_mixin.py:188} INFO - [2026-03-28T19:17:24.757+0000] {dag.py:3954} INFO - Setting next_dagrun for tmdb_raw_pipeline to 2026-03-28 00:00:00+00:00, run_after=2026-03-29 00:00:00+00:00
[2026-03-28T19:17:24.763+0000] {processor.py:183} INFO - Processing /opt/airflow/dags/tmdb_daily_dag.py took 0.033 seconds
[2026-03-28T19:17:55.166+0000] {processor.py:161} INFO - Started process (PID=48108) to work on /opt/airflow/dags/tmdb_daily_dag.py
[2026-03-28T19:17:55.167+0000] {processor.py:830} INFO - Processing file /opt/airflow/dags/tmdb_daily_dag.py for tasks to queue
[2026-03-28T19:17:55.167+0000] {logging_mixin.py:188} INFO - [2026-03-28T19:17:55.167+0000] {dagbag.py:545} INFO - Filling up the DagBag from /opt/airflow/dags/tmdb_daily_dag.py
[2026-03-28T19:17:55.174+0000] {processor.py:840} INFO - DAG(s) 'tmdb_raw_pipeline' retrieved from /opt/airflow/dags/tmdb_daily_dag.py
[2026-03-28T19:17:55.184+0000] {logging_mixin.py:188} INFO - [2026-03-28T19:17:55.184+0000] {dag.py:3096} INFO - Sync 1 DAGs
[2026-03-28T19:17:55.193+0000] {logging_mixin.py:188} INFO - [2026-03-28T19:17:55.193+0000] {dag.py:3954} INFO - Setting next_dagrun for tmdb_raw_pipeline to 2026-03-28 00:00:00+00:00, run_after=2026-03-29 00:00:00+00:00
[2026-03-28T19:17:55.199+0000] {processor.py:183} INFO - Processing /opt/airflow/dags/tmdb_daily_dag.py took 0.037 seconds
[2026-03-28T19:18:25.671+0000] {processor.py:161} INFO - Started process (PID=48128) to work on /opt/airflow/dags/tmdb_daily_dag.py
[2026-03-28T19:18:25.672+0000] {processor.py:830} INFO - Processing file /opt/airflow/dags/tmdb_daily_dag.py for tasks to queue
[2026-03-28T19:18:25.673+0000] {logging_mixin.py:188} INFO - [2026-03-28T19:18:25.672+0000] {dagbag.py:545} INFO - Filling up the DagBag from /opt/airflow/dags/tmdb_daily_dag.py
[2026-03-28T19:18:25.679+0000] {processor.py:840} INFO - DAG(s) 'tmdb_raw_pipeline' retrieved from /opt/airflow/dags/tmdb_daily_dag.py
[2026-03-28T19:18:25.689+0000] {logging_mixin.py:188} INFO - [2026-03-28T19:18:25.688+0000] {dag.py:3096} INFO - Sync 1 DAGs
[2026-03-28T19:18:25.699+0000] {logging_mixin.py:188} INFO - [2026-03-28T19:18:25.699+0000] {dag.py:3954} INFO - Setting next_dagrun for tmdb_raw_pipeline to 2026-03-28 00:00:00+00:00, run_after=2026-03-29 00:00:00+00:00
[2026-03-28T19:18:25.705+0000] {processor.py:183} INFO - Processing /opt/airflow/dags/tmdb_daily_dag.py took 0.037 seconds
[2026-03-28T19:18:56.132+0000] {processor.py:161} INFO - Started process (PID=48148) to work on /opt/airflow/dags/tmdb_daily_dag.py
[2026-03-28T19:18:56.133+0000] {processor.py:830} INFO - Processing file /opt/airflow/dags/tmdb_daily_dag.py for tasks to queue
[2026-03-28T19:18:56.133+0000] {logging_mixin.py:188} INFO - [2026-03-28T19:18:56.133+0000] {dagbag.py:545} INFO - Filling up the DagBag from /opt/airflow/dags/tmdb_daily_dag.py
[2026-03-28T19:18:56.139+0000] {processor.py:840} INFO - DAG(s) 'tmdb_raw_pipeline' retrieved from /opt/airflow/dags/tmdb_daily_dag.py
[2026-03-28T19:18:56.148+0000] {logging_mixin.py:188} INFO - [2026-03-28T19:18:56.148+0000] {dag.py:3096} INFO - Sync 1 DAGs
[2026-03-28T19:18:56.156+0000] {logging_mixin.py:188} INFO - [2026-03-28T19:18:56.156+0000] {dag.py:3954} INFO - Setting next_dagrun for tmdb_raw_pipeline to 2026-03-28 00:00:00+00:00, run_after=2026-03-29 00:00:00+00:00
[2026-03-28T19:18:56.163+0000] {processor.py:183} INFO - Processing /opt/airflow/dags/tmdb_daily_dag.py took 0.033 seconds
[2026-03-28T19:19:26.711+0000] {processor.py:161} INFO - Started process (PID=48168) to work on /opt/airflow/dags/tmdb_daily_dag.py
[2026-03-28T19:19:26.712+0000] {processor.py:830} INFO - Processing file /opt/airflow/dags/tmdb_daily_dag.py for tasks to queue
[2026-03-28T19:19:26.712+0000] {logging_mixin.py:188} INFO - [2026-03-28T19:19:26.712+0000] {dagbag.py:545} INFO - Filling up the DagBag from /opt/airflow/dags/tmdb_daily_dag.py
[2026-03-28T19:19:26.722+0000] {processor.py:840} INFO - DAG(s) 'tmdb_raw_pipeline' retrieved from /opt/airflow/dags/tmdb_daily_dag.py
[2026-03-28T19:19:26.733+0000] {logging_mixin.py:188} INFO - [2026-03-28T19:19:26.733+0000] {dag.py:3096} INFO - Sync 1 DAGs
[2026-03-28T19:19:26.743+0000] {logging_mixin.py:188} INFO - [2026-03-28T19:19:26.743+0000] {dag.py:3954} INFO - Setting next_dagrun for tmdb_raw_pipeline to 2026-03-28 00:00:00+00:00, run_after=2026-03-29 00:00:00+00:00
[2026-03-28T19:19:26.752+0000] {processor.py:183} INFO - Processing /opt/airflow/dags/tmdb_daily_dag.py took 0.044 seconds
[2026-03-28T19:19:57.166+0000] {processor.py:161} INFO - Started process (PID=48188) to work on /opt/airflow/dags/tmdb_daily_dag.py
[2026-03-28T19:19:57.167+0000] {processor.py:830} INFO - Processing file /opt/airflow/dags/tmdb_daily_dag.py for tasks to queue
[2026-03-28T19:19:57.168+0000] {logging_mixin.py:188} INFO - [2026-03-28T19:19:57.167+0000] {dagbag.py:545} INFO - Filling up the DagBag from /opt/airflow/dags/tmdb_daily_dag.py
[2026-03-28T19:19:57.173+0000] {processor.py:840} INFO - DAG(s) 'tmdb_raw_pipeline' retrieved from /opt/airflow/dags/tmdb_daily_dag.py
[2026-03-28T19:19:57.183+0000] {logging_mixin.py:188} INFO - [2026-03-28T19:19:57.183+0000] {dag.py:3096} INFO - Sync 1 DAGs
[2026-03-28T19:19:57.191+0000] {logging_mixin.py:188} INFO - [2026-03-28T19:19:57.191+0000] {dag.py:3954} INFO - Setting next_dagrun for tmdb_raw_pipeline to 2026-03-28 00:00:00+00:00, run_after=2026-03-29 00:00:00+00:00
[2026-03-28T19:19:57.197+0000] {processor.py:183} INFO - Processing /opt/airflow/dags/tmdb_daily_dag.py took 0.034 seconds
[2026-03-28T19:20:27.735+0000] {processor.py:161} INFO - Started process (PID=48208) to work on /opt/airflow/dags/tmdb_daily_dag.py
[2026-03-28T19:20:27.736+0000] {processor.py:830} INFO - Processing file /opt/airflow/dags/tmdb_daily_dag.py for tasks to queue
[2026-03-28T19:20:27.736+0000] {logging_mixin.py:188} INFO - [2026-03-28T19:20:27.736+0000] {dagbag.py:545} INFO - Filling up the DagBag from /opt/airflow/dags/tmdb_daily_dag.py
[2026-03-28T19:20:27.744+0000] {processor.py:840} INFO - DAG(s) 'tmdb_raw_pipeline' retrieved from /opt/airflow/dags/tmdb_daily_dag.py
[2026-03-28T19:20:27.754+0000] {logging_mixin.py:188} INFO - [2026-03-28T19:20:27.754+0000] {dag.py:3096} INFO - Sync 1 DAGs
[2026-03-28T19:20:27.763+0000] {logging_mixin.py:188} INFO - [2026-03-28T19:20:27.763+0000] {dag.py:3954} INFO - Setting next_dagrun for tmdb_raw_pipeline to 2026-03-28 00:00:00+00:00, run_after=2026-03-29 00:00:00+00:00
[2026-03-28T19:20:27.769+0000] {processor.py:183} INFO - Processing /opt/airflow/dags/tmdb_daily_dag.py took 0.037 seconds
[2026-03-28T19:20:58.189+0000] {processor.py:161} INFO - Started process (PID=48226) to work on /opt/airflow/dags/tmdb_daily_dag.py
[2026-03-28T19:20:58.190+0000] {processor.py:830} INFO - Processing file /opt/airflow/dags/tmdb_daily_dag.py for tasks to queue
[2026-03-28T19:20:58.191+0000] {logging_mixin.py:188} INFO - [2026-03-28T19:20:58.190+0000] {dagbag.py:545} INFO - Filling up the DagBag from /opt/airflow/dags/tmdb_daily_dag.py
[2026-03-28T19:20:58.196+0000] {processor.py:840} INFO - DAG(s) 'tmdb_raw_pipeline' retrieved from /opt/airflow/dags/tmdb_daily_dag.py
[2026-03-28T19:20:58.211+0000] {logging_mixin.py:188} INFO - [2026-03-28T19:20:58.210+0000] {dag.py:3096} INFO - Sync 1 DAGs
[2026-03-28T19:20:58.222+0000] {logging_mixin.py:188} INFO - [2026-03-28T19:20:58.222+0000] {dag.py:3954} INFO - Setting next_dagrun for tmdb_raw_pipeline to 2026-03-28 00:00:00+00:00, run_after=2026-03-29 00:00:00+00:00
[2026-03-28T19:20:58.233+0000] {processor.py:183} INFO - Processing /opt/airflow/dags/tmdb_daily_dag.py took 0.047 seconds
[2026-03-28T19:21:28.749+0000] {processor.py:161} INFO - Started process (PID=48248) to work on /opt/airflow/dags/tmdb_daily_dag.py
[2026-03-28T19:21:28.750+0000] {processor.py:830} INFO - Processing file /opt/airflow/dags/tmdb_daily_dag.py for tasks to queue
[2026-03-28T19:21:28.751+0000] {logging_mixin.py:188} INFO - [2026-03-28T19:21:28.751+0000] {dagbag.py:545} INFO - Filling up the DagBag from /opt/airflow/dags/tmdb_daily_dag.py
[2026-03-28T19:21:28.757+0000] {processor.py:840} INFO - DAG(s) 'tmdb_raw_pipeline' retrieved from /opt/airflow/dags/tmdb_daily_dag.py
[2026-03-28T19:21:28.767+0000] {logging_mixin.py:188} INFO - [2026-03-28T19:21:28.766+0000] {dag.py:3096} INFO - Sync 1 DAGs
[2026-03-28T19:21:28.775+0000] {logging_mixin.py:188} INFO - [2026-03-28T19:21:28.775+0000] {dag.py:3954} INFO - Setting next_dagrun for tmdb_raw_pipeline to 2026-03-28 00:00:00+00:00, run_after=2026-03-29 00:00:00+00:00
[2026-03-28T19:21:28.781+0000] {processor.py:183} INFO - Processing /opt/airflow/dags/tmdb_daily_dag.py took 0.034 seconds
[2026-03-28T19:21:59.160+0000] {processor.py:161} INFO - Started process (PID=48268) to work on /opt/airflow/dags/tmdb_daily_dag.py
[2026-03-28T19:21:59.161+0000] {processor.py:830} INFO - Processing file /opt/airflow/dags/tmdb_daily_dag.py for tasks to queue
[2026-03-28T19:21:59.161+0000] {logging_mixin.py:188} INFO - [2026-03-28T19:21:59.161+0000] {dagbag.py:545} INFO - Filling up the DagBag from /opt/airflow/dags/tmdb_daily_dag.py
[2026-03-28T19:21:59.167+0000] {processor.py:840} INFO - DAG(s) 'tmdb_raw_pipeline' retrieved from /opt/airflow/dags/tmdb_daily_dag.py
[2026-03-28T19:21:59.177+0000] {logging_mixin.py:188} INFO - [2026-03-28T19:21:59.177+0000] {dag.py:3096} INFO - Sync 1 DAGs
[2026-03-28T19:21:59.185+0000] {logging_mixin.py:188} INFO - [2026-03-28T19:21:59.185+0000] {dag.py:3954} INFO - Setting next_dagrun for tmdb_raw_pipeline to 2026-03-28 00:00:00+00:00, run_after=2026-03-29 00:00:00+00:00
[2026-03-28T19:21:59.191+0000] {processor.py:183} INFO - Processing /opt/airflow/dags/tmdb_daily_dag.py took 0.034 seconds
[2026-03-28T19:22:29.693+0000] {processor.py:161} INFO - Started process (PID=48288) to work on /opt/airflow/dags/tmdb_daily_dag.py
[2026-03-28T19:22:29.694+0000] {processor.py:830} INFO - Processing file /opt/airflow/dags/tmdb_daily_dag.py for tasks to queue
[2026-03-28T19:22:29.694+0000] {logging_mixin.py:188} INFO - [2026-03-28T19:22:29.694+0000] {dagbag.py:545} INFO - Filling up the DagBag from /opt/airflow/dags/tmdb_daily_dag.py
[2026-03-28T19:22:29.701+0000] {processor.py:840} INFO - DAG(s) 'tmdb_raw_pipeline' retrieved from /opt/airflow/dags/tmdb_daily_dag.py
[2026-03-28T19:22:29.710+0000] {logging_mixin.py:188} INFO - [2026-03-28T19:22:29.710+0000] {dag.py:3096} INFO - Sync 1 DAGs
[2026-03-28T19:22:29.718+0000] {logging_mixin.py:188} INFO - [2026-03-28T19:22:29.718+0000] {dag.py:3954} INFO - Setting next_dagrun for tmdb_raw_pipeline to 2026-03-28 00:00:00+00:00, run_after=2026-03-29 00:00:00+00:00
[2026-03-28T19:22:29.724+0000] {processor.py:183} INFO - Processing /opt/airflow/dags/tmdb_daily_dag.py took 0.033 seconds
[2026-03-28T19:23:00.187+0000] {processor.py:161} INFO - Started process (PID=48308) to work on /opt/airflow/dags/tmdb_daily_dag.py
[2026-03-28T19:23:00.188+0000] {processor.py:830} INFO - Processing file /opt/airflow/dags/tmdb_daily_dag.py for tasks to queue
[2026-03-28T19:23:00.188+0000] {logging_mixin.py:188} INFO - [2026-03-28T19:23:00.188+0000] {dagbag.py:545} INFO - Filling up the DagBag from /opt/airflow/dags/tmdb_daily_dag.py
[2026-03-28T19:23:00.194+0000] {processor.py:840} INFO - DAG(s) 'tmdb_raw_pipeline' retrieved from /opt/airflow/dags/tmdb_daily_dag.py
[2026-03-28T19:23:00.203+0000] {logging_mixin.py:188} INFO - [2026-03-28T19:23:00.203+0000] {dag.py:3096} INFO - Sync 1 DAGs
[2026-03-28T19:23:00.214+0000] {logging_mixin.py:188} INFO - [2026-03-28T19:23:00.213+0000] {dag.py:3954} INFO - Setting next_dagrun for tmdb_raw_pipeline to 2026-03-28 00:00:00+00:00, run_after=2026-03-29 00:00:00+00:00
[2026-03-28T19:23:00.220+0000] {processor.py:183} INFO - Processing /opt/airflow/dags/tmdb_daily_dag.py took 0.035 seconds
[2026-03-28T19:23:30.821+0000] {processor.py:161} INFO - Started process (PID=48328) to work on /opt/airflow/dags/tmdb_daily_dag.py
[2026-03-28T19:23:30.822+0000] {processor.py:830} INFO - Processing file /opt/airflow/dags/tmdb_daily_dag.py for tasks to queue
[2026-03-28T19:23:30.822+0000] {logging_mixin.py:188} INFO - [2026-03-28T19:23:30.822+0000] {dagbag.py:545} INFO - Filling up the DagBag from /opt/airflow/dags/tmdb_daily_dag.py
[2026-03-28T19:23:30.828+0000] {processor.py:840} INFO - DAG(s) 'tmdb_raw_pipeline' retrieved from /opt/airflow/dags/tmdb_daily_dag.py
[2026-03-28T19:23:30.838+0000] {logging_mixin.py:188} INFO - [2026-03-28T19:23:30.838+0000] {dag.py:3096} INFO - Sync 1 DAGs
[2026-03-28T19:23:30.846+0000] {logging_mixin.py:188} INFO - [2026-03-28T19:23:30.846+0000] {dag.py:3954} INFO - Setting next_dagrun for tmdb_raw_pipeline to 2026-03-28 00:00:00+00:00, run_after=2026-03-29 00:00:00+00:00
[2026-03-28T19:23:30.852+0000] {processor.py:183} INFO - Processing /opt/airflow/dags/tmdb_daily_dag.py took 0.034 seconds
[2026-03-28T19:24:01.284+0000] {processor.py:161} INFO - Started process (PID=48348) to work on /opt/airflow/dags/tmdb_daily_dag.py
[2026-03-28T19:24:01.284+0000] {processor.py:830} INFO - Processing file /opt/airflow/dags/tmdb_daily_dag.py for tasks to queue
[2026-03-28T19:24:01.285+0000] {logging_mixin.py:188} INFO - [2026-03-28T19:24:01.285+0000] {dagbag.py:545} INFO - Filling up the DagBag from /opt/airflow/dags/tmdb_daily_dag.py
[2026-03-28T19:24:01.290+0000] {processor.py:840} INFO - DAG(s) 'tmdb_raw_pipeline' retrieved from /opt/airflow/dags/tmdb_daily_dag.py
[2026-03-28T19:24:01.299+0000] {logging_mixin.py:188} INFO - [2026-03-28T19:24:01.299+0000] {dag.py:3096} INFO - Sync 1 DAGs
[2026-03-28T19:24:01.308+0000] {logging_mixin.py:188} INFO - [2026-03-28T19:24:01.307+0000] {dag.py:3954} INFO - Setting next_dagrun for tmdb_raw_pipeline to 2026-03-28 00:00:00+00:00, run_after=2026-03-29 00:00:00+00:00
[2026-03-28T19:24:01.313+0000] {processor.py:183} INFO - Processing /opt/airflow/dags/tmdb_daily_dag.py took 0.032 seconds
[2026-03-28T19:24:31.827+0000] {processor.py:161} INFO - Started process (PID=48368) to work on /opt/airflow/dags/tmdb_daily_dag.py
[2026-03-28T19:24:31.828+0000] {processor.py:830} INFO - Processing file /opt/airflow/dags/tmdb_daily_dag.py for tasks to queue
[2026-03-28T19:24:31.829+0000] {logging_mixin.py:188} INFO - [2026-03-28T19:24:31.829+0000] {dagbag.py:545} INFO - Filling up the DagBag from /opt/airflow/dags/tmdb_daily_dag.py
[2026-03-28T19:24:31.835+0000] {processor.py:840} INFO - DAG(s) 'tmdb_raw_pipeline' retrieved from /opt/airflow/dags/tmdb_daily_dag.py
[2026-03-28T19:24:31.845+0000] {logging_mixin.py:188} INFO - [2026-03-28T19:24:31.844+0000] {dag.py:3096} INFO - Sync 1 DAGs
[2026-03-28T19:24:31.853+0000] {logging_mixin.py:188} INFO - [2026-03-28T19:24:31.853+0000] {dag.py:3954} INFO - Setting next_dagrun for tmdb_raw_pipeline to 2026-03-28 00:00:00+00:00, run_after=2026-03-29 00:00:00+00:00
[2026-03-28T19:24:31.859+0000] {processor.py:183} INFO - Processing /opt/airflow/dags/tmdb_daily_dag.py took 0.034 seconds
[2026-03-28T19:25:02.299+0000] {processor.py:161} INFO - Started process (PID=48388) to work on /opt/airflow/dags/tmdb_daily_dag.py
[2026-03-28T19:25:02.300+0000] {processor.py:830} INFO - Processing file /opt/airflow/dags/tmdb_daily_dag.py for tasks to queue
[2026-03-28T19:25:02.301+0000] {logging_mixin.py:188} INFO - [2026-03-28T19:25:02.300+0000] {dagbag.py:545} INFO - Filling up the DagBag from /opt/airflow/dags/tmdb_daily_dag.py
[2026-03-28T19:25:02.307+0000] {processor.py:840} INFO - DAG(s) 'tmdb_raw_pipeline' retrieved from /opt/airflow/dags/tmdb_daily_dag.py
[2026-03-28T19:25:02.321+0000] {logging_mixin.py:188} INFO - [2026-03-28T19:25:02.321+0000] {dag.py:3096} INFO - Sync 1 DAGs
[2026-03-28T19:25:02.333+0000] {logging_mixin.py:188} INFO - [2026-03-28T19:25:02.333+0000] {dag.py:3954} INFO - Setting next_dagrun for tmdb_raw_pipeline to 2026-03-28 00:00:00+00:00, run_after=2026-03-29 00:00:00+00:00
[2026-03-28T19:25:02.343+0000] {processor.py:183} INFO - Processing /opt/airflow/dags/tmdb_daily_dag.py took 0.047 seconds
[2026-03-28T19:25:32.875+0000] {processor.py:161} INFO - Started process (PID=48408) to work on /opt/airflow/dags/tmdb_daily_dag.py
[2026-03-28T19:25:32.876+0000] {processor.py:830} INFO - Processing file /opt/airflow/dags/tmdb_daily_dag.py for tasks to queue
[2026-03-28T19:25:32.877+0000] {logging_mixin.py:188} INFO - [2026-03-28T19:25:32.876+0000] {dagbag.py:545} INFO - Filling up the DagBag from /opt/airflow/dags/tmdb_daily_dag.py
[2026-03-28T19:25:32.883+0000] {processor.py:840} INFO - DAG(s) 'tmdb_raw_pipeline' retrieved from /opt/airflow/dags/tmdb_daily_dag.py
[2026-03-28T19:25:32.893+0000] {logging_mixin.py:188} INFO - [2026-03-28T19:25:32.893+0000] {dag.py:3096} INFO - Sync 1 DAGs
[2026-03-28T19:25:32.902+0000] {logging_mixin.py:188} INFO - [2026-03-28T19:25:32.902+0000] {dag.py:3954} INFO - Setting next_dagrun for tmdb_raw_pipeline to 2026-03-28 00:00:00+00:00, run_after=2026-03-29 00:00:00+00:00
[2026-03-28T19:25:32.909+0000] {processor.py:183} INFO - Processing /opt/airflow/dags/tmdb_daily_dag.py took 0.037 seconds
[2026-03-28T19:26:03.330+0000] {processor.py:161} INFO - Started process (PID=48428) to work on /opt/airflow/dags/tmdb_daily_dag.py
[2026-03-28T19:26:03.331+0000] {processor.py:830} INFO - Processing file /opt/airflow/dags/tmdb_daily_dag.py for tasks to queue
[2026-03-28T19:26:03.331+0000] {logging_mixin.py:188} INFO - [2026-03-28T19:26:03.331+0000] {dagbag.py:545} INFO - Filling up the DagBag from /opt/airflow/dags/tmdb_daily_dag.py
[2026-03-28T19:26:03.337+0000] {processor.py:840} INFO - DAG(s) 'tmdb_raw_pipeline' retrieved from /opt/airflow/dags/tmdb_daily_dag.py
[2026-03-28T19:26:03.347+0000] {logging_mixin.py:188} INFO - [2026-03-28T19:26:03.347+0000] {dag.py:3096} INFO - Sync 1 DAGs
[2026-03-28T19:26:03.355+0000] {logging_mixin.py:188} INFO - [2026-03-28T19:26:03.355+0000] {dag.py:3954} INFO - Setting next_dagrun for tmdb_raw_pipeline to 2026-03-28 00:00:00+00:00, run_after=2026-03-29 00:00:00+00:00
[2026-03-28T19:26:03.361+0000] {processor.py:183} INFO - Processing /opt/airflow/dags/tmdb_daily_dag.py took 0.034 seconds
[2026-03-28T19:26:33.902+0000] {processor.py:161} INFO - Started process (PID=48448) to work on /opt/airflow/dags/tmdb_daily_dag.py
[2026-03-28T19:26:33.903+0000] {processor.py:830} INFO - Processing file /opt/airflow/dags/tmdb_daily_dag.py for tasks to queue
[2026-03-28T19:26:33.903+0000] {logging_mixin.py:188} INFO - [2026-03-28T19:26:33.903+0000] {dagbag.py:545} INFO - Filling up the DagBag from /opt/airflow/dags/tmdb_daily_dag.py
[2026-03-28T19:26:33.909+0000] {processor.py:840} INFO - DAG(s) 'tmdb_raw_pipeline' retrieved from /opt/airflow/dags/tmdb_daily_dag.py
[2026-03-28T19:26:33.919+0000] {logging_mixin.py:188} INFO - [2026-03-28T19:26:33.919+0000] {dag.py:3096} INFO - Sync 1 DAGs
[2026-03-28T19:26:33.928+0000] {logging_mixin.py:188} INFO - [2026-03-28T19:26:33.928+0000] {dag.py:3954} INFO - Setting next_dagrun for tmdb_raw_pipeline to 2026-03-28 00:00:00+00:00, run_after=2026-03-29 00:00:00+00:00
[2026-03-28T19:26:33.935+0000] {processor.py:183} INFO - Processing /opt/airflow/dags/tmdb_daily_dag.py took 0.036 seconds
[2026-03-28T19:27:04.413+0000] {processor.py:161} INFO - Started process (PID=48468) to work on /opt/airflow/dags/tmdb_daily_dag.py
[2026-03-28T19:27:04.414+0000] {processor.py:830} INFO - Processing file /opt/airflow/dags/tmdb_daily_dag.py for tasks to queue
[2026-03-28T19:27:04.414+0000] {logging_mixin.py:188} INFO - [2026-03-28T19:27:04.414+0000] {dagbag.py:545} INFO - Filling up the DagBag from /opt/airflow/dags/tmdb_daily_dag.py
[2026-03-28T19:27:04.420+0000] {processor.py:840} INFO - DAG(s) 'tmdb_raw_pipeline' retrieved from /opt/airflow/dags/tmdb_daily_dag.py
[2026-03-28T19:27:04.429+0000] {logging_mixin.py:188} INFO - [2026-03-28T19:27:04.429+0000] {dag.py:3096} INFO - Sync 1 DAGs
[2026-03-28T19:27:04.437+0000] {logging_mixin.py:188} INFO - [2026-03-28T19:27:04.437+0000] {dag.py:3954} INFO - Setting next_dagrun for tmdb_raw_pipeline to 2026-03-28 00:00:00+00:00, run_after=2026-03-29 00:00:00+00:00
[2026-03-28T19:27:04.443+0000] {processor.py:183} INFO - Processing /opt/airflow/dags/tmdb_daily_dag.py took 0.032 seconds
[2026-03-28T19:27:34.914+0000] {processor.py:161} INFO - Started process (PID=48488) to work on /opt/airflow/dags/tmdb_daily_dag.py
[2026-03-28T19:27:34.915+0000] {processor.py:830} INFO - Processing file /opt/airflow/dags/tmdb_daily_dag.py for tasks to queue
[2026-03-28T19:27:34.915+0000] {logging_mixin.py:188} INFO - [2026-03-28T19:27:34.915+0000] {dagbag.py:545} INFO - Filling up the DagBag from /opt/airflow/dags/tmdb_daily_dag.py
[2026-03-28T19:27:34.922+0000] {processor.py:840} INFO - DAG(s) 'tmdb_raw_pipeline' retrieved from /opt/airflow/dags/tmdb_daily_dag.py
[2026-03-28T19:27:34.933+0000] {logging_mixin.py:188} INFO - [2026-03-28T19:27:34.933+0000] {dag.py:3096} INFO - Sync 1 DAGs
[2026-03-28T19:27:34.942+0000] {logging_mixin.py:188} INFO - [2026-03-28T19:27:34.942+0000] {dag.py:3954} INFO - Setting next_dagrun for tmdb_raw_pipeline to 2026-03-28 00:00:00+00:00, run_after=2026-03-29 00:00:00+00:00
[2026-03-28T19:27:34.948+0000] {processor.py:183} INFO - Processing /opt/airflow/dags/tmdb_daily_dag.py took 0.037 seconds
[2026-03-28T19:28:05.374+0000] {processor.py:161} INFO - Started process (PID=48508) to work on /opt/airflow/dags/tmdb_daily_dag.py
[2026-03-28T19:28:05.375+0000] {processor.py:830} INFO - Processing file /opt/airflow/dags/tmdb_daily_dag.py for tasks to queue
[2026-03-28T19:28:05.376+0000] {logging_mixin.py:188} INFO - [2026-03-28T19:28:05.376+0000] {dagbag.py:545} INFO - Filling up the DagBag from /opt/airflow/dags/tmdb_daily_dag.py
[2026-03-28T19:28:05.382+0000] {processor.py:840} INFO - DAG(s) 'tmdb_raw_pipeline' retrieved from /opt/airflow/dags/tmdb_daily_dag.py
[2026-03-28T19:28:05.392+0000] {logging_mixin.py:188} INFO - [2026-03-28T19:28:05.392+0000] {dag.py:3096} INFO - Sync 1 DAGs
[2026-03-28T19:28:05.400+0000] {logging_mixin.py:188} INFO - [2026-03-28T19:28:05.399+0000] {dag.py:3954} INFO - Setting next_dagrun for tmdb_raw_pipeline to 2026-03-28 00:00:00+00:00, run_after=2026-03-29 00:00:00+00:00
[2026-03-28T19:28:05.405+0000] {processor.py:183} INFO - Processing /opt/airflow/dags/tmdb_daily_dag.py took 0.033 seconds
[2026-03-28T19:28:35.901+0000] {processor.py:161} INFO - Started process (PID=48528) to work on /opt/airflow/dags/tmdb_daily_dag.py
[2026-03-28T19:28:35.902+0000] {processor.py:830} INFO - Processing file /opt/airflow/dags/tmdb_daily_dag.py for tasks to queue
[2026-03-28T19:28:35.902+0000] {logging_mixin.py:188} INFO - [2026-03-28T19:28:35.902+0000] {dagbag.py:545} INFO - Filling up the DagBag from /opt/airflow/dags/tmdb_daily_dag.py
[2026-03-28T19:28:35.909+0000] {processor.py:840} INFO - DAG(s) 'tmdb_raw_pipeline' retrieved from /opt/airflow/dags/tmdb_daily_dag.py
[2026-03-28T19:28:35.918+0000] {logging_mixin.py:188} INFO - [2026-03-28T19:28:35.918+0000] {dag.py:3096} INFO - Sync 1 DAGs
[2026-03-28T19:28:35.927+0000] {logging_mixin.py:188} INFO - [2026-03-28T19:28:35.927+0000] {dag.py:3954} INFO - Setting next_dagrun for tmdb_raw_pipeline to 2026-03-28 00:00:00+00:00, run_after=2026-03-29 00:00:00+00:00
[2026-03-28T19:28:35.932+0000] {processor.py:183} INFO - Processing /opt/airflow/dags/tmdb_daily_dag.py took 0.035 seconds
[2026-03-28T19:29:06.359+0000] {processor.py:161} INFO - Started process (PID=48548) to work on /opt/airflow/dags/tmdb_daily_dag.py
[2026-03-28T19:29:06.360+0000] {processor.py:830} INFO - Processing file /opt/airflow/dags/tmdb_daily_dag.py for tasks to queue
[2026-03-28T19:29:06.360+0000] {logging_mixin.py:188} INFO - [2026-03-28T19:29:06.360+0000] {dagbag.py:545} INFO - Filling up the DagBag from /opt/airflow/dags/tmdb_daily_dag.py
[2026-03-28T19:29:06.365+0000] {processor.py:840} INFO - DAG(s) 'tmdb_raw_pipeline' retrieved from /opt/airflow/dags/tmdb_daily_dag.py
[2026-03-28T19:29:06.375+0000] {logging_mixin.py:188} INFO - [2026-03-28T19:29:06.375+0000] {dag.py:3096} INFO - Sync 1 DAGs
[2026-03-28T19:29:06.383+0000] {logging_mixin.py:188} INFO - [2026-03-28T19:29:06.383+0000] {dag.py:3954} INFO - Setting next_dagrun for tmdb_raw_pipeline to 2026-03-28 00:00:00+00:00, run_after=2026-03-29 00:00:00+00:00
[2026-03-28T19:29:06.389+0000] {processor.py:183} INFO - Processing /opt/airflow/dags/tmdb_daily_dag.py took 0.032 seconds
[2026-03-28T19:29:36.883+0000] {processor.py:161} INFO - Started process (PID=48568) to work on /opt/airflow/dags/tmdb_daily_dag.py
[2026-03-28T19:29:36.884+0000] {processor.py:830} INFO - Processing file /opt/airflow/dags/tmdb_daily_dag.py for tasks to queue
[2026-03-28T19:29:36.884+0000] {logging_mixin.py:188} INFO - [2026-03-28T19:29:36.884+0000] {dagbag.py:545} INFO - Filling up the DagBag from /opt/airflow/dags/tmdb_daily_dag.py
[2026-03-28T19:29:36.891+0000] {processor.py:840} INFO - DAG(s) 'tmdb_raw_pipeline' retrieved from /opt/airflow/dags/tmdb_daily_dag.py
[2026-03-28T19:29:36.900+0000] {logging_mixin.py:188} INFO - [2026-03-28T19:29:36.900+0000] {dag.py:3096} INFO - Sync 1 DAGs
[2026-03-28T19:29:36.908+0000] {logging_mixin.py:188} INFO - [2026-03-28T19:29:36.908+0000] {dag.py:3954} INFO - Setting next_dagrun for tmdb_raw_pipeline to 2026-03-28 00:00:00+00:00, run_after=2026-03-29 00:00:00+00:00
[2026-03-28T19:29:36.915+0000] {processor.py:183} INFO - Processing /opt/airflow/dags/tmdb_daily_dag.py took 0.035 seconds
[2026-03-28T19:30:07.337+0000] {processor.py:161} INFO - Started process (PID=48588) to work on /opt/airflow/dags/tmdb_daily_dag.py
[2026-03-28T19:30:07.338+0000] {processor.py:830} INFO - Processing file /opt/airflow/dags/tmdb_daily_dag.py for tasks to queue
[2026-03-28T19:30:07.338+0000] {logging_mixin.py:188} INFO - [2026-03-28T19:30:07.338+0000] {dagbag.py:545} INFO - Filling up the DagBag from /opt/airflow/dags/tmdb_daily_dag.py
[2026-03-28T19:30:07.343+0000] {processor.py:840} INFO - DAG(s) 'tmdb_raw_pipeline' retrieved from /opt/airflow/dags/tmdb_daily_dag.py
[2026-03-28T19:30:07.353+0000] {logging_mixin.py:188} INFO - [2026-03-28T19:30:07.353+0000] {dag.py:3096} INFO - Sync 1 DAGs
[2026-03-28T19:30:07.363+0000] {logging_mixin.py:188} INFO - [2026-03-28T19:30:07.363+0000] {dag.py:3954} INFO - Setting next_dagrun for tmdb_raw_pipeline to 2026-03-28 00:00:00+00:00, run_after=2026-03-29 00:00:00+00:00
[2026-03-28T19:30:07.369+0000] {processor.py:183} INFO - Processing /opt/airflow/dags/tmdb_daily_dag.py took 0.034 seconds
[2026-03-28T19:30:37.852+0000] {processor.py:161} INFO - Started process (PID=48608) to work on /opt/airflow/dags/tmdb_daily_dag.py
[2026-03-28T19:30:37.853+0000] {processor.py:830} INFO - Processing file /opt/airflow/dags/tmdb_daily_dag.py for tasks to queue
[2026-03-28T19:30:37.853+0000] {logging_mixin.py:188} INFO - [2026-03-28T19:30:37.853+0000] {dagbag.py:545} INFO - Filling up the DagBag from /opt/airflow/dags/tmdb_daily_dag.py
[2026-03-28T19:30:37.858+0000] {processor.py:840} INFO - DAG(s) 'tmdb_raw_pipeline' retrieved from /opt/airflow/dags/tmdb_daily_dag.py
[2026-03-28T19:30:37.868+0000] {logging_mixin.py:188} INFO - [2026-03-28T19:30:37.868+0000] {dag.py:3096} INFO - Sync 1 DAGs
[2026-03-28T19:30:37.876+0000] {logging_mixin.py:188} INFO - [2026-03-28T19:30:37.876+0000] {dag.py:3954} INFO - Setting next_dagrun for tmdb_raw_pipeline to 2026-03-28 00:00:00+00:00, run_after=2026-03-29 00:00:00+00:00
[2026-03-28T19:30:37.882+0000] {processor.py:183} INFO - Processing /opt/airflow/dags/tmdb_daily_dag.py took 0.037 seconds
[2026-03-28T19:31:08.331+0000] {processor.py:161} INFO - Started process (PID=48628) to work on /opt/airflow/dags/tmdb_daily_dag.py
[2026-03-28T19:31:08.331+0000] {processor.py:830} INFO - Processing file /opt/airflow/dags/tmdb_daily_dag.py for tasks to queue
[2026-03-28T19:31:08.332+0000] {logging_mixin.py:188} INFO - [2026-03-28T19:31:08.331+0000] {dagbag.py:545} INFO - Filling up the DagBag from /opt/airflow/dags/tmdb_daily_dag.py
[2026-03-28T19:31:08.337+0000] {processor.py:840} INFO - DAG(s) 'tmdb_raw_pipeline' retrieved from /opt/airflow/dags/tmdb_daily_dag.py
[2026-03-28T19:31:08.346+0000] {logging_mixin.py:188} INFO - [2026-03-28T19:31:08.346+0000] {dag.py:3096} INFO - Sync 1 DAGs
[2026-03-28T19:31:08.355+0000] {logging_mixin.py:188} INFO - [2026-03-28T19:31:08.355+0000] {dag.py:3954} INFO - Setting next_dagrun for tmdb_raw_pipeline to 2026-03-28 00:00:00+00:00, run_after=2026-03-29 00:00:00+00:00
[2026-03-28T19:31:08.361+0000] {processor.py:183} INFO - Processing /opt/airflow/dags/tmdb_daily_dag.py took 0.033 seconds
[2026-03-28T19:31:38.838+0000] {processor.py:161} INFO - Started process (PID=48648) to work on /opt/airflow/dags/tmdb_daily_dag.py
[2026-03-28T19:31:38.839+0000] {processor.py:830} INFO - Processing file /opt/airflow/dags/tmdb_daily_dag.py for tasks to queue
[2026-03-28T19:31:38.839+0000] {logging_mixin.py:188} INFO - [2026-03-28T19:31:38.839+0000] {dagbag.py:545} INFO - Filling up the DagBag from /opt/airflow/dags/tmdb_daily_dag.py
[2026-03-28T19:31:38.847+0000] {processor.py:840} INFO - DAG(s) 'tmdb_raw_pipeline' retrieved from /opt/airflow/dags/tmdb_daily_dag.py
[2026-03-28T19:31:38.856+0000] {logging_mixin.py:188} INFO - [2026-03-28T19:31:38.856+0000] {dag.py:3096} INFO - Sync 1 DAGs
[2026-03-28T19:31:38.865+0000] {logging_mixin.py:188} INFO - [2026-03-28T19:31:38.865+0000] {dag.py:3954} INFO - Setting next_dagrun for tmdb_raw_pipeline to 2026-03-28 00:00:00+00:00, run_after=2026-03-29 00:00:00+00:00
[2026-03-28T19:31:38.871+0000] {processor.py:183} INFO - Processing /opt/airflow/dags/tmdb_daily_dag.py took 0.036 seconds
[2026-03-28T19:32:09.463+0000] {processor.py:161} INFO - Started process (PID=48668) to work on /opt/airflow/dags/tmdb_daily_dag.py
[2026-03-28T19:32:09.464+0000] {processor.py:830} INFO - Processing file /opt/airflow/dags/tmdb_daily_dag.py for tasks to queue
[2026-03-28T19:32:09.465+0000] {logging_mixin.py:188} INFO - [2026-03-28T19:32:09.465+0000] {dagbag.py:545} INFO - Filling up the DagBag from /opt/airflow/dags/tmdb_daily_dag.py
[2026-03-28T19:32:09.472+0000] {processor.py:840} INFO - DAG(s) 'tmdb_raw_pipeline' retrieved from /opt/airflow/dags/tmdb_daily_dag.py
[2026-03-28T19:32:09.484+0000] {logging_mixin.py:188} INFO - [2026-03-28T19:32:09.484+0000] {dag.py:3096} INFO - Sync 1 DAGs
[2026-03-28T19:32:09.497+0000] {logging_mixin.py:188} INFO - [2026-03-28T19:32:09.497+0000] {dag.py:3954} INFO - Setting next_dagrun for tmdb_raw_pipeline to 2026-03-28 00:00:00+00:00, run_after=2026-03-29 00:00:00+00:00
[2026-03-28T19:32:09.505+0000] {processor.py:183} INFO - Processing /opt/airflow/dags/tmdb_daily_dag.py took 0.044 seconds
[2026-03-28T19:32:40.092+0000] {processor.py:161} INFO - Started process (PID=48688) to work on /opt/airflow/dags/tmdb_daily_dag.py
[2026-03-28T19:32:40.093+0000] {processor.py:830} INFO - Processing file /opt/airflow/dags/tmdb_daily_dag.py for tasks to queue
[2026-03-28T19:32:40.094+0000] {logging_mixin.py:188} INFO - [2026-03-28T19:32:40.094+0000] {dagbag.py:545} INFO - Filling up the DagBag from /opt/airflow/dags/tmdb_daily_dag.py
[2026-03-28T19:32:40.103+0000] {processor.py:840} INFO - DAG(s) 'tmdb_raw_pipeline' retrieved from /opt/airflow/dags/tmdb_daily_dag.py
[2026-03-28T19:32:40.117+0000] {logging_mixin.py:188} INFO - [2026-03-28T19:32:40.117+0000] {dag.py:3096} INFO - Sync 1 DAGs
[2026-03-28T19:32:40.127+0000] {logging_mixin.py:188} INFO - [2026-03-28T19:32:40.127+0000] {dag.py:3954} INFO - Setting next_dagrun for tmdb_raw_pipeline to 2026-03-28 00:00:00+00:00, run_after=2026-03-29 00:00:00+00:00
[2026-03-28T19:32:40.135+0000] {processor.py:183} INFO - Processing /opt/airflow/dags/tmdb_daily_dag.py took 0.046 seconds
[2026-03-28T19:33:10.649+0000] {processor.py:161} INFO - Started process (PID=48708) to work on /opt/airflow/dags/tmdb_daily_dag.py
[2026-03-28T19:33:10.650+0000] {processor.py:830} INFO - Processing file /opt/airflow/dags/tmdb_daily_dag.py for tasks to queue
[2026-03-28T19:33:10.650+0000] {logging_mixin.py:188} INFO - [2026-03-28T19:33:10.650+0000] {dagbag.py:545} INFO - Filling up the DagBag from /opt/airflow/dags/tmdb_daily_dag.py
[2026-03-28T19:33:10.656+0000] {processor.py:840} INFO - DAG(s) 'tmdb_raw_pipeline' retrieved from /opt/airflow/dags/tmdb_daily_dag.py
[2026-03-28T19:33:10.666+0000] {logging_mixin.py:188} INFO - [2026-03-28T19:33:10.666+0000] {dag.py:3096} INFO - Sync 1 DAGs
[2026-03-28T19:33:10.674+0000] {logging_mixin.py:188} INFO - [2026-03-28T19:33:10.674+0000] {dag.py:3954} INFO - Setting next_dagrun for tmdb_raw_pipeline to 2026-03-28 00:00:00+00:00, run_after=2026-03-29 00:00:00+00:00
[2026-03-28T19:33:10.680+0000] {processor.py:183} INFO - Processing /opt/airflow/dags/tmdb_daily_dag.py took 0.033 seconds
[2026-03-28T19:33:41.195+0000] {processor.py:161} INFO - Started process (PID=48728) to work on /opt/airflow/dags/tmdb_daily_dag.py
[2026-03-28T19:33:41.196+0000] {processor.py:830} INFO - Processing file /opt/airflow/dags/tmdb_daily_dag.py for tasks to queue
[2026-03-28T19:33:41.197+0000] {logging_mixin.py:188} INFO - [2026-03-28T19:33:41.196+0000] {dagbag.py:545} INFO - Filling up the DagBag from /opt/airflow/dags/tmdb_daily_dag.py
[2026-03-28T19:33:41.202+0000] {processor.py:840} INFO - DAG(s) 'tmdb_raw_pipeline' retrieved from /opt/airflow/dags/tmdb_daily_dag.py
[2026-03-28T19:33:41.211+0000] {logging_mixin.py:188} INFO - [2026-03-28T19:33:41.211+0000] {dag.py:3096} INFO - Sync 1 DAGs
[2026-03-28T19:33:41.219+0000] {logging_mixin.py:188} INFO - [2026-03-28T19:33:41.219+0000] {dag.py:3954} INFO - Setting next_dagrun for tmdb_raw_pipeline to 2026-03-28 00:00:00+00:00, run_after=2026-03-29 00:00:00+00:00
[2026-03-28T19:33:41.226+0000] {processor.py:183} INFO - Processing /opt/airflow/dags/tmdb_daily_dag.py took 0.033 seconds
[2026-03-28T19:34:11.752+0000] {processor.py:161} INFO - Started process (PID=48748) to work on /opt/airflow/dags/tmdb_daily_dag.py
[2026-03-28T19:34:11.753+0000] {processor.py:830} INFO - Processing file /opt/airflow/dags/tmdb_daily_dag.py for tasks to queue
[2026-03-28T19:34:11.753+0000] {logging_mixin.py:188} INFO - [2026-03-28T19:34:11.753+0000] {dagbag.py:545} INFO - Filling up the DagBag from /opt/airflow/dags/tmdb_daily_dag.py
[2026-03-28T19:34:11.760+0000] {processor.py:840} INFO - DAG(s) 'tmdb_raw_pipeline' retrieved from /opt/airflow/dags/tmdb_daily_dag.py
[2026-03-28T19:34:11.770+0000] {logging_mixin.py:188} INFO - [2026-03-28T19:34:11.770+0000] {dag.py:3096} INFO - Sync 1 DAGs
[2026-03-28T19:34:11.778+0000] {logging_mixin.py:188} INFO - [2026-03-28T19:34:11.778+0000] {dag.py:3954} INFO - Setting next_dagrun for tmdb_raw_pipeline to 2026-03-28 00:00:00+00:00, run_after=2026-03-29 00:00:00+00:00
[2026-03-28T19:34:11.784+0000] {processor.py:183} INFO - Processing /opt/airflow/dags/tmdb_daily_dag.py took 0.034 seconds
[2026-03-28T19:34:42.254+0000] {processor.py:161} INFO - Started process (PID=48768) to work on /opt/airflow/dags/tmdb_daily_dag.py
[2026-03-28T19:34:42.255+0000] {processor.py:830} INFO - Processing file /opt/airflow/dags/tmdb_daily_dag.py for tasks to queue
[2026-03-28T19:34:42.255+0000] {logging_mixin.py:188} INFO - [2026-03-28T19:34:42.255+0000] {dagbag.py:545} INFO - Filling up the DagBag from /opt/airflow/dags/tmdb_daily_dag.py
[2026-03-28T19:34:42.261+0000] {processor.py:840} INFO - DAG(s) 'tmdb_raw_pipeline' retrieved from /opt/airflow/dags/tmdb_daily_dag.py
[2026-03-28T19:34:42.272+0000] {logging_mixin.py:188} INFO - [2026-03-28T19:34:42.271+0000] {dag.py:3096} INFO - Sync 1 DAGs
[2026-03-28T19:34:42.279+0000] {logging_mixin.py:188} INFO - [2026-03-28T19:34:42.279+0000] {dag.py:3954} INFO - Setting next_dagrun for tmdb_raw_pipeline to 2026-03-28 00:00:00+00:00, run_after=2026-03-29 00:00:00+00:00
[2026-03-28T19:34:42.286+0000] {processor.py:183} INFO - Processing /opt/airflow/dags/tmdb_daily_dag.py took 0.034 seconds
[2026-03-28T19:35:12.758+0000] {processor.py:161} INFO - Started process (PID=48788) to work on /opt/airflow/dags/tmdb_daily_dag.py
[2026-03-28T19:35:12.760+0000] {processor.py:830} INFO - Processing file /opt/airflow/dags/tmdb_daily_dag.py for tasks to queue
[2026-03-28T19:35:12.760+0000] {logging_mixin.py:188} INFO - [2026-03-28T19:35:12.760+0000] {dagbag.py:545} INFO - Filling up the DagBag from /opt/airflow/dags/tmdb_daily_dag.py
[2026-03-28T19:35:12.765+0000] {processor.py:840} INFO - DAG(s) 'tmdb_raw_pipeline' retrieved from /opt/airflow/dags/tmdb_daily_dag.py
[2026-03-28T19:35:12.774+0000] {logging_mixin.py:188} INFO - [2026-03-28T19:35:12.774+0000] {dag.py:3096} INFO - Sync 1 DAGs
[2026-03-28T19:35:12.782+0000] {logging_mixin.py:188} INFO - [2026-03-28T19:35:12.782+0000] {dag.py:3954} INFO - Setting next_dagrun for tmdb_raw_pipeline to 2026-03-28 00:00:00+00:00, run_after=2026-03-29 00:00:00+00:00
[2026-03-28T19:35:12.788+0000] {processor.py:183} INFO - Processing /opt/airflow/dags/tmdb_daily_dag.py took 0.032 seconds
[2026-03-28T19:35:43.238+0000] {processor.py:161} INFO - Started process (PID=48808) to work on /opt/airflow/dags/tmdb_daily_dag.py
[2026-03-28T19:35:43.239+0000] {processor.py:830} INFO - Processing file /opt/airflow/dags/tmdb_daily_dag.py for tasks to queue
[2026-03-28T19:35:43.240+0000] {logging_mixin.py:188} INFO - [2026-03-28T19:35:43.239+0000] {dagbag.py:545} INFO - Filling up the DagBag from /opt/airflow/dags/tmdb_daily_dag.py
[2026-03-28T19:35:43.247+0000] {processor.py:840} INFO - DAG(s) 'tmdb_raw_pipeline' retrieved from /opt/airflow/dags/tmdb_daily_dag.py
[2026-03-28T19:35:43.256+0000] {logging_mixin.py:188} INFO - [2026-03-28T19:35:43.256+0000] {dag.py:3096} INFO - Sync 1 DAGs
[2026-03-28T19:35:43.265+0000] {logging_mixin.py:188} INFO - [2026-03-28T19:35:43.265+0000] {dag.py:3954} INFO - Setting next_dagrun for tmdb_raw_pipeline to 2026-03-28 00:00:00+00:00, run_after=2026-03-29 00:00:00+00:00
[2026-03-28T19:35:43.273+0000] {processor.py:183} INFO - Processing /opt/airflow/dags/tmdb_daily_dag.py took 0.037 seconds
[2026-03-28T19:36:13.696+0000] {processor.py:161} INFO - Started process (PID=48828) to work on /opt/airflow/dags/tmdb_daily_dag.py
[2026-03-28T19:36:13.697+0000] {processor.py:830} INFO - Processing file /opt/airflow/dags/tmdb_daily_dag.py for tasks to queue
[2026-03-28T19:36:13.697+0000] {logging_mixin.py:188} INFO - [2026-03-28T19:36:13.697+0000] {dagbag.py:545} INFO - Filling up the DagBag from /opt/airflow/dags/tmdb_daily_dag.py
[2026-03-28T19:36:13.703+0000] {processor.py:840} INFO - DAG(s) 'tmdb_raw_pipeline' retrieved from /opt/airflow/dags/tmdb_daily_dag.py
[2026-03-28T19:36:13.712+0000] {logging_mixin.py:188} INFO - [2026-03-28T19:36:13.712+0000] {dag.py:3096} INFO - Sync 1 DAGs
[2026-03-28T19:36:13.720+0000] {logging_mixin.py:188} INFO - [2026-03-28T19:36:13.720+0000] {dag.py:3954} INFO - Setting next_dagrun for tmdb_raw_pipeline to 2026-03-28 00:00:00+00:00, run_after=2026-03-29 00:00:00+00:00
[2026-03-28T19:36:13.726+0000] {processor.py:183} INFO - Processing /opt/airflow/dags/tmdb_daily_dag.py took 0.033 seconds
[2026-03-28T19:36:44.215+0000] {processor.py:161} INFO - Started process (PID=48848) to work on /opt/airflow/dags/tmdb_daily_dag.py
[2026-03-28T19:36:44.216+0000] {processor.py:830} INFO - Processing file /opt/airflow/dags/tmdb_daily_dag.py for tasks to queue
[2026-03-28T19:36:44.216+0000] {logging_mixin.py:188} INFO - [2026-03-28T19:36:44.216+0000] {dagbag.py:545} INFO - Filling up the DagBag from /opt/airflow/dags/tmdb_daily_dag.py
[2026-03-28T19:36:44.223+0000] {processor.py:840} INFO - DAG(s) 'tmdb_raw_pipeline' retrieved from /opt/airflow/dags/tmdb_daily_dag.py
[2026-03-28T19:36:44.233+0000] {logging_mixin.py:188} INFO - [2026-03-28T19:36:44.233+0000] {dag.py:3096} INFO - Sync 1 DAGs
[2026-03-28T19:36:44.241+0000] {logging_mixin.py:188} INFO - [2026-03-28T19:36:44.241+0000] {dag.py:3954} INFO - Setting next_dagrun for tmdb_raw_pipeline to 2026-03-28 00:00:00+00:00, run_after=2026-03-29 00:00:00+00:00
[2026-03-28T19:36:44.248+0000] {processor.py:183} INFO - Processing /opt/airflow/dags/tmdb_daily_dag.py took 0.035 seconds
[2026-03-28T19:37:14.729+0000] {processor.py:161} INFO - Started process (PID=48868) to work on /opt/airflow/dags/tmdb_daily_dag.py
[2026-03-28T19:37:14.730+0000] {processor.py:830} INFO - Processing file /opt/airflow/dags/tmdb_daily_dag.py for tasks to queue
[2026-03-28T19:37:14.730+0000] {logging_mixin.py:188} INFO - [2026-03-28T19:37:14.730+0000] {dagbag.py:545} INFO - Filling up the DagBag from /opt/airflow/dags/tmdb_daily_dag.py
[2026-03-28T19:37:14.735+0000] {processor.py:840} INFO - DAG(s) 'tmdb_raw_pipeline' retrieved from /opt/airflow/dags/tmdb_daily_dag.py
[2026-03-28T19:37:14.745+0000] {logging_mixin.py:188} INFO - [2026-03-28T19:37:14.745+0000] {dag.py:3096} INFO - Sync 1 DAGs
[2026-03-28T19:37:14.753+0000] {logging_mixin.py:188} INFO - [2026-03-28T19:37:14.753+0000] {dag.py:3954} INFO - Setting next_dagrun for tmdb_raw_pipeline to 2026-03-28 00:00:00+00:00, run_after=2026-03-29 00:00:00+00:00
[2026-03-28T19:37:14.759+0000] {processor.py:183} INFO - Processing /opt/airflow/dags/tmdb_daily_dag.py took 0.033 seconds
[2026-03-28T19:37:45.258+0000] {processor.py:161} INFO - Started process (PID=48888) to work on /opt/airflow/dags/tmdb_daily_dag.py
[2026-03-28T19:37:45.259+0000] {processor.py:830} INFO - Processing file /opt/airflow/dags/tmdb_daily_dag.py for tasks to queue
[2026-03-28T19:37:45.259+0000] {logging_mixin.py:188} INFO - [2026-03-28T19:37:45.259+0000] {dagbag.py:545} INFO - Filling up the DagBag from /opt/airflow/dags/tmdb_daily_dag.py
[2026-03-28T19:37:45.266+0000] {processor.py:840} INFO - DAG(s) 'tmdb_raw_pipeline' retrieved from /opt/airflow/dags/tmdb_daily_dag.py
[2026-03-28T19:37:45.275+0000] {logging_mixin.py:188} INFO - [2026-03-28T19:37:45.275+0000] {dag.py:3096} INFO - Sync 1 DAGs
[2026-03-28T19:37:45.284+0000] {logging_mixin.py:188} INFO - [2026-03-28T19:37:45.284+0000] {dag.py:3954} INFO - Setting next_dagrun for tmdb_raw_pipeline to 2026-03-28 00:00:00+00:00, run_after=2026-03-29 00:00:00+00:00
[2026-03-28T19:37:45.290+0000] {processor.py:183} INFO - Processing /opt/airflow/dags/tmdb_daily_dag.py took 0.034 seconds
[2026-03-28T19:38:15.762+0000] {processor.py:161} INFO - Started process (PID=48908) to work on /opt/airflow/dags/tmdb_daily_dag.py
[2026-03-28T19:38:15.763+0000] {processor.py:830} INFO - Processing file /opt/airflow/dags/tmdb_daily_dag.py for tasks to queue
[2026-03-28T19:38:15.764+0000] {logging_mixin.py:188} INFO - [2026-03-28T19:38:15.763+0000] {dagbag.py:545} INFO - Filling up the DagBag from /opt/airflow/dags/tmdb_daily_dag.py
[2026-03-28T19:38:15.770+0000] {processor.py:840} INFO - DAG(s) 'tmdb_raw_pipeline' retrieved from /opt/airflow/dags/tmdb_daily_dag.py
[2026-03-28T19:38:15.780+0000] {logging_mixin.py:188} INFO - [2026-03-28T19:38:15.780+0000] {dag.py:3096} INFO - Sync 1 DAGs
[2026-03-28T19:38:15.788+0000] {logging_mixin.py:188} INFO - [2026-03-28T19:38:15.788+0000] {dag.py:3954} INFO - Setting next_dagrun for tmdb_raw_pipeline to 2026-03-28 00:00:00+00:00, run_after=2026-03-29 00:00:00+00:00
[2026-03-28T19:38:15.794+0000] {processor.py:183} INFO - Processing /opt/airflow/dags/tmdb_daily_dag.py took 0.034 seconds
[2026-03-28T19:38:46.306+0000] {processor.py:161} INFO - Started process (PID=48928) to work on /opt/airflow/dags/tmdb_daily_dag.py
[2026-03-28T19:38:46.306+0000] {processor.py:830} INFO - Processing file /opt/airflow/dags/tmdb_daily_dag.py for tasks to queue
[2026-03-28T19:38:46.307+0000] {logging_mixin.py:188} INFO - [2026-03-28T19:38:46.307+0000] {dagbag.py:545} INFO - Filling up the DagBag from /opt/airflow/dags/tmdb_daily_dag.py
[2026-03-28T19:38:46.312+0000] {processor.py:840} INFO - DAG(s) 'tmdb_raw_pipeline' retrieved from /opt/airflow/dags/tmdb_daily_dag.py
[2026-03-28T19:38:46.322+0000] {logging_mixin.py:188} INFO - [2026-03-28T19:38:46.322+0000] {dag.py:3096} INFO - Sync 1 DAGs
[2026-03-28T19:38:46.330+0000] {logging_mixin.py:188} INFO - [2026-03-28T19:38:46.330+0000] {dag.py:3954} INFO - Setting next_dagrun for tmdb_raw_pipeline to 2026-03-28 00:00:00+00:00, run_after=2026-03-29 00:00:00+00:00
[2026-03-28T19:38:46.336+0000] {processor.py:183} INFO - Processing /opt/airflow/dags/tmdb_daily_dag.py took 0.033 seconds
[2026-03-28T19:39:16.762+0000] {processor.py:161} INFO - Started process (PID=48948) to work on /opt/airflow/dags/tmdb_daily_dag.py
[2026-03-28T19:39:16.764+0000] {processor.py:830} INFO - Processing file /opt/airflow/dags/tmdb_daily_dag.py for tasks to queue
[2026-03-28T19:39:16.764+0000] {logging_mixin.py:188} INFO - [2026-03-28T19:39:16.764+0000] {dagbag.py:545} INFO - Filling up the DagBag from /opt/airflow/dags/tmdb_daily_dag.py
[2026-03-28T19:39:16.770+0000] {processor.py:840} INFO - DAG(s) 'tmdb_raw_pipeline' retrieved from /opt/airflow/dags/tmdb_daily_dag.py
[2026-03-28T19:39:16.780+0000] {logging_mixin.py:188} INFO - [2026-03-28T19:39:16.780+0000] {dag.py:3096} INFO - Sync 1 DAGs
[2026-03-28T19:39:16.789+0000] {logging_mixin.py:188} INFO - [2026-03-28T19:39:16.788+0000] {dag.py:3954} INFO - Setting next_dagrun for tmdb_raw_pipeline to 2026-03-28 00:00:00+00:00, run_after=2026-03-29 00:00:00+00:00
[2026-03-28T19:39:16.794+0000] {processor.py:183} INFO - Processing /opt/airflow/dags/tmdb_daily_dag.py took 0.035 seconds
[2026-03-28T19:39:47.296+0000] {processor.py:161} INFO - Started process (PID=48968) to work on /opt/airflow/dags/tmdb_daily_dag.py
[2026-03-28T19:39:47.297+0000] {processor.py:830} INFO - Processing file /opt/airflow/dags/tmdb_daily_dag.py for tasks to queue
[2026-03-28T19:39:47.297+0000] {logging_mixin.py:188} INFO - [2026-03-28T19:39:47.297+0000] {dagbag.py:545} INFO - Filling up the DagBag from /opt/airflow/dags/tmdb_daily_dag.py
[2026-03-28T19:39:47.304+0000] {processor.py:840} INFO - DAG(s) 'tmdb_raw_pipeline' retrieved from /opt/airflow/dags/tmdb_daily_dag.py
[2026-03-28T19:39:47.315+0000] {logging_mixin.py:188} INFO - [2026-03-28T19:39:47.315+0000] {dag.py:3096} INFO - Sync 1 DAGs
[2026-03-28T19:39:47.323+0000] {logging_mixin.py:188} INFO - [2026-03-28T19:39:47.323+0000] {dag.py:3954} INFO - Setting next_dagrun for tmdb_raw_pipeline to 2026-03-28 00:00:00+00:00, run_after=2026-03-29 00:00:00+00:00
[2026-03-28T19:39:47.330+0000] {processor.py:183} INFO - Processing /opt/airflow/dags/tmdb_daily_dag.py took 0.038 seconds
[2026-03-28T19:40:17.896+0000] {processor.py:161} INFO - Started process (PID=48988) to work on /opt/airflow/dags/tmdb_daily_dag.py
[2026-03-28T19:40:17.897+0000] {processor.py:830} INFO - Processing file /opt/airflow/dags/tmdb_daily_dag.py for tasks to queue
[2026-03-28T19:40:17.897+0000] {logging_mixin.py:188} INFO - [2026-03-28T19:40:17.897+0000] {dagbag.py:545} INFO - Filling up the DagBag from /opt/airflow/dags/tmdb_daily_dag.py
[2026-03-28T19:40:17.904+0000] {processor.py:840} INFO - DAG(s) 'tmdb_raw_pipeline' retrieved from /opt/airflow/dags/tmdb_daily_dag.py
[2026-03-28T19:40:17.917+0000] {logging_mixin.py:188} INFO - [2026-03-28T19:40:17.917+0000] {dag.py:3096} INFO - Sync 1 DAGs
[2026-03-28T19:40:17.927+0000] {logging_mixin.py:188} INFO - [2026-03-28T19:40:17.927+0000] {dag.py:3954} INFO - Setting next_dagrun for tmdb_raw_pipeline to 2026-03-28 00:00:00+00:00, run_after=2026-03-29 00:00:00+00:00
[2026-03-28T19:40:17.934+0000] {processor.py:183} INFO - Processing /opt/airflow/dags/tmdb_daily_dag.py took 0.041 seconds
[2026-03-28T19:40:48.399+0000] {processor.py:161} INFO - Started process (PID=49008) to work on /opt/airflow/dags/tmdb_daily_dag.py
[2026-03-28T19:40:48.400+0000] {processor.py:830} INFO - Processing file /opt/airflow/dags/tmdb_daily_dag.py for tasks to queue
[2026-03-28T19:40:48.400+0000] {logging_mixin.py:188} INFO - [2026-03-28T19:40:48.400+0000] {dagbag.py:545} INFO - Filling up the DagBag from /opt/airflow/dags/tmdb_daily_dag.py
[2026-03-28T19:40:48.406+0000] {processor.py:840} INFO - DAG(s) 'tmdb_raw_pipeline' retrieved from /opt/airflow/dags/tmdb_daily_dag.py
[2026-03-28T19:40:48.417+0000] {logging_mixin.py:188} INFO - [2026-03-28T19:40:48.416+0000] {dag.py:3096} INFO - Sync 1 DAGs
[2026-03-28T19:40:48.425+0000] {logging_mixin.py:188} INFO - [2026-03-28T19:40:48.425+0000] {dag.py:3954} INFO - Setting next_dagrun for tmdb_raw_pipeline to 2026-03-28 00:00:00+00:00, run_after=2026-03-29 00:00:00+00:00
[2026-03-28T19:40:48.431+0000] {processor.py:183} INFO - Processing /opt/airflow/dags/tmdb_daily_dag.py took 0.034 seconds
[2026-03-28T19:41:18.923+0000] {processor.py:161} INFO - Started process (PID=49028) to work on /opt/airflow/dags/tmdb_daily_dag.py
[2026-03-28T19:41:18.924+0000] {processor.py:830} INFO - Processing file /opt/airflow/dags/tmdb_daily_dag.py for tasks to queue
[2026-03-28T19:41:18.924+0000] {logging_mixin.py:188} INFO - [2026-03-28T19:41:18.924+0000] {dagbag.py:545} INFO - Filling up the DagBag from /opt/airflow/dags/tmdb_daily_dag.py
[2026-03-28T19:41:18.932+0000] {processor.py:840} INFO - DAG(s) 'tmdb_raw_pipeline' retrieved from /opt/airflow/dags/tmdb_daily_dag.py
[2026-03-28T19:41:18.941+0000] {logging_mixin.py:188} INFO - [2026-03-28T19:41:18.941+0000] {dag.py:3096} INFO - Sync 1 DAGs
[2026-03-28T19:41:18.952+0000] {logging_mixin.py:188} INFO - [2026-03-28T19:41:18.952+0000] {dag.py:3954} INFO - Setting next_dagrun for tmdb_raw_pipeline to 2026-03-28 00:00:00+00:00, run_after=2026-03-29 00:00:00+00:00
[2026-03-28T19:41:18.958+0000] {processor.py:183} INFO - Processing /opt/airflow/dags/tmdb_daily_dag.py took 0.037 seconds
[2026-03-28T19:41:49.437+0000] {processor.py:161} INFO - Started process (PID=49048) to work on /opt/airflow/dags/tmdb_daily_dag.py
[2026-03-28T19:41:49.438+0000] {processor.py:830} INFO - Processing file /opt/airflow/dags/tmdb_daily_dag.py for tasks to queue
[2026-03-28T19:41:49.439+0000] {logging_mixin.py:188} INFO - [2026-03-28T19:41:49.438+0000] {dagbag.py:545} INFO - Filling up the DagBag from /opt/airflow/dags/tmdb_daily_dag.py
[2026-03-28T19:41:49.445+0000] {processor.py:840} INFO - DAG(s) 'tmdb_raw_pipeline' retrieved from /opt/airflow/dags/tmdb_daily_dag.py
[2026-03-28T19:41:49.454+0000] {logging_mixin.py:188} INFO - [2026-03-28T19:41:49.454+0000] {dag.py:3096} INFO - Sync 1 DAGs
[2026-03-28T19:41:49.463+0000] {logging_mixin.py:188} INFO - [2026-03-28T19:41:49.463+0000] {dag.py:3954} INFO - Setting next_dagrun for tmdb_raw_pipeline to 2026-03-28 00:00:00+00:00, run_after=2026-03-29 00:00:00+00:00
[2026-03-28T19:41:49.470+0000] {processor.py:183} INFO - Processing /opt/airflow/dags/tmdb_daily_dag.py took 0.035 seconds
[2026-03-28T19:42:19.962+0000] {processor.py:161} INFO - Started process (PID=49068) to work on /opt/airflow/dags/tmdb_daily_dag.py
[2026-03-28T19:42:19.964+0000] {processor.py:830} INFO - Processing file /opt/airflow/dags/tmdb_daily_dag.py for tasks to queue
[2026-03-28T19:42:19.964+0000] {logging_mixin.py:188} INFO - [2026-03-28T19:42:19.964+0000] {dagbag.py:545} INFO - Filling up the DagBag from /opt/airflow/dags/tmdb_daily_dag.py
[2026-03-28T19:42:19.974+0000] {processor.py:840} INFO - DAG(s) 'tmdb_raw_pipeline' retrieved from /opt/airflow/dags/tmdb_daily_dag.py
[2026-03-28T19:42:20.002+0000] {logging_mixin.py:188} INFO - [2026-03-28T19:42:20.002+0000] {dag.py:3096} INFO - Sync 1 DAGs
[2026-03-28T19:42:20.019+0000] {logging_mixin.py:188} INFO - [2026-03-28T19:42:20.019+0000] {dag.py:3954} INFO - Setting next_dagrun for tmdb_raw_pipeline to 2026-03-28 00:00:00+00:00, run_after=2026-03-29 00:00:00+00:00
[2026-03-28T19:42:20.034+0000] {processor.py:183} INFO - Processing /opt/airflow/dags/tmdb_daily_dag.py took 0.075 seconds
[2026-03-28T19:42:50.498+0000] {processor.py:161} INFO - Started process (PID=49088) to work on /opt/airflow/dags/tmdb_daily_dag.py
[2026-03-28T19:42:50.499+0000] {processor.py:830} INFO - Processing file /opt/airflow/dags/tmdb_daily_dag.py for tasks to queue
[2026-03-28T19:42:50.499+0000] {logging_mixin.py:188} INFO - [2026-03-28T19:42:50.499+0000] {dagbag.py:545} INFO - Filling up the DagBag from /opt/airflow/dags/tmdb_daily_dag.py
[2026-03-28T19:42:50.506+0000] {processor.py:840} INFO - DAG(s) 'tmdb_raw_pipeline' retrieved from /opt/airflow/dags/tmdb_daily_dag.py
[2026-03-28T19:42:50.516+0000] {logging_mixin.py:188} INFO - [2026-03-28T19:42:50.516+0000] {dag.py:3096} INFO - Sync 1 DAGs
[2026-03-28T19:42:50.524+0000] {logging_mixin.py:188} INFO - [2026-03-28T19:42:50.524+0000] {dag.py:3954} INFO - Setting next_dagrun for tmdb_raw_pipeline to 2026-03-28 00:00:00+00:00, run_after=2026-03-29 00:00:00+00:00
[2026-03-28T19:42:50.530+0000] {processor.py:183} INFO - Processing /opt/airflow/dags/tmdb_daily_dag.py took 0.034 seconds
[2026-03-28T19:43:21.109+0000] {processor.py:161} INFO - Started process (PID=49108) to work on /opt/airflow/dags/tmdb_daily_dag.py
[2026-03-28T19:43:21.110+0000] {processor.py:830} INFO - Processing file /opt/airflow/dags/tmdb_daily_dag.py for tasks to queue
[2026-03-28T19:43:21.110+0000] {logging_mixin.py:188} INFO - [2026-03-28T19:43:21.110+0000] {dagbag.py:545} INFO - Filling up the DagBag from /opt/airflow/dags/tmdb_daily_dag.py
[2026-03-28T19:43:21.117+0000] {processor.py:840} INFO - DAG(s) 'tmdb_raw_pipeline' retrieved from /opt/airflow/dags/tmdb_daily_dag.py
[2026-03-28T19:43:21.129+0000] {logging_mixin.py:188} INFO - [2026-03-28T19:43:21.128+0000] {dag.py:3096} INFO - Sync 1 DAGs
[2026-03-28T19:43:21.138+0000] {logging_mixin.py:188} INFO - [2026-03-28T19:43:21.138+0000] {dag.py:3954} INFO - Setting next_dagrun for tmdb_raw_pipeline to 2026-03-28 00:00:00+00:00, run_after=2026-03-29 00:00:00+00:00
[2026-03-28T19:43:21.144+0000] {processor.py:183} INFO - Processing /opt/airflow/dags/tmdb_daily_dag.py took 0.039 seconds
[2026-03-28T19:43:51.564+0000] {processor.py:161} INFO - Started process (PID=49128) to work on /opt/airflow/dags/tmdb_daily_dag.py
[2026-03-28T19:43:51.565+0000] {processor.py:830} INFO - Processing file /opt/airflow/dags/tmdb_daily_dag.py for tasks to queue
[2026-03-28T19:43:51.565+0000] {logging_mixin.py:188} INFO - [2026-03-28T19:43:51.565+0000] {dagbag.py:545} INFO - Filling up the DagBag from /opt/airflow/dags/tmdb_daily_dag.py
[2026-03-28T19:43:51.571+0000] {processor.py:840} INFO - DAG(s) 'tmdb_raw_pipeline' retrieved from /opt/airflow/dags/tmdb_daily_dag.py
[2026-03-28T19:43:51.581+0000] {logging_mixin.py:188} INFO - [2026-03-28T19:43:51.581+0000] {dag.py:3096} INFO - Sync 1 DAGs
[2026-03-28T19:43:51.589+0000] {logging_mixin.py:188} INFO - [2026-03-28T19:43:51.589+0000] {dag.py:3954} INFO - Setting next_dagrun for tmdb_raw_pipeline to 2026-03-28 00:00:00+00:00, run_after=2026-03-29 00:00:00+00:00
[2026-03-28T19:43:51.595+0000] {processor.py:183} INFO - Processing /opt/airflow/dags/tmdb_daily_dag.py took 0.034 seconds
[2026-03-28T19:44:22.033+0000] {processor.py:161} INFO - Started process (PID=49148) to work on /opt/airflow/dags/tmdb_daily_dag.py
[2026-03-28T19:44:22.034+0000] {processor.py:830} INFO - Processing file /opt/airflow/dags/tmdb_daily_dag.py for tasks to queue
[2026-03-28T19:44:22.035+0000] {logging_mixin.py:188} INFO - [2026-03-28T19:44:22.035+0000] {dagbag.py:545} INFO - Filling up the DagBag from /opt/airflow/dags/tmdb_daily_dag.py
[2026-03-28T19:44:22.041+0000] {processor.py:840} INFO - DAG(s) 'tmdb_raw_pipeline' retrieved from /opt/airflow/dags/tmdb_daily_dag.py
[2026-03-28T19:44:22.051+0000] {logging_mixin.py:188} INFO - [2026-03-28T19:44:22.051+0000] {dag.py:3096} INFO - Sync 1 DAGs
[2026-03-28T19:44:22.060+0000] {logging_mixin.py:188} INFO - [2026-03-28T19:44:22.059+0000] {dag.py:3954} INFO - Setting next_dagrun for tmdb_raw_pipeline to 2026-03-28 00:00:00+00:00, run_after=2026-03-29 00:00:00+00:00
[2026-03-28T19:44:22.065+0000] {processor.py:183} INFO - Processing /opt/airflow/dags/tmdb_daily_dag.py took 0.035 seconds
[2026-03-28T19:44:52.496+0000] {processor.py:161} INFO - Started process (PID=49168) to work on /opt/airflow/dags/tmdb_daily_dag.py
[2026-03-28T19:44:52.496+0000] {processor.py:830} INFO - Processing file /opt/airflow/dags/tmdb_daily_dag.py for tasks to queue
[2026-03-28T19:44:52.497+0000] {logging_mixin.py:188} INFO - [2026-03-28T19:44:52.497+0000] {dagbag.py:545} INFO - Filling up the DagBag from /opt/airflow/dags/tmdb_daily_dag.py
[2026-03-28T19:44:52.502+0000] {processor.py:840} INFO - DAG(s) 'tmdb_raw_pipeline' retrieved from /opt/airflow/dags/tmdb_daily_dag.py
[2026-03-28T19:44:52.511+0000] {logging_mixin.py:188} INFO - [2026-03-28T19:44:52.511+0000] {dag.py:3096} INFO - Sync 1 DAGs
[2026-03-28T19:44:52.519+0000] {logging_mixin.py:188} INFO - [2026-03-28T19:44:52.519+0000] {dag.py:3954} INFO - Setting next_dagrun for tmdb_raw_pipeline to 2026-03-28 00:00:00+00:00, run_after=2026-03-29 00:00:00+00:00
[2026-03-28T19:44:52.525+0000] {processor.py:183} INFO - Processing /opt/airflow/dags/tmdb_daily_dag.py took 0.032 seconds
[2026-03-28T19:45:23.027+0000] {processor.py:161} INFO - Started process (PID=49188) to work on /opt/airflow/dags/tmdb_daily_dag.py
[2026-03-28T19:45:23.029+0000] {processor.py:830} INFO - Processing file /opt/airflow/dags/tmdb_daily_dag.py for tasks to queue
[2026-03-28T19:45:23.029+0000] {logging_mixin.py:188} INFO - [2026-03-28T19:45:23.029+0000] {dagbag.py:545} INFO - Filling up the DagBag from /opt/airflow/dags/tmdb_daily_dag.py
[2026-03-28T19:45:23.034+0000] {processor.py:840} INFO - DAG(s) 'tmdb_raw_pipeline' retrieved from /opt/airflow/dags/tmdb_daily_dag.py
[2026-03-28T19:45:23.044+0000] {logging_mixin.py:188} INFO - [2026-03-28T19:45:23.044+0000] {dag.py:3096} INFO - Sync 1 DAGs
[2026-03-28T19:45:23.052+0000] {logging_mixin.py:188} INFO - [2026-03-28T19:45:23.052+0000] {dag.py:3954} INFO - Setting next_dagrun for tmdb_raw_pipeline to 2026-03-28 00:00:00+00:00, run_after=2026-03-29 00:00:00+00:00
[2026-03-28T19:45:23.059+0000] {processor.py:183} INFO - Processing /opt/airflow/dags/tmdb_daily_dag.py took 0.036 seconds
[2026-03-28T19:45:53.453+0000] {processor.py:161} INFO - Started process (PID=49208) to work on /opt/airflow/dags/tmdb_daily_dag.py
[2026-03-28T19:45:53.454+0000] {processor.py:830} INFO - Processing file /opt/airflow/dags/tmdb_daily_dag.py for tasks to queue
[2026-03-28T19:45:53.454+0000] {logging_mixin.py:188} INFO - [2026-03-28T19:45:53.454+0000] {dagbag.py:545} INFO - Filling up the DagBag from /opt/airflow/dags/tmdb_daily_dag.py
[2026-03-28T19:45:53.459+0000] {processor.py:840} INFO - DAG(s) 'tmdb_raw_pipeline' retrieved from /opt/airflow/dags/tmdb_daily_dag.py
[2026-03-28T19:45:53.469+0000] {logging_mixin.py:188} INFO - [2026-03-28T19:45:53.468+0000] {dag.py:3096} INFO - Sync 1 DAGs
[2026-03-28T19:45:53.477+0000] {logging_mixin.py:188} INFO - [2026-03-28T19:45:53.476+0000] {dag.py:3954} INFO - Setting next_dagrun for tmdb_raw_pipeline to 2026-03-28 00:00:00+00:00, run_after=2026-03-29 00:00:00+00:00
[2026-03-28T19:45:53.483+0000] {processor.py:183} INFO - Processing /opt/airflow/dags/tmdb_daily_dag.py took 0.032 seconds
[2026-03-28T19:46:23.993+0000] {processor.py:161} INFO - Started process (PID=49228) to work on /opt/airflow/dags/tmdb_daily_dag.py
[2026-03-28T19:46:23.994+0000] {processor.py:830} INFO - Processing file /opt/airflow/dags/tmdb_daily_dag.py for tasks to queue
[2026-03-28T19:46:23.994+0000] {logging_mixin.py:188} INFO - [2026-03-28T19:46:23.994+0000] {dagbag.py:545} INFO - Filling up the DagBag from /opt/airflow/dags/tmdb_daily_dag.py
[2026-03-28T19:46:24.001+0000] {processor.py:840} INFO - DAG(s) 'tmdb_raw_pipeline' retrieved from /opt/airflow/dags/tmdb_daily_dag.py
[2026-03-28T19:46:24.011+0000] {logging_mixin.py:188} INFO - [2026-03-28T19:46:24.011+0000] {dag.py:3096} INFO - Sync 1 DAGs
[2026-03-28T19:46:24.021+0000] {logging_mixin.py:188} INFO - [2026-03-28T19:46:24.021+0000] {dag.py:3954} INFO - Setting next_dagrun for tmdb_raw_pipeline to 2026-03-28 00:00:00+00:00, run_after=2026-03-29 00:00:00+00:00
[2026-03-28T19:46:24.027+0000] {processor.py:183} INFO - Processing /opt/airflow/dags/tmdb_daily_dag.py took 0.037 seconds
[2026-03-28T19:46:54.525+0000] {processor.py:161} INFO - Started process (PID=49248) to work on /opt/airflow/dags/tmdb_daily_dag.py
[2026-03-28T19:46:54.526+0000] {processor.py:830} INFO - Processing file /opt/airflow/dags/tmdb_daily_dag.py for tasks to queue
[2026-03-28T19:46:54.527+0000] {logging_mixin.py:188} INFO - [2026-03-28T19:46:54.527+0000] {dagbag.py:545} INFO - Filling up the DagBag from /opt/airflow/dags/tmdb_daily_dag.py
[2026-03-28T19:46:54.535+0000] {processor.py:840} INFO - DAG(s) 'tmdb_raw_pipeline' retrieved from /opt/airflow/dags/tmdb_daily_dag.py
[2026-03-28T19:46:54.545+0000] {logging_mixin.py:188} INFO - [2026-03-28T19:46:54.545+0000] {dag.py:3096} INFO - Sync 1 DAGs
[2026-03-28T19:46:54.556+0000] {logging_mixin.py:188} INFO - [2026-03-28T19:46:54.556+0000] {dag.py:3954} INFO - Setting next_dagrun for tmdb_raw_pipeline to 2026-03-28 00:00:00+00:00, run_after=2026-03-29 00:00:00+00:00
[2026-03-28T19:46:54.562+0000] {processor.py:183} INFO - Processing /opt/airflow/dags/tmdb_daily_dag.py took 0.040 seconds
[2026-03-28T19:47:25.064+0000] {processor.py:161} INFO - Started process (PID=49268) to work on /opt/airflow/dags/tmdb_daily_dag.py
[2026-03-28T19:47:25.065+0000] {processor.py:830} INFO - Processing file /opt/airflow/dags/tmdb_daily_dag.py for tasks to queue
[2026-03-28T19:47:25.065+0000] {logging_mixin.py:188} INFO - [2026-03-28T19:47:25.065+0000] {dagbag.py:545} INFO - Filling up the DagBag from /opt/airflow/dags/tmdb_daily_dag.py
[2026-03-28T19:47:25.073+0000] {processor.py:840} INFO - DAG(s) 'tmdb_raw_pipeline' retrieved from /opt/airflow/dags/tmdb_daily_dag.py
[2026-03-28T19:47:25.082+0000] {logging_mixin.py:188} INFO - [2026-03-28T19:47:25.082+0000] {dag.py:3096} INFO - Sync 1 DAGs
[2026-03-28T19:47:25.090+0000] {logging_mixin.py:188} INFO - [2026-03-28T19:47:25.090+0000] {dag.py:3954} INFO - Setting next_dagrun for tmdb_raw_pipeline to 2026-03-28 00:00:00+00:00, run_after=2026-03-29 00:00:00+00:00
[2026-03-28T19:47:25.096+0000] {processor.py:183} INFO - Processing /opt/airflow/dags/tmdb_daily_dag.py took 0.035 seconds
[2026-03-28T19:47:55.501+0000] {processor.py:161} INFO - Started process (PID=49288) to work on /opt/airflow/dags/tmdb_daily_dag.py
[2026-03-28T19:47:55.502+0000] {processor.py:830} INFO - Processing file /opt/airflow/dags/tmdb_daily_dag.py for tasks to queue
[2026-03-28T19:47:55.503+0000] {logging_mixin.py:188} INFO - [2026-03-28T19:47:55.503+0000] {dagbag.py:545} INFO - Filling up the DagBag from /opt/airflow/dags/tmdb_daily_dag.py
[2026-03-28T19:47:55.508+0000] {processor.py:840} INFO - DAG(s) 'tmdb_raw_pipeline' retrieved from /opt/airflow/dags/tmdb_daily_dag.py
[2026-03-28T19:47:55.519+0000] {logging_mixin.py:188} INFO - [2026-03-28T19:47:55.519+0000] {dag.py:3096} INFO - Sync 1 DAGs
[2026-03-28T19:47:55.528+0000] {logging_mixin.py:188} INFO - [2026-03-28T19:47:55.528+0000] {dag.py:3954} INFO - Setting next_dagrun for tmdb_raw_pipeline to 2026-03-28 00:00:00+00:00, run_after=2026-03-29 00:00:00+00:00
[2026-03-28T19:47:55.535+0000] {processor.py:183} INFO - Processing /opt/airflow/dags/tmdb_daily_dag.py took 0.037 seconds
[2026-03-28T19:48:26.100+0000] {processor.py:161} INFO - Started process (PID=49308) to work on /opt/airflow/dags/tmdb_daily_dag.py
[2026-03-28T19:48:26.102+0000] {processor.py:830} INFO - Processing file /opt/airflow/dags/tmdb_daily_dag.py for tasks to queue
[2026-03-28T19:48:26.102+0000] {logging_mixin.py:188} INFO - [2026-03-28T19:48:26.102+0000] {dagbag.py:545} INFO - Filling up the DagBag from /opt/airflow/dags/tmdb_daily_dag.py
[2026-03-28T19:48:26.108+0000] {processor.py:840} INFO - DAG(s) 'tmdb_raw_pipeline' retrieved from /opt/airflow/dags/tmdb_daily_dag.py
[2026-03-28T19:48:26.120+0000] {logging_mixin.py:188} INFO - [2026-03-28T19:48:26.120+0000] {dag.py:3096} INFO - Sync 1 DAGs
[2026-03-28T19:48:26.129+0000] {logging_mixin.py:188} INFO - [2026-03-28T19:48:26.129+0000] {dag.py:3954} INFO - Setting next_dagrun for tmdb_raw_pipeline to 2026-03-28 00:00:00+00:00, run_after=2026-03-29 00:00:00+00:00
[2026-03-28T19:48:26.135+0000] {processor.py:183} INFO - Processing /opt/airflow/dags/tmdb_daily_dag.py took 0.040 seconds
[2026-03-28T19:48:56.569+0000] {processor.py:161} INFO - Started process (PID=49328) to work on /opt/airflow/dags/tmdb_daily_dag.py
[2026-03-28T19:48:56.570+0000] {processor.py:830} INFO - Processing file /opt/airflow/dags/tmdb_daily_dag.py for tasks to queue
[2026-03-28T19:48:56.570+0000] {logging_mixin.py:188} INFO - [2026-03-28T19:48:56.570+0000] {dagbag.py:545} INFO - Filling up the DagBag from /opt/airflow/dags/tmdb_daily_dag.py
[2026-03-28T19:48:56.576+0000] {processor.py:840} INFO - DAG(s) 'tmdb_raw_pipeline' retrieved from /opt/airflow/dags/tmdb_daily_dag.py
[2026-03-28T19:48:56.586+0000] {logging_mixin.py:188} INFO - [2026-03-28T19:48:56.586+0000] {dag.py:3096} INFO - Sync 1 DAGs
[2026-03-28T19:48:56.594+0000] {logging_mixin.py:188} INFO - [2026-03-28T19:48:56.594+0000] {dag.py:3954} INFO - Setting next_dagrun for tmdb_raw_pipeline to 2026-03-28 00:00:00+00:00, run_after=2026-03-29 00:00:00+00:00
[2026-03-28T19:48:56.600+0000] {processor.py:183} INFO - Processing /opt/airflow/dags/tmdb_daily_dag.py took 0.034 seconds
[2026-03-28T19:49:27.120+0000] {processor.py:161} INFO - Started process (PID=49348) to work on /opt/airflow/dags/tmdb_daily_dag.py
[2026-03-28T19:49:27.121+0000] {processor.py:830} INFO - Processing file /opt/airflow/dags/tmdb_daily_dag.py for tasks to queue
[2026-03-28T19:49:27.121+0000] {logging_mixin.py:188} INFO - [2026-03-28T19:49:27.121+0000] {dagbag.py:545} INFO - Filling up the DagBag from /opt/airflow/dags/tmdb_daily_dag.py
[2026-03-28T19:49:27.127+0000] {processor.py:840} INFO - DAG(s) 'tmdb_raw_pipeline' retrieved from /opt/airflow/dags/tmdb_daily_dag.py
[2026-03-28T19:49:27.137+0000] {logging_mixin.py:188} INFO - [2026-03-28T19:49:27.137+0000] {dag.py:3096} INFO - Sync 1 DAGs
[2026-03-28T19:49:27.146+0000] {logging_mixin.py:188} INFO - [2026-03-28T19:49:27.146+0000] {dag.py:3954} INFO - Setting next_dagrun for tmdb_raw_pipeline to 2026-03-28 00:00:00+00:00, run_after=2026-03-29 00:00:00+00:00
[2026-03-28T19:49:27.152+0000] {processor.py:183} INFO - Processing /opt/airflow/dags/tmdb_daily_dag.py took 0.034 seconds
[2026-03-28T19:49:57.579+0000] {processor.py:161} INFO - Started process (PID=49368) to work on /opt/airflow/dags/tmdb_daily_dag.py
[2026-03-28T19:49:57.580+0000] {processor.py:830} INFO - Processing file /opt/airflow/dags/tmdb_daily_dag.py for tasks to queue
[2026-03-28T19:49:57.580+0000] {logging_mixin.py:188} INFO - [2026-03-28T19:49:57.580+0000] {dagbag.py:545} INFO - Filling up the DagBag from /opt/airflow/dags/tmdb_daily_dag.py
[2026-03-28T19:49:57.585+0000] {processor.py:840} INFO - DAG(s) 'tmdb_raw_pipeline' retrieved from /opt/airflow/dags/tmdb_daily_dag.py
[2026-03-28T19:49:57.597+0000] {logging_mixin.py:188} INFO - [2026-03-28T19:49:57.596+0000] {dag.py:3096} INFO - Sync 1 DAGs
[2026-03-28T19:49:57.606+0000] {logging_mixin.py:188} INFO - [2026-03-28T19:49:57.606+0000] {dag.py:3954} INFO - Setting next_dagrun for tmdb_raw_pipeline to 2026-03-28 00:00:00+00:00, run_after=2026-03-29 00:00:00+00:00
[2026-03-28T19:49:57.612+0000] {processor.py:183} INFO - Processing /opt/airflow/dags/tmdb_daily_dag.py took 0.036 seconds
[2026-03-28T19:50:28.110+0000] {processor.py:161} INFO - Started process (PID=49388) to work on /opt/airflow/dags/tmdb_daily_dag.py
[2026-03-28T19:50:28.111+0000] {processor.py:830} INFO - Processing file /opt/airflow/dags/tmdb_daily_dag.py for tasks to queue
[2026-03-28T19:50:28.112+0000] {logging_mixin.py:188} INFO - [2026-03-28T19:50:28.112+0000] {dagbag.py:545} INFO - Filling up the DagBag from /opt/airflow/dags/tmdb_daily_dag.py
[2026-03-28T19:50:28.118+0000] {processor.py:840} INFO - DAG(s) 'tmdb_raw_pipeline' retrieved from /opt/airflow/dags/tmdb_daily_dag.py
[2026-03-28T19:50:28.128+0000] {logging_mixin.py:188} INFO - [2026-03-28T19:50:28.128+0000] {dag.py:3096} INFO - Sync 1 DAGs
[2026-03-28T19:50:28.137+0000] {logging_mixin.py:188} INFO - [2026-03-28T19:50:28.137+0000] {dag.py:3954} INFO - Setting next_dagrun for tmdb_raw_pipeline to 2026-03-28 00:00:00+00:00, run_after=2026-03-29 00:00:00+00:00
[2026-03-28T19:50:28.143+0000] {processor.py:183} INFO - Processing /opt/airflow/dags/tmdb_daily_dag.py took 0.036 seconds
[2026-03-28T19:50:58.623+0000] {processor.py:161} INFO - Started process (PID=49408) to work on /opt/airflow/dags/tmdb_daily_dag.py
[2026-03-28T19:50:58.624+0000] {processor.py:830} INFO - Processing file /opt/airflow/dags/tmdb_daily_dag.py for tasks to queue
[2026-03-28T19:50:58.624+0000] {logging_mixin.py:188} INFO - [2026-03-28T19:50:58.624+0000] {dagbag.py:545} INFO - Filling up the DagBag from /opt/airflow/dags/tmdb_daily_dag.py
[2026-03-28T19:50:58.630+0000] {processor.py:840} INFO - DAG(s) 'tmdb_raw_pipeline' retrieved from /opt/airflow/dags/tmdb_daily_dag.py
[2026-03-28T19:50:58.639+0000] {logging_mixin.py:188} INFO - [2026-03-28T19:50:58.639+0000] {dag.py:3096} INFO - Sync 1 DAGs
[2026-03-28T19:50:58.647+0000] {logging_mixin.py:188} INFO - [2026-03-28T19:50:58.647+0000] {dag.py:3954} INFO - Setting next_dagrun for tmdb_raw_pipeline to 2026-03-28 00:00:00+00:00, run_after=2026-03-29 00:00:00+00:00
[2026-03-28T19:50:58.653+0000] {processor.py:183} INFO - Processing /opt/airflow/dags/tmdb_daily_dag.py took 0.032 seconds
[2026-03-28T19:51:29.113+0000] {processor.py:161} INFO - Started process (PID=49428) to work on /opt/airflow/dags/tmdb_daily_dag.py
[2026-03-28T19:51:29.114+0000] {processor.py:830} INFO - Processing file /opt/airflow/dags/tmdb_daily_dag.py for tasks to queue
[2026-03-28T19:51:29.114+0000] {logging_mixin.py:188} INFO - [2026-03-28T19:51:29.114+0000] {dagbag.py:545} INFO - Filling up the DagBag from /opt/airflow/dags/tmdb_daily_dag.py
[2026-03-28T19:51:29.120+0000] {processor.py:840} INFO - DAG(s) 'tmdb_raw_pipeline' retrieved from /opt/airflow/dags/tmdb_daily_dag.py
[2026-03-28T19:51:29.129+0000] {logging_mixin.py:188} INFO - [2026-03-28T19:51:29.129+0000] {dag.py:3096} INFO - Sync 1 DAGs
[2026-03-28T19:51:29.137+0000] {logging_mixin.py:188} INFO - [2026-03-28T19:51:29.137+0000] {dag.py:3954} INFO - Setting next_dagrun for tmdb_raw_pipeline to 2026-03-28 00:00:00+00:00, run_after=2026-03-29 00:00:00+00:00
[2026-03-28T19:51:29.144+0000] {processor.py:183} INFO - Processing /opt/airflow/dags/tmdb_daily_dag.py took 0.033 seconds
[2026-03-28T19:51:59.580+0000] {processor.py:161} INFO - Started process (PID=49448) to work on /opt/airflow/dags/tmdb_daily_dag.py
[2026-03-28T19:51:59.581+0000] {processor.py:830} INFO - Processing file /opt/airflow/dags/tmdb_daily_dag.py for tasks to queue
[2026-03-28T19:51:59.581+0000] {logging_mixin.py:188} INFO - [2026-03-28T19:51:59.581+0000] {dagbag.py:545} INFO - Filling up the DagBag from /opt/airflow/dags/tmdb_daily_dag.py
[2026-03-28T19:51:59.587+0000] {processor.py:840} INFO - DAG(s) 'tmdb_raw_pipeline' retrieved from /opt/airflow/dags/tmdb_daily_dag.py
[2026-03-28T19:51:59.597+0000] {logging_mixin.py:188} INFO - [2026-03-28T19:51:59.597+0000] {dag.py:3096} INFO - Sync 1 DAGs
[2026-03-28T19:51:59.605+0000] {logging_mixin.py:188} INFO - [2026-03-28T19:51:59.605+0000] {dag.py:3954} INFO - Setting next_dagrun for tmdb_raw_pipeline to 2026-03-28 00:00:00+00:00, run_after=2026-03-29 00:00:00+00:00
[2026-03-28T19:51:59.612+0000] {processor.py:183} INFO - Processing /opt/airflow/dags/tmdb_daily_dag.py took 0.034 seconds
[2026-03-28T19:52:30.136+0000] {processor.py:161} INFO - Started process (PID=49468) to work on /opt/airflow/dags/tmdb_daily_dag.py
[2026-03-28T19:52:30.137+0000] {processor.py:830} INFO - Processing file /opt/airflow/dags/tmdb_daily_dag.py for tasks to queue
[2026-03-28T19:52:30.137+0000] {logging_mixin.py:188} INFO - [2026-03-28T19:52:30.137+0000] {dagbag.py:545} INFO - Filling up the DagBag from /opt/airflow/dags/tmdb_daily_dag.py
[2026-03-28T19:52:30.143+0000] {processor.py:840} INFO - DAG(s) 'tmdb_raw_pipeline' retrieved from /opt/airflow/dags/tmdb_daily_dag.py
[2026-03-28T19:52:30.153+0000] {logging_mixin.py:188} INFO - [2026-03-28T19:52:30.152+0000] {dag.py:3096} INFO - Sync 1 DAGs
[2026-03-28T19:52:30.162+0000] {logging_mixin.py:188} INFO - [2026-03-28T19:52:30.161+0000] {dag.py:3954} INFO - Setting next_dagrun for tmdb_raw_pipeline to 2026-03-28 00:00:00+00:00, run_after=2026-03-29 00:00:00+00:00
[2026-03-28T19:52:30.167+0000] {processor.py:183} INFO - Processing /opt/airflow/dags/tmdb_daily_dag.py took 0.034 seconds
[2026-03-28T19:53:00.712+0000] {processor.py:161} INFO - Started process (PID=49488) to work on /opt/airflow/dags/tmdb_daily_dag.py
[2026-03-28T19:53:00.713+0000] {processor.py:830} INFO - Processing file /opt/airflow/dags/tmdb_daily_dag.py for tasks to queue
[2026-03-28T19:53:00.713+0000] {logging_mixin.py:188} INFO - [2026-03-28T19:53:00.713+0000] {dagbag.py:545} INFO - Filling up the DagBag from /opt/airflow/dags/tmdb_daily_dag.py
[2026-03-28T19:53:00.721+0000] {processor.py:840} INFO - DAG(s) 'tmdb_raw_pipeline' retrieved from /opt/airflow/dags/tmdb_daily_dag.py
[2026-03-28T19:53:00.734+0000] {logging_mixin.py:188} INFO - [2026-03-28T19:53:00.733+0000] {dag.py:3096} INFO - Sync 1 DAGs
[2026-03-28T19:53:00.742+0000] {logging_mixin.py:188} INFO - [2026-03-28T19:53:00.742+0000] {dag.py:3954} INFO - Setting next_dagrun for tmdb_raw_pipeline to 2026-03-28 00:00:00+00:00, run_after=2026-03-29 00:00:00+00:00
[2026-03-28T19:53:00.748+0000] {processor.py:183} INFO - Processing /opt/airflow/dags/tmdb_daily_dag.py took 0.038 seconds
[2026-03-28T19:53:31.214+0000] {processor.py:161} INFO - Started process (PID=49508) to work on /opt/airflow/dags/tmdb_daily_dag.py
[2026-03-28T19:53:31.215+0000] {processor.py:830} INFO - Processing file /opt/airflow/dags/tmdb_daily_dag.py for tasks to queue
[2026-03-28T19:53:31.215+0000] {logging_mixin.py:188} INFO - [2026-03-28T19:53:31.215+0000] {dagbag.py:545} INFO - Filling up the DagBag from /opt/airflow/dags/tmdb_daily_dag.py
[2026-03-28T19:53:31.227+0000] {processor.py:840} INFO - DAG(s) 'tmdb_raw_pipeline' retrieved from /opt/airflow/dags/tmdb_daily_dag.py
[2026-03-28T19:53:31.238+0000] {logging_mixin.py:188} INFO - [2026-03-28T19:53:31.238+0000] {dag.py:3096} INFO - Sync 1 DAGs
[2026-03-28T19:53:31.248+0000] {logging_mixin.py:188} INFO - [2026-03-28T19:53:31.248+0000] {dag.py:3954} INFO - Setting next_dagrun for tmdb_raw_pipeline to 2026-03-28 00:00:00+00:00, run_after=2026-03-29 00:00:00+00:00
[2026-03-28T19:53:31.254+0000] {processor.py:183} INFO - Processing /opt/airflow/dags/tmdb_daily_dag.py took 0.044 seconds
[2026-03-28T19:54:01.692+0000] {processor.py:161} INFO - Started process (PID=49528) to work on /opt/airflow/dags/tmdb_daily_dag.py
[2026-03-28T19:54:01.693+0000] {processor.py:830} INFO - Processing file /opt/airflow/dags/tmdb_daily_dag.py for tasks to queue
[2026-03-28T19:54:01.693+0000] {logging_mixin.py:188} INFO - [2026-03-28T19:54:01.693+0000] {dagbag.py:545} INFO - Filling up the DagBag from /opt/airflow/dags/tmdb_daily_dag.py
[2026-03-28T19:54:01.700+0000] {processor.py:840} INFO - DAG(s) 'tmdb_raw_pipeline' retrieved from /opt/airflow/dags/tmdb_daily_dag.py
[2026-03-28T19:54:01.709+0000] {logging_mixin.py:188} INFO - [2026-03-28T19:54:01.709+0000] {dag.py:3096} INFO - Sync 1 DAGs
[2026-03-28T19:54:01.718+0000] {logging_mixin.py:188} INFO - [2026-03-28T19:54:01.718+0000] {dag.py:3954} INFO - Setting next_dagrun for tmdb_raw_pipeline to 2026-03-28 00:00:00+00:00, run_after=2026-03-29 00:00:00+00:00
[2026-03-28T19:54:01.724+0000] {processor.py:183} INFO - Processing /opt/airflow/dags/tmdb_daily_dag.py took 0.034 seconds
[2026-03-28T19:54:32.268+0000] {processor.py:161} INFO - Started process (PID=49548) to work on /opt/airflow/dags/tmdb_daily_dag.py
[2026-03-28T19:54:32.269+0000] {processor.py:830} INFO - Processing file /opt/airflow/dags/tmdb_daily_dag.py for tasks to queue
[2026-03-28T19:54:32.269+0000] {logging_mixin.py:188} INFO - [2026-03-28T19:54:32.269+0000] {dagbag.py:545} INFO - Filling up the DagBag from /opt/airflow/dags/tmdb_daily_dag.py
[2026-03-28T19:54:32.275+0000] {processor.py:840} INFO - DAG(s) 'tmdb_raw_pipeline' retrieved from /opt/airflow/dags/tmdb_daily_dag.py
[2026-03-28T19:54:32.285+0000] {logging_mixin.py:188} INFO - [2026-03-28T19:54:32.285+0000] {dag.py:3096} INFO - Sync 1 DAGs
[2026-03-28T19:54:32.296+0000] {logging_mixin.py:188} INFO - [2026-03-28T19:54:32.296+0000] {dag.py:3954} INFO - Setting next_dagrun for tmdb_raw_pipeline to 2026-03-28 00:00:00+00:00, run_after=2026-03-29 00:00:00+00:00
[2026-03-28T19:54:32.302+0000] {processor.py:183} INFO - Processing /opt/airflow/dags/tmdb_daily_dag.py took 0.037 seconds
[2026-03-28T19:55:02.839+0000] {processor.py:161} INFO - Started process (PID=49568) to work on /opt/airflow/dags/tmdb_daily_dag.py
[2026-03-28T19:55:02.840+0000] {processor.py:830} INFO - Processing file /opt/airflow/dags/tmdb_daily_dag.py for tasks to queue
[2026-03-28T19:55:02.840+0000] {logging_mixin.py:188} INFO - [2026-03-28T19:55:02.840+0000] {dagbag.py:545} INFO - Filling up the DagBag from /opt/airflow/dags/tmdb_daily_dag.py
[2026-03-28T19:55:02.846+0000] {processor.py:840} INFO - DAG(s) 'tmdb_raw_pipeline' retrieved from /opt/airflow/dags/tmdb_daily_dag.py
[2026-03-28T19:55:02.856+0000] {logging_mixin.py:188} INFO - [2026-03-28T19:55:02.856+0000] {dag.py:3096} INFO - Sync 1 DAGs
[2026-03-28T19:55:02.865+0000] {logging_mixin.py:188} INFO - [2026-03-28T19:55:02.865+0000] {dag.py:3954} INFO - Setting next_dagrun for tmdb_raw_pipeline to 2026-03-28 00:00:00+00:00, run_after=2026-03-29 00:00:00+00:00
[2026-03-28T19:55:02.871+0000] {processor.py:183} INFO - Processing /opt/airflow/dags/tmdb_daily_dag.py took 0.035 seconds
[2026-03-28T19:55:33.435+0000] {processor.py:161} INFO - Started process (PID=49588) to work on /opt/airflow/dags/tmdb_daily_dag.py
[2026-03-28T19:55:33.436+0000] {processor.py:830} INFO - Processing file /opt/airflow/dags/tmdb_daily_dag.py for tasks to queue
[2026-03-28T19:55:33.436+0000] {logging_mixin.py:188} INFO - [2026-03-28T19:55:33.436+0000] {dagbag.py:545} INFO - Filling up the DagBag from /opt/airflow/dags/tmdb_daily_dag.py
[2026-03-28T19:55:33.441+0000] {processor.py:840} INFO - DAG(s) 'tmdb_raw_pipeline' retrieved from /opt/airflow/dags/tmdb_daily_dag.py
[2026-03-28T19:55:33.451+0000] {logging_mixin.py:188} INFO - [2026-03-28T19:55:33.451+0000] {dag.py:3096} INFO - Sync 1 DAGs
[2026-03-28T19:55:33.459+0000] {logging_mixin.py:188} INFO - [2026-03-28T19:55:33.459+0000] {dag.py:3954} INFO - Setting next_dagrun for tmdb_raw_pipeline to 2026-03-28 00:00:00+00:00, run_after=2026-03-29 00:00:00+00:00
[2026-03-28T19:55:33.464+0000] {processor.py:183} INFO - Processing /opt/airflow/dags/tmdb_daily_dag.py took 0.034 seconds
[2026-03-28T19:56:03.909+0000] {processor.py:161} INFO - Started process (PID=49608) to work on /opt/airflow/dags/tmdb_daily_dag.py
[2026-03-28T19:56:03.910+0000] {processor.py:830} INFO - Processing file /opt/airflow/dags/tmdb_daily_dag.py for tasks to queue
[2026-03-28T19:56:03.910+0000] {logging_mixin.py:188} INFO - [2026-03-28T19:56:03.910+0000] {dagbag.py:545} INFO - Filling up the DagBag from /opt/airflow/dags/tmdb_daily_dag.py
[2026-03-28T19:56:03.917+0000] {processor.py:840} INFO - DAG(s) 'tmdb_raw_pipeline' retrieved from /opt/airflow/dags/tmdb_daily_dag.py
[2026-03-28T19:56:03.929+0000] {logging_mixin.py:188} INFO - [2026-03-28T19:56:03.929+0000] {dag.py:3096} INFO - Sync 1 DAGs
[2026-03-28T19:56:03.938+0000] {logging_mixin.py:188} INFO - [2026-03-28T19:56:03.938+0000] {dag.py:3954} INFO - Setting next_dagrun for tmdb_raw_pipeline to 2026-03-28 00:00:00+00:00, run_after=2026-03-29 00:00:00+00:00
[2026-03-28T19:56:03.944+0000] {processor.py:183} INFO - Processing /opt/airflow/dags/tmdb_daily_dag.py took 0.038 seconds
[2026-03-28T19:56:34.507+0000] {processor.py:161} INFO - Started process (PID=49628) to work on /opt/airflow/dags/tmdb_daily_dag.py
[2026-03-28T19:56:34.508+0000] {processor.py:830} INFO - Processing file /opt/airflow/dags/tmdb_daily_dag.py for tasks to queue
[2026-03-28T19:56:34.509+0000] {logging_mixin.py:188} INFO - [2026-03-28T19:56:34.508+0000] {dagbag.py:545} INFO - Filling up the DagBag from /opt/airflow/dags/tmdb_daily_dag.py
[2026-03-28T19:56:34.515+0000] {processor.py:840} INFO - DAG(s) 'tmdb_raw_pipeline' retrieved from /opt/airflow/dags/tmdb_daily_dag.py
[2026-03-28T19:56:34.528+0000] {logging_mixin.py:188} INFO - [2026-03-28T19:56:34.528+0000] {dag.py:3096} INFO - Sync 1 DAGs
[2026-03-28T19:56:34.537+0000] {logging_mixin.py:188} INFO - [2026-03-28T19:56:34.537+0000] {dag.py:3954} INFO - Setting next_dagrun for tmdb_raw_pipeline to 2026-03-28 00:00:00+00:00, run_after=2026-03-29 00:00:00+00:00
[2026-03-28T19:56:34.543+0000] {processor.py:183} INFO - Processing /opt/airflow/dags/tmdb_daily_dag.py took 0.039 seconds
[2026-03-28T19:57:05.047+0000] {processor.py:161} INFO - Started process (PID=49648) to work on /opt/airflow/dags/tmdb_daily_dag.py
[2026-03-28T19:57:05.048+0000] {processor.py:830} INFO - Processing file /opt/airflow/dags/tmdb_daily_dag.py for tasks to queue
[2026-03-28T19:57:05.049+0000] {logging_mixin.py:188} INFO - [2026-03-28T19:57:05.049+0000] {dagbag.py:545} INFO - Filling up the DagBag from /opt/airflow/dags/tmdb_daily_dag.py
[2026-03-28T19:57:05.055+0000] {processor.py:840} INFO - DAG(s) 'tmdb_raw_pipeline' retrieved from /opt/airflow/dags/tmdb_daily_dag.py
[2026-03-28T19:57:05.064+0000] {logging_mixin.py:188} INFO - [2026-03-28T19:57:05.064+0000] {dag.py:3096} INFO - Sync 1 DAGs
[2026-03-28T19:57:05.073+0000] {logging_mixin.py:188} INFO - [2026-03-28T19:57:05.073+0000] {dag.py:3954} INFO - Setting next_dagrun for tmdb_raw_pipeline to 2026-03-28 00:00:00+00:00, run_after=2026-03-29 00:00:00+00:00
[2026-03-28T19:57:05.079+0000] {processor.py:183} INFO - Processing /opt/airflow/dags/tmdb_daily_dag.py took 0.034 seconds
[2026-03-28T19:57:35.590+0000] {processor.py:161} INFO - Started process (PID=49668) to work on /opt/airflow/dags/tmdb_daily_dag.py
[2026-03-28T19:57:35.591+0000] {processor.py:830} INFO - Processing file /opt/airflow/dags/tmdb_daily_dag.py for tasks to queue
[2026-03-28T19:57:35.591+0000] {logging_mixin.py:188} INFO - [2026-03-28T19:57:35.591+0000] {dagbag.py:545} INFO - Filling up the DagBag from /opt/airflow/dags/tmdb_daily_dag.py
[2026-03-28T19:57:35.598+0000] {processor.py:840} INFO - DAG(s) 'tmdb_raw_pipeline' retrieved from /opt/airflow/dags/tmdb_daily_dag.py
[2026-03-28T19:57:35.607+0000] {logging_mixin.py:188} INFO - [2026-03-28T19:57:35.607+0000] {dag.py:3096} INFO - Sync 1 DAGs
[2026-03-28T19:57:35.619+0000] {logging_mixin.py:188} INFO - [2026-03-28T19:57:35.618+0000] {dag.py:3954} INFO - Setting next_dagrun for tmdb_raw_pipeline to 2026-03-28 00:00:00+00:00, run_after=2026-03-29 00:00:00+00:00
[2026-03-28T19:57:35.627+0000] {processor.py:183} INFO - Processing /opt/airflow/dags/tmdb_daily_dag.py took 0.039 seconds
[2026-03-28T19:58:06.027+0000] {processor.py:161} INFO - Started process (PID=49688) to work on /opt/airflow/dags/tmdb_daily_dag.py
[2026-03-28T19:58:06.028+0000] {processor.py:830} INFO - Processing file /opt/airflow/dags/tmdb_daily_dag.py for tasks to queue
[2026-03-28T19:58:06.029+0000] {logging_mixin.py:188} INFO - [2026-03-28T19:58:06.028+0000] {dagbag.py:545} INFO - Filling up the DagBag from /opt/airflow/dags/tmdb_daily_dag.py
[2026-03-28T19:58:06.034+0000] {processor.py:840} INFO - DAG(s) 'tmdb_raw_pipeline' retrieved from /opt/airflow/dags/tmdb_daily_dag.py
[2026-03-28T19:58:06.044+0000] {logging_mixin.py:188} INFO - [2026-03-28T19:58:06.044+0000] {dag.py:3096} INFO - Sync 1 DAGs
[2026-03-28T19:58:06.052+0000] {logging_mixin.py:188} INFO - [2026-03-28T19:58:06.052+0000] {dag.py:3954} INFO - Setting next_dagrun for tmdb_raw_pipeline to 2026-03-28 00:00:00+00:00, run_after=2026-03-29 00:00:00+00:00
[2026-03-28T19:58:06.058+0000] {processor.py:183} INFO - Processing /opt/airflow/dags/tmdb_daily_dag.py took 0.034 seconds
[2026-03-28T19:58:36.603+0000] {processor.py:161} INFO - Started process (PID=49708) to work on /opt/airflow/dags/tmdb_daily_dag.py
[2026-03-28T19:58:36.604+0000] {processor.py:830} INFO - Processing file /opt/airflow/dags/tmdb_daily_dag.py for tasks to queue
[2026-03-28T19:58:36.605+0000] {logging_mixin.py:188} INFO - [2026-03-28T19:58:36.605+0000] {dagbag.py:545} INFO - Filling up the DagBag from /opt/airflow/dags/tmdb_daily_dag.py
[2026-03-28T19:58:36.612+0000] {processor.py:840} INFO - DAG(s) 'tmdb_raw_pipeline' retrieved from /opt/airflow/dags/tmdb_daily_dag.py
[2026-03-28T19:58:36.627+0000] {logging_mixin.py:188} INFO - [2026-03-28T19:58:36.627+0000] {dag.py:3096} INFO - Sync 1 DAGs
[2026-03-28T19:58:36.640+0000] {logging_mixin.py:188} INFO - [2026-03-28T19:58:36.640+0000] {dag.py:3954} INFO - Setting next_dagrun for tmdb_raw_pipeline to 2026-03-28 00:00:00+00:00, run_after=2026-03-29 00:00:00+00:00
[2026-03-28T19:58:36.647+0000] {processor.py:183} INFO - Processing /opt/airflow/dags/tmdb_daily_dag.py took 0.048 seconds
[2026-03-28T19:59:07.124+0000] {processor.py:161} INFO - Started process (PID=49728) to work on /opt/airflow/dags/tmdb_daily_dag.py
[2026-03-28T19:59:07.124+0000] {processor.py:830} INFO - Processing file /opt/airflow/dags/tmdb_daily_dag.py for tasks to queue
[2026-03-28T19:59:07.125+0000] {logging_mixin.py:188} INFO - [2026-03-28T19:59:07.125+0000] {dagbag.py:545} INFO - Filling up the DagBag from /opt/airflow/dags/tmdb_daily_dag.py
[2026-03-28T19:59:07.130+0000] {processor.py:840} INFO - DAG(s) 'tmdb_raw_pipeline' retrieved from /opt/airflow/dags/tmdb_daily_dag.py
[2026-03-28T19:59:07.140+0000] {logging_mixin.py:188} INFO - [2026-03-28T19:59:07.140+0000] {dag.py:3096} INFO - Sync 1 DAGs
[2026-03-28T19:59:07.148+0000] {logging_mixin.py:188} INFO - [2026-03-28T19:59:07.148+0000] {dag.py:3954} INFO - Setting next_dagrun for tmdb_raw_pipeline to 2026-03-28 00:00:00+00:00, run_after=2026-03-29 00:00:00+00:00
[2026-03-28T19:59:07.154+0000] {processor.py:183} INFO - Processing /opt/airflow/dags/tmdb_daily_dag.py took 0.033 seconds
[2026-03-28T19:59:37.608+0000] {processor.py:161} INFO - Started process (PID=49748) to work on /opt/airflow/dags/tmdb_daily_dag.py
[2026-03-28T19:59:37.609+0000] {processor.py:830} INFO - Processing file /opt/airflow/dags/tmdb_daily_dag.py for tasks to queue
[2026-03-28T19:59:37.610+0000] {logging_mixin.py:188} INFO - [2026-03-28T19:59:37.609+0000] {dagbag.py:545} INFO - Filling up the DagBag from /opt/airflow/dags/tmdb_daily_dag.py
[2026-03-28T19:59:37.615+0000] {processor.py:840} INFO - DAG(s) 'tmdb_raw_pipeline' retrieved from /opt/airflow/dags/tmdb_daily_dag.py
[2026-03-28T19:59:37.625+0000] {logging_mixin.py:188} INFO - [2026-03-28T19:59:37.625+0000] {dag.py:3096} INFO - Sync 1 DAGs
[2026-03-28T19:59:37.634+0000] {logging_mixin.py:188} INFO - [2026-03-28T19:59:37.634+0000] {dag.py:3954} INFO - Setting next_dagrun for tmdb_raw_pipeline to 2026-03-28 00:00:00+00:00, run_after=2026-03-29 00:00:00+00:00
[2026-03-28T19:59:37.641+0000] {processor.py:183} INFO - Processing /opt/airflow/dags/tmdb_daily_dag.py took 0.035 seconds
[2026-03-28T20:00:08.113+0000] {processor.py:161} INFO - Started process (PID=49768) to work on /opt/airflow/dags/tmdb_daily_dag.py
[2026-03-28T20:00:08.114+0000] {processor.py:830} INFO - Processing file /opt/airflow/dags/tmdb_daily_dag.py for tasks to queue
[2026-03-28T20:00:08.114+0000] {logging_mixin.py:188} INFO - [2026-03-28T20:00:08.114+0000] {dagbag.py:545} INFO - Filling up the DagBag from /opt/airflow/dags/tmdb_daily_dag.py
[2026-03-28T20:00:08.120+0000] {processor.py:840} INFO - DAG(s) 'tmdb_raw_pipeline' retrieved from /opt/airflow/dags/tmdb_daily_dag.py
[2026-03-28T20:00:08.130+0000] {logging_mixin.py:188} INFO - [2026-03-28T20:00:08.130+0000] {dag.py:3096} INFO - Sync 1 DAGs
[2026-03-28T20:00:08.138+0000] {logging_mixin.py:188} INFO - [2026-03-28T20:00:08.138+0000] {dag.py:3954} INFO - Setting next_dagrun for tmdb_raw_pipeline to 2026-03-28 00:00:00+00:00, run_after=2026-03-29 00:00:00+00:00
[2026-03-28T20:00:08.145+0000] {processor.py:183} INFO - Processing /opt/airflow/dags/tmdb_daily_dag.py took 0.040 seconds
[2026-03-28T20:00:38.655+0000] {processor.py:161} INFO - Started process (PID=49788) to work on /opt/airflow/dags/tmdb_daily_dag.py
[2026-03-28T20:00:38.656+0000] {processor.py:830} INFO - Processing file /opt/airflow/dags/tmdb_daily_dag.py for tasks to queue
[2026-03-28T20:00:38.657+0000] {logging_mixin.py:188} INFO - [2026-03-28T20:00:38.656+0000] {dagbag.py:545} INFO - Filling up the DagBag from /opt/airflow/dags/tmdb_daily_dag.py
[2026-03-28T20:00:38.662+0000] {processor.py:840} INFO - DAG(s) 'tmdb_raw_pipeline' retrieved from /opt/airflow/dags/tmdb_daily_dag.py
[2026-03-28T20:00:38.671+0000] {logging_mixin.py:188} INFO - [2026-03-28T20:00:38.671+0000] {dag.py:3096} INFO - Sync 1 DAGs
[2026-03-28T20:00:38.679+0000] {logging_mixin.py:188} INFO - [2026-03-28T20:00:38.679+0000] {dag.py:3954} INFO - Setting next_dagrun for tmdb_raw_pipeline to 2026-03-28 00:00:00+00:00, run_after=2026-03-29 00:00:00+00:00
[2026-03-28T20:00:38.685+0000] {processor.py:183} INFO - Processing /opt/airflow/dags/tmdb_daily_dag.py took 0.032 seconds
[2026-03-28T20:01:09.148+0000] {processor.py:161} INFO - Started process (PID=49808) to work on /opt/airflow/dags/tmdb_daily_dag.py
[2026-03-28T20:01:09.149+0000] {processor.py:830} INFO - Processing file /opt/airflow/dags/tmdb_daily_dag.py for tasks to queue
[2026-03-28T20:01:09.149+0000] {logging_mixin.py:188} INFO - [2026-03-28T20:01:09.149+0000] {dagbag.py:545} INFO - Filling up the DagBag from /opt/airflow/dags/tmdb_daily_dag.py
[2026-03-28T20:01:09.158+0000] {processor.py:840} INFO - DAG(s) 'tmdb_raw_pipeline' retrieved from /opt/airflow/dags/tmdb_daily_dag.py
[2026-03-28T20:01:09.168+0000] {logging_mixin.py:188} INFO - [2026-03-28T20:01:09.168+0000] {dag.py:3096} INFO - Sync 1 DAGs
[2026-03-28T20:01:09.177+0000] {logging_mixin.py:188} INFO - [2026-03-28T20:01:09.177+0000] {dag.py:3954} INFO - Setting next_dagrun for tmdb_raw_pipeline to 2026-03-28 00:00:00+00:00, run_after=2026-03-29 00:00:00+00:00
[2026-03-28T20:01:09.183+0000] {processor.py:183} INFO - Processing /opt/airflow/dags/tmdb_daily_dag.py took 0.037 seconds
[2026-03-28T20:01:39.717+0000] {processor.py:161} INFO - Started process (PID=49828) to work on /opt/airflow/dags/tmdb_daily_dag.py
[2026-03-28T20:01:39.718+0000] {processor.py:830} INFO - Processing file /opt/airflow/dags/tmdb_daily_dag.py for tasks to queue
[2026-03-28T20:01:39.718+0000] {logging_mixin.py:188} INFO - [2026-03-28T20:01:39.718+0000] {dagbag.py:545} INFO - Filling up the DagBag from /opt/airflow/dags/tmdb_daily_dag.py
[2026-03-28T20:01:39.724+0000] {processor.py:840} INFO - DAG(s) 'tmdb_raw_pipeline' retrieved from /opt/airflow/dags/tmdb_daily_dag.py
[2026-03-28T20:01:39.737+0000] {logging_mixin.py:188} INFO - [2026-03-28T20:01:39.737+0000] {dag.py:3096} INFO - Sync 1 DAGs
[2026-03-28T20:01:39.753+0000] {logging_mixin.py:188} INFO - [2026-03-28T20:01:39.753+0000] {dag.py:3954} INFO - Setting next_dagrun for tmdb_raw_pipeline to 2026-03-28 00:00:00+00:00, run_after=2026-03-29 00:00:00+00:00
[2026-03-28T20:01:39.762+0000] {processor.py:183} INFO - Processing /opt/airflow/dags/tmdb_daily_dag.py took 0.049 seconds
[2026-03-28T20:02:10.311+0000] {processor.py:161} INFO - Started process (PID=49848) to work on /opt/airflow/dags/tmdb_daily_dag.py
[2026-03-28T20:02:10.312+0000] {processor.py:830} INFO - Processing file /opt/airflow/dags/tmdb_daily_dag.py for tasks to queue
[2026-03-28T20:02:10.313+0000] {logging_mixin.py:188} INFO - [2026-03-28T20:02:10.313+0000] {dagbag.py:545} INFO - Filling up the DagBag from /opt/airflow/dags/tmdb_daily_dag.py
[2026-03-28T20:02:10.321+0000] {processor.py:840} INFO - DAG(s) 'tmdb_raw_pipeline' retrieved from /opt/airflow/dags/tmdb_daily_dag.py
[2026-03-28T20:02:10.334+0000] {logging_mixin.py:188} INFO - [2026-03-28T20:02:10.334+0000] {dag.py:3096} INFO - Sync 1 DAGs
[2026-03-28T20:02:10.345+0000] {logging_mixin.py:188} INFO - [2026-03-28T20:02:10.345+0000] {dag.py:3954} INFO - Setting next_dagrun for tmdb_raw_pipeline to 2026-03-28 00:00:00+00:00, run_after=2026-03-29 00:00:00+00:00
[2026-03-28T20:02:10.352+0000] {processor.py:183} INFO - Processing /opt/airflow/dags/tmdb_daily_dag.py took 0.044 seconds
[2026-03-28T20:02:40.825+0000] {processor.py:161} INFO - Started process (PID=49868) to work on /opt/airflow/dags/tmdb_daily_dag.py
[2026-03-28T20:02:40.826+0000] {processor.py:830} INFO - Processing file /opt/airflow/dags/tmdb_daily_dag.py for tasks to queue
[2026-03-28T20:02:40.827+0000] {logging_mixin.py:188} INFO - [2026-03-28T20:02:40.827+0000] {dagbag.py:545} INFO - Filling up the DagBag from /opt/airflow/dags/tmdb_daily_dag.py
[2026-03-28T20:02:40.833+0000] {processor.py:840} INFO - DAG(s) 'tmdb_raw_pipeline' retrieved from /opt/airflow/dags/tmdb_daily_dag.py
[2026-03-28T20:02:40.843+0000] {logging_mixin.py:188} INFO - [2026-03-28T20:02:40.843+0000] {dag.py:3096} INFO - Sync 1 DAGs
[2026-03-28T20:02:40.852+0000] {logging_mixin.py:188} INFO - [2026-03-28T20:02:40.852+0000] {dag.py:3954} INFO - Setting next_dagrun for tmdb_raw_pipeline to 2026-03-28 00:00:00+00:00, run_after=2026-03-29 00:00:00+00:00
[2026-03-28T20:02:40.858+0000] {processor.py:183} INFO - Processing /opt/airflow/dags/tmdb_daily_dag.py took 0.036 seconds
[2026-03-28T20:03:11.439+0000] {processor.py:161} INFO - Started process (PID=49888) to work on /opt/airflow/dags/tmdb_daily_dag.py
[2026-03-28T20:03:11.440+0000] {processor.py:830} INFO - Processing file /opt/airflow/dags/tmdb_daily_dag.py for tasks to queue
[2026-03-28T20:03:11.440+0000] {logging_mixin.py:188} INFO - [2026-03-28T20:03:11.440+0000] {dagbag.py:545} INFO - Filling up the DagBag from /opt/airflow/dags/tmdb_daily_dag.py
[2026-03-28T20:03:11.448+0000] {processor.py:840} INFO - DAG(s) 'tmdb_raw_pipeline' retrieved from /opt/airflow/dags/tmdb_daily_dag.py
[2026-03-28T20:03:11.460+0000] {logging_mixin.py:188} INFO - [2026-03-28T20:03:11.460+0000] {dag.py:3096} INFO - Sync 1 DAGs
[2026-03-28T20:03:11.470+0000] {logging_mixin.py:188} INFO - [2026-03-28T20:03:11.470+0000] {dag.py:3954} INFO - Setting next_dagrun for tmdb_raw_pipeline to 2026-03-28 00:00:00+00:00, run_after=2026-03-29 00:00:00+00:00
[2026-03-28T20:03:11.478+0000] {processor.py:183} INFO - Processing /opt/airflow/dags/tmdb_daily_dag.py took 0.043 seconds
[2026-03-28T20:03:41.904+0000] {processor.py:161} INFO - Started process (PID=49908) to work on /opt/airflow/dags/tmdb_daily_dag.py
[2026-03-28T20:03:41.905+0000] {processor.py:830} INFO - Processing file /opt/airflow/dags/tmdb_daily_dag.py for tasks to queue
[2026-03-28T20:03:41.906+0000] {logging_mixin.py:188} INFO - [2026-03-28T20:03:41.906+0000] {dagbag.py:545} INFO - Filling up the DagBag from /opt/airflow/dags/tmdb_daily_dag.py
[2026-03-28T20:03:41.913+0000] {processor.py:840} INFO - DAG(s) 'tmdb_raw_pipeline' retrieved from /opt/airflow/dags/tmdb_daily_dag.py
[2026-03-28T20:03:41.924+0000] {logging_mixin.py:188} INFO - [2026-03-28T20:03:41.924+0000] {dag.py:3096} INFO - Sync 1 DAGs
[2026-03-28T20:03:41.934+0000] {logging_mixin.py:188} INFO - [2026-03-28T20:03:41.934+0000] {dag.py:3954} INFO - Setting next_dagrun for tmdb_raw_pipeline to 2026-03-28 00:00:00+00:00, run_after=2026-03-29 00:00:00+00:00
[2026-03-28T20:03:41.941+0000] {processor.py:183} INFO - Processing /opt/airflow/dags/tmdb_daily_dag.py took 0.040 seconds
[2026-03-28T20:04:12.415+0000] {processor.py:161} INFO - Started process (PID=49928) to work on /opt/airflow/dags/tmdb_daily_dag.py
[2026-03-28T20:04:12.416+0000] {processor.py:830} INFO - Processing file /opt/airflow/dags/tmdb_daily_dag.py for tasks to queue
[2026-03-28T20:04:12.416+0000] {logging_mixin.py:188} INFO - [2026-03-28T20:04:12.416+0000] {dagbag.py:545} INFO - Filling up the DagBag from /opt/airflow/dags/tmdb_daily_dag.py
[2026-03-28T20:04:12.422+0000] {processor.py:840} INFO - DAG(s) 'tmdb_raw_pipeline' retrieved from /opt/airflow/dags/tmdb_daily_dag.py
[2026-03-28T20:04:12.432+0000] {logging_mixin.py:188} INFO - [2026-03-28T20:04:12.432+0000] {dag.py:3096} INFO - Sync 1 DAGs
[2026-03-28T20:04:12.440+0000] {logging_mixin.py:188} INFO - [2026-03-28T20:04:12.440+0000] {dag.py:3954} INFO - Setting next_dagrun for tmdb_raw_pipeline to 2026-03-28 00:00:00+00:00, run_after=2026-03-29 00:00:00+00:00
[2026-03-28T20:04:12.446+0000] {processor.py:183} INFO - Processing /opt/airflow/dags/tmdb_daily_dag.py took 0.034 seconds
[2026-03-28T20:04:43.000+0000] {processor.py:161} INFO - Started process (PID=49948) to work on /opt/airflow/dags/tmdb_daily_dag.py
[2026-03-28T20:04:43.001+0000] {processor.py:830} INFO - Processing file /opt/airflow/dags/tmdb_daily_dag.py for tasks to queue
[2026-03-28T20:04:43.001+0000] {logging_mixin.py:188} INFO - [2026-03-28T20:04:43.001+0000] {dagbag.py:545} INFO - Filling up the DagBag from /opt/airflow/dags/tmdb_daily_dag.py
[2026-03-28T20:04:43.008+0000] {processor.py:840} INFO - DAG(s) 'tmdb_raw_pipeline' retrieved from /opt/airflow/dags/tmdb_daily_dag.py
[2026-03-28T20:04:43.018+0000] {logging_mixin.py:188} INFO - [2026-03-28T20:04:43.018+0000] {dag.py:3096} INFO - Sync 1 DAGs
[2026-03-28T20:04:43.027+0000] {logging_mixin.py:188} INFO - [2026-03-28T20:04:43.027+0000] {dag.py:3954} INFO - Setting next_dagrun for tmdb_raw_pipeline to 2026-03-28 00:00:00+00:00, run_after=2026-03-29 00:00:00+00:00
[2026-03-28T20:04:43.033+0000] {processor.py:183} INFO - Processing /opt/airflow/dags/tmdb_daily_dag.py took 0.037 seconds
[2026-03-28T20:05:13.479+0000] {processor.py:161} INFO - Started process (PID=49968) to work on /opt/airflow/dags/tmdb_daily_dag.py
[2026-03-28T20:05:13.480+0000] {processor.py:830} INFO - Processing file /opt/airflow/dags/tmdb_daily_dag.py for tasks to queue
[2026-03-28T20:05:13.480+0000] {logging_mixin.py:188} INFO - [2026-03-28T20:05:13.480+0000] {dagbag.py:545} INFO - Filling up the DagBag from /opt/airflow/dags/tmdb_daily_dag.py
[2026-03-28T20:05:13.489+0000] {processor.py:840} INFO - DAG(s) 'tmdb_raw_pipeline' retrieved from /opt/airflow/dags/tmdb_daily_dag.py
[2026-03-28T20:05:13.499+0000] {logging_mixin.py:188} INFO - [2026-03-28T20:05:13.499+0000] {dag.py:3096} INFO - Sync 1 DAGs
[2026-03-28T20:05:13.508+0000] {logging_mixin.py:188} INFO - [2026-03-28T20:05:13.508+0000] {dag.py:3954} INFO - Setting next_dagrun for tmdb_raw_pipeline to 2026-03-28 00:00:00+00:00, run_after=2026-03-29 00:00:00+00:00
[2026-03-28T20:05:13.514+0000] {processor.py:183} INFO - Processing /opt/airflow/dags/tmdb_daily_dag.py took 0.039 seconds
[2026-03-28T20:05:43.930+0000] {processor.py:161} INFO - Started process (PID=49988) to work on /opt/airflow/dags/tmdb_daily_dag.py
[2026-03-28T20:05:43.931+0000] {processor.py:830} INFO - Processing file /opt/airflow/dags/tmdb_daily_dag.py for tasks to queue
[2026-03-28T20:05:43.931+0000] {logging_mixin.py:188} INFO - [2026-03-28T20:05:43.931+0000] {dagbag.py:545} INFO - Filling up the DagBag from /opt/airflow/dags/tmdb_daily_dag.py
[2026-03-28T20:05:43.938+0000] {processor.py:840} INFO - DAG(s) 'tmdb_raw_pipeline' retrieved from /opt/airflow/dags/tmdb_daily_dag.py
[2026-03-28T20:05:43.947+0000] {logging_mixin.py:188} INFO - [2026-03-28T20:05:43.947+0000] {dag.py:3096} INFO - Sync 1 DAGs
[2026-03-28T20:05:43.955+0000] {logging_mixin.py:188} INFO - [2026-03-28T20:05:43.955+0000] {dag.py:3954} INFO - Setting next_dagrun for tmdb_raw_pipeline to 2026-03-28 00:00:00+00:00, run_after=2026-03-29 00:00:00+00:00
[2026-03-28T20:05:43.961+0000] {processor.py:183} INFO - Processing /opt/airflow/dags/tmdb_daily_dag.py took 0.035 seconds
[2026-03-28T20:06:14.407+0000] {processor.py:161} INFO - Started process (PID=50008) to work on /opt/airflow/dags/tmdb_daily_dag.py
[2026-03-28T20:06:14.408+0000] {processor.py:830} INFO - Processing file /opt/airflow/dags/tmdb_daily_dag.py for tasks to queue
[2026-03-28T20:06:14.408+0000] {logging_mixin.py:188} INFO - [2026-03-28T20:06:14.408+0000] {dagbag.py:545} INFO - Filling up the DagBag from /opt/airflow/dags/tmdb_daily_dag.py
[2026-03-28T20:06:14.415+0000] {processor.py:840} INFO - DAG(s) 'tmdb_raw_pipeline' retrieved from /opt/airflow/dags/tmdb_daily_dag.py
[2026-03-28T20:06:14.424+0000] {logging_mixin.py:188} INFO - [2026-03-28T20:06:14.424+0000] {dag.py:3096} INFO - Sync 1 DAGs
[2026-03-28T20:06:14.432+0000] {logging_mixin.py:188} INFO - [2026-03-28T20:06:14.432+0000] {dag.py:3954} INFO - Setting next_dagrun for tmdb_raw_pipeline to 2026-03-28 00:00:00+00:00, run_after=2026-03-29 00:00:00+00:00
[2026-03-28T20:06:14.439+0000] {processor.py:183} INFO - Processing /opt/airflow/dags/tmdb_daily_dag.py took 0.034 seconds
[2026-03-28T20:06:44.959+0000] {processor.py:161} INFO - Started process (PID=50028) to work on /opt/airflow/dags/tmdb_daily_dag.py
[2026-03-28T20:06:44.960+0000] {processor.py:830} INFO - Processing file /opt/airflow/dags/tmdb_daily_dag.py for tasks to queue
[2026-03-28T20:06:44.960+0000] {logging_mixin.py:188} INFO - [2026-03-28T20:06:44.960+0000] {dagbag.py:545} INFO - Filling up the DagBag from /opt/airflow/dags/tmdb_daily_dag.py
[2026-03-28T20:06:44.967+0000] {processor.py:840} INFO - DAG(s) 'tmdb_raw_pipeline' retrieved from /opt/airflow/dags/tmdb_daily_dag.py
[2026-03-28T20:06:44.977+0000] {logging_mixin.py:188} INFO - [2026-03-28T20:06:44.977+0000] {dag.py:3096} INFO - Sync 1 DAGs
[2026-03-28T20:06:44.985+0000] {logging_mixin.py:188} INFO - [2026-03-28T20:06:44.985+0000] {dag.py:3954} INFO - Setting next_dagrun for tmdb_raw_pipeline to 2026-03-28 00:00:00+00:00, run_after=2026-03-29 00:00:00+00:00
[2026-03-28T20:06:44.991+0000] {processor.py:183} INFO - Processing /opt/airflow/dags/tmdb_daily_dag.py took 0.034 seconds
[2026-03-28T20:07:15.428+0000] {processor.py:161} INFO - Started process (PID=50046) to work on /opt/airflow/dags/tmdb_daily_dag.py
[2026-03-28T20:07:15.429+0000] {processor.py:830} INFO - Processing file /opt/airflow/dags/tmdb_daily_dag.py for tasks to queue
[2026-03-28T20:07:15.430+0000] {logging_mixin.py:188} INFO - [2026-03-28T20:07:15.430+0000] {dagbag.py:545} INFO - Filling up the DagBag from /opt/airflow/dags/tmdb_daily_dag.py
[2026-03-28T20:07:15.436+0000] {processor.py:840} INFO - DAG(s) 'tmdb_raw_pipeline' retrieved from /opt/airflow/dags/tmdb_daily_dag.py
[2026-03-28T20:07:15.451+0000] {logging_mixin.py:188} INFO - [2026-03-28T20:07:15.451+0000] {dag.py:3096} INFO - Sync 1 DAGs
[2026-03-28T20:07:15.461+0000] {logging_mixin.py:188} INFO - [2026-03-28T20:07:15.461+0000] {dag.py:3954} INFO - Setting next_dagrun for tmdb_raw_pipeline to 2026-03-28 00:00:00+00:00, run_after=2026-03-29 00:00:00+00:00
[2026-03-28T20:07:15.473+0000] {processor.py:183} INFO - Processing /opt/airflow/dags/tmdb_daily_dag.py took 0.047 seconds
[2026-03-28T20:07:45.981+0000] {processor.py:161} INFO - Started process (PID=50068) to work on /opt/airflow/dags/tmdb_daily_dag.py
[2026-03-28T20:07:45.982+0000] {processor.py:830} INFO - Processing file /opt/airflow/dags/tmdb_daily_dag.py for tasks to queue
[2026-03-28T20:07:45.983+0000] {logging_mixin.py:188} INFO - [2026-03-28T20:07:45.983+0000] {dagbag.py:545} INFO - Filling up the DagBag from /opt/airflow/dags/tmdb_daily_dag.py
[2026-03-28T20:07:45.988+0000] {processor.py:840} INFO - DAG(s) 'tmdb_raw_pipeline' retrieved from /opt/airflow/dags/tmdb_daily_dag.py
[2026-03-28T20:07:45.998+0000] {logging_mixin.py:188} INFO - [2026-03-28T20:07:45.998+0000] {dag.py:3096} INFO - Sync 1 DAGs
[2026-03-28T20:07:46.007+0000] {logging_mixin.py:188} INFO - [2026-03-28T20:07:46.007+0000] {dag.py:3954} INFO - Setting next_dagrun for tmdb_raw_pipeline to 2026-03-28 00:00:00+00:00, run_after=2026-03-29 00:00:00+00:00
[2026-03-28T20:07:46.014+0000] {processor.py:183} INFO - Processing /opt/airflow/dags/tmdb_daily_dag.py took 0.036 seconds
[2026-03-28T20:08:16.435+0000] {processor.py:161} INFO - Started process (PID=50088) to work on /opt/airflow/dags/tmdb_daily_dag.py
[2026-03-28T20:08:16.436+0000] {processor.py:830} INFO - Processing file /opt/airflow/dags/tmdb_daily_dag.py for tasks to queue
[2026-03-28T20:08:16.436+0000] {logging_mixin.py:188} INFO - [2026-03-28T20:08:16.436+0000] {dagbag.py:545} INFO - Filling up the DagBag from /opt/airflow/dags/tmdb_daily_dag.py
[2026-03-28T20:08:16.442+0000] {processor.py:840} INFO - DAG(s) 'tmdb_raw_pipeline' retrieved from /opt/airflow/dags/tmdb_daily_dag.py
[2026-03-28T20:08:16.452+0000] {logging_mixin.py:188} INFO - [2026-03-28T20:08:16.452+0000] {dag.py:3096} INFO - Sync 1 DAGs
[2026-03-28T20:08:16.460+0000] {logging_mixin.py:188} INFO - [2026-03-28T20:08:16.460+0000] {dag.py:3954} INFO - Setting next_dagrun for tmdb_raw_pipeline to 2026-03-28 00:00:00+00:00, run_after=2026-03-29 00:00:00+00:00
[2026-03-28T20:08:16.466+0000] {processor.py:183} INFO - Processing /opt/airflow/dags/tmdb_daily_dag.py took 0.034 seconds
[2026-03-28T20:08:46.924+0000] {processor.py:161} INFO - Started process (PID=50108) to work on /opt/airflow/dags/tmdb_daily_dag.py
[2026-03-28T20:08:46.925+0000] {processor.py:830} INFO - Processing file /opt/airflow/dags/tmdb_daily_dag.py for tasks to queue
[2026-03-28T20:08:46.925+0000] {logging_mixin.py:188} INFO - [2026-03-28T20:08:46.925+0000] {dagbag.py:545} INFO - Filling up the DagBag from /opt/airflow/dags/tmdb_daily_dag.py
[2026-03-28T20:08:46.930+0000] {processor.py:840} INFO - DAG(s) 'tmdb_raw_pipeline' retrieved from /opt/airflow/dags/tmdb_daily_dag.py
[2026-03-28T20:08:46.940+0000] {logging_mixin.py:188} INFO - [2026-03-28T20:08:46.940+0000] {dag.py:3096} INFO - Sync 1 DAGs
[2026-03-28T20:08:46.948+0000] {logging_mixin.py:188} INFO - [2026-03-28T20:08:46.948+0000] {dag.py:3954} INFO - Setting next_dagrun for tmdb_raw_pipeline to 2026-03-28 00:00:00+00:00, run_after=2026-03-29 00:00:00+00:00
[2026-03-28T20:08:46.954+0000] {processor.py:183} INFO - Processing /opt/airflow/dags/tmdb_daily_dag.py took 0.032 seconds
[2026-03-28T20:09:17.411+0000] {processor.py:161} INFO - Started process (PID=50128) to work on /opt/airflow/dags/tmdb_daily_dag.py
[2026-03-28T20:09:17.413+0000] {processor.py:830} INFO - Processing file /opt/airflow/dags/tmdb_daily_dag.py for tasks to queue
[2026-03-28T20:09:17.414+0000] {logging_mixin.py:188} INFO - [2026-03-28T20:09:17.413+0000] {dagbag.py:545} INFO - Filling up the DagBag from /opt/airflow/dags/tmdb_daily_dag.py
[2026-03-28T20:09:17.420+0000] {processor.py:840} INFO - DAG(s) 'tmdb_raw_pipeline' retrieved from /opt/airflow/dags/tmdb_daily_dag.py
[2026-03-28T20:09:17.430+0000] {logging_mixin.py:188} INFO - [2026-03-28T20:09:17.430+0000] {dag.py:3096} INFO - Sync 1 DAGs
[2026-03-28T20:09:17.439+0000] {logging_mixin.py:188} INFO - [2026-03-28T20:09:17.439+0000] {dag.py:3954} INFO - Setting next_dagrun for tmdb_raw_pipeline to 2026-03-28 00:00:00+00:00, run_after=2026-03-29 00:00:00+00:00
[2026-03-28T20:09:17.445+0000] {processor.py:183} INFO - Processing /opt/airflow/dags/tmdb_daily_dag.py took 0.036 seconds
[2026-03-28T20:09:48.051+0000] {processor.py:161} INFO - Started process (PID=50148) to work on /opt/airflow/dags/tmdb_daily_dag.py
[2026-03-28T20:09:48.052+0000] {processor.py:830} INFO - Processing file /opt/airflow/dags/tmdb_daily_dag.py for tasks to queue
[2026-03-28T20:09:48.053+0000] {logging_mixin.py:188} INFO - [2026-03-28T20:09:48.053+0000] {dagbag.py:545} INFO - Filling up the DagBag from /opt/airflow/dags/tmdb_daily_dag.py
[2026-03-28T20:09:48.061+0000] {processor.py:840} INFO - DAG(s) 'tmdb_raw_pipeline' retrieved from /opt/airflow/dags/tmdb_daily_dag.py
[2026-03-28T20:09:48.074+0000] {logging_mixin.py:188} INFO - [2026-03-28T20:09:48.074+0000] {dag.py:3096} INFO - Sync 1 DAGs
[2026-03-28T20:09:48.085+0000] {logging_mixin.py:188} INFO - [2026-03-28T20:09:48.085+0000] {dag.py:3954} INFO - Setting next_dagrun for tmdb_raw_pipeline to 2026-03-28 00:00:00+00:00, run_after=2026-03-29 00:00:00+00:00
[2026-03-28T20:09:48.093+0000] {processor.py:183} INFO - Processing /opt/airflow/dags/tmdb_daily_dag.py took 0.046 seconds
[2026-03-28T20:10:18.514+0000] {processor.py:161} INFO - Started process (PID=50168) to work on /opt/airflow/dags/tmdb_daily_dag.py
[2026-03-28T20:10:18.515+0000] {processor.py:830} INFO - Processing file /opt/airflow/dags/tmdb_daily_dag.py for tasks to queue
[2026-03-28T20:10:18.516+0000] {logging_mixin.py:188} INFO - [2026-03-28T20:10:18.516+0000] {dagbag.py:545} INFO - Filling up the DagBag from /opt/airflow/dags/tmdb_daily_dag.py
[2026-03-28T20:10:18.521+0000] {processor.py:840} INFO - DAG(s) 'tmdb_raw_pipeline' retrieved from /opt/airflow/dags/tmdb_daily_dag.py
[2026-03-28T20:10:18.530+0000] {logging_mixin.py:188} INFO - [2026-03-28T20:10:18.530+0000] {dag.py:3096} INFO - Sync 1 DAGs
[2026-03-28T20:10:18.538+0000] {logging_mixin.py:188} INFO - [2026-03-28T20:10:18.538+0000] {dag.py:3954} INFO - Setting next_dagrun for tmdb_raw_pipeline to 2026-03-28 00:00:00+00:00, run_after=2026-03-29 00:00:00+00:00
[2026-03-28T20:10:18.545+0000] {processor.py:183} INFO - Processing /opt/airflow/dags/tmdb_daily_dag.py took 0.033 seconds
[2026-03-28T20:10:48.987+0000] {processor.py:161} INFO - Started process (PID=50188) to work on /opt/airflow/dags/tmdb_daily_dag.py
[2026-03-28T20:10:48.988+0000] {processor.py:830} INFO - Processing file /opt/airflow/dags/tmdb_daily_dag.py for tasks to queue
[2026-03-28T20:10:48.988+0000] {logging_mixin.py:188} INFO - [2026-03-28T20:10:48.988+0000] {dagbag.py:545} INFO - Filling up the DagBag from /opt/airflow/dags/tmdb_daily_dag.py
[2026-03-28T20:10:48.994+0000] {processor.py:840} INFO - DAG(s) 'tmdb_raw_pipeline' retrieved from /opt/airflow/dags/tmdb_daily_dag.py
[2026-03-28T20:10:49.004+0000] {logging_mixin.py:188} INFO - [2026-03-28T20:10:49.004+0000] {dag.py:3096} INFO - Sync 1 DAGs
[2026-03-28T20:10:49.012+0000] {logging_mixin.py:188} INFO - [2026-03-28T20:10:49.012+0000] {dag.py:3954} INFO - Setting next_dagrun for tmdb_raw_pipeline to 2026-03-28 00:00:00+00:00, run_after=2026-03-29 00:00:00+00:00
[2026-03-28T20:10:49.018+0000] {processor.py:183} INFO - Processing /opt/airflow/dags/tmdb_daily_dag.py took 0.034 seconds
[2026-03-28T20:11:19.594+0000] {processor.py:161} INFO - Started process (PID=50208) to work on /opt/airflow/dags/tmdb_daily_dag.py
[2026-03-28T20:11:19.596+0000] {processor.py:830} INFO - Processing file /opt/airflow/dags/tmdb_daily_dag.py for tasks to queue
[2026-03-28T20:11:19.596+0000] {logging_mixin.py:188} INFO - [2026-03-28T20:11:19.596+0000] {dagbag.py:545} INFO - Filling up the DagBag from /opt/airflow/dags/tmdb_daily_dag.py
[2026-03-28T20:11:19.602+0000] {processor.py:840} INFO - DAG(s) 'tmdb_raw_pipeline' retrieved from /opt/airflow/dags/tmdb_daily_dag.py
[2026-03-28T20:11:19.613+0000] {logging_mixin.py:188} INFO - [2026-03-28T20:11:19.613+0000] {dag.py:3096} INFO - Sync 1 DAGs
[2026-03-28T20:11:19.622+0000] {logging_mixin.py:188} INFO - [2026-03-28T20:11:19.622+0000] {dag.py:3954} INFO - Setting next_dagrun for tmdb_raw_pipeline to 2026-03-28 00:00:00+00:00, run_after=2026-03-29 00:00:00+00:00
[2026-03-28T20:11:19.629+0000] {processor.py:183} INFO - Processing /opt/airflow/dags/tmdb_daily_dag.py took 0.037 seconds
[2026-03-28T20:11:50.149+0000] {processor.py:161} INFO - Started process (PID=50228) to work on /opt/airflow/dags/tmdb_daily_dag.py
[2026-03-28T20:11:50.151+0000] {processor.py:830} INFO - Processing file /opt/airflow/dags/tmdb_daily_dag.py for tasks to queue
[2026-03-28T20:11:50.151+0000] {logging_mixin.py:188} INFO - [2026-03-28T20:11:50.151+0000] {dagbag.py:545} INFO - Filling up the DagBag from /opt/airflow/dags/tmdb_daily_dag.py
[2026-03-28T20:11:50.157+0000] {processor.py:840} INFO - DAG(s) 'tmdb_raw_pipeline' retrieved from /opt/airflow/dags/tmdb_daily_dag.py
[2026-03-28T20:11:50.167+0000] {logging_mixin.py:188} INFO - [2026-03-28T20:11:50.167+0000] {dag.py:3096} INFO - Sync 1 DAGs
[2026-03-28T20:11:50.177+0000] {logging_mixin.py:188} INFO - [2026-03-28T20:11:50.177+0000] {dag.py:3954} INFO - Setting next_dagrun for tmdb_raw_pipeline to 2026-03-28 00:00:00+00:00, run_after=2026-03-29 00:00:00+00:00
[2026-03-28T20:11:50.183+0000] {processor.py:183} INFO - Processing /opt/airflow/dags/tmdb_daily_dag.py took 0.036 seconds
[2026-03-28T20:12:20.800+0000] {processor.py:161} INFO - Started process (PID=50248) to work on /opt/airflow/dags/tmdb_daily_dag.py
[2026-03-28T20:12:20.801+0000] {processor.py:830} INFO - Processing file /opt/airflow/dags/tmdb_daily_dag.py for tasks to queue
[2026-03-28T20:12:20.801+0000] {logging_mixin.py:188} INFO - [2026-03-28T20:12:20.801+0000] {dagbag.py:545} INFO - Filling up the DagBag from /opt/airflow/dags/tmdb_daily_dag.py
[2026-03-28T20:12:20.807+0000] {processor.py:840} INFO - DAG(s) 'tmdb_raw_pipeline' retrieved from /opt/airflow/dags/tmdb_daily_dag.py
[2026-03-28T20:12:20.817+0000] {logging_mixin.py:188} INFO - [2026-03-28T20:12:20.817+0000] {dag.py:3096} INFO - Sync 1 DAGs
[2026-03-28T20:12:20.826+0000] {logging_mixin.py:188} INFO - [2026-03-28T20:12:20.825+0000] {dag.py:3954} INFO - Setting next_dagrun for tmdb_raw_pipeline to 2026-03-28 00:00:00+00:00, run_after=2026-03-29 00:00:00+00:00
[2026-03-28T20:12:20.833+0000] {processor.py:183} INFO - Processing /opt/airflow/dags/tmdb_daily_dag.py took 0.036 seconds
[2026-03-28T20:12:51.293+0000] {processor.py:161} INFO - Started process (PID=50268) to work on /opt/airflow/dags/tmdb_daily_dag.py
[2026-03-28T20:12:51.293+0000] {processor.py:830} INFO - Processing file /opt/airflow/dags/tmdb_daily_dag.py for tasks to queue
[2026-03-28T20:12:51.294+0000] {logging_mixin.py:188} INFO - [2026-03-28T20:12:51.294+0000] {dagbag.py:545} INFO - Filling up the DagBag from /opt/airflow/dags/tmdb_daily_dag.py
[2026-03-28T20:12:51.300+0000] {processor.py:840} INFO - DAG(s) 'tmdb_raw_pipeline' retrieved from /opt/airflow/dags/tmdb_daily_dag.py
[2026-03-28T20:12:51.310+0000] {logging_mixin.py:188} INFO - [2026-03-28T20:12:51.309+0000] {dag.py:3096} INFO - Sync 1 DAGs
[2026-03-28T20:12:51.318+0000] {logging_mixin.py:188} INFO - [2026-03-28T20:12:51.318+0000] {dag.py:3954} INFO - Setting next_dagrun for tmdb_raw_pipeline to 2026-03-28 00:00:00+00:00, run_after=2026-03-29 00:00:00+00:00
[2026-03-28T20:12:51.325+0000] {processor.py:183} INFO - Processing /opt/airflow/dags/tmdb_daily_dag.py took 0.034 seconds
[2026-03-28T20:13:21.761+0000] {processor.py:161} INFO - Started process (PID=50288) to work on /opt/airflow/dags/tmdb_daily_dag.py
[2026-03-28T20:13:21.762+0000] {processor.py:830} INFO - Processing file /opt/airflow/dags/tmdb_daily_dag.py for tasks to queue
[2026-03-28T20:13:21.762+0000] {logging_mixin.py:188} INFO - [2026-03-28T20:13:21.762+0000] {dagbag.py:545} INFO - Filling up the DagBag from /opt/airflow/dags/tmdb_daily_dag.py
[2026-03-28T20:13:21.769+0000] {processor.py:840} INFO - DAG(s) 'tmdb_raw_pipeline' retrieved from /opt/airflow/dags/tmdb_daily_dag.py
[2026-03-28T20:13:21.782+0000] {logging_mixin.py:188} INFO - [2026-03-28T20:13:21.782+0000] {dag.py:3096} INFO - Sync 1 DAGs
[2026-03-28T20:13:21.790+0000] {logging_mixin.py:188} INFO - [2026-03-28T20:13:21.790+0000] {dag.py:3954} INFO - Setting next_dagrun for tmdb_raw_pipeline to 2026-03-28 00:00:00+00:00, run_after=2026-03-29 00:00:00+00:00
[2026-03-28T20:13:21.796+0000] {processor.py:183} INFO - Processing /opt/airflow/dags/tmdb_daily_dag.py took 0.038 seconds
[2026-03-28T20:13:52.216+0000] {processor.py:161} INFO - Started process (PID=50307) to work on /opt/airflow/dags/tmdb_daily_dag.py
[2026-03-28T20:13:52.217+0000] {processor.py:830} INFO - Processing file /opt/airflow/dags/tmdb_daily_dag.py for tasks to queue
[2026-03-28T20:13:52.217+0000] {logging_mixin.py:188} INFO - [2026-03-28T20:13:52.217+0000] {dagbag.py:545} INFO - Filling up the DagBag from /opt/airflow/dags/tmdb_daily_dag.py
[2026-03-28T20:13:52.224+0000] {processor.py:840} INFO - DAG(s) 'tmdb_raw_pipeline' retrieved from /opt/airflow/dags/tmdb_daily_dag.py
[2026-03-28T20:13:52.240+0000] {logging_mixin.py:188} INFO - [2026-03-28T20:13:52.240+0000] {dag.py:3096} INFO - Sync 1 DAGs
[2026-03-28T20:13:52.249+0000] {logging_mixin.py:188} INFO - [2026-03-28T20:13:52.249+0000] {dag.py:3954} INFO - Setting next_dagrun for tmdb_raw_pipeline to 2026-03-28 00:00:00+00:00, run_after=2026-03-29 00:00:00+00:00
[2026-03-28T20:13:52.257+0000] {processor.py:183} INFO - Processing /opt/airflow/dags/tmdb_daily_dag.py took 0.044 seconds
[2026-03-28T20:14:22.792+0000] {processor.py:161} INFO - Started process (PID=50328) to work on /opt/airflow/dags/tmdb_daily_dag.py
[2026-03-28T20:14:22.793+0000] {processor.py:830} INFO - Processing file /opt/airflow/dags/tmdb_daily_dag.py for tasks to queue
[2026-03-28T20:14:22.793+0000] {logging_mixin.py:188} INFO - [2026-03-28T20:14:22.793+0000] {dagbag.py:545} INFO - Filling up the DagBag from /opt/airflow/dags/tmdb_daily_dag.py
[2026-03-28T20:14:22.799+0000] {processor.py:840} INFO - DAG(s) 'tmdb_raw_pipeline' retrieved from /opt/airflow/dags/tmdb_daily_dag.py
[2026-03-28T20:14:22.809+0000] {logging_mixin.py:188} INFO - [2026-03-28T20:14:22.809+0000] {dag.py:3096} INFO - Sync 1 DAGs
[2026-03-28T20:14:22.818+0000] {logging_mixin.py:188} INFO - [2026-03-28T20:14:22.818+0000] {dag.py:3954} INFO - Setting next_dagrun for tmdb_raw_pipeline to 2026-03-28 00:00:00+00:00, run_after=2026-03-29 00:00:00+00:00
[2026-03-28T20:14:22.824+0000] {processor.py:183} INFO - Processing /opt/airflow/dags/tmdb_daily_dag.py took 0.035 seconds
[2026-03-28T20:14:53.259+0000] {processor.py:161} INFO - Started process (PID=50348) to work on /opt/airflow/dags/tmdb_daily_dag.py
[2026-03-28T20:14:53.260+0000] {processor.py:830} INFO - Processing file /opt/airflow/dags/tmdb_daily_dag.py for tasks to queue
[2026-03-28T20:14:53.260+0000] {logging_mixin.py:188} INFO - [2026-03-28T20:14:53.260+0000] {dagbag.py:545} INFO - Filling up the DagBag from /opt/airflow/dags/tmdb_daily_dag.py
[2026-03-28T20:14:53.266+0000] {processor.py:840} INFO - DAG(s) 'tmdb_raw_pipeline' retrieved from /opt/airflow/dags/tmdb_daily_dag.py
[2026-03-28T20:14:53.275+0000] {logging_mixin.py:188} INFO - [2026-03-28T20:14:53.275+0000] {dag.py:3096} INFO - Sync 1 DAGs
[2026-03-28T20:14:53.283+0000] {logging_mixin.py:188} INFO - [2026-03-28T20:14:53.283+0000] {dag.py:3954} INFO - Setting next_dagrun for tmdb_raw_pipeline to 2026-03-28 00:00:00+00:00, run_after=2026-03-29 00:00:00+00:00
[2026-03-28T20:14:53.289+0000] {processor.py:183} INFO - Processing /opt/airflow/dags/tmdb_daily_dag.py took 0.032 seconds
[2026-03-28T20:15:23.834+0000] {processor.py:161} INFO - Started process (PID=50368) to work on /opt/airflow/dags/tmdb_daily_dag.py
[2026-03-28T20:15:23.835+0000] {processor.py:830} INFO - Processing file /opt/airflow/dags/tmdb_daily_dag.py for tasks to queue
[2026-03-28T20:15:23.835+0000] {logging_mixin.py:188} INFO - [2026-03-28T20:15:23.835+0000] {dagbag.py:545} INFO - Filling up the DagBag from /opt/airflow/dags/tmdb_daily_dag.py
[2026-03-28T20:15:23.841+0000] {processor.py:840} INFO - DAG(s) 'tmdb_raw_pipeline' retrieved from /opt/airflow/dags/tmdb_daily_dag.py
[2026-03-28T20:15:23.850+0000] {logging_mixin.py:188} INFO - [2026-03-28T20:15:23.850+0000] {dag.py:3096} INFO - Sync 1 DAGs
[2026-03-28T20:15:23.858+0000] {logging_mixin.py:188} INFO - [2026-03-28T20:15:23.858+0000] {dag.py:3954} INFO - Setting next_dagrun for tmdb_raw_pipeline to 2026-03-28 00:00:00+00:00, run_after=2026-03-29 00:00:00+00:00
[2026-03-28T20:15:23.864+0000] {processor.py:183} INFO - Processing /opt/airflow/dags/tmdb_daily_dag.py took 0.033 seconds
[2026-03-28T20:15:54.323+0000] {processor.py:161} INFO - Started process (PID=50388) to work on /opt/airflow/dags/tmdb_daily_dag.py
[2026-03-28T20:15:54.324+0000] {processor.py:830} INFO - Processing file /opt/airflow/dags/tmdb_daily_dag.py for tasks to queue
[2026-03-28T20:15:54.325+0000] {logging_mixin.py:188} INFO - [2026-03-28T20:15:54.325+0000] {dagbag.py:545} INFO - Filling up the DagBag from /opt/airflow/dags/tmdb_daily_dag.py
[2026-03-28T20:15:54.331+0000] {processor.py:840} INFO - DAG(s) 'tmdb_raw_pipeline' retrieved from /opt/airflow/dags/tmdb_daily_dag.py
[2026-03-28T20:15:54.342+0000] {logging_mixin.py:188} INFO - [2026-03-28T20:15:54.342+0000] {dag.py:3096} INFO - Sync 1 DAGs
[2026-03-28T20:15:54.351+0000] {logging_mixin.py:188} INFO - [2026-03-28T20:15:54.351+0000] {dag.py:3954} INFO - Setting next_dagrun for tmdb_raw_pipeline to 2026-03-28 00:00:00+00:00, run_after=2026-03-29 00:00:00+00:00
[2026-03-28T20:15:54.357+0000] {processor.py:183} INFO - Processing /opt/airflow/dags/tmdb_daily_dag.py took 0.038 seconds
[2026-03-28T20:16:24.903+0000] {processor.py:161} INFO - Started process (PID=50408) to work on /opt/airflow/dags/tmdb_daily_dag.py
[2026-03-28T20:16:24.904+0000] {processor.py:830} INFO - Processing file /opt/airflow/dags/tmdb_daily_dag.py for tasks to queue
[2026-03-28T20:16:24.905+0000] {logging_mixin.py:188} INFO - [2026-03-28T20:16:24.904+0000] {dagbag.py:545} INFO - Filling up the DagBag from /opt/airflow/dags/tmdb_daily_dag.py
[2026-03-28T20:16:24.912+0000] {processor.py:840} INFO - DAG(s) 'tmdb_raw_pipeline' retrieved from /opt/airflow/dags/tmdb_daily_dag.py
[2026-03-28T20:16:24.923+0000] {logging_mixin.py:188} INFO - [2026-03-28T20:16:24.923+0000] {dag.py:3096} INFO - Sync 1 DAGs
[2026-03-28T20:16:24.934+0000] {logging_mixin.py:188} INFO - [2026-03-28T20:16:24.934+0000] {dag.py:3954} INFO - Setting next_dagrun for tmdb_raw_pipeline to 2026-03-28 00:00:00+00:00, run_after=2026-03-29 00:00:00+00:00
[2026-03-28T20:16:24.941+0000] {processor.py:183} INFO - Processing /opt/airflow/dags/tmdb_daily_dag.py took 0.040 seconds
[2026-03-28T20:16:55.381+0000] {processor.py:161} INFO - Started process (PID=50428) to work on /opt/airflow/dags/tmdb_daily_dag.py
[2026-03-28T20:16:55.382+0000] {processor.py:830} INFO - Processing file /opt/airflow/dags/tmdb_daily_dag.py for tasks to queue
[2026-03-28T20:16:55.382+0000] {logging_mixin.py:188} INFO - [2026-03-28T20:16:55.382+0000] {dagbag.py:545} INFO - Filling up the DagBag from /opt/airflow/dags/tmdb_daily_dag.py
[2026-03-28T20:16:55.389+0000] {processor.py:840} INFO - DAG(s) 'tmdb_raw_pipeline' retrieved from /opt/airflow/dags/tmdb_daily_dag.py
[2026-03-28T20:16:55.399+0000] {logging_mixin.py:188} INFO - [2026-03-28T20:16:55.399+0000] {dag.py:3096} INFO - Sync 1 DAGs
[2026-03-28T20:16:55.408+0000] {logging_mixin.py:188} INFO - [2026-03-28T20:16:55.408+0000] {dag.py:3954} INFO - Setting next_dagrun for tmdb_raw_pipeline to 2026-03-28 00:00:00+00:00, run_after=2026-03-29 00:00:00+00:00
[2026-03-28T20:16:55.415+0000] {processor.py:183} INFO - Processing /opt/airflow/dags/tmdb_daily_dag.py took 0.037 seconds
[2026-03-28T20:17:26.008+0000] {processor.py:161} INFO - Started process (PID=50448) to work on /opt/airflow/dags/tmdb_daily_dag.py
[2026-03-28T20:17:26.010+0000] {processor.py:830} INFO - Processing file /opt/airflow/dags/tmdb_daily_dag.py for tasks to queue
[2026-03-28T20:17:26.010+0000] {logging_mixin.py:188} INFO - [2026-03-28T20:17:26.010+0000] {dagbag.py:545} INFO - Filling up the DagBag from /opt/airflow/dags/tmdb_daily_dag.py
[2026-03-28T20:17:26.017+0000] {processor.py:840} INFO - DAG(s) 'tmdb_raw_pipeline' retrieved from /opt/airflow/dags/tmdb_daily_dag.py
[2026-03-28T20:17:26.028+0000] {logging_mixin.py:188} INFO - [2026-03-28T20:17:26.028+0000] {dag.py:3096} INFO - Sync 1 DAGs
[2026-03-28T20:17:26.039+0000] {logging_mixin.py:188} INFO - [2026-03-28T20:17:26.039+0000] {dag.py:3954} INFO - Setting next_dagrun for tmdb_raw_pipeline to 2026-03-28 00:00:00+00:00, run_after=2026-03-29 00:00:00+00:00
[2026-03-28T20:17:26.045+0000] {processor.py:183} INFO - Processing /opt/airflow/dags/tmdb_daily_dag.py took 0.042 seconds
[2026-03-28T20:17:56.449+0000] {processor.py:161} INFO - Started process (PID=50468) to work on /opt/airflow/dags/tmdb_daily_dag.py
[2026-03-28T20:17:56.450+0000] {processor.py:830} INFO - Processing file /opt/airflow/dags/tmdb_daily_dag.py for tasks to queue
[2026-03-28T20:17:56.451+0000] {logging_mixin.py:188} INFO - [2026-03-28T20:17:56.451+0000] {dagbag.py:545} INFO - Filling up the DagBag from /opt/airflow/dags/tmdb_daily_dag.py
[2026-03-28T20:17:56.456+0000] {processor.py:840} INFO - DAG(s) 'tmdb_raw_pipeline' retrieved from /opt/airflow/dags/tmdb_daily_dag.py
[2026-03-28T20:17:56.466+0000] {logging_mixin.py:188} INFO - [2026-03-28T20:17:56.465+0000] {dag.py:3096} INFO - Sync 1 DAGs
[2026-03-28T20:17:56.473+0000] {logging_mixin.py:188} INFO - [2026-03-28T20:17:56.473+0000] {dag.py:3954} INFO - Setting next_dagrun for tmdb_raw_pipeline to 2026-03-28 00:00:00+00:00, run_after=2026-03-29 00:00:00+00:00
[2026-03-28T20:17:56.479+0000] {processor.py:183} INFO - Processing /opt/airflow/dags/tmdb_daily_dag.py took 0.032 seconds
[2026-03-28T20:18:26.957+0000] {processor.py:161} INFO - Started process (PID=50488) to work on /opt/airflow/dags/tmdb_daily_dag.py
[2026-03-28T20:18:26.958+0000] {processor.py:830} INFO - Processing file /opt/airflow/dags/tmdb_daily_dag.py for tasks to queue
[2026-03-28T20:18:26.958+0000] {logging_mixin.py:188} INFO - [2026-03-28T20:18:26.958+0000] {dagbag.py:545} INFO - Filling up the DagBag from /opt/airflow/dags/tmdb_daily_dag.py
[2026-03-28T20:18:26.964+0000] {processor.py:840} INFO - DAG(s) 'tmdb_raw_pipeline' retrieved from /opt/airflow/dags/tmdb_daily_dag.py
[2026-03-28T20:18:26.974+0000] {logging_mixin.py:188} INFO - [2026-03-28T20:18:26.974+0000] {dag.py:3096} INFO - Sync 1 DAGs
[2026-03-28T20:18:26.982+0000] {logging_mixin.py:188} INFO - [2026-03-28T20:18:26.981+0000] {dag.py:3954} INFO - Setting next_dagrun for tmdb_raw_pipeline to 2026-03-28 00:00:00+00:00, run_after=2026-03-29 00:00:00+00:00
[2026-03-28T20:18:26.988+0000] {processor.py:183} INFO - Processing /opt/airflow/dags/tmdb_daily_dag.py took 0.034 seconds
[2026-03-28T20:18:57.448+0000] {processor.py:161} INFO - Started process (PID=50508) to work on /opt/airflow/dags/tmdb_daily_dag.py
[2026-03-28T20:18:57.449+0000] {processor.py:830} INFO - Processing file /opt/airflow/dags/tmdb_daily_dag.py for tasks to queue
[2026-03-28T20:18:57.449+0000] {logging_mixin.py:188} INFO - [2026-03-28T20:18:57.449+0000] {dagbag.py:545} INFO - Filling up the DagBag from /opt/airflow/dags/tmdb_daily_dag.py
[2026-03-28T20:18:57.456+0000] {processor.py:840} INFO - DAG(s) 'tmdb_raw_pipeline' retrieved from /opt/airflow/dags/tmdb_daily_dag.py
[2026-03-28T20:18:57.465+0000] {logging_mixin.py:188} INFO - [2026-03-28T20:18:57.465+0000] {dag.py:3096} INFO - Sync 1 DAGs
[2026-03-28T20:18:57.474+0000] {logging_mixin.py:188} INFO - [2026-03-28T20:18:57.474+0000] {dag.py:3954} INFO - Setting next_dagrun for tmdb_raw_pipeline to 2026-03-28 00:00:00+00:00, run_after=2026-03-29 00:00:00+00:00
[2026-03-28T20:18:57.480+0000] {processor.py:183} INFO - Processing /opt/airflow/dags/tmdb_daily_dag.py took 0.034 seconds
[2026-03-28T20:19:28.011+0000] {processor.py:161} INFO - Started process (PID=50528) to work on /opt/airflow/dags/tmdb_daily_dag.py
[2026-03-28T20:19:28.012+0000] {processor.py:830} INFO - Processing file /opt/airflow/dags/tmdb_daily_dag.py for tasks to queue
[2026-03-28T20:19:28.012+0000] {logging_mixin.py:188} INFO - [2026-03-28T20:19:28.012+0000] {dagbag.py:545} INFO - Filling up the DagBag from /opt/airflow/dags/tmdb_daily_dag.py
[2026-03-28T20:19:28.018+0000] {processor.py:840} INFO - DAG(s) 'tmdb_raw_pipeline' retrieved from /opt/airflow/dags/tmdb_daily_dag.py
[2026-03-28T20:19:28.028+0000] {logging_mixin.py:188} INFO - [2026-03-28T20:19:28.028+0000] {dag.py:3096} INFO - Sync 1 DAGs
[2026-03-28T20:19:28.036+0000] {logging_mixin.py:188} INFO - [2026-03-28T20:19:28.036+0000] {dag.py:3954} INFO - Setting next_dagrun for tmdb_raw_pipeline to 2026-03-28 00:00:00+00:00, run_after=2026-03-29 00:00:00+00:00
[2026-03-28T20:19:28.042+0000] {processor.py:183} INFO - Processing /opt/airflow/dags/tmdb_daily_dag.py took 0.034 seconds
[2026-03-28T20:19:58.436+0000] {processor.py:161} INFO - Started process (PID=50548) to work on /opt/airflow/dags/tmdb_daily_dag.py
[2026-03-28T20:19:58.437+0000] {processor.py:830} INFO - Processing file /opt/airflow/dags/tmdb_daily_dag.py for tasks to queue
[2026-03-28T20:19:58.437+0000] {logging_mixin.py:188} INFO - [2026-03-28T20:19:58.437+0000] {dagbag.py:545} INFO - Filling up the DagBag from /opt/airflow/dags/tmdb_daily_dag.py
[2026-03-28T20:19:58.442+0000] {processor.py:840} INFO - DAG(s) 'tmdb_raw_pipeline' retrieved from /opt/airflow/dags/tmdb_daily_dag.py
[2026-03-28T20:19:58.452+0000] {logging_mixin.py:188} INFO - [2026-03-28T20:19:58.451+0000] {dag.py:3096} INFO - Sync 1 DAGs
[2026-03-28T20:19:58.459+0000] {logging_mixin.py:188} INFO - [2026-03-28T20:19:58.459+0000] {dag.py:3954} INFO - Setting next_dagrun for tmdb_raw_pipeline to 2026-03-28 00:00:00+00:00, run_after=2026-03-29 00:00:00+00:00
[2026-03-28T20:19:58.465+0000] {processor.py:183} INFO - Processing /opt/airflow/dags/tmdb_daily_dag.py took 0.032 seconds
[2026-03-28T20:20:28.993+0000] {processor.py:161} INFO - Started process (PID=50568) to work on /opt/airflow/dags/tmdb_daily_dag.py
[2026-03-28T20:20:28.994+0000] {processor.py:830} INFO - Processing file /opt/airflow/dags/tmdb_daily_dag.py for tasks to queue
[2026-03-28T20:20:28.994+0000] {logging_mixin.py:188} INFO - [2026-03-28T20:20:28.994+0000] {dagbag.py:545} INFO - Filling up the DagBag from /opt/airflow/dags/tmdb_daily_dag.py
[2026-03-28T20:20:28.999+0000] {processor.py:840} INFO - DAG(s) 'tmdb_raw_pipeline' retrieved from /opt/airflow/dags/tmdb_daily_dag.py
[2026-03-28T20:20:29.009+0000] {logging_mixin.py:188} INFO - [2026-03-28T20:20:29.009+0000] {dag.py:3096} INFO - Sync 1 DAGs
[2026-03-28T20:20:29.017+0000] {logging_mixin.py:188} INFO - [2026-03-28T20:20:29.017+0000] {dag.py:3954} INFO - Setting next_dagrun for tmdb_raw_pipeline to 2026-03-28 00:00:00+00:00, run_after=2026-03-29 00:00:00+00:00
[2026-03-28T20:20:29.023+0000] {processor.py:183} INFO - Processing /opt/airflow/dags/tmdb_daily_dag.py took 0.033 seconds
[2026-03-28T20:20:59.469+0000] {processor.py:161} INFO - Started process (PID=50588) to work on /opt/airflow/dags/tmdb_daily_dag.py
[2026-03-28T20:20:59.470+0000] {processor.py:830} INFO - Processing file /opt/airflow/dags/tmdb_daily_dag.py for tasks to queue
[2026-03-28T20:20:59.470+0000] {logging_mixin.py:188} INFO - [2026-03-28T20:20:59.470+0000] {dagbag.py:545} INFO - Filling up the DagBag from /opt/airflow/dags/tmdb_daily_dag.py
[2026-03-28T20:20:59.476+0000] {processor.py:840} INFO - DAG(s) 'tmdb_raw_pipeline' retrieved from /opt/airflow/dags/tmdb_daily_dag.py
[2026-03-28T20:20:59.485+0000] {logging_mixin.py:188} INFO - [2026-03-28T20:20:59.485+0000] {dag.py:3096} INFO - Sync 1 DAGs
[2026-03-28T20:20:59.493+0000] {logging_mixin.py:188} INFO - [2026-03-28T20:20:59.493+0000] {dag.py:3954} INFO - Setting next_dagrun for tmdb_raw_pipeline to 2026-03-28 00:00:00+00:00, run_after=2026-03-29 00:00:00+00:00
[2026-03-28T20:20:59.499+0000] {processor.py:183} INFO - Processing /opt/airflow/dags/tmdb_daily_dag.py took 0.033 seconds
[2026-03-28T20:21:29.987+0000] {processor.py:161} INFO - Started process (PID=50608) to work on /opt/airflow/dags/tmdb_daily_dag.py
[2026-03-28T20:21:29.988+0000] {processor.py:830} INFO - Processing file /opt/airflow/dags/tmdb_daily_dag.py for tasks to queue
[2026-03-28T20:21:29.989+0000] {logging_mixin.py:188} INFO - [2026-03-28T20:21:29.989+0000] {dagbag.py:545} INFO - Filling up the DagBag from /opt/airflow/dags/tmdb_daily_dag.py
[2026-03-28T20:21:29.996+0000] {processor.py:840} INFO - DAG(s) 'tmdb_raw_pipeline' retrieved from /opt/airflow/dags/tmdb_daily_dag.py
[2026-03-28T20:21:30.006+0000] {logging_mixin.py:188} INFO - [2026-03-28T20:21:30.006+0000] {dag.py:3096} INFO - Sync 1 DAGs
[2026-03-28T20:21:30.015+0000] {logging_mixin.py:188} INFO - [2026-03-28T20:21:30.014+0000] {dag.py:3954} INFO - Setting next_dagrun for tmdb_raw_pipeline to 2026-03-28 00:00:00+00:00, run_after=2026-03-29 00:00:00+00:00
[2026-03-28T20:21:30.021+0000] {processor.py:183} INFO - Processing /opt/airflow/dags/tmdb_daily_dag.py took 0.036 seconds
[2026-03-28T20:22:00.529+0000] {processor.py:161} INFO - Started process (PID=50628) to work on /opt/airflow/dags/tmdb_daily_dag.py
[2026-03-28T20:22:00.531+0000] {processor.py:830} INFO - Processing file /opt/airflow/dags/tmdb_daily_dag.py for tasks to queue
[2026-03-28T20:22:00.531+0000] {logging_mixin.py:188} INFO - [2026-03-28T20:22:00.531+0000] {dagbag.py:545} INFO - Filling up the DagBag from /opt/airflow/dags/tmdb_daily_dag.py
[2026-03-28T20:22:00.536+0000] {processor.py:840} INFO - DAG(s) 'tmdb_raw_pipeline' retrieved from /opt/airflow/dags/tmdb_daily_dag.py
[2026-03-28T20:22:00.546+0000] {logging_mixin.py:188} INFO - [2026-03-28T20:22:00.545+0000] {dag.py:3096} INFO - Sync 1 DAGs
[2026-03-28T20:22:00.554+0000] {logging_mixin.py:188} INFO - [2026-03-28T20:22:00.554+0000] {dag.py:3954} INFO - Setting next_dagrun for tmdb_raw_pipeline to 2026-03-28 00:00:00+00:00, run_after=2026-03-29 00:00:00+00:00
[2026-03-28T20:22:00.561+0000] {processor.py:183} INFO - Processing /opt/airflow/dags/tmdb_daily_dag.py took 0.034 seconds
[2026-03-28T20:22:31.075+0000] {processor.py:161} INFO - Started process (PID=50648) to work on /opt/airflow/dags/tmdb_daily_dag.py
[2026-03-28T20:22:31.076+0000] {processor.py:830} INFO - Processing file /opt/airflow/dags/tmdb_daily_dag.py for tasks to queue
[2026-03-28T20:22:31.076+0000] {logging_mixin.py:188} INFO - [2026-03-28T20:22:31.076+0000] {dagbag.py:545} INFO - Filling up the DagBag from /opt/airflow/dags/tmdb_daily_dag.py
[2026-03-28T20:22:31.082+0000] {processor.py:840} INFO - DAG(s) 'tmdb_raw_pipeline' retrieved from /opt/airflow/dags/tmdb_daily_dag.py
[2026-03-28T20:22:31.093+0000] {logging_mixin.py:188} INFO - [2026-03-28T20:22:31.093+0000] {dag.py:3096} INFO - Sync 1 DAGs
[2026-03-28T20:22:31.101+0000] {logging_mixin.py:188} INFO - [2026-03-28T20:22:31.101+0000] {dag.py:3954} INFO - Setting next_dagrun for tmdb_raw_pipeline to 2026-03-28 00:00:00+00:00, run_after=2026-03-29 00:00:00+00:00
[2026-03-28T20:22:31.108+0000] {processor.py:183} INFO - Processing /opt/airflow/dags/tmdb_daily_dag.py took 0.035 seconds
[2026-03-28T20:23:01.638+0000] {processor.py:161} INFO - Started process (PID=50668) to work on /opt/airflow/dags/tmdb_daily_dag.py
[2026-03-28T20:23:01.639+0000] {processor.py:830} INFO - Processing file /opt/airflow/dags/tmdb_daily_dag.py for tasks to queue
[2026-03-28T20:23:01.640+0000] {logging_mixin.py:188} INFO - [2026-03-28T20:23:01.640+0000] {dagbag.py:545} INFO - Filling up the DagBag from /opt/airflow/dags/tmdb_daily_dag.py
[2026-03-28T20:23:01.647+0000] {processor.py:840} INFO - DAG(s) 'tmdb_raw_pipeline' retrieved from /opt/airflow/dags/tmdb_daily_dag.py
[2026-03-28T20:23:01.658+0000] {logging_mixin.py:188} INFO - [2026-03-28T20:23:01.658+0000] {dag.py:3096} INFO - Sync 1 DAGs
[2026-03-28T20:23:01.667+0000] {logging_mixin.py:188} INFO - [2026-03-28T20:23:01.667+0000] {dag.py:3954} INFO - Setting next_dagrun for tmdb_raw_pipeline to 2026-03-28 00:00:00+00:00, run_after=2026-03-29 00:00:00+00:00
[2026-03-28T20:23:01.673+0000] {processor.py:183} INFO - Processing /opt/airflow/dags/tmdb_daily_dag.py took 0.037 seconds
[2026-03-28T20:23:32.236+0000] {processor.py:161} INFO - Started process (PID=50688) to work on /opt/airflow/dags/tmdb_daily_dag.py
[2026-03-28T20:23:32.237+0000] {processor.py:830} INFO - Processing file /opt/airflow/dags/tmdb_daily_dag.py for tasks to queue
[2026-03-28T20:23:32.237+0000] {logging_mixin.py:188} INFO - [2026-03-28T20:23:32.237+0000] {dagbag.py:545} INFO - Filling up the DagBag from /opt/airflow/dags/tmdb_daily_dag.py
[2026-03-28T20:23:32.243+0000] {processor.py:840} INFO - DAG(s) 'tmdb_raw_pipeline' retrieved from /opt/airflow/dags/tmdb_daily_dag.py
[2026-03-28T20:23:32.252+0000] {logging_mixin.py:188} INFO - [2026-03-28T20:23:32.252+0000] {dag.py:3096} INFO - Sync 1 DAGs
[2026-03-28T20:23:32.260+0000] {logging_mixin.py:188} INFO - [2026-03-28T20:23:32.260+0000] {dag.py:3954} INFO - Setting next_dagrun for tmdb_raw_pipeline to 2026-03-28 00:00:00+00:00, run_after=2026-03-29 00:00:00+00:00
[2026-03-28T20:23:32.266+0000] {processor.py:183} INFO - Processing /opt/airflow/dags/tmdb_daily_dag.py took 0.032 seconds
[2026-03-28T20:24:02.769+0000] {processor.py:161} INFO - Started process (PID=50708) to work on /opt/airflow/dags/tmdb_daily_dag.py
[2026-03-28T20:24:02.771+0000] {processor.py:830} INFO - Processing file /opt/airflow/dags/tmdb_daily_dag.py for tasks to queue
[2026-03-28T20:24:02.771+0000] {logging_mixin.py:188} INFO - [2026-03-28T20:24:02.771+0000] {dagbag.py:545} INFO - Filling up the DagBag from /opt/airflow/dags/tmdb_daily_dag.py
[2026-03-28T20:24:02.777+0000] {processor.py:840} INFO - DAG(s) 'tmdb_raw_pipeline' retrieved from /opt/airflow/dags/tmdb_daily_dag.py
[2026-03-28T20:24:02.787+0000] {logging_mixin.py:188} INFO - [2026-03-28T20:24:02.787+0000] {dag.py:3096} INFO - Sync 1 DAGs
[2026-03-28T20:24:02.796+0000] {logging_mixin.py:188} INFO - [2026-03-28T20:24:02.796+0000] {dag.py:3954} INFO - Setting next_dagrun for tmdb_raw_pipeline to 2026-03-28 00:00:00+00:00, run_after=2026-03-29 00:00:00+00:00
[2026-03-28T20:24:02.802+0000] {processor.py:183} INFO - Processing /opt/airflow/dags/tmdb_daily_dag.py took 0.041 seconds
[2026-03-28T20:24:33.280+0000] {processor.py:161} INFO - Started process (PID=50728) to work on /opt/airflow/dags/tmdb_daily_dag.py
[2026-03-28T20:24:33.281+0000] {processor.py:830} INFO - Processing file /opt/airflow/dags/tmdb_daily_dag.py for tasks to queue
[2026-03-28T20:24:33.281+0000] {logging_mixin.py:188} INFO - [2026-03-28T20:24:33.281+0000] {dagbag.py:545} INFO - Filling up the DagBag from /opt/airflow/dags/tmdb_daily_dag.py
[2026-03-28T20:24:33.287+0000] {processor.py:840} INFO - DAG(s) 'tmdb_raw_pipeline' retrieved from /opt/airflow/dags/tmdb_daily_dag.py
[2026-03-28T20:24:33.296+0000] {logging_mixin.py:188} INFO - [2026-03-28T20:24:33.296+0000] {dag.py:3096} INFO - Sync 1 DAGs
[2026-03-28T20:24:33.304+0000] {logging_mixin.py:188} INFO - [2026-03-28T20:24:33.304+0000] {dag.py:3954} INFO - Setting next_dagrun for tmdb_raw_pipeline to 2026-03-28 00:00:00+00:00, run_after=2026-03-29 00:00:00+00:00
[2026-03-28T20:24:33.310+0000] {processor.py:183} INFO - Processing /opt/airflow/dags/tmdb_daily_dag.py took 0.032 seconds
[2026-03-28T20:25:03.806+0000] {processor.py:161} INFO - Started process (PID=50748) to work on /opt/airflow/dags/tmdb_daily_dag.py
[2026-03-28T20:25:03.807+0000] {processor.py:830} INFO - Processing file /opt/airflow/dags/tmdb_daily_dag.py for tasks to queue
[2026-03-28T20:25:03.807+0000] {logging_mixin.py:188} INFO - [2026-03-28T20:25:03.807+0000] {dagbag.py:545} INFO - Filling up the DagBag from /opt/airflow/dags/tmdb_daily_dag.py
[2026-03-28T20:25:03.813+0000] {processor.py:840} INFO - DAG(s) 'tmdb_raw_pipeline' retrieved from /opt/airflow/dags/tmdb_daily_dag.py
[2026-03-28T20:25:03.822+0000] {logging_mixin.py:188} INFO - [2026-03-28T20:25:03.822+0000] {dag.py:3096} INFO - Sync 1 DAGs
[2026-03-28T20:25:03.830+0000] {logging_mixin.py:188} INFO - [2026-03-28T20:25:03.830+0000] {dag.py:3954} INFO - Setting next_dagrun for tmdb_raw_pipeline to 2026-03-28 00:00:00+00:00, run_after=2026-03-29 00:00:00+00:00
[2026-03-28T20:25:03.836+0000] {processor.py:183} INFO - Processing /opt/airflow/dags/tmdb_daily_dag.py took 0.033 seconds
[2026-03-28T20:25:34.391+0000] {processor.py:161} INFO - Started process (PID=50768) to work on /opt/airflow/dags/tmdb_daily_dag.py
[2026-03-28T20:25:34.392+0000] {processor.py:830} INFO - Processing file /opt/airflow/dags/tmdb_daily_dag.py for tasks to queue
[2026-03-28T20:25:34.393+0000] {logging_mixin.py:188} INFO - [2026-03-28T20:25:34.392+0000] {dagbag.py:545} INFO - Filling up the DagBag from /opt/airflow/dags/tmdb_daily_dag.py
[2026-03-28T20:25:34.398+0000] {processor.py:840} INFO - DAG(s) 'tmdb_raw_pipeline' retrieved from /opt/airflow/dags/tmdb_daily_dag.py
[2026-03-28T20:25:34.408+0000] {logging_mixin.py:188} INFO - [2026-03-28T20:25:34.408+0000] {dag.py:3096} INFO - Sync 1 DAGs
[2026-03-28T20:25:34.417+0000] {logging_mixin.py:188} INFO - [2026-03-28T20:25:34.417+0000] {dag.py:3954} INFO - Setting next_dagrun for tmdb_raw_pipeline to 2026-03-28 00:00:00+00:00, run_after=2026-03-29 00:00:00+00:00
[2026-03-28T20:25:34.423+0000] {processor.py:183} INFO - Processing /opt/airflow/dags/tmdb_daily_dag.py took 0.035 seconds
[2026-03-28T20:26:04.948+0000] {processor.py:161} INFO - Started process (PID=50788) to work on /opt/airflow/dags/tmdb_daily_dag.py
[2026-03-28T20:26:04.949+0000] {processor.py:830} INFO - Processing file /opt/airflow/dags/tmdb_daily_dag.py for tasks to queue
[2026-03-28T20:26:04.950+0000] {logging_mixin.py:188} INFO - [2026-03-28T20:26:04.949+0000] {dagbag.py:545} INFO - Filling up the DagBag from /opt/airflow/dags/tmdb_daily_dag.py
[2026-03-28T20:26:04.956+0000] {processor.py:840} INFO - DAG(s) 'tmdb_raw_pipeline' retrieved from /opt/airflow/dags/tmdb_daily_dag.py
[2026-03-28T20:26:04.966+0000] {logging_mixin.py:188} INFO - [2026-03-28T20:26:04.966+0000] {dag.py:3096} INFO - Sync 1 DAGs
[2026-03-28T20:26:04.974+0000] {logging_mixin.py:188} INFO - [2026-03-28T20:26:04.974+0000] {dag.py:3954} INFO - Setting next_dagrun for tmdb_raw_pipeline to 2026-03-28 00:00:00+00:00, run_after=2026-03-29 00:00:00+00:00
[2026-03-28T20:26:04.980+0000] {processor.py:183} INFO - Processing /opt/airflow/dags/tmdb_daily_dag.py took 0.034 seconds
[2026-03-28T20:26:35.470+0000] {processor.py:161} INFO - Started process (PID=50808) to work on /opt/airflow/dags/tmdb_daily_dag.py
[2026-03-28T20:26:35.471+0000] {processor.py:830} INFO - Processing file /opt/airflow/dags/tmdb_daily_dag.py for tasks to queue
[2026-03-28T20:26:35.471+0000] {logging_mixin.py:188} INFO - [2026-03-28T20:26:35.471+0000] {dagbag.py:545} INFO - Filling up the DagBag from /opt/airflow/dags/tmdb_daily_dag.py
[2026-03-28T20:26:35.478+0000] {processor.py:840} INFO - DAG(s) 'tmdb_raw_pipeline' retrieved from /opt/airflow/dags/tmdb_daily_dag.py
[2026-03-28T20:26:35.492+0000] {logging_mixin.py:188} INFO - [2026-03-28T20:26:35.492+0000] {dag.py:3096} INFO - Sync 1 DAGs
[2026-03-28T20:26:35.502+0000] {logging_mixin.py:188} INFO - [2026-03-28T20:26:35.502+0000] {dag.py:3954} INFO - Setting next_dagrun for tmdb_raw_pipeline to 2026-03-28 00:00:00+00:00, run_after=2026-03-29 00:00:00+00:00
[2026-03-28T20:26:35.509+0000] {processor.py:183} INFO - Processing /opt/airflow/dags/tmdb_daily_dag.py took 0.042 seconds
[2026-03-28T20:27:06.013+0000] {processor.py:161} INFO - Started process (PID=50828) to work on /opt/airflow/dags/tmdb_daily_dag.py
[2026-03-28T20:27:06.014+0000] {processor.py:830} INFO - Processing file /opt/airflow/dags/tmdb_daily_dag.py for tasks to queue
[2026-03-28T20:27:06.015+0000] {logging_mixin.py:188} INFO - [2026-03-28T20:27:06.014+0000] {dagbag.py:545} INFO - Filling up the DagBag from /opt/airflow/dags/tmdb_daily_dag.py
[2026-03-28T20:27:06.021+0000] {processor.py:840} INFO - DAG(s) 'tmdb_raw_pipeline' retrieved from /opt/airflow/dags/tmdb_daily_dag.py
[2026-03-28T20:27:06.031+0000] {logging_mixin.py:188} INFO - [2026-03-28T20:27:06.031+0000] {dag.py:3096} INFO - Sync 1 DAGs
[2026-03-28T20:27:06.040+0000] {logging_mixin.py:188} INFO - [2026-03-28T20:27:06.040+0000] {dag.py:3954} INFO - Setting next_dagrun for tmdb_raw_pipeline to 2026-03-28 00:00:00+00:00, run_after=2026-03-29 00:00:00+00:00
[2026-03-28T20:27:06.046+0000] {processor.py:183} INFO - Processing /opt/airflow/dags/tmdb_daily_dag.py took 0.035 seconds
[2026-03-28T20:27:36.541+0000] {processor.py:161} INFO - Started process (PID=50848) to work on /opt/airflow/dags/tmdb_daily_dag.py
[2026-03-28T20:27:36.543+0000] {processor.py:830} INFO - Processing file /opt/airflow/dags/tmdb_daily_dag.py for tasks to queue
[2026-03-28T20:27:36.543+0000] {logging_mixin.py:188} INFO - [2026-03-28T20:27:36.543+0000] {dagbag.py:545} INFO - Filling up the DagBag from /opt/airflow/dags/tmdb_daily_dag.py
[2026-03-28T20:27:36.549+0000] {processor.py:840} INFO - DAG(s) 'tmdb_raw_pipeline' retrieved from /opt/airflow/dags/tmdb_daily_dag.py
[2026-03-28T20:27:36.559+0000] {logging_mixin.py:188} INFO - [2026-03-28T20:27:36.559+0000] {dag.py:3096} INFO - Sync 1 DAGs
[2026-03-28T20:27:36.568+0000] {logging_mixin.py:188} INFO - [2026-03-28T20:27:36.567+0000] {dag.py:3954} INFO - Setting next_dagrun for tmdb_raw_pipeline to 2026-03-28 00:00:00+00:00, run_after=2026-03-29 00:00:00+00:00
[2026-03-28T20:27:36.573+0000] {processor.py:183} INFO - Processing /opt/airflow/dags/tmdb_daily_dag.py took 0.034 seconds
[2026-03-28T20:28:07.041+0000] {processor.py:161} INFO - Started process (PID=50868) to work on /opt/airflow/dags/tmdb_daily_dag.py
[2026-03-28T20:28:07.042+0000] {processor.py:830} INFO - Processing file /opt/airflow/dags/tmdb_daily_dag.py for tasks to queue
[2026-03-28T20:28:07.043+0000] {logging_mixin.py:188} INFO - [2026-03-28T20:28:07.042+0000] {dagbag.py:545} INFO - Filling up the DagBag from /opt/airflow/dags/tmdb_daily_dag.py
[2026-03-28T20:28:07.049+0000] {processor.py:840} INFO - DAG(s) 'tmdb_raw_pipeline' retrieved from /opt/airflow/dags/tmdb_daily_dag.py
[2026-03-28T20:28:07.060+0000] {logging_mixin.py:188} INFO - [2026-03-28T20:28:07.060+0000] {dag.py:3096} INFO - Sync 1 DAGs
[2026-03-28T20:28:07.070+0000] {logging_mixin.py:188} INFO - [2026-03-28T20:28:07.070+0000] {dag.py:3954} INFO - Setting next_dagrun for tmdb_raw_pipeline to 2026-03-28 00:00:00+00:00, run_after=2026-03-29 00:00:00+00:00
[2026-03-28T20:28:07.077+0000] {processor.py:183} INFO - Processing /opt/airflow/dags/tmdb_daily_dag.py took 0.039 seconds
[2026-03-28T20:28:37.617+0000] {processor.py:161} INFO - Started process (PID=50888) to work on /opt/airflow/dags/tmdb_daily_dag.py
[2026-03-28T20:28:37.619+0000] {processor.py:830} INFO - Processing file /opt/airflow/dags/tmdb_daily_dag.py for tasks to queue
[2026-03-28T20:28:37.619+0000] {logging_mixin.py:188} INFO - [2026-03-28T20:28:37.619+0000] {dagbag.py:545} INFO - Filling up the DagBag from /opt/airflow/dags/tmdb_daily_dag.py
[2026-03-28T20:28:37.626+0000] {processor.py:840} INFO - DAG(s) 'tmdb_raw_pipeline' retrieved from /opt/airflow/dags/tmdb_daily_dag.py
[2026-03-28T20:28:37.638+0000] {logging_mixin.py:188} INFO - [2026-03-28T20:28:37.638+0000] {dag.py:3096} INFO - Sync 1 DAGs
[2026-03-28T20:28:37.649+0000] {logging_mixin.py:188} INFO - [2026-03-28T20:28:37.648+0000] {dag.py:3954} INFO - Setting next_dagrun for tmdb_raw_pipeline to 2026-03-28 00:00:00+00:00, run_after=2026-03-29 00:00:00+00:00
[2026-03-28T20:28:37.655+0000] {processor.py:183} INFO - Processing /opt/airflow/dags/tmdb_daily_dag.py took 0.041 seconds
[2026-03-28T20:29:08.213+0000] {processor.py:161} INFO - Started process (PID=50908) to work on /opt/airflow/dags/tmdb_daily_dag.py
[2026-03-28T20:29:08.215+0000] {processor.py:830} INFO - Processing file /opt/airflow/dags/tmdb_daily_dag.py for tasks to queue
[2026-03-28T20:29:08.215+0000] {logging_mixin.py:188} INFO - [2026-03-28T20:29:08.215+0000] {dagbag.py:545} INFO - Filling up the DagBag from /opt/airflow/dags/tmdb_daily_dag.py
[2026-03-28T20:29:08.222+0000] {processor.py:840} INFO - DAG(s) 'tmdb_raw_pipeline' retrieved from /opt/airflow/dags/tmdb_daily_dag.py
[2026-03-28T20:29:08.234+0000] {logging_mixin.py:188} INFO - [2026-03-28T20:29:08.233+0000] {dag.py:3096} INFO - Sync 1 DAGs
[2026-03-28T20:29:08.243+0000] {logging_mixin.py:188} INFO - [2026-03-28T20:29:08.243+0000] {dag.py:3954} INFO - Setting next_dagrun for tmdb_raw_pipeline to 2026-03-28 00:00:00+00:00, run_after=2026-03-29 00:00:00+00:00
[2026-03-28T20:29:08.250+0000] {processor.py:183} INFO - Processing /opt/airflow/dags/tmdb_daily_dag.py took 0.040 seconds
[2026-03-28T20:29:38.846+0000] {processor.py:161} INFO - Started process (PID=50928) to work on /opt/airflow/dags/tmdb_daily_dag.py
[2026-03-28T20:29:38.848+0000] {processor.py:830} INFO - Processing file /opt/airflow/dags/tmdb_daily_dag.py for tasks to queue
[2026-03-28T20:29:38.849+0000] {logging_mixin.py:188} INFO - [2026-03-28T20:29:38.848+0000] {dagbag.py:545} INFO - Filling up the DagBag from /opt/airflow/dags/tmdb_daily_dag.py
[2026-03-28T20:29:38.859+0000] {processor.py:840} INFO - DAG(s) 'tmdb_raw_pipeline' retrieved from /opt/airflow/dags/tmdb_daily_dag.py
[2026-03-28T20:29:38.872+0000] {logging_mixin.py:188} INFO - [2026-03-28T20:29:38.872+0000] {dag.py:3096} INFO - Sync 1 DAGs
[2026-03-28T20:29:38.882+0000] {logging_mixin.py:188} INFO - [2026-03-28T20:29:38.882+0000] {dag.py:3954} INFO - Setting next_dagrun for tmdb_raw_pipeline to 2026-03-28 00:00:00+00:00, run_after=2026-03-29 00:00:00+00:00
[2026-03-28T20:29:38.890+0000] {processor.py:183} INFO - Processing /opt/airflow/dags/tmdb_daily_dag.py took 0.048 seconds
[2026-03-28T20:30:09.416+0000] {processor.py:161} INFO - Started process (PID=50948) to work on /opt/airflow/dags/tmdb_daily_dag.py
[2026-03-28T20:30:09.417+0000] {processor.py:830} INFO - Processing file /opt/airflow/dags/tmdb_daily_dag.py for tasks to queue
[2026-03-28T20:30:09.418+0000] {logging_mixin.py:188} INFO - [2026-03-28T20:30:09.418+0000] {dagbag.py:545} INFO - Filling up the DagBag from /opt/airflow/dags/tmdb_daily_dag.py
[2026-03-28T20:30:09.426+0000] {processor.py:840} INFO - DAG(s) 'tmdb_raw_pipeline' retrieved from /opt/airflow/dags/tmdb_daily_dag.py
[2026-03-28T20:30:09.438+0000] {logging_mixin.py:188} INFO - [2026-03-28T20:30:09.438+0000] {dag.py:3096} INFO - Sync 1 DAGs
[2026-03-28T20:30:09.446+0000] {logging_mixin.py:188} INFO - [2026-03-28T20:30:09.446+0000] {dag.py:3954} INFO - Setting next_dagrun for tmdb_raw_pipeline to 2026-03-28 00:00:00+00:00, run_after=2026-03-29 00:00:00+00:00
[2026-03-28T20:30:09.453+0000] {processor.py:183} INFO - Processing /opt/airflow/dags/tmdb_daily_dag.py took 0.040 seconds
[2026-03-28T20:30:39.979+0000] {processor.py:161} INFO - Started process (PID=50968) to work on /opt/airflow/dags/tmdb_daily_dag.py
[2026-03-28T20:30:39.980+0000] {processor.py:830} INFO - Processing file /opt/airflow/dags/tmdb_daily_dag.py for tasks to queue
[2026-03-28T20:30:39.980+0000] {logging_mixin.py:188} INFO - [2026-03-28T20:30:39.980+0000] {dagbag.py:545} INFO - Filling up the DagBag from /opt/airflow/dags/tmdb_daily_dag.py
[2026-03-28T20:30:39.987+0000] {processor.py:840} INFO - DAG(s) 'tmdb_raw_pipeline' retrieved from /opt/airflow/dags/tmdb_daily_dag.py
[2026-03-28T20:30:39.999+0000] {logging_mixin.py:188} INFO - [2026-03-28T20:30:39.999+0000] {dag.py:3096} INFO - Sync 1 DAGs
[2026-03-28T20:30:40.009+0000] {logging_mixin.py:188} INFO - [2026-03-28T20:30:40.009+0000] {dag.py:3954} INFO - Setting next_dagrun for tmdb_raw_pipeline to 2026-03-28 00:00:00+00:00, run_after=2026-03-29 00:00:00+00:00
[2026-03-28T20:30:40.016+0000] {processor.py:183} INFO - Processing /opt/airflow/dags/tmdb_daily_dag.py took 0.040 seconds
[2026-03-28T20:31:10.601+0000] {processor.py:161} INFO - Started process (PID=50988) to work on /opt/airflow/dags/tmdb_daily_dag.py
[2026-03-28T20:31:10.602+0000] {processor.py:830} INFO - Processing file /opt/airflow/dags/tmdb_daily_dag.py for tasks to queue
[2026-03-28T20:31:10.603+0000] {logging_mixin.py:188} INFO - [2026-03-28T20:31:10.602+0000] {dagbag.py:545} INFO - Filling up the DagBag from /opt/airflow/dags/tmdb_daily_dag.py
[2026-03-28T20:31:10.610+0000] {processor.py:840} INFO - DAG(s) 'tmdb_raw_pipeline' retrieved from /opt/airflow/dags/tmdb_daily_dag.py
[2026-03-28T20:31:10.623+0000] {logging_mixin.py:188} INFO - [2026-03-28T20:31:10.623+0000] {dag.py:3096} INFO - Sync 1 DAGs
[2026-03-28T20:31:10.634+0000] {logging_mixin.py:188} INFO - [2026-03-28T20:31:10.634+0000] {dag.py:3954} INFO - Setting next_dagrun for tmdb_raw_pipeline to 2026-03-28 00:00:00+00:00, run_after=2026-03-29 00:00:00+00:00
[2026-03-28T20:31:10.640+0000] {processor.py:183} INFO - Processing /opt/airflow/dags/tmdb_daily_dag.py took 0.042 seconds
[2026-03-28T20:31:41.060+0000] {processor.py:161} INFO - Started process (PID=51008) to work on /opt/airflow/dags/tmdb_daily_dag.py
[2026-03-28T20:31:41.061+0000] {processor.py:830} INFO - Processing file /opt/airflow/dags/tmdb_daily_dag.py for tasks to queue
[2026-03-28T20:31:41.062+0000] {logging_mixin.py:188} INFO - [2026-03-28T20:31:41.061+0000] {dagbag.py:545} INFO - Filling up the DagBag from /opt/airflow/dags/tmdb_daily_dag.py
[2026-03-28T20:31:41.068+0000] {processor.py:840} INFO - DAG(s) 'tmdb_raw_pipeline' retrieved from /opt/airflow/dags/tmdb_daily_dag.py
[2026-03-28T20:31:41.078+0000] {logging_mixin.py:188} INFO - [2026-03-28T20:31:41.077+0000] {dag.py:3096} INFO - Sync 1 DAGs
[2026-03-28T20:31:41.086+0000] {logging_mixin.py:188} INFO - [2026-03-28T20:31:41.086+0000] {dag.py:3954} INFO - Setting next_dagrun for tmdb_raw_pipeline to 2026-03-28 00:00:00+00:00, run_after=2026-03-29 00:00:00+00:00
[2026-03-28T20:31:41.092+0000] {processor.py:183} INFO - Processing /opt/airflow/dags/tmdb_daily_dag.py took 0.034 seconds
[2026-03-28T20:32:11.553+0000] {processor.py:161} INFO - Started process (PID=51028) to work on /opt/airflow/dags/tmdb_daily_dag.py
[2026-03-28T20:32:11.554+0000] {processor.py:830} INFO - Processing file /opt/airflow/dags/tmdb_daily_dag.py for tasks to queue
[2026-03-28T20:32:11.554+0000] {logging_mixin.py:188} INFO - [2026-03-28T20:32:11.554+0000] {dagbag.py:545} INFO - Filling up the DagBag from /opt/airflow/dags/tmdb_daily_dag.py
[2026-03-28T20:32:11.560+0000] {processor.py:840} INFO - DAG(s) 'tmdb_raw_pipeline' retrieved from /opt/airflow/dags/tmdb_daily_dag.py
[2026-03-28T20:32:11.570+0000] {logging_mixin.py:188} INFO - [2026-03-28T20:32:11.569+0000] {dag.py:3096} INFO - Sync 1 DAGs
[2026-03-28T20:32:11.578+0000] {logging_mixin.py:188} INFO - [2026-03-28T20:32:11.578+0000] {dag.py:3954} INFO - Setting next_dagrun for tmdb_raw_pipeline to 2026-03-28 00:00:00+00:00, run_after=2026-03-29 00:00:00+00:00
[2026-03-28T20:32:11.583+0000] {processor.py:183} INFO - Processing /opt/airflow/dags/tmdb_daily_dag.py took 0.033 seconds
[2026-03-28T20:32:42.076+0000] {processor.py:161} INFO - Started process (PID=51048) to work on /opt/airflow/dags/tmdb_daily_dag.py
[2026-03-28T20:32:42.077+0000] {processor.py:830} INFO - Processing file /opt/airflow/dags/tmdb_daily_dag.py for tasks to queue
[2026-03-28T20:32:42.078+0000] {logging_mixin.py:188} INFO - [2026-03-28T20:32:42.078+0000] {dagbag.py:545} INFO - Filling up the DagBag from /opt/airflow/dags/tmdb_daily_dag.py
[2026-03-28T20:32:42.083+0000] {processor.py:840} INFO - DAG(s) 'tmdb_raw_pipeline' retrieved from /opt/airflow/dags/tmdb_daily_dag.py
[2026-03-28T20:32:42.093+0000] {logging_mixin.py:188} INFO - [2026-03-28T20:32:42.093+0000] {dag.py:3096} INFO - Sync 1 DAGs
[2026-03-28T20:32:42.102+0000] {logging_mixin.py:188} INFO - [2026-03-28T20:32:42.102+0000] {dag.py:3954} INFO - Setting next_dagrun for tmdb_raw_pipeline to 2026-03-28 00:00:00+00:00, run_after=2026-03-29 00:00:00+00:00
[2026-03-28T20:32:42.108+0000] {processor.py:183} INFO - Processing /opt/airflow/dags/tmdb_daily_dag.py took 0.034 seconds
[2026-03-28T20:33:12.525+0000] {processor.py:161} INFO - Started process (PID=51068) to work on /opt/airflow/dags/tmdb_daily_dag.py
[2026-03-28T20:33:12.526+0000] {processor.py:830} INFO - Processing file /opt/airflow/dags/tmdb_daily_dag.py for tasks to queue
[2026-03-28T20:33:12.526+0000] {logging_mixin.py:188} INFO - [2026-03-28T20:33:12.526+0000] {dagbag.py:545} INFO - Filling up the DagBag from /opt/airflow/dags/tmdb_daily_dag.py
[2026-03-28T20:33:12.531+0000] {processor.py:840} INFO - DAG(s) 'tmdb_raw_pipeline' retrieved from /opt/airflow/dags/tmdb_daily_dag.py
[2026-03-28T20:33:12.540+0000] {logging_mixin.py:188} INFO - [2026-03-28T20:33:12.540+0000] {dag.py:3096} INFO - Sync 1 DAGs
[2026-03-28T20:33:12.548+0000] {logging_mixin.py:188} INFO - [2026-03-28T20:33:12.548+0000] {dag.py:3954} INFO - Setting next_dagrun for tmdb_raw_pipeline to 2026-03-28 00:00:00+00:00, run_after=2026-03-29 00:00:00+00:00
[2026-03-28T20:33:12.554+0000] {processor.py:183} INFO - Processing /opt/airflow/dags/tmdb_daily_dag.py took 0.032 seconds
[2026-03-28T20:33:43.009+0000] {processor.py:161} INFO - Started process (PID=51088) to work on /opt/airflow/dags/tmdb_daily_dag.py
[2026-03-28T20:33:43.010+0000] {processor.py:830} INFO - Processing file /opt/airflow/dags/tmdb_daily_dag.py for tasks to queue
[2026-03-28T20:33:43.011+0000] {logging_mixin.py:188} INFO - [2026-03-28T20:33:43.011+0000] {dagbag.py:545} INFO - Filling up the DagBag from /opt/airflow/dags/tmdb_daily_dag.py
[2026-03-28T20:33:43.016+0000] {processor.py:840} INFO - DAG(s) 'tmdb_raw_pipeline' retrieved from /opt/airflow/dags/tmdb_daily_dag.py
[2026-03-28T20:33:43.026+0000] {logging_mixin.py:188} INFO - [2026-03-28T20:33:43.026+0000] {dag.py:3096} INFO - Sync 1 DAGs
[2026-03-28T20:33:43.034+0000] {logging_mixin.py:188} INFO - [2026-03-28T20:33:43.034+0000] {dag.py:3954} INFO - Setting next_dagrun for tmdb_raw_pipeline to 2026-03-28 00:00:00+00:00, run_after=2026-03-29 00:00:00+00:00
[2026-03-28T20:33:43.040+0000] {processor.py:183} INFO - Processing /opt/airflow/dags/tmdb_daily_dag.py took 0.034 seconds
[2026-03-28T20:34:13.383+0000] {processor.py:161} INFO - Started process (PID=51106) to work on /opt/airflow/dags/tmdb_daily_dag.py
[2026-03-28T20:34:13.384+0000] {processor.py:830} INFO - Processing file /opt/airflow/dags/tmdb_daily_dag.py for tasks to queue
[2026-03-28T20:34:13.385+0000] {logging_mixin.py:188} INFO - [2026-03-28T20:34:13.385+0000] {dagbag.py:545} INFO - Filling up the DagBag from /opt/airflow/dags/tmdb_daily_dag.py
[2026-03-28T20:34:13.390+0000] {processor.py:840} INFO - DAG(s) 'tmdb_raw_pipeline' retrieved from /opt/airflow/dags/tmdb_daily_dag.py
[2026-03-28T20:34:13.403+0000] {logging_mixin.py:188} INFO - [2026-03-28T20:34:13.403+0000] {dag.py:3096} INFO - Sync 1 DAGs
[2026-03-28T20:34:13.415+0000] {logging_mixin.py:188} INFO - [2026-03-28T20:34:13.414+0000] {dag.py:3954} INFO - Setting next_dagrun for tmdb_raw_pipeline to 2026-03-28 00:00:00+00:00, run_after=2026-03-29 00:00:00+00:00
[2026-03-28T20:34:13.424+0000] {processor.py:183} INFO - Processing /opt/airflow/dags/tmdb_daily_dag.py took 0.043 seconds
[2026-03-28T20:34:43.973+0000] {processor.py:161} INFO - Started process (PID=51128) to work on /opt/airflow/dags/tmdb_daily_dag.py
[2026-03-28T20:34:43.974+0000] {processor.py:830} INFO - Processing file /opt/airflow/dags/tmdb_daily_dag.py for tasks to queue
[2026-03-28T20:34:43.975+0000] {logging_mixin.py:188} INFO - [2026-03-28T20:34:43.974+0000] {dagbag.py:545} INFO - Filling up the DagBag from /opt/airflow/dags/tmdb_daily_dag.py
[2026-03-28T20:34:43.987+0000] {processor.py:840} INFO - DAG(s) 'tmdb_raw_pipeline' retrieved from /opt/airflow/dags/tmdb_daily_dag.py
[2026-03-28T20:34:44.004+0000] {logging_mixin.py:188} INFO - [2026-03-28T20:34:44.003+0000] {dag.py:3096} INFO - Sync 1 DAGs
[2026-03-28T20:34:44.014+0000] {logging_mixin.py:188} INFO - [2026-03-28T20:34:44.014+0000] {dag.py:3954} INFO - Setting next_dagrun for tmdb_raw_pipeline to 2026-03-28 00:00:00+00:00, run_after=2026-03-29 00:00:00+00:00
[2026-03-28T20:34:44.021+0000] {processor.py:183} INFO - Processing /opt/airflow/dags/tmdb_daily_dag.py took 0.053 seconds
[2026-03-28T20:35:14.596+0000] {processor.py:161} INFO - Started process (PID=51148) to work on /opt/airflow/dags/tmdb_daily_dag.py
[2026-03-28T20:35:14.597+0000] {processor.py:830} INFO - Processing file /opt/airflow/dags/tmdb_daily_dag.py for tasks to queue
[2026-03-28T20:35:14.597+0000] {logging_mixin.py:188} INFO - [2026-03-28T20:35:14.597+0000] {dagbag.py:545} INFO - Filling up the DagBag from /opt/airflow/dags/tmdb_daily_dag.py
[2026-03-28T20:35:14.604+0000] {processor.py:840} INFO - DAG(s) 'tmdb_raw_pipeline' retrieved from /opt/airflow/dags/tmdb_daily_dag.py
[2026-03-28T20:35:14.615+0000] {logging_mixin.py:188} INFO - [2026-03-28T20:35:14.615+0000] {dag.py:3096} INFO - Sync 1 DAGs
[2026-03-28T20:35:14.626+0000] {logging_mixin.py:188} INFO - [2026-03-28T20:35:14.626+0000] {dag.py:3954} INFO - Setting next_dagrun for tmdb_raw_pipeline to 2026-03-28 00:00:00+00:00, run_after=2026-03-29 00:00:00+00:00
[2026-03-28T20:35:14.633+0000] {processor.py:183} INFO - Processing /opt/airflow/dags/tmdb_daily_dag.py took 0.040 seconds
[2026-03-28T20:35:45.101+0000] {processor.py:161} INFO - Started process (PID=51168) to work on /opt/airflow/dags/tmdb_daily_dag.py
[2026-03-28T20:35:45.102+0000] {processor.py:830} INFO - Processing file /opt/airflow/dags/tmdb_daily_dag.py for tasks to queue
[2026-03-28T20:35:45.102+0000] {logging_mixin.py:188} INFO - [2026-03-28T20:35:45.102+0000] {dagbag.py:545} INFO - Filling up the DagBag from /opt/airflow/dags/tmdb_daily_dag.py
[2026-03-28T20:35:45.108+0000] {processor.py:840} INFO - DAG(s) 'tmdb_raw_pipeline' retrieved from /opt/airflow/dags/tmdb_daily_dag.py
[2026-03-28T20:35:45.117+0000] {logging_mixin.py:188} INFO - [2026-03-28T20:35:45.117+0000] {dag.py:3096} INFO - Sync 1 DAGs
[2026-03-28T20:35:45.125+0000] {logging_mixin.py:188} INFO - [2026-03-28T20:35:45.125+0000] {dag.py:3954} INFO - Setting next_dagrun for tmdb_raw_pipeline to 2026-03-28 00:00:00+00:00, run_after=2026-03-29 00:00:00+00:00
[2026-03-28T20:35:45.130+0000] {processor.py:183} INFO - Processing /opt/airflow/dags/tmdb_daily_dag.py took 0.035 seconds
[2026-03-28T20:36:15.508+0000] {processor.py:161} INFO - Started process (PID=51188) to work on /opt/airflow/dags/tmdb_daily_dag.py
[2026-03-28T20:36:15.509+0000] {processor.py:830} INFO - Processing file /opt/airflow/dags/tmdb_daily_dag.py for tasks to queue
[2026-03-28T20:36:15.510+0000] {logging_mixin.py:188} INFO - [2026-03-28T20:36:15.509+0000] {dagbag.py:545} INFO - Filling up the DagBag from /opt/airflow/dags/tmdb_daily_dag.py
[2026-03-28T20:36:15.514+0000] {processor.py:840} INFO - DAG(s) 'tmdb_raw_pipeline' retrieved from /opt/airflow/dags/tmdb_daily_dag.py
[2026-03-28T20:36:15.523+0000] {logging_mixin.py:188} INFO - [2026-03-28T20:36:15.523+0000] {dag.py:3096} INFO - Sync 1 DAGs
[2026-03-28T20:36:15.531+0000] {logging_mixin.py:188} INFO - [2026-03-28T20:36:15.531+0000] {dag.py:3954} INFO - Setting next_dagrun for tmdb_raw_pipeline to 2026-03-28 00:00:00+00:00, run_after=2026-03-29 00:00:00+00:00
[2026-03-28T20:36:15.537+0000] {processor.py:183} INFO - Processing /opt/airflow/dags/tmdb_daily_dag.py took 0.031 seconds
[2026-03-28T20:36:45.958+0000] {processor.py:161} INFO - Started process (PID=51208) to work on /opt/airflow/dags/tmdb_daily_dag.py
[2026-03-28T20:36:45.959+0000] {processor.py:830} INFO - Processing file /opt/airflow/dags/tmdb_daily_dag.py for tasks to queue
[2026-03-28T20:36:45.959+0000] {logging_mixin.py:188} INFO - [2026-03-28T20:36:45.959+0000] {dagbag.py:545} INFO - Filling up the DagBag from /opt/airflow/dags/tmdb_daily_dag.py
[2026-03-28T20:36:45.965+0000] {processor.py:840} INFO - DAG(s) 'tmdb_raw_pipeline' retrieved from /opt/airflow/dags/tmdb_daily_dag.py
[2026-03-28T20:36:45.975+0000] {logging_mixin.py:188} INFO - [2026-03-28T20:36:45.975+0000] {dag.py:3096} INFO - Sync 1 DAGs
[2026-03-28T20:36:45.983+0000] {logging_mixin.py:188} INFO - [2026-03-28T20:36:45.983+0000] {dag.py:3954} INFO - Setting next_dagrun for tmdb_raw_pipeline to 2026-03-28 00:00:00+00:00, run_after=2026-03-29 00:00:00+00:00
[2026-03-28T20:36:45.989+0000] {processor.py:183} INFO - Processing /opt/airflow/dags/tmdb_daily_dag.py took 0.034 seconds
[2026-03-28T20:37:16.379+0000] {processor.py:161} INFO - Started process (PID=51228) to work on /opt/airflow/dags/tmdb_daily_dag.py
[2026-03-28T20:37:16.380+0000] {processor.py:830} INFO - Processing file /opt/airflow/dags/tmdb_daily_dag.py for tasks to queue
[2026-03-28T20:37:16.380+0000] {logging_mixin.py:188} INFO - [2026-03-28T20:37:16.380+0000] {dagbag.py:545} INFO - Filling up the DagBag from /opt/airflow/dags/tmdb_daily_dag.py
[2026-03-28T20:37:16.385+0000] {processor.py:840} INFO - DAG(s) 'tmdb_raw_pipeline' retrieved from /opt/airflow/dags/tmdb_daily_dag.py
[2026-03-28T20:37:16.395+0000] {logging_mixin.py:188} INFO - [2026-03-28T20:37:16.395+0000] {dag.py:3096} INFO - Sync 1 DAGs
[2026-03-28T20:37:16.403+0000] {logging_mixin.py:188} INFO - [2026-03-28T20:37:16.402+0000] {dag.py:3954} INFO - Setting next_dagrun for tmdb_raw_pipeline to 2026-03-28 00:00:00+00:00, run_after=2026-03-29 00:00:00+00:00
[2026-03-28T20:37:16.408+0000] {processor.py:183} INFO - Processing /opt/airflow/dags/tmdb_daily_dag.py took 0.032 seconds
[2026-03-28T20:37:46.868+0000] {processor.py:161} INFO - Started process (PID=51248) to work on /opt/airflow/dags/tmdb_daily_dag.py
[2026-03-28T20:37:46.870+0000] {processor.py:830} INFO - Processing file /opt/airflow/dags/tmdb_daily_dag.py for tasks to queue
[2026-03-28T20:37:46.870+0000] {logging_mixin.py:188} INFO - [2026-03-28T20:37:46.870+0000] {dagbag.py:545} INFO - Filling up the DagBag from /opt/airflow/dags/tmdb_daily_dag.py
[2026-03-28T20:37:46.876+0000] {processor.py:840} INFO - DAG(s) 'tmdb_raw_pipeline' retrieved from /opt/airflow/dags/tmdb_daily_dag.py
[2026-03-28T20:37:46.886+0000] {logging_mixin.py:188} INFO - [2026-03-28T20:37:46.885+0000] {dag.py:3096} INFO - Sync 1 DAGs
[2026-03-28T20:37:46.894+0000] {logging_mixin.py:188} INFO - [2026-03-28T20:37:46.894+0000] {dag.py:3954} INFO - Setting next_dagrun for tmdb_raw_pipeline to 2026-03-28 00:00:00+00:00, run_after=2026-03-29 00:00:00+00:00
[2026-03-28T20:37:46.900+0000] {processor.py:183} INFO - Processing /opt/airflow/dags/tmdb_daily_dag.py took 0.034 seconds
[2026-03-28T20:38:17.388+0000] {processor.py:161} INFO - Started process (PID=51268) to work on /opt/airflow/dags/tmdb_daily_dag.py
[2026-03-28T20:38:17.389+0000] {processor.py:830} INFO - Processing file /opt/airflow/dags/tmdb_daily_dag.py for tasks to queue
[2026-03-28T20:38:17.389+0000] {logging_mixin.py:188} INFO - [2026-03-28T20:38:17.389+0000] {dagbag.py:545} INFO - Filling up the DagBag from /opt/airflow/dags/tmdb_daily_dag.py
[2026-03-28T20:38:17.395+0000] {processor.py:840} INFO - DAG(s) 'tmdb_raw_pipeline' retrieved from /opt/airflow/dags/tmdb_daily_dag.py
[2026-03-28T20:38:17.404+0000] {logging_mixin.py:188} INFO - [2026-03-28T20:38:17.404+0000] {dag.py:3096} INFO - Sync 1 DAGs
[2026-03-28T20:38:17.412+0000] {logging_mixin.py:188} INFO - [2026-03-28T20:38:17.412+0000] {dag.py:3954} INFO - Setting next_dagrun for tmdb_raw_pipeline to 2026-03-28 00:00:00+00:00, run_after=2026-03-29 00:00:00+00:00
[2026-03-28T20:38:17.418+0000] {processor.py:183} INFO - Processing /opt/airflow/dags/tmdb_daily_dag.py took 0.033 seconds
[2026-03-28T20:38:47.832+0000] {processor.py:161} INFO - Started process (PID=51288) to work on /opt/airflow/dags/tmdb_daily_dag.py
[2026-03-28T20:38:47.833+0000] {processor.py:830} INFO - Processing file /opt/airflow/dags/tmdb_daily_dag.py for tasks to queue
[2026-03-28T20:38:47.833+0000] {logging_mixin.py:188} INFO - [2026-03-28T20:38:47.833+0000] {dagbag.py:545} INFO - Filling up the DagBag from /opt/airflow/dags/tmdb_daily_dag.py
[2026-03-28T20:38:47.839+0000] {processor.py:840} INFO - DAG(s) 'tmdb_raw_pipeline' retrieved from /opt/airflow/dags/tmdb_daily_dag.py
[2026-03-28T20:38:47.848+0000] {logging_mixin.py:188} INFO - [2026-03-28T20:38:47.848+0000] {dag.py:3096} INFO - Sync 1 DAGs
[2026-03-28T20:38:47.858+0000] {logging_mixin.py:188} INFO - [2026-03-28T20:38:47.857+0000] {dag.py:3954} INFO - Setting next_dagrun for tmdb_raw_pipeline to 2026-03-28 00:00:00+00:00, run_after=2026-03-29 00:00:00+00:00
[2026-03-28T20:38:47.864+0000] {processor.py:183} INFO - Processing /opt/airflow/dags/tmdb_daily_dag.py took 0.035 seconds
[2026-03-28T20:39:18.258+0000] {processor.py:161} INFO - Started process (PID=51308) to work on /opt/airflow/dags/tmdb_daily_dag.py
[2026-03-28T20:39:18.259+0000] {processor.py:830} INFO - Processing file /opt/airflow/dags/tmdb_daily_dag.py for tasks to queue
[2026-03-28T20:39:18.259+0000] {logging_mixin.py:188} INFO - [2026-03-28T20:39:18.259+0000] {dagbag.py:545} INFO - Filling up the DagBag from /opt/airflow/dags/tmdb_daily_dag.py
[2026-03-28T20:39:18.264+0000] {processor.py:840} INFO - DAG(s) 'tmdb_raw_pipeline' retrieved from /opt/airflow/dags/tmdb_daily_dag.py
[2026-03-28T20:39:18.274+0000] {logging_mixin.py:188} INFO - [2026-03-28T20:39:18.274+0000] {dag.py:3096} INFO - Sync 1 DAGs
[2026-03-28T20:39:18.281+0000] {logging_mixin.py:188} INFO - [2026-03-28T20:39:18.281+0000] {dag.py:3954} INFO - Setting next_dagrun for tmdb_raw_pipeline to 2026-03-28 00:00:00+00:00, run_after=2026-03-29 00:00:00+00:00
[2026-03-28T20:39:18.287+0000] {processor.py:183} INFO - Processing /opt/airflow/dags/tmdb_daily_dag.py took 0.032 seconds
[2026-03-28T20:39:48.796+0000] {processor.py:161} INFO - Started process (PID=51328) to work on /opt/airflow/dags/tmdb_daily_dag.py
[2026-03-28T20:39:48.797+0000] {processor.py:830} INFO - Processing file /opt/airflow/dags/tmdb_daily_dag.py for tasks to queue
[2026-03-28T20:39:48.797+0000] {logging_mixin.py:188} INFO - [2026-03-28T20:39:48.797+0000] {dagbag.py:545} INFO - Filling up the DagBag from /opt/airflow/dags/tmdb_daily_dag.py
[2026-03-28T20:39:48.802+0000] {processor.py:840} INFO - DAG(s) 'tmdb_raw_pipeline' retrieved from /opt/airflow/dags/tmdb_daily_dag.py
[2026-03-28T20:39:48.812+0000] {logging_mixin.py:188} INFO - [2026-03-28T20:39:48.812+0000] {dag.py:3096} INFO - Sync 1 DAGs
[2026-03-28T20:39:48.820+0000] {logging_mixin.py:188} INFO - [2026-03-28T20:39:48.820+0000] {dag.py:3954} INFO - Setting next_dagrun for tmdb_raw_pipeline to 2026-03-28 00:00:00+00:00, run_after=2026-03-29 00:00:00+00:00
[2026-03-28T20:39:48.825+0000] {processor.py:183} INFO - Processing /opt/airflow/dags/tmdb_daily_dag.py took 0.032 seconds
[2026-03-28T20:40:19.385+0000] {processor.py:161} INFO - Started process (PID=51348) to work on /opt/airflow/dags/tmdb_daily_dag.py
[2026-03-28T20:40:19.387+0000] {processor.py:830} INFO - Processing file /opt/airflow/dags/tmdb_daily_dag.py for tasks to queue
[2026-03-28T20:40:19.387+0000] {logging_mixin.py:188} INFO - [2026-03-28T20:40:19.387+0000] {dagbag.py:545} INFO - Filling up the DagBag from /opt/airflow/dags/tmdb_daily_dag.py
[2026-03-28T20:40:19.394+0000] {processor.py:840} INFO - DAG(s) 'tmdb_raw_pipeline' retrieved from /opt/airflow/dags/tmdb_daily_dag.py
[2026-03-28T20:40:19.406+0000] {logging_mixin.py:188} INFO - [2026-03-28T20:40:19.406+0000] {dag.py:3096} INFO - Sync 1 DAGs
[2026-03-28T20:40:19.416+0000] {logging_mixin.py:188} INFO - [2026-03-28T20:40:19.416+0000] {dag.py:3954} INFO - Setting next_dagrun for tmdb_raw_pipeline to 2026-03-28 00:00:00+00:00, run_after=2026-03-29 00:00:00+00:00
[2026-03-28T20:40:19.423+0000] {processor.py:183} INFO - Processing /opt/airflow/dags/tmdb_daily_dag.py took 0.042 seconds
[2026-03-28T20:40:49.987+0000] {processor.py:161} INFO - Started process (PID=51368) to work on /opt/airflow/dags/tmdb_daily_dag.py
[2026-03-28T20:40:49.988+0000] {processor.py:830} INFO - Processing file /opt/airflow/dags/tmdb_daily_dag.py for tasks to queue
[2026-03-28T20:40:49.989+0000] {logging_mixin.py:188} INFO - [2026-03-28T20:40:49.989+0000] {dagbag.py:545} INFO - Filling up the DagBag from /opt/airflow/dags/tmdb_daily_dag.py
[2026-03-28T20:40:49.996+0000] {processor.py:840} INFO - DAG(s) 'tmdb_raw_pipeline' retrieved from /opt/airflow/dags/tmdb_daily_dag.py
[2026-03-28T20:40:50.008+0000] {logging_mixin.py:188} INFO - [2026-03-28T20:40:50.008+0000] {dag.py:3096} INFO - Sync 1 DAGs
[2026-03-28T20:40:50.018+0000] {logging_mixin.py:188} INFO - [2026-03-28T20:40:50.018+0000] {dag.py:3954} INFO - Setting next_dagrun for tmdb_raw_pipeline to 2026-03-28 00:00:00+00:00, run_after=2026-03-29 00:00:00+00:00
[2026-03-28T20:40:50.025+0000] {processor.py:183} INFO - Processing /opt/airflow/dags/tmdb_daily_dag.py took 0.042 seconds
[2026-03-28T20:41:20.526+0000] {processor.py:161} INFO - Started process (PID=51388) to work on /opt/airflow/dags/tmdb_daily_dag.py
[2026-03-28T20:41:20.527+0000] {processor.py:830} INFO - Processing file /opt/airflow/dags/tmdb_daily_dag.py for tasks to queue
[2026-03-28T20:41:20.527+0000] {logging_mixin.py:188} INFO - [2026-03-28T20:41:20.527+0000] {dagbag.py:545} INFO - Filling up the DagBag from /opt/airflow/dags/tmdb_daily_dag.py
[2026-03-28T20:41:20.534+0000] {processor.py:840} INFO - DAG(s) 'tmdb_raw_pipeline' retrieved from /opt/airflow/dags/tmdb_daily_dag.py
[2026-03-28T20:41:20.544+0000] {logging_mixin.py:188} INFO - [2026-03-28T20:41:20.544+0000] {dag.py:3096} INFO - Sync 1 DAGs
[2026-03-28T20:41:20.553+0000] {logging_mixin.py:188} INFO - [2026-03-28T20:41:20.553+0000] {dag.py:3954} INFO - Setting next_dagrun for tmdb_raw_pipeline to 2026-03-28 00:00:00+00:00, run_after=2026-03-29 00:00:00+00:00
[2026-03-28T20:41:20.560+0000] {processor.py:183} INFO - Processing /opt/airflow/dags/tmdb_daily_dag.py took 0.037 seconds
[2026-03-28T20:41:51.058+0000] {processor.py:161} INFO - Started process (PID=51408) to work on /opt/airflow/dags/tmdb_daily_dag.py
[2026-03-28T20:41:51.059+0000] {processor.py:830} INFO - Processing file /opt/airflow/dags/tmdb_daily_dag.py for tasks to queue
[2026-03-28T20:41:51.059+0000] {logging_mixin.py:188} INFO - [2026-03-28T20:41:51.059+0000] {dagbag.py:545} INFO - Filling up the DagBag from /opt/airflow/dags/tmdb_daily_dag.py
[2026-03-28T20:41:51.066+0000] {processor.py:840} INFO - DAG(s) 'tmdb_raw_pipeline' retrieved from /opt/airflow/dags/tmdb_daily_dag.py
[2026-03-28T20:41:51.077+0000] {logging_mixin.py:188} INFO - [2026-03-28T20:41:51.077+0000] {dag.py:3096} INFO - Sync 1 DAGs
[2026-03-28T20:41:51.086+0000] {logging_mixin.py:188} INFO - [2026-03-28T20:41:51.086+0000] {dag.py:3954} INFO - Setting next_dagrun for tmdb_raw_pipeline to 2026-03-28 00:00:00+00:00, run_after=2026-03-29 00:00:00+00:00
[2026-03-28T20:41:51.093+0000] {processor.py:183} INFO - Processing /opt/airflow/dags/tmdb_daily_dag.py took 0.038 seconds
[2026-03-28T20:42:21.664+0000] {processor.py:161} INFO - Started process (PID=51428) to work on /opt/airflow/dags/tmdb_daily_dag.py
[2026-03-28T20:42:21.665+0000] {processor.py:830} INFO - Processing file /opt/airflow/dags/tmdb_daily_dag.py for tasks to queue
[2026-03-28T20:42:21.666+0000] {logging_mixin.py:188} INFO - [2026-03-28T20:42:21.666+0000] {dagbag.py:545} INFO - Filling up the DagBag from /opt/airflow/dags/tmdb_daily_dag.py
[2026-03-28T20:42:21.674+0000] {processor.py:840} INFO - DAG(s) 'tmdb_raw_pipeline' retrieved from /opt/airflow/dags/tmdb_daily_dag.py
[2026-03-28T20:42:21.688+0000] {logging_mixin.py:188} INFO - [2026-03-28T20:42:21.687+0000] {dag.py:3096} INFO - Sync 1 DAGs
[2026-03-28T20:42:21.698+0000] {logging_mixin.py:188} INFO - [2026-03-28T20:42:21.698+0000] {dag.py:3954} INFO - Setting next_dagrun for tmdb_raw_pipeline to 2026-03-28 00:00:00+00:00, run_after=2026-03-29 00:00:00+00:00
[2026-03-28T20:42:21.704+0000] {processor.py:183} INFO - Processing /opt/airflow/dags/tmdb_daily_dag.py took 0.046 seconds
[2026-03-28T20:42:52.179+0000] {processor.py:161} INFO - Started process (PID=51448) to work on /opt/airflow/dags/tmdb_daily_dag.py
[2026-03-28T20:42:52.180+0000] {processor.py:830} INFO - Processing file /opt/airflow/dags/tmdb_daily_dag.py for tasks to queue
[2026-03-28T20:42:52.181+0000] {logging_mixin.py:188} INFO - [2026-03-28T20:42:52.181+0000] {dagbag.py:545} INFO - Filling up the DagBag from /opt/airflow/dags/tmdb_daily_dag.py
[2026-03-28T20:42:52.189+0000] {processor.py:840} INFO - DAG(s) 'tmdb_raw_pipeline' retrieved from /opt/airflow/dags/tmdb_daily_dag.py
[2026-03-28T20:42:52.199+0000] {logging_mixin.py:188} INFO - [2026-03-28T20:42:52.199+0000] {dag.py:3096} INFO - Sync 1 DAGs
[2026-03-28T20:42:52.209+0000] {logging_mixin.py:188} INFO - [2026-03-28T20:42:52.208+0000] {dag.py:3954} INFO - Setting next_dagrun for tmdb_raw_pipeline to 2026-03-28 00:00:00+00:00, run_after=2026-03-29 00:00:00+00:00
[2026-03-28T20:42:52.215+0000] {processor.py:183} INFO - Processing /opt/airflow/dags/tmdb_daily_dag.py took 0.039 seconds
[2026-03-28T20:43:22.693+0000] {processor.py:161} INFO - Started process (PID=51468) to work on /opt/airflow/dags/tmdb_daily_dag.py
[2026-03-28T20:43:22.694+0000] {processor.py:830} INFO - Processing file /opt/airflow/dags/tmdb_daily_dag.py for tasks to queue
[2026-03-28T20:43:22.695+0000] {logging_mixin.py:188} INFO - [2026-03-28T20:43:22.695+0000] {dagbag.py:545} INFO - Filling up the DagBag from /opt/airflow/dags/tmdb_daily_dag.py
[2026-03-28T20:43:22.701+0000] {processor.py:840} INFO - DAG(s) 'tmdb_raw_pipeline' retrieved from /opt/airflow/dags/tmdb_daily_dag.py
[2026-03-28T20:43:22.712+0000] {logging_mixin.py:188} INFO - [2026-03-28T20:43:22.712+0000] {dag.py:3096} INFO - Sync 1 DAGs
[2026-03-28T20:43:22.720+0000] {logging_mixin.py:188} INFO - [2026-03-28T20:43:22.720+0000] {dag.py:3954} INFO - Setting next_dagrun for tmdb_raw_pipeline to 2026-03-28 00:00:00+00:00, run_after=2026-03-29 00:00:00+00:00
[2026-03-28T20:43:22.726+0000] {processor.py:183} INFO - Processing /opt/airflow/dags/tmdb_daily_dag.py took 0.036 seconds
[2026-03-28T20:43:53.204+0000] {processor.py:161} INFO - Started process (PID=51488) to work on /opt/airflow/dags/tmdb_daily_dag.py
[2026-03-28T20:43:53.205+0000] {processor.py:830} INFO - Processing file /opt/airflow/dags/tmdb_daily_dag.py for tasks to queue
[2026-03-28T20:43:53.206+0000] {logging_mixin.py:188} INFO - [2026-03-28T20:43:53.206+0000] {dagbag.py:545} INFO - Filling up the DagBag from /opt/airflow/dags/tmdb_daily_dag.py
[2026-03-28T20:43:53.212+0000] {processor.py:840} INFO - DAG(s) 'tmdb_raw_pipeline' retrieved from /opt/airflow/dags/tmdb_daily_dag.py
[2026-03-28T20:43:53.221+0000] {logging_mixin.py:188} INFO - [2026-03-28T20:43:53.221+0000] {dag.py:3096} INFO - Sync 1 DAGs
[2026-03-28T20:43:53.230+0000] {logging_mixin.py:188} INFO - [2026-03-28T20:43:53.230+0000] {dag.py:3954} INFO - Setting next_dagrun for tmdb_raw_pipeline to 2026-03-28 00:00:00+00:00, run_after=2026-03-29 00:00:00+00:00
[2026-03-28T20:43:53.236+0000] {processor.py:183} INFO - Processing /opt/airflow/dags/tmdb_daily_dag.py took 0.034 seconds
[2026-03-28T20:44:23.823+0000] {processor.py:161} INFO - Started process (PID=51508) to work on /opt/airflow/dags/tmdb_daily_dag.py
[2026-03-28T20:44:23.825+0000] {processor.py:830} INFO - Processing file /opt/airflow/dags/tmdb_daily_dag.py for tasks to queue
[2026-03-28T20:44:23.825+0000] {logging_mixin.py:188} INFO - [2026-03-28T20:44:23.825+0000] {dagbag.py:545} INFO - Filling up the DagBag from /opt/airflow/dags/tmdb_daily_dag.py
[2026-03-28T20:44:23.834+0000] {processor.py:840} INFO - DAG(s) 'tmdb_raw_pipeline' retrieved from /opt/airflow/dags/tmdb_daily_dag.py
[2026-03-28T20:44:23.845+0000] {logging_mixin.py:188} INFO - [2026-03-28T20:44:23.845+0000] {dag.py:3096} INFO - Sync 1 DAGs
[2026-03-28T20:44:23.855+0000] {logging_mixin.py:188} INFO - [2026-03-28T20:44:23.855+0000] {dag.py:3954} INFO - Setting next_dagrun for tmdb_raw_pipeline to 2026-03-28 00:00:00+00:00, run_after=2026-03-29 00:00:00+00:00
[2026-03-28T20:44:23.861+0000] {processor.py:183} INFO - Processing /opt/airflow/dags/tmdb_daily_dag.py took 0.046 seconds
[2026-03-28T20:44:54.350+0000] {processor.py:161} INFO - Started process (PID=51528) to work on /opt/airflow/dags/tmdb_daily_dag.py
[2026-03-28T20:44:54.352+0000] {processor.py:830} INFO - Processing file /opt/airflow/dags/tmdb_daily_dag.py for tasks to queue
[2026-03-28T20:44:54.352+0000] {logging_mixin.py:188} INFO - [2026-03-28T20:44:54.352+0000] {dagbag.py:545} INFO - Filling up the DagBag from /opt/airflow/dags/tmdb_daily_dag.py
[2026-03-28T20:44:54.360+0000] {processor.py:840} INFO - DAG(s) 'tmdb_raw_pipeline' retrieved from /opt/airflow/dags/tmdb_daily_dag.py
[2026-03-28T20:44:54.374+0000] {logging_mixin.py:188} INFO - [2026-03-28T20:44:54.373+0000] {dag.py:3096} INFO - Sync 1 DAGs
[2026-03-28T20:44:54.384+0000] {logging_mixin.py:188} INFO - [2026-03-28T20:44:54.384+0000] {dag.py:3954} INFO - Setting next_dagrun for tmdb_raw_pipeline to 2026-03-28 00:00:00+00:00, run_after=2026-03-29 00:00:00+00:00
[2026-03-28T20:44:54.392+0000] {processor.py:183} INFO - Processing /opt/airflow/dags/tmdb_daily_dag.py took 0.046 seconds
[2026-03-28T20:45:25.013+0000] {processor.py:161} INFO - Started process (PID=51548) to work on /opt/airflow/dags/tmdb_daily_dag.py
[2026-03-28T20:45:25.014+0000] {processor.py:830} INFO - Processing file /opt/airflow/dags/tmdb_daily_dag.py for tasks to queue
[2026-03-28T20:45:25.014+0000] {logging_mixin.py:188} INFO - [2026-03-28T20:45:25.014+0000] {dagbag.py:545} INFO - Filling up the DagBag from /opt/airflow/dags/tmdb_daily_dag.py
[2026-03-28T20:45:25.021+0000] {processor.py:840} INFO - DAG(s) 'tmdb_raw_pipeline' retrieved from /opt/airflow/dags/tmdb_daily_dag.py
[2026-03-28T20:45:25.031+0000] {logging_mixin.py:188} INFO - [2026-03-28T20:45:25.031+0000] {dag.py:3096} INFO - Sync 1 DAGs
[2026-03-28T20:45:25.042+0000] {logging_mixin.py:188} INFO - [2026-03-28T20:45:25.042+0000] {dag.py:3954} INFO - Setting next_dagrun for tmdb_raw_pipeline to 2026-03-28 00:00:00+00:00, run_after=2026-03-29 00:00:00+00:00
[2026-03-28T20:45:25.048+0000] {processor.py:183} INFO - Processing /opt/airflow/dags/tmdb_daily_dag.py took 0.038 seconds
[2026-03-28T20:45:55.537+0000] {processor.py:161} INFO - Started process (PID=51568) to work on /opt/airflow/dags/tmdb_daily_dag.py
[2026-03-28T20:45:55.539+0000] {processor.py:830} INFO - Processing file /opt/airflow/dags/tmdb_daily_dag.py for tasks to queue
[2026-03-28T20:45:55.539+0000] {logging_mixin.py:188} INFO - [2026-03-28T20:45:55.539+0000] {dagbag.py:545} INFO - Filling up the DagBag from /opt/airflow/dags/tmdb_daily_dag.py
[2026-03-28T20:45:55.545+0000] {processor.py:840} INFO - DAG(s) 'tmdb_raw_pipeline' retrieved from /opt/airflow/dags/tmdb_daily_dag.py
[2026-03-28T20:45:55.555+0000] {logging_mixin.py:188} INFO - [2026-03-28T20:45:55.555+0000] {dag.py:3096} INFO - Sync 1 DAGs
[2026-03-28T20:45:55.565+0000] {logging_mixin.py:188} INFO - [2026-03-28T20:45:55.564+0000] {dag.py:3954} INFO - Setting next_dagrun for tmdb_raw_pipeline to 2026-03-28 00:00:00+00:00, run_after=2026-03-29 00:00:00+00:00
[2026-03-28T20:45:55.570+0000] {processor.py:183} INFO - Processing /opt/airflow/dags/tmdb_daily_dag.py took 0.038 seconds
[2026-03-28T20:46:26.104+0000] {processor.py:161} INFO - Started process (PID=51588) to work on /opt/airflow/dags/tmdb_daily_dag.py
[2026-03-28T20:46:26.106+0000] {processor.py:830} INFO - Processing file /opt/airflow/dags/tmdb_daily_dag.py for tasks to queue
[2026-03-28T20:46:26.106+0000] {logging_mixin.py:188} INFO - [2026-03-28T20:46:26.106+0000] {dagbag.py:545} INFO - Filling up the DagBag from /opt/airflow/dags/tmdb_daily_dag.py
[2026-03-28T20:46:26.112+0000] {processor.py:840} INFO - DAG(s) 'tmdb_raw_pipeline' retrieved from /opt/airflow/dags/tmdb_daily_dag.py
[2026-03-28T20:46:26.123+0000] {logging_mixin.py:188} INFO - [2026-03-28T20:46:26.123+0000] {dag.py:3096} INFO - Sync 1 DAGs
[2026-03-28T20:46:26.133+0000] {logging_mixin.py:188} INFO - [2026-03-28T20:46:26.132+0000] {dag.py:3954} INFO - Setting next_dagrun for tmdb_raw_pipeline to 2026-03-28 00:00:00+00:00, run_after=2026-03-29 00:00:00+00:00
[2026-03-28T20:46:26.139+0000] {processor.py:183} INFO - Processing /opt/airflow/dags/tmdb_daily_dag.py took 0.039 seconds
[2026-03-28T20:46:56.741+0000] {processor.py:161} INFO - Started process (PID=51608) to work on /opt/airflow/dags/tmdb_daily_dag.py
[2026-03-28T20:46:56.742+0000] {processor.py:830} INFO - Processing file /opt/airflow/dags/tmdb_daily_dag.py for tasks to queue
[2026-03-28T20:46:56.742+0000] {logging_mixin.py:188} INFO - [2026-03-28T20:46:56.742+0000] {dagbag.py:545} INFO - Filling up the DagBag from /opt/airflow/dags/tmdb_daily_dag.py
[2026-03-28T20:46:56.750+0000] {processor.py:840} INFO - DAG(s) 'tmdb_raw_pipeline' retrieved from /opt/airflow/dags/tmdb_daily_dag.py
[2026-03-28T20:46:56.763+0000] {logging_mixin.py:188} INFO - [2026-03-28T20:46:56.762+0000] {dag.py:3096} INFO - Sync 1 DAGs
[2026-03-28T20:46:56.772+0000] {logging_mixin.py:188} INFO - [2026-03-28T20:46:56.772+0000] {dag.py:3954} INFO - Setting next_dagrun for tmdb_raw_pipeline to 2026-03-28 00:00:00+00:00, run_after=2026-03-29 00:00:00+00:00
[2026-03-28T20:46:56.779+0000] {processor.py:183} INFO - Processing /opt/airflow/dags/tmdb_daily_dag.py took 0.042 seconds
[2026-03-28T20:47:27.313+0000] {processor.py:161} INFO - Started process (PID=51628) to work on /opt/airflow/dags/tmdb_daily_dag.py
[2026-03-28T20:47:27.314+0000] {processor.py:830} INFO - Processing file /opt/airflow/dags/tmdb_daily_dag.py for tasks to queue
[2026-03-28T20:47:27.315+0000] {logging_mixin.py:188} INFO - [2026-03-28T20:47:27.315+0000] {dagbag.py:545} INFO - Filling up the DagBag from /opt/airflow/dags/tmdb_daily_dag.py
[2026-03-28T20:47:27.323+0000] {processor.py:840} INFO - DAG(s) 'tmdb_raw_pipeline' retrieved from /opt/airflow/dags/tmdb_daily_dag.py
[2026-03-28T20:47:27.334+0000] {logging_mixin.py:188} INFO - [2026-03-28T20:47:27.334+0000] {dag.py:3096} INFO - Sync 1 DAGs
[2026-03-28T20:47:27.343+0000] {logging_mixin.py:188} INFO - [2026-03-28T20:47:27.343+0000] {dag.py:3954} INFO - Setting next_dagrun for tmdb_raw_pipeline to 2026-03-28 00:00:00+00:00, run_after=2026-03-29 00:00:00+00:00
[2026-03-28T20:47:27.349+0000] {processor.py:183} INFO - Processing /opt/airflow/dags/tmdb_daily_dag.py took 0.039 seconds
[2026-03-28T20:47:57.798+0000] {processor.py:161} INFO - Started process (PID=51648) to work on /opt/airflow/dags/tmdb_daily_dag.py
[2026-03-28T20:47:57.800+0000] {processor.py:830} INFO - Processing file /opt/airflow/dags/tmdb_daily_dag.py for tasks to queue
[2026-03-28T20:47:57.800+0000] {logging_mixin.py:188} INFO - [2026-03-28T20:47:57.800+0000] {dagbag.py:545} INFO - Filling up the DagBag from /opt/airflow/dags/tmdb_daily_dag.py
[2026-03-28T20:47:57.810+0000] {processor.py:840} INFO - DAG(s) 'tmdb_raw_pipeline' retrieved from /opt/airflow/dags/tmdb_daily_dag.py
[2026-03-28T20:47:57.828+0000] {logging_mixin.py:188} INFO - [2026-03-28T20:47:57.827+0000] {dag.py:3096} INFO - Sync 1 DAGs
[2026-03-28T20:47:57.840+0000] {logging_mixin.py:188} INFO - [2026-03-28T20:47:57.840+0000] {dag.py:3954} INFO - Setting next_dagrun for tmdb_raw_pipeline to 2026-03-28 00:00:00+00:00, run_after=2026-03-29 00:00:00+00:00
[2026-03-28T20:47:57.849+0000] {processor.py:183} INFO - Processing /opt/airflow/dags/tmdb_daily_dag.py took 0.056 seconds
[2026-03-28T20:48:28.303+0000] {processor.py:161} INFO - Started process (PID=51668) to work on /opt/airflow/dags/tmdb_daily_dag.py
[2026-03-28T20:48:28.304+0000] {processor.py:830} INFO - Processing file /opt/airflow/dags/tmdb_daily_dag.py for tasks to queue
[2026-03-28T20:48:28.304+0000] {logging_mixin.py:188} INFO - [2026-03-28T20:48:28.304+0000] {dagbag.py:545} INFO - Filling up the DagBag from /opt/airflow/dags/tmdb_daily_dag.py
[2026-03-28T20:48:28.310+0000] {processor.py:840} INFO - DAG(s) 'tmdb_raw_pipeline' retrieved from /opt/airflow/dags/tmdb_daily_dag.py
[2026-03-28T20:48:28.322+0000] {logging_mixin.py:188} INFO - [2026-03-28T20:48:28.322+0000] {dag.py:3096} INFO - Sync 1 DAGs
[2026-03-28T20:48:28.332+0000] {logging_mixin.py:188} INFO - [2026-03-28T20:48:28.332+0000] {dag.py:3954} INFO - Setting next_dagrun for tmdb_raw_pipeline to 2026-03-28 00:00:00+00:00, run_after=2026-03-29 00:00:00+00:00
[2026-03-28T20:48:28.338+0000] {processor.py:183} INFO - Processing /opt/airflow/dags/tmdb_daily_dag.py took 0.038 seconds
[2026-03-28T20:48:58.752+0000] {processor.py:161} INFO - Started process (PID=51688) to work on /opt/airflow/dags/tmdb_daily_dag.py
[2026-03-28T20:48:58.753+0000] {processor.py:830} INFO - Processing file /opt/airflow/dags/tmdb_daily_dag.py for tasks to queue
[2026-03-28T20:48:58.753+0000] {logging_mixin.py:188} INFO - [2026-03-28T20:48:58.753+0000] {dagbag.py:545} INFO - Filling up the DagBag from /opt/airflow/dags/tmdb_daily_dag.py
[2026-03-28T20:48:58.759+0000] {processor.py:840} INFO - DAG(s) 'tmdb_raw_pipeline' retrieved from /opt/airflow/dags/tmdb_daily_dag.py
[2026-03-28T20:48:58.770+0000] {logging_mixin.py:188} INFO - [2026-03-28T20:48:58.769+0000] {dag.py:3096} INFO - Sync 1 DAGs
[2026-03-28T20:48:58.778+0000] {logging_mixin.py:188} INFO - [2026-03-28T20:48:58.778+0000] {dag.py:3954} INFO - Setting next_dagrun for tmdb_raw_pipeline to 2026-03-28 00:00:00+00:00, run_after=2026-03-29 00:00:00+00:00
[2026-03-28T20:48:58.784+0000] {processor.py:183} INFO - Processing /opt/airflow/dags/tmdb_daily_dag.py took 0.035 seconds
[2026-03-28T20:49:29.386+0000] {processor.py:161} INFO - Started process (PID=51708) to work on /opt/airflow/dags/tmdb_daily_dag.py
[2026-03-28T20:49:29.387+0000] {processor.py:830} INFO - Processing file /opt/airflow/dags/tmdb_daily_dag.py for tasks to queue
[2026-03-28T20:49:29.387+0000] {logging_mixin.py:188} INFO - [2026-03-28T20:49:29.387+0000] {dagbag.py:545} INFO - Filling up the DagBag from /opt/airflow/dags/tmdb_daily_dag.py
[2026-03-28T20:49:29.395+0000] {processor.py:840} INFO - DAG(s) 'tmdb_raw_pipeline' retrieved from /opt/airflow/dags/tmdb_daily_dag.py
[2026-03-28T20:49:29.408+0000] {logging_mixin.py:188} INFO - [2026-03-28T20:49:29.408+0000] {dag.py:3096} INFO - Sync 1 DAGs
[2026-03-28T20:49:29.418+0000] {logging_mixin.py:188} INFO - [2026-03-28T20:49:29.418+0000] {dag.py:3954} INFO - Setting next_dagrun for tmdb_raw_pipeline to 2026-03-28 00:00:00+00:00, run_after=2026-03-29 00:00:00+00:00
[2026-03-28T20:49:29.424+0000] {processor.py:183} INFO - Processing /opt/airflow/dags/tmdb_daily_dag.py took 0.042 seconds
[2026-03-28T20:49:59.830+0000] {processor.py:161} INFO - Started process (PID=51726) to work on /opt/airflow/dags/tmdb_daily_dag.py
[2026-03-28T20:49:59.833+0000] {processor.py:830} INFO - Processing file /opt/airflow/dags/tmdb_daily_dag.py for tasks to queue
[2026-03-28T20:49:59.833+0000] {logging_mixin.py:188} INFO - [2026-03-28T20:49:59.833+0000] {dagbag.py:545} INFO - Filling up the DagBag from /opt/airflow/dags/tmdb_daily_dag.py
[2026-03-28T20:49:59.842+0000] {processor.py:840} INFO - DAG(s) 'tmdb_raw_pipeline' retrieved from /opt/airflow/dags/tmdb_daily_dag.py
[2026-03-28T20:49:59.861+0000] {logging_mixin.py:188} INFO - [2026-03-28T20:49:59.861+0000] {dag.py:3096} INFO - Sync 1 DAGs
[2026-03-28T20:49:59.873+0000] {logging_mixin.py:188} INFO - [2026-03-28T20:49:59.873+0000] {dag.py:3954} INFO - Setting next_dagrun for tmdb_raw_pipeline to 2026-03-28 00:00:00+00:00, run_after=2026-03-29 00:00:00+00:00
[2026-03-28T20:49:59.883+0000] {processor.py:183} INFO - Processing /opt/airflow/dags/tmdb_daily_dag.py took 0.061 seconds
[2026-03-28T20:50:30.394+0000] {processor.py:161} INFO - Started process (PID=51748) to work on /opt/airflow/dags/tmdb_daily_dag.py
[2026-03-28T20:50:30.396+0000] {processor.py:830} INFO - Processing file /opt/airflow/dags/tmdb_daily_dag.py for tasks to queue
[2026-03-28T20:50:30.396+0000] {logging_mixin.py:188} INFO - [2026-03-28T20:50:30.396+0000] {dagbag.py:545} INFO - Filling up the DagBag from /opt/airflow/dags/tmdb_daily_dag.py
[2026-03-28T20:50:30.403+0000] {processor.py:840} INFO - DAG(s) 'tmdb_raw_pipeline' retrieved from /opt/airflow/dags/tmdb_daily_dag.py
[2026-03-28T20:50:30.416+0000] {logging_mixin.py:188} INFO - [2026-03-28T20:50:30.416+0000] {dag.py:3096} INFO - Sync 1 DAGs
[2026-03-28T20:50:30.430+0000] {logging_mixin.py:188} INFO - [2026-03-28T20:50:30.430+0000] {dag.py:3954} INFO - Setting next_dagrun for tmdb_raw_pipeline to 2026-03-28 00:00:00+00:00, run_after=2026-03-29 00:00:00+00:00
[2026-03-28T20:50:30.437+0000] {processor.py:183} INFO - Processing /opt/airflow/dags/tmdb_daily_dag.py took 0.046 seconds
[2026-03-28T20:51:00.975+0000] {processor.py:161} INFO - Started process (PID=51768) to work on /opt/airflow/dags/tmdb_daily_dag.py
[2026-03-28T20:51:00.976+0000] {processor.py:830} INFO - Processing file /opt/airflow/dags/tmdb_daily_dag.py for tasks to queue
[2026-03-28T20:51:00.976+0000] {logging_mixin.py:188} INFO - [2026-03-28T20:51:00.976+0000] {dagbag.py:545} INFO - Filling up the DagBag from /opt/airflow/dags/tmdb_daily_dag.py
[2026-03-28T20:51:00.983+0000] {processor.py:840} INFO - DAG(s) 'tmdb_raw_pipeline' retrieved from /opt/airflow/dags/tmdb_daily_dag.py
[2026-03-28T20:51:00.994+0000] {logging_mixin.py:188} INFO - [2026-03-28T20:51:00.994+0000] {dag.py:3096} INFO - Sync 1 DAGs
[2026-03-28T20:51:01.004+0000] {logging_mixin.py:188} INFO - [2026-03-28T20:51:01.004+0000] {dag.py:3954} INFO - Setting next_dagrun for tmdb_raw_pipeline to 2026-03-28 00:00:00+00:00, run_after=2026-03-29 00:00:00+00:00
[2026-03-28T20:51:01.011+0000] {processor.py:183} INFO - Processing /opt/airflow/dags/tmdb_daily_dag.py took 0.040 seconds
[2026-03-28T20:51:31.604+0000] {processor.py:161} INFO - Started process (PID=51788) to work on /opt/airflow/dags/tmdb_daily_dag.py
[2026-03-28T20:51:31.605+0000] {processor.py:830} INFO - Processing file /opt/airflow/dags/tmdb_daily_dag.py for tasks to queue
[2026-03-28T20:51:31.605+0000] {logging_mixin.py:188} INFO - [2026-03-28T20:51:31.605+0000] {dagbag.py:545} INFO - Filling up the DagBag from /opt/airflow/dags/tmdb_daily_dag.py
[2026-03-28T20:51:31.613+0000] {processor.py:840} INFO - DAG(s) 'tmdb_raw_pipeline' retrieved from /opt/airflow/dags/tmdb_daily_dag.py
[2026-03-28T20:51:31.624+0000] {logging_mixin.py:188} INFO - [2026-03-28T20:51:31.624+0000] {dag.py:3096} INFO - Sync 1 DAGs
[2026-03-28T20:51:31.633+0000] {logging_mixin.py:188} INFO - [2026-03-28T20:51:31.633+0000] {dag.py:3954} INFO - Setting next_dagrun for tmdb_raw_pipeline to 2026-03-28 00:00:00+00:00, run_after=2026-03-29 00:00:00+00:00
[2026-03-28T20:51:31.639+0000] {processor.py:183} INFO - Processing /opt/airflow/dags/tmdb_daily_dag.py took 0.038 seconds
[2026-03-28T20:52:02.140+0000] {processor.py:161} INFO - Started process (PID=51808) to work on /opt/airflow/dags/tmdb_daily_dag.py
[2026-03-28T20:52:02.141+0000] {processor.py:830} INFO - Processing file /opt/airflow/dags/tmdb_daily_dag.py for tasks to queue
[2026-03-28T20:52:02.141+0000] {logging_mixin.py:188} INFO - [2026-03-28T20:52:02.141+0000] {dagbag.py:545} INFO - Filling up the DagBag from /opt/airflow/dags/tmdb_daily_dag.py
[2026-03-28T20:52:02.148+0000] {processor.py:840} INFO - DAG(s) 'tmdb_raw_pipeline' retrieved from /opt/airflow/dags/tmdb_daily_dag.py
[2026-03-28T20:52:02.158+0000] {logging_mixin.py:188} INFO - [2026-03-28T20:52:02.158+0000] {dag.py:3096} INFO - Sync 1 DAGs
[2026-03-28T20:52:02.167+0000] {logging_mixin.py:188} INFO - [2026-03-28T20:52:02.166+0000] {dag.py:3954} INFO - Setting next_dagrun for tmdb_raw_pipeline to 2026-03-28 00:00:00+00:00, run_after=2026-03-29 00:00:00+00:00
[2026-03-28T20:52:02.173+0000] {processor.py:183} INFO - Processing /opt/airflow/dags/tmdb_daily_dag.py took 0.035 seconds
[2026-03-28T20:52:32.645+0000] {processor.py:161} INFO - Started process (PID=51828) to work on /opt/airflow/dags/tmdb_daily_dag.py
[2026-03-28T20:52:32.646+0000] {processor.py:830} INFO - Processing file /opt/airflow/dags/tmdb_daily_dag.py for tasks to queue
[2026-03-28T20:52:32.646+0000] {logging_mixin.py:188} INFO - [2026-03-28T20:52:32.646+0000] {dagbag.py:545} INFO - Filling up the DagBag from /opt/airflow/dags/tmdb_daily_dag.py
[2026-03-28T20:52:32.652+0000] {processor.py:840} INFO - DAG(s) 'tmdb_raw_pipeline' retrieved from /opt/airflow/dags/tmdb_daily_dag.py
[2026-03-28T20:52:32.661+0000] {logging_mixin.py:188} INFO - [2026-03-28T20:52:32.661+0000] {dag.py:3096} INFO - Sync 1 DAGs
[2026-03-28T20:52:32.670+0000] {logging_mixin.py:188} INFO - [2026-03-28T20:52:32.669+0000] {dag.py:3954} INFO - Setting next_dagrun for tmdb_raw_pipeline to 2026-03-28 00:00:00+00:00, run_after=2026-03-29 00:00:00+00:00
[2026-03-28T20:52:32.675+0000] {processor.py:183} INFO - Processing /opt/airflow/dags/tmdb_daily_dag.py took 0.033 seconds
[2026-03-28T20:53:03.096+0000] {processor.py:161} INFO - Started process (PID=51848) to work on /opt/airflow/dags/tmdb_daily_dag.py
[2026-03-28T20:53:03.097+0000] {processor.py:830} INFO - Processing file /opt/airflow/dags/tmdb_daily_dag.py for tasks to queue
[2026-03-28T20:53:03.098+0000] {logging_mixin.py:188} INFO - [2026-03-28T20:53:03.098+0000] {dagbag.py:545} INFO - Filling up the DagBag from /opt/airflow/dags/tmdb_daily_dag.py
[2026-03-28T20:53:03.104+0000] {processor.py:840} INFO - DAG(s) 'tmdb_raw_pipeline' retrieved from /opt/airflow/dags/tmdb_daily_dag.py
[2026-03-28T20:53:03.114+0000] {logging_mixin.py:188} INFO - [2026-03-28T20:53:03.114+0000] {dag.py:3096} INFO - Sync 1 DAGs
[2026-03-28T20:53:03.123+0000] {logging_mixin.py:188} INFO - [2026-03-28T20:53:03.123+0000] {dag.py:3954} INFO - Setting next_dagrun for tmdb_raw_pipeline to 2026-03-28 00:00:00+00:00, run_after=2026-03-29 00:00:00+00:00
[2026-03-28T20:53:03.130+0000] {processor.py:183} INFO - Processing /opt/airflow/dags/tmdb_daily_dag.py took 0.037 seconds
[2026-03-28T20:53:33.651+0000] {processor.py:161} INFO - Started process (PID=51868) to work on /opt/airflow/dags/tmdb_daily_dag.py
[2026-03-28T20:53:33.652+0000] {processor.py:830} INFO - Processing file /opt/airflow/dags/tmdb_daily_dag.py for tasks to queue
[2026-03-28T20:53:33.653+0000] {logging_mixin.py:188} INFO - [2026-03-28T20:53:33.653+0000] {dagbag.py:545} INFO - Filling up the DagBag from /opt/airflow/dags/tmdb_daily_dag.py
[2026-03-28T20:53:33.660+0000] {processor.py:840} INFO - DAG(s) 'tmdb_raw_pipeline' retrieved from /opt/airflow/dags/tmdb_daily_dag.py
[2026-03-28T20:53:33.670+0000] {logging_mixin.py:188} INFO - [2026-03-28T20:53:33.670+0000] {dag.py:3096} INFO - Sync 1 DAGs
[2026-03-28T20:53:33.680+0000] {logging_mixin.py:188} INFO - [2026-03-28T20:53:33.680+0000] {dag.py:3954} INFO - Setting next_dagrun for tmdb_raw_pipeline to 2026-03-28 00:00:00+00:00, run_after=2026-03-29 00:00:00+00:00
[2026-03-28T20:53:33.686+0000] {processor.py:183} INFO - Processing /opt/airflow/dags/tmdb_daily_dag.py took 0.042 seconds
[2026-03-28T20:54:04.134+0000] {processor.py:161} INFO - Started process (PID=51888) to work on /opt/airflow/dags/tmdb_daily_dag.py
[2026-03-28T20:54:04.135+0000] {processor.py:830} INFO - Processing file /opt/airflow/dags/tmdb_daily_dag.py for tasks to queue
[2026-03-28T20:54:04.135+0000] {logging_mixin.py:188} INFO - [2026-03-28T20:54:04.135+0000] {dagbag.py:545} INFO - Filling up the DagBag from /opt/airflow/dags/tmdb_daily_dag.py
[2026-03-28T20:54:04.141+0000] {processor.py:840} INFO - DAG(s) 'tmdb_raw_pipeline' retrieved from /opt/airflow/dags/tmdb_daily_dag.py
[2026-03-28T20:54:04.151+0000] {logging_mixin.py:188} INFO - [2026-03-28T20:54:04.151+0000] {dag.py:3096} INFO - Sync 1 DAGs
[2026-03-28T20:54:04.162+0000] {logging_mixin.py:188} INFO - [2026-03-28T20:54:04.162+0000] {dag.py:3954} INFO - Setting next_dagrun for tmdb_raw_pipeline to 2026-03-28 00:00:00+00:00, run_after=2026-03-29 00:00:00+00:00
[2026-03-28T20:54:04.169+0000] {processor.py:183} INFO - Processing /opt/airflow/dags/tmdb_daily_dag.py took 0.038 seconds
[2026-03-28T20:54:34.670+0000] {processor.py:161} INFO - Started process (PID=51908) to work on /opt/airflow/dags/tmdb_daily_dag.py
[2026-03-28T20:54:34.672+0000] {processor.py:830} INFO - Processing file /opt/airflow/dags/tmdb_daily_dag.py for tasks to queue
[2026-03-28T20:54:34.672+0000] {logging_mixin.py:188} INFO - [2026-03-28T20:54:34.672+0000] {dagbag.py:545} INFO - Filling up the DagBag from /opt/airflow/dags/tmdb_daily_dag.py
[2026-03-28T20:54:34.679+0000] {processor.py:840} INFO - DAG(s) 'tmdb_raw_pipeline' retrieved from /opt/airflow/dags/tmdb_daily_dag.py
[2026-03-28T20:54:34.689+0000] {logging_mixin.py:188} INFO - [2026-03-28T20:54:34.689+0000] {dag.py:3096} INFO - Sync 1 DAGs
[2026-03-28T20:54:34.697+0000] {logging_mixin.py:188} INFO - [2026-03-28T20:54:34.697+0000] {dag.py:3954} INFO - Setting next_dagrun for tmdb_raw_pipeline to 2026-03-28 00:00:00+00:00, run_after=2026-03-29 00:00:00+00:00
[2026-03-28T20:54:34.703+0000] {processor.py:183} INFO - Processing /opt/airflow/dags/tmdb_daily_dag.py took 0.044 seconds
[2026-03-28T20:55:05.098+0000] {processor.py:161} INFO - Started process (PID=51928) to work on /opt/airflow/dags/tmdb_daily_dag.py
[2026-03-28T20:55:05.099+0000] {processor.py:830} INFO - Processing file /opt/airflow/dags/tmdb_daily_dag.py for tasks to queue
[2026-03-28T20:55:05.099+0000] {logging_mixin.py:188} INFO - [2026-03-28T20:55:05.099+0000] {dagbag.py:545} INFO - Filling up the DagBag from /opt/airflow/dags/tmdb_daily_dag.py
[2026-03-28T20:55:05.105+0000] {processor.py:840} INFO - DAG(s) 'tmdb_raw_pipeline' retrieved from /opt/airflow/dags/tmdb_daily_dag.py
[2026-03-28T20:55:05.114+0000] {logging_mixin.py:188} INFO - [2026-03-28T20:55:05.114+0000] {dag.py:3096} INFO - Sync 1 DAGs
[2026-03-28T20:55:05.122+0000] {logging_mixin.py:188} INFO - [2026-03-28T20:55:05.122+0000] {dag.py:3954} INFO - Setting next_dagrun for tmdb_raw_pipeline to 2026-03-28 00:00:00+00:00, run_after=2026-03-29 00:00:00+00:00
[2026-03-28T20:55:05.128+0000] {processor.py:183} INFO - Processing /opt/airflow/dags/tmdb_daily_dag.py took 0.033 seconds
[2026-03-28T20:55:35.601+0000] {processor.py:161} INFO - Started process (PID=51948) to work on /opt/airflow/dags/tmdb_daily_dag.py
[2026-03-28T20:55:35.603+0000] {processor.py:830} INFO - Processing file /opt/airflow/dags/tmdb_daily_dag.py for tasks to queue
[2026-03-28T20:55:35.603+0000] {logging_mixin.py:188} INFO - [2026-03-28T20:55:35.603+0000] {dagbag.py:545} INFO - Filling up the DagBag from /opt/airflow/dags/tmdb_daily_dag.py
[2026-03-28T20:55:35.608+0000] {processor.py:840} INFO - DAG(s) 'tmdb_raw_pipeline' retrieved from /opt/airflow/dags/tmdb_daily_dag.py
[2026-03-28T20:55:35.621+0000] {logging_mixin.py:188} INFO - [2026-03-28T20:55:35.621+0000] {dag.py:3096} INFO - Sync 1 DAGs
[2026-03-28T20:55:35.631+0000] {logging_mixin.py:188} INFO - [2026-03-28T20:55:35.631+0000] {dag.py:3954} INFO - Setting next_dagrun for tmdb_raw_pipeline to 2026-03-28 00:00:00+00:00, run_after=2026-03-29 00:00:00+00:00
[2026-03-28T20:55:35.637+0000] {processor.py:183} INFO - Processing /opt/airflow/dags/tmdb_daily_dag.py took 0.039 seconds
[2026-03-28T20:56:06.023+0000] {processor.py:161} INFO - Started process (PID=51968) to work on /opt/airflow/dags/tmdb_daily_dag.py
[2026-03-28T20:56:06.024+0000] {processor.py:830} INFO - Processing file /opt/airflow/dags/tmdb_daily_dag.py for tasks to queue
[2026-03-28T20:56:06.025+0000] {logging_mixin.py:188} INFO - [2026-03-28T20:56:06.024+0000] {dagbag.py:545} INFO - Filling up the DagBag from /opt/airflow/dags/tmdb_daily_dag.py
[2026-03-28T20:56:06.032+0000] {processor.py:840} INFO - DAG(s) 'tmdb_raw_pipeline' retrieved from /opt/airflow/dags/tmdb_daily_dag.py
[2026-03-28T20:56:06.042+0000] {logging_mixin.py:188} INFO - [2026-03-28T20:56:06.042+0000] {dag.py:3096} INFO - Sync 1 DAGs
[2026-03-28T20:56:06.050+0000] {logging_mixin.py:188} INFO - [2026-03-28T20:56:06.050+0000] {dag.py:3954} INFO - Setting next_dagrun for tmdb_raw_pipeline to 2026-03-28 00:00:00+00:00, run_after=2026-03-29 00:00:00+00:00
[2026-03-28T20:56:06.055+0000] {processor.py:183} INFO - Processing /opt/airflow/dags/tmdb_daily_dag.py took 0.035 seconds
[2026-03-28T20:56:36.527+0000] {processor.py:161} INFO - Started process (PID=51988) to work on /opt/airflow/dags/tmdb_daily_dag.py
[2026-03-28T20:56:36.528+0000] {processor.py:830} INFO - Processing file /opt/airflow/dags/tmdb_daily_dag.py for tasks to queue
[2026-03-28T20:56:36.529+0000] {logging_mixin.py:188} INFO - [2026-03-28T20:56:36.529+0000] {dagbag.py:545} INFO - Filling up the DagBag from /opt/airflow/dags/tmdb_daily_dag.py
[2026-03-28T20:56:36.534+0000] {processor.py:840} INFO - DAG(s) 'tmdb_raw_pipeline' retrieved from /opt/airflow/dags/tmdb_daily_dag.py
[2026-03-28T20:56:36.544+0000] {logging_mixin.py:188} INFO - [2026-03-28T20:56:36.544+0000] {dag.py:3096} INFO - Sync 1 DAGs
[2026-03-28T20:56:36.552+0000] {logging_mixin.py:188} INFO - [2026-03-28T20:56:36.552+0000] {dag.py:3954} INFO - Setting next_dagrun for tmdb_raw_pipeline to 2026-03-28 00:00:00+00:00, run_after=2026-03-29 00:00:00+00:00
[2026-03-28T20:56:36.558+0000] {processor.py:183} INFO - Processing /opt/airflow/dags/tmdb_daily_dag.py took 0.033 seconds
[2026-03-28T20:57:06.946+0000] {processor.py:161} INFO - Started process (PID=52008) to work on /opt/airflow/dags/tmdb_daily_dag.py
[2026-03-28T20:57:06.947+0000] {processor.py:830} INFO - Processing file /opt/airflow/dags/tmdb_daily_dag.py for tasks to queue
[2026-03-28T20:57:06.947+0000] {logging_mixin.py:188} INFO - [2026-03-28T20:57:06.947+0000] {dagbag.py:545} INFO - Filling up the DagBag from /opt/airflow/dags/tmdb_daily_dag.py
[2026-03-28T20:57:06.952+0000] {processor.py:840} INFO - DAG(s) 'tmdb_raw_pipeline' retrieved from /opt/airflow/dags/tmdb_daily_dag.py
[2026-03-28T20:57:06.962+0000] {logging_mixin.py:188} INFO - [2026-03-28T20:57:06.962+0000] {dag.py:3096} INFO - Sync 1 DAGs
[2026-03-28T20:57:06.969+0000] {logging_mixin.py:188} INFO - [2026-03-28T20:57:06.969+0000] {dag.py:3954} INFO - Setting next_dagrun for tmdb_raw_pipeline to 2026-03-28 00:00:00+00:00, run_after=2026-03-29 00:00:00+00:00
[2026-03-28T20:57:06.975+0000] {processor.py:183} INFO - Processing /opt/airflow/dags/tmdb_daily_dag.py took 0.032 seconds
[2026-03-28T20:57:37.439+0000] {processor.py:161} INFO - Started process (PID=52028) to work on /opt/airflow/dags/tmdb_daily_dag.py
[2026-03-28T20:57:37.441+0000] {processor.py:830} INFO - Processing file /opt/airflow/dags/tmdb_daily_dag.py for tasks to queue
[2026-03-28T20:57:37.442+0000] {logging_mixin.py:188} INFO - [2026-03-28T20:57:37.441+0000] {dagbag.py:545} INFO - Filling up the DagBag from /opt/airflow/dags/tmdb_daily_dag.py
[2026-03-28T20:57:37.447+0000] {processor.py:840} INFO - DAG(s) 'tmdb_raw_pipeline' retrieved from /opt/airflow/dags/tmdb_daily_dag.py
[2026-03-28T20:57:37.458+0000] {logging_mixin.py:188} INFO - [2026-03-28T20:57:37.458+0000] {dag.py:3096} INFO - Sync 1 DAGs
[2026-03-28T20:57:37.468+0000] {logging_mixin.py:188} INFO - [2026-03-28T20:57:37.467+0000] {dag.py:3954} INFO - Setting next_dagrun for tmdb_raw_pipeline to 2026-03-28 00:00:00+00:00, run_after=2026-03-29 00:00:00+00:00
[2026-03-28T20:57:37.474+0000] {processor.py:183} INFO - Processing /opt/airflow/dags/tmdb_daily_dag.py took 0.037 seconds
[2026-03-28T20:58:07.904+0000] {processor.py:161} INFO - Started process (PID=52048) to work on /opt/airflow/dags/tmdb_daily_dag.py
[2026-03-28T20:58:07.905+0000] {processor.py:830} INFO - Processing file /opt/airflow/dags/tmdb_daily_dag.py for tasks to queue
[2026-03-28T20:58:07.905+0000] {logging_mixin.py:188} INFO - [2026-03-28T20:58:07.905+0000] {dagbag.py:545} INFO - Filling up the DagBag from /opt/airflow/dags/tmdb_daily_dag.py
[2026-03-28T20:58:07.912+0000] {processor.py:840} INFO - DAG(s) 'tmdb_raw_pipeline' retrieved from /opt/airflow/dags/tmdb_daily_dag.py
[2026-03-28T20:58:07.922+0000] {logging_mixin.py:188} INFO - [2026-03-28T20:58:07.922+0000] {dag.py:3096} INFO - Sync 1 DAGs
[2026-03-28T20:58:07.931+0000] {logging_mixin.py:188} INFO - [2026-03-28T20:58:07.931+0000] {dag.py:3954} INFO - Setting next_dagrun for tmdb_raw_pipeline to 2026-03-28 00:00:00+00:00, run_after=2026-03-29 00:00:00+00:00
[2026-03-28T20:58:07.936+0000] {processor.py:183} INFO - Processing /opt/airflow/dags/tmdb_daily_dag.py took 0.035 seconds
[2026-03-28T20:58:38.397+0000] {processor.py:161} INFO - Started process (PID=52068) to work on /opt/airflow/dags/tmdb_daily_dag.py
[2026-03-28T20:58:38.398+0000] {processor.py:830} INFO - Processing file /opt/airflow/dags/tmdb_daily_dag.py for tasks to queue
[2026-03-28T20:58:38.398+0000] {logging_mixin.py:188} INFO - [2026-03-28T20:58:38.398+0000] {dagbag.py:545} INFO - Filling up the DagBag from /opt/airflow/dags/tmdb_daily_dag.py
[2026-03-28T20:58:38.405+0000] {processor.py:840} INFO - DAG(s) 'tmdb_raw_pipeline' retrieved from /opt/airflow/dags/tmdb_daily_dag.py
[2026-03-28T20:58:38.417+0000] {logging_mixin.py:188} INFO - [2026-03-28T20:58:38.417+0000] {dag.py:3096} INFO - Sync 1 DAGs
[2026-03-28T20:58:38.429+0000] {logging_mixin.py:188} INFO - [2026-03-28T20:58:38.429+0000] {dag.py:3954} INFO - Setting next_dagrun for tmdb_raw_pipeline to 2026-03-28 00:00:00+00:00, run_after=2026-03-29 00:00:00+00:00
[2026-03-28T20:58:38.435+0000] {processor.py:183} INFO - Processing /opt/airflow/dags/tmdb_daily_dag.py took 0.042 seconds
[2026-03-28T20:59:08.830+0000] {processor.py:161} INFO - Started process (PID=52088) to work on /opt/airflow/dags/tmdb_daily_dag.py
[2026-03-28T20:59:08.831+0000] {processor.py:830} INFO - Processing file /opt/airflow/dags/tmdb_daily_dag.py for tasks to queue
[2026-03-28T20:59:08.831+0000] {logging_mixin.py:188} INFO - [2026-03-28T20:59:08.831+0000] {dagbag.py:545} INFO - Filling up the DagBag from /opt/airflow/dags/tmdb_daily_dag.py
[2026-03-28T20:59:08.839+0000] {processor.py:840} INFO - DAG(s) 'tmdb_raw_pipeline' retrieved from /opt/airflow/dags/tmdb_daily_dag.py
[2026-03-28T20:59:08.854+0000] {logging_mixin.py:188} INFO - [2026-03-28T20:59:08.854+0000] {dag.py:3096} INFO - Sync 1 DAGs
[2026-03-28T20:59:08.862+0000] {logging_mixin.py:188} INFO - [2026-03-28T20:59:08.862+0000] {dag.py:3954} INFO - Setting next_dagrun for tmdb_raw_pipeline to 2026-03-28 00:00:00+00:00, run_after=2026-03-29 00:00:00+00:00
[2026-03-28T20:59:08.873+0000] {processor.py:183} INFO - Processing /opt/airflow/dags/tmdb_daily_dag.py took 0.047 seconds
[2026-03-28T20:59:39.345+0000] {processor.py:161} INFO - Started process (PID=52108) to work on /opt/airflow/dags/tmdb_daily_dag.py
[2026-03-28T20:59:39.346+0000] {processor.py:830} INFO - Processing file /opt/airflow/dags/tmdb_daily_dag.py for tasks to queue
[2026-03-28T20:59:39.346+0000] {logging_mixin.py:188} INFO - [2026-03-28T20:59:39.346+0000] {dagbag.py:545} INFO - Filling up the DagBag from /opt/airflow/dags/tmdb_daily_dag.py
[2026-03-28T20:59:39.352+0000] {processor.py:840} INFO - DAG(s) 'tmdb_raw_pipeline' retrieved from /opt/airflow/dags/tmdb_daily_dag.py
[2026-03-28T20:59:39.363+0000] {logging_mixin.py:188} INFO - [2026-03-28T20:59:39.363+0000] {dag.py:3096} INFO - Sync 1 DAGs
[2026-03-28T20:59:39.371+0000] {logging_mixin.py:188} INFO - [2026-03-28T20:59:39.371+0000] {dag.py:3954} INFO - Setting next_dagrun for tmdb_raw_pipeline to 2026-03-28 00:00:00+00:00, run_after=2026-03-29 00:00:00+00:00
[2026-03-28T20:59:39.377+0000] {processor.py:183} INFO - Processing /opt/airflow/dags/tmdb_daily_dag.py took 0.035 seconds
[2026-03-28T21:00:09.858+0000] {processor.py:161} INFO - Started process (PID=52128) to work on /opt/airflow/dags/tmdb_daily_dag.py
[2026-03-28T21:00:09.859+0000] {processor.py:830} INFO - Processing file /opt/airflow/dags/tmdb_daily_dag.py for tasks to queue
[2026-03-28T21:00:09.859+0000] {logging_mixin.py:188} INFO - [2026-03-28T21:00:09.859+0000] {dagbag.py:545} INFO - Filling up the DagBag from /opt/airflow/dags/tmdb_daily_dag.py
[2026-03-28T21:00:09.865+0000] {processor.py:840} INFO - DAG(s) 'tmdb_raw_pipeline' retrieved from /opt/airflow/dags/tmdb_daily_dag.py
[2026-03-28T21:00:09.879+0000] {logging_mixin.py:188} INFO - [2026-03-28T21:00:09.879+0000] {dag.py:3096} INFO - Sync 1 DAGs
[2026-03-28T21:00:09.889+0000] {logging_mixin.py:188} INFO - [2026-03-28T21:00:09.889+0000] {dag.py:3954} INFO - Setting next_dagrun for tmdb_raw_pipeline to 2026-03-28 00:00:00+00:00, run_after=2026-03-29 00:00:00+00:00
[2026-03-28T21:00:09.895+0000] {processor.py:183} INFO - Processing /opt/airflow/dags/tmdb_daily_dag.py took 0.040 seconds
[2026-03-28T21:00:40.397+0000] {processor.py:161} INFO - Started process (PID=52148) to work on /opt/airflow/dags/tmdb_daily_dag.py
[2026-03-28T21:00:40.398+0000] {processor.py:830} INFO - Processing file /opt/airflow/dags/tmdb_daily_dag.py for tasks to queue
[2026-03-28T21:00:40.398+0000] {logging_mixin.py:188} INFO - [2026-03-28T21:00:40.398+0000] {dagbag.py:545} INFO - Filling up the DagBag from /opt/airflow/dags/tmdb_daily_dag.py
[2026-03-28T21:00:40.403+0000] {processor.py:840} INFO - DAG(s) 'tmdb_raw_pipeline' retrieved from /opt/airflow/dags/tmdb_daily_dag.py
[2026-03-28T21:00:40.415+0000] {logging_mixin.py:188} INFO - [2026-03-28T21:00:40.414+0000] {dag.py:3096} INFO - Sync 1 DAGs
[2026-03-28T21:00:40.424+0000] {logging_mixin.py:188} INFO - [2026-03-28T21:00:40.424+0000] {dag.py:3954} INFO - Setting next_dagrun for tmdb_raw_pipeline to 2026-03-28 00:00:00+00:00, run_after=2026-03-29 00:00:00+00:00
[2026-03-28T21:00:40.430+0000] {processor.py:183} INFO - Processing /opt/airflow/dags/tmdb_daily_dag.py took 0.035 seconds
[2026-03-28T21:01:10.846+0000] {processor.py:161} INFO - Started process (PID=52168) to work on /opt/airflow/dags/tmdb_daily_dag.py
[2026-03-28T21:01:10.847+0000] {processor.py:830} INFO - Processing file /opt/airflow/dags/tmdb_daily_dag.py for tasks to queue
[2026-03-28T21:01:10.847+0000] {logging_mixin.py:188} INFO - [2026-03-28T21:01:10.847+0000] {dagbag.py:545} INFO - Filling up the DagBag from /opt/airflow/dags/tmdb_daily_dag.py
[2026-03-28T21:01:10.852+0000] {processor.py:840} INFO - DAG(s) 'tmdb_raw_pipeline' retrieved from /opt/airflow/dags/tmdb_daily_dag.py
[2026-03-28T21:01:10.862+0000] {logging_mixin.py:188} INFO - [2026-03-28T21:01:10.862+0000] {dag.py:3096} INFO - Sync 1 DAGs
[2026-03-28T21:01:10.869+0000] {logging_mixin.py:188} INFO - [2026-03-28T21:01:10.869+0000] {dag.py:3954} INFO - Setting next_dagrun for tmdb_raw_pipeline to 2026-03-28 00:00:00+00:00, run_after=2026-03-29 00:00:00+00:00
[2026-03-28T21:01:10.875+0000] {processor.py:183} INFO - Processing /opt/airflow/dags/tmdb_daily_dag.py took 0.033 seconds
[2026-03-28T21:01:41.342+0000] {processor.py:161} INFO - Started process (PID=52188) to work on /opt/airflow/dags/tmdb_daily_dag.py
[2026-03-28T21:01:41.343+0000] {processor.py:830} INFO - Processing file /opt/airflow/dags/tmdb_daily_dag.py for tasks to queue
[2026-03-28T21:01:41.344+0000] {logging_mixin.py:188} INFO - [2026-03-28T21:01:41.343+0000] {dagbag.py:545} INFO - Filling up the DagBag from /opt/airflow/dags/tmdb_daily_dag.py
[2026-03-28T21:01:41.350+0000] {processor.py:840} INFO - DAG(s) 'tmdb_raw_pipeline' retrieved from /opt/airflow/dags/tmdb_daily_dag.py
[2026-03-28T21:01:41.360+0000] {logging_mixin.py:188} INFO - [2026-03-28T21:01:41.360+0000] {dag.py:3096} INFO - Sync 1 DAGs
[2026-03-28T21:01:41.369+0000] {logging_mixin.py:188} INFO - [2026-03-28T21:01:41.369+0000] {dag.py:3954} INFO - Setting next_dagrun for tmdb_raw_pipeline to 2026-03-28 00:00:00+00:00, run_after=2026-03-29 00:00:00+00:00
[2026-03-28T21:01:41.375+0000] {processor.py:183} INFO - Processing /opt/airflow/dags/tmdb_daily_dag.py took 0.035 seconds
[2026-03-28T21:02:11.724+0000] {processor.py:161} INFO - Started process (PID=52208) to work on /opt/airflow/dags/tmdb_daily_dag.py
[2026-03-28T21:02:11.725+0000] {processor.py:830} INFO - Processing file /opt/airflow/dags/tmdb_daily_dag.py for tasks to queue
[2026-03-28T21:02:11.725+0000] {logging_mixin.py:188} INFO - [2026-03-28T21:02:11.725+0000] {dagbag.py:545} INFO - Filling up the DagBag from /opt/airflow/dags/tmdb_daily_dag.py
[2026-03-28T21:02:11.731+0000] {processor.py:840} INFO - DAG(s) 'tmdb_raw_pipeline' retrieved from /opt/airflow/dags/tmdb_daily_dag.py
[2026-03-28T21:02:11.740+0000] {logging_mixin.py:188} INFO - [2026-03-28T21:02:11.740+0000] {dag.py:3096} INFO - Sync 1 DAGs
[2026-03-28T21:02:11.748+0000] {logging_mixin.py:188} INFO - [2026-03-28T21:02:11.748+0000] {dag.py:3954} INFO - Setting next_dagrun for tmdb_raw_pipeline to 2026-03-28 00:00:00+00:00, run_after=2026-03-29 00:00:00+00:00
[2026-03-28T21:02:11.754+0000] {processor.py:183} INFO - Processing /opt/airflow/dags/tmdb_daily_dag.py took 0.032 seconds
[2026-03-28T21:02:42.228+0000] {processor.py:161} INFO - Started process (PID=52228) to work on /opt/airflow/dags/tmdb_daily_dag.py
[2026-03-28T21:02:42.230+0000] {processor.py:830} INFO - Processing file /opt/airflow/dags/tmdb_daily_dag.py for tasks to queue
[2026-03-28T21:02:42.230+0000] {logging_mixin.py:188} INFO - [2026-03-28T21:02:42.230+0000] {dagbag.py:545} INFO - Filling up the DagBag from /opt/airflow/dags/tmdb_daily_dag.py
[2026-03-28T21:02:42.236+0000] {processor.py:840} INFO - DAG(s) 'tmdb_raw_pipeline' retrieved from /opt/airflow/dags/tmdb_daily_dag.py
[2026-03-28T21:02:42.248+0000] {logging_mixin.py:188} INFO - [2026-03-28T21:02:42.247+0000] {dag.py:3096} INFO - Sync 1 DAGs
[2026-03-28T21:02:42.256+0000] {logging_mixin.py:188} INFO - [2026-03-28T21:02:42.256+0000] {dag.py:3954} INFO - Setting next_dagrun for tmdb_raw_pipeline to 2026-03-28 00:00:00+00:00, run_after=2026-03-29 00:00:00+00:00
[2026-03-28T21:02:42.262+0000] {processor.py:183} INFO - Processing /opt/airflow/dags/tmdb_daily_dag.py took 0.036 seconds
[2026-03-28T21:03:12.665+0000] {processor.py:161} INFO - Started process (PID=52248) to work on /opt/airflow/dags/tmdb_daily_dag.py
[2026-03-28T21:03:12.665+0000] {processor.py:830} INFO - Processing file /opt/airflow/dags/tmdb_daily_dag.py for tasks to queue
[2026-03-28T21:03:12.666+0000] {logging_mixin.py:188} INFO - [2026-03-28T21:03:12.666+0000] {dagbag.py:545} INFO - Filling up the DagBag from /opt/airflow/dags/tmdb_daily_dag.py
[2026-03-28T21:03:12.670+0000] {processor.py:840} INFO - DAG(s) 'tmdb_raw_pipeline' retrieved from /opt/airflow/dags/tmdb_daily_dag.py
[2026-03-28T21:03:12.680+0000] {logging_mixin.py:188} INFO - [2026-03-28T21:03:12.680+0000] {dag.py:3096} INFO - Sync 1 DAGs
[2026-03-28T21:03:12.687+0000] {logging_mixin.py:188} INFO - [2026-03-28T21:03:12.687+0000] {dag.py:3954} INFO - Setting next_dagrun for tmdb_raw_pipeline to 2026-03-28 00:00:00+00:00, run_after=2026-03-29 00:00:00+00:00
[2026-03-28T21:03:12.693+0000] {processor.py:183} INFO - Processing /opt/airflow/dags/tmdb_daily_dag.py took 0.031 seconds
[2026-03-28T21:03:43.198+0000] {processor.py:161} INFO - Started process (PID=52268) to work on /opt/airflow/dags/tmdb_daily_dag.py
[2026-03-28T21:03:43.199+0000] {processor.py:830} INFO - Processing file /opt/airflow/dags/tmdb_daily_dag.py for tasks to queue
[2026-03-28T21:03:43.199+0000] {logging_mixin.py:188} INFO - [2026-03-28T21:03:43.199+0000] {dagbag.py:545} INFO - Filling up the DagBag from /opt/airflow/dags/tmdb_daily_dag.py
[2026-03-28T21:03:43.205+0000] {processor.py:840} INFO - DAG(s) 'tmdb_raw_pipeline' retrieved from /opt/airflow/dags/tmdb_daily_dag.py
[2026-03-28T21:03:43.215+0000] {logging_mixin.py:188} INFO - [2026-03-28T21:03:43.215+0000] {dag.py:3096} INFO - Sync 1 DAGs
[2026-03-28T21:03:43.223+0000] {logging_mixin.py:188} INFO - [2026-03-28T21:03:43.223+0000] {dag.py:3954} INFO - Setting next_dagrun for tmdb_raw_pipeline to 2026-03-28 00:00:00+00:00, run_after=2026-03-29 00:00:00+00:00
[2026-03-28T21:03:43.229+0000] {processor.py:183} INFO - Processing /opt/airflow/dags/tmdb_daily_dag.py took 0.034 seconds
[2026-03-28T21:04:13.632+0000] {processor.py:161} INFO - Started process (PID=52288) to work on /opt/airflow/dags/tmdb_daily_dag.py
[2026-03-28T21:04:13.633+0000] {processor.py:830} INFO - Processing file /opt/airflow/dags/tmdb_daily_dag.py for tasks to queue
[2026-03-28T21:04:13.634+0000] {logging_mixin.py:188} INFO - [2026-03-28T21:04:13.634+0000] {dagbag.py:545} INFO - Filling up the DagBag from /opt/airflow/dags/tmdb_daily_dag.py
[2026-03-28T21:04:13.640+0000] {processor.py:840} INFO - DAG(s) 'tmdb_raw_pipeline' retrieved from /opt/airflow/dags/tmdb_daily_dag.py
[2026-03-28T21:04:13.651+0000] {logging_mixin.py:188} INFO - [2026-03-28T21:04:13.650+0000] {dag.py:3096} INFO - Sync 1 DAGs
[2026-03-28T21:04:13.659+0000] {logging_mixin.py:188} INFO - [2026-03-28T21:04:13.659+0000] {dag.py:3954} INFO - Setting next_dagrun for tmdb_raw_pipeline to 2026-03-28 00:00:00+00:00, run_after=2026-03-29 00:00:00+00:00
[2026-03-28T21:04:13.665+0000] {processor.py:183} INFO - Processing /opt/airflow/dags/tmdb_daily_dag.py took 0.036 seconds
[2026-03-28T21:04:44.237+0000] {processor.py:161} INFO - Started process (PID=52308) to work on /opt/airflow/dags/tmdb_daily_dag.py
[2026-03-28T21:04:44.238+0000] {processor.py:830} INFO - Processing file /opt/airflow/dags/tmdb_daily_dag.py for tasks to queue
[2026-03-28T21:04:44.238+0000] {logging_mixin.py:188} INFO - [2026-03-28T21:04:44.238+0000] {dagbag.py:545} INFO - Filling up the DagBag from /opt/airflow/dags/tmdb_daily_dag.py
[2026-03-28T21:04:44.246+0000] {processor.py:840} INFO - DAG(s) 'tmdb_raw_pipeline' retrieved from /opt/airflow/dags/tmdb_daily_dag.py
[2026-03-28T21:04:44.256+0000] {logging_mixin.py:188} INFO - [2026-03-28T21:04:44.256+0000] {dag.py:3096} INFO - Sync 1 DAGs
[2026-03-28T21:04:44.268+0000] {logging_mixin.py:188} INFO - [2026-03-28T21:04:44.268+0000] {dag.py:3954} INFO - Setting next_dagrun for tmdb_raw_pipeline to 2026-03-28 00:00:00+00:00, run_after=2026-03-29 00:00:00+00:00
[2026-03-28T21:04:44.274+0000] {processor.py:183} INFO - Processing /opt/airflow/dags/tmdb_daily_dag.py took 0.043 seconds
[2026-03-28T21:05:14.814+0000] {processor.py:161} INFO - Started process (PID=52328) to work on /opt/airflow/dags/tmdb_daily_dag.py
[2026-03-28T21:05:14.815+0000] {processor.py:830} INFO - Processing file /opt/airflow/dags/tmdb_daily_dag.py for tasks to queue
[2026-03-28T21:05:14.815+0000] {logging_mixin.py:188} INFO - [2026-03-28T21:05:14.815+0000] {dagbag.py:545} INFO - Filling up the DagBag from /opt/airflow/dags/tmdb_daily_dag.py
[2026-03-28T21:05:14.821+0000] {processor.py:840} INFO - DAG(s) 'tmdb_raw_pipeline' retrieved from /opt/airflow/dags/tmdb_daily_dag.py
[2026-03-28T21:05:14.830+0000] {logging_mixin.py:188} INFO - [2026-03-28T21:05:14.830+0000] {dag.py:3096} INFO - Sync 1 DAGs
[2026-03-28T21:05:14.838+0000] {logging_mixin.py:188} INFO - [2026-03-28T21:05:14.838+0000] {dag.py:3954} INFO - Setting next_dagrun for tmdb_raw_pipeline to 2026-03-28 00:00:00+00:00, run_after=2026-03-29 00:00:00+00:00
[2026-03-28T21:05:14.844+0000] {processor.py:183} INFO - Processing /opt/airflow/dags/tmdb_daily_dag.py took 0.033 seconds
[2026-03-28T21:05:45.311+0000] {processor.py:161} INFO - Started process (PID=52348) to work on /opt/airflow/dags/tmdb_daily_dag.py
[2026-03-28T21:05:45.312+0000] {processor.py:830} INFO - Processing file /opt/airflow/dags/tmdb_daily_dag.py for tasks to queue
[2026-03-28T21:05:45.312+0000] {logging_mixin.py:188} INFO - [2026-03-28T21:05:45.312+0000] {dagbag.py:545} INFO - Filling up the DagBag from /opt/airflow/dags/tmdb_daily_dag.py
[2026-03-28T21:05:45.318+0000] {processor.py:840} INFO - DAG(s) 'tmdb_raw_pipeline' retrieved from /opt/airflow/dags/tmdb_daily_dag.py
[2026-03-28T21:05:45.327+0000] {logging_mixin.py:188} INFO - [2026-03-28T21:05:45.326+0000] {dag.py:3096} INFO - Sync 1 DAGs
[2026-03-28T21:05:45.335+0000] {logging_mixin.py:188} INFO - [2026-03-28T21:05:45.335+0000] {dag.py:3954} INFO - Setting next_dagrun for tmdb_raw_pipeline to 2026-03-28 00:00:00+00:00, run_after=2026-03-29 00:00:00+00:00
[2026-03-28T21:05:45.341+0000] {processor.py:183} INFO - Processing /opt/airflow/dags/tmdb_daily_dag.py took 0.032 seconds
[2026-03-28T21:06:15.765+0000] {processor.py:161} INFO - Started process (PID=52368) to work on /opt/airflow/dags/tmdb_daily_dag.py
[2026-03-28T21:06:15.766+0000] {processor.py:830} INFO - Processing file /opt/airflow/dags/tmdb_daily_dag.py for tasks to queue
[2026-03-28T21:06:15.767+0000] {logging_mixin.py:188} INFO - [2026-03-28T21:06:15.767+0000] {dagbag.py:545} INFO - Filling up the DagBag from /opt/airflow/dags/tmdb_daily_dag.py
[2026-03-28T21:06:15.772+0000] {processor.py:840} INFO - DAG(s) 'tmdb_raw_pipeline' retrieved from /opt/airflow/dags/tmdb_daily_dag.py
[2026-03-28T21:06:15.786+0000] {logging_mixin.py:188} INFO - [2026-03-28T21:06:15.786+0000] {dag.py:3096} INFO - Sync 1 DAGs
[2026-03-28T21:06:15.794+0000] {logging_mixin.py:188} INFO - [2026-03-28T21:06:15.794+0000] {dag.py:3954} INFO - Setting next_dagrun for tmdb_raw_pipeline to 2026-03-28 00:00:00+00:00, run_after=2026-03-29 00:00:00+00:00
[2026-03-28T21:06:15.800+0000] {processor.py:183} INFO - Processing /opt/airflow/dags/tmdb_daily_dag.py took 0.040 seconds
[2026-03-28T21:06:46.250+0000] {processor.py:161} INFO - Started process (PID=52388) to work on /opt/airflow/dags/tmdb_daily_dag.py
[2026-03-28T21:06:46.251+0000] {processor.py:830} INFO - Processing file /opt/airflow/dags/tmdb_daily_dag.py for tasks to queue
[2026-03-28T21:06:46.252+0000] {logging_mixin.py:188} INFO - [2026-03-28T21:06:46.252+0000] {dagbag.py:545} INFO - Filling up the DagBag from /opt/airflow/dags/tmdb_daily_dag.py
[2026-03-28T21:06:46.257+0000] {processor.py:840} INFO - DAG(s) 'tmdb_raw_pipeline' retrieved from /opt/airflow/dags/tmdb_daily_dag.py
[2026-03-28T21:06:46.267+0000] {logging_mixin.py:188} INFO - [2026-03-28T21:06:46.267+0000] {dag.py:3096} INFO - Sync 1 DAGs
[2026-03-28T21:06:46.275+0000] {logging_mixin.py:188} INFO - [2026-03-28T21:06:46.275+0000] {dag.py:3954} INFO - Setting next_dagrun for tmdb_raw_pipeline to 2026-03-28 00:00:00+00:00, run_after=2026-03-29 00:00:00+00:00
[2026-03-28T21:06:46.281+0000] {processor.py:183} INFO - Processing /opt/airflow/dags/tmdb_daily_dag.py took 0.032 seconds
[2026-03-28T21:07:16.716+0000] {processor.py:161} INFO - Started process (PID=52408) to work on /opt/airflow/dags/tmdb_daily_dag.py
[2026-03-28T21:07:16.717+0000] {processor.py:830} INFO - Processing file /opt/airflow/dags/tmdb_daily_dag.py for tasks to queue
[2026-03-28T21:07:16.718+0000] {logging_mixin.py:188} INFO - [2026-03-28T21:07:16.717+0000] {dagbag.py:545} INFO - Filling up the DagBag from /opt/airflow/dags/tmdb_daily_dag.py
[2026-03-28T21:07:16.723+0000] {processor.py:840} INFO - DAG(s) 'tmdb_raw_pipeline' retrieved from /opt/airflow/dags/tmdb_daily_dag.py
[2026-03-28T21:07:16.732+0000] {logging_mixin.py:188} INFO - [2026-03-28T21:07:16.732+0000] {dag.py:3096} INFO - Sync 1 DAGs
[2026-03-28T21:07:16.739+0000] {logging_mixin.py:188} INFO - [2026-03-28T21:07:16.739+0000] {dag.py:3954} INFO - Setting next_dagrun for tmdb_raw_pipeline to 2026-03-28 00:00:00+00:00, run_after=2026-03-29 00:00:00+00:00
[2026-03-28T21:07:16.745+0000] {processor.py:183} INFO - Processing /opt/airflow/dags/tmdb_daily_dag.py took 0.032 seconds
[2026-03-28T21:07:47.271+0000] {processor.py:161} INFO - Started process (PID=52428) to work on /opt/airflow/dags/tmdb_daily_dag.py
[2026-03-28T21:07:47.272+0000] {processor.py:830} INFO - Processing file /opt/airflow/dags/tmdb_daily_dag.py for tasks to queue
[2026-03-28T21:07:47.272+0000] {logging_mixin.py:188} INFO - [2026-03-28T21:07:47.272+0000] {dagbag.py:545} INFO - Filling up the DagBag from /opt/airflow/dags/tmdb_daily_dag.py
[2026-03-28T21:07:47.280+0000] {processor.py:840} INFO - DAG(s) 'tmdb_raw_pipeline' retrieved from /opt/airflow/dags/tmdb_daily_dag.py
[2026-03-28T21:07:47.289+0000] {logging_mixin.py:188} INFO - [2026-03-28T21:07:47.289+0000] {dag.py:3096} INFO - Sync 1 DAGs
[2026-03-28T21:07:47.300+0000] {logging_mixin.py:188} INFO - [2026-03-28T21:07:47.300+0000] {dag.py:3954} INFO - Setting next_dagrun for tmdb_raw_pipeline to 2026-03-28 00:00:00+00:00, run_after=2026-03-29 00:00:00+00:00
[2026-03-28T21:07:47.307+0000] {processor.py:183} INFO - Processing /opt/airflow/dags/tmdb_daily_dag.py took 0.040 seconds
[2026-03-28T21:08:17.645+0000] {processor.py:161} INFO - Started process (PID=52448) to work on /opt/airflow/dags/tmdb_daily_dag.py
[2026-03-28T21:08:17.646+0000] {processor.py:830} INFO - Processing file /opt/airflow/dags/tmdb_daily_dag.py for tasks to queue
[2026-03-28T21:08:17.646+0000] {logging_mixin.py:188} INFO - [2026-03-28T21:08:17.646+0000] {dagbag.py:545} INFO - Filling up the DagBag from /opt/airflow/dags/tmdb_daily_dag.py
[2026-03-28T21:08:17.651+0000] {processor.py:840} INFO - DAG(s) 'tmdb_raw_pipeline' retrieved from /opt/airflow/dags/tmdb_daily_dag.py
[2026-03-28T21:08:17.660+0000] {logging_mixin.py:188} INFO - [2026-03-28T21:08:17.660+0000] {dag.py:3096} INFO - Sync 1 DAGs
[2026-03-28T21:08:17.668+0000] {logging_mixin.py:188} INFO - [2026-03-28T21:08:17.668+0000] {dag.py:3954} INFO - Setting next_dagrun for tmdb_raw_pipeline to 2026-03-28 00:00:00+00:00, run_after=2026-03-29 00:00:00+00:00
[2026-03-28T21:08:17.673+0000] {processor.py:183} INFO - Processing /opt/airflow/dags/tmdb_daily_dag.py took 0.031 seconds
[2026-03-28T21:08:48.145+0000] {processor.py:161} INFO - Started process (PID=52468) to work on /opt/airflow/dags/tmdb_daily_dag.py
[2026-03-28T21:08:48.146+0000] {processor.py:830} INFO - Processing file /opt/airflow/dags/tmdb_daily_dag.py for tasks to queue
[2026-03-28T21:08:48.146+0000] {logging_mixin.py:188} INFO - [2026-03-28T21:08:48.146+0000] {dagbag.py:545} INFO - Filling up the DagBag from /opt/airflow/dags/tmdb_daily_dag.py
[2026-03-28T21:08:48.153+0000] {processor.py:840} INFO - DAG(s) 'tmdb_raw_pipeline' retrieved from /opt/airflow/dags/tmdb_daily_dag.py
[2026-03-28T21:08:48.163+0000] {logging_mixin.py:188} INFO - [2026-03-28T21:08:48.163+0000] {dag.py:3096} INFO - Sync 1 DAGs
[2026-03-28T21:08:48.172+0000] {logging_mixin.py:188} INFO - [2026-03-28T21:08:48.172+0000] {dag.py:3954} INFO - Setting next_dagrun for tmdb_raw_pipeline to 2026-03-28 00:00:00+00:00, run_after=2026-03-29 00:00:00+00:00
[2026-03-28T21:08:48.178+0000] {processor.py:183} INFO - Processing /opt/airflow/dags/tmdb_daily_dag.py took 0.036 seconds
[2026-03-28T21:09:18.575+0000] {processor.py:161} INFO - Started process (PID=52488) to work on /opt/airflow/dags/tmdb_daily_dag.py
[2026-03-28T21:09:18.576+0000] {processor.py:830} INFO - Processing file /opt/airflow/dags/tmdb_daily_dag.py for tasks to queue
[2026-03-28T21:09:18.577+0000] {logging_mixin.py:188} INFO - [2026-03-28T21:09:18.577+0000] {dagbag.py:545} INFO - Filling up the DagBag from /opt/airflow/dags/tmdb_daily_dag.py
[2026-03-28T21:09:18.584+0000] {processor.py:840} INFO - DAG(s) 'tmdb_raw_pipeline' retrieved from /opt/airflow/dags/tmdb_daily_dag.py
[2026-03-28T21:09:18.599+0000] {logging_mixin.py:188} INFO - [2026-03-28T21:09:18.599+0000] {dag.py:3096} INFO - Sync 1 DAGs
[2026-03-28T21:09:18.609+0000] {logging_mixin.py:188} INFO - [2026-03-28T21:09:18.609+0000] {dag.py:3954} INFO - Setting next_dagrun for tmdb_raw_pipeline to 2026-03-28 00:00:00+00:00, run_after=2026-03-29 00:00:00+00:00
[2026-03-28T21:09:18.617+0000] {processor.py:183} INFO - Processing /opt/airflow/dags/tmdb_daily_dag.py took 0.049 seconds
[2026-03-28T21:09:49.165+0000] {processor.py:161} INFO - Started process (PID=52508) to work on /opt/airflow/dags/tmdb_daily_dag.py
[2026-03-28T21:09:49.167+0000] {processor.py:830} INFO - Processing file /opt/airflow/dags/tmdb_daily_dag.py for tasks to queue
[2026-03-28T21:09:49.168+0000] {logging_mixin.py:188} INFO - [2026-03-28T21:09:49.168+0000] {dagbag.py:545} INFO - Filling up the DagBag from /opt/airflow/dags/tmdb_daily_dag.py
[2026-03-28T21:09:49.176+0000] {processor.py:840} INFO - DAG(s) 'tmdb_raw_pipeline' retrieved from /opt/airflow/dags/tmdb_daily_dag.py
[2026-03-28T21:09:49.185+0000] {logging_mixin.py:188} INFO - [2026-03-28T21:09:49.185+0000] {dag.py:3096} INFO - Sync 1 DAGs
[2026-03-28T21:09:49.194+0000] {logging_mixin.py:188} INFO - [2026-03-28T21:09:49.194+0000] {dag.py:3954} INFO - Setting next_dagrun for tmdb_raw_pipeline to 2026-03-28 00:00:00+00:00, run_after=2026-03-29 00:00:00+00:00
[2026-03-28T21:09:49.199+0000] {processor.py:183} INFO - Processing /opt/airflow/dags/tmdb_daily_dag.py took 0.038 seconds
[2026-03-28T21:10:19.717+0000] {processor.py:161} INFO - Started process (PID=52528) to work on /opt/airflow/dags/tmdb_daily_dag.py
[2026-03-28T21:10:19.718+0000] {processor.py:830} INFO - Processing file /opt/airflow/dags/tmdb_daily_dag.py for tasks to queue
[2026-03-28T21:10:19.718+0000] {logging_mixin.py:188} INFO - [2026-03-28T21:10:19.718+0000] {dagbag.py:545} INFO - Filling up the DagBag from /opt/airflow/dags/tmdb_daily_dag.py
[2026-03-28T21:10:19.724+0000] {processor.py:840} INFO - DAG(s) 'tmdb_raw_pipeline' retrieved from /opt/airflow/dags/tmdb_daily_dag.py
[2026-03-28T21:10:19.733+0000] {logging_mixin.py:188} INFO - [2026-03-28T21:10:19.733+0000] {dag.py:3096} INFO - Sync 1 DAGs
[2026-03-28T21:10:19.742+0000] {logging_mixin.py:188} INFO - [2026-03-28T21:10:19.741+0000] {dag.py:3954} INFO - Setting next_dagrun for tmdb_raw_pipeline to 2026-03-28 00:00:00+00:00, run_after=2026-03-29 00:00:00+00:00
[2026-03-28T21:10:19.747+0000] {processor.py:183} INFO - Processing /opt/airflow/dags/tmdb_daily_dag.py took 0.033 seconds
[2026-03-28T21:10:50.311+0000] {processor.py:161} INFO - Started process (PID=52548) to work on /opt/airflow/dags/tmdb_daily_dag.py
[2026-03-28T21:10:50.312+0000] {processor.py:830} INFO - Processing file /opt/airflow/dags/tmdb_daily_dag.py for tasks to queue
[2026-03-28T21:10:50.312+0000] {logging_mixin.py:188} INFO - [2026-03-28T21:10:50.312+0000] {dagbag.py:545} INFO - Filling up the DagBag from /opt/airflow/dags/tmdb_daily_dag.py
[2026-03-28T21:10:50.318+0000] {processor.py:840} INFO - DAG(s) 'tmdb_raw_pipeline' retrieved from /opt/airflow/dags/tmdb_daily_dag.py
[2026-03-28T21:10:50.327+0000] {logging_mixin.py:188} INFO - [2026-03-28T21:10:50.327+0000] {dag.py:3096} INFO - Sync 1 DAGs
[2026-03-28T21:10:50.336+0000] {logging_mixin.py:188} INFO - [2026-03-28T21:10:50.336+0000] {dag.py:3954} INFO - Setting next_dagrun for tmdb_raw_pipeline to 2026-03-28 00:00:00+00:00, run_after=2026-03-29 00:00:00+00:00
[2026-03-28T21:10:50.342+0000] {processor.py:183} INFO - Processing /opt/airflow/dags/tmdb_daily_dag.py took 0.035 seconds
[2026-03-28T21:11:20.830+0000] {processor.py:161} INFO - Started process (PID=52568) to work on /opt/airflow/dags/tmdb_daily_dag.py
[2026-03-28T21:11:20.831+0000] {processor.py:830} INFO - Processing file /opt/airflow/dags/tmdb_daily_dag.py for tasks to queue
[2026-03-28T21:11:20.832+0000] {logging_mixin.py:188} INFO - [2026-03-28T21:11:20.831+0000] {dagbag.py:545} INFO - Filling up the DagBag from /opt/airflow/dags/tmdb_daily_dag.py
[2026-03-28T21:11:20.838+0000] {processor.py:840} INFO - DAG(s) 'tmdb_raw_pipeline' retrieved from /opt/airflow/dags/tmdb_daily_dag.py
[2026-03-28T21:11:20.849+0000] {logging_mixin.py:188} INFO - [2026-03-28T21:11:20.848+0000] {dag.py:3096} INFO - Sync 1 DAGs
[2026-03-28T21:11:20.859+0000] {logging_mixin.py:188} INFO - [2026-03-28T21:11:20.859+0000] {dag.py:3954} INFO - Setting next_dagrun for tmdb_raw_pipeline to 2026-03-28 00:00:00+00:00, run_after=2026-03-29 00:00:00+00:00
[2026-03-28T21:11:20.866+0000] {processor.py:183} INFO - Processing /opt/airflow/dags/tmdb_daily_dag.py took 0.039 seconds
[2026-03-28T21:11:51.306+0000] {processor.py:161} INFO - Started process (PID=52588) to work on /opt/airflow/dags/tmdb_daily_dag.py
[2026-03-28T21:11:51.308+0000] {processor.py:830} INFO - Processing file /opt/airflow/dags/tmdb_daily_dag.py for tasks to queue
[2026-03-28T21:11:51.308+0000] {logging_mixin.py:188} INFO - [2026-03-28T21:11:51.308+0000] {dagbag.py:545} INFO - Filling up the DagBag from /opt/airflow/dags/tmdb_daily_dag.py
[2026-03-28T21:11:51.314+0000] {processor.py:840} INFO - DAG(s) 'tmdb_raw_pipeline' retrieved from /opt/airflow/dags/tmdb_daily_dag.py
[2026-03-28T21:11:51.324+0000] {logging_mixin.py:188} INFO - [2026-03-28T21:11:51.324+0000] {dag.py:3096} INFO - Sync 1 DAGs
[2026-03-28T21:11:51.333+0000] {logging_mixin.py:188} INFO - [2026-03-28T21:11:51.332+0000] {dag.py:3954} INFO - Setting next_dagrun for tmdb_raw_pipeline to 2026-03-28 00:00:00+00:00, run_after=2026-03-29 00:00:00+00:00
[2026-03-28T21:11:51.338+0000] {processor.py:183} INFO - Processing /opt/airflow/dags/tmdb_daily_dag.py took 0.036 seconds
[2026-03-28T21:12:21.840+0000] {processor.py:161} INFO - Started process (PID=52608) to work on /opt/airflow/dags/tmdb_daily_dag.py
[2026-03-28T21:12:21.841+0000] {processor.py:830} INFO - Processing file /opt/airflow/dags/tmdb_daily_dag.py for tasks to queue
[2026-03-28T21:12:21.842+0000] {logging_mixin.py:188} INFO - [2026-03-28T21:12:21.842+0000] {dagbag.py:545} INFO - Filling up the DagBag from /opt/airflow/dags/tmdb_daily_dag.py
[2026-03-28T21:12:21.848+0000] {processor.py:840} INFO - DAG(s) 'tmdb_raw_pipeline' retrieved from /opt/airflow/dags/tmdb_daily_dag.py
[2026-03-28T21:12:21.857+0000] {logging_mixin.py:188} INFO - [2026-03-28T21:12:21.857+0000] {dag.py:3096} INFO - Sync 1 DAGs
[2026-03-28T21:12:21.865+0000] {logging_mixin.py:188} INFO - [2026-03-28T21:12:21.865+0000] {dag.py:3954} INFO - Setting next_dagrun for tmdb_raw_pipeline to 2026-03-28 00:00:00+00:00, run_after=2026-03-29 00:00:00+00:00
[2026-03-28T21:12:21.871+0000] {processor.py:183} INFO - Processing /opt/airflow/dags/tmdb_daily_dag.py took 0.033 seconds
[2026-03-28T21:12:52.401+0000] {processor.py:161} INFO - Started process (PID=52628) to work on /opt/airflow/dags/tmdb_daily_dag.py
[2026-03-28T21:12:52.402+0000] {processor.py:830} INFO - Processing file /opt/airflow/dags/tmdb_daily_dag.py for tasks to queue
[2026-03-28T21:12:52.403+0000] {logging_mixin.py:188} INFO - [2026-03-28T21:12:52.403+0000] {dagbag.py:545} INFO - Filling up the DagBag from /opt/airflow/dags/tmdb_daily_dag.py
[2026-03-28T21:12:52.408+0000] {processor.py:840} INFO - DAG(s) 'tmdb_raw_pipeline' retrieved from /opt/airflow/dags/tmdb_daily_dag.py
[2026-03-28T21:12:52.417+0000] {logging_mixin.py:188} INFO - [2026-03-28T21:12:52.417+0000] {dag.py:3096} INFO - Sync 1 DAGs
[2026-03-28T21:12:52.425+0000] {logging_mixin.py:188} INFO - [2026-03-28T21:12:52.425+0000] {dag.py:3954} INFO - Setting next_dagrun for tmdb_raw_pipeline to 2026-03-28 00:00:00+00:00, run_after=2026-03-29 00:00:00+00:00
[2026-03-28T21:12:52.431+0000] {processor.py:183} INFO - Processing /opt/airflow/dags/tmdb_daily_dag.py took 0.032 seconds
[2026-03-28T21:13:22.959+0000] {processor.py:161} INFO - Started process (PID=52648) to work on /opt/airflow/dags/tmdb_daily_dag.py
[2026-03-28T21:13:22.961+0000] {processor.py:830} INFO - Processing file /opt/airflow/dags/tmdb_daily_dag.py for tasks to queue
[2026-03-28T21:13:22.961+0000] {logging_mixin.py:188} INFO - [2026-03-28T21:13:22.961+0000] {dagbag.py:545} INFO - Filling up the DagBag from /opt/airflow/dags/tmdb_daily_dag.py
[2026-03-28T21:13:22.967+0000] {processor.py:840} INFO - DAG(s) 'tmdb_raw_pipeline' retrieved from /opt/airflow/dags/tmdb_daily_dag.py
[2026-03-28T21:13:22.977+0000] {logging_mixin.py:188} INFO - [2026-03-28T21:13:22.977+0000] {dag.py:3096} INFO - Sync 1 DAGs
[2026-03-28T21:13:22.986+0000] {logging_mixin.py:188} INFO - [2026-03-28T21:13:22.986+0000] {dag.py:3954} INFO - Setting next_dagrun for tmdb_raw_pipeline to 2026-03-28 00:00:00+00:00, run_after=2026-03-29 00:00:00+00:00
[2026-03-28T21:13:22.992+0000] {processor.py:183} INFO - Processing /opt/airflow/dags/tmdb_daily_dag.py took 0.035 seconds
[2026-03-28T21:13:53.447+0000] {processor.py:161} INFO - Started process (PID=52668) to work on /opt/airflow/dags/tmdb_daily_dag.py
[2026-03-28T21:13:53.449+0000] {processor.py:830} INFO - Processing file /opt/airflow/dags/tmdb_daily_dag.py for tasks to queue
[2026-03-28T21:13:53.449+0000] {logging_mixin.py:188} INFO - [2026-03-28T21:13:53.449+0000] {dagbag.py:545} INFO - Filling up the DagBag from /opt/airflow/dags/tmdb_daily_dag.py
[2026-03-28T21:13:53.455+0000] {processor.py:840} INFO - DAG(s) 'tmdb_raw_pipeline' retrieved from /opt/airflow/dags/tmdb_daily_dag.py
[2026-03-28T21:13:53.464+0000] {logging_mixin.py:188} INFO - [2026-03-28T21:13:53.463+0000] {dag.py:3096} INFO - Sync 1 DAGs
[2026-03-28T21:13:53.472+0000] {logging_mixin.py:188} INFO - [2026-03-28T21:13:53.472+0000] {dag.py:3954} INFO - Setting next_dagrun for tmdb_raw_pipeline to 2026-03-28 00:00:00+00:00, run_after=2026-03-29 00:00:00+00:00
[2026-03-28T21:13:53.477+0000] {processor.py:183} INFO - Processing /opt/airflow/dags/tmdb_daily_dag.py took 0.032 seconds
[2026-03-28T21:14:23.937+0000] {processor.py:161} INFO - Started process (PID=52688) to work on /opt/airflow/dags/tmdb_daily_dag.py
[2026-03-28T21:14:23.938+0000] {processor.py:830} INFO - Processing file /opt/airflow/dags/tmdb_daily_dag.py for tasks to queue
[2026-03-28T21:14:23.938+0000] {logging_mixin.py:188} INFO - [2026-03-28T21:14:23.938+0000] {dagbag.py:545} INFO - Filling up the DagBag from /opt/airflow/dags/tmdb_daily_dag.py
[2026-03-28T21:14:23.944+0000] {processor.py:840} INFO - DAG(s) 'tmdb_raw_pipeline' retrieved from /opt/airflow/dags/tmdb_daily_dag.py
[2026-03-28T21:14:23.954+0000] {logging_mixin.py:188} INFO - [2026-03-28T21:14:23.954+0000] {dag.py:3096} INFO - Sync 1 DAGs
[2026-03-28T21:14:23.962+0000] {logging_mixin.py:188} INFO - [2026-03-28T21:14:23.962+0000] {dag.py:3954} INFO - Setting next_dagrun for tmdb_raw_pipeline to 2026-03-28 00:00:00+00:00, run_after=2026-03-29 00:00:00+00:00
[2026-03-28T21:14:23.969+0000] {processor.py:183} INFO - Processing /opt/airflow/dags/tmdb_daily_dag.py took 0.036 seconds
[2026-03-28T21:14:54.364+0000] {processor.py:161} INFO - Started process (PID=52708) to work on /opt/airflow/dags/tmdb_daily_dag.py
[2026-03-28T21:14:54.365+0000] {processor.py:830} INFO - Processing file /opt/airflow/dags/tmdb_daily_dag.py for tasks to queue
[2026-03-28T21:14:54.365+0000] {logging_mixin.py:188} INFO - [2026-03-28T21:14:54.365+0000] {dagbag.py:545} INFO - Filling up the DagBag from /opt/airflow/dags/tmdb_daily_dag.py
[2026-03-28T21:14:54.371+0000] {processor.py:840} INFO - DAG(s) 'tmdb_raw_pipeline' retrieved from /opt/airflow/dags/tmdb_daily_dag.py
[2026-03-28T21:14:54.381+0000] {logging_mixin.py:188} INFO - [2026-03-28T21:14:54.381+0000] {dag.py:3096} INFO - Sync 1 DAGs
[2026-03-28T21:14:54.389+0000] {logging_mixin.py:188} INFO - [2026-03-28T21:14:54.389+0000] {dag.py:3954} INFO - Setting next_dagrun for tmdb_raw_pipeline to 2026-03-28 00:00:00+00:00, run_after=2026-03-29 00:00:00+00:00
[2026-03-28T21:14:54.395+0000] {processor.py:183} INFO - Processing /opt/airflow/dags/tmdb_daily_dag.py took 0.034 seconds
[2026-03-28T21:15:24.869+0000] {processor.py:161} INFO - Started process (PID=52728) to work on /opt/airflow/dags/tmdb_daily_dag.py
[2026-03-28T21:15:24.871+0000] {processor.py:830} INFO - Processing file /opt/airflow/dags/tmdb_daily_dag.py for tasks to queue
[2026-03-28T21:15:24.871+0000] {logging_mixin.py:188} INFO - [2026-03-28T21:15:24.871+0000] {dagbag.py:545} INFO - Filling up the DagBag from /opt/airflow/dags/tmdb_daily_dag.py
[2026-03-28T21:15:24.876+0000] {processor.py:840} INFO - DAG(s) 'tmdb_raw_pipeline' retrieved from /opt/airflow/dags/tmdb_daily_dag.py
[2026-03-28T21:15:24.886+0000] {logging_mixin.py:188} INFO - [2026-03-28T21:15:24.886+0000] {dag.py:3096} INFO - Sync 1 DAGs
[2026-03-28T21:15:24.895+0000] {logging_mixin.py:188} INFO - [2026-03-28T21:15:24.895+0000] {dag.py:3954} INFO - Setting next_dagrun for tmdb_raw_pipeline to 2026-03-28 00:00:00+00:00, run_after=2026-03-29 00:00:00+00:00
[2026-03-28T21:15:24.901+0000] {processor.py:183} INFO - Processing /opt/airflow/dags/tmdb_daily_dag.py took 0.035 seconds
[2026-03-28T21:15:55.319+0000] {processor.py:161} INFO - Started process (PID=52748) to work on /opt/airflow/dags/tmdb_daily_dag.py
[2026-03-28T21:15:55.320+0000] {processor.py:830} INFO - Processing file /opt/airflow/dags/tmdb_daily_dag.py for tasks to queue
[2026-03-28T21:15:55.320+0000] {logging_mixin.py:188} INFO - [2026-03-28T21:15:55.320+0000] {dagbag.py:545} INFO - Filling up the DagBag from /opt/airflow/dags/tmdb_daily_dag.py
[2026-03-28T21:15:55.326+0000] {processor.py:840} INFO - DAG(s) 'tmdb_raw_pipeline' retrieved from /opt/airflow/dags/tmdb_daily_dag.py
[2026-03-28T21:15:55.336+0000] {logging_mixin.py:188} INFO - [2026-03-28T21:15:55.336+0000] {dag.py:3096} INFO - Sync 1 DAGs
[2026-03-28T21:15:55.344+0000] {logging_mixin.py:188} INFO - [2026-03-28T21:15:55.344+0000] {dag.py:3954} INFO - Setting next_dagrun for tmdb_raw_pipeline to 2026-03-28 00:00:00+00:00, run_after=2026-03-29 00:00:00+00:00
[2026-03-28T21:15:55.349+0000] {processor.py:183} INFO - Processing /opt/airflow/dags/tmdb_daily_dag.py took 0.033 seconds
[2026-03-28T21:16:25.827+0000] {processor.py:161} INFO - Started process (PID=52768) to work on /opt/airflow/dags/tmdb_daily_dag.py
[2026-03-28T21:16:25.828+0000] {processor.py:830} INFO - Processing file /opt/airflow/dags/tmdb_daily_dag.py for tasks to queue
[2026-03-28T21:16:25.828+0000] {logging_mixin.py:188} INFO - [2026-03-28T21:16:25.828+0000] {dagbag.py:545} INFO - Filling up the DagBag from /opt/airflow/dags/tmdb_daily_dag.py
[2026-03-28T21:16:25.835+0000] {processor.py:840} INFO - DAG(s) 'tmdb_raw_pipeline' retrieved from /opt/airflow/dags/tmdb_daily_dag.py
[2026-03-28T21:16:25.845+0000] {logging_mixin.py:188} INFO - [2026-03-28T21:16:25.845+0000] {dag.py:3096} INFO - Sync 1 DAGs
[2026-03-28T21:16:25.853+0000] {logging_mixin.py:188} INFO - [2026-03-28T21:16:25.853+0000] {dag.py:3954} INFO - Setting next_dagrun for tmdb_raw_pipeline to 2026-03-28 00:00:00+00:00, run_after=2026-03-29 00:00:00+00:00
[2026-03-28T21:16:25.859+0000] {processor.py:183} INFO - Processing /opt/airflow/dags/tmdb_daily_dag.py took 0.039 seconds
[2026-03-28T21:16:56.249+0000] {processor.py:161} INFO - Started process (PID=52788) to work on /opt/airflow/dags/tmdb_daily_dag.py
[2026-03-28T21:16:56.250+0000] {processor.py:830} INFO - Processing file /opt/airflow/dags/tmdb_daily_dag.py for tasks to queue
[2026-03-28T21:16:56.251+0000] {logging_mixin.py:188} INFO - [2026-03-28T21:16:56.251+0000] {dagbag.py:545} INFO - Filling up the DagBag from /opt/airflow/dags/tmdb_daily_dag.py
[2026-03-28T21:16:56.256+0000] {processor.py:840} INFO - DAG(s) 'tmdb_raw_pipeline' retrieved from /opt/airflow/dags/tmdb_daily_dag.py
[2026-03-28T21:16:56.265+0000] {logging_mixin.py:188} INFO - [2026-03-28T21:16:56.265+0000] {dag.py:3096} INFO - Sync 1 DAGs
[2026-03-28T21:16:56.272+0000] {logging_mixin.py:188} INFO - [2026-03-28T21:16:56.272+0000] {dag.py:3954} INFO - Setting next_dagrun for tmdb_raw_pipeline to 2026-03-28 00:00:00+00:00, run_after=2026-03-29 00:00:00+00:00
[2026-03-28T21:16:56.278+0000] {processor.py:183} INFO - Processing /opt/airflow/dags/tmdb_daily_dag.py took 0.031 seconds
[2026-03-28T21:17:26.750+0000] {processor.py:161} INFO - Started process (PID=52808) to work on /opt/airflow/dags/tmdb_daily_dag.py
[2026-03-28T21:17:26.751+0000] {processor.py:830} INFO - Processing file /opt/airflow/dags/tmdb_daily_dag.py for tasks to queue
[2026-03-28T21:17:26.752+0000] {logging_mixin.py:188} INFO - [2026-03-28T21:17:26.751+0000] {dagbag.py:545} INFO - Filling up the DagBag from /opt/airflow/dags/tmdb_daily_dag.py
[2026-03-28T21:17:26.759+0000] {processor.py:840} INFO - DAG(s) 'tmdb_raw_pipeline' retrieved from /opt/airflow/dags/tmdb_daily_dag.py
[2026-03-28T21:17:26.768+0000] {logging_mixin.py:188} INFO - [2026-03-28T21:17:26.768+0000] {dag.py:3096} INFO - Sync 1 DAGs
[2026-03-28T21:17:26.776+0000] {logging_mixin.py:188} INFO - [2026-03-28T21:17:26.776+0000] {dag.py:3954} INFO - Setting next_dagrun for tmdb_raw_pipeline to 2026-03-28 00:00:00+00:00, run_after=2026-03-29 00:00:00+00:00
[2026-03-28T21:17:26.782+0000] {processor.py:183} INFO - Processing /opt/airflow/dags/tmdb_daily_dag.py took 0.035 seconds
[2026-03-28T21:17:57.214+0000] {processor.py:161} INFO - Started process (PID=52828) to work on /opt/airflow/dags/tmdb_daily_dag.py
[2026-03-28T21:17:57.215+0000] {processor.py:830} INFO - Processing file /opt/airflow/dags/tmdb_daily_dag.py for tasks to queue
[2026-03-28T21:17:57.215+0000] {logging_mixin.py:188} INFO - [2026-03-28T21:17:57.215+0000] {dagbag.py:545} INFO - Filling up the DagBag from /opt/airflow/dags/tmdb_daily_dag.py
[2026-03-28T21:17:57.221+0000] {processor.py:840} INFO - DAG(s) 'tmdb_raw_pipeline' retrieved from /opt/airflow/dags/tmdb_daily_dag.py
[2026-03-28T21:17:57.231+0000] {logging_mixin.py:188} INFO - [2026-03-28T21:17:57.231+0000] {dag.py:3096} INFO - Sync 1 DAGs
[2026-03-28T21:17:57.239+0000] {logging_mixin.py:188} INFO - [2026-03-28T21:17:57.239+0000] {dag.py:3954} INFO - Setting next_dagrun for tmdb_raw_pipeline to 2026-03-28 00:00:00+00:00, run_after=2026-03-29 00:00:00+00:00
[2026-03-28T21:17:57.245+0000] {processor.py:183} INFO - Processing /opt/airflow/dags/tmdb_daily_dag.py took 0.034 seconds
[2026-03-28T21:18:27.703+0000] {processor.py:161} INFO - Started process (PID=52848) to work on /opt/airflow/dags/tmdb_daily_dag.py
[2026-03-28T21:18:27.705+0000] {processor.py:830} INFO - Processing file /opt/airflow/dags/tmdb_daily_dag.py for tasks to queue
[2026-03-28T21:18:27.705+0000] {logging_mixin.py:188} INFO - [2026-03-28T21:18:27.705+0000] {dagbag.py:545} INFO - Filling up the DagBag from /opt/airflow/dags/tmdb_daily_dag.py
[2026-03-28T21:18:27.711+0000] {processor.py:840} INFO - DAG(s) 'tmdb_raw_pipeline' retrieved from /opt/airflow/dags/tmdb_daily_dag.py
[2026-03-28T21:18:27.720+0000] {logging_mixin.py:188} INFO - [2026-03-28T21:18:27.720+0000] {dag.py:3096} INFO - Sync 1 DAGs
[2026-03-28T21:18:27.729+0000] {logging_mixin.py:188} INFO - [2026-03-28T21:18:27.729+0000] {dag.py:3954} INFO - Setting next_dagrun for tmdb_raw_pipeline to 2026-03-28 00:00:00+00:00, run_after=2026-03-29 00:00:00+00:00
[2026-03-28T21:18:27.735+0000] {processor.py:183} INFO - Processing /opt/airflow/dags/tmdb_daily_dag.py took 0.034 seconds
[2026-03-28T21:18:58.294+0000] {processor.py:161} INFO - Started process (PID=52868) to work on /opt/airflow/dags/tmdb_daily_dag.py
[2026-03-28T21:18:58.295+0000] {processor.py:830} INFO - Processing file /opt/airflow/dags/tmdb_daily_dag.py for tasks to queue
[2026-03-28T21:18:58.296+0000] {logging_mixin.py:188} INFO - [2026-03-28T21:18:58.295+0000] {dagbag.py:545} INFO - Filling up the DagBag from /opt/airflow/dags/tmdb_daily_dag.py
[2026-03-28T21:18:58.306+0000] {processor.py:840} INFO - DAG(s) 'tmdb_raw_pipeline' retrieved from /opt/airflow/dags/tmdb_daily_dag.py
[2026-03-28T21:18:58.326+0000] {logging_mixin.py:188} INFO - [2026-03-28T21:18:58.326+0000] {dag.py:3096} INFO - Sync 1 DAGs
[2026-03-28T21:18:58.344+0000] {logging_mixin.py:188} INFO - [2026-03-28T21:18:58.343+0000] {dag.py:3954} INFO - Setting next_dagrun for tmdb_raw_pipeline to 2026-03-28 00:00:00+00:00, run_after=2026-03-29 00:00:00+00:00
[2026-03-28T21:18:58.354+0000] {processor.py:183} INFO - Processing /opt/airflow/dags/tmdb_daily_dag.py took 0.066 seconds
[2026-03-28T21:19:28.807+0000] {processor.py:161} INFO - Started process (PID=52888) to work on /opt/airflow/dags/tmdb_daily_dag.py
[2026-03-28T21:19:28.808+0000] {processor.py:830} INFO - Processing file /opt/airflow/dags/tmdb_daily_dag.py for tasks to queue
[2026-03-28T21:19:28.808+0000] {logging_mixin.py:188} INFO - [2026-03-28T21:19:28.808+0000] {dagbag.py:545} INFO - Filling up the DagBag from /opt/airflow/dags/tmdb_daily_dag.py
[2026-03-28T21:19:28.814+0000] {processor.py:840} INFO - DAG(s) 'tmdb_raw_pipeline' retrieved from /opt/airflow/dags/tmdb_daily_dag.py
[2026-03-28T21:19:28.823+0000] {logging_mixin.py:188} INFO - [2026-03-28T21:19:28.823+0000] {dag.py:3096} INFO - Sync 1 DAGs
[2026-03-28T21:19:28.831+0000] {logging_mixin.py:188} INFO - [2026-03-28T21:19:28.831+0000] {dag.py:3954} INFO - Setting next_dagrun for tmdb_raw_pipeline to 2026-03-28 00:00:00+00:00, run_after=2026-03-29 00:00:00+00:00
[2026-03-28T21:19:28.837+0000] {processor.py:183} INFO - Processing /opt/airflow/dags/tmdb_daily_dag.py took 0.033 seconds
[2026-03-28T21:19:59.317+0000] {processor.py:161} INFO - Started process (PID=52908) to work on /opt/airflow/dags/tmdb_daily_dag.py
[2026-03-28T21:19:59.319+0000] {processor.py:830} INFO - Processing file /opt/airflow/dags/tmdb_daily_dag.py for tasks to queue
[2026-03-28T21:19:59.319+0000] {logging_mixin.py:188} INFO - [2026-03-28T21:19:59.319+0000] {dagbag.py:545} INFO - Filling up the DagBag from /opt/airflow/dags/tmdb_daily_dag.py
[2026-03-28T21:19:59.325+0000] {processor.py:840} INFO - DAG(s) 'tmdb_raw_pipeline' retrieved from /opt/airflow/dags/tmdb_daily_dag.py
[2026-03-28T21:19:59.334+0000] {logging_mixin.py:188} INFO - [2026-03-28T21:19:59.334+0000] {dag.py:3096} INFO - Sync 1 DAGs
[2026-03-28T21:19:59.341+0000] {logging_mixin.py:188} INFO - [2026-03-28T21:19:59.341+0000] {dag.py:3954} INFO - Setting next_dagrun for tmdb_raw_pipeline to 2026-03-28 00:00:00+00:00, run_after=2026-03-29 00:00:00+00:00
[2026-03-28T21:19:59.347+0000] {processor.py:183} INFO - Processing /opt/airflow/dags/tmdb_daily_dag.py took 0.032 seconds
[2026-03-28T21:20:29.840+0000] {processor.py:161} INFO - Started process (PID=52928) to work on /opt/airflow/dags/tmdb_daily_dag.py
[2026-03-28T21:20:29.841+0000] {processor.py:830} INFO - Processing file /opt/airflow/dags/tmdb_daily_dag.py for tasks to queue
[2026-03-28T21:20:29.842+0000] {logging_mixin.py:188} INFO - [2026-03-28T21:20:29.842+0000] {dagbag.py:545} INFO - Filling up the DagBag from /opt/airflow/dags/tmdb_daily_dag.py
[2026-03-28T21:20:29.847+0000] {processor.py:840} INFO - DAG(s) 'tmdb_raw_pipeline' retrieved from /opt/airflow/dags/tmdb_daily_dag.py
[2026-03-28T21:20:29.857+0000] {logging_mixin.py:188} INFO - [2026-03-28T21:20:29.857+0000] {dag.py:3096} INFO - Sync 1 DAGs
[2026-03-28T21:20:29.865+0000] {logging_mixin.py:188} INFO - [2026-03-28T21:20:29.865+0000] {dag.py:3954} INFO - Setting next_dagrun for tmdb_raw_pipeline to 2026-03-28 00:00:00+00:00, run_after=2026-03-29 00:00:00+00:00
[2026-03-28T21:20:29.872+0000] {processor.py:183} INFO - Processing /opt/airflow/dags/tmdb_daily_dag.py took 0.034 seconds
[2026-03-28T21:21:00.324+0000] {processor.py:161} INFO - Started process (PID=52948) to work on /opt/airflow/dags/tmdb_daily_dag.py
[2026-03-28T21:21:00.325+0000] {processor.py:830} INFO - Processing file /opt/airflow/dags/tmdb_daily_dag.py for tasks to queue
[2026-03-28T21:21:00.325+0000] {logging_mixin.py:188} INFO - [2026-03-28T21:21:00.325+0000] {dagbag.py:545} INFO - Filling up the DagBag from /opt/airflow/dags/tmdb_daily_dag.py
[2026-03-28T21:21:00.332+0000] {processor.py:840} INFO - DAG(s) 'tmdb_raw_pipeline' retrieved from /opt/airflow/dags/tmdb_daily_dag.py
[2026-03-28T21:21:00.342+0000] {logging_mixin.py:188} INFO - [2026-03-28T21:21:00.342+0000] {dag.py:3096} INFO - Sync 1 DAGs
[2026-03-28T21:21:00.350+0000] {logging_mixin.py:188} INFO - [2026-03-28T21:21:00.350+0000] {dag.py:3954} INFO - Setting next_dagrun for tmdb_raw_pipeline to 2026-03-28 00:00:00+00:00, run_after=2026-03-29 00:00:00+00:00
[2026-03-28T21:21:00.356+0000] {processor.py:183} INFO - Processing /opt/airflow/dags/tmdb_daily_dag.py took 0.037 seconds
[2026-03-28T21:21:30.853+0000] {processor.py:161} INFO - Started process (PID=52968) to work on /opt/airflow/dags/tmdb_daily_dag.py
[2026-03-28T21:21:30.854+0000] {processor.py:830} INFO - Processing file /opt/airflow/dags/tmdb_daily_dag.py for tasks to queue
[2026-03-28T21:21:30.854+0000] {logging_mixin.py:188} INFO - [2026-03-28T21:21:30.854+0000] {dagbag.py:545} INFO - Filling up the DagBag from /opt/airflow/dags/tmdb_daily_dag.py
[2026-03-28T21:21:30.860+0000] {processor.py:840} INFO - DAG(s) 'tmdb_raw_pipeline' retrieved from /opt/airflow/dags/tmdb_daily_dag.py
[2026-03-28T21:21:30.871+0000] {logging_mixin.py:188} INFO - [2026-03-28T21:21:30.870+0000] {dag.py:3096} INFO - Sync 1 DAGs
[2026-03-28T21:21:30.879+0000] {logging_mixin.py:188} INFO - [2026-03-28T21:21:30.879+0000] {dag.py:3954} INFO - Setting next_dagrun for tmdb_raw_pipeline to 2026-03-28 00:00:00+00:00, run_after=2026-03-29 00:00:00+00:00
[2026-03-28T21:21:30.886+0000] {processor.py:183} INFO - Processing /opt/airflow/dags/tmdb_daily_dag.py took 0.036 seconds
[2026-03-28T21:22:01.372+0000] {processor.py:161} INFO - Started process (PID=52988) to work on /opt/airflow/dags/tmdb_daily_dag.py
[2026-03-28T21:22:01.373+0000] {processor.py:830} INFO - Processing file /opt/airflow/dags/tmdb_daily_dag.py for tasks to queue
[2026-03-28T21:22:01.373+0000] {logging_mixin.py:188} INFO - [2026-03-28T21:22:01.373+0000] {dagbag.py:545} INFO - Filling up the DagBag from /opt/airflow/dags/tmdb_daily_dag.py
[2026-03-28T21:22:01.379+0000] {processor.py:840} INFO - DAG(s) 'tmdb_raw_pipeline' retrieved from /opt/airflow/dags/tmdb_daily_dag.py
[2026-03-28T21:22:01.389+0000] {logging_mixin.py:188} INFO - [2026-03-28T21:22:01.389+0000] {dag.py:3096} INFO - Sync 1 DAGs
[2026-03-28T21:22:01.398+0000] {logging_mixin.py:188} INFO - [2026-03-28T21:22:01.398+0000] {dag.py:3954} INFO - Setting next_dagrun for tmdb_raw_pipeline to 2026-03-28 00:00:00+00:00, run_after=2026-03-29 00:00:00+00:00
[2026-03-28T21:22:01.404+0000] {processor.py:183} INFO - Processing /opt/airflow/dags/tmdb_daily_dag.py took 0.035 seconds
[2026-03-28T21:22:31.887+0000] {processor.py:161} INFO - Started process (PID=53008) to work on /opt/airflow/dags/tmdb_daily_dag.py
[2026-03-28T21:22:31.888+0000] {processor.py:830} INFO - Processing file /opt/airflow/dags/tmdb_daily_dag.py for tasks to queue
[2026-03-28T21:22:31.888+0000] {logging_mixin.py:188} INFO - [2026-03-28T21:22:31.888+0000] {dagbag.py:545} INFO - Filling up the DagBag from /opt/airflow/dags/tmdb_daily_dag.py
[2026-03-28T21:22:31.896+0000] {processor.py:840} INFO - DAG(s) 'tmdb_raw_pipeline' retrieved from /opt/airflow/dags/tmdb_daily_dag.py
[2026-03-28T21:22:31.908+0000] {logging_mixin.py:188} INFO - [2026-03-28T21:22:31.907+0000] {dag.py:3096} INFO - Sync 1 DAGs
[2026-03-28T21:22:31.917+0000] {logging_mixin.py:188} INFO - [2026-03-28T21:22:31.917+0000] {dag.py:3954} INFO - Setting next_dagrun for tmdb_raw_pipeline to 2026-03-28 00:00:00+00:00, run_after=2026-03-29 00:00:00+00:00
[2026-03-28T21:22:31.922+0000] {processor.py:183} INFO - Processing /opt/airflow/dags/tmdb_daily_dag.py took 0.038 seconds
[2026-03-28T21:23:02.382+0000] {processor.py:161} INFO - Started process (PID=53028) to work on /opt/airflow/dags/tmdb_daily_dag.py
[2026-03-28T21:23:02.383+0000] {processor.py:830} INFO - Processing file /opt/airflow/dags/tmdb_daily_dag.py for tasks to queue
[2026-03-28T21:23:02.383+0000] {logging_mixin.py:188} INFO - [2026-03-28T21:23:02.383+0000] {dagbag.py:545} INFO - Filling up the DagBag from /opt/airflow/dags/tmdb_daily_dag.py
[2026-03-28T21:23:02.389+0000] {processor.py:840} INFO - DAG(s) 'tmdb_raw_pipeline' retrieved from /opt/airflow/dags/tmdb_daily_dag.py
[2026-03-28T21:23:02.399+0000] {logging_mixin.py:188} INFO - [2026-03-28T21:23:02.399+0000] {dag.py:3096} INFO - Sync 1 DAGs
[2026-03-28T21:23:02.408+0000] {logging_mixin.py:188} INFO - [2026-03-28T21:23:02.407+0000] {dag.py:3954} INFO - Setting next_dagrun for tmdb_raw_pipeline to 2026-03-28 00:00:00+00:00, run_after=2026-03-29 00:00:00+00:00
[2026-03-28T21:23:02.414+0000] {processor.py:183} INFO - Processing /opt/airflow/dags/tmdb_daily_dag.py took 0.034 seconds
[2026-03-28T21:23:32.884+0000] {processor.py:161} INFO - Started process (PID=53048) to work on /opt/airflow/dags/tmdb_daily_dag.py
[2026-03-28T21:23:32.885+0000] {processor.py:830} INFO - Processing file /opt/airflow/dags/tmdb_daily_dag.py for tasks to queue
[2026-03-28T21:23:32.886+0000] {logging_mixin.py:188} INFO - [2026-03-28T21:23:32.886+0000] {dagbag.py:545} INFO - Filling up the DagBag from /opt/airflow/dags/tmdb_daily_dag.py
[2026-03-28T21:23:32.892+0000] {processor.py:840} INFO - DAG(s) 'tmdb_raw_pipeline' retrieved from /opt/airflow/dags/tmdb_daily_dag.py
[2026-03-28T21:23:32.903+0000] {logging_mixin.py:188} INFO - [2026-03-28T21:23:32.903+0000] {dag.py:3096} INFO - Sync 1 DAGs
[2026-03-28T21:23:32.913+0000] {logging_mixin.py:188} INFO - [2026-03-28T21:23:32.913+0000] {dag.py:3954} INFO - Setting next_dagrun for tmdb_raw_pipeline to 2026-03-28 00:00:00+00:00, run_after=2026-03-29 00:00:00+00:00
[2026-03-28T21:23:32.921+0000] {processor.py:183} INFO - Processing /opt/airflow/dags/tmdb_daily_dag.py took 0.040 seconds
[2026-03-28T21:24:03.317+0000] {processor.py:161} INFO - Started process (PID=53068) to work on /opt/airflow/dags/tmdb_daily_dag.py
[2026-03-28T21:24:03.318+0000] {processor.py:830} INFO - Processing file /opt/airflow/dags/tmdb_daily_dag.py for tasks to queue
[2026-03-28T21:24:03.318+0000] {logging_mixin.py:188} INFO - [2026-03-28T21:24:03.318+0000] {dagbag.py:545} INFO - Filling up the DagBag from /opt/airflow/dags/tmdb_daily_dag.py
[2026-03-28T21:24:03.323+0000] {processor.py:840} INFO - DAG(s) 'tmdb_raw_pipeline' retrieved from /opt/airflow/dags/tmdb_daily_dag.py
[2026-03-28T21:24:03.333+0000] {logging_mixin.py:188} INFO - [2026-03-28T21:24:03.333+0000] {dag.py:3096} INFO - Sync 1 DAGs
[2026-03-28T21:24:03.340+0000] {logging_mixin.py:188} INFO - [2026-03-28T21:24:03.340+0000] {dag.py:3954} INFO - Setting next_dagrun for tmdb_raw_pipeline to 2026-03-28 00:00:00+00:00, run_after=2026-03-29 00:00:00+00:00
[2026-03-28T21:24:03.346+0000] {processor.py:183} INFO - Processing /opt/airflow/dags/tmdb_daily_dag.py took 0.031 seconds
[2026-03-28T21:24:33.842+0000] {processor.py:161} INFO - Started process (PID=53088) to work on /opt/airflow/dags/tmdb_daily_dag.py
[2026-03-28T21:24:33.843+0000] {processor.py:830} INFO - Processing file /opt/airflow/dags/tmdb_daily_dag.py for tasks to queue
[2026-03-28T21:24:33.844+0000] {logging_mixin.py:188} INFO - [2026-03-28T21:24:33.844+0000] {dagbag.py:545} INFO - Filling up the DagBag from /opt/airflow/dags/tmdb_daily_dag.py
[2026-03-28T21:24:33.850+0000] {processor.py:840} INFO - DAG(s) 'tmdb_raw_pipeline' retrieved from /opt/airflow/dags/tmdb_daily_dag.py
[2026-03-28T21:24:33.862+0000] {logging_mixin.py:188} INFO - [2026-03-28T21:24:33.862+0000] {dag.py:3096} INFO - Sync 1 DAGs
[2026-03-28T21:24:33.870+0000] {logging_mixin.py:188} INFO - [2026-03-28T21:24:33.870+0000] {dag.py:3954} INFO - Setting next_dagrun for tmdb_raw_pipeline to 2026-03-28 00:00:00+00:00, run_after=2026-03-29 00:00:00+00:00
[2026-03-28T21:24:33.877+0000] {processor.py:183} INFO - Processing /opt/airflow/dags/tmdb_daily_dag.py took 0.037 seconds
[2026-03-28T21:25:04.399+0000] {processor.py:161} INFO - Started process (PID=53108) to work on /opt/airflow/dags/tmdb_daily_dag.py
[2026-03-28T21:25:04.400+0000] {processor.py:830} INFO - Processing file /opt/airflow/dags/tmdb_daily_dag.py for tasks to queue
[2026-03-28T21:25:04.400+0000] {logging_mixin.py:188} INFO - [2026-03-28T21:25:04.400+0000] {dagbag.py:545} INFO - Filling up the DagBag from /opt/airflow/dags/tmdb_daily_dag.py
[2026-03-28T21:25:04.408+0000] {processor.py:840} INFO - DAG(s) 'tmdb_raw_pipeline' retrieved from /opt/airflow/dags/tmdb_daily_dag.py
[2026-03-28T21:25:04.420+0000] {logging_mixin.py:188} INFO - [2026-03-28T21:25:04.420+0000] {dag.py:3096} INFO - Sync 1 DAGs
[2026-03-28T21:25:04.437+0000] {logging_mixin.py:188} INFO - [2026-03-28T21:25:04.437+0000] {dag.py:3954} INFO - Setting next_dagrun for tmdb_raw_pipeline to 2026-03-28 00:00:00+00:00, run_after=2026-03-29 00:00:00+00:00
[2026-03-28T21:25:04.445+0000] {processor.py:183} INFO - Processing /opt/airflow/dags/tmdb_daily_dag.py took 0.050 seconds
[2026-03-28T21:25:35.119+0000] {processor.py:161} INFO - Started process (PID=53128) to work on /opt/airflow/dags/tmdb_daily_dag.py
[2026-03-28T21:25:35.121+0000] {processor.py:830} INFO - Processing file /opt/airflow/dags/tmdb_daily_dag.py for tasks to queue
[2026-03-28T21:25:35.121+0000] {logging_mixin.py:188} INFO - [2026-03-28T21:25:35.121+0000] {dagbag.py:545} INFO - Filling up the DagBag from /opt/airflow/dags/tmdb_daily_dag.py
[2026-03-28T21:25:35.128+0000] {processor.py:840} INFO - DAG(s) 'tmdb_raw_pipeline' retrieved from /opt/airflow/dags/tmdb_daily_dag.py
[2026-03-28T21:25:35.142+0000] {logging_mixin.py:188} INFO - [2026-03-28T21:25:35.142+0000] {dag.py:3096} INFO - Sync 1 DAGs
[2026-03-28T21:25:35.152+0000] {logging_mixin.py:188} INFO - [2026-03-28T21:25:35.152+0000] {dag.py:3954} INFO - Setting next_dagrun for tmdb_raw_pipeline to 2026-03-28 00:00:00+00:00, run_after=2026-03-29 00:00:00+00:00
[2026-03-28T21:25:35.159+0000] {processor.py:183} INFO - Processing /opt/airflow/dags/tmdb_daily_dag.py took 0.043 seconds
[2026-03-28T21:26:05.655+0000] {processor.py:161} INFO - Started process (PID=53148) to work on /opt/airflow/dags/tmdb_daily_dag.py
[2026-03-28T21:26:05.656+0000] {processor.py:830} INFO - Processing file /opt/airflow/dags/tmdb_daily_dag.py for tasks to queue
[2026-03-28T21:26:05.656+0000] {logging_mixin.py:188} INFO - [2026-03-28T21:26:05.656+0000] {dagbag.py:545} INFO - Filling up the DagBag from /opt/airflow/dags/tmdb_daily_dag.py
[2026-03-28T21:26:05.662+0000] {processor.py:840} INFO - DAG(s) 'tmdb_raw_pipeline' retrieved from /opt/airflow/dags/tmdb_daily_dag.py
[2026-03-28T21:26:05.671+0000] {logging_mixin.py:188} INFO - [2026-03-28T21:26:05.671+0000] {dag.py:3096} INFO - Sync 1 DAGs
[2026-03-28T21:26:05.680+0000] {logging_mixin.py:188} INFO - [2026-03-28T21:26:05.680+0000] {dag.py:3954} INFO - Setting next_dagrun for tmdb_raw_pipeline to 2026-03-28 00:00:00+00:00, run_after=2026-03-29 00:00:00+00:00
[2026-03-28T21:26:05.685+0000] {processor.py:183} INFO - Processing /opt/airflow/dags/tmdb_daily_dag.py took 0.034 seconds
[2026-03-28T21:26:36.181+0000] {processor.py:161} INFO - Started process (PID=53168) to work on /opt/airflow/dags/tmdb_daily_dag.py
[2026-03-28T21:26:36.182+0000] {processor.py:830} INFO - Processing file /opt/airflow/dags/tmdb_daily_dag.py for tasks to queue
[2026-03-28T21:26:36.183+0000] {logging_mixin.py:188} INFO - [2026-03-28T21:26:36.182+0000] {dagbag.py:545} INFO - Filling up the DagBag from /opt/airflow/dags/tmdb_daily_dag.py
[2026-03-28T21:26:36.189+0000] {processor.py:840} INFO - DAG(s) 'tmdb_raw_pipeline' retrieved from /opt/airflow/dags/tmdb_daily_dag.py
[2026-03-28T21:26:36.199+0000] {logging_mixin.py:188} INFO - [2026-03-28T21:26:36.199+0000] {dag.py:3096} INFO - Sync 1 DAGs
[2026-03-28T21:26:36.207+0000] {logging_mixin.py:188} INFO - [2026-03-28T21:26:36.207+0000] {dag.py:3954} INFO - Setting next_dagrun for tmdb_raw_pipeline to 2026-03-28 00:00:00+00:00, run_after=2026-03-29 00:00:00+00:00
[2026-03-28T21:26:36.213+0000] {processor.py:183} INFO - Processing /opt/airflow/dags/tmdb_daily_dag.py took 0.034 seconds
[2026-03-28T21:27:06.641+0000] {processor.py:161} INFO - Started process (PID=53188) to work on /opt/airflow/dags/tmdb_daily_dag.py
[2026-03-28T21:27:06.642+0000] {processor.py:830} INFO - Processing file /opt/airflow/dags/tmdb_daily_dag.py for tasks to queue
[2026-03-28T21:27:06.643+0000] {logging_mixin.py:188} INFO - [2026-03-28T21:27:06.643+0000] {dagbag.py:545} INFO - Filling up the DagBag from /opt/airflow/dags/tmdb_daily_dag.py
[2026-03-28T21:27:06.648+0000] {processor.py:840} INFO - DAG(s) 'tmdb_raw_pipeline' retrieved from /opt/airflow/dags/tmdb_daily_dag.py
[2026-03-28T21:27:06.660+0000] {logging_mixin.py:188} INFO - [2026-03-28T21:27:06.660+0000] {dag.py:3096} INFO - Sync 1 DAGs
[2026-03-28T21:27:06.668+0000] {logging_mixin.py:188} INFO - [2026-03-28T21:27:06.668+0000] {dag.py:3954} INFO - Setting next_dagrun for tmdb_raw_pipeline to 2026-03-28 00:00:00+00:00, run_after=2026-03-29 00:00:00+00:00
[2026-03-28T21:27:06.674+0000] {processor.py:183} INFO - Processing /opt/airflow/dags/tmdb_daily_dag.py took 0.035 seconds
[2026-03-28T21:27:37.127+0000] {processor.py:161} INFO - Started process (PID=53208) to work on /opt/airflow/dags/tmdb_daily_dag.py
[2026-03-28T21:27:37.128+0000] {processor.py:830} INFO - Processing file /opt/airflow/dags/tmdb_daily_dag.py for tasks to queue
[2026-03-28T21:27:37.129+0000] {logging_mixin.py:188} INFO - [2026-03-28T21:27:37.128+0000] {dagbag.py:545} INFO - Filling up the DagBag from /opt/airflow/dags/tmdb_daily_dag.py
[2026-03-28T21:27:37.134+0000] {processor.py:840} INFO - DAG(s) 'tmdb_raw_pipeline' retrieved from /opt/airflow/dags/tmdb_daily_dag.py
[2026-03-28T21:27:37.147+0000] {logging_mixin.py:188} INFO - [2026-03-28T21:27:37.146+0000] {dag.py:3096} INFO - Sync 1 DAGs
[2026-03-28T21:27:37.154+0000] {logging_mixin.py:188} INFO - [2026-03-28T21:27:37.154+0000] {dag.py:3954} INFO - Setting next_dagrun for tmdb_raw_pipeline to 2026-03-28 00:00:00+00:00, run_after=2026-03-29 00:00:00+00:00
[2026-03-28T21:27:37.161+0000] {processor.py:183} INFO - Processing /opt/airflow/dags/tmdb_daily_dag.py took 0.038 seconds
[2026-03-28T21:28:07.653+0000] {processor.py:161} INFO - Started process (PID=53228) to work on /opt/airflow/dags/tmdb_daily_dag.py
[2026-03-28T21:28:07.654+0000] {processor.py:830} INFO - Processing file /opt/airflow/dags/tmdb_daily_dag.py for tasks to queue
[2026-03-28T21:28:07.655+0000] {logging_mixin.py:188} INFO - [2026-03-28T21:28:07.655+0000] {dagbag.py:545} INFO - Filling up the DagBag from /opt/airflow/dags/tmdb_daily_dag.py
[2026-03-28T21:28:07.663+0000] {processor.py:840} INFO - DAG(s) 'tmdb_raw_pipeline' retrieved from /opt/airflow/dags/tmdb_daily_dag.py
[2026-03-28T21:28:07.673+0000] {logging_mixin.py:188} INFO - [2026-03-28T21:28:07.673+0000] {dag.py:3096} INFO - Sync 1 DAGs
[2026-03-28T21:28:07.682+0000] {logging_mixin.py:188} INFO - [2026-03-28T21:28:07.682+0000] {dag.py:3954} INFO - Setting next_dagrun for tmdb_raw_pipeline to 2026-03-28 00:00:00+00:00, run_after=2026-03-29 00:00:00+00:00
[2026-03-28T21:28:07.687+0000] {processor.py:183} INFO - Processing /opt/airflow/dags/tmdb_daily_dag.py took 0.039 seconds
[2026-03-28T21:28:38.203+0000] {processor.py:161} INFO - Started process (PID=53248) to work on /opt/airflow/dags/tmdb_daily_dag.py
[2026-03-28T21:28:38.204+0000] {processor.py:830} INFO - Processing file /opt/airflow/dags/tmdb_daily_dag.py for tasks to queue
[2026-03-28T21:28:38.205+0000] {logging_mixin.py:188} INFO - [2026-03-28T21:28:38.204+0000] {dagbag.py:545} INFO - Filling up the DagBag from /opt/airflow/dags/tmdb_daily_dag.py
[2026-03-28T21:28:38.212+0000] {processor.py:840} INFO - DAG(s) 'tmdb_raw_pipeline' retrieved from /opt/airflow/dags/tmdb_daily_dag.py
[2026-03-28T21:28:38.223+0000] {logging_mixin.py:188} INFO - [2026-03-28T21:28:38.223+0000] {dag.py:3096} INFO - Sync 1 DAGs
[2026-03-28T21:28:38.231+0000] {logging_mixin.py:188} INFO - [2026-03-28T21:28:38.231+0000] {dag.py:3954} INFO - Setting next_dagrun for tmdb_raw_pipeline to 2026-03-28 00:00:00+00:00, run_after=2026-03-29 00:00:00+00:00
[2026-03-28T21:28:38.237+0000] {processor.py:183} INFO - Processing /opt/airflow/dags/tmdb_daily_dag.py took 0.038 seconds
[2026-03-28T21:29:08.650+0000] {processor.py:161} INFO - Started process (PID=53268) to work on /opt/airflow/dags/tmdb_daily_dag.py
[2026-03-28T21:29:08.651+0000] {processor.py:830} INFO - Processing file /opt/airflow/dags/tmdb_daily_dag.py for tasks to queue
[2026-03-28T21:29:08.651+0000] {logging_mixin.py:188} INFO - [2026-03-28T21:29:08.651+0000] {dagbag.py:545} INFO - Filling up the DagBag from /opt/airflow/dags/tmdb_daily_dag.py
[2026-03-28T21:29:08.657+0000] {processor.py:840} INFO - DAG(s) 'tmdb_raw_pipeline' retrieved from /opt/airflow/dags/tmdb_daily_dag.py
[2026-03-28T21:29:08.667+0000] {logging_mixin.py:188} INFO - [2026-03-28T21:29:08.667+0000] {dag.py:3096} INFO - Sync 1 DAGs
[2026-03-28T21:29:08.674+0000] {logging_mixin.py:188} INFO - [2026-03-28T21:29:08.674+0000] {dag.py:3954} INFO - Setting next_dagrun for tmdb_raw_pipeline to 2026-03-28 00:00:00+00:00, run_after=2026-03-29 00:00:00+00:00
[2026-03-28T21:29:08.681+0000] {processor.py:183} INFO - Processing /opt/airflow/dags/tmdb_daily_dag.py took 0.034 seconds
[2026-03-28T21:29:39.135+0000] {processor.py:161} INFO - Started process (PID=53288) to work on /opt/airflow/dags/tmdb_daily_dag.py
[2026-03-28T21:29:39.136+0000] {processor.py:830} INFO - Processing file /opt/airflow/dags/tmdb_daily_dag.py for tasks to queue
[2026-03-28T21:29:39.137+0000] {logging_mixin.py:188} INFO - [2026-03-28T21:29:39.137+0000] {dagbag.py:545} INFO - Filling up the DagBag from /opt/airflow/dags/tmdb_daily_dag.py
[2026-03-28T21:29:39.144+0000] {processor.py:840} INFO - DAG(s) 'tmdb_raw_pipeline' retrieved from /opt/airflow/dags/tmdb_daily_dag.py
[2026-03-28T21:29:39.153+0000] {logging_mixin.py:188} INFO - [2026-03-28T21:29:39.153+0000] {dag.py:3096} INFO - Sync 1 DAGs
[2026-03-28T21:29:39.161+0000] {logging_mixin.py:188} INFO - [2026-03-28T21:29:39.161+0000] {dag.py:3954} INFO - Setting next_dagrun for tmdb_raw_pipeline to 2026-03-28 00:00:00+00:00, run_after=2026-03-29 00:00:00+00:00
[2026-03-28T21:29:39.167+0000] {processor.py:183} INFO - Processing /opt/airflow/dags/tmdb_daily_dag.py took 0.035 seconds
[2026-03-28T21:30:09.594+0000] {processor.py:161} INFO - Started process (PID=53308) to work on /opt/airflow/dags/tmdb_daily_dag.py
[2026-03-28T21:30:09.595+0000] {processor.py:830} INFO - Processing file /opt/airflow/dags/tmdb_daily_dag.py for tasks to queue
[2026-03-28T21:30:09.596+0000] {logging_mixin.py:188} INFO - [2026-03-28T21:30:09.596+0000] {dagbag.py:545} INFO - Filling up the DagBag from /opt/airflow/dags/tmdb_daily_dag.py
[2026-03-28T21:30:09.601+0000] {processor.py:840} INFO - DAG(s) 'tmdb_raw_pipeline' retrieved from /opt/airflow/dags/tmdb_daily_dag.py
[2026-03-28T21:30:09.610+0000] {logging_mixin.py:188} INFO - [2026-03-28T21:30:09.610+0000] {dag.py:3096} INFO - Sync 1 DAGs
[2026-03-28T21:30:09.618+0000] {logging_mixin.py:188} INFO - [2026-03-28T21:30:09.618+0000] {dag.py:3954} INFO - Setting next_dagrun for tmdb_raw_pipeline to 2026-03-28 00:00:00+00:00, run_after=2026-03-29 00:00:00+00:00
[2026-03-28T21:30:09.624+0000] {processor.py:183} INFO - Processing /opt/airflow/dags/tmdb_daily_dag.py took 0.032 seconds
[2026-03-28T21:30:40.130+0000] {processor.py:161} INFO - Started process (PID=53328) to work on /opt/airflow/dags/tmdb_daily_dag.py
[2026-03-28T21:30:40.131+0000] {processor.py:830} INFO - Processing file /opt/airflow/dags/tmdb_daily_dag.py for tasks to queue
[2026-03-28T21:30:40.131+0000] {logging_mixin.py:188} INFO - [2026-03-28T21:30:40.131+0000] {dagbag.py:545} INFO - Filling up the DagBag from /opt/airflow/dags/tmdb_daily_dag.py
[2026-03-28T21:30:40.137+0000] {processor.py:840} INFO - DAG(s) 'tmdb_raw_pipeline' retrieved from /opt/airflow/dags/tmdb_daily_dag.py
[2026-03-28T21:30:40.147+0000] {logging_mixin.py:188} INFO - [2026-03-28T21:30:40.147+0000] {dag.py:3096} INFO - Sync 1 DAGs
[2026-03-28T21:30:40.156+0000] {logging_mixin.py:188} INFO - [2026-03-28T21:30:40.156+0000] {dag.py:3954} INFO - Setting next_dagrun for tmdb_raw_pipeline to 2026-03-28 00:00:00+00:00, run_after=2026-03-29 00:00:00+00:00
[2026-03-28T21:30:40.162+0000] {processor.py:183} INFO - Processing /opt/airflow/dags/tmdb_daily_dag.py took 0.035 seconds
[2026-03-28T21:31:10.570+0000] {processor.py:161} INFO - Started process (PID=53348) to work on /opt/airflow/dags/tmdb_daily_dag.py
[2026-03-28T21:31:10.571+0000] {processor.py:830} INFO - Processing file /opt/airflow/dags/tmdb_daily_dag.py for tasks to queue
[2026-03-28T21:31:10.571+0000] {logging_mixin.py:188} INFO - [2026-03-28T21:31:10.571+0000] {dagbag.py:545} INFO - Filling up the DagBag from /opt/airflow/dags/tmdb_daily_dag.py
[2026-03-28T21:31:10.577+0000] {processor.py:840} INFO - DAG(s) 'tmdb_raw_pipeline' retrieved from /opt/airflow/dags/tmdb_daily_dag.py
[2026-03-28T21:31:10.587+0000] {logging_mixin.py:188} INFO - [2026-03-28T21:31:10.587+0000] {dag.py:3096} INFO - Sync 1 DAGs
[2026-03-28T21:31:10.595+0000] {logging_mixin.py:188} INFO - [2026-03-28T21:31:10.594+0000] {dag.py:3954} INFO - Setting next_dagrun for tmdb_raw_pipeline to 2026-03-28 00:00:00+00:00, run_after=2026-03-29 00:00:00+00:00
[2026-03-28T21:31:10.601+0000] {processor.py:183} INFO - Processing /opt/airflow/dags/tmdb_daily_dag.py took 0.033 seconds
[2026-03-28T21:31:41.055+0000] {processor.py:161} INFO - Started process (PID=53368) to work on /opt/airflow/dags/tmdb_daily_dag.py
[2026-03-28T21:31:41.056+0000] {processor.py:830} INFO - Processing file /opt/airflow/dags/tmdb_daily_dag.py for tasks to queue
[2026-03-28T21:31:41.057+0000] {logging_mixin.py:188} INFO - [2026-03-28T21:31:41.057+0000] {dagbag.py:545} INFO - Filling up the DagBag from /opt/airflow/dags/tmdb_daily_dag.py
[2026-03-28T21:31:41.062+0000] {processor.py:840} INFO - DAG(s) 'tmdb_raw_pipeline' retrieved from /opt/airflow/dags/tmdb_daily_dag.py
[2026-03-28T21:31:41.072+0000] {logging_mixin.py:188} INFO - [2026-03-28T21:31:41.072+0000] {dag.py:3096} INFO - Sync 1 DAGs
[2026-03-28T21:31:41.082+0000] {logging_mixin.py:188} INFO - [2026-03-28T21:31:41.081+0000] {dag.py:3954} INFO - Setting next_dagrun for tmdb_raw_pipeline to 2026-03-28 00:00:00+00:00, run_after=2026-03-29 00:00:00+00:00
[2026-03-28T21:31:41.088+0000] {processor.py:183} INFO - Processing /opt/airflow/dags/tmdb_daily_dag.py took 0.034 seconds
[2026-03-28T21:32:11.620+0000] {processor.py:161} INFO - Started process (PID=53388) to work on /opt/airflow/dags/tmdb_daily_dag.py
[2026-03-28T21:32:11.622+0000] {processor.py:830} INFO - Processing file /opt/airflow/dags/tmdb_daily_dag.py for tasks to queue
[2026-03-28T21:32:11.622+0000] {logging_mixin.py:188} INFO - [2026-03-28T21:32:11.622+0000] {dagbag.py:545} INFO - Filling up the DagBag from /opt/airflow/dags/tmdb_daily_dag.py
[2026-03-28T21:32:11.628+0000] {processor.py:840} INFO - DAG(s) 'tmdb_raw_pipeline' retrieved from /opt/airflow/dags/tmdb_daily_dag.py
[2026-03-28T21:32:11.638+0000] {logging_mixin.py:188} INFO - [2026-03-28T21:32:11.638+0000] {dag.py:3096} INFO - Sync 1 DAGs
[2026-03-28T21:32:11.648+0000] {logging_mixin.py:188} INFO - [2026-03-28T21:32:11.648+0000] {dag.py:3954} INFO - Setting next_dagrun for tmdb_raw_pipeline to 2026-03-28 00:00:00+00:00, run_after=2026-03-29 00:00:00+00:00
[2026-03-28T21:32:11.655+0000] {processor.py:183} INFO - Processing /opt/airflow/dags/tmdb_daily_dag.py took 0.039 seconds
[2026-03-28T21:32:42.082+0000] {processor.py:161} INFO - Started process (PID=53408) to work on /opt/airflow/dags/tmdb_daily_dag.py
[2026-03-28T21:32:42.083+0000] {processor.py:830} INFO - Processing file /opt/airflow/dags/tmdb_daily_dag.py for tasks to queue
[2026-03-28T21:32:42.083+0000] {logging_mixin.py:188} INFO - [2026-03-28T21:32:42.083+0000] {dagbag.py:545} INFO - Filling up the DagBag from /opt/airflow/dags/tmdb_daily_dag.py
[2026-03-28T21:32:42.089+0000] {processor.py:840} INFO - DAG(s) 'tmdb_raw_pipeline' retrieved from /opt/airflow/dags/tmdb_daily_dag.py
[2026-03-28T21:32:42.098+0000] {logging_mixin.py:188} INFO - [2026-03-28T21:32:42.098+0000] {dag.py:3096} INFO - Sync 1 DAGs
[2026-03-28T21:32:42.106+0000] {logging_mixin.py:188} INFO - [2026-03-28T21:32:42.106+0000] {dag.py:3954} INFO - Setting next_dagrun for tmdb_raw_pipeline to 2026-03-28 00:00:00+00:00, run_after=2026-03-29 00:00:00+00:00
[2026-03-28T21:32:42.112+0000] {processor.py:183} INFO - Processing /opt/airflow/dags/tmdb_daily_dag.py took 0.033 seconds
[2026-03-28T21:33:12.605+0000] {processor.py:161} INFO - Started process (PID=53428) to work on /opt/airflow/dags/tmdb_daily_dag.py
[2026-03-28T21:33:12.606+0000] {processor.py:830} INFO - Processing file /opt/airflow/dags/tmdb_daily_dag.py for tasks to queue
[2026-03-28T21:33:12.606+0000] {logging_mixin.py:188} INFO - [2026-03-28T21:33:12.606+0000] {dagbag.py:545} INFO - Filling up the DagBag from /opt/airflow/dags/tmdb_daily_dag.py
[2026-03-28T21:33:12.615+0000] {processor.py:840} INFO - DAG(s) 'tmdb_raw_pipeline' retrieved from /opt/airflow/dags/tmdb_daily_dag.py
[2026-03-28T21:33:12.625+0000] {logging_mixin.py:188} INFO - [2026-03-28T21:33:12.625+0000] {dag.py:3096} INFO - Sync 1 DAGs
[2026-03-28T21:33:12.633+0000] {logging_mixin.py:188} INFO - [2026-03-28T21:33:12.633+0000] {dag.py:3954} INFO - Setting next_dagrun for tmdb_raw_pipeline to 2026-03-28 00:00:00+00:00, run_after=2026-03-29 00:00:00+00:00
[2026-03-28T21:33:12.640+0000] {processor.py:183} INFO - Processing /opt/airflow/dags/tmdb_daily_dag.py took 0.038 seconds
[2026-03-28T21:33:43.173+0000] {processor.py:161} INFO - Started process (PID=53448) to work on /opt/airflow/dags/tmdb_daily_dag.py
[2026-03-28T21:33:43.174+0000] {processor.py:830} INFO - Processing file /opt/airflow/dags/tmdb_daily_dag.py for tasks to queue
[2026-03-28T21:33:43.174+0000] {logging_mixin.py:188} INFO - [2026-03-28T21:33:43.174+0000] {dagbag.py:545} INFO - Filling up the DagBag from /opt/airflow/dags/tmdb_daily_dag.py
[2026-03-28T21:33:43.181+0000] {processor.py:840} INFO - DAG(s) 'tmdb_raw_pipeline' retrieved from /opt/airflow/dags/tmdb_daily_dag.py
[2026-03-28T21:33:43.190+0000] {logging_mixin.py:188} INFO - [2026-03-28T21:33:43.190+0000] {dag.py:3096} INFO - Sync 1 DAGs
[2026-03-28T21:33:43.199+0000] {logging_mixin.py:188} INFO - [2026-03-28T21:33:43.199+0000] {dag.py:3954} INFO - Setting next_dagrun for tmdb_raw_pipeline to 2026-03-28 00:00:00+00:00, run_after=2026-03-29 00:00:00+00:00
[2026-03-28T21:33:43.206+0000] {processor.py:183} INFO - Processing /opt/airflow/dags/tmdb_daily_dag.py took 0.038 seconds
[2026-03-28T21:34:13.686+0000] {processor.py:161} INFO - Started process (PID=53468) to work on /opt/airflow/dags/tmdb_daily_dag.py
[2026-03-28T21:34:13.687+0000] {processor.py:830} INFO - Processing file /opt/airflow/dags/tmdb_daily_dag.py for tasks to queue
[2026-03-28T21:34:13.687+0000] {logging_mixin.py:188} INFO - [2026-03-28T21:34:13.687+0000] {dagbag.py:545} INFO - Filling up the DagBag from /opt/airflow/dags/tmdb_daily_dag.py
[2026-03-28T21:34:13.694+0000] {processor.py:840} INFO - DAG(s) 'tmdb_raw_pipeline' retrieved from /opt/airflow/dags/tmdb_daily_dag.py
[2026-03-28T21:34:13.704+0000] {logging_mixin.py:188} INFO - [2026-03-28T21:34:13.704+0000] {dag.py:3096} INFO - Sync 1 DAGs
[2026-03-28T21:34:13.713+0000] {logging_mixin.py:188} INFO - [2026-03-28T21:34:13.712+0000] {dag.py:3954} INFO - Setting next_dagrun for tmdb_raw_pipeline to 2026-03-28 00:00:00+00:00, run_after=2026-03-29 00:00:00+00:00
[2026-03-28T21:34:13.719+0000] {processor.py:183} INFO - Processing /opt/airflow/dags/tmdb_daily_dag.py took 0.035 seconds
[2026-03-28T21:34:44.202+0000] {processor.py:161} INFO - Started process (PID=53488) to work on /opt/airflow/dags/tmdb_daily_dag.py
[2026-03-28T21:34:44.203+0000] {processor.py:830} INFO - Processing file /opt/airflow/dags/tmdb_daily_dag.py for tasks to queue
[2026-03-28T21:34:44.204+0000] {logging_mixin.py:188} INFO - [2026-03-28T21:34:44.204+0000] {dagbag.py:545} INFO - Filling up the DagBag from /opt/airflow/dags/tmdb_daily_dag.py
[2026-03-28T21:34:44.212+0000] {processor.py:840} INFO - DAG(s) 'tmdb_raw_pipeline' retrieved from /opt/airflow/dags/tmdb_daily_dag.py
[2026-03-28T21:34:44.222+0000] {logging_mixin.py:188} INFO - [2026-03-28T21:34:44.221+0000] {dag.py:3096} INFO - Sync 1 DAGs
[2026-03-28T21:34:44.230+0000] {logging_mixin.py:188} INFO - [2026-03-28T21:34:44.230+0000] {dag.py:3954} INFO - Setting next_dagrun for tmdb_raw_pipeline to 2026-03-28 00:00:00+00:00, run_after=2026-03-29 00:00:00+00:00
[2026-03-28T21:34:44.235+0000] {processor.py:183} INFO - Processing /opt/airflow/dags/tmdb_daily_dag.py took 0.036 seconds
[2026-03-28T21:35:14.748+0000] {processor.py:161} INFO - Started process (PID=53508) to work on /opt/airflow/dags/tmdb_daily_dag.py
[2026-03-28T21:35:14.750+0000] {processor.py:830} INFO - Processing file /opt/airflow/dags/tmdb_daily_dag.py for tasks to queue
[2026-03-28T21:35:14.750+0000] {logging_mixin.py:188} INFO - [2026-03-28T21:35:14.750+0000] {dagbag.py:545} INFO - Filling up the DagBag from /opt/airflow/dags/tmdb_daily_dag.py
[2026-03-28T21:35:14.755+0000] {processor.py:840} INFO - DAG(s) 'tmdb_raw_pipeline' retrieved from /opt/airflow/dags/tmdb_daily_dag.py
[2026-03-28T21:35:14.765+0000] {logging_mixin.py:188} INFO - [2026-03-28T21:35:14.765+0000] {dag.py:3096} INFO - Sync 1 DAGs
[2026-03-28T21:35:14.773+0000] {logging_mixin.py:188} INFO - [2026-03-28T21:35:14.773+0000] {dag.py:3954} INFO - Setting next_dagrun for tmdb_raw_pipeline to 2026-03-28 00:00:00+00:00, run_after=2026-03-29 00:00:00+00:00
[2026-03-28T21:35:14.779+0000] {processor.py:183} INFO - Processing /opt/airflow/dags/tmdb_daily_dag.py took 0.033 seconds
[2026-03-28T21:35:45.250+0000] {processor.py:161} INFO - Started process (PID=53528) to work on /opt/airflow/dags/tmdb_daily_dag.py
[2026-03-28T21:35:45.251+0000] {processor.py:830} INFO - Processing file /opt/airflow/dags/tmdb_daily_dag.py for tasks to queue
[2026-03-28T21:35:45.251+0000] {logging_mixin.py:188} INFO - [2026-03-28T21:35:45.251+0000] {dagbag.py:545} INFO - Filling up the DagBag from /opt/airflow/dags/tmdb_daily_dag.py
[2026-03-28T21:35:45.257+0000] {processor.py:840} INFO - DAG(s) 'tmdb_raw_pipeline' retrieved from /opt/airflow/dags/tmdb_daily_dag.py
[2026-03-28T21:35:45.266+0000] {logging_mixin.py:188} INFO - [2026-03-28T21:35:45.266+0000] {dag.py:3096} INFO - Sync 1 DAGs
[2026-03-28T21:35:45.275+0000] {logging_mixin.py:188} INFO - [2026-03-28T21:35:45.275+0000] {dag.py:3954} INFO - Setting next_dagrun for tmdb_raw_pipeline to 2026-03-28 00:00:00+00:00, run_after=2026-03-29 00:00:00+00:00
[2026-03-28T21:35:45.281+0000] {processor.py:183} INFO - Processing /opt/airflow/dags/tmdb_daily_dag.py took 0.034 seconds
[2026-03-28T21:36:15.805+0000] {processor.py:161} INFO - Started process (PID=53548) to work on /opt/airflow/dags/tmdb_daily_dag.py
[2026-03-28T21:36:15.807+0000] {processor.py:830} INFO - Processing file /opt/airflow/dags/tmdb_daily_dag.py for tasks to queue
[2026-03-28T21:36:15.808+0000] {logging_mixin.py:188} INFO - [2026-03-28T21:36:15.807+0000] {dagbag.py:545} INFO - Filling up the DagBag from /opt/airflow/dags/tmdb_daily_dag.py
[2026-03-28T21:36:15.822+0000] {processor.py:840} INFO - DAG(s) 'tmdb_raw_pipeline' retrieved from /opt/airflow/dags/tmdb_daily_dag.py
[2026-03-28T21:36:15.836+0000] {logging_mixin.py:188} INFO - [2026-03-28T21:36:15.836+0000] {dag.py:3096} INFO - Sync 1 DAGs
[2026-03-28T21:36:15.850+0000] {logging_mixin.py:188} INFO - [2026-03-28T21:36:15.850+0000] {dag.py:3954} INFO - Setting next_dagrun for tmdb_raw_pipeline to 2026-03-28 00:00:00+00:00, run_after=2026-03-29 00:00:00+00:00
[2026-03-28T21:36:15.861+0000] {processor.py:183} INFO - Processing /opt/airflow/dags/tmdb_daily_dag.py took 0.059 seconds
[2026-03-28T21:36:46.322+0000] {processor.py:161} INFO - Started process (PID=53568) to work on /opt/airflow/dags/tmdb_daily_dag.py
[2026-03-28T21:36:46.323+0000] {processor.py:830} INFO - Processing file /opt/airflow/dags/tmdb_daily_dag.py for tasks to queue
[2026-03-28T21:36:46.323+0000] {logging_mixin.py:188} INFO - [2026-03-28T21:36:46.323+0000] {dagbag.py:545} INFO - Filling up the DagBag from /opt/airflow/dags/tmdb_daily_dag.py
[2026-03-28T21:36:46.330+0000] {processor.py:840} INFO - DAG(s) 'tmdb_raw_pipeline' retrieved from /opt/airflow/dags/tmdb_daily_dag.py
[2026-03-28T21:36:46.340+0000] {logging_mixin.py:188} INFO - [2026-03-28T21:36:46.340+0000] {dag.py:3096} INFO - Sync 1 DAGs
[2026-03-28T21:36:46.348+0000] {logging_mixin.py:188} INFO - [2026-03-28T21:36:46.348+0000] {dag.py:3954} INFO - Setting next_dagrun for tmdb_raw_pipeline to 2026-03-28 00:00:00+00:00, run_after=2026-03-29 00:00:00+00:00
[2026-03-28T21:36:46.354+0000] {processor.py:183} INFO - Processing /opt/airflow/dags/tmdb_daily_dag.py took 0.034 seconds
[2026-03-28T21:37:16.865+0000] {processor.py:161} INFO - Started process (PID=53588) to work on /opt/airflow/dags/tmdb_daily_dag.py
[2026-03-28T21:37:16.867+0000] {processor.py:830} INFO - Processing file /opt/airflow/dags/tmdb_daily_dag.py for tasks to queue
[2026-03-28T21:37:16.867+0000] {logging_mixin.py:188} INFO - [2026-03-28T21:37:16.867+0000] {dagbag.py:545} INFO - Filling up the DagBag from /opt/airflow/dags/tmdb_daily_dag.py
[2026-03-28T21:37:16.873+0000] {processor.py:840} INFO - DAG(s) 'tmdb_raw_pipeline' retrieved from /opt/airflow/dags/tmdb_daily_dag.py
[2026-03-28T21:37:16.882+0000] {logging_mixin.py:188} INFO - [2026-03-28T21:37:16.882+0000] {dag.py:3096} INFO - Sync 1 DAGs
[2026-03-28T21:37:16.890+0000] {logging_mixin.py:188} INFO - [2026-03-28T21:37:16.890+0000] {dag.py:3954} INFO - Setting next_dagrun for tmdb_raw_pipeline to 2026-03-28 00:00:00+00:00, run_after=2026-03-29 00:00:00+00:00
[2026-03-28T21:37:16.896+0000] {processor.py:183} INFO - Processing /opt/airflow/dags/tmdb_daily_dag.py took 0.033 seconds
[2026-03-28T21:37:47.412+0000] {processor.py:161} INFO - Started process (PID=53608) to work on /opt/airflow/dags/tmdb_daily_dag.py
[2026-03-28T21:37:47.413+0000] {processor.py:830} INFO - Processing file /opt/airflow/dags/tmdb_daily_dag.py for tasks to queue
[2026-03-28T21:37:47.413+0000] {logging_mixin.py:188} INFO - [2026-03-28T21:37:47.413+0000] {dagbag.py:545} INFO - Filling up the DagBag from /opt/airflow/dags/tmdb_daily_dag.py
[2026-03-28T21:37:47.419+0000] {processor.py:840} INFO - DAG(s) 'tmdb_raw_pipeline' retrieved from /opt/airflow/dags/tmdb_daily_dag.py
[2026-03-28T21:37:47.429+0000] {logging_mixin.py:188} INFO - [2026-03-28T21:37:47.429+0000] {dag.py:3096} INFO - Sync 1 DAGs
[2026-03-28T21:37:47.438+0000] {logging_mixin.py:188} INFO - [2026-03-28T21:37:47.438+0000] {dag.py:3954} INFO - Setting next_dagrun for tmdb_raw_pipeline to 2026-03-28 00:00:00+00:00, run_after=2026-03-29 00:00:00+00:00
[2026-03-28T21:37:47.444+0000] {processor.py:183} INFO - Processing /opt/airflow/dags/tmdb_daily_dag.py took 0.035 seconds
[2026-03-28T21:38:17.932+0000] {processor.py:161} INFO - Started process (PID=53628) to work on /opt/airflow/dags/tmdb_daily_dag.py
[2026-03-28T21:38:17.934+0000] {processor.py:830} INFO - Processing file /opt/airflow/dags/tmdb_daily_dag.py for tasks to queue
[2026-03-28T21:38:17.934+0000] {logging_mixin.py:188} INFO - [2026-03-28T21:38:17.934+0000] {dagbag.py:545} INFO - Filling up the DagBag from /opt/airflow/dags/tmdb_daily_dag.py
[2026-03-28T21:38:17.943+0000] {processor.py:840} INFO - DAG(s) 'tmdb_raw_pipeline' retrieved from /opt/airflow/dags/tmdb_daily_dag.py
[2026-03-28T21:38:17.955+0000] {logging_mixin.py:188} INFO - [2026-03-28T21:38:17.955+0000] {dag.py:3096} INFO - Sync 1 DAGs
[2026-03-28T21:38:17.964+0000] {logging_mixin.py:188} INFO - [2026-03-28T21:38:17.964+0000] {dag.py:3954} INFO - Setting next_dagrun for tmdb_raw_pipeline to 2026-03-28 00:00:00+00:00, run_after=2026-03-29 00:00:00+00:00
[2026-03-28T21:38:17.970+0000] {processor.py:183} INFO - Processing /opt/airflow/dags/tmdb_daily_dag.py took 0.042 seconds
[2026-03-28T21:38:48.435+0000] {processor.py:161} INFO - Started process (PID=53648) to work on /opt/airflow/dags/tmdb_daily_dag.py
[2026-03-28T21:38:48.436+0000] {processor.py:830} INFO - Processing file /opt/airflow/dags/tmdb_daily_dag.py for tasks to queue
[2026-03-28T21:38:48.437+0000] {logging_mixin.py:188} INFO - [2026-03-28T21:38:48.437+0000] {dagbag.py:545} INFO - Filling up the DagBag from /opt/airflow/dags/tmdb_daily_dag.py
[2026-03-28T21:38:48.443+0000] {processor.py:840} INFO - DAG(s) 'tmdb_raw_pipeline' retrieved from /opt/airflow/dags/tmdb_daily_dag.py
[2026-03-28T21:38:48.453+0000] {logging_mixin.py:188} INFO - [2026-03-28T21:38:48.453+0000] {dag.py:3096} INFO - Sync 1 DAGs
[2026-03-28T21:38:48.462+0000] {logging_mixin.py:188} INFO - [2026-03-28T21:38:48.462+0000] {dag.py:3954} INFO - Setting next_dagrun for tmdb_raw_pipeline to 2026-03-28 00:00:00+00:00, run_after=2026-03-29 00:00:00+00:00
[2026-03-28T21:38:48.468+0000] {processor.py:183} INFO - Processing /opt/airflow/dags/tmdb_daily_dag.py took 0.035 seconds
[2026-03-28T21:39:18.962+0000] {processor.py:161} INFO - Started process (PID=53668) to work on /opt/airflow/dags/tmdb_daily_dag.py
[2026-03-28T21:39:18.964+0000] {processor.py:830} INFO - Processing file /opt/airflow/dags/tmdb_daily_dag.py for tasks to queue
[2026-03-28T21:39:18.964+0000] {logging_mixin.py:188} INFO - [2026-03-28T21:39:18.964+0000] {dagbag.py:545} INFO - Filling up the DagBag from /opt/airflow/dags/tmdb_daily_dag.py
[2026-03-28T21:39:18.969+0000] {processor.py:840} INFO - DAG(s) 'tmdb_raw_pipeline' retrieved from /opt/airflow/dags/tmdb_daily_dag.py
[2026-03-28T21:39:18.978+0000] {logging_mixin.py:188} INFO - [2026-03-28T21:39:18.978+0000] {dag.py:3096} INFO - Sync 1 DAGs
[2026-03-28T21:39:18.985+0000] {logging_mixin.py:188} INFO - [2026-03-28T21:39:18.985+0000] {dag.py:3954} INFO - Setting next_dagrun for tmdb_raw_pipeline to 2026-03-28 00:00:00+00:00, run_after=2026-03-29 00:00:00+00:00
[2026-03-28T21:39:18.990+0000] {processor.py:183} INFO - Processing /opt/airflow/dags/tmdb_daily_dag.py took 0.030 seconds
[2026-03-28T21:39:49.453+0000] {processor.py:161} INFO - Started process (PID=53688) to work on /opt/airflow/dags/tmdb_daily_dag.py
[2026-03-28T21:39:49.454+0000] {processor.py:830} INFO - Processing file /opt/airflow/dags/tmdb_daily_dag.py for tasks to queue
[2026-03-28T21:39:49.454+0000] {logging_mixin.py:188} INFO - [2026-03-28T21:39:49.454+0000] {dagbag.py:545} INFO - Filling up the DagBag from /opt/airflow/dags/tmdb_daily_dag.py
[2026-03-28T21:39:49.459+0000] {processor.py:840} INFO - DAG(s) 'tmdb_raw_pipeline' retrieved from /opt/airflow/dags/tmdb_daily_dag.py
[2026-03-28T21:39:49.468+0000] {logging_mixin.py:188} INFO - [2026-03-28T21:39:49.468+0000] {dag.py:3096} INFO - Sync 1 DAGs
[2026-03-28T21:39:49.477+0000] {logging_mixin.py:188} INFO - [2026-03-28T21:39:49.477+0000] {dag.py:3954} INFO - Setting next_dagrun for tmdb_raw_pipeline to 2026-03-28 00:00:00+00:00, run_after=2026-03-29 00:00:00+00:00
[2026-03-28T21:39:49.483+0000] {processor.py:183} INFO - Processing /opt/airflow/dags/tmdb_daily_dag.py took 0.034 seconds
[2026-03-28T21:40:20.237+0000] {processor.py:161} INFO - Started process (PID=53708) to work on /opt/airflow/dags/tmdb_daily_dag.py
[2026-03-28T21:40:20.239+0000] {processor.py:830} INFO - Processing file /opt/airflow/dags/tmdb_daily_dag.py for tasks to queue
[2026-03-28T21:40:20.239+0000] {logging_mixin.py:188} INFO - [2026-03-28T21:40:20.239+0000] {dagbag.py:545} INFO - Filling up the DagBag from /opt/airflow/dags/tmdb_daily_dag.py
[2026-03-28T21:40:20.245+0000] {processor.py:840} INFO - DAG(s) 'tmdb_raw_pipeline' retrieved from /opt/airflow/dags/tmdb_daily_dag.py
[2026-03-28T21:40:20.255+0000] {logging_mixin.py:188} INFO - [2026-03-28T21:40:20.255+0000] {dag.py:3096} INFO - Sync 1 DAGs
[2026-03-28T21:40:20.263+0000] {logging_mixin.py:188} INFO - [2026-03-28T21:40:20.263+0000] {dag.py:3954} INFO - Setting next_dagrun for tmdb_raw_pipeline to 2026-03-28 00:00:00+00:00, run_after=2026-03-29 00:00:00+00:00
[2026-03-28T21:40:20.269+0000] {processor.py:183} INFO - Processing /opt/airflow/dags/tmdb_daily_dag.py took 0.040 seconds
[2026-03-28T21:40:50.777+0000] {processor.py:161} INFO - Started process (PID=53728) to work on /opt/airflow/dags/tmdb_daily_dag.py
[2026-03-28T21:40:50.778+0000] {processor.py:830} INFO - Processing file /opt/airflow/dags/tmdb_daily_dag.py for tasks to queue
[2026-03-28T21:40:50.779+0000] {logging_mixin.py:188} INFO - [2026-03-28T21:40:50.779+0000] {dagbag.py:545} INFO - Filling up the DagBag from /opt/airflow/dags/tmdb_daily_dag.py
[2026-03-28T21:40:50.785+0000] {processor.py:840} INFO - DAG(s) 'tmdb_raw_pipeline' retrieved from /opt/airflow/dags/tmdb_daily_dag.py
[2026-03-28T21:40:50.794+0000] {logging_mixin.py:188} INFO - [2026-03-28T21:40:50.794+0000] {dag.py:3096} INFO - Sync 1 DAGs
[2026-03-28T21:40:50.802+0000] {logging_mixin.py:188} INFO - [2026-03-28T21:40:50.802+0000] {dag.py:3954} INFO - Setting next_dagrun for tmdb_raw_pipeline to 2026-03-28 00:00:00+00:00, run_after=2026-03-29 00:00:00+00:00
[2026-03-28T21:40:50.808+0000] {processor.py:183} INFO - Processing /opt/airflow/dags/tmdb_daily_dag.py took 0.033 seconds
[2026-03-28T21:41:21.384+0000] {processor.py:161} INFO - Started process (PID=53748) to work on /opt/airflow/dags/tmdb_daily_dag.py
[2026-03-28T21:41:21.385+0000] {processor.py:830} INFO - Processing file /opt/airflow/dags/tmdb_daily_dag.py for tasks to queue
[2026-03-28T21:41:21.385+0000] {logging_mixin.py:188} INFO - [2026-03-28T21:41:21.385+0000] {dagbag.py:545} INFO - Filling up the DagBag from /opt/airflow/dags/tmdb_daily_dag.py
[2026-03-28T21:41:21.392+0000] {processor.py:840} INFO - DAG(s) 'tmdb_raw_pipeline' retrieved from /opt/airflow/dags/tmdb_daily_dag.py
[2026-03-28T21:41:21.401+0000] {logging_mixin.py:188} INFO - [2026-03-28T21:41:21.401+0000] {dag.py:3096} INFO - Sync 1 DAGs
[2026-03-28T21:41:21.410+0000] {logging_mixin.py:188} INFO - [2026-03-28T21:41:21.410+0000] {dag.py:3954} INFO - Setting next_dagrun for tmdb_raw_pipeline to 2026-03-28 00:00:00+00:00, run_after=2026-03-29 00:00:00+00:00
[2026-03-28T21:41:21.417+0000] {processor.py:183} INFO - Processing /opt/airflow/dags/tmdb_daily_dag.py took 0.036 seconds
[2026-03-28T21:41:52.019+0000] {processor.py:161} INFO - Started process (PID=53768) to work on /opt/airflow/dags/tmdb_daily_dag.py
[2026-03-28T21:41:52.020+0000] {processor.py:830} INFO - Processing file /opt/airflow/dags/tmdb_daily_dag.py for tasks to queue
[2026-03-28T21:41:52.020+0000] {logging_mixin.py:188} INFO - [2026-03-28T21:41:52.020+0000] {dagbag.py:545} INFO - Filling up the DagBag from /opt/airflow/dags/tmdb_daily_dag.py
[2026-03-28T21:41:52.026+0000] {processor.py:840} INFO - DAG(s) 'tmdb_raw_pipeline' retrieved from /opt/airflow/dags/tmdb_daily_dag.py
[2026-03-28T21:41:52.035+0000] {logging_mixin.py:188} INFO - [2026-03-28T21:41:52.035+0000] {dag.py:3096} INFO - Sync 1 DAGs
[2026-03-28T21:41:52.043+0000] {logging_mixin.py:188} INFO - [2026-03-28T21:41:52.043+0000] {dag.py:3954} INFO - Setting next_dagrun for tmdb_raw_pipeline to 2026-03-28 00:00:00+00:00, run_after=2026-03-29 00:00:00+00:00
[2026-03-28T21:41:52.050+0000] {processor.py:183} INFO - Processing /opt/airflow/dags/tmdb_daily_dag.py took 0.034 seconds
[2026-03-28T21:42:22.579+0000] {processor.py:161} INFO - Started process (PID=53788) to work on /opt/airflow/dags/tmdb_daily_dag.py
[2026-03-28T21:42:22.580+0000] {processor.py:830} INFO - Processing file /opt/airflow/dags/tmdb_daily_dag.py for tasks to queue
[2026-03-28T21:42:22.581+0000] {logging_mixin.py:188} INFO - [2026-03-28T21:42:22.580+0000] {dagbag.py:545} INFO - Filling up the DagBag from /opt/airflow/dags/tmdb_daily_dag.py
[2026-03-28T21:42:22.587+0000] {processor.py:840} INFO - DAG(s) 'tmdb_raw_pipeline' retrieved from /opt/airflow/dags/tmdb_daily_dag.py
[2026-03-28T21:42:22.596+0000] {logging_mixin.py:188} INFO - [2026-03-28T21:42:22.596+0000] {dag.py:3096} INFO - Sync 1 DAGs
[2026-03-28T21:42:22.604+0000] {logging_mixin.py:188} INFO - [2026-03-28T21:42:22.604+0000] {dag.py:3954} INFO - Setting next_dagrun for tmdb_raw_pipeline to 2026-03-28 00:00:00+00:00, run_after=2026-03-29 00:00:00+00:00
[2026-03-28T21:42:22.610+0000] {processor.py:183} INFO - Processing /opt/airflow/dags/tmdb_daily_dag.py took 0.033 seconds
[2026-03-28T21:42:53.141+0000] {processor.py:161} INFO - Started process (PID=53808) to work on /opt/airflow/dags/tmdb_daily_dag.py
[2026-03-28T21:42:53.142+0000] {processor.py:830} INFO - Processing file /opt/airflow/dags/tmdb_daily_dag.py for tasks to queue
[2026-03-28T21:42:53.142+0000] {logging_mixin.py:188} INFO - [2026-03-28T21:42:53.142+0000] {dagbag.py:545} INFO - Filling up the DagBag from /opt/airflow/dags/tmdb_daily_dag.py
[2026-03-28T21:42:53.148+0000] {processor.py:840} INFO - DAG(s) 'tmdb_raw_pipeline' retrieved from /opt/airflow/dags/tmdb_daily_dag.py
[2026-03-28T21:42:53.157+0000] {logging_mixin.py:188} INFO - [2026-03-28T21:42:53.157+0000] {dag.py:3096} INFO - Sync 1 DAGs
[2026-03-28T21:42:53.166+0000] {logging_mixin.py:188} INFO - [2026-03-28T21:42:53.165+0000] {dag.py:3954} INFO - Setting next_dagrun for tmdb_raw_pipeline to 2026-03-28 00:00:00+00:00, run_after=2026-03-29 00:00:00+00:00
[2026-03-28T21:42:53.171+0000] {processor.py:183} INFO - Processing /opt/airflow/dags/tmdb_daily_dag.py took 0.033 seconds
[2026-03-28T21:43:23.828+0000] {processor.py:161} INFO - Started process (PID=53828) to work on /opt/airflow/dags/tmdb_daily_dag.py
[2026-03-28T21:43:23.829+0000] {processor.py:830} INFO - Processing file /opt/airflow/dags/tmdb_daily_dag.py for tasks to queue
[2026-03-28T21:43:23.829+0000] {logging_mixin.py:188} INFO - [2026-03-28T21:43:23.829+0000] {dagbag.py:545} INFO - Filling up the DagBag from /opt/airflow/dags/tmdb_daily_dag.py
[2026-03-28T21:43:23.836+0000] {processor.py:840} INFO - DAG(s) 'tmdb_raw_pipeline' retrieved from /opt/airflow/dags/tmdb_daily_dag.py
[2026-03-28T21:43:23.846+0000] {logging_mixin.py:188} INFO - [2026-03-28T21:43:23.846+0000] {dag.py:3096} INFO - Sync 1 DAGs
[2026-03-28T21:43:23.854+0000] {logging_mixin.py:188} INFO - [2026-03-28T21:43:23.854+0000] {dag.py:3954} INFO - Setting next_dagrun for tmdb_raw_pipeline to 2026-03-28 00:00:00+00:00, run_after=2026-03-29 00:00:00+00:00
[2026-03-28T21:43:23.860+0000] {processor.py:183} INFO - Processing /opt/airflow/dags/tmdb_daily_dag.py took 0.034 seconds
[2026-03-28T21:43:54.269+0000] {processor.py:161} INFO - Started process (PID=53848) to work on /opt/airflow/dags/tmdb_daily_dag.py
[2026-03-28T21:43:54.270+0000] {processor.py:830} INFO - Processing file /opt/airflow/dags/tmdb_daily_dag.py for tasks to queue
[2026-03-28T21:43:54.270+0000] {logging_mixin.py:188} INFO - [2026-03-28T21:43:54.270+0000] {dagbag.py:545} INFO - Filling up the DagBag from /opt/airflow/dags/tmdb_daily_dag.py
[2026-03-28T21:43:54.276+0000] {processor.py:840} INFO - DAG(s) 'tmdb_raw_pipeline' retrieved from /opt/airflow/dags/tmdb_daily_dag.py
[2026-03-28T21:43:54.286+0000] {logging_mixin.py:188} INFO - [2026-03-28T21:43:54.286+0000] {dag.py:3096} INFO - Sync 1 DAGs
[2026-03-28T21:43:54.293+0000] {logging_mixin.py:188} INFO - [2026-03-28T21:43:54.293+0000] {dag.py:3954} INFO - Setting next_dagrun for tmdb_raw_pipeline to 2026-03-28 00:00:00+00:00, run_after=2026-03-29 00:00:00+00:00
[2026-03-28T21:43:54.817+0000] {processor.py:183} INFO - Processing /opt/airflow/dags/tmdb_daily_dag.py took 0.549 seconds
[2026-03-28T21:44:25.403+0000] {processor.py:161} INFO - Started process (PID=53868) to work on /opt/airflow/dags/tmdb_daily_dag.py
[2026-03-28T21:44:25.404+0000] {processor.py:830} INFO - Processing file /opt/airflow/dags/tmdb_daily_dag.py for tasks to queue
[2026-03-28T21:44:25.405+0000] {logging_mixin.py:188} INFO - [2026-03-28T21:44:25.405+0000] {dagbag.py:545} INFO - Filling up the DagBag from /opt/airflow/dags/tmdb_daily_dag.py
[2026-03-28T21:44:25.411+0000] {processor.py:840} INFO - DAG(s) 'tmdb_raw_pipeline' retrieved from /opt/airflow/dags/tmdb_daily_dag.py
[2026-03-28T21:44:25.422+0000] {logging_mixin.py:188} INFO - [2026-03-28T21:44:25.422+0000] {dag.py:3096} INFO - Sync 1 DAGs
[2026-03-28T21:44:25.431+0000] {logging_mixin.py:188} INFO - [2026-03-28T21:44:25.431+0000] {dag.py:3954} INFO - Setting next_dagrun for tmdb_raw_pipeline to 2026-03-28 00:00:00+00:00, run_after=2026-03-29 00:00:00+00:00
[2026-03-28T21:44:25.437+0000] {processor.py:183} INFO - Processing /opt/airflow/dags/tmdb_daily_dag.py took 0.036 seconds
[2026-03-28T21:44:55.955+0000] {processor.py:161} INFO - Started process (PID=53888) to work on /opt/airflow/dags/tmdb_daily_dag.py
[2026-03-28T21:44:55.956+0000] {processor.py:830} INFO - Processing file /opt/airflow/dags/tmdb_daily_dag.py for tasks to queue
[2026-03-28T21:44:55.957+0000] {logging_mixin.py:188} INFO - [2026-03-28T21:44:55.956+0000] {dagbag.py:545} INFO - Filling up the DagBag from /opt/airflow/dags/tmdb_daily_dag.py
[2026-03-28T21:44:55.966+0000] {processor.py:840} INFO - DAG(s) 'tmdb_raw_pipeline' retrieved from /opt/airflow/dags/tmdb_daily_dag.py
[2026-03-28T21:44:55.978+0000] {logging_mixin.py:188} INFO - [2026-03-28T21:44:55.977+0000] {dag.py:3096} INFO - Sync 1 DAGs
[2026-03-28T21:44:55.986+0000] {logging_mixin.py:188} INFO - [2026-03-28T21:44:55.986+0000] {dag.py:3954} INFO - Setting next_dagrun for tmdb_raw_pipeline to 2026-03-28 00:00:00+00:00, run_after=2026-03-29 00:00:00+00:00
[2026-03-28T21:44:55.992+0000] {processor.py:183} INFO - Processing /opt/airflow/dags/tmdb_daily_dag.py took 0.039 seconds
[2026-03-28T21:45:26.518+0000] {processor.py:161} INFO - Started process (PID=53908) to work on /opt/airflow/dags/tmdb_daily_dag.py
[2026-03-28T21:45:26.520+0000] {processor.py:830} INFO - Processing file /opt/airflow/dags/tmdb_daily_dag.py for tasks to queue
[2026-03-28T21:45:26.520+0000] {logging_mixin.py:188} INFO - [2026-03-28T21:45:26.520+0000] {dagbag.py:545} INFO - Filling up the DagBag from /opt/airflow/dags/tmdb_daily_dag.py
[2026-03-28T21:45:26.526+0000] {processor.py:840} INFO - DAG(s) 'tmdb_raw_pipeline' retrieved from /opt/airflow/dags/tmdb_daily_dag.py
[2026-03-28T21:45:26.535+0000] {logging_mixin.py:188} INFO - [2026-03-28T21:45:26.535+0000] {dag.py:3096} INFO - Sync 1 DAGs
[2026-03-28T21:45:26.544+0000] {logging_mixin.py:188} INFO - [2026-03-28T21:45:26.544+0000] {dag.py:3954} INFO - Setting next_dagrun for tmdb_raw_pipeline to 2026-03-28 00:00:00+00:00, run_after=2026-03-29 00:00:00+00:00
[2026-03-28T21:45:26.550+0000] {processor.py:183} INFO - Processing /opt/airflow/dags/tmdb_daily_dag.py took 0.034 seconds
[2026-03-28T21:45:56.974+0000] {processor.py:161} INFO - Started process (PID=53928) to work on /opt/airflow/dags/tmdb_daily_dag.py
[2026-03-28T21:45:56.975+0000] {processor.py:830} INFO - Processing file /opt/airflow/dags/tmdb_daily_dag.py for tasks to queue
[2026-03-28T21:45:56.976+0000] {logging_mixin.py:188} INFO - [2026-03-28T21:45:56.975+0000] {dagbag.py:545} INFO - Filling up the DagBag from /opt/airflow/dags/tmdb_daily_dag.py
[2026-03-28T21:45:56.982+0000] {processor.py:840} INFO - DAG(s) 'tmdb_raw_pipeline' retrieved from /opt/airflow/dags/tmdb_daily_dag.py
[2026-03-28T21:45:56.991+0000] {logging_mixin.py:188} INFO - [2026-03-28T21:45:56.991+0000] {dag.py:3096} INFO - Sync 1 DAGs
[2026-03-28T21:45:56.999+0000] {logging_mixin.py:188} INFO - [2026-03-28T21:45:56.999+0000] {dag.py:3954} INFO - Setting next_dagrun for tmdb_raw_pipeline to 2026-03-28 00:00:00+00:00, run_after=2026-03-29 00:00:00+00:00
[2026-03-28T21:45:57.165+0000] {processor.py:183} INFO - Processing /opt/airflow/dags/tmdb_daily_dag.py took 0.193 seconds
[2026-03-28T21:46:27.716+0000] {processor.py:161} INFO - Started process (PID=53948) to work on /opt/airflow/dags/tmdb_daily_dag.py
[2026-03-28T21:46:27.718+0000] {processor.py:830} INFO - Processing file /opt/airflow/dags/tmdb_daily_dag.py for tasks to queue
[2026-03-28T21:46:27.718+0000] {logging_mixin.py:188} INFO - [2026-03-28T21:46:27.718+0000] {dagbag.py:545} INFO - Filling up the DagBag from /opt/airflow/dags/tmdb_daily_dag.py
[2026-03-28T21:46:27.725+0000] {processor.py:840} INFO - DAG(s) 'tmdb_raw_pipeline' retrieved from /opt/airflow/dags/tmdb_daily_dag.py
[2026-03-28T21:46:27.740+0000] {logging_mixin.py:188} INFO - [2026-03-28T21:46:27.739+0000] {dag.py:3096} INFO - Sync 1 DAGs
[2026-03-28T21:46:27.750+0000] {logging_mixin.py:188} INFO - [2026-03-28T21:46:27.749+0000] {dag.py:3954} INFO - Setting next_dagrun for tmdb_raw_pipeline to 2026-03-28 00:00:00+00:00, run_after=2026-03-29 00:00:00+00:00
[2026-03-28T21:46:27.758+0000] {processor.py:183} INFO - Processing /opt/airflow/dags/tmdb_daily_dag.py took 0.052 seconds
[2026-03-28T21:46:58.198+0000] {processor.py:161} INFO - Started process (PID=53968) to work on /opt/airflow/dags/tmdb_daily_dag.py
[2026-03-28T21:46:58.199+0000] {processor.py:830} INFO - Processing file /opt/airflow/dags/tmdb_daily_dag.py for tasks to queue
[2026-03-28T21:46:58.199+0000] {logging_mixin.py:188} INFO - [2026-03-28T21:46:58.199+0000] {dagbag.py:545} INFO - Filling up the DagBag from /opt/airflow/dags/tmdb_daily_dag.py
[2026-03-28T21:46:58.205+0000] {processor.py:840} INFO - DAG(s) 'tmdb_raw_pipeline' retrieved from /opt/airflow/dags/tmdb_daily_dag.py
[2026-03-28T21:46:58.214+0000] {logging_mixin.py:188} INFO - [2026-03-28T21:46:58.214+0000] {dag.py:3096} INFO - Sync 1 DAGs
[2026-03-28T21:46:58.223+0000] {logging_mixin.py:188} INFO - [2026-03-28T21:46:58.223+0000] {dag.py:3954} INFO - Setting next_dagrun for tmdb_raw_pipeline to 2026-03-28 00:00:00+00:00, run_after=2026-03-29 00:00:00+00:00
[2026-03-28T21:46:58.229+0000] {processor.py:183} INFO - Processing /opt/airflow/dags/tmdb_daily_dag.py took 0.034 seconds
[2026-03-28T21:47:28.807+0000] {processor.py:161} INFO - Started process (PID=53988) to work on /opt/airflow/dags/tmdb_daily_dag.py
[2026-03-28T21:47:28.808+0000] {processor.py:830} INFO - Processing file /opt/airflow/dags/tmdb_daily_dag.py for tasks to queue
[2026-03-28T21:47:28.808+0000] {logging_mixin.py:188} INFO - [2026-03-28T21:47:28.808+0000] {dagbag.py:545} INFO - Filling up the DagBag from /opt/airflow/dags/tmdb_daily_dag.py
[2026-03-28T21:47:28.815+0000] {processor.py:840} INFO - DAG(s) 'tmdb_raw_pipeline' retrieved from /opt/airflow/dags/tmdb_daily_dag.py
[2026-03-28T21:47:28.824+0000] {logging_mixin.py:188} INFO - [2026-03-28T21:47:28.824+0000] {dag.py:3096} INFO - Sync 1 DAGs
[2026-03-28T21:47:28.833+0000] {logging_mixin.py:188} INFO - [2026-03-28T21:47:28.833+0000] {dag.py:3954} INFO - Setting next_dagrun for tmdb_raw_pipeline to 2026-03-28 00:00:00+00:00, run_after=2026-03-29 00:00:00+00:00
[2026-03-28T21:47:28.838+0000] {processor.py:183} INFO - Processing /opt/airflow/dags/tmdb_daily_dag.py took 0.034 seconds
[2026-03-28T21:47:59.256+0000] {processor.py:161} INFO - Started process (PID=54008) to work on /opt/airflow/dags/tmdb_daily_dag.py
[2026-03-28T21:47:59.257+0000] {processor.py:830} INFO - Processing file /opt/airflow/dags/tmdb_daily_dag.py for tasks to queue
[2026-03-28T21:47:59.257+0000] {logging_mixin.py:188} INFO - [2026-03-28T21:47:59.257+0000] {dagbag.py:545} INFO - Filling up the DagBag from /opt/airflow/dags/tmdb_daily_dag.py
[2026-03-28T21:47:59.265+0000] {processor.py:840} INFO - DAG(s) 'tmdb_raw_pipeline' retrieved from /opt/airflow/dags/tmdb_daily_dag.py
[2026-03-28T21:47:59.276+0000] {logging_mixin.py:188} INFO - [2026-03-28T21:47:59.276+0000] {dag.py:3096} INFO - Sync 1 DAGs
[2026-03-28T21:47:59.284+0000] {logging_mixin.py:188} INFO - [2026-03-28T21:47:59.284+0000] {dag.py:3954} INFO - Setting next_dagrun for tmdb_raw_pipeline to 2026-03-28 00:00:00+00:00, run_after=2026-03-29 00:00:00+00:00
[2026-03-28T21:47:59.436+0000] {processor.py:183} INFO - Processing /opt/airflow/dags/tmdb_daily_dag.py took 0.183 seconds
[2026-03-28T21:48:30.047+0000] {processor.py:161} INFO - Started process (PID=54028) to work on /opt/airflow/dags/tmdb_daily_dag.py
[2026-03-28T21:48:30.049+0000] {processor.py:830} INFO - Processing file /opt/airflow/dags/tmdb_daily_dag.py for tasks to queue
[2026-03-28T21:48:30.049+0000] {logging_mixin.py:188} INFO - [2026-03-28T21:48:30.049+0000] {dagbag.py:545} INFO - Filling up the DagBag from /opt/airflow/dags/tmdb_daily_dag.py
[2026-03-28T21:48:30.055+0000] {processor.py:840} INFO - DAG(s) 'tmdb_raw_pipeline' retrieved from /opt/airflow/dags/tmdb_daily_dag.py
[2026-03-28T21:48:30.064+0000] {logging_mixin.py:188} INFO - [2026-03-28T21:48:30.064+0000] {dag.py:3096} INFO - Sync 1 DAGs
[2026-03-28T21:48:30.073+0000] {logging_mixin.py:188} INFO - [2026-03-28T21:48:30.073+0000] {dag.py:3954} INFO - Setting next_dagrun for tmdb_raw_pipeline to 2026-03-28 00:00:00+00:00, run_after=2026-03-29 00:00:00+00:00
[2026-03-28T21:48:30.079+0000] {processor.py:183} INFO - Processing /opt/airflow/dags/tmdb_daily_dag.py took 0.034 seconds
[2026-03-28T21:49:00.604+0000] {processor.py:161} INFO - Started process (PID=54048) to work on /opt/airflow/dags/tmdb_daily_dag.py
[2026-03-28T21:49:00.606+0000] {processor.py:830} INFO - Processing file /opt/airflow/dags/tmdb_daily_dag.py for tasks to queue
[2026-03-28T21:49:00.606+0000] {logging_mixin.py:188} INFO - [2026-03-28T21:49:00.606+0000] {dagbag.py:545} INFO - Filling up the DagBag from /opt/airflow/dags/tmdb_daily_dag.py
[2026-03-28T21:49:00.615+0000] {processor.py:840} INFO - DAG(s) 'tmdb_raw_pipeline' retrieved from /opt/airflow/dags/tmdb_daily_dag.py
[2026-03-28T21:49:00.624+0000] {logging_mixin.py:188} INFO - [2026-03-28T21:49:00.624+0000] {dag.py:3096} INFO - Sync 1 DAGs
[2026-03-28T21:49:00.634+0000] {logging_mixin.py:188} INFO - [2026-03-28T21:49:00.634+0000] {dag.py:3954} INFO - Setting next_dagrun for tmdb_raw_pipeline to 2026-03-28 00:00:00+00:00, run_after=2026-03-29 00:00:00+00:00
[2026-03-28T21:49:00.640+0000] {processor.py:183} INFO - Processing /opt/airflow/dags/tmdb_daily_dag.py took 0.039 seconds
[2026-03-28T21:49:31.174+0000] {processor.py:161} INFO - Started process (PID=54068) to work on /opt/airflow/dags/tmdb_daily_dag.py
[2026-03-28T21:49:31.176+0000] {processor.py:830} INFO - Processing file /opt/airflow/dags/tmdb_daily_dag.py for tasks to queue
[2026-03-28T21:49:31.176+0000] {logging_mixin.py:188} INFO - [2026-03-28T21:49:31.176+0000] {dagbag.py:545} INFO - Filling up the DagBag from /opt/airflow/dags/tmdb_daily_dag.py
[2026-03-28T21:49:31.183+0000] {processor.py:840} INFO - DAG(s) 'tmdb_raw_pipeline' retrieved from /opt/airflow/dags/tmdb_daily_dag.py
[2026-03-28T21:49:31.193+0000] {logging_mixin.py:188} INFO - [2026-03-28T21:49:31.192+0000] {dag.py:3096} INFO - Sync 1 DAGs
[2026-03-28T21:49:31.206+0000] {logging_mixin.py:188} INFO - [2026-03-28T21:49:31.206+0000] {dag.py:3954} INFO - Setting next_dagrun for tmdb_raw_pipeline to 2026-03-28 00:00:00+00:00, run_after=2026-03-29 00:00:00+00:00
[2026-03-28T21:49:31.211+0000] {processor.py:183} INFO - Processing /opt/airflow/dags/tmdb_daily_dag.py took 0.039 seconds
[2026-03-28T21:50:01.735+0000] {processor.py:161} INFO - Started process (PID=54088) to work on /opt/airflow/dags/tmdb_daily_dag.py
[2026-03-28T21:50:01.737+0000] {processor.py:830} INFO - Processing file /opt/airflow/dags/tmdb_daily_dag.py for tasks to queue
[2026-03-28T21:50:01.737+0000] {logging_mixin.py:188} INFO - [2026-03-28T21:50:01.737+0000] {dagbag.py:545} INFO - Filling up the DagBag from /opt/airflow/dags/tmdb_daily_dag.py
[2026-03-28T21:50:01.743+0000] {processor.py:840} INFO - DAG(s) 'tmdb_raw_pipeline' retrieved from /opt/airflow/dags/tmdb_daily_dag.py
[2026-03-28T21:50:01.752+0000] {logging_mixin.py:188} INFO - [2026-03-28T21:50:01.752+0000] {dag.py:3096} INFO - Sync 1 DAGs
[2026-03-28T21:50:01.761+0000] {logging_mixin.py:188} INFO - [2026-03-28T21:50:01.760+0000] {dag.py:3954} INFO - Setting next_dagrun for tmdb_raw_pipeline to 2026-03-28 00:00:00+00:00, run_after=2026-03-29 00:00:00+00:00
[2026-03-28T21:50:01.896+0000] {processor.py:183} INFO - Processing /opt/airflow/dags/tmdb_daily_dag.py took 0.164 seconds
[2026-03-28T21:50:32.511+0000] {processor.py:161} INFO - Started process (PID=54108) to work on /opt/airflow/dags/tmdb_daily_dag.py
[2026-03-28T21:50:32.514+0000] {processor.py:830} INFO - Processing file /opt/airflow/dags/tmdb_daily_dag.py for tasks to queue
[2026-03-28T21:50:32.514+0000] {logging_mixin.py:188} INFO - [2026-03-28T21:50:32.514+0000] {dagbag.py:545} INFO - Filling up the DagBag from /opt/airflow/dags/tmdb_daily_dag.py
[2026-03-28T21:50:32.521+0000] {processor.py:840} INFO - DAG(s) 'tmdb_raw_pipeline' retrieved from /opt/airflow/dags/tmdb_daily_dag.py
[2026-03-28T21:50:32.531+0000] {logging_mixin.py:188} INFO - [2026-03-28T21:50:32.531+0000] {dag.py:3096} INFO - Sync 1 DAGs
[2026-03-28T21:50:32.540+0000] {logging_mixin.py:188} INFO - [2026-03-28T21:50:32.540+0000] {dag.py:3954} INFO - Setting next_dagrun for tmdb_raw_pipeline to 2026-03-28 00:00:00+00:00, run_after=2026-03-29 00:00:00+00:00
[2026-03-28T21:50:32.546+0000] {processor.py:183} INFO - Processing /opt/airflow/dags/tmdb_daily_dag.py took 0.042 seconds
[2026-03-28T21:51:03.111+0000] {processor.py:161} INFO - Started process (PID=54128) to work on /opt/airflow/dags/tmdb_daily_dag.py
[2026-03-28T21:51:03.117+0000] {processor.py:830} INFO - Processing file /opt/airflow/dags/tmdb_daily_dag.py for tasks to queue
[2026-03-28T21:51:03.117+0000] {logging_mixin.py:188} INFO - [2026-03-28T21:51:03.117+0000] {dagbag.py:545} INFO - Filling up the DagBag from /opt/airflow/dags/tmdb_daily_dag.py
[2026-03-28T21:51:03.124+0000] {processor.py:840} INFO - DAG(s) 'tmdb_raw_pipeline' retrieved from /opt/airflow/dags/tmdb_daily_dag.py
[2026-03-28T21:51:03.135+0000] {logging_mixin.py:188} INFO - [2026-03-28T21:51:03.134+0000] {dag.py:3096} INFO - Sync 1 DAGs
[2026-03-28T21:51:03.143+0000] {logging_mixin.py:188} INFO - [2026-03-28T21:51:03.143+0000] {dag.py:3954} INFO - Setting next_dagrun for tmdb_raw_pipeline to 2026-03-28 00:00:00+00:00, run_after=2026-03-29 00:00:00+00:00
[2026-03-28T21:51:03.148+0000] {processor.py:183} INFO - Processing /opt/airflow/dags/tmdb_daily_dag.py took 0.040 seconds
[2026-03-28T21:51:33.752+0000] {processor.py:161} INFO - Started process (PID=54148) to work on /opt/airflow/dags/tmdb_daily_dag.py
[2026-03-28T21:51:33.754+0000] {processor.py:830} INFO - Processing file /opt/airflow/dags/tmdb_daily_dag.py for tasks to queue
[2026-03-28T21:51:33.754+0000] {logging_mixin.py:188} INFO - [2026-03-28T21:51:33.754+0000] {dagbag.py:545} INFO - Filling up the DagBag from /opt/airflow/dags/tmdb_daily_dag.py
[2026-03-28T21:51:33.760+0000] {processor.py:840} INFO - DAG(s) 'tmdb_raw_pipeline' retrieved from /opt/airflow/dags/tmdb_daily_dag.py
[2026-03-28T21:51:33.772+0000] {logging_mixin.py:188} INFO - [2026-03-28T21:51:33.772+0000] {dag.py:3096} INFO - Sync 1 DAGs
[2026-03-28T21:51:33.781+0000] {logging_mixin.py:188} INFO - [2026-03-28T21:51:33.781+0000] {dag.py:3954} INFO - Setting next_dagrun for tmdb_raw_pipeline to 2026-03-28 00:00:00+00:00, run_after=2026-03-29 00:00:00+00:00
[2026-03-28T21:51:33.787+0000] {processor.py:183} INFO - Processing /opt/airflow/dags/tmdb_daily_dag.py took 0.037 seconds
[2026-03-28T21:52:04.265+0000] {processor.py:161} INFO - Started process (PID=54168) to work on /opt/airflow/dags/tmdb_daily_dag.py
[2026-03-28T21:52:04.266+0000] {processor.py:830} INFO - Processing file /opt/airflow/dags/tmdb_daily_dag.py for tasks to queue
[2026-03-28T21:52:04.267+0000] {logging_mixin.py:188} INFO - [2026-03-28T21:52:04.267+0000] {dagbag.py:545} INFO - Filling up the DagBag from /opt/airflow/dags/tmdb_daily_dag.py
[2026-03-28T21:52:04.272+0000] {processor.py:840} INFO - DAG(s) 'tmdb_raw_pipeline' retrieved from /opt/airflow/dags/tmdb_daily_dag.py
[2026-03-28T21:52:04.281+0000] {logging_mixin.py:188} INFO - [2026-03-28T21:52:04.281+0000] {dag.py:3096} INFO - Sync 1 DAGs
[2026-03-28T21:52:04.289+0000] {logging_mixin.py:188} INFO - [2026-03-28T21:52:04.289+0000] {dag.py:3954} INFO - Setting next_dagrun for tmdb_raw_pipeline to 2026-03-28 00:00:00+00:00, run_after=2026-03-29 00:00:00+00:00
[2026-03-28T21:52:04.445+0000] {processor.py:183} INFO - Processing /opt/airflow/dags/tmdb_daily_dag.py took 0.182 seconds
[2026-03-28T21:52:34.998+0000] {processor.py:161} INFO - Started process (PID=54188) to work on /opt/airflow/dags/tmdb_daily_dag.py
[2026-03-28T21:52:34.999+0000] {processor.py:830} INFO - Processing file /opt/airflow/dags/tmdb_daily_dag.py for tasks to queue
[2026-03-28T21:52:34.999+0000] {logging_mixin.py:188} INFO - [2026-03-28T21:52:34.999+0000] {dagbag.py:545} INFO - Filling up the DagBag from /opt/airflow/dags/tmdb_daily_dag.py
[2026-03-28T21:52:35.006+0000] {processor.py:840} INFO - DAG(s) 'tmdb_raw_pipeline' retrieved from /opt/airflow/dags/tmdb_daily_dag.py
[2026-03-28T21:52:35.016+0000] {logging_mixin.py:188} INFO - [2026-03-28T21:52:35.016+0000] {dag.py:3096} INFO - Sync 1 DAGs
[2026-03-28T21:52:35.025+0000] {logging_mixin.py:188} INFO - [2026-03-28T21:52:35.025+0000] {dag.py:3954} INFO - Setting next_dagrun for tmdb_raw_pipeline to 2026-03-28 00:00:00+00:00, run_after=2026-03-29 00:00:00+00:00
[2026-03-28T21:52:35.031+0000] {processor.py:183} INFO - Processing /opt/airflow/dags/tmdb_daily_dag.py took 0.036 seconds
[2026-03-28T21:53:05.564+0000] {processor.py:161} INFO - Started process (PID=54208) to work on /opt/airflow/dags/tmdb_daily_dag.py
[2026-03-28T21:53:05.565+0000] {processor.py:830} INFO - Processing file /opt/airflow/dags/tmdb_daily_dag.py for tasks to queue
[2026-03-28T21:53:05.565+0000] {logging_mixin.py:188} INFO - [2026-03-28T21:53:05.565+0000] {dagbag.py:545} INFO - Filling up the DagBag from /opt/airflow/dags/tmdb_daily_dag.py
[2026-03-28T21:53:05.571+0000] {processor.py:840} INFO - DAG(s) 'tmdb_raw_pipeline' retrieved from /opt/airflow/dags/tmdb_daily_dag.py
[2026-03-28T21:53:05.581+0000] {logging_mixin.py:188} INFO - [2026-03-28T21:53:05.581+0000] {dag.py:3096} INFO - Sync 1 DAGs
[2026-03-28T21:53:05.590+0000] {logging_mixin.py:188} INFO - [2026-03-28T21:53:05.590+0000] {dag.py:3954} INFO - Setting next_dagrun for tmdb_raw_pipeline to 2026-03-28 00:00:00+00:00, run_after=2026-03-29 00:00:00+00:00
[2026-03-28T21:53:05.596+0000] {processor.py:183} INFO - Processing /opt/airflow/dags/tmdb_daily_dag.py took 0.036 seconds
[2026-03-28T21:53:36.155+0000] {processor.py:161} INFO - Started process (PID=54228) to work on /opt/airflow/dags/tmdb_daily_dag.py
[2026-03-28T21:53:36.156+0000] {processor.py:830} INFO - Processing file /opt/airflow/dags/tmdb_daily_dag.py for tasks to queue
[2026-03-28T21:53:36.156+0000] {logging_mixin.py:188} INFO - [2026-03-28T21:53:36.156+0000] {dagbag.py:545} INFO - Filling up the DagBag from /opt/airflow/dags/tmdb_daily_dag.py
[2026-03-28T21:53:36.162+0000] {processor.py:840} INFO - DAG(s) 'tmdb_raw_pipeline' retrieved from /opt/airflow/dags/tmdb_daily_dag.py
[2026-03-28T21:53:36.173+0000] {logging_mixin.py:188} INFO - [2026-03-28T21:53:36.173+0000] {dag.py:3096} INFO - Sync 1 DAGs
[2026-03-28T21:53:36.182+0000] {logging_mixin.py:188} INFO - [2026-03-28T21:53:36.181+0000] {dag.py:3954} INFO - Setting next_dagrun for tmdb_raw_pipeline to 2026-03-28 00:00:00+00:00, run_after=2026-03-29 00:00:00+00:00
[2026-03-28T21:53:36.188+0000] {processor.py:183} INFO - Processing /opt/airflow/dags/tmdb_daily_dag.py took 0.035 seconds
[2026-03-28T21:54:06.759+0000] {processor.py:161} INFO - Started process (PID=54248) to work on /opt/airflow/dags/tmdb_daily_dag.py
[2026-03-28T21:54:06.760+0000] {processor.py:830} INFO - Processing file /opt/airflow/dags/tmdb_daily_dag.py for tasks to queue
[2026-03-28T21:54:06.761+0000] {logging_mixin.py:188} INFO - [2026-03-28T21:54:06.761+0000] {dagbag.py:545} INFO - Filling up the DagBag from /opt/airflow/dags/tmdb_daily_dag.py
[2026-03-28T21:54:06.766+0000] {processor.py:840} INFO - DAG(s) 'tmdb_raw_pipeline' retrieved from /opt/airflow/dags/tmdb_daily_dag.py
[2026-03-28T21:54:06.776+0000] {logging_mixin.py:188} INFO - [2026-03-28T21:54:06.776+0000] {dag.py:3096} INFO - Sync 1 DAGs
[2026-03-28T21:54:06.784+0000] {logging_mixin.py:188} INFO - [2026-03-28T21:54:06.784+0000] {dag.py:3954} INFO - Setting next_dagrun for tmdb_raw_pipeline to 2026-03-28 00:00:00+00:00, run_after=2026-03-29 00:00:00+00:00
[2026-03-28T21:54:06.923+0000] {processor.py:183} INFO - Processing /opt/airflow/dags/tmdb_daily_dag.py took 0.166 seconds
[2026-03-28T21:54:37.490+0000] {processor.py:161} INFO - Started process (PID=54268) to work on /opt/airflow/dags/tmdb_daily_dag.py
[2026-03-28T21:54:37.491+0000] {processor.py:830} INFO - Processing file /opt/airflow/dags/tmdb_daily_dag.py for tasks to queue
[2026-03-28T21:54:37.492+0000] {logging_mixin.py:188} INFO - [2026-03-28T21:54:37.492+0000] {dagbag.py:545} INFO - Filling up the DagBag from /opt/airflow/dags/tmdb_daily_dag.py
[2026-03-28T21:54:37.498+0000] {processor.py:840} INFO - DAG(s) 'tmdb_raw_pipeline' retrieved from /opt/airflow/dags/tmdb_daily_dag.py
[2026-03-28T21:54:37.508+0000] {logging_mixin.py:188} INFO - [2026-03-28T21:54:37.508+0000] {dag.py:3096} INFO - Sync 1 DAGs
[2026-03-28T21:54:37.517+0000] {logging_mixin.py:188} INFO - [2026-03-28T21:54:37.517+0000] {dag.py:3954} INFO - Setting next_dagrun for tmdb_raw_pipeline to 2026-03-28 00:00:00+00:00, run_after=2026-03-29 00:00:00+00:00
[2026-03-28T21:54:37.523+0000] {processor.py:183} INFO - Processing /opt/airflow/dags/tmdb_daily_dag.py took 0.037 seconds
[2026-03-28T21:55:07.945+0000] {processor.py:161} INFO - Started process (PID=54288) to work on /opt/airflow/dags/tmdb_daily_dag.py
[2026-03-28T21:55:07.946+0000] {processor.py:830} INFO - Processing file /opt/airflow/dags/tmdb_daily_dag.py for tasks to queue
[2026-03-28T21:55:07.946+0000] {logging_mixin.py:188} INFO - [2026-03-28T21:55:07.946+0000] {dagbag.py:545} INFO - Filling up the DagBag from /opt/airflow/dags/tmdb_daily_dag.py
[2026-03-28T21:55:07.952+0000] {processor.py:840} INFO - DAG(s) 'tmdb_raw_pipeline' retrieved from /opt/airflow/dags/tmdb_daily_dag.py
[2026-03-28T21:55:07.961+0000] {logging_mixin.py:188} INFO - [2026-03-28T21:55:07.961+0000] {dag.py:3096} INFO - Sync 1 DAGs
[2026-03-28T21:55:07.968+0000] {logging_mixin.py:188} INFO - [2026-03-28T21:55:07.968+0000] {dag.py:3954} INFO - Setting next_dagrun for tmdb_raw_pipeline to 2026-03-28 00:00:00+00:00, run_after=2026-03-29 00:00:00+00:00
[2026-03-28T21:55:07.974+0000] {processor.py:183} INFO - Processing /opt/airflow/dags/tmdb_daily_dag.py took 0.033 seconds
[2026-03-28T21:55:38.564+0000] {processor.py:161} INFO - Started process (PID=54308) to work on /opt/airflow/dags/tmdb_daily_dag.py
[2026-03-28T21:55:38.566+0000] {processor.py:830} INFO - Processing file /opt/airflow/dags/tmdb_daily_dag.py for tasks to queue
[2026-03-28T21:55:38.566+0000] {logging_mixin.py:188} INFO - [2026-03-28T21:55:38.566+0000] {dagbag.py:545} INFO - Filling up the DagBag from /opt/airflow/dags/tmdb_daily_dag.py
[2026-03-28T21:55:38.572+0000] {processor.py:840} INFO - DAG(s) 'tmdb_raw_pipeline' retrieved from /opt/airflow/dags/tmdb_daily_dag.py
[2026-03-28T21:55:38.582+0000] {logging_mixin.py:188} INFO - [2026-03-28T21:55:38.582+0000] {dag.py:3096} INFO - Sync 1 DAGs
[2026-03-28T21:55:38.591+0000] {logging_mixin.py:188} INFO - [2026-03-28T21:55:38.591+0000] {dag.py:3954} INFO - Setting next_dagrun for tmdb_raw_pipeline to 2026-03-28 00:00:00+00:00, run_after=2026-03-29 00:00:00+00:00
[2026-03-28T21:55:38.597+0000] {processor.py:183} INFO - Processing /opt/airflow/dags/tmdb_daily_dag.py took 0.035 seconds
[2026-03-28T21:56:09.090+0000] {processor.py:161} INFO - Started process (PID=54328) to work on /opt/airflow/dags/tmdb_daily_dag.py
[2026-03-28T21:56:09.091+0000] {processor.py:830} INFO - Processing file /opt/airflow/dags/tmdb_daily_dag.py for tasks to queue
[2026-03-28T21:56:09.091+0000] {logging_mixin.py:188} INFO - [2026-03-28T21:56:09.091+0000] {dagbag.py:545} INFO - Filling up the DagBag from /opt/airflow/dags/tmdb_daily_dag.py
[2026-03-28T21:56:09.096+0000] {processor.py:840} INFO - DAG(s) 'tmdb_raw_pipeline' retrieved from /opt/airflow/dags/tmdb_daily_dag.py
[2026-03-28T21:56:09.106+0000] {logging_mixin.py:188} INFO - [2026-03-28T21:56:09.106+0000] {dag.py:3096} INFO - Sync 1 DAGs
[2026-03-28T21:56:09.114+0000] {logging_mixin.py:188} INFO - [2026-03-28T21:56:09.114+0000] {dag.py:3954} INFO - Setting next_dagrun for tmdb_raw_pipeline to 2026-03-28 00:00:00+00:00, run_after=2026-03-29 00:00:00+00:00
[2026-03-28T21:56:09.247+0000] {processor.py:183} INFO - Processing /opt/airflow/dags/tmdb_daily_dag.py took 0.160 seconds
[2026-03-28T21:56:39.749+0000] {processor.py:161} INFO - Started process (PID=54348) to work on /opt/airflow/dags/tmdb_daily_dag.py
[2026-03-28T21:56:39.750+0000] {processor.py:830} INFO - Processing file /opt/airflow/dags/tmdb_daily_dag.py for tasks to queue
[2026-03-28T21:56:39.751+0000] {logging_mixin.py:188} INFO - [2026-03-28T21:56:39.750+0000] {dagbag.py:545} INFO - Filling up the DagBag from /opt/airflow/dags/tmdb_daily_dag.py
[2026-03-28T21:56:39.757+0000] {processor.py:840} INFO - DAG(s) 'tmdb_raw_pipeline' retrieved from /opt/airflow/dags/tmdb_daily_dag.py
[2026-03-28T21:56:39.766+0000] {logging_mixin.py:188} INFO - [2026-03-28T21:56:39.766+0000] {dag.py:3096} INFO - Sync 1 DAGs
[2026-03-28T21:56:39.774+0000] {logging_mixin.py:188} INFO - [2026-03-28T21:56:39.774+0000] {dag.py:3954} INFO - Setting next_dagrun for tmdb_raw_pipeline to 2026-03-28 00:00:00+00:00, run_after=2026-03-29 00:00:00+00:00
[2026-03-28T21:56:39.780+0000] {processor.py:183} INFO - Processing /opt/airflow/dags/tmdb_daily_dag.py took 0.034 seconds
[2026-03-28T21:57:10.223+0000] {processor.py:161} INFO - Started process (PID=54367) to work on /opt/airflow/dags/tmdb_daily_dag.py
[2026-03-28T21:57:10.225+0000] {processor.py:830} INFO - Processing file /opt/airflow/dags/tmdb_daily_dag.py for tasks to queue
[2026-03-28T21:57:10.225+0000] {logging_mixin.py:188} INFO - [2026-03-28T21:57:10.225+0000] {dagbag.py:545} INFO - Filling up the DagBag from /opt/airflow/dags/tmdb_daily_dag.py
[2026-03-28T21:57:10.232+0000] {processor.py:840} INFO - DAG(s) 'tmdb_raw_pipeline' retrieved from /opt/airflow/dags/tmdb_daily_dag.py
[2026-03-28T21:57:10.244+0000] {logging_mixin.py:188} INFO - [2026-03-28T21:57:10.244+0000] {dag.py:3096} INFO - Sync 1 DAGs
[2026-03-28T21:57:10.253+0000] {logging_mixin.py:188} INFO - [2026-03-28T21:57:10.253+0000] {dag.py:3954} INFO - Setting next_dagrun for tmdb_raw_pipeline to 2026-03-28 00:00:00+00:00, run_after=2026-03-29 00:00:00+00:00
[2026-03-28T21:57:10.266+0000] {processor.py:183} INFO - Processing /opt/airflow/dags/tmdb_daily_dag.py took 0.046 seconds
[2026-03-28T21:57:40.841+0000] {processor.py:161} INFO - Started process (PID=54388) to work on /opt/airflow/dags/tmdb_daily_dag.py
[2026-03-28T21:57:40.842+0000] {processor.py:830} INFO - Processing file /opt/airflow/dags/tmdb_daily_dag.py for tasks to queue
[2026-03-28T21:57:40.842+0000] {logging_mixin.py:188} INFO - [2026-03-28T21:57:40.842+0000] {dagbag.py:545} INFO - Filling up the DagBag from /opt/airflow/dags/tmdb_daily_dag.py
[2026-03-28T21:57:40.848+0000] {processor.py:840} INFO - DAG(s) 'tmdb_raw_pipeline' retrieved from /opt/airflow/dags/tmdb_daily_dag.py
[2026-03-28T21:57:40.857+0000] {logging_mixin.py:188} INFO - [2026-03-28T21:57:40.857+0000] {dag.py:3096} INFO - Sync 1 DAGs
[2026-03-28T21:57:40.865+0000] {logging_mixin.py:188} INFO - [2026-03-28T21:57:40.865+0000] {dag.py:3954} INFO - Setting next_dagrun for tmdb_raw_pipeline to 2026-03-28 00:00:00+00:00, run_after=2026-03-29 00:00:00+00:00
[2026-03-28T21:57:40.871+0000] {processor.py:183} INFO - Processing /opt/airflow/dags/tmdb_daily_dag.py took 0.033 seconds
[2026-03-28T21:58:11.355+0000] {processor.py:161} INFO - Started process (PID=54408) to work on /opt/airflow/dags/tmdb_daily_dag.py
[2026-03-28T21:58:11.356+0000] {processor.py:830} INFO - Processing file /opt/airflow/dags/tmdb_daily_dag.py for tasks to queue
[2026-03-28T21:58:11.356+0000] {logging_mixin.py:188} INFO - [2026-03-28T21:58:11.356+0000] {dagbag.py:545} INFO - Filling up the DagBag from /opt/airflow/dags/tmdb_daily_dag.py
[2026-03-28T21:58:11.362+0000] {processor.py:840} INFO - DAG(s) 'tmdb_raw_pipeline' retrieved from /opt/airflow/dags/tmdb_daily_dag.py
[2026-03-28T21:58:11.372+0000] {logging_mixin.py:188} INFO - [2026-03-28T21:58:11.372+0000] {dag.py:3096} INFO - Sync 1 DAGs
[2026-03-28T21:58:11.380+0000] {logging_mixin.py:188} INFO - [2026-03-28T21:58:11.380+0000] {dag.py:3954} INFO - Setting next_dagrun for tmdb_raw_pipeline to 2026-03-28 00:00:00+00:00, run_after=2026-03-29 00:00:00+00:00
[2026-03-28T21:58:11.513+0000] {processor.py:183} INFO - Processing /opt/airflow/dags/tmdb_daily_dag.py took 0.160 seconds
[2026-03-28T21:58:42.032+0000] {processor.py:161} INFO - Started process (PID=54428) to work on /opt/airflow/dags/tmdb_daily_dag.py
[2026-03-28T21:58:42.033+0000] {processor.py:830} INFO - Processing file /opt/airflow/dags/tmdb_daily_dag.py for tasks to queue
[2026-03-28T21:58:42.034+0000] {logging_mixin.py:188} INFO - [2026-03-28T21:58:42.034+0000] {dagbag.py:545} INFO - Filling up the DagBag from /opt/airflow/dags/tmdb_daily_dag.py
[2026-03-28T21:58:42.039+0000] {processor.py:840} INFO - DAG(s) 'tmdb_raw_pipeline' retrieved from /opt/airflow/dags/tmdb_daily_dag.py
[2026-03-28T21:58:42.049+0000] {logging_mixin.py:188} INFO - [2026-03-28T21:58:42.049+0000] {dag.py:3096} INFO - Sync 1 DAGs
[2026-03-28T21:58:42.057+0000] {logging_mixin.py:188} INFO - [2026-03-28T21:58:42.057+0000] {dag.py:3954} INFO - Setting next_dagrun for tmdb_raw_pipeline to 2026-03-28 00:00:00+00:00, run_after=2026-03-29 00:00:00+00:00
[2026-03-28T21:58:42.063+0000] {processor.py:183} INFO - Processing /opt/airflow/dags/tmdb_daily_dag.py took 0.034 seconds
[2026-03-28T21:59:12.515+0000] {processor.py:161} INFO - Started process (PID=54448) to work on /opt/airflow/dags/tmdb_daily_dag.py
[2026-03-28T21:59:12.517+0000] {processor.py:830} INFO - Processing file /opt/airflow/dags/tmdb_daily_dag.py for tasks to queue
[2026-03-28T21:59:12.517+0000] {logging_mixin.py:188} INFO - [2026-03-28T21:59:12.517+0000] {dagbag.py:545} INFO - Filling up the DagBag from /opt/airflow/dags/tmdb_daily_dag.py
[2026-03-28T21:59:12.523+0000] {processor.py:840} INFO - DAG(s) 'tmdb_raw_pipeline' retrieved from /opt/airflow/dags/tmdb_daily_dag.py
[2026-03-28T21:59:12.533+0000] {logging_mixin.py:188} INFO - [2026-03-28T21:59:12.532+0000] {dag.py:3096} INFO - Sync 1 DAGs
[2026-03-28T21:59:12.540+0000] {logging_mixin.py:188} INFO - [2026-03-28T21:59:12.540+0000] {dag.py:3954} INFO - Setting next_dagrun for tmdb_raw_pipeline to 2026-03-28 00:00:00+00:00, run_after=2026-03-29 00:00:00+00:00
[2026-03-28T21:59:12.546+0000] {processor.py:183} INFO - Processing /opt/airflow/dags/tmdb_daily_dag.py took 0.034 seconds
[2026-03-28T21:59:43.144+0000] {processor.py:161} INFO - Started process (PID=54468) to work on /opt/airflow/dags/tmdb_daily_dag.py
[2026-03-28T21:59:43.145+0000] {processor.py:830} INFO - Processing file /opt/airflow/dags/tmdb_daily_dag.py for tasks to queue
[2026-03-28T21:59:43.146+0000] {logging_mixin.py:188} INFO - [2026-03-28T21:59:43.145+0000] {dagbag.py:545} INFO - Filling up the DagBag from /opt/airflow/dags/tmdb_daily_dag.py
[2026-03-28T21:59:43.152+0000] {processor.py:840} INFO - DAG(s) 'tmdb_raw_pipeline' retrieved from /opt/airflow/dags/tmdb_daily_dag.py
[2026-03-28T21:59:43.161+0000] {logging_mixin.py:188} INFO - [2026-03-28T21:59:43.161+0000] {dag.py:3096} INFO - Sync 1 DAGs
[2026-03-28T21:59:43.169+0000] {logging_mixin.py:188} INFO - [2026-03-28T21:59:43.169+0000] {dag.py:3954} INFO - Setting next_dagrun for tmdb_raw_pipeline to 2026-03-28 00:00:00+00:00, run_after=2026-03-29 00:00:00+00:00
[2026-03-28T21:59:43.175+0000] {processor.py:183} INFO - Processing /opt/airflow/dags/tmdb_daily_dag.py took 0.033 seconds
[2026-03-28T22:00:13.698+0000] {processor.py:161} INFO - Started process (PID=54488) to work on /opt/airflow/dags/tmdb_daily_dag.py
[2026-03-28T22:00:13.699+0000] {processor.py:830} INFO - Processing file /opt/airflow/dags/tmdb_daily_dag.py for tasks to queue
[2026-03-28T22:00:13.700+0000] {logging_mixin.py:188} INFO - [2026-03-28T22:00:13.700+0000] {dagbag.py:545} INFO - Filling up the DagBag from /opt/airflow/dags/tmdb_daily_dag.py
[2026-03-28T22:00:13.706+0000] {processor.py:840} INFO - DAG(s) 'tmdb_raw_pipeline' retrieved from /opt/airflow/dags/tmdb_daily_dag.py
[2026-03-28T22:00:13.715+0000] {logging_mixin.py:188} INFO - [2026-03-28T22:00:13.715+0000] {dag.py:3096} INFO - Sync 1 DAGs
[2026-03-28T22:00:13.723+0000] {logging_mixin.py:188} INFO - [2026-03-28T22:00:13.723+0000] {dag.py:3954} INFO - Setting next_dagrun for tmdb_raw_pipeline to 2026-03-28 00:00:00+00:00, run_after=2026-03-29 00:00:00+00:00
[2026-03-28T22:00:13.858+0000] {processor.py:183} INFO - Processing /opt/airflow/dags/tmdb_daily_dag.py took 0.162 seconds
[2026-03-28T22:00:44.451+0000] {processor.py:161} INFO - Started process (PID=54506) to work on /opt/airflow/dags/tmdb_daily_dag.py
[2026-03-28T22:00:44.452+0000] {processor.py:830} INFO - Processing file /opt/airflow/dags/tmdb_daily_dag.py for tasks to queue
[2026-03-28T22:00:44.453+0000] {logging_mixin.py:188} INFO - [2026-03-28T22:00:44.453+0000] {dagbag.py:545} INFO - Filling up the DagBag from /opt/airflow/dags/tmdb_daily_dag.py
[2026-03-28T22:00:44.461+0000] {processor.py:840} INFO - DAG(s) 'tmdb_raw_pipeline' retrieved from /opt/airflow/dags/tmdb_daily_dag.py
[2026-03-28T22:00:44.477+0000] {logging_mixin.py:188} INFO - [2026-03-28T22:00:44.477+0000] {dag.py:3096} INFO - Sync 1 DAGs
[2026-03-28T22:00:44.490+0000] {logging_mixin.py:188} INFO - [2026-03-28T22:00:44.490+0000] {dag.py:3954} INFO - Setting next_dagrun for tmdb_raw_pipeline to 2026-03-28 00:00:00+00:00, run_after=2026-03-29 00:00:00+00:00
[2026-03-28T22:00:44.499+0000] {processor.py:183} INFO - Processing /opt/airflow/dags/tmdb_daily_dag.py took 0.055 seconds
[2026-03-28T22:01:15.115+0000] {processor.py:161} INFO - Started process (PID=54528) to work on /opt/airflow/dags/tmdb_daily_dag.py
[2026-03-28T22:01:15.117+0000] {processor.py:830} INFO - Processing file /opt/airflow/dags/tmdb_daily_dag.py for tasks to queue
[2026-03-28T22:01:15.117+0000] {logging_mixin.py:188} INFO - [2026-03-28T22:01:15.117+0000] {dagbag.py:545} INFO - Filling up the DagBag from /opt/airflow/dags/tmdb_daily_dag.py
[2026-03-28T22:01:15.123+0000] {processor.py:840} INFO - DAG(s) 'tmdb_raw_pipeline' retrieved from /opt/airflow/dags/tmdb_daily_dag.py
[2026-03-28T22:01:15.133+0000] {logging_mixin.py:188} INFO - [2026-03-28T22:01:15.133+0000] {dag.py:3096} INFO - Sync 1 DAGs
[2026-03-28T22:01:15.141+0000] {logging_mixin.py:188} INFO - [2026-03-28T22:01:15.141+0000] {dag.py:3954} INFO - Setting next_dagrun for tmdb_raw_pipeline to 2026-03-28 00:00:00+00:00, run_after=2026-03-29 00:00:00+00:00
[2026-03-28T22:01:15.148+0000] {processor.py:183} INFO - Processing /opt/airflow/dags/tmdb_daily_dag.py took 0.035 seconds
[2026-03-28T22:01:45.691+0000] {processor.py:161} INFO - Started process (PID=54548) to work on /opt/airflow/dags/tmdb_daily_dag.py
[2026-03-28T22:01:45.692+0000] {processor.py:830} INFO - Processing file /opt/airflow/dags/tmdb_daily_dag.py for tasks to queue
[2026-03-28T22:01:45.693+0000] {logging_mixin.py:188} INFO - [2026-03-28T22:01:45.692+0000] {dagbag.py:545} INFO - Filling up the DagBag from /opt/airflow/dags/tmdb_daily_dag.py
[2026-03-28T22:01:45.699+0000] {processor.py:840} INFO - DAG(s) 'tmdb_raw_pipeline' retrieved from /opt/airflow/dags/tmdb_daily_dag.py
[2026-03-28T22:01:45.708+0000] {logging_mixin.py:188} INFO - [2026-03-28T22:01:45.707+0000] {dag.py:3096} INFO - Sync 1 DAGs
[2026-03-28T22:01:45.716+0000] {logging_mixin.py:188} INFO - [2026-03-28T22:01:45.715+0000] {dag.py:3954} INFO - Setting next_dagrun for tmdb_raw_pipeline to 2026-03-28 00:00:00+00:00, run_after=2026-03-29 00:00:00+00:00
[2026-03-28T22:01:45.721+0000] {processor.py:183} INFO - Processing /opt/airflow/dags/tmdb_daily_dag.py took 0.033 seconds
[2026-03-28T22:02:16.189+0000] {processor.py:161} INFO - Started process (PID=54568) to work on /opt/airflow/dags/tmdb_daily_dag.py
[2026-03-28T22:02:16.191+0000] {processor.py:830} INFO - Processing file /opt/airflow/dags/tmdb_daily_dag.py for tasks to queue
[2026-03-28T22:02:16.191+0000] {logging_mixin.py:188} INFO - [2026-03-28T22:02:16.191+0000] {dagbag.py:545} INFO - Filling up the DagBag from /opt/airflow/dags/tmdb_daily_dag.py
[2026-03-28T22:02:16.198+0000] {processor.py:840} INFO - DAG(s) 'tmdb_raw_pipeline' retrieved from /opt/airflow/dags/tmdb_daily_dag.py
[2026-03-28T22:02:16.207+0000] {logging_mixin.py:188} INFO - [2026-03-28T22:02:16.207+0000] {dag.py:3096} INFO - Sync 1 DAGs
[2026-03-28T22:02:16.215+0000] {logging_mixin.py:188} INFO - [2026-03-28T22:02:16.215+0000] {dag.py:3954} INFO - Setting next_dagrun for tmdb_raw_pipeline to 2026-03-28 00:00:00+00:00, run_after=2026-03-29 00:00:00+00:00
[2026-03-28T22:02:16.357+0000] {processor.py:183} INFO - Processing /opt/airflow/dags/tmdb_daily_dag.py took 0.170 seconds
[2026-03-28T22:02:47.381+0000] {processor.py:161} INFO - Started process (PID=54588) to work on /opt/airflow/dags/tmdb_daily_dag.py
[2026-03-28T22:02:47.383+0000] {processor.py:830} INFO - Processing file /opt/airflow/dags/tmdb_daily_dag.py for tasks to queue
[2026-03-28T22:02:47.383+0000] {logging_mixin.py:188} INFO - [2026-03-28T22:02:47.383+0000] {dagbag.py:545} INFO - Filling up the DagBag from /opt/airflow/dags/tmdb_daily_dag.py
[2026-03-28T22:02:47.389+0000] {processor.py:840} INFO - DAG(s) 'tmdb_raw_pipeline' retrieved from /opt/airflow/dags/tmdb_daily_dag.py
[2026-03-28T22:02:47.399+0000] {logging_mixin.py:188} INFO - [2026-03-28T22:02:47.399+0000] {dag.py:3096} INFO - Sync 1 DAGs
[2026-03-28T22:02:47.407+0000] {logging_mixin.py:188} INFO - [2026-03-28T22:02:47.407+0000] {dag.py:3954} INFO - Setting next_dagrun for tmdb_raw_pipeline to 2026-03-28 00:00:00+00:00, run_after=2026-03-29 00:00:00+00:00
[2026-03-28T22:02:47.414+0000] {processor.py:183} INFO - Processing /opt/airflow/dags/tmdb_daily_dag.py took 0.035 seconds
[2026-03-28T22:03:18.035+0000] {processor.py:161} INFO - Started process (PID=54608) to work on /opt/airflow/dags/tmdb_daily_dag.py
[2026-03-28T22:03:18.037+0000] {processor.py:830} INFO - Processing file /opt/airflow/dags/tmdb_daily_dag.py for tasks to queue
[2026-03-28T22:03:18.037+0000] {logging_mixin.py:188} INFO - [2026-03-28T22:03:18.037+0000] {dagbag.py:545} INFO - Filling up the DagBag from /opt/airflow/dags/tmdb_daily_dag.py
[2026-03-28T22:03:18.044+0000] {processor.py:840} INFO - DAG(s) 'tmdb_raw_pipeline' retrieved from /opt/airflow/dags/tmdb_daily_dag.py
[2026-03-28T22:03:18.054+0000] {logging_mixin.py:188} INFO - [2026-03-28T22:03:18.053+0000] {dag.py:3096} INFO - Sync 1 DAGs
[2026-03-28T22:03:18.062+0000] {logging_mixin.py:188} INFO - [2026-03-28T22:03:18.062+0000] {dag.py:3954} INFO - Setting next_dagrun for tmdb_raw_pipeline to 2026-03-28 00:00:00+00:00, run_after=2026-03-29 00:00:00+00:00
[2026-03-28T22:03:18.068+0000] {processor.py:183} INFO - Processing /opt/airflow/dags/tmdb_daily_dag.py took 0.035 seconds
[2026-03-28T22:03:48.531+0000] {processor.py:161} INFO - Started process (PID=54628) to work on /opt/airflow/dags/tmdb_daily_dag.py
[2026-03-28T22:03:48.532+0000] {processor.py:830} INFO - Processing file /opt/airflow/dags/tmdb_daily_dag.py for tasks to queue
[2026-03-28T22:03:48.533+0000] {logging_mixin.py:188} INFO - [2026-03-28T22:03:48.533+0000] {dagbag.py:545} INFO - Filling up the DagBag from /opt/airflow/dags/tmdb_daily_dag.py
[2026-03-28T22:03:48.539+0000] {processor.py:840} INFO - DAG(s) 'tmdb_raw_pipeline' retrieved from /opt/airflow/dags/tmdb_daily_dag.py
[2026-03-28T22:03:48.550+0000] {logging_mixin.py:188} INFO - [2026-03-28T22:03:48.550+0000] {dag.py:3096} INFO - Sync 1 DAGs
[2026-03-28T22:03:48.558+0000] {logging_mixin.py:188} INFO - [2026-03-28T22:03:48.558+0000] {dag.py:3954} INFO - Setting next_dagrun for tmdb_raw_pipeline to 2026-03-28 00:00:00+00:00, run_after=2026-03-29 00:00:00+00:00
[2026-03-28T22:03:48.564+0000] {processor.py:183} INFO - Processing /opt/airflow/dags/tmdb_daily_dag.py took 0.035 seconds
[2026-03-28T22:04:19.079+0000] {processor.py:161} INFO - Started process (PID=54648) to work on /opt/airflow/dags/tmdb_daily_dag.py
[2026-03-28T22:04:19.081+0000] {processor.py:830} INFO - Processing file /opt/airflow/dags/tmdb_daily_dag.py for tasks to queue
[2026-03-28T22:04:19.081+0000] {logging_mixin.py:188} INFO - [2026-03-28T22:04:19.081+0000] {dagbag.py:545} INFO - Filling up the DagBag from /opt/airflow/dags/tmdb_daily_dag.py
[2026-03-28T22:04:19.087+0000] {processor.py:840} INFO - DAG(s) 'tmdb_raw_pipeline' retrieved from /opt/airflow/dags/tmdb_daily_dag.py
[2026-03-28T22:04:19.097+0000] {logging_mixin.py:188} INFO - [2026-03-28T22:04:19.097+0000] {dag.py:3096} INFO - Sync 1 DAGs
[2026-03-28T22:04:19.105+0000] {logging_mixin.py:188} INFO - [2026-03-28T22:04:19.104+0000] {dag.py:3954} INFO - Setting next_dagrun for tmdb_raw_pipeline to 2026-03-28 00:00:00+00:00, run_after=2026-03-29 00:00:00+00:00
[2026-03-28T22:04:19.358+0000] {processor.py:183} INFO - Processing /opt/airflow/dags/tmdb_daily_dag.py took 0.281 seconds
[2026-03-28T22:04:50.075+0000] {processor.py:161} INFO - Started process (PID=54668) to work on /opt/airflow/dags/tmdb_daily_dag.py
[2026-03-28T22:04:50.076+0000] {processor.py:830} INFO - Processing file /opt/airflow/dags/tmdb_daily_dag.py for tasks to queue
[2026-03-28T22:04:50.077+0000] {logging_mixin.py:188} INFO - [2026-03-28T22:04:50.076+0000] {dagbag.py:545} INFO - Filling up the DagBag from /opt/airflow/dags/tmdb_daily_dag.py
[2026-03-28T22:04:50.083+0000] {processor.py:840} INFO - DAG(s) 'tmdb_raw_pipeline' retrieved from /opt/airflow/dags/tmdb_daily_dag.py
[2026-03-28T22:04:50.092+0000] {logging_mixin.py:188} INFO - [2026-03-28T22:04:50.092+0000] {dag.py:3096} INFO - Sync 1 DAGs
[2026-03-28T22:04:50.101+0000] {logging_mixin.py:188} INFO - [2026-03-28T22:04:50.101+0000] {dag.py:3954} INFO - Setting next_dagrun for tmdb_raw_pipeline to 2026-03-28 00:00:00+00:00, run_after=2026-03-29 00:00:00+00:00
[2026-03-28T22:04:50.108+0000] {processor.py:183} INFO - Processing /opt/airflow/dags/tmdb_daily_dag.py took 0.035 seconds
[2026-03-28T22:05:20.716+0000] {processor.py:161} INFO - Started process (PID=54688) to work on /opt/airflow/dags/tmdb_daily_dag.py
[2026-03-28T22:05:20.718+0000] {processor.py:830} INFO - Processing file /opt/airflow/dags/tmdb_daily_dag.py for tasks to queue
[2026-03-28T22:05:20.718+0000] {logging_mixin.py:188} INFO - [2026-03-28T22:05:20.718+0000] {dagbag.py:545} INFO - Filling up the DagBag from /opt/airflow/dags/tmdb_daily_dag.py
[2026-03-28T22:05:20.726+0000] {processor.py:840} INFO - DAG(s) 'tmdb_raw_pipeline' retrieved from /opt/airflow/dags/tmdb_daily_dag.py
[2026-03-28T22:05:20.736+0000] {logging_mixin.py:188} INFO - [2026-03-28T22:05:20.736+0000] {dag.py:3096} INFO - Sync 1 DAGs
[2026-03-28T22:05:20.744+0000] {logging_mixin.py:188} INFO - [2026-03-28T22:05:20.744+0000] {dag.py:3954} INFO - Setting next_dagrun for tmdb_raw_pipeline to 2026-03-28 00:00:00+00:00, run_after=2026-03-29 00:00:00+00:00
[2026-03-28T22:05:20.750+0000] {processor.py:183} INFO - Processing /opt/airflow/dags/tmdb_daily_dag.py took 0.036 seconds
[2026-03-28T22:05:51.166+0000] {processor.py:161} INFO - Started process (PID=54708) to work on /opt/airflow/dags/tmdb_daily_dag.py
[2026-03-28T22:05:51.167+0000] {processor.py:830} INFO - Processing file /opt/airflow/dags/tmdb_daily_dag.py for tasks to queue
[2026-03-28T22:05:51.168+0000] {logging_mixin.py:188} INFO - [2026-03-28T22:05:51.167+0000] {dagbag.py:545} INFO - Filling up the DagBag from /opt/airflow/dags/tmdb_daily_dag.py
[2026-03-28T22:05:51.173+0000] {processor.py:840} INFO - DAG(s) 'tmdb_raw_pipeline' retrieved from /opt/airflow/dags/tmdb_daily_dag.py
[2026-03-28T22:05:51.182+0000] {logging_mixin.py:188} INFO - [2026-03-28T22:05:51.182+0000] {dag.py:3096} INFO - Sync 1 DAGs
[2026-03-28T22:05:51.190+0000] {logging_mixin.py:188} INFO - [2026-03-28T22:05:51.190+0000] {dag.py:3954} INFO - Setting next_dagrun for tmdb_raw_pipeline to 2026-03-28 00:00:00+00:00, run_after=2026-03-29 00:00:00+00:00
[2026-03-28T22:05:51.196+0000] {processor.py:183} INFO - Processing /opt/airflow/dags/tmdb_daily_dag.py took 0.032 seconds
[2026-03-28T22:06:21.777+0000] {processor.py:161} INFO - Started process (PID=54728) to work on /opt/airflow/dags/tmdb_daily_dag.py
[2026-03-28T22:06:21.778+0000] {processor.py:830} INFO - Processing file /opt/airflow/dags/tmdb_daily_dag.py for tasks to queue
[2026-03-28T22:06:21.779+0000] {logging_mixin.py:188} INFO - [2026-03-28T22:06:21.779+0000] {dagbag.py:545} INFO - Filling up the DagBag from /opt/airflow/dags/tmdb_daily_dag.py
[2026-03-28T22:06:21.788+0000] {processor.py:840} INFO - DAG(s) 'tmdb_raw_pipeline' retrieved from /opt/airflow/dags/tmdb_daily_dag.py
[2026-03-28T22:06:21.799+0000] {logging_mixin.py:188} INFO - [2026-03-28T22:06:21.799+0000] {dag.py:3096} INFO - Sync 1 DAGs
[2026-03-28T22:06:21.808+0000] {logging_mixin.py:188} INFO - [2026-03-28T22:06:21.808+0000] {dag.py:3954} INFO - Setting next_dagrun for tmdb_raw_pipeline to 2026-03-28 00:00:00+00:00, run_after=2026-03-29 00:00:00+00:00
[2026-03-28T22:06:21.944+0000] {processor.py:183} INFO - Processing /opt/airflow/dags/tmdb_daily_dag.py took 0.169 seconds
[2026-03-28T22:06:52.620+0000] {processor.py:161} INFO - Started process (PID=54746) to work on /opt/airflow/dags/tmdb_daily_dag.py
[2026-03-28T22:06:52.622+0000] {processor.py:830} INFO - Processing file /opt/airflow/dags/tmdb_daily_dag.py for tasks to queue
[2026-03-28T22:06:52.623+0000] {logging_mixin.py:188} INFO - [2026-03-28T22:06:52.622+0000] {dagbag.py:545} INFO - Filling up the DagBag from /opt/airflow/dags/tmdb_daily_dag.py
[2026-03-28T22:06:52.631+0000] {processor.py:840} INFO - DAG(s) 'tmdb_raw_pipeline' retrieved from /opt/airflow/dags/tmdb_daily_dag.py
[2026-03-28T22:06:52.644+0000] {logging_mixin.py:188} INFO - [2026-03-28T22:06:52.644+0000] {dag.py:3096} INFO - Sync 1 DAGs
[2026-03-28T22:06:52.657+0000] {logging_mixin.py:188} INFO - [2026-03-28T22:06:52.657+0000] {dag.py:3954} INFO - Setting next_dagrun for tmdb_raw_pipeline to 2026-03-28 00:00:00+00:00, run_after=2026-03-29 00:00:00+00:00
[2026-03-28T22:06:52.669+0000] {processor.py:183} INFO - Processing /opt/airflow/dags/tmdb_daily_dag.py took 0.051 seconds
[2026-03-28T22:07:23.261+0000] {processor.py:161} INFO - Started process (PID=54768) to work on /opt/airflow/dags/tmdb_daily_dag.py
[2026-03-28T22:07:23.262+0000] {processor.py:830} INFO - Processing file /opt/airflow/dags/tmdb_daily_dag.py for tasks to queue
[2026-03-28T22:07:23.263+0000] {logging_mixin.py:188} INFO - [2026-03-28T22:07:23.262+0000] {dagbag.py:545} INFO - Filling up the DagBag from /opt/airflow/dags/tmdb_daily_dag.py
[2026-03-28T22:07:23.269+0000] {processor.py:840} INFO - DAG(s) 'tmdb_raw_pipeline' retrieved from /opt/airflow/dags/tmdb_daily_dag.py
[2026-03-28T22:07:23.279+0000] {logging_mixin.py:188} INFO - [2026-03-28T22:07:23.279+0000] {dag.py:3096} INFO - Sync 1 DAGs
[2026-03-28T22:07:23.287+0000] {logging_mixin.py:188} INFO - [2026-03-28T22:07:23.287+0000] {dag.py:3954} INFO - Setting next_dagrun for tmdb_raw_pipeline to 2026-03-28 00:00:00+00:00, run_after=2026-03-29 00:00:00+00:00
[2026-03-28T22:07:23.293+0000] {processor.py:183} INFO - Processing /opt/airflow/dags/tmdb_daily_dag.py took 0.035 seconds
[2026-03-28T22:07:53.740+0000] {processor.py:161} INFO - Started process (PID=54788) to work on /opt/airflow/dags/tmdb_daily_dag.py
[2026-03-28T22:07:53.742+0000] {processor.py:830} INFO - Processing file /opt/airflow/dags/tmdb_daily_dag.py for tasks to queue
[2026-03-28T22:07:53.742+0000] {logging_mixin.py:188} INFO - [2026-03-28T22:07:53.742+0000] {dagbag.py:545} INFO - Filling up the DagBag from /opt/airflow/dags/tmdb_daily_dag.py
[2026-03-28T22:07:53.747+0000] {processor.py:840} INFO - DAG(s) 'tmdb_raw_pipeline' retrieved from /opt/airflow/dags/tmdb_daily_dag.py
[2026-03-28T22:07:53.756+0000] {logging_mixin.py:188} INFO - [2026-03-28T22:07:53.756+0000] {dag.py:3096} INFO - Sync 1 DAGs
[2026-03-28T22:07:53.763+0000] {logging_mixin.py:188} INFO - [2026-03-28T22:07:53.763+0000] {dag.py:3954} INFO - Setting next_dagrun for tmdb_raw_pipeline to 2026-03-28 00:00:00+00:00, run_after=2026-03-29 00:00:00+00:00
[2026-03-28T22:07:53.769+0000] {processor.py:183} INFO - Processing /opt/airflow/dags/tmdb_daily_dag.py took 0.031 seconds
[2026-03-28T22:08:24.361+0000] {processor.py:161} INFO - Started process (PID=54808) to work on /opt/airflow/dags/tmdb_daily_dag.py
[2026-03-28T22:08:24.362+0000] {processor.py:830} INFO - Processing file /opt/airflow/dags/tmdb_daily_dag.py for tasks to queue
[2026-03-28T22:08:24.363+0000] {logging_mixin.py:188} INFO - [2026-03-28T22:08:24.363+0000] {dagbag.py:545} INFO - Filling up the DagBag from /opt/airflow/dags/tmdb_daily_dag.py
[2026-03-28T22:08:24.370+0000] {processor.py:840} INFO - DAG(s) 'tmdb_raw_pipeline' retrieved from /opt/airflow/dags/tmdb_daily_dag.py
[2026-03-28T22:08:24.381+0000] {logging_mixin.py:188} INFO - [2026-03-28T22:08:24.381+0000] {dag.py:3096} INFO - Sync 1 DAGs
[2026-03-28T22:08:24.390+0000] {logging_mixin.py:188} INFO - [2026-03-28T22:08:24.390+0000] {dag.py:3954} INFO - Setting next_dagrun for tmdb_raw_pipeline to 2026-03-28 00:00:00+00:00, run_after=2026-03-29 00:00:00+00:00
[2026-03-28T22:08:24.535+0000] {processor.py:183} INFO - Processing /opt/airflow/dags/tmdb_daily_dag.py took 0.180 seconds
[2026-03-28T22:08:55.288+0000] {processor.py:161} INFO - Started process (PID=54828) to work on /opt/airflow/dags/tmdb_daily_dag.py
[2026-03-28T22:08:55.289+0000] {processor.py:830} INFO - Processing file /opt/airflow/dags/tmdb_daily_dag.py for tasks to queue
[2026-03-28T22:08:55.290+0000] {logging_mixin.py:188} INFO - [2026-03-28T22:08:55.290+0000] {dagbag.py:545} INFO - Filling up the DagBag from /opt/airflow/dags/tmdb_daily_dag.py
[2026-03-28T22:08:55.296+0000] {processor.py:840} INFO - DAG(s) 'tmdb_raw_pipeline' retrieved from /opt/airflow/dags/tmdb_daily_dag.py
[2026-03-28T22:08:55.306+0000] {logging_mixin.py:188} INFO - [2026-03-28T22:08:55.306+0000] {dag.py:3096} INFO - Sync 1 DAGs
[2026-03-28T22:08:55.315+0000] {logging_mixin.py:188} INFO - [2026-03-28T22:08:55.315+0000] {dag.py:3954} INFO - Setting next_dagrun for tmdb_raw_pipeline to 2026-03-28 00:00:00+00:00, run_after=2026-03-29 00:00:00+00:00
[2026-03-28T22:08:55.321+0000] {processor.py:183} INFO - Processing /opt/airflow/dags/tmdb_daily_dag.py took 0.036 seconds
[2026-03-28T22:09:25.952+0000] {processor.py:161} INFO - Started process (PID=54848) to work on /opt/airflow/dags/tmdb_daily_dag.py
[2026-03-28T22:09:25.954+0000] {processor.py:830} INFO - Processing file /opt/airflow/dags/tmdb_daily_dag.py for tasks to queue
[2026-03-28T22:09:25.954+0000] {logging_mixin.py:188} INFO - [2026-03-28T22:09:25.954+0000] {dagbag.py:545} INFO - Filling up the DagBag from /opt/airflow/dags/tmdb_daily_dag.py
[2026-03-28T22:09:25.962+0000] {processor.py:840} INFO - DAG(s) 'tmdb_raw_pipeline' retrieved from /opt/airflow/dags/tmdb_daily_dag.py
[2026-03-28T22:09:25.978+0000] {logging_mixin.py:188} INFO - [2026-03-28T22:09:25.978+0000] {dag.py:3096} INFO - Sync 1 DAGs
[2026-03-28T22:09:25.989+0000] {logging_mixin.py:188} INFO - [2026-03-28T22:09:25.989+0000] {dag.py:3954} INFO - Setting next_dagrun for tmdb_raw_pipeline to 2026-03-28 00:00:00+00:00, run_after=2026-03-29 00:00:00+00:00
[2026-03-28T22:09:25.996+0000] {processor.py:183} INFO - Processing /opt/airflow/dags/tmdb_daily_dag.py took 0.049 seconds
[2026-03-28T22:09:56.513+0000] {processor.py:161} INFO - Started process (PID=54868) to work on /opt/airflow/dags/tmdb_daily_dag.py
[2026-03-28T22:09:56.519+0000] {processor.py:830} INFO - Processing file /opt/airflow/dags/tmdb_daily_dag.py for tasks to queue
[2026-03-28T22:09:56.520+0000] {logging_mixin.py:188} INFO - [2026-03-28T22:09:56.519+0000] {dagbag.py:545} INFO - Filling up the DagBag from /opt/airflow/dags/tmdb_daily_dag.py
[2026-03-28T22:09:56.531+0000] {processor.py:840} INFO - DAG(s) 'tmdb_raw_pipeline' retrieved from /opt/airflow/dags/tmdb_daily_dag.py
[2026-03-28T22:09:56.546+0000] {logging_mixin.py:188} INFO - [2026-03-28T22:09:56.546+0000] {dag.py:3096} INFO - Sync 1 DAGs
[2026-03-28T22:09:56.556+0000] {logging_mixin.py:188} INFO - [2026-03-28T22:09:56.556+0000] {dag.py:3954} INFO - Setting next_dagrun for tmdb_raw_pipeline to 2026-03-28 00:00:00+00:00, run_after=2026-03-29 00:00:00+00:00
[2026-03-28T22:09:56.563+0000] {processor.py:183} INFO - Processing /opt/airflow/dags/tmdb_daily_dag.py took 0.060 seconds
[2026-03-28T22:10:27.199+0000] {processor.py:161} INFO - Started process (PID=54888) to work on /opt/airflow/dags/tmdb_daily_dag.py
[2026-03-28T22:10:27.201+0000] {processor.py:830} INFO - Processing file /opt/airflow/dags/tmdb_daily_dag.py for tasks to queue
[2026-03-28T22:10:27.202+0000] {logging_mixin.py:188} INFO - [2026-03-28T22:10:27.202+0000] {dagbag.py:545} INFO - Filling up the DagBag from /opt/airflow/dags/tmdb_daily_dag.py
[2026-03-28T22:10:27.208+0000] {processor.py:840} INFO - DAG(s) 'tmdb_raw_pipeline' retrieved from /opt/airflow/dags/tmdb_daily_dag.py
[2026-03-28T22:10:27.218+0000] {logging_mixin.py:188} INFO - [2026-03-28T22:10:27.218+0000] {dag.py:3096} INFO - Sync 1 DAGs
[2026-03-28T22:10:27.226+0000] {logging_mixin.py:188} INFO - [2026-03-28T22:10:27.226+0000] {dag.py:3954} INFO - Setting next_dagrun for tmdb_raw_pipeline to 2026-03-28 00:00:00+00:00, run_after=2026-03-29 00:00:00+00:00
[2026-03-28T22:10:27.366+0000] {processor.py:183} INFO - Processing /opt/airflow/dags/tmdb_daily_dag.py took 0.172 seconds
[2026-03-28T22:10:58.091+0000] {processor.py:161} INFO - Started process (PID=54906) to work on /opt/airflow/dags/tmdb_daily_dag.py
[2026-03-28T22:10:58.092+0000] {processor.py:830} INFO - Processing file /opt/airflow/dags/tmdb_daily_dag.py for tasks to queue
[2026-03-28T22:10:58.093+0000] {logging_mixin.py:188} INFO - [2026-03-28T22:10:58.093+0000] {dagbag.py:545} INFO - Filling up the DagBag from /opt/airflow/dags/tmdb_daily_dag.py
[2026-03-28T22:10:58.100+0000] {processor.py:840} INFO - DAG(s) 'tmdb_raw_pipeline' retrieved from /opt/airflow/dags/tmdb_daily_dag.py
[2026-03-28T22:10:58.113+0000] {logging_mixin.py:188} INFO - [2026-03-28T22:10:58.113+0000] {dag.py:3096} INFO - Sync 1 DAGs
[2026-03-28T22:10:58.211+0000] {logging_mixin.py:188} INFO - [2026-03-28T22:10:58.211+0000] {dag.py:3954} INFO - Setting next_dagrun for tmdb_raw_pipeline to 2026-03-28 00:00:00+00:00, run_after=2026-03-29 00:00:00+00:00
[2026-03-28T22:10:58.226+0000] {processor.py:183} INFO - Processing /opt/airflow/dags/tmdb_daily_dag.py took 0.138 seconds
[2026-03-28T22:11:28.739+0000] {processor.py:161} INFO - Started process (PID=54928) to work on /opt/airflow/dags/tmdb_daily_dag.py
[2026-03-28T22:11:28.743+0000] {processor.py:830} INFO - Processing file /opt/airflow/dags/tmdb_daily_dag.py for tasks to queue
[2026-03-28T22:11:28.744+0000] {logging_mixin.py:188} INFO - [2026-03-28T22:11:28.743+0000] {dagbag.py:545} INFO - Filling up the DagBag from /opt/airflow/dags/tmdb_daily_dag.py
[2026-03-28T22:11:28.753+0000] {processor.py:840} INFO - DAG(s) 'tmdb_raw_pipeline' retrieved from /opt/airflow/dags/tmdb_daily_dag.py
[2026-03-28T22:11:28.764+0000] {logging_mixin.py:188} INFO - [2026-03-28T22:11:28.764+0000] {dag.py:3096} INFO - Sync 1 DAGs
[2026-03-28T22:11:28.774+0000] {logging_mixin.py:188} INFO - [2026-03-28T22:11:28.773+0000] {dag.py:3954} INFO - Setting next_dagrun for tmdb_raw_pipeline to 2026-03-28 00:00:00+00:00, run_after=2026-03-29 00:00:00+00:00
[2026-03-28T22:11:28.779+0000] {processor.py:183} INFO - Processing /opt/airflow/dags/tmdb_daily_dag.py took 0.045 seconds
[2026-03-28T22:11:59.273+0000] {processor.py:161} INFO - Started process (PID=54948) to work on /opt/airflow/dags/tmdb_daily_dag.py
[2026-03-28T22:11:59.274+0000] {processor.py:830} INFO - Processing file /opt/airflow/dags/tmdb_daily_dag.py for tasks to queue
[2026-03-28T22:11:59.275+0000] {logging_mixin.py:188} INFO - [2026-03-28T22:11:59.274+0000] {dagbag.py:545} INFO - Filling up the DagBag from /opt/airflow/dags/tmdb_daily_dag.py
[2026-03-28T22:11:59.280+0000] {processor.py:840} INFO - DAG(s) 'tmdb_raw_pipeline' retrieved from /opt/airflow/dags/tmdb_daily_dag.py
[2026-03-28T22:11:59.292+0000] {logging_mixin.py:188} INFO - [2026-03-28T22:11:59.292+0000] {dag.py:3096} INFO - Sync 1 DAGs
[2026-03-28T22:11:59.300+0000] {logging_mixin.py:188} INFO - [2026-03-28T22:11:59.300+0000] {dag.py:3954} INFO - Setting next_dagrun for tmdb_raw_pipeline to 2026-03-28 00:00:00+00:00, run_after=2026-03-29 00:00:00+00:00
[2026-03-28T22:11:59.307+0000] {processor.py:183} INFO - Processing /opt/airflow/dags/tmdb_daily_dag.py took 0.036 seconds
[2026-03-28T22:12:29.854+0000] {processor.py:161} INFO - Started process (PID=54968) to work on /opt/airflow/dags/tmdb_daily_dag.py
[2026-03-28T22:12:29.855+0000] {processor.py:830} INFO - Processing file /opt/airflow/dags/tmdb_daily_dag.py for tasks to queue
[2026-03-28T22:12:29.856+0000] {logging_mixin.py:188} INFO - [2026-03-28T22:12:29.855+0000] {dagbag.py:545} INFO - Filling up the DagBag from /opt/airflow/dags/tmdb_daily_dag.py
[2026-03-28T22:12:29.861+0000] {processor.py:840} INFO - DAG(s) 'tmdb_raw_pipeline' retrieved from /opt/airflow/dags/tmdb_daily_dag.py
[2026-03-28T22:12:29.871+0000] {logging_mixin.py:188} INFO - [2026-03-28T22:12:29.871+0000] {dag.py:3096} INFO - Sync 1 DAGs
[2026-03-28T22:12:29.879+0000] {logging_mixin.py:188} INFO - [2026-03-28T22:12:29.879+0000] {dag.py:3954} INFO - Setting next_dagrun for tmdb_raw_pipeline to 2026-03-28 00:00:00+00:00, run_after=2026-03-29 00:00:00+00:00
[2026-03-28T22:12:30.026+0000] {processor.py:183} INFO - Processing /opt/airflow/dags/tmdb_daily_dag.py took 0.174 seconds
[2026-03-28T22:13:00.625+0000] {processor.py:161} INFO - Started process (PID=54988) to work on /opt/airflow/dags/tmdb_daily_dag.py
[2026-03-28T22:13:00.626+0000] {processor.py:830} INFO - Processing file /opt/airflow/dags/tmdb_daily_dag.py for tasks to queue
[2026-03-28T22:13:00.627+0000] {logging_mixin.py:188} INFO - [2026-03-28T22:13:00.626+0000] {dagbag.py:545} INFO - Filling up the DagBag from /opt/airflow/dags/tmdb_daily_dag.py
[2026-03-28T22:13:00.634+0000] {processor.py:840} INFO - DAG(s) 'tmdb_raw_pipeline' retrieved from /opt/airflow/dags/tmdb_daily_dag.py
[2026-03-28T22:13:00.645+0000] {logging_mixin.py:188} INFO - [2026-03-28T22:13:00.645+0000] {dag.py:3096} INFO - Sync 1 DAGs
[2026-03-28T22:13:00.720+0000] {logging_mixin.py:188} INFO - [2026-03-28T22:13:00.720+0000] {dag.py:3954} INFO - Setting next_dagrun for tmdb_raw_pipeline to 2026-03-28 00:00:00+00:00, run_after=2026-03-29 00:00:00+00:00
[2026-03-28T22:13:00.726+0000] {processor.py:183} INFO - Processing /opt/airflow/dags/tmdb_daily_dag.py took 0.103 seconds
[2026-03-28T22:13:31.304+0000] {processor.py:161} INFO - Started process (PID=55008) to work on /opt/airflow/dags/tmdb_daily_dag.py
[2026-03-28T22:13:31.305+0000] {processor.py:830} INFO - Processing file /opt/airflow/dags/tmdb_daily_dag.py for tasks to queue
[2026-03-28T22:13:31.305+0000] {logging_mixin.py:188} INFO - [2026-03-28T22:13:31.305+0000] {dagbag.py:545} INFO - Filling up the DagBag from /opt/airflow/dags/tmdb_daily_dag.py
[2026-03-28T22:13:31.312+0000] {processor.py:840} INFO - DAG(s) 'tmdb_raw_pipeline' retrieved from /opt/airflow/dags/tmdb_daily_dag.py
[2026-03-28T22:13:31.325+0000] {logging_mixin.py:188} INFO - [2026-03-28T22:13:31.325+0000] {dag.py:3096} INFO - Sync 1 DAGs
[2026-03-28T22:13:31.334+0000] {logging_mixin.py:188} INFO - [2026-03-28T22:13:31.334+0000] {dag.py:3954} INFO - Setting next_dagrun for tmdb_raw_pipeline to 2026-03-28 00:00:00+00:00, run_after=2026-03-29 00:00:00+00:00
[2026-03-28T22:13:31.339+0000] {processor.py:183} INFO - Processing /opt/airflow/dags/tmdb_daily_dag.py took 0.038 seconds
[2026-03-28T22:14:01.820+0000] {processor.py:161} INFO - Started process (PID=55028) to work on /opt/airflow/dags/tmdb_daily_dag.py
[2026-03-28T22:14:01.821+0000] {processor.py:830} INFO - Processing file /opt/airflow/dags/tmdb_daily_dag.py for tasks to queue
[2026-03-28T22:14:01.821+0000] {logging_mixin.py:188} INFO - [2026-03-28T22:14:01.821+0000] {dagbag.py:545} INFO - Filling up the DagBag from /opt/airflow/dags/tmdb_daily_dag.py
[2026-03-28T22:14:01.827+0000] {processor.py:840} INFO - DAG(s) 'tmdb_raw_pipeline' retrieved from /opt/airflow/dags/tmdb_daily_dag.py
[2026-03-28T22:14:01.836+0000] {logging_mixin.py:188} INFO - [2026-03-28T22:14:01.836+0000] {dag.py:3096} INFO - Sync 1 DAGs
[2026-03-28T22:14:01.845+0000] {logging_mixin.py:188} INFO - [2026-03-28T22:14:01.844+0000] {dag.py:3954} INFO - Setting next_dagrun for tmdb_raw_pipeline to 2026-03-28 00:00:00+00:00, run_after=2026-03-29 00:00:00+00:00
[2026-03-28T22:14:01.850+0000] {processor.py:183} INFO - Processing /opt/airflow/dags/tmdb_daily_dag.py took 0.034 seconds
[2026-03-28T22:14:32.385+0000] {processor.py:161} INFO - Started process (PID=55048) to work on /opt/airflow/dags/tmdb_daily_dag.py
[2026-03-28T22:14:32.386+0000] {processor.py:830} INFO - Processing file /opt/airflow/dags/tmdb_daily_dag.py for tasks to queue
[2026-03-28T22:14:32.387+0000] {logging_mixin.py:188} INFO - [2026-03-28T22:14:32.387+0000] {dagbag.py:545} INFO - Filling up the DagBag from /opt/airflow/dags/tmdb_daily_dag.py
[2026-03-28T22:14:32.393+0000] {processor.py:840} INFO - DAG(s) 'tmdb_raw_pipeline' retrieved from /opt/airflow/dags/tmdb_daily_dag.py
[2026-03-28T22:14:32.404+0000] {logging_mixin.py:188} INFO - [2026-03-28T22:14:32.404+0000] {dag.py:3096} INFO - Sync 1 DAGs
[2026-03-28T22:14:32.413+0000] {logging_mixin.py:188} INFO - [2026-03-28T22:14:32.413+0000] {dag.py:3954} INFO - Setting next_dagrun for tmdb_raw_pipeline to 2026-03-28 00:00:00+00:00, run_after=2026-03-29 00:00:00+00:00
[2026-03-28T22:14:32.560+0000] {processor.py:183} INFO - Processing /opt/airflow/dags/tmdb_daily_dag.py took 0.179 seconds
[2026-03-28T22:15:03.286+0000] {processor.py:161} INFO - Started process (PID=55068) to work on /opt/airflow/dags/tmdb_daily_dag.py
[2026-03-28T22:15:03.288+0000] {processor.py:830} INFO - Processing file /opt/airflow/dags/tmdb_daily_dag.py for tasks to queue
[2026-03-28T22:15:03.288+0000] {logging_mixin.py:188} INFO - [2026-03-28T22:15:03.288+0000] {dagbag.py:545} INFO - Filling up the DagBag from /opt/airflow/dags/tmdb_daily_dag.py
[2026-03-28T22:15:03.294+0000] {processor.py:840} INFO - DAG(s) 'tmdb_raw_pipeline' retrieved from /opt/airflow/dags/tmdb_daily_dag.py
[2026-03-28T22:15:03.304+0000] {logging_mixin.py:188} INFO - [2026-03-28T22:15:03.303+0000] {dag.py:3096} INFO - Sync 1 DAGs
[2026-03-28T22:15:03.370+0000] {logging_mixin.py:188} INFO - [2026-03-28T22:15:03.370+0000] {dag.py:3954} INFO - Setting next_dagrun for tmdb_raw_pipeline to 2026-03-28 00:00:00+00:00, run_after=2026-03-29 00:00:00+00:00
[2026-03-28T22:15:03.376+0000] {processor.py:183} INFO - Processing /opt/airflow/dags/tmdb_daily_dag.py took 0.093 seconds
[2026-03-28T22:15:33.889+0000] {processor.py:161} INFO - Started process (PID=55088) to work on /opt/airflow/dags/tmdb_daily_dag.py
[2026-03-28T22:15:33.890+0000] {processor.py:830} INFO - Processing file /opt/airflow/dags/tmdb_daily_dag.py for tasks to queue
[2026-03-28T22:15:33.891+0000] {logging_mixin.py:188} INFO - [2026-03-28T22:15:33.891+0000] {dagbag.py:545} INFO - Filling up the DagBag from /opt/airflow/dags/tmdb_daily_dag.py
[2026-03-28T22:15:33.897+0000] {processor.py:840} INFO - DAG(s) 'tmdb_raw_pipeline' retrieved from /opt/airflow/dags/tmdb_daily_dag.py
[2026-03-28T22:15:33.907+0000] {logging_mixin.py:188} INFO - [2026-03-28T22:15:33.907+0000] {dag.py:3096} INFO - Sync 1 DAGs
[2026-03-28T22:15:33.917+0000] {logging_mixin.py:188} INFO - [2026-03-28T22:15:33.917+0000] {dag.py:3954} INFO - Setting next_dagrun for tmdb_raw_pipeline to 2026-03-28 00:00:00+00:00, run_after=2026-03-29 00:00:00+00:00
[2026-03-28T22:15:33.923+0000] {processor.py:183} INFO - Processing /opt/airflow/dags/tmdb_daily_dag.py took 0.036 seconds
[2026-03-28T22:16:04.387+0000] {processor.py:161} INFO - Started process (PID=55108) to work on /opt/airflow/dags/tmdb_daily_dag.py
[2026-03-28T22:16:04.389+0000] {processor.py:830} INFO - Processing file /opt/airflow/dags/tmdb_daily_dag.py for tasks to queue
[2026-03-28T22:16:04.389+0000] {logging_mixin.py:188} INFO - [2026-03-28T22:16:04.389+0000] {dagbag.py:545} INFO - Filling up the DagBag from /opt/airflow/dags/tmdb_daily_dag.py
[2026-03-28T22:16:04.395+0000] {processor.py:840} INFO - DAG(s) 'tmdb_raw_pipeline' retrieved from /opt/airflow/dags/tmdb_daily_dag.py
[2026-03-28T22:16:04.405+0000] {logging_mixin.py:188} INFO - [2026-03-28T22:16:04.404+0000] {dag.py:3096} INFO - Sync 1 DAGs
[2026-03-28T22:16:04.413+0000] {logging_mixin.py:188} INFO - [2026-03-28T22:16:04.413+0000] {dag.py:3954} INFO - Setting next_dagrun for tmdb_raw_pipeline to 2026-03-28 00:00:00+00:00, run_after=2026-03-29 00:00:00+00:00
[2026-03-28T22:16:04.419+0000] {processor.py:183} INFO - Processing /opt/airflow/dags/tmdb_daily_dag.py took 0.036 seconds
[2026-03-28T22:16:34.937+0000] {processor.py:161} INFO - Started process (PID=55128) to work on /opt/airflow/dags/tmdb_daily_dag.py
[2026-03-28T22:16:34.938+0000] {processor.py:830} INFO - Processing file /opt/airflow/dags/tmdb_daily_dag.py for tasks to queue
[2026-03-28T22:16:34.939+0000] {logging_mixin.py:188} INFO - [2026-03-28T22:16:34.938+0000] {dagbag.py:545} INFO - Filling up the DagBag from /opt/airflow/dags/tmdb_daily_dag.py
[2026-03-28T22:16:34.945+0000] {processor.py:840} INFO - DAG(s) 'tmdb_raw_pipeline' retrieved from /opt/airflow/dags/tmdb_daily_dag.py
[2026-03-28T22:16:34.955+0000] {logging_mixin.py:188} INFO - [2026-03-28T22:16:34.955+0000] {dag.py:3096} INFO - Sync 1 DAGs
[2026-03-28T22:16:34.964+0000] {logging_mixin.py:188} INFO - [2026-03-28T22:16:34.963+0000] {dag.py:3954} INFO - Setting next_dagrun for tmdb_raw_pipeline to 2026-03-28 00:00:00+00:00, run_after=2026-03-29 00:00:00+00:00
[2026-03-28T22:16:35.132+0000] {processor.py:183} INFO - Processing /opt/airflow/dags/tmdb_daily_dag.py took 0.201 seconds
[2026-03-28T22:17:05.674+0000] {processor.py:161} INFO - Started process (PID=55146) to work on /opt/airflow/dags/tmdb_daily_dag.py
[2026-03-28T22:17:05.675+0000] {processor.py:830} INFO - Processing file /opt/airflow/dags/tmdb_daily_dag.py for tasks to queue
[2026-03-28T22:17:05.677+0000] {logging_mixin.py:188} INFO - [2026-03-28T22:17:05.677+0000] {dagbag.py:545} INFO - Filling up the DagBag from /opt/airflow/dags/tmdb_daily_dag.py
[2026-03-28T22:17:05.683+0000] {processor.py:840} INFO - DAG(s) 'tmdb_raw_pipeline' retrieved from /opt/airflow/dags/tmdb_daily_dag.py
[2026-03-28T22:17:05.697+0000] {logging_mixin.py:188} INFO - [2026-03-28T22:17:05.696+0000] {dag.py:3096} INFO - Sync 1 DAGs
[2026-03-28T22:17:05.775+0000] {logging_mixin.py:188} INFO - [2026-03-28T22:17:05.775+0000] {dag.py:3954} INFO - Setting next_dagrun for tmdb_raw_pipeline to 2026-03-28 00:00:00+00:00, run_after=2026-03-29 00:00:00+00:00
[2026-03-28T22:17:05.786+0000] {processor.py:183} INFO - Processing /opt/airflow/dags/tmdb_daily_dag.py took 0.115 seconds
[2026-03-28T22:17:36.295+0000] {processor.py:161} INFO - Started process (PID=55168) to work on /opt/airflow/dags/tmdb_daily_dag.py
[2026-03-28T22:17:36.297+0000] {processor.py:830} INFO - Processing file /opt/airflow/dags/tmdb_daily_dag.py for tasks to queue
[2026-03-28T22:17:36.298+0000] {logging_mixin.py:188} INFO - [2026-03-28T22:17:36.297+0000] {dagbag.py:545} INFO - Filling up the DagBag from /opt/airflow/dags/tmdb_daily_dag.py
[2026-03-28T22:17:36.304+0000] {processor.py:840} INFO - DAG(s) 'tmdb_raw_pipeline' retrieved from /opt/airflow/dags/tmdb_daily_dag.py
[2026-03-28T22:17:36.314+0000] {logging_mixin.py:188} INFO - [2026-03-28T22:17:36.314+0000] {dag.py:3096} INFO - Sync 1 DAGs
[2026-03-28T22:17:36.325+0000] {logging_mixin.py:188} INFO - [2026-03-28T22:17:36.325+0000] {dag.py:3954} INFO - Setting next_dagrun for tmdb_raw_pipeline to 2026-03-28 00:00:00+00:00, run_after=2026-03-29 00:00:00+00:00
[2026-03-28T22:17:36.331+0000] {processor.py:183} INFO - Processing /opt/airflow/dags/tmdb_daily_dag.py took 0.038 seconds
[2026-03-28T22:18:06.933+0000] {processor.py:161} INFO - Started process (PID=55188) to work on /opt/airflow/dags/tmdb_daily_dag.py
[2026-03-28T22:18:06.935+0000] {processor.py:830} INFO - Processing file /opt/airflow/dags/tmdb_daily_dag.py for tasks to queue
[2026-03-28T22:18:06.935+0000] {logging_mixin.py:188} INFO - [2026-03-28T22:18:06.935+0000] {dagbag.py:545} INFO - Filling up the DagBag from /opt/airflow/dags/tmdb_daily_dag.py
[2026-03-28T22:18:06.941+0000] {processor.py:840} INFO - DAG(s) 'tmdb_raw_pipeline' retrieved from /opt/airflow/dags/tmdb_daily_dag.py
[2026-03-28T22:18:06.951+0000] {logging_mixin.py:188} INFO - [2026-03-28T22:18:06.951+0000] {dag.py:3096} INFO - Sync 1 DAGs
[2026-03-28T22:18:06.959+0000] {logging_mixin.py:188} INFO - [2026-03-28T22:18:06.959+0000] {dag.py:3954} INFO - Setting next_dagrun for tmdb_raw_pipeline to 2026-03-28 00:00:00+00:00, run_after=2026-03-29 00:00:00+00:00
[2026-03-28T22:18:06.965+0000] {processor.py:183} INFO - Processing /opt/airflow/dags/tmdb_daily_dag.py took 0.035 seconds
[2026-03-28T22:36:05.540+0000] {processor.py:161} INFO - Started process (PID=55208) to work on /opt/airflow/dags/tmdb_daily_dag.py
[2026-03-28T22:36:05.541+0000] {processor.py:830} INFO - Processing file /opt/airflow/dags/tmdb_daily_dag.py for tasks to queue
[2026-03-28T22:36:05.542+0000] {logging_mixin.py:188} INFO - [2026-03-28T22:36:05.541+0000] {dagbag.py:545} INFO - Filling up the DagBag from /opt/airflow/dags/tmdb_daily_dag.py
[2026-03-28T22:36:05.549+0000] {processor.py:840} INFO - DAG(s) 'tmdb_raw_pipeline' retrieved from /opt/airflow/dags/tmdb_daily_dag.py
[2026-03-28T22:36:05.559+0000] {logging_mixin.py:188} INFO - [2026-03-28T22:36:05.559+0000] {dag.py:3096} INFO - Sync 1 DAGs
[2026-03-28T22:36:05.567+0000] {logging_mixin.py:188} INFO - [2026-03-28T22:36:05.567+0000] {dag.py:3954} INFO - Setting next_dagrun for tmdb_raw_pipeline to 2026-03-28 00:00:00+00:00, run_after=2026-03-29 00:00:00+00:00
[2026-03-28T22:36:05.573+0000] {processor.py:183} INFO - Processing /opt/airflow/dags/tmdb_daily_dag.py took 0.037 seconds
[2026-03-28T23:51:19.151+0000] {processor.py:161} INFO - Started process (PID=55228) to work on /opt/airflow/dags/tmdb_daily_dag.py
[2026-03-28T23:51:19.155+0000] {processor.py:830} INFO - Processing file /opt/airflow/dags/tmdb_daily_dag.py for tasks to queue
[2026-03-28T23:51:19.155+0000] {logging_mixin.py:188} INFO - [2026-03-28T23:51:19.155+0000] {dagbag.py:545} INFO - Filling up the DagBag from /opt/airflow/dags/tmdb_daily_dag.py
[2026-03-28T23:51:19.161+0000] {processor.py:840} INFO - DAG(s) 'tmdb_raw_pipeline' retrieved from /opt/airflow/dags/tmdb_daily_dag.py
[2026-03-28T23:51:19.171+0000] {logging_mixin.py:188} INFO - [2026-03-28T23:51:19.171+0000] {dag.py:3096} INFO - Sync 1 DAGs
[2026-03-28T23:51:19.326+0000] {logging_mixin.py:188} INFO - [2026-03-28T23:51:19.326+0000] {dag.py:3954} INFO - Setting next_dagrun for tmdb_raw_pipeline to 2026-03-28 00:00:00+00:00, run_after=2026-03-29 00:00:00+00:00
[2026-03-28T23:51:19.333+0000] {processor.py:183} INFO - Processing /opt/airflow/dags/tmdb_daily_dag.py took 0.185 seconds
[2026-03-28T23:51:49.883+0000] {processor.py:161} INFO - Started process (PID=55248) to work on /opt/airflow/dags/tmdb_daily_dag.py
[2026-03-28T23:51:49.884+0000] {processor.py:830} INFO - Processing file /opt/airflow/dags/tmdb_daily_dag.py for tasks to queue
[2026-03-28T23:51:49.884+0000] {logging_mixin.py:188} INFO - [2026-03-28T23:51:49.884+0000] {dagbag.py:545} INFO - Filling up the DagBag from /opt/airflow/dags/tmdb_daily_dag.py
[2026-03-28T23:51:49.891+0000] {processor.py:840} INFO - DAG(s) 'tmdb_raw_pipeline' retrieved from /opt/airflow/dags/tmdb_daily_dag.py
[2026-03-28T23:51:49.901+0000] {logging_mixin.py:188} INFO - [2026-03-28T23:51:49.901+0000] {dag.py:3096} INFO - Sync 1 DAGs
[2026-03-28T23:51:49.909+0000] {logging_mixin.py:188} INFO - [2026-03-28T23:51:49.909+0000] {dag.py:3954} INFO - Setting next_dagrun for tmdb_raw_pipeline to 2026-03-28 00:00:00+00:00, run_after=2026-03-29 00:00:00+00:00
[2026-03-28T23:51:49.915+0000] {processor.py:183} INFO - Processing /opt/airflow/dags/tmdb_daily_dag.py took 0.034 seconds
