[2026-04-04T00:00:15.518+0000] {processor.py:161} INFO - Started process (PID=16995) to work on /opt/airflow/dags/tmdb_pipeline_to_stage.py
[2026-04-04T00:00:15.519+0000] {processor.py:830} INFO - Processing file /opt/airflow/dags/tmdb_pipeline_to_stage.py for tasks to queue
[2026-04-04T00:00:15.520+0000] {logging_mixin.py:188} INFO - [2026-04-04T00:00:15.520+0000] {dagbag.py:545} INFO - Filling up the DagBag from /opt/airflow/dags/tmdb_pipeline_to_stage.py
[2026-04-04T00:00:15.545+0000] {processor.py:840} INFO - DAG(s) 'tmdb_stage_pipeline' retrieved from /opt/airflow/dags/tmdb_pipeline_to_stage.py
[2026-04-04T00:00:15.570+0000] {logging_mixin.py:188} INFO - [2026-04-04T00:00:15.570+0000] {dag.py:3096} INFO - Sync 1 DAGs
[2026-04-04T00:00:15.585+0000] {logging_mixin.py:188} INFO - [2026-04-04T00:00:15.585+0000] {dag.py:3954} INFO - Setting next_dagrun for tmdb_stage_pipeline to None, run_after=None
[2026-04-04T00:00:15.600+0000] {processor.py:183} INFO - Processing /opt/airflow/dags/tmdb_pipeline_to_stage.py took 0.096 seconds
[2026-04-04T00:00:46.174+0000] {processor.py:161} INFO - Started process (PID=17015) to work on /opt/airflow/dags/tmdb_pipeline_to_stage.py
[2026-04-04T00:00:46.176+0000] {processor.py:830} INFO - Processing file /opt/airflow/dags/tmdb_pipeline_to_stage.py for tasks to queue
[2026-04-04T00:00:46.177+0000] {logging_mixin.py:188} INFO - [2026-04-04T00:00:46.177+0000] {dagbag.py:545} INFO - Filling up the DagBag from /opt/airflow/dags/tmdb_pipeline_to_stage.py
[2026-04-04T00:00:46.202+0000] {processor.py:840} INFO - DAG(s) 'tmdb_stage_pipeline' retrieved from /opt/airflow/dags/tmdb_pipeline_to_stage.py
[2026-04-04T00:00:46.242+0000] {logging_mixin.py:188} INFO - [2026-04-04T00:00:46.241+0000] {dag.py:3096} INFO - Sync 1 DAGs
[2026-04-04T00:00:46.259+0000] {logging_mixin.py:188} INFO - [2026-04-04T00:00:46.258+0000] {dag.py:3954} INFO - Setting next_dagrun for tmdb_stage_pipeline to None, run_after=None
[2026-04-04T00:00:46.273+0000] {processor.py:183} INFO - Processing /opt/airflow/dags/tmdb_pipeline_to_stage.py took 0.107 seconds
[2026-04-04T00:01:16.988+0000] {processor.py:161} INFO - Started process (PID=17035) to work on /opt/airflow/dags/tmdb_pipeline_to_stage.py
[2026-04-04T00:01:16.991+0000] {processor.py:830} INFO - Processing file /opt/airflow/dags/tmdb_pipeline_to_stage.py for tasks to queue
[2026-04-04T00:01:16.993+0000] {logging_mixin.py:188} INFO - [2026-04-04T00:01:16.992+0000] {dagbag.py:545} INFO - Filling up the DagBag from /opt/airflow/dags/tmdb_pipeline_to_stage.py
[2026-04-04T00:01:17.017+0000] {processor.py:840} INFO - DAG(s) 'tmdb_stage_pipeline' retrieved from /opt/airflow/dags/tmdb_pipeline_to_stage.py
[2026-04-04T00:01:17.061+0000] {logging_mixin.py:188} INFO - [2026-04-04T00:01:17.061+0000] {dag.py:3096} INFO - Sync 1 DAGs
[2026-04-04T00:01:17.086+0000] {logging_mixin.py:188} INFO - [2026-04-04T00:01:17.086+0000] {dag.py:3954} INFO - Setting next_dagrun for tmdb_stage_pipeline to None, run_after=None
[2026-04-04T00:01:17.102+0000] {processor.py:183} INFO - Processing /opt/airflow/dags/tmdb_pipeline_to_stage.py took 0.130 seconds
[2026-04-04T00:01:47.680+0000] {processor.py:161} INFO - Started process (PID=17055) to work on /opt/airflow/dags/tmdb_pipeline_to_stage.py
[2026-04-04T00:01:47.682+0000] {processor.py:830} INFO - Processing file /opt/airflow/dags/tmdb_pipeline_to_stage.py for tasks to queue
[2026-04-04T00:01:47.683+0000] {logging_mixin.py:188} INFO - [2026-04-04T00:01:47.683+0000] {dagbag.py:545} INFO - Filling up the DagBag from /opt/airflow/dags/tmdb_pipeline_to_stage.py
[2026-04-04T00:01:47.705+0000] {processor.py:840} INFO - DAG(s) 'tmdb_stage_pipeline' retrieved from /opt/airflow/dags/tmdb_pipeline_to_stage.py
[2026-04-04T00:01:47.765+0000] {logging_mixin.py:188} INFO - [2026-04-04T00:01:47.765+0000] {dag.py:3096} INFO - Sync 1 DAGs
[2026-04-04T00:01:47.789+0000] {logging_mixin.py:188} INFO - [2026-04-04T00:01:47.789+0000] {dag.py:3954} INFO - Setting next_dagrun for tmdb_stage_pipeline to None, run_after=None
[2026-04-04T00:01:47.815+0000] {processor.py:183} INFO - Processing /opt/airflow/dags/tmdb_pipeline_to_stage.py took 0.158 seconds
[2026-04-04T00:02:18.384+0000] {processor.py:161} INFO - Started process (PID=17075) to work on /opt/airflow/dags/tmdb_pipeline_to_stage.py
[2026-04-04T00:02:18.387+0000] {processor.py:830} INFO - Processing file /opt/airflow/dags/tmdb_pipeline_to_stage.py for tasks to queue
[2026-04-04T00:02:18.389+0000] {logging_mixin.py:188} INFO - [2026-04-04T00:02:18.388+0000] {dagbag.py:545} INFO - Filling up the DagBag from /opt/airflow/dags/tmdb_pipeline_to_stage.py
[2026-04-04T00:02:18.409+0000] {processor.py:840} INFO - DAG(s) 'tmdb_stage_pipeline' retrieved from /opt/airflow/dags/tmdb_pipeline_to_stage.py
[2026-04-04T00:02:18.460+0000] {logging_mixin.py:188} INFO - [2026-04-04T00:02:18.460+0000] {dag.py:3096} INFO - Sync 1 DAGs
[2026-04-04T00:02:18.488+0000] {logging_mixin.py:188} INFO - [2026-04-04T00:02:18.488+0000] {dag.py:3954} INFO - Setting next_dagrun for tmdb_stage_pipeline to None, run_after=None
[2026-04-04T00:02:18.519+0000] {processor.py:183} INFO - Processing /opt/airflow/dags/tmdb_pipeline_to_stage.py took 0.149 seconds
[2026-04-04T00:02:49.111+0000] {processor.py:161} INFO - Started process (PID=17095) to work on /opt/airflow/dags/tmdb_pipeline_to_stage.py
[2026-04-04T00:02:49.113+0000] {processor.py:830} INFO - Processing file /opt/airflow/dags/tmdb_pipeline_to_stage.py for tasks to queue
[2026-04-04T00:02:49.116+0000] {logging_mixin.py:188} INFO - [2026-04-04T00:02:49.115+0000] {dagbag.py:545} INFO - Filling up the DagBag from /opt/airflow/dags/tmdb_pipeline_to_stage.py
[2026-04-04T00:02:49.148+0000] {processor.py:840} INFO - DAG(s) 'tmdb_stage_pipeline' retrieved from /opt/airflow/dags/tmdb_pipeline_to_stage.py
[2026-04-04T00:02:49.182+0000] {logging_mixin.py:188} INFO - [2026-04-04T00:02:49.182+0000] {dag.py:3096} INFO - Sync 1 DAGs
[2026-04-04T00:02:49.198+0000] {logging_mixin.py:188} INFO - [2026-04-04T00:02:49.198+0000] {dag.py:3954} INFO - Setting next_dagrun for tmdb_stage_pipeline to None, run_after=None
[2026-04-04T00:02:49.221+0000] {processor.py:183} INFO - Processing /opt/airflow/dags/tmdb_pipeline_to_stage.py took 0.120 seconds
[2026-04-04T00:03:19.903+0000] {processor.py:161} INFO - Started process (PID=17115) to work on /opt/airflow/dags/tmdb_pipeline_to_stage.py
[2026-04-04T00:03:19.907+0000] {processor.py:830} INFO - Processing file /opt/airflow/dags/tmdb_pipeline_to_stage.py for tasks to queue
[2026-04-04T00:03:19.909+0000] {logging_mixin.py:188} INFO - [2026-04-04T00:03:19.909+0000] {dagbag.py:545} INFO - Filling up the DagBag from /opt/airflow/dags/tmdb_pipeline_to_stage.py
[2026-04-04T00:03:19.927+0000] {processor.py:840} INFO - DAG(s) 'tmdb_stage_pipeline' retrieved from /opt/airflow/dags/tmdb_pipeline_to_stage.py
[2026-04-04T00:03:19.960+0000] {logging_mixin.py:188} INFO - [2026-04-04T00:03:19.959+0000] {dag.py:3096} INFO - Sync 1 DAGs
[2026-04-04T00:03:19.981+0000] {logging_mixin.py:188} INFO - [2026-04-04T00:03:19.981+0000] {dag.py:3954} INFO - Setting next_dagrun for tmdb_stage_pipeline to None, run_after=None
[2026-04-04T00:03:19.996+0000] {processor.py:183} INFO - Processing /opt/airflow/dags/tmdb_pipeline_to_stage.py took 0.105 seconds
[2026-04-04T00:03:50.577+0000] {processor.py:161} INFO - Started process (PID=17135) to work on /opt/airflow/dags/tmdb_pipeline_to_stage.py
[2026-04-04T00:03:50.579+0000] {processor.py:830} INFO - Processing file /opt/airflow/dags/tmdb_pipeline_to_stage.py for tasks to queue
[2026-04-04T00:03:50.581+0000] {logging_mixin.py:188} INFO - [2026-04-04T00:03:50.580+0000] {dagbag.py:545} INFO - Filling up the DagBag from /opt/airflow/dags/tmdb_pipeline_to_stage.py
[2026-04-04T00:03:50.712+0000] {processor.py:840} INFO - DAG(s) 'tmdb_stage_pipeline' retrieved from /opt/airflow/dags/tmdb_pipeline_to_stage.py
[2026-04-04T00:03:50.765+0000] {logging_mixin.py:188} INFO - [2026-04-04T00:03:50.765+0000] {dag.py:3096} INFO - Sync 1 DAGs
[2026-04-04T00:03:50.792+0000] {logging_mixin.py:188} INFO - [2026-04-04T00:03:50.792+0000] {dag.py:3954} INFO - Setting next_dagrun for tmdb_stage_pipeline to None, run_after=None
[2026-04-04T00:03:50.828+0000] {processor.py:183} INFO - Processing /opt/airflow/dags/tmdb_pipeline_to_stage.py took 0.261 seconds
[2026-04-04T00:04:21.553+0000] {processor.py:161} INFO - Started process (PID=17155) to work on /opt/airflow/dags/tmdb_pipeline_to_stage.py
[2026-04-04T00:04:21.556+0000] {processor.py:830} INFO - Processing file /opt/airflow/dags/tmdb_pipeline_to_stage.py for tasks to queue
[2026-04-04T00:04:21.559+0000] {logging_mixin.py:188} INFO - [2026-04-04T00:04:21.559+0000] {dagbag.py:545} INFO - Filling up the DagBag from /opt/airflow/dags/tmdb_pipeline_to_stage.py
[2026-04-04T00:04:21.587+0000] {processor.py:840} INFO - DAG(s) 'tmdb_stage_pipeline' retrieved from /opt/airflow/dags/tmdb_pipeline_to_stage.py
[2026-04-04T00:04:21.660+0000] {logging_mixin.py:188} INFO - [2026-04-04T00:04:21.660+0000] {dag.py:3096} INFO - Sync 1 DAGs
[2026-04-04T00:04:21.691+0000] {logging_mixin.py:188} INFO - [2026-04-04T00:04:21.691+0000] {dag.py:3954} INFO - Setting next_dagrun for tmdb_stage_pipeline to None, run_after=None
[2026-04-04T00:04:21.706+0000] {processor.py:183} INFO - Processing /opt/airflow/dags/tmdb_pipeline_to_stage.py took 0.186 seconds
[2026-04-04T00:04:52.353+0000] {processor.py:161} INFO - Started process (PID=17175) to work on /opt/airflow/dags/tmdb_pipeline_to_stage.py
[2026-04-04T00:04:52.354+0000] {processor.py:830} INFO - Processing file /opt/airflow/dags/tmdb_pipeline_to_stage.py for tasks to queue
[2026-04-04T00:04:52.356+0000] {logging_mixin.py:188} INFO - [2026-04-04T00:04:52.356+0000] {dagbag.py:545} INFO - Filling up the DagBag from /opt/airflow/dags/tmdb_pipeline_to_stage.py
[2026-04-04T00:04:52.373+0000] {processor.py:840} INFO - DAG(s) 'tmdb_stage_pipeline' retrieved from /opt/airflow/dags/tmdb_pipeline_to_stage.py
[2026-04-04T00:04:52.400+0000] {logging_mixin.py:188} INFO - [2026-04-04T00:04:52.400+0000] {dag.py:3096} INFO - Sync 1 DAGs
[2026-04-04T00:04:52.418+0000] {logging_mixin.py:188} INFO - [2026-04-04T00:04:52.418+0000] {dag.py:3954} INFO - Setting next_dagrun for tmdb_stage_pipeline to None, run_after=None
[2026-04-04T00:04:52.439+0000] {processor.py:183} INFO - Processing /opt/airflow/dags/tmdb_pipeline_to_stage.py took 0.099 seconds
[2026-04-04T00:05:23.066+0000] {processor.py:161} INFO - Started process (PID=17195) to work on /opt/airflow/dags/tmdb_pipeline_to_stage.py
[2026-04-04T00:05:23.154+0000] {processor.py:830} INFO - Processing file /opt/airflow/dags/tmdb_pipeline_to_stage.py for tasks to queue
[2026-04-04T00:05:23.156+0000] {logging_mixin.py:188} INFO - [2026-04-04T00:05:23.156+0000] {dagbag.py:545} INFO - Filling up the DagBag from /opt/airflow/dags/tmdb_pipeline_to_stage.py
[2026-04-04T00:05:23.175+0000] {processor.py:840} INFO - DAG(s) 'tmdb_stage_pipeline' retrieved from /opt/airflow/dags/tmdb_pipeline_to_stage.py
[2026-04-04T00:05:23.225+0000] {logging_mixin.py:188} INFO - [2026-04-04T00:05:23.225+0000] {dag.py:3096} INFO - Sync 1 DAGs
[2026-04-04T00:05:23.265+0000] {logging_mixin.py:188} INFO - [2026-04-04T00:05:23.265+0000] {dag.py:3954} INFO - Setting next_dagrun for tmdb_stage_pipeline to None, run_after=None
[2026-04-04T00:05:23.282+0000] {processor.py:183} INFO - Processing /opt/airflow/dags/tmdb_pipeline_to_stage.py took 0.228 seconds
[2026-04-04T00:05:53.878+0000] {processor.py:161} INFO - Started process (PID=17215) to work on /opt/airflow/dags/tmdb_pipeline_to_stage.py
[2026-04-04T00:05:53.880+0000] {processor.py:830} INFO - Processing file /opt/airflow/dags/tmdb_pipeline_to_stage.py for tasks to queue
[2026-04-04T00:05:53.881+0000] {logging_mixin.py:188} INFO - [2026-04-04T00:05:53.881+0000] {dagbag.py:545} INFO - Filling up the DagBag from /opt/airflow/dags/tmdb_pipeline_to_stage.py
[2026-04-04T00:05:53.907+0000] {processor.py:840} INFO - DAG(s) 'tmdb_stage_pipeline' retrieved from /opt/airflow/dags/tmdb_pipeline_to_stage.py
[2026-04-04T00:05:53.944+0000] {logging_mixin.py:188} INFO - [2026-04-04T00:05:53.943+0000] {dag.py:3096} INFO - Sync 1 DAGs
[2026-04-04T00:05:53.957+0000] {logging_mixin.py:188} INFO - [2026-04-04T00:05:53.957+0000] {dag.py:3954} INFO - Setting next_dagrun for tmdb_stage_pipeline to None, run_after=None
[2026-04-04T00:05:53.977+0000] {processor.py:183} INFO - Processing /opt/airflow/dags/tmdb_pipeline_to_stage.py took 0.111 seconds
[2026-04-04T00:06:24.731+0000] {processor.py:161} INFO - Started process (PID=17235) to work on /opt/airflow/dags/tmdb_pipeline_to_stage.py
[2026-04-04T00:06:24.735+0000] {processor.py:830} INFO - Processing file /opt/airflow/dags/tmdb_pipeline_to_stage.py for tasks to queue
[2026-04-04T00:06:24.736+0000] {logging_mixin.py:188} INFO - [2026-04-04T00:06:24.735+0000] {dagbag.py:545} INFO - Filling up the DagBag from /opt/airflow/dags/tmdb_pipeline_to_stage.py
[2026-04-04T00:06:24.760+0000] {processor.py:840} INFO - DAG(s) 'tmdb_stage_pipeline' retrieved from /opt/airflow/dags/tmdb_pipeline_to_stage.py
[2026-04-04T00:06:24.791+0000] {logging_mixin.py:188} INFO - [2026-04-04T00:06:24.791+0000] {dag.py:3096} INFO - Sync 1 DAGs
[2026-04-04T00:06:24.807+0000] {logging_mixin.py:188} INFO - [2026-04-04T00:06:24.806+0000] {dag.py:3954} INFO - Setting next_dagrun for tmdb_stage_pipeline to None, run_after=None
[2026-04-04T00:06:24.825+0000] {processor.py:183} INFO - Processing /opt/airflow/dags/tmdb_pipeline_to_stage.py took 0.111 seconds
[2026-04-04T00:06:55.606+0000] {processor.py:161} INFO - Started process (PID=17255) to work on /opt/airflow/dags/tmdb_pipeline_to_stage.py
[2026-04-04T00:06:55.608+0000] {processor.py:830} INFO - Processing file /opt/airflow/dags/tmdb_pipeline_to_stage.py for tasks to queue
[2026-04-04T00:06:55.609+0000] {logging_mixin.py:188} INFO - [2026-04-04T00:06:55.609+0000] {dagbag.py:545} INFO - Filling up the DagBag from /opt/airflow/dags/tmdb_pipeline_to_stage.py
[2026-04-04T00:06:55.626+0000] {processor.py:840} INFO - DAG(s) 'tmdb_stage_pipeline' retrieved from /opt/airflow/dags/tmdb_pipeline_to_stage.py
[2026-04-04T00:06:55.692+0000] {logging_mixin.py:188} INFO - [2026-04-04T00:06:55.692+0000] {dag.py:3096} INFO - Sync 1 DAGs
[2026-04-04T00:06:55.721+0000] {logging_mixin.py:188} INFO - [2026-04-04T00:06:55.720+0000] {dag.py:3954} INFO - Setting next_dagrun for tmdb_stage_pipeline to None, run_after=None
[2026-04-04T00:06:55.741+0000] {processor.py:183} INFO - Processing /opt/airflow/dags/tmdb_pipeline_to_stage.py took 0.147 seconds
[2026-04-04T00:07:26.394+0000] {processor.py:161} INFO - Started process (PID=17275) to work on /opt/airflow/dags/tmdb_pipeline_to_stage.py
[2026-04-04T00:07:26.397+0000] {processor.py:830} INFO - Processing file /opt/airflow/dags/tmdb_pipeline_to_stage.py for tasks to queue
[2026-04-04T00:07:26.398+0000] {logging_mixin.py:188} INFO - [2026-04-04T00:07:26.397+0000] {dagbag.py:545} INFO - Filling up the DagBag from /opt/airflow/dags/tmdb_pipeline_to_stage.py
[2026-04-04T00:07:26.448+0000] {processor.py:840} INFO - DAG(s) 'tmdb_stage_pipeline' retrieved from /opt/airflow/dags/tmdb_pipeline_to_stage.py
[2026-04-04T00:07:26.480+0000] {logging_mixin.py:188} INFO - [2026-04-04T00:07:26.480+0000] {dag.py:3096} INFO - Sync 1 DAGs
[2026-04-04T00:07:26.509+0000] {logging_mixin.py:188} INFO - [2026-04-04T00:07:26.509+0000] {dag.py:3954} INFO - Setting next_dagrun for tmdb_stage_pipeline to None, run_after=None
[2026-04-04T00:07:26.525+0000] {processor.py:183} INFO - Processing /opt/airflow/dags/tmdb_pipeline_to_stage.py took 0.149 seconds
[2026-04-04T00:07:57.128+0000] {processor.py:161} INFO - Started process (PID=17295) to work on /opt/airflow/dags/tmdb_pipeline_to_stage.py
[2026-04-04T00:07:57.130+0000] {processor.py:830} INFO - Processing file /opt/airflow/dags/tmdb_pipeline_to_stage.py for tasks to queue
[2026-04-04T00:07:57.132+0000] {logging_mixin.py:188} INFO - [2026-04-04T00:07:57.131+0000] {dagbag.py:545} INFO - Filling up the DagBag from /opt/airflow/dags/tmdb_pipeline_to_stage.py
[2026-04-04T00:07:57.154+0000] {processor.py:840} INFO - DAG(s) 'tmdb_stage_pipeline' retrieved from /opt/airflow/dags/tmdb_pipeline_to_stage.py
[2026-04-04T00:07:57.193+0000] {logging_mixin.py:188} INFO - [2026-04-04T00:07:57.193+0000] {dag.py:3096} INFO - Sync 1 DAGs
[2026-04-04T00:07:57.222+0000] {logging_mixin.py:188} INFO - [2026-04-04T00:07:57.222+0000] {dag.py:3954} INFO - Setting next_dagrun for tmdb_stage_pipeline to None, run_after=None
[2026-04-04T00:07:57.246+0000] {processor.py:183} INFO - Processing /opt/airflow/dags/tmdb_pipeline_to_stage.py took 0.134 seconds
[2026-04-04T00:08:28.022+0000] {processor.py:161} INFO - Started process (PID=17315) to work on /opt/airflow/dags/tmdb_pipeline_to_stage.py
[2026-04-04T00:08:28.026+0000] {processor.py:830} INFO - Processing file /opt/airflow/dags/tmdb_pipeline_to_stage.py for tasks to queue
[2026-04-04T00:08:28.031+0000] {logging_mixin.py:188} INFO - [2026-04-04T00:08:28.028+0000] {dagbag.py:545} INFO - Filling up the DagBag from /opt/airflow/dags/tmdb_pipeline_to_stage.py
[2026-04-04T00:08:28.060+0000] {processor.py:840} INFO - DAG(s) 'tmdb_stage_pipeline' retrieved from /opt/airflow/dags/tmdb_pipeline_to_stage.py
[2026-04-04T00:08:28.099+0000] {logging_mixin.py:188} INFO - [2026-04-04T00:08:28.099+0000] {dag.py:3096} INFO - Sync 1 DAGs
[2026-04-04T00:08:28.122+0000] {logging_mixin.py:188} INFO - [2026-04-04T00:08:28.122+0000] {dag.py:3954} INFO - Setting next_dagrun for tmdb_stage_pipeline to None, run_after=None
[2026-04-04T00:08:28.152+0000] {processor.py:183} INFO - Processing /opt/airflow/dags/tmdb_pipeline_to_stage.py took 0.157 seconds
[2026-04-04T00:08:58.849+0000] {processor.py:161} INFO - Started process (PID=17335) to work on /opt/airflow/dags/tmdb_pipeline_to_stage.py
[2026-04-04T00:08:58.850+0000] {processor.py:830} INFO - Processing file /opt/airflow/dags/tmdb_pipeline_to_stage.py for tasks to queue
[2026-04-04T00:08:58.852+0000] {logging_mixin.py:188} INFO - [2026-04-04T00:08:58.852+0000] {dagbag.py:545} INFO - Filling up the DagBag from /opt/airflow/dags/tmdb_pipeline_to_stage.py
[2026-04-04T00:08:58.872+0000] {processor.py:840} INFO - DAG(s) 'tmdb_stage_pipeline' retrieved from /opt/airflow/dags/tmdb_pipeline_to_stage.py
[2026-04-04T00:08:58.901+0000] {logging_mixin.py:188} INFO - [2026-04-04T00:08:58.901+0000] {dag.py:3096} INFO - Sync 1 DAGs
[2026-04-04T00:08:58.914+0000] {logging_mixin.py:188} INFO - [2026-04-04T00:08:58.914+0000] {dag.py:3954} INFO - Setting next_dagrun for tmdb_stage_pipeline to None, run_after=None
[2026-04-04T00:08:58.928+0000] {processor.py:183} INFO - Processing /opt/airflow/dags/tmdb_pipeline_to_stage.py took 0.089 seconds
[2026-04-04T00:09:29.750+0000] {processor.py:161} INFO - Started process (PID=17355) to work on /opt/airflow/dags/tmdb_pipeline_to_stage.py
[2026-04-04T00:09:29.752+0000] {processor.py:830} INFO - Processing file /opt/airflow/dags/tmdb_pipeline_to_stage.py for tasks to queue
[2026-04-04T00:09:29.753+0000] {logging_mixin.py:188} INFO - [2026-04-04T00:09:29.752+0000] {dagbag.py:545} INFO - Filling up the DagBag from /opt/airflow/dags/tmdb_pipeline_to_stage.py
[2026-04-04T00:09:29.782+0000] {processor.py:840} INFO - DAG(s) 'tmdb_stage_pipeline' retrieved from /opt/airflow/dags/tmdb_pipeline_to_stage.py
[2026-04-04T00:09:29.830+0000] {logging_mixin.py:188} INFO - [2026-04-04T00:09:29.830+0000] {dag.py:3096} INFO - Sync 1 DAGs
[2026-04-04T00:09:29.853+0000] {logging_mixin.py:188} INFO - [2026-04-04T00:09:29.853+0000] {dag.py:3954} INFO - Setting next_dagrun for tmdb_stage_pipeline to None, run_after=None
[2026-04-04T00:09:29.872+0000] {processor.py:183} INFO - Processing /opt/airflow/dags/tmdb_pipeline_to_stage.py took 0.138 seconds
[2026-04-04T00:10:00.927+0000] {processor.py:161} INFO - Started process (PID=17375) to work on /opt/airflow/dags/tmdb_pipeline_to_stage.py
[2026-04-04T00:10:00.933+0000] {processor.py:830} INFO - Processing file /opt/airflow/dags/tmdb_pipeline_to_stage.py for tasks to queue
[2026-04-04T00:10:00.935+0000] {logging_mixin.py:188} INFO - [2026-04-04T00:10:00.934+0000] {dagbag.py:545} INFO - Filling up the DagBag from /opt/airflow/dags/tmdb_pipeline_to_stage.py
[2026-04-04T00:10:00.978+0000] {processor.py:840} INFO - DAG(s) 'tmdb_stage_pipeline' retrieved from /opt/airflow/dags/tmdb_pipeline_to_stage.py
[2026-04-04T00:10:01.020+0000] {logging_mixin.py:188} INFO - [2026-04-04T00:10:01.020+0000] {dag.py:3096} INFO - Sync 1 DAGs
[2026-04-04T00:10:01.043+0000] {logging_mixin.py:188} INFO - [2026-04-04T00:10:01.040+0000] {dag.py:3954} INFO - Setting next_dagrun for tmdb_stage_pipeline to None, run_after=None
[2026-04-04T00:10:01.060+0000] {processor.py:183} INFO - Processing /opt/airflow/dags/tmdb_pipeline_to_stage.py took 0.152 seconds
[2026-04-04T00:10:31.709+0000] {processor.py:161} INFO - Started process (PID=17395) to work on /opt/airflow/dags/tmdb_pipeline_to_stage.py
[2026-04-04T00:10:31.712+0000] {processor.py:830} INFO - Processing file /opt/airflow/dags/tmdb_pipeline_to_stage.py for tasks to queue
[2026-04-04T00:10:31.722+0000] {logging_mixin.py:188} INFO - [2026-04-04T00:10:31.714+0000] {dagbag.py:545} INFO - Filling up the DagBag from /opt/airflow/dags/tmdb_pipeline_to_stage.py
[2026-04-04T00:10:31.745+0000] {processor.py:840} INFO - DAG(s) 'tmdb_stage_pipeline' retrieved from /opt/airflow/dags/tmdb_pipeline_to_stage.py
[2026-04-04T00:10:31.794+0000] {logging_mixin.py:188} INFO - [2026-04-04T00:10:31.794+0000] {dag.py:3096} INFO - Sync 1 DAGs
[2026-04-04T00:10:31.814+0000] {logging_mixin.py:188} INFO - [2026-04-04T00:10:31.814+0000] {dag.py:3954} INFO - Setting next_dagrun for tmdb_stage_pipeline to None, run_after=None
[2026-04-04T00:10:31.842+0000] {processor.py:183} INFO - Processing /opt/airflow/dags/tmdb_pipeline_to_stage.py took 0.151 seconds
[2026-04-04T00:11:02.892+0000] {processor.py:161} INFO - Started process (PID=17415) to work on /opt/airflow/dags/tmdb_pipeline_to_stage.py
[2026-04-04T00:11:02.894+0000] {processor.py:830} INFO - Processing file /opt/airflow/dags/tmdb_pipeline_to_stage.py for tasks to queue
[2026-04-04T00:11:02.897+0000] {logging_mixin.py:188} INFO - [2026-04-04T00:11:02.896+0000] {dagbag.py:545} INFO - Filling up the DagBag from /opt/airflow/dags/tmdb_pipeline_to_stage.py
[2026-04-04T00:11:02.915+0000] {processor.py:840} INFO - DAG(s) 'tmdb_stage_pipeline' retrieved from /opt/airflow/dags/tmdb_pipeline_to_stage.py
[2026-04-04T00:11:02.955+0000] {logging_mixin.py:188} INFO - [2026-04-04T00:11:02.955+0000] {dag.py:3096} INFO - Sync 1 DAGs
[2026-04-04T00:11:02.976+0000] {logging_mixin.py:188} INFO - [2026-04-04T00:11:02.976+0000] {dag.py:3954} INFO - Setting next_dagrun for tmdb_stage_pipeline to None, run_after=None
[2026-04-04T00:11:02.991+0000] {processor.py:183} INFO - Processing /opt/airflow/dags/tmdb_pipeline_to_stage.py took 0.113 seconds
[2026-04-04T00:11:33.602+0000] {processor.py:161} INFO - Started process (PID=17435) to work on /opt/airflow/dags/tmdb_pipeline_to_stage.py
[2026-04-04T00:11:33.605+0000] {processor.py:830} INFO - Processing file /opt/airflow/dags/tmdb_pipeline_to_stage.py for tasks to queue
[2026-04-04T00:11:33.606+0000] {logging_mixin.py:188} INFO - [2026-04-04T00:11:33.606+0000] {dagbag.py:545} INFO - Filling up the DagBag from /opt/airflow/dags/tmdb_pipeline_to_stage.py
[2026-04-04T00:11:33.637+0000] {processor.py:840} INFO - DAG(s) 'tmdb_stage_pipeline' retrieved from /opt/airflow/dags/tmdb_pipeline_to_stage.py
[2026-04-04T00:11:33.680+0000] {logging_mixin.py:188} INFO - [2026-04-04T00:11:33.680+0000] {dag.py:3096} INFO - Sync 1 DAGs
[2026-04-04T00:11:33.703+0000] {logging_mixin.py:188} INFO - [2026-04-04T00:11:33.702+0000] {dag.py:3954} INFO - Setting next_dagrun for tmdb_stage_pipeline to None, run_after=None
[2026-04-04T00:11:33.725+0000] {processor.py:183} INFO - Processing /opt/airflow/dags/tmdb_pipeline_to_stage.py took 0.145 seconds
[2026-04-04T00:12:04.447+0000] {processor.py:161} INFO - Started process (PID=17455) to work on /opt/airflow/dags/tmdb_pipeline_to_stage.py
[2026-04-04T00:12:04.450+0000] {processor.py:830} INFO - Processing file /opt/airflow/dags/tmdb_pipeline_to_stage.py for tasks to queue
[2026-04-04T00:12:04.451+0000] {logging_mixin.py:188} INFO - [2026-04-04T00:12:04.450+0000] {dagbag.py:545} INFO - Filling up the DagBag from /opt/airflow/dags/tmdb_pipeline_to_stage.py
[2026-04-04T00:12:04.483+0000] {processor.py:840} INFO - DAG(s) 'tmdb_stage_pipeline' retrieved from /opt/airflow/dags/tmdb_pipeline_to_stage.py
[2026-04-04T00:12:04.532+0000] {logging_mixin.py:188} INFO - [2026-04-04T00:12:04.532+0000] {dag.py:3096} INFO - Sync 1 DAGs
[2026-04-04T00:12:04.548+0000] {logging_mixin.py:188} INFO - [2026-04-04T00:12:04.548+0000] {dag.py:3954} INFO - Setting next_dagrun for tmdb_stage_pipeline to None, run_after=None
[2026-04-04T00:12:04.571+0000] {processor.py:183} INFO - Processing /opt/airflow/dags/tmdb_pipeline_to_stage.py took 0.141 seconds
[2026-04-04T00:12:35.103+0000] {processor.py:161} INFO - Started process (PID=17475) to work on /opt/airflow/dags/tmdb_pipeline_to_stage.py
[2026-04-04T00:12:35.107+0000] {processor.py:830} INFO - Processing file /opt/airflow/dags/tmdb_pipeline_to_stage.py for tasks to queue
[2026-04-04T00:12:35.113+0000] {logging_mixin.py:188} INFO - [2026-04-04T00:12:35.110+0000] {dagbag.py:545} INFO - Filling up the DagBag from /opt/airflow/dags/tmdb_pipeline_to_stage.py
[2026-04-04T00:12:35.134+0000] {processor.py:840} INFO - DAG(s) 'tmdb_stage_pipeline' retrieved from /opt/airflow/dags/tmdb_pipeline_to_stage.py
[2026-04-04T00:12:35.189+0000] {logging_mixin.py:188} INFO - [2026-04-04T00:12:35.187+0000] {dag.py:3096} INFO - Sync 1 DAGs
[2026-04-04T00:12:35.224+0000] {logging_mixin.py:188} INFO - [2026-04-04T00:12:35.224+0000] {dag.py:3954} INFO - Setting next_dagrun for tmdb_stage_pipeline to None, run_after=None
[2026-04-04T00:12:35.244+0000] {processor.py:183} INFO - Processing /opt/airflow/dags/tmdb_pipeline_to_stage.py took 0.162 seconds
[2026-04-04T00:13:05.929+0000] {processor.py:161} INFO - Started process (PID=17495) to work on /opt/airflow/dags/tmdb_pipeline_to_stage.py
[2026-04-04T00:13:05.960+0000] {processor.py:830} INFO - Processing file /opt/airflow/dags/tmdb_pipeline_to_stage.py for tasks to queue
[2026-04-04T00:13:05.962+0000] {logging_mixin.py:188} INFO - [2026-04-04T00:13:05.961+0000] {dagbag.py:545} INFO - Filling up the DagBag from /opt/airflow/dags/tmdb_pipeline_to_stage.py
[2026-04-04T00:13:05.986+0000] {processor.py:840} INFO - DAG(s) 'tmdb_stage_pipeline' retrieved from /opt/airflow/dags/tmdb_pipeline_to_stage.py
[2026-04-04T00:13:06.036+0000] {logging_mixin.py:188} INFO - [2026-04-04T00:13:06.036+0000] {dag.py:3096} INFO - Sync 1 DAGs
[2026-04-04T00:13:06.058+0000] {logging_mixin.py:188} INFO - [2026-04-04T00:13:06.058+0000] {dag.py:3954} INFO - Setting next_dagrun for tmdb_stage_pipeline to None, run_after=None
[2026-04-04T00:13:06.088+0000] {processor.py:183} INFO - Processing /opt/airflow/dags/tmdb_pipeline_to_stage.py took 0.181 seconds
[2026-04-04T00:13:36.753+0000] {processor.py:161} INFO - Started process (PID=17515) to work on /opt/airflow/dags/tmdb_pipeline_to_stage.py
[2026-04-04T00:13:36.756+0000] {processor.py:830} INFO - Processing file /opt/airflow/dags/tmdb_pipeline_to_stage.py for tasks to queue
[2026-04-04T00:13:36.759+0000] {logging_mixin.py:188} INFO - [2026-04-04T00:13:36.759+0000] {dagbag.py:545} INFO - Filling up the DagBag from /opt/airflow/dags/tmdb_pipeline_to_stage.py
[2026-04-04T00:13:36.781+0000] {processor.py:840} INFO - DAG(s) 'tmdb_stage_pipeline' retrieved from /opt/airflow/dags/tmdb_pipeline_to_stage.py
[2026-04-04T00:13:36.820+0000] {logging_mixin.py:188} INFO - [2026-04-04T00:13:36.819+0000] {dag.py:3096} INFO - Sync 1 DAGs
[2026-04-04T00:13:36.840+0000] {logging_mixin.py:188} INFO - [2026-04-04T00:13:36.839+0000] {dag.py:3954} INFO - Setting next_dagrun for tmdb_stage_pipeline to None, run_after=None
[2026-04-04T00:13:36.855+0000] {processor.py:183} INFO - Processing /opt/airflow/dags/tmdb_pipeline_to_stage.py took 0.123 seconds
[2026-04-04T00:14:07.415+0000] {processor.py:161} INFO - Started process (PID=17535) to work on /opt/airflow/dags/tmdb_pipeline_to_stage.py
[2026-04-04T00:14:07.419+0000] {processor.py:830} INFO - Processing file /opt/airflow/dags/tmdb_pipeline_to_stage.py for tasks to queue
[2026-04-04T00:14:07.420+0000] {logging_mixin.py:188} INFO - [2026-04-04T00:14:07.420+0000] {dagbag.py:545} INFO - Filling up the DagBag from /opt/airflow/dags/tmdb_pipeline_to_stage.py
[2026-04-04T00:14:07.438+0000] {processor.py:840} INFO - DAG(s) 'tmdb_stage_pipeline' retrieved from /opt/airflow/dags/tmdb_pipeline_to_stage.py
[2026-04-04T00:14:07.469+0000] {logging_mixin.py:188} INFO - [2026-04-04T00:14:07.469+0000] {dag.py:3096} INFO - Sync 1 DAGs
[2026-04-04T00:14:07.489+0000] {logging_mixin.py:188} INFO - [2026-04-04T00:14:07.488+0000] {dag.py:3954} INFO - Setting next_dagrun for tmdb_stage_pipeline to None, run_after=None
[2026-04-04T00:14:07.503+0000] {processor.py:183} INFO - Processing /opt/airflow/dags/tmdb_pipeline_to_stage.py took 0.098 seconds
[2026-04-04T00:14:38.069+0000] {processor.py:161} INFO - Started process (PID=17555) to work on /opt/airflow/dags/tmdb_pipeline_to_stage.py
[2026-04-04T00:14:38.072+0000] {processor.py:830} INFO - Processing file /opt/airflow/dags/tmdb_pipeline_to_stage.py for tasks to queue
[2026-04-04T00:14:38.073+0000] {logging_mixin.py:188} INFO - [2026-04-04T00:14:38.072+0000] {dagbag.py:545} INFO - Filling up the DagBag from /opt/airflow/dags/tmdb_pipeline_to_stage.py
[2026-04-04T00:14:38.099+0000] {processor.py:840} INFO - DAG(s) 'tmdb_stage_pipeline' retrieved from /opt/airflow/dags/tmdb_pipeline_to_stage.py
[2026-04-04T00:14:38.151+0000] {logging_mixin.py:188} INFO - [2026-04-04T00:14:38.151+0000] {dag.py:3096} INFO - Sync 1 DAGs
[2026-04-04T00:14:38.179+0000] {logging_mixin.py:188} INFO - [2026-04-04T00:14:38.179+0000] {dag.py:3954} INFO - Setting next_dagrun for tmdb_stage_pipeline to None, run_after=None
[2026-04-04T00:14:38.200+0000] {processor.py:183} INFO - Processing /opt/airflow/dags/tmdb_pipeline_to_stage.py took 0.144 seconds
[2026-04-04T00:15:08.892+0000] {processor.py:161} INFO - Started process (PID=17575) to work on /opt/airflow/dags/tmdb_pipeline_to_stage.py
[2026-04-04T00:15:08.894+0000] {processor.py:830} INFO - Processing file /opt/airflow/dags/tmdb_pipeline_to_stage.py for tasks to queue
[2026-04-04T00:15:08.899+0000] {logging_mixin.py:188} INFO - [2026-04-04T00:15:08.897+0000] {dagbag.py:545} INFO - Filling up the DagBag from /opt/airflow/dags/tmdb_pipeline_to_stage.py
[2026-04-04T00:15:08.925+0000] {processor.py:840} INFO - DAG(s) 'tmdb_stage_pipeline' retrieved from /opt/airflow/dags/tmdb_pipeline_to_stage.py
[2026-04-04T00:15:08.965+0000] {logging_mixin.py:188} INFO - [2026-04-04T00:15:08.965+0000] {dag.py:3096} INFO - Sync 1 DAGs
[2026-04-04T00:15:08.991+0000] {logging_mixin.py:188} INFO - [2026-04-04T00:15:08.991+0000] {dag.py:3954} INFO - Setting next_dagrun for tmdb_stage_pipeline to None, run_after=None
[2026-04-04T00:15:09.012+0000] {processor.py:183} INFO - Processing /opt/airflow/dags/tmdb_pipeline_to_stage.py took 0.149 seconds
[2026-04-04T00:15:39.836+0000] {processor.py:161} INFO - Started process (PID=17595) to work on /opt/airflow/dags/tmdb_pipeline_to_stage.py
[2026-04-04T00:15:39.845+0000] {processor.py:830} INFO - Processing file /opt/airflow/dags/tmdb_pipeline_to_stage.py for tasks to queue
[2026-04-04T00:15:39.855+0000] {logging_mixin.py:188} INFO - [2026-04-04T00:15:39.850+0000] {dagbag.py:545} INFO - Filling up the DagBag from /opt/airflow/dags/tmdb_pipeline_to_stage.py
[2026-04-04T00:15:39.899+0000] {processor.py:840} INFO - DAG(s) 'tmdb_stage_pipeline' retrieved from /opt/airflow/dags/tmdb_pipeline_to_stage.py
[2026-04-04T00:15:39.946+0000] {logging_mixin.py:188} INFO - [2026-04-04T00:15:39.946+0000] {dag.py:3096} INFO - Sync 1 DAGs
[2026-04-04T00:15:39.966+0000] {logging_mixin.py:188} INFO - [2026-04-04T00:15:39.966+0000] {dag.py:3954} INFO - Setting next_dagrun for tmdb_stage_pipeline to None, run_after=None
[2026-04-04T00:15:39.986+0000] {processor.py:183} INFO - Processing /opt/airflow/dags/tmdb_pipeline_to_stage.py took 0.195 seconds
[2026-04-04T01:08:02.621+0000] {processor.py:161} INFO - Started process (PID=17615) to work on /opt/airflow/dags/tmdb_pipeline_to_stage.py
[2026-04-04T01:08:02.623+0000] {processor.py:830} INFO - Processing file /opt/airflow/dags/tmdb_pipeline_to_stage.py for tasks to queue
[2026-04-04T01:08:02.626+0000] {logging_mixin.py:188} INFO - [2026-04-04T01:08:02.625+0000] {dagbag.py:545} INFO - Filling up the DagBag from /opt/airflow/dags/tmdb_pipeline_to_stage.py
[2026-04-04T01:08:02.643+0000] {processor.py:840} INFO - DAG(s) 'tmdb_stage_pipeline' retrieved from /opt/airflow/dags/tmdb_pipeline_to_stage.py
[2026-04-04T01:08:02.693+0000] {logging_mixin.py:188} INFO - [2026-04-04T01:08:02.693+0000] {dag.py:3096} INFO - Sync 1 DAGs
[2026-04-04T01:08:02.707+0000] {logging_mixin.py:188} INFO - [2026-04-04T01:08:02.707+0000] {dag.py:3954} INFO - Setting next_dagrun for tmdb_stage_pipeline to None, run_after=None
[2026-04-04T01:08:02.734+0000] {processor.py:183} INFO - Processing /opt/airflow/dags/tmdb_pipeline_to_stage.py took 0.139 seconds
[2026-04-04T01:26:02.744+0000] {processor.py:161} INFO - Started process (PID=17635) to work on /opt/airflow/dags/tmdb_pipeline_to_stage.py
[2026-04-04T01:26:02.746+0000] {processor.py:830} INFO - Processing file /opt/airflow/dags/tmdb_pipeline_to_stage.py for tasks to queue
[2026-04-04T01:26:02.751+0000] {logging_mixin.py:188} INFO - [2026-04-04T01:26:02.748+0000] {dagbag.py:545} INFO - Filling up the DagBag from /opt/airflow/dags/tmdb_pipeline_to_stage.py
[2026-04-04T01:26:02.774+0000] {processor.py:840} INFO - DAG(s) 'tmdb_stage_pipeline' retrieved from /opt/airflow/dags/tmdb_pipeline_to_stage.py
[2026-04-04T01:26:02.809+0000] {logging_mixin.py:188} INFO - [2026-04-04T01:26:02.809+0000] {dag.py:3096} INFO - Sync 1 DAGs
[2026-04-04T01:26:02.826+0000] {logging_mixin.py:188} INFO - [2026-04-04T01:26:02.826+0000] {dag.py:3954} INFO - Setting next_dagrun for tmdb_stage_pipeline to None, run_after=None
[2026-04-04T01:26:02.842+0000] {processor.py:183} INFO - Processing /opt/airflow/dags/tmdb_pipeline_to_stage.py took 0.114 seconds
[2026-04-04T02:09:13.779+0000] {processor.py:161} INFO - Started process (PID=17655) to work on /opt/airflow/dags/tmdb_pipeline_to_stage.py
[2026-04-04T02:09:13.781+0000] {processor.py:830} INFO - Processing file /opt/airflow/dags/tmdb_pipeline_to_stage.py for tasks to queue
[2026-04-04T02:09:13.782+0000] {logging_mixin.py:188} INFO - [2026-04-04T02:09:13.782+0000] {dagbag.py:545} INFO - Filling up the DagBag from /opt/airflow/dags/tmdb_pipeline_to_stage.py
[2026-04-04T02:09:13.797+0000] {processor.py:840} INFO - DAG(s) 'tmdb_stage_pipeline' retrieved from /opt/airflow/dags/tmdb_pipeline_to_stage.py
[2026-04-04T02:09:13.835+0000] {logging_mixin.py:188} INFO - [2026-04-04T02:09:13.835+0000] {dag.py:3096} INFO - Sync 1 DAGs
[2026-04-04T02:09:13.849+0000] {logging_mixin.py:188} INFO - [2026-04-04T02:09:13.849+0000] {dag.py:3954} INFO - Setting next_dagrun for tmdb_stage_pipeline to None, run_after=None
[2026-04-04T02:09:13.866+0000] {processor.py:183} INFO - Processing /opt/airflow/dags/tmdb_pipeline_to_stage.py took 0.107 seconds
[2026-04-04T02:42:43.665+0000] {processor.py:161} INFO - Started process (PID=17675) to work on /opt/airflow/dags/tmdb_pipeline_to_stage.py
[2026-04-04T02:42:43.668+0000] {processor.py:830} INFO - Processing file /opt/airflow/dags/tmdb_pipeline_to_stage.py for tasks to queue
[2026-04-04T02:42:43.669+0000] {logging_mixin.py:188} INFO - [2026-04-04T02:42:43.668+0000] {dagbag.py:545} INFO - Filling up the DagBag from /opt/airflow/dags/tmdb_pipeline_to_stage.py
[2026-04-04T02:42:43.691+0000] {processor.py:840} INFO - DAG(s) 'tmdb_stage_pipeline' retrieved from /opt/airflow/dags/tmdb_pipeline_to_stage.py
[2026-04-04T02:42:43.782+0000] {logging_mixin.py:188} INFO - [2026-04-04T02:42:43.782+0000] {dag.py:3096} INFO - Sync 1 DAGs
[2026-04-04T02:42:43.801+0000] {logging_mixin.py:188} INFO - [2026-04-04T02:42:43.800+0000] {dag.py:3954} INFO - Setting next_dagrun for tmdb_stage_pipeline to None, run_after=None
[2026-04-04T02:42:43.830+0000] {processor.py:183} INFO - Processing /opt/airflow/dags/tmdb_pipeline_to_stage.py took 0.180 seconds
[2026-04-04T03:42:45.403+0000] {processor.py:161} INFO - Started process (PID=17695) to work on /opt/airflow/dags/tmdb_pipeline_to_stage.py
[2026-04-04T03:42:45.406+0000] {processor.py:830} INFO - Processing file /opt/airflow/dags/tmdb_pipeline_to_stage.py for tasks to queue
[2026-04-04T03:42:45.407+0000] {logging_mixin.py:188} INFO - [2026-04-04T03:42:45.406+0000] {dagbag.py:545} INFO - Filling up the DagBag from /opt/airflow/dags/tmdb_pipeline_to_stage.py
[2026-04-04T03:42:45.436+0000] {processor.py:840} INFO - DAG(s) 'tmdb_stage_pipeline' retrieved from /opt/airflow/dags/tmdb_pipeline_to_stage.py
[2026-04-04T03:42:45.501+0000] {logging_mixin.py:188} INFO - [2026-04-04T03:42:45.501+0000] {dag.py:3096} INFO - Sync 1 DAGs
[2026-04-04T03:42:45.527+0000] {logging_mixin.py:188} INFO - [2026-04-04T03:42:45.526+0000] {dag.py:3954} INFO - Setting next_dagrun for tmdb_stage_pipeline to None, run_after=None
[2026-04-04T03:42:45.550+0000] {processor.py:183} INFO - Processing /opt/airflow/dags/tmdb_pipeline_to_stage.py took 0.169 seconds
[2026-04-04T04:43:53.543+0000] {processor.py:161} INFO - Started process (PID=17715) to work on /opt/airflow/dags/tmdb_pipeline_to_stage.py
[2026-04-04T04:43:53.547+0000] {processor.py:830} INFO - Processing file /opt/airflow/dags/tmdb_pipeline_to_stage.py for tasks to queue
[2026-04-04T04:43:53.552+0000] {logging_mixin.py:188} INFO - [2026-04-04T04:43:53.551+0000] {dagbag.py:545} INFO - Filling up the DagBag from /opt/airflow/dags/tmdb_pipeline_to_stage.py
[2026-04-04T04:43:53.601+0000] {processor.py:840} INFO - DAG(s) 'tmdb_stage_pipeline' retrieved from /opt/airflow/dags/tmdb_pipeline_to_stage.py
[2026-04-04T04:43:53.650+0000] {logging_mixin.py:188} INFO - [2026-04-04T04:43:53.649+0000] {dag.py:3096} INFO - Sync 1 DAGs
[2026-04-04T04:43:53.674+0000] {logging_mixin.py:188} INFO - [2026-04-04T04:43:53.673+0000] {dag.py:3954} INFO - Setting next_dagrun for tmdb_stage_pipeline to None, run_after=None
[2026-04-04T04:43:53.691+0000] {processor.py:183} INFO - Processing /opt/airflow/dags/tmdb_pipeline_to_stage.py took 0.170 seconds
[2026-04-04T05:29:24.740+0000] {processor.py:161} INFO - Started process (PID=17735) to work on /opt/airflow/dags/tmdb_pipeline_to_stage.py
[2026-04-04T05:29:24.741+0000] {processor.py:830} INFO - Processing file /opt/airflow/dags/tmdb_pipeline_to_stage.py for tasks to queue
[2026-04-04T05:29:24.743+0000] {logging_mixin.py:188} INFO - [2026-04-04T05:29:24.742+0000] {dagbag.py:545} INFO - Filling up the DagBag from /opt/airflow/dags/tmdb_pipeline_to_stage.py
[2026-04-04T05:29:24.762+0000] {processor.py:840} INFO - DAG(s) 'tmdb_stage_pipeline' retrieved from /opt/airflow/dags/tmdb_pipeline_to_stage.py
[2026-04-04T05:29:24.807+0000] {logging_mixin.py:188} INFO - [2026-04-04T05:29:24.807+0000] {dag.py:3096} INFO - Sync 1 DAGs
[2026-04-04T05:29:24.822+0000] {logging_mixin.py:188} INFO - [2026-04-04T05:29:24.822+0000] {dag.py:3954} INFO - Setting next_dagrun for tmdb_stage_pipeline to None, run_after=None
[2026-04-04T05:29:24.841+0000] {processor.py:183} INFO - Processing /opt/airflow/dags/tmdb_pipeline_to_stage.py took 0.122 seconds
[2026-04-04T06:29:50.170+0000] {processor.py:161} INFO - Started process (PID=17755) to work on /opt/airflow/dags/tmdb_pipeline_to_stage.py
[2026-04-04T06:29:50.173+0000] {processor.py:830} INFO - Processing file /opt/airflow/dags/tmdb_pipeline_to_stage.py for tasks to queue
[2026-04-04T06:29:50.176+0000] {logging_mixin.py:188} INFO - [2026-04-04T06:29:50.175+0000] {dagbag.py:545} INFO - Filling up the DagBag from /opt/airflow/dags/tmdb_pipeline_to_stage.py
[2026-04-04T06:29:50.193+0000] {processor.py:840} INFO - DAG(s) 'tmdb_stage_pipeline' retrieved from /opt/airflow/dags/tmdb_pipeline_to_stage.py
[2026-04-04T06:29:50.223+0000] {logging_mixin.py:188} INFO - [2026-04-04T06:29:50.223+0000] {dag.py:3096} INFO - Sync 1 DAGs
[2026-04-04T06:29:50.238+0000] {logging_mixin.py:188} INFO - [2026-04-04T06:29:50.238+0000] {dag.py:3954} INFO - Setting next_dagrun for tmdb_stage_pipeline to None, run_after=None
[2026-04-04T06:29:50.257+0000] {processor.py:183} INFO - Processing /opt/airflow/dags/tmdb_pipeline_to_stage.py took 0.102 seconds
[2026-04-04T07:30:53.029+0000] {processor.py:161} INFO - Started process (PID=17775) to work on /opt/airflow/dags/tmdb_pipeline_to_stage.py
[2026-04-04T07:30:53.031+0000] {processor.py:830} INFO - Processing file /opt/airflow/dags/tmdb_pipeline_to_stage.py for tasks to queue
[2026-04-04T07:30:53.032+0000] {logging_mixin.py:188} INFO - [2026-04-04T07:30:53.032+0000] {dagbag.py:545} INFO - Filling up the DagBag from /opt/airflow/dags/tmdb_pipeline_to_stage.py
[2026-04-04T07:30:53.054+0000] {processor.py:840} INFO - DAG(s) 'tmdb_stage_pipeline' retrieved from /opt/airflow/dags/tmdb_pipeline_to_stage.py
[2026-04-04T07:30:53.097+0000] {logging_mixin.py:188} INFO - [2026-04-04T07:30:53.097+0000] {dag.py:3096} INFO - Sync 1 DAGs
[2026-04-04T07:30:53.114+0000] {logging_mixin.py:188} INFO - [2026-04-04T07:30:53.114+0000] {dag.py:3954} INFO - Setting next_dagrun for tmdb_stage_pipeline to None, run_after=None
[2026-04-04T07:30:53.135+0000] {processor.py:183} INFO - Processing /opt/airflow/dags/tmdb_pipeline_to_stage.py took 0.131 seconds
[2026-04-04T07:31:23.663+0000] {processor.py:161} INFO - Started process (PID=17795) to work on /opt/airflow/dags/tmdb_pipeline_to_stage.py
[2026-04-04T07:31:23.664+0000] {processor.py:830} INFO - Processing file /opt/airflow/dags/tmdb_pipeline_to_stage.py for tasks to queue
[2026-04-04T07:31:23.665+0000] {logging_mixin.py:188} INFO - [2026-04-04T07:31:23.665+0000] {dagbag.py:545} INFO - Filling up the DagBag from /opt/airflow/dags/tmdb_pipeline_to_stage.py
[2026-04-04T07:31:23.685+0000] {processor.py:840} INFO - DAG(s) 'tmdb_stage_pipeline' retrieved from /opt/airflow/dags/tmdb_pipeline_to_stage.py
[2026-04-04T07:31:23.735+0000] {logging_mixin.py:188} INFO - [2026-04-04T07:31:23.735+0000] {dag.py:3096} INFO - Sync 1 DAGs
[2026-04-04T07:31:23.754+0000] {logging_mixin.py:188} INFO - [2026-04-04T07:31:23.754+0000] {dag.py:3954} INFO - Setting next_dagrun for tmdb_stage_pipeline to None, run_after=None
[2026-04-04T07:31:23.768+0000] {processor.py:183} INFO - Processing /opt/airflow/dags/tmdb_pipeline_to_stage.py took 0.133 seconds
[2026-04-04T08:30:46.833+0000] {processor.py:161} INFO - Started process (PID=17816) to work on /opt/airflow/dags/tmdb_pipeline_to_stage.py
[2026-04-04T08:30:46.834+0000] {processor.py:830} INFO - Processing file /opt/airflow/dags/tmdb_pipeline_to_stage.py for tasks to queue
[2026-04-04T08:30:46.835+0000] {logging_mixin.py:188} INFO - [2026-04-04T08:30:46.835+0000] {dagbag.py:545} INFO - Filling up the DagBag from /opt/airflow/dags/tmdb_pipeline_to_stage.py
[2026-04-04T08:30:46.849+0000] {processor.py:840} INFO - DAG(s) 'tmdb_stage_pipeline' retrieved from /opt/airflow/dags/tmdb_pipeline_to_stage.py
[2026-04-04T08:30:46.877+0000] {logging_mixin.py:188} INFO - [2026-04-04T08:30:46.876+0000] {dag.py:3096} INFO - Sync 1 DAGs
[2026-04-04T08:30:46.889+0000] {logging_mixin.py:188} INFO - [2026-04-04T08:30:46.889+0000] {dag.py:3954} INFO - Setting next_dagrun for tmdb_stage_pipeline to None, run_after=None
[2026-04-04T08:30:46.903+0000] {processor.py:183} INFO - Processing /opt/airflow/dags/tmdb_pipeline_to_stage.py took 0.078 seconds
[2026-04-04T08:31:17.366+0000] {processor.py:161} INFO - Started process (PID=17842) to work on /opt/airflow/dags/tmdb_pipeline_to_stage.py
[2026-04-04T08:31:17.369+0000] {processor.py:830} INFO - Processing file /opt/airflow/dags/tmdb_pipeline_to_stage.py for tasks to queue
[2026-04-04T08:31:17.377+0000] {logging_mixin.py:188} INFO - [2026-04-04T08:31:17.372+0000] {dagbag.py:545} INFO - Filling up the DagBag from /opt/airflow/dags/tmdb_pipeline_to_stage.py
[2026-04-04T08:31:17.423+0000] {processor.py:840} INFO - DAG(s) 'tmdb_stage_pipeline' retrieved from /opt/airflow/dags/tmdb_pipeline_to_stage.py
[2026-04-04T08:31:17.524+0000] {logging_mixin.py:188} INFO - [2026-04-04T08:31:17.524+0000] {dag.py:3096} INFO - Sync 1 DAGs
[2026-04-04T08:31:17.572+0000] {logging_mixin.py:188} INFO - [2026-04-04T08:31:17.572+0000] {dag.py:3954} INFO - Setting next_dagrun for tmdb_stage_pipeline to None, run_after=None
[2026-04-04T08:31:17.618+0000] {processor.py:183} INFO - Processing /opt/airflow/dags/tmdb_pipeline_to_stage.py took 0.258 seconds
[2026-04-04T09:16:16.361+0000] {processor.py:161} INFO - Started process (PID=17873) to work on /opt/airflow/dags/tmdb_pipeline_to_stage.py
[2026-04-04T09:16:16.363+0000] {processor.py:830} INFO - Processing file /opt/airflow/dags/tmdb_pipeline_to_stage.py for tasks to queue
[2026-04-04T09:16:16.365+0000] {logging_mixin.py:188} INFO - [2026-04-04T09:16:16.364+0000] {dagbag.py:545} INFO - Filling up the DagBag from /opt/airflow/dags/tmdb_pipeline_to_stage.py
[2026-04-04T09:16:16.395+0000] {processor.py:840} INFO - DAG(s) 'tmdb_stage_pipeline' retrieved from /opt/airflow/dags/tmdb_pipeline_to_stage.py
[2026-04-04T09:16:16.437+0000] {logging_mixin.py:188} INFO - [2026-04-04T09:16:16.437+0000] {dag.py:3096} INFO - Sync 1 DAGs
[2026-04-04T09:16:16.455+0000] {logging_mixin.py:188} INFO - [2026-04-04T09:16:16.454+0000] {dag.py:3954} INFO - Setting next_dagrun for tmdb_stage_pipeline to None, run_after=None
[2026-04-04T09:16:16.478+0000] {processor.py:183} INFO - Processing /opt/airflow/dags/tmdb_pipeline_to_stage.py took 0.136 seconds
[2026-04-04T09:31:50.662+0000] {processor.py:161} INFO - Started process (PID=17893) to work on /opt/airflow/dags/tmdb_pipeline_to_stage.py
[2026-04-04T09:31:50.663+0000] {processor.py:830} INFO - Processing file /opt/airflow/dags/tmdb_pipeline_to_stage.py for tasks to queue
[2026-04-04T09:31:50.665+0000] {logging_mixin.py:188} INFO - [2026-04-04T09:31:50.664+0000] {dagbag.py:545} INFO - Filling up the DagBag from /opt/airflow/dags/tmdb_pipeline_to_stage.py
[2026-04-04T09:31:50.681+0000] {processor.py:840} INFO - DAG(s) 'tmdb_stage_pipeline' retrieved from /opt/airflow/dags/tmdb_pipeline_to_stage.py
[2026-04-04T09:31:50.718+0000] {logging_mixin.py:188} INFO - [2026-04-04T09:31:50.717+0000] {dag.py:3096} INFO - Sync 1 DAGs
[2026-04-04T09:31:50.738+0000] {logging_mixin.py:188} INFO - [2026-04-04T09:31:50.737+0000] {dag.py:3954} INFO - Setting next_dagrun for tmdb_stage_pipeline to None, run_after=None
[2026-04-04T09:31:50.758+0000] {processor.py:183} INFO - Processing /opt/airflow/dags/tmdb_pipeline_to_stage.py took 0.110 seconds
[2026-04-04T10:06:33.775+0000] {processor.py:161} INFO - Started process (PID=17913) to work on /opt/airflow/dags/tmdb_pipeline_to_stage.py
[2026-04-04T10:06:33.777+0000] {processor.py:830} INFO - Processing file /opt/airflow/dags/tmdb_pipeline_to_stage.py for tasks to queue
[2026-04-04T10:06:33.778+0000] {logging_mixin.py:188} INFO - [2026-04-04T10:06:33.777+0000] {dagbag.py:545} INFO - Filling up the DagBag from /opt/airflow/dags/tmdb_pipeline_to_stage.py
[2026-04-04T10:06:33.805+0000] {processor.py:840} INFO - DAG(s) 'tmdb_stage_pipeline' retrieved from /opt/airflow/dags/tmdb_pipeline_to_stage.py
[2026-04-04T10:06:33.865+0000] {logging_mixin.py:188} INFO - [2026-04-04T10:06:33.864+0000] {dag.py:3096} INFO - Sync 1 DAGs
[2026-04-04T10:06:33.883+0000] {logging_mixin.py:188} INFO - [2026-04-04T10:06:33.883+0000] {dag.py:3954} INFO - Setting next_dagrun for tmdb_stage_pipeline to None, run_after=None
[2026-04-04T10:06:33.905+0000] {processor.py:183} INFO - Processing /opt/airflow/dags/tmdb_pipeline_to_stage.py took 0.147 seconds
[2026-04-04T10:24:24.460+0000] {processor.py:161} INFO - Started process (PID=17933) to work on /opt/airflow/dags/tmdb_pipeline_to_stage.py
[2026-04-04T10:24:24.462+0000] {processor.py:830} INFO - Processing file /opt/airflow/dags/tmdb_pipeline_to_stage.py for tasks to queue
[2026-04-04T10:24:24.464+0000] {logging_mixin.py:188} INFO - [2026-04-04T10:24:24.463+0000] {dagbag.py:545} INFO - Filling up the DagBag from /opt/airflow/dags/tmdb_pipeline_to_stage.py
[2026-04-04T10:24:24.495+0000] {processor.py:840} INFO - DAG(s) 'tmdb_stage_pipeline' retrieved from /opt/airflow/dags/tmdb_pipeline_to_stage.py
[2026-04-04T10:24:24.523+0000] {logging_mixin.py:188} INFO - [2026-04-04T10:24:24.523+0000] {dag.py:3096} INFO - Sync 1 DAGs
[2026-04-04T10:24:24.540+0000] {logging_mixin.py:188} INFO - [2026-04-04T10:24:24.539+0000] {dag.py:3954} INFO - Setting next_dagrun for tmdb_stage_pipeline to None, run_after=None
[2026-04-04T10:24:24.563+0000] {processor.py:183} INFO - Processing /opt/airflow/dags/tmdb_pipeline_to_stage.py took 0.110 seconds
[2026-04-04T10:24:55.029+0000] {processor.py:161} INFO - Started process (PID=17953) to work on /opt/airflow/dags/tmdb_pipeline_to_stage.py
[2026-04-04T10:24:55.032+0000] {processor.py:830} INFO - Processing file /opt/airflow/dags/tmdb_pipeline_to_stage.py for tasks to queue
[2026-04-04T10:24:55.034+0000] {logging_mixin.py:188} INFO - [2026-04-04T10:24:55.034+0000] {dagbag.py:545} INFO - Filling up the DagBag from /opt/airflow/dags/tmdb_pipeline_to_stage.py
[2026-04-04T10:24:55.053+0000] {processor.py:840} INFO - DAG(s) 'tmdb_stage_pipeline' retrieved from /opt/airflow/dags/tmdb_pipeline_to_stage.py
[2026-04-04T10:24:55.100+0000] {logging_mixin.py:188} INFO - [2026-04-04T10:24:55.100+0000] {dag.py:3096} INFO - Sync 1 DAGs
[2026-04-04T10:24:55.119+0000] {logging_mixin.py:188} INFO - [2026-04-04T10:24:55.119+0000] {dag.py:3954} INFO - Setting next_dagrun for tmdb_stage_pipeline to None, run_after=None
[2026-04-04T10:24:55.143+0000] {processor.py:183} INFO - Processing /opt/airflow/dags/tmdb_pipeline_to_stage.py took 0.137 seconds
[2026-04-04T10:25:25.577+0000] {processor.py:161} INFO - Started process (PID=17973) to work on /opt/airflow/dags/tmdb_pipeline_to_stage.py
[2026-04-04T10:25:25.580+0000] {processor.py:830} INFO - Processing file /opt/airflow/dags/tmdb_pipeline_to_stage.py for tasks to queue
[2026-04-04T10:25:25.581+0000] {logging_mixin.py:188} INFO - [2026-04-04T10:25:25.580+0000] {dagbag.py:545} INFO - Filling up the DagBag from /opt/airflow/dags/tmdb_pipeline_to_stage.py
[2026-04-04T10:25:25.610+0000] {processor.py:840} INFO - DAG(s) 'tmdb_stage_pipeline' retrieved from /opt/airflow/dags/tmdb_pipeline_to_stage.py
[2026-04-04T10:25:25.650+0000] {logging_mixin.py:188} INFO - [2026-04-04T10:25:25.650+0000] {dag.py:3096} INFO - Sync 1 DAGs
[2026-04-04T10:25:25.664+0000] {logging_mixin.py:188} INFO - [2026-04-04T10:25:25.664+0000] {dag.py:3954} INFO - Setting next_dagrun for tmdb_stage_pipeline to None, run_after=None
[2026-04-04T10:25:25.683+0000] {processor.py:183} INFO - Processing /opt/airflow/dags/tmdb_pipeline_to_stage.py took 0.117 seconds
[2026-04-04T11:15:27.960+0000] {processor.py:161} INFO - Started process (PID=17993) to work on /opt/airflow/dags/tmdb_pipeline_to_stage.py
[2026-04-04T11:15:27.968+0000] {processor.py:830} INFO - Processing file /opt/airflow/dags/tmdb_pipeline_to_stage.py for tasks to queue
[2026-04-04T11:15:27.978+0000] {logging_mixin.py:188} INFO - [2026-04-04T11:15:27.973+0000] {dagbag.py:545} INFO - Filling up the DagBag from /opt/airflow/dags/tmdb_pipeline_to_stage.py
[2026-04-04T11:15:28.004+0000] {processor.py:840} INFO - DAG(s) 'tmdb_stage_pipeline' retrieved from /opt/airflow/dags/tmdb_pipeline_to_stage.py
[2026-04-04T11:15:28.037+0000] {logging_mixin.py:188} INFO - [2026-04-04T11:15:28.037+0000] {dag.py:3096} INFO - Sync 1 DAGs
[2026-04-04T11:15:28.053+0000] {logging_mixin.py:188} INFO - [2026-04-04T11:15:28.053+0000] {dag.py:3954} INFO - Setting next_dagrun for tmdb_stage_pipeline to None, run_after=None
[2026-04-04T11:15:28.070+0000] {processor.py:183} INFO - Processing /opt/airflow/dags/tmdb_pipeline_to_stage.py took 0.132 seconds
[2026-04-04T11:51:03.952+0000] {processor.py:161} INFO - Started process (PID=18013) to work on /opt/airflow/dags/tmdb_pipeline_to_stage.py
[2026-04-04T11:51:03.954+0000] {processor.py:830} INFO - Processing file /opt/airflow/dags/tmdb_pipeline_to_stage.py for tasks to queue
[2026-04-04T11:51:03.957+0000] {logging_mixin.py:188} INFO - [2026-04-04T11:51:03.956+0000] {dagbag.py:545} INFO - Filling up the DagBag from /opt/airflow/dags/tmdb_pipeline_to_stage.py
[2026-04-04T11:51:03.995+0000] {processor.py:840} INFO - DAG(s) 'tmdb_stage_pipeline' retrieved from /opt/airflow/dags/tmdb_pipeline_to_stage.py
[2026-04-04T11:51:04.056+0000] {logging_mixin.py:188} INFO - [2026-04-04T11:51:04.056+0000] {dag.py:3096} INFO - Sync 1 DAGs
[2026-04-04T11:51:04.079+0000] {logging_mixin.py:188} INFO - [2026-04-04T11:51:04.078+0000] {dag.py:3954} INFO - Setting next_dagrun for tmdb_stage_pipeline to None, run_after=None
[2026-04-04T11:51:04.117+0000] {processor.py:183} INFO - Processing /opt/airflow/dags/tmdb_pipeline_to_stage.py took 0.188 seconds
[2026-04-04T12:36:08.567+0000] {processor.py:161} INFO - Started process (PID=18033) to work on /opt/airflow/dags/tmdb_pipeline_to_stage.py
[2026-04-04T12:36:08.569+0000] {processor.py:830} INFO - Processing file /opt/airflow/dags/tmdb_pipeline_to_stage.py for tasks to queue
[2026-04-04T12:36:08.572+0000] {logging_mixin.py:188} INFO - [2026-04-04T12:36:08.572+0000] {dagbag.py:545} INFO - Filling up the DagBag from /opt/airflow/dags/tmdb_pipeline_to_stage.py
[2026-04-04T12:36:08.593+0000] {processor.py:840} INFO - DAG(s) 'tmdb_stage_pipeline' retrieved from /opt/airflow/dags/tmdb_pipeline_to_stage.py
[2026-04-04T12:36:08.643+0000] {logging_mixin.py:188} INFO - [2026-04-04T12:36:08.642+0000] {dag.py:3096} INFO - Sync 1 DAGs
[2026-04-04T12:36:08.666+0000] {logging_mixin.py:188} INFO - [2026-04-04T12:36:08.666+0000] {dag.py:3954} INFO - Setting next_dagrun for tmdb_stage_pipeline to None, run_after=None
[2026-04-04T12:36:08.681+0000] {processor.py:183} INFO - Processing /opt/airflow/dags/tmdb_pipeline_to_stage.py took 0.135 seconds
[2026-04-04T13:09:34.376+0000] {processor.py:161} INFO - Started process (PID=18053) to work on /opt/airflow/dags/tmdb_pipeline_to_stage.py
[2026-04-04T13:09:34.377+0000] {processor.py:830} INFO - Processing file /opt/airflow/dags/tmdb_pipeline_to_stage.py for tasks to queue
[2026-04-04T13:09:34.378+0000] {logging_mixin.py:188} INFO - [2026-04-04T13:09:34.378+0000] {dagbag.py:545} INFO - Filling up the DagBag from /opt/airflow/dags/tmdb_pipeline_to_stage.py
[2026-04-04T13:09:34.396+0000] {processor.py:840} INFO - DAG(s) 'tmdb_stage_pipeline' retrieved from /opt/airflow/dags/tmdb_pipeline_to_stage.py
[2026-04-04T13:09:34.442+0000] {logging_mixin.py:188} INFO - [2026-04-04T13:09:34.442+0000] {dag.py:3096} INFO - Sync 1 DAGs
[2026-04-04T13:09:34.457+0000] {logging_mixin.py:188} INFO - [2026-04-04T13:09:34.457+0000] {dag.py:3954} INFO - Setting next_dagrun for tmdb_stage_pipeline to None, run_after=None
[2026-04-04T13:09:34.475+0000] {processor.py:183} INFO - Processing /opt/airflow/dags/tmdb_pipeline_to_stage.py took 0.121 seconds
[2026-04-04T13:53:31.091+0000] {processor.py:161} INFO - Started process (PID=18073) to work on /opt/airflow/dags/tmdb_pipeline_to_stage.py
[2026-04-04T13:53:31.092+0000] {processor.py:830} INFO - Processing file /opt/airflow/dags/tmdb_pipeline_to_stage.py for tasks to queue
[2026-04-04T13:53:31.096+0000] {logging_mixin.py:188} INFO - [2026-04-04T13:53:31.094+0000] {dagbag.py:545} INFO - Filling up the DagBag from /opt/airflow/dags/tmdb_pipeline_to_stage.py
[2026-04-04T13:53:31.124+0000] {processor.py:840} INFO - DAG(s) 'tmdb_stage_pipeline' retrieved from /opt/airflow/dags/tmdb_pipeline_to_stage.py
[2026-04-04T13:53:31.157+0000] {logging_mixin.py:188} INFO - [2026-04-04T13:53:31.157+0000] {dag.py:3096} INFO - Sync 1 DAGs
[2026-04-04T13:53:31.185+0000] {logging_mixin.py:188} INFO - [2026-04-04T13:53:31.185+0000] {dag.py:3954} INFO - Setting next_dagrun for tmdb_stage_pipeline to None, run_after=None
[2026-04-04T13:53:31.201+0000] {processor.py:183} INFO - Processing /opt/airflow/dags/tmdb_pipeline_to_stage.py took 0.124 seconds
[2026-04-04T14:10:05.534+0000] {processor.py:161} INFO - Started process (PID=18093) to work on /opt/airflow/dags/tmdb_pipeline_to_stage.py
[2026-04-04T14:10:05.536+0000] {processor.py:830} INFO - Processing file /opt/airflow/dags/tmdb_pipeline_to_stage.py for tasks to queue
[2026-04-04T14:10:05.542+0000] {logging_mixin.py:188} INFO - [2026-04-04T14:10:05.539+0000] {dagbag.py:545} INFO - Filling up the DagBag from /opt/airflow/dags/tmdb_pipeline_to_stage.py
[2026-04-04T14:10:05.558+0000] {processor.py:840} INFO - DAG(s) 'tmdb_stage_pipeline' retrieved from /opt/airflow/dags/tmdb_pipeline_to_stage.py
[2026-04-04T14:10:05.600+0000] {logging_mixin.py:188} INFO - [2026-04-04T14:10:05.600+0000] {dag.py:3096} INFO - Sync 1 DAGs
[2026-04-04T14:10:05.624+0000] {logging_mixin.py:188} INFO - [2026-04-04T14:10:05.624+0000] {dag.py:3954} INFO - Setting next_dagrun for tmdb_stage_pipeline to None, run_after=None
[2026-04-04T14:10:05.642+0000] {processor.py:183} INFO - Processing /opt/airflow/dags/tmdb_pipeline_to_stage.py took 0.125 seconds
[2026-04-04T14:53:21.708+0000] {processor.py:161} INFO - Started process (PID=18113) to work on /opt/airflow/dags/tmdb_pipeline_to_stage.py
[2026-04-04T14:53:21.722+0000] {processor.py:830} INFO - Processing file /opt/airflow/dags/tmdb_pipeline_to_stage.py for tasks to queue
[2026-04-04T14:53:21.728+0000] {logging_mixin.py:188} INFO - [2026-04-04T14:53:21.725+0000] {dagbag.py:545} INFO - Filling up the DagBag from /opt/airflow/dags/tmdb_pipeline_to_stage.py
[2026-04-04T14:53:21.748+0000] {processor.py:840} INFO - DAG(s) 'tmdb_stage_pipeline' retrieved from /opt/airflow/dags/tmdb_pipeline_to_stage.py
[2026-04-04T14:53:21.821+0000] {logging_mixin.py:188} INFO - [2026-04-04T14:53:21.820+0000] {dag.py:3096} INFO - Sync 1 DAGs
[2026-04-04T14:53:21.849+0000] {logging_mixin.py:188} INFO - [2026-04-04T14:53:21.849+0000] {dag.py:3954} INFO - Setting next_dagrun for tmdb_stage_pipeline to None, run_after=None
[2026-04-04T14:53:21.880+0000] {processor.py:183} INFO - Processing /opt/airflow/dags/tmdb_pipeline_to_stage.py took 0.234 seconds
[2026-04-04T15:12:23.970+0000] {processor.py:161} INFO - Started process (PID=18133) to work on /opt/airflow/dags/tmdb_pipeline_to_stage.py
[2026-04-04T15:12:23.974+0000] {processor.py:830} INFO - Processing file /opt/airflow/dags/tmdb_pipeline_to_stage.py for tasks to queue
[2026-04-04T15:12:23.977+0000] {logging_mixin.py:188} INFO - [2026-04-04T15:12:23.975+0000] {dagbag.py:545} INFO - Filling up the DagBag from /opt/airflow/dags/tmdb_pipeline_to_stage.py
[2026-04-04T15:12:24.004+0000] {processor.py:840} INFO - DAG(s) 'tmdb_stage_pipeline' retrieved from /opt/airflow/dags/tmdb_pipeline_to_stage.py
[2026-04-04T15:12:24.072+0000] {logging_mixin.py:188} INFO - [2026-04-04T15:12:24.071+0000] {dag.py:3096} INFO - Sync 1 DAGs
[2026-04-04T15:12:24.094+0000] {logging_mixin.py:188} INFO - [2026-04-04T15:12:24.094+0000] {dag.py:3954} INFO - Setting next_dagrun for tmdb_stage_pipeline to None, run_after=None
[2026-04-04T15:12:24.124+0000] {processor.py:183} INFO - Processing /opt/airflow/dags/tmdb_pipeline_to_stage.py took 0.177 seconds
[2026-04-04T15:54:15.807+0000] {processor.py:161} INFO - Started process (PID=18153) to work on /opt/airflow/dags/tmdb_pipeline_to_stage.py
[2026-04-04T15:54:15.813+0000] {processor.py:830} INFO - Processing file /opt/airflow/dags/tmdb_pipeline_to_stage.py for tasks to queue
[2026-04-04T15:54:15.819+0000] {logging_mixin.py:188} INFO - [2026-04-04T15:54:15.816+0000] {dagbag.py:545} INFO - Filling up the DagBag from /opt/airflow/dags/tmdb_pipeline_to_stage.py
[2026-04-04T15:54:15.875+0000] {processor.py:840} INFO - DAG(s) 'tmdb_stage_pipeline' retrieved from /opt/airflow/dags/tmdb_pipeline_to_stage.py
[2026-04-04T15:54:15.978+0000] {logging_mixin.py:188} INFO - [2026-04-04T15:54:15.977+0000] {dag.py:3096} INFO - Sync 1 DAGs
[2026-04-04T15:54:16.033+0000] {logging_mixin.py:188} INFO - [2026-04-04T15:54:16.032+0000] {dag.py:3954} INFO - Setting next_dagrun for tmdb_stage_pipeline to None, run_after=None
[2026-04-04T15:54:16.085+0000] {processor.py:183} INFO - Processing /opt/airflow/dags/tmdb_pipeline_to_stage.py took 0.318 seconds
[2026-04-04T16:23:13.335+0000] {processor.py:161} INFO - Started process (PID=18173) to work on /opt/airflow/dags/tmdb_pipeline_to_stage.py
[2026-04-04T16:23:13.338+0000] {processor.py:830} INFO - Processing file /opt/airflow/dags/tmdb_pipeline_to_stage.py for tasks to queue
[2026-04-04T16:23:13.339+0000] {logging_mixin.py:188} INFO - [2026-04-04T16:23:13.339+0000] {dagbag.py:545} INFO - Filling up the DagBag from /opt/airflow/dags/tmdb_pipeline_to_stage.py
[2026-04-04T16:23:13.366+0000] {processor.py:840} INFO - DAG(s) 'tmdb_stage_pipeline' retrieved from /opt/airflow/dags/tmdb_pipeline_to_stage.py
[2026-04-04T16:23:13.418+0000] {logging_mixin.py:188} INFO - [2026-04-04T16:23:13.418+0000] {dag.py:3096} INFO - Sync 1 DAGs
[2026-04-04T16:23:13.447+0000] {logging_mixin.py:188} INFO - [2026-04-04T16:23:13.447+0000] {dag.py:3954} INFO - Setting next_dagrun for tmdb_stage_pipeline to None, run_after=None
[2026-04-04T16:23:13.491+0000] {processor.py:183} INFO - Processing /opt/airflow/dags/tmdb_pipeline_to_stage.py took 0.190 seconds
[2026-04-04T16:56:44.262+0000] {processor.py:161} INFO - Started process (PID=18193) to work on /opt/airflow/dags/tmdb_pipeline_to_stage.py
[2026-04-04T16:56:44.265+0000] {processor.py:830} INFO - Processing file /opt/airflow/dags/tmdb_pipeline_to_stage.py for tasks to queue
[2026-04-04T16:56:44.267+0000] {logging_mixin.py:188} INFO - [2026-04-04T16:56:44.267+0000] {dagbag.py:545} INFO - Filling up the DagBag from /opt/airflow/dags/tmdb_pipeline_to_stage.py
[2026-04-04T16:56:44.292+0000] {processor.py:840} INFO - DAG(s) 'tmdb_stage_pipeline' retrieved from /opt/airflow/dags/tmdb_pipeline_to_stage.py
[2026-04-04T16:56:44.336+0000] {logging_mixin.py:188} INFO - [2026-04-04T16:56:44.336+0000] {dag.py:3096} INFO - Sync 1 DAGs
[2026-04-04T16:56:44.361+0000] {logging_mixin.py:188} INFO - [2026-04-04T16:56:44.361+0000] {dag.py:3954} INFO - Setting next_dagrun for tmdb_stage_pipeline to None, run_after=None
[2026-04-04T16:56:44.380+0000] {processor.py:183} INFO - Processing /opt/airflow/dags/tmdb_pipeline_to_stage.py took 0.156 seconds
[2026-04-04T17:22:54.943+0000] {processor.py:161} INFO - Started process (PID=18213) to work on /opt/airflow/dags/tmdb_pipeline_to_stage.py
[2026-04-04T17:22:54.946+0000] {processor.py:830} INFO - Processing file /opt/airflow/dags/tmdb_pipeline_to_stage.py for tasks to queue
[2026-04-04T17:22:54.947+0000] {logging_mixin.py:188} INFO - [2026-04-04T17:22:54.946+0000] {dagbag.py:545} INFO - Filling up the DagBag from /opt/airflow/dags/tmdb_pipeline_to_stage.py
[2026-04-04T17:22:55.055+0000] {processor.py:840} INFO - DAG(s) 'tmdb_stage_pipeline' retrieved from /opt/airflow/dags/tmdb_pipeline_to_stage.py
[2026-04-04T17:22:55.128+0000] {logging_mixin.py:188} INFO - [2026-04-04T17:22:55.127+0000] {dag.py:3096} INFO - Sync 1 DAGs
[2026-04-04T17:22:55.154+0000] {logging_mixin.py:188} INFO - [2026-04-04T17:22:55.154+0000] {dag.py:3954} INFO - Setting next_dagrun for tmdb_stage_pipeline to None, run_after=None
[2026-04-04T17:22:55.180+0000] {processor.py:183} INFO - Processing /opt/airflow/dags/tmdb_pipeline_to_stage.py took 0.270 seconds
[2026-04-04T17:23:25.653+0000] {processor.py:161} INFO - Started process (PID=18233) to work on /opt/airflow/dags/tmdb_pipeline_to_stage.py
[2026-04-04T17:23:25.656+0000] {processor.py:830} INFO - Processing file /opt/airflow/dags/tmdb_pipeline_to_stage.py for tasks to queue
[2026-04-04T17:23:25.657+0000] {logging_mixin.py:188} INFO - [2026-04-04T17:23:25.657+0000] {dagbag.py:545} INFO - Filling up the DagBag from /opt/airflow/dags/tmdb_pipeline_to_stage.py
[2026-04-04T17:23:25.691+0000] {processor.py:840} INFO - DAG(s) 'tmdb_stage_pipeline' retrieved from /opt/airflow/dags/tmdb_pipeline_to_stage.py
[2026-04-04T17:23:25.763+0000] {logging_mixin.py:188} INFO - [2026-04-04T17:23:25.763+0000] {dag.py:3096} INFO - Sync 1 DAGs
[2026-04-04T17:23:25.785+0000] {logging_mixin.py:188} INFO - [2026-04-04T17:23:25.785+0000] {dag.py:3954} INFO - Setting next_dagrun for tmdb_stage_pipeline to None, run_after=None
[2026-04-04T17:23:25.809+0000] {processor.py:183} INFO - Processing /opt/airflow/dags/tmdb_pipeline_to_stage.py took 0.176 seconds
[2026-04-04T17:23:56.233+0000] {processor.py:161} INFO - Started process (PID=18253) to work on /opt/airflow/dags/tmdb_pipeline_to_stage.py
[2026-04-04T17:23:56.236+0000] {processor.py:830} INFO - Processing file /opt/airflow/dags/tmdb_pipeline_to_stage.py for tasks to queue
[2026-04-04T17:23:56.237+0000] {logging_mixin.py:188} INFO - [2026-04-04T17:23:56.237+0000] {dagbag.py:545} INFO - Filling up the DagBag from /opt/airflow/dags/tmdb_pipeline_to_stage.py
[2026-04-04T17:23:56.260+0000] {processor.py:840} INFO - DAG(s) 'tmdb_stage_pipeline' retrieved from /opt/airflow/dags/tmdb_pipeline_to_stage.py
[2026-04-04T17:23:56.304+0000] {logging_mixin.py:188} INFO - [2026-04-04T17:23:56.304+0000] {dag.py:3096} INFO - Sync 1 DAGs
[2026-04-04T17:23:56.322+0000] {logging_mixin.py:188} INFO - [2026-04-04T17:23:56.322+0000] {dag.py:3954} INFO - Setting next_dagrun for tmdb_stage_pipeline to None, run_after=None
[2026-04-04T17:23:56.340+0000] {processor.py:183} INFO - Processing /opt/airflow/dags/tmdb_pipeline_to_stage.py took 0.119 seconds
[2026-04-04T17:24:26.702+0000] {processor.py:161} INFO - Started process (PID=18273) to work on /opt/airflow/dags/tmdb_pipeline_to_stage.py
[2026-04-04T17:24:26.704+0000] {processor.py:830} INFO - Processing file /opt/airflow/dags/tmdb_pipeline_to_stage.py for tasks to queue
[2026-04-04T17:24:26.706+0000] {logging_mixin.py:188} INFO - [2026-04-04T17:24:26.706+0000] {dagbag.py:545} INFO - Filling up the DagBag from /opt/airflow/dags/tmdb_pipeline_to_stage.py
[2026-04-04T17:24:26.723+0000] {processor.py:840} INFO - DAG(s) 'tmdb_stage_pipeline' retrieved from /opt/airflow/dags/tmdb_pipeline_to_stage.py
[2026-04-04T17:24:26.757+0000] {logging_mixin.py:188} INFO - [2026-04-04T17:24:26.757+0000] {dag.py:3096} INFO - Sync 1 DAGs
[2026-04-04T17:24:26.781+0000] {logging_mixin.py:188} INFO - [2026-04-04T17:24:26.780+0000] {dag.py:3954} INFO - Setting next_dagrun for tmdb_stage_pipeline to None, run_after=None
[2026-04-04T17:24:26.801+0000] {processor.py:183} INFO - Processing /opt/airflow/dags/tmdb_pipeline_to_stage.py took 0.109 seconds
[2026-04-04T17:24:57.198+0000] {processor.py:161} INFO - Started process (PID=18293) to work on /opt/airflow/dags/tmdb_pipeline_to_stage.py
[2026-04-04T17:24:57.200+0000] {processor.py:830} INFO - Processing file /opt/airflow/dags/tmdb_pipeline_to_stage.py for tasks to queue
[2026-04-04T17:24:57.201+0000] {logging_mixin.py:188} INFO - [2026-04-04T17:24:57.200+0000] {dagbag.py:545} INFO - Filling up the DagBag from /opt/airflow/dags/tmdb_pipeline_to_stage.py
[2026-04-04T17:24:57.223+0000] {processor.py:840} INFO - DAG(s) 'tmdb_stage_pipeline' retrieved from /opt/airflow/dags/tmdb_pipeline_to_stage.py
[2026-04-04T17:24:57.257+0000] {logging_mixin.py:188} INFO - [2026-04-04T17:24:57.257+0000] {dag.py:3096} INFO - Sync 1 DAGs
[2026-04-04T17:24:57.278+0000] {logging_mixin.py:188} INFO - [2026-04-04T17:24:57.278+0000] {dag.py:3954} INFO - Setting next_dagrun for tmdb_stage_pipeline to None, run_after=None
[2026-04-04T17:24:57.302+0000] {processor.py:183} INFO - Processing /opt/airflow/dags/tmdb_pipeline_to_stage.py took 0.113 seconds
[2026-04-04T17:25:27.740+0000] {processor.py:161} INFO - Started process (PID=18313) to work on /opt/airflow/dags/tmdb_pipeline_to_stage.py
[2026-04-04T17:25:27.742+0000] {processor.py:830} INFO - Processing file /opt/airflow/dags/tmdb_pipeline_to_stage.py for tasks to queue
[2026-04-04T17:25:27.743+0000] {logging_mixin.py:188} INFO - [2026-04-04T17:25:27.743+0000] {dagbag.py:545} INFO - Filling up the DagBag from /opt/airflow/dags/tmdb_pipeline_to_stage.py
[2026-04-04T17:25:27.763+0000] {processor.py:840} INFO - DAG(s) 'tmdb_stage_pipeline' retrieved from /opt/airflow/dags/tmdb_pipeline_to_stage.py
[2026-04-04T17:25:27.794+0000] {logging_mixin.py:188} INFO - [2026-04-04T17:25:27.794+0000] {dag.py:3096} INFO - Sync 1 DAGs
[2026-04-04T17:25:27.821+0000] {logging_mixin.py:188} INFO - [2026-04-04T17:25:27.821+0000] {dag.py:3954} INFO - Setting next_dagrun for tmdb_stage_pipeline to None, run_after=None
[2026-04-04T17:25:27.841+0000] {processor.py:183} INFO - Processing /opt/airflow/dags/tmdb_pipeline_to_stage.py took 0.114 seconds
[2026-04-04T17:25:58.231+0000] {processor.py:161} INFO - Started process (PID=18333) to work on /opt/airflow/dags/tmdb_pipeline_to_stage.py
[2026-04-04T17:25:58.233+0000] {processor.py:830} INFO - Processing file /opt/airflow/dags/tmdb_pipeline_to_stage.py for tasks to queue
[2026-04-04T17:25:58.234+0000] {logging_mixin.py:188} INFO - [2026-04-04T17:25:58.234+0000] {dagbag.py:545} INFO - Filling up the DagBag from /opt/airflow/dags/tmdb_pipeline_to_stage.py
[2026-04-04T17:25:58.254+0000] {processor.py:840} INFO - DAG(s) 'tmdb_stage_pipeline' retrieved from /opt/airflow/dags/tmdb_pipeline_to_stage.py
[2026-04-04T17:25:58.292+0000] {logging_mixin.py:188} INFO - [2026-04-04T17:25:58.292+0000] {dag.py:3096} INFO - Sync 1 DAGs
[2026-04-04T17:25:58.316+0000] {logging_mixin.py:188} INFO - [2026-04-04T17:25:58.316+0000] {dag.py:3954} INFO - Setting next_dagrun for tmdb_stage_pipeline to None, run_after=None
[2026-04-04T17:25:58.337+0000] {processor.py:183} INFO - Processing /opt/airflow/dags/tmdb_pipeline_to_stage.py took 0.129 seconds
[2026-04-04T17:26:28.775+0000] {processor.py:161} INFO - Started process (PID=18353) to work on /opt/airflow/dags/tmdb_pipeline_to_stage.py
[2026-04-04T17:26:28.777+0000] {processor.py:830} INFO - Processing file /opt/airflow/dags/tmdb_pipeline_to_stage.py for tasks to queue
[2026-04-04T17:26:28.780+0000] {logging_mixin.py:188} INFO - [2026-04-04T17:26:28.778+0000] {dagbag.py:545} INFO - Filling up the DagBag from /opt/airflow/dags/tmdb_pipeline_to_stage.py
[2026-04-04T17:26:28.800+0000] {processor.py:840} INFO - DAG(s) 'tmdb_stage_pipeline' retrieved from /opt/airflow/dags/tmdb_pipeline_to_stage.py
[2026-04-04T17:26:28.838+0000] {logging_mixin.py:188} INFO - [2026-04-04T17:26:28.838+0000] {dag.py:3096} INFO - Sync 1 DAGs
[2026-04-04T17:26:28.863+0000] {logging_mixin.py:188} INFO - [2026-04-04T17:26:28.863+0000] {dag.py:3954} INFO - Setting next_dagrun for tmdb_stage_pipeline to None, run_after=None
[2026-04-04T17:26:28.888+0000] {processor.py:183} INFO - Processing /opt/airflow/dags/tmdb_pipeline_to_stage.py took 0.126 seconds
[2026-04-04T17:26:59.267+0000] {processor.py:161} INFO - Started process (PID=18373) to work on /opt/airflow/dags/tmdb_pipeline_to_stage.py
[2026-04-04T17:26:59.268+0000] {processor.py:830} INFO - Processing file /opt/airflow/dags/tmdb_pipeline_to_stage.py for tasks to queue
[2026-04-04T17:26:59.269+0000] {logging_mixin.py:188} INFO - [2026-04-04T17:26:59.269+0000] {dagbag.py:545} INFO - Filling up the DagBag from /opt/airflow/dags/tmdb_pipeline_to_stage.py
[2026-04-04T17:26:59.285+0000] {processor.py:840} INFO - DAG(s) 'tmdb_stage_pipeline' retrieved from /opt/airflow/dags/tmdb_pipeline_to_stage.py
[2026-04-04T17:26:59.324+0000] {logging_mixin.py:188} INFO - [2026-04-04T17:26:59.324+0000] {dag.py:3096} INFO - Sync 1 DAGs
[2026-04-04T17:26:59.339+0000] {logging_mixin.py:188} INFO - [2026-04-04T17:26:59.339+0000] {dag.py:3954} INFO - Setting next_dagrun for tmdb_stage_pipeline to None, run_after=None
[2026-04-04T17:26:59.351+0000] {processor.py:183} INFO - Processing /opt/airflow/dags/tmdb_pipeline_to_stage.py took 0.092 seconds
[2026-04-04T17:27:29.782+0000] {processor.py:161} INFO - Started process (PID=18393) to work on /opt/airflow/dags/tmdb_pipeline_to_stage.py
[2026-04-04T17:27:29.784+0000] {processor.py:830} INFO - Processing file /opt/airflow/dags/tmdb_pipeline_to_stage.py for tasks to queue
[2026-04-04T17:27:29.785+0000] {logging_mixin.py:188} INFO - [2026-04-04T17:27:29.785+0000] {dagbag.py:545} INFO - Filling up the DagBag from /opt/airflow/dags/tmdb_pipeline_to_stage.py
[2026-04-04T17:27:29.802+0000] {processor.py:840} INFO - DAG(s) 'tmdb_stage_pipeline' retrieved from /opt/airflow/dags/tmdb_pipeline_to_stage.py
[2026-04-04T17:27:29.838+0000] {logging_mixin.py:188} INFO - [2026-04-04T17:27:29.838+0000] {dag.py:3096} INFO - Sync 1 DAGs
[2026-04-04T17:27:29.852+0000] {logging_mixin.py:188} INFO - [2026-04-04T17:27:29.852+0000] {dag.py:3954} INFO - Setting next_dagrun for tmdb_stage_pipeline to None, run_after=None
[2026-04-04T17:27:29.873+0000] {processor.py:183} INFO - Processing /opt/airflow/dags/tmdb_pipeline_to_stage.py took 0.100 seconds
[2026-04-04T17:28:00.336+0000] {processor.py:161} INFO - Started process (PID=18413) to work on /opt/airflow/dags/tmdb_pipeline_to_stage.py
[2026-04-04T17:28:00.338+0000] {processor.py:830} INFO - Processing file /opt/airflow/dags/tmdb_pipeline_to_stage.py for tasks to queue
[2026-04-04T17:28:00.339+0000] {logging_mixin.py:188} INFO - [2026-04-04T17:28:00.338+0000] {dagbag.py:545} INFO - Filling up the DagBag from /opt/airflow/dags/tmdb_pipeline_to_stage.py
[2026-04-04T17:28:00.373+0000] {processor.py:840} INFO - DAG(s) 'tmdb_stage_pipeline' retrieved from /opt/airflow/dags/tmdb_pipeline_to_stage.py
[2026-04-04T17:28:00.406+0000] {logging_mixin.py:188} INFO - [2026-04-04T17:28:00.406+0000] {dag.py:3096} INFO - Sync 1 DAGs
[2026-04-04T17:28:00.423+0000] {logging_mixin.py:188} INFO - [2026-04-04T17:28:00.423+0000] {dag.py:3954} INFO - Setting next_dagrun for tmdb_stage_pipeline to None, run_after=None
[2026-04-04T17:28:00.449+0000] {processor.py:183} INFO - Processing /opt/airflow/dags/tmdb_pipeline_to_stage.py took 0.126 seconds
[2026-04-04T17:28:30.869+0000] {processor.py:161} INFO - Started process (PID=18433) to work on /opt/airflow/dags/tmdb_pipeline_to_stage.py
[2026-04-04T17:28:30.872+0000] {processor.py:830} INFO - Processing file /opt/airflow/dags/tmdb_pipeline_to_stage.py for tasks to queue
[2026-04-04T17:28:30.874+0000] {logging_mixin.py:188} INFO - [2026-04-04T17:28:30.873+0000] {dagbag.py:545} INFO - Filling up the DagBag from /opt/airflow/dags/tmdb_pipeline_to_stage.py
[2026-04-04T17:28:30.899+0000] {processor.py:840} INFO - DAG(s) 'tmdb_stage_pipeline' retrieved from /opt/airflow/dags/tmdb_pipeline_to_stage.py
[2026-04-04T17:28:30.937+0000] {logging_mixin.py:188} INFO - [2026-04-04T17:28:30.937+0000] {dag.py:3096} INFO - Sync 1 DAGs
[2026-04-04T17:28:30.957+0000] {logging_mixin.py:188} INFO - [2026-04-04T17:28:30.957+0000] {dag.py:3954} INFO - Setting next_dagrun for tmdb_stage_pipeline to None, run_after=None
[2026-04-04T17:28:30.976+0000] {processor.py:183} INFO - Processing /opt/airflow/dags/tmdb_pipeline_to_stage.py took 0.116 seconds
[2026-04-04T17:29:01.362+0000] {processor.py:161} INFO - Started process (PID=18453) to work on /opt/airflow/dags/tmdb_pipeline_to_stage.py
[2026-04-04T17:29:01.364+0000] {processor.py:830} INFO - Processing file /opt/airflow/dags/tmdb_pipeline_to_stage.py for tasks to queue
[2026-04-04T17:29:01.365+0000] {logging_mixin.py:188} INFO - [2026-04-04T17:29:01.365+0000] {dagbag.py:545} INFO - Filling up the DagBag from /opt/airflow/dags/tmdb_pipeline_to_stage.py
[2026-04-04T17:29:01.382+0000] {processor.py:840} INFO - DAG(s) 'tmdb_stage_pipeline' retrieved from /opt/airflow/dags/tmdb_pipeline_to_stage.py
[2026-04-04T17:29:01.412+0000] {logging_mixin.py:188} INFO - [2026-04-04T17:29:01.412+0000] {dag.py:3096} INFO - Sync 1 DAGs
[2026-04-04T17:29:01.436+0000] {logging_mixin.py:188} INFO - [2026-04-04T17:29:01.436+0000] {dag.py:3954} INFO - Setting next_dagrun for tmdb_stage_pipeline to None, run_after=None
[2026-04-04T17:29:01.452+0000] {processor.py:183} INFO - Processing /opt/airflow/dags/tmdb_pipeline_to_stage.py took 0.101 seconds
[2026-04-04T17:29:31.912+0000] {processor.py:161} INFO - Started process (PID=18473) to work on /opt/airflow/dags/tmdb_pipeline_to_stage.py
[2026-04-04T17:29:31.914+0000] {processor.py:830} INFO - Processing file /opt/airflow/dags/tmdb_pipeline_to_stage.py for tasks to queue
[2026-04-04T17:29:31.915+0000] {logging_mixin.py:188} INFO - [2026-04-04T17:29:31.914+0000] {dagbag.py:545} INFO - Filling up the DagBag from /opt/airflow/dags/tmdb_pipeline_to_stage.py
[2026-04-04T17:29:31.932+0000] {processor.py:840} INFO - DAG(s) 'tmdb_stage_pipeline' retrieved from /opt/airflow/dags/tmdb_pipeline_to_stage.py
[2026-04-04T17:29:31.974+0000] {logging_mixin.py:188} INFO - [2026-04-04T17:29:31.974+0000] {dag.py:3096} INFO - Sync 1 DAGs
[2026-04-04T17:29:31.991+0000] {logging_mixin.py:188} INFO - [2026-04-04T17:29:31.991+0000] {dag.py:3954} INFO - Setting next_dagrun for tmdb_stage_pipeline to None, run_after=None
[2026-04-04T17:29:32.011+0000] {processor.py:183} INFO - Processing /opt/airflow/dags/tmdb_pipeline_to_stage.py took 0.109 seconds
[2026-04-04T17:30:02.410+0000] {processor.py:161} INFO - Started process (PID=18493) to work on /opt/airflow/dags/tmdb_pipeline_to_stage.py
[2026-04-04T17:30:02.413+0000] {processor.py:830} INFO - Processing file /opt/airflow/dags/tmdb_pipeline_to_stage.py for tasks to queue
[2026-04-04T17:30:02.414+0000] {logging_mixin.py:188} INFO - [2026-04-04T17:30:02.413+0000] {dagbag.py:545} INFO - Filling up the DagBag from /opt/airflow/dags/tmdb_pipeline_to_stage.py
[2026-04-04T17:30:02.432+0000] {processor.py:840} INFO - DAG(s) 'tmdb_stage_pipeline' retrieved from /opt/airflow/dags/tmdb_pipeline_to_stage.py
[2026-04-04T17:30:02.485+0000] {logging_mixin.py:188} INFO - [2026-04-04T17:30:02.485+0000] {dag.py:3096} INFO - Sync 1 DAGs
[2026-04-04T17:30:02.505+0000] {logging_mixin.py:188} INFO - [2026-04-04T17:30:02.505+0000] {dag.py:3954} INFO - Setting next_dagrun for tmdb_stage_pipeline to None, run_after=None
[2026-04-04T17:30:02.533+0000] {processor.py:183} INFO - Processing /opt/airflow/dags/tmdb_pipeline_to_stage.py took 0.142 seconds
[2026-04-04T17:30:32.987+0000] {processor.py:161} INFO - Started process (PID=18513) to work on /opt/airflow/dags/tmdb_pipeline_to_stage.py
[2026-04-04T17:30:32.989+0000] {processor.py:830} INFO - Processing file /opt/airflow/dags/tmdb_pipeline_to_stage.py for tasks to queue
[2026-04-04T17:30:32.991+0000] {logging_mixin.py:188} INFO - [2026-04-04T17:30:32.990+0000] {dagbag.py:545} INFO - Filling up the DagBag from /opt/airflow/dags/tmdb_pipeline_to_stage.py
[2026-04-04T17:30:33.011+0000] {processor.py:840} INFO - DAG(s) 'tmdb_stage_pipeline' retrieved from /opt/airflow/dags/tmdb_pipeline_to_stage.py
[2026-04-04T17:30:33.046+0000] {logging_mixin.py:188} INFO - [2026-04-04T17:30:33.046+0000] {dag.py:3096} INFO - Sync 1 DAGs
[2026-04-04T17:30:33.062+0000] {logging_mixin.py:188} INFO - [2026-04-04T17:30:33.062+0000] {dag.py:3954} INFO - Setting next_dagrun for tmdb_stage_pipeline to None, run_after=None
[2026-04-04T17:30:33.080+0000] {processor.py:183} INFO - Processing /opt/airflow/dags/tmdb_pipeline_to_stage.py took 0.106 seconds
[2026-04-04T17:31:03.509+0000] {processor.py:161} INFO - Started process (PID=18533) to work on /opt/airflow/dags/tmdb_pipeline_to_stage.py
[2026-04-04T17:31:03.511+0000] {processor.py:830} INFO - Processing file /opt/airflow/dags/tmdb_pipeline_to_stage.py for tasks to queue
[2026-04-04T17:31:03.512+0000] {logging_mixin.py:188} INFO - [2026-04-04T17:31:03.512+0000] {dagbag.py:545} INFO - Filling up the DagBag from /opt/airflow/dags/tmdb_pipeline_to_stage.py
[2026-04-04T17:31:03.528+0000] {processor.py:840} INFO - DAG(s) 'tmdb_stage_pipeline' retrieved from /opt/airflow/dags/tmdb_pipeline_to_stage.py
[2026-04-04T17:31:03.562+0000] {logging_mixin.py:188} INFO - [2026-04-04T17:31:03.562+0000] {dag.py:3096} INFO - Sync 1 DAGs
[2026-04-04T17:31:03.575+0000] {logging_mixin.py:188} INFO - [2026-04-04T17:31:03.575+0000] {dag.py:3954} INFO - Setting next_dagrun for tmdb_stage_pipeline to None, run_after=None
[2026-04-04T17:31:03.591+0000] {processor.py:183} INFO - Processing /opt/airflow/dags/tmdb_pipeline_to_stage.py took 0.091 seconds
[2026-04-04T17:31:34.046+0000] {processor.py:161} INFO - Started process (PID=18553) to work on /opt/airflow/dags/tmdb_pipeline_to_stage.py
[2026-04-04T17:31:34.048+0000] {processor.py:830} INFO - Processing file /opt/airflow/dags/tmdb_pipeline_to_stage.py for tasks to queue
[2026-04-04T17:31:34.050+0000] {logging_mixin.py:188} INFO - [2026-04-04T17:31:34.050+0000] {dagbag.py:545} INFO - Filling up the DagBag from /opt/airflow/dags/tmdb_pipeline_to_stage.py
[2026-04-04T17:31:34.072+0000] {processor.py:840} INFO - DAG(s) 'tmdb_stage_pipeline' retrieved from /opt/airflow/dags/tmdb_pipeline_to_stage.py
[2026-04-04T17:31:34.104+0000] {logging_mixin.py:188} INFO - [2026-04-04T17:31:34.104+0000] {dag.py:3096} INFO - Sync 1 DAGs
[2026-04-04T17:31:34.122+0000] {logging_mixin.py:188} INFO - [2026-04-04T17:31:34.122+0000] {dag.py:3954} INFO - Setting next_dagrun for tmdb_stage_pipeline to None, run_after=None
[2026-04-04T17:31:34.140+0000] {processor.py:183} INFO - Processing /opt/airflow/dags/tmdb_pipeline_to_stage.py took 0.105 seconds
[2026-04-04T17:32:04.498+0000] {processor.py:161} INFO - Started process (PID=18573) to work on /opt/airflow/dags/tmdb_pipeline_to_stage.py
[2026-04-04T17:32:04.500+0000] {processor.py:830} INFO - Processing file /opt/airflow/dags/tmdb_pipeline_to_stage.py for tasks to queue
[2026-04-04T17:32:04.502+0000] {logging_mixin.py:188} INFO - [2026-04-04T17:32:04.502+0000] {dagbag.py:545} INFO - Filling up the DagBag from /opt/airflow/dags/tmdb_pipeline_to_stage.py
[2026-04-04T17:32:04.531+0000] {processor.py:840} INFO - DAG(s) 'tmdb_stage_pipeline' retrieved from /opt/airflow/dags/tmdb_pipeline_to_stage.py
[2026-04-04T17:32:04.578+0000] {logging_mixin.py:188} INFO - [2026-04-04T17:32:04.578+0000] {dag.py:3096} INFO - Sync 1 DAGs
[2026-04-04T17:32:04.598+0000] {logging_mixin.py:188} INFO - [2026-04-04T17:32:04.598+0000] {dag.py:3954} INFO - Setting next_dagrun for tmdb_stage_pipeline to None, run_after=None
[2026-04-04T17:32:04.620+0000] {processor.py:183} INFO - Processing /opt/airflow/dags/tmdb_pipeline_to_stage.py took 0.147 seconds
[2026-04-04T17:32:35.075+0000] {processor.py:161} INFO - Started process (PID=18593) to work on /opt/airflow/dags/tmdb_pipeline_to_stage.py
[2026-04-04T17:32:35.078+0000] {processor.py:830} INFO - Processing file /opt/airflow/dags/tmdb_pipeline_to_stage.py for tasks to queue
[2026-04-04T17:32:35.080+0000] {logging_mixin.py:188} INFO - [2026-04-04T17:32:35.080+0000] {dagbag.py:545} INFO - Filling up the DagBag from /opt/airflow/dags/tmdb_pipeline_to_stage.py
[2026-04-04T17:32:35.098+0000] {processor.py:840} INFO - DAG(s) 'tmdb_stage_pipeline' retrieved from /opt/airflow/dags/tmdb_pipeline_to_stage.py
[2026-04-04T17:32:35.138+0000] {logging_mixin.py:188} INFO - [2026-04-04T17:32:35.138+0000] {dag.py:3096} INFO - Sync 1 DAGs
[2026-04-04T17:32:35.152+0000] {logging_mixin.py:188} INFO - [2026-04-04T17:32:35.152+0000] {dag.py:3954} INFO - Setting next_dagrun for tmdb_stage_pipeline to None, run_after=None
[2026-04-04T17:32:35.168+0000] {processor.py:183} INFO - Processing /opt/airflow/dags/tmdb_pipeline_to_stage.py took 0.116 seconds
[2026-04-04T17:33:05.666+0000] {processor.py:161} INFO - Started process (PID=18613) to work on /opt/airflow/dags/tmdb_pipeline_to_stage.py
[2026-04-04T17:33:05.668+0000] {processor.py:830} INFO - Processing file /opt/airflow/dags/tmdb_pipeline_to_stage.py for tasks to queue
[2026-04-04T17:33:05.669+0000] {logging_mixin.py:188} INFO - [2026-04-04T17:33:05.669+0000] {dagbag.py:545} INFO - Filling up the DagBag from /opt/airflow/dags/tmdb_pipeline_to_stage.py
[2026-04-04T17:33:05.688+0000] {processor.py:840} INFO - DAG(s) 'tmdb_stage_pipeline' retrieved from /opt/airflow/dags/tmdb_pipeline_to_stage.py
[2026-04-04T17:33:05.713+0000] {logging_mixin.py:188} INFO - [2026-04-04T17:33:05.713+0000] {dag.py:3096} INFO - Sync 1 DAGs
[2026-04-04T17:33:05.731+0000] {logging_mixin.py:188} INFO - [2026-04-04T17:33:05.730+0000] {dag.py:3954} INFO - Setting next_dagrun for tmdb_stage_pipeline to None, run_after=None
[2026-04-04T17:33:05.753+0000] {processor.py:183} INFO - Processing /opt/airflow/dags/tmdb_pipeline_to_stage.py took 0.098 seconds
[2026-04-04T17:33:36.174+0000] {processor.py:161} INFO - Started process (PID=18633) to work on /opt/airflow/dags/tmdb_pipeline_to_stage.py
[2026-04-04T17:33:36.176+0000] {processor.py:830} INFO - Processing file /opt/airflow/dags/tmdb_pipeline_to_stage.py for tasks to queue
[2026-04-04T17:33:36.177+0000] {logging_mixin.py:188} INFO - [2026-04-04T17:33:36.177+0000] {dagbag.py:545} INFO - Filling up the DagBag from /opt/airflow/dags/tmdb_pipeline_to_stage.py
[2026-04-04T17:33:36.194+0000] {processor.py:840} INFO - DAG(s) 'tmdb_stage_pipeline' retrieved from /opt/airflow/dags/tmdb_pipeline_to_stage.py
[2026-04-04T17:33:36.230+0000] {logging_mixin.py:188} INFO - [2026-04-04T17:33:36.230+0000] {dag.py:3096} INFO - Sync 1 DAGs
[2026-04-04T17:33:36.248+0000] {logging_mixin.py:188} INFO - [2026-04-04T17:33:36.248+0000] {dag.py:3954} INFO - Setting next_dagrun for tmdb_stage_pipeline to None, run_after=None
[2026-04-04T17:33:36.265+0000] {processor.py:183} INFO - Processing /opt/airflow/dags/tmdb_pipeline_to_stage.py took 0.102 seconds
[2026-04-04T17:34:06.602+0000] {processor.py:161} INFO - Started process (PID=18653) to work on /opt/airflow/dags/tmdb_pipeline_to_stage.py
[2026-04-04T17:34:06.604+0000] {processor.py:830} INFO - Processing file /opt/airflow/dags/tmdb_pipeline_to_stage.py for tasks to queue
[2026-04-04T17:34:06.605+0000] {logging_mixin.py:188} INFO - [2026-04-04T17:34:06.605+0000] {dagbag.py:545} INFO - Filling up the DagBag from /opt/airflow/dags/tmdb_pipeline_to_stage.py
[2026-04-04T17:34:06.622+0000] {processor.py:840} INFO - DAG(s) 'tmdb_stage_pipeline' retrieved from /opt/airflow/dags/tmdb_pipeline_to_stage.py
[2026-04-04T17:34:06.658+0000] {logging_mixin.py:188} INFO - [2026-04-04T17:34:06.658+0000] {dag.py:3096} INFO - Sync 1 DAGs
[2026-04-04T17:34:06.671+0000] {logging_mixin.py:188} INFO - [2026-04-04T17:34:06.671+0000] {dag.py:3954} INFO - Setting next_dagrun for tmdb_stage_pipeline to None, run_after=None
[2026-04-04T17:34:06.685+0000] {processor.py:183} INFO - Processing /opt/airflow/dags/tmdb_pipeline_to_stage.py took 0.092 seconds
[2026-04-04T17:34:37.135+0000] {processor.py:161} INFO - Started process (PID=18673) to work on /opt/airflow/dags/tmdb_pipeline_to_stage.py
[2026-04-04T17:34:37.140+0000] {processor.py:830} INFO - Processing file /opt/airflow/dags/tmdb_pipeline_to_stage.py for tasks to queue
[2026-04-04T17:34:37.141+0000] {logging_mixin.py:188} INFO - [2026-04-04T17:34:37.141+0000] {dagbag.py:545} INFO - Filling up the DagBag from /opt/airflow/dags/tmdb_pipeline_to_stage.py
[2026-04-04T17:34:37.155+0000] {processor.py:840} INFO - DAG(s) 'tmdb_stage_pipeline' retrieved from /opt/airflow/dags/tmdb_pipeline_to_stage.py
[2026-04-04T17:34:37.201+0000] {logging_mixin.py:188} INFO - [2026-04-04T17:34:37.201+0000] {dag.py:3096} INFO - Sync 1 DAGs
[2026-04-04T17:34:37.219+0000] {logging_mixin.py:188} INFO - [2026-04-04T17:34:37.219+0000] {dag.py:3954} INFO - Setting next_dagrun for tmdb_stage_pipeline to None, run_after=None
[2026-04-04T17:34:37.245+0000] {processor.py:183} INFO - Processing /opt/airflow/dags/tmdb_pipeline_to_stage.py took 0.130 seconds
[2026-04-04T17:35:07.722+0000] {processor.py:161} INFO - Started process (PID=18693) to work on /opt/airflow/dags/tmdb_pipeline_to_stage.py
[2026-04-04T17:35:07.726+0000] {processor.py:830} INFO - Processing file /opt/airflow/dags/tmdb_pipeline_to_stage.py for tasks to queue
[2026-04-04T17:35:07.728+0000] {logging_mixin.py:188} INFO - [2026-04-04T17:35:07.727+0000] {dagbag.py:545} INFO - Filling up the DagBag from /opt/airflow/dags/tmdb_pipeline_to_stage.py
[2026-04-04T17:35:07.758+0000] {processor.py:840} INFO - DAG(s) 'tmdb_stage_pipeline' retrieved from /opt/airflow/dags/tmdb_pipeline_to_stage.py
[2026-04-04T17:35:07.853+0000] {logging_mixin.py:188} INFO - [2026-04-04T17:35:07.853+0000] {dag.py:3096} INFO - Sync 1 DAGs
[2026-04-04T17:35:07.876+0000] {logging_mixin.py:188} INFO - [2026-04-04T17:35:07.876+0000] {dag.py:3954} INFO - Setting next_dagrun for tmdb_stage_pipeline to None, run_after=None
[2026-04-04T17:35:07.898+0000] {processor.py:183} INFO - Processing /opt/airflow/dags/tmdb_pipeline_to_stage.py took 0.222 seconds
[2026-04-04T17:35:38.361+0000] {processor.py:161} INFO - Started process (PID=18713) to work on /opt/airflow/dags/tmdb_pipeline_to_stage.py
[2026-04-04T17:35:38.363+0000] {processor.py:830} INFO - Processing file /opt/airflow/dags/tmdb_pipeline_to_stage.py for tasks to queue
[2026-04-04T17:35:38.365+0000] {logging_mixin.py:188} INFO - [2026-04-04T17:35:38.364+0000] {dagbag.py:545} INFO - Filling up the DagBag from /opt/airflow/dags/tmdb_pipeline_to_stage.py
[2026-04-04T17:35:38.398+0000] {processor.py:840} INFO - DAG(s) 'tmdb_stage_pipeline' retrieved from /opt/airflow/dags/tmdb_pipeline_to_stage.py
[2026-04-04T17:35:38.498+0000] {logging_mixin.py:188} INFO - [2026-04-04T17:35:38.498+0000] {dag.py:3096} INFO - Sync 1 DAGs
[2026-04-04T17:35:38.546+0000] {logging_mixin.py:188} INFO - [2026-04-04T17:35:38.546+0000] {dag.py:3954} INFO - Setting next_dagrun for tmdb_stage_pipeline to None, run_after=None
[2026-04-04T17:35:38.591+0000] {processor.py:183} INFO - Processing /opt/airflow/dags/tmdb_pipeline_to_stage.py took 0.253 seconds
[2026-04-04T17:36:09.167+0000] {processor.py:161} INFO - Started process (PID=18733) to work on /opt/airflow/dags/tmdb_pipeline_to_stage.py
[2026-04-04T17:36:09.169+0000] {processor.py:830} INFO - Processing file /opt/airflow/dags/tmdb_pipeline_to_stage.py for tasks to queue
[2026-04-04T17:36:09.171+0000] {logging_mixin.py:188} INFO - [2026-04-04T17:36:09.171+0000] {dagbag.py:545} INFO - Filling up the DagBag from /opt/airflow/dags/tmdb_pipeline_to_stage.py
[2026-04-04T17:36:09.232+0000] {processor.py:840} INFO - DAG(s) 'tmdb_stage_pipeline' retrieved from /opt/airflow/dags/tmdb_pipeline_to_stage.py
[2026-04-04T17:36:09.362+0000] {logging_mixin.py:188} INFO - [2026-04-04T17:36:09.362+0000] {dag.py:3096} INFO - Sync 1 DAGs
[2026-04-04T17:36:09.404+0000] {logging_mixin.py:188} INFO - [2026-04-04T17:36:09.404+0000] {dag.py:3954} INFO - Setting next_dagrun for tmdb_stage_pipeline to None, run_after=None
[2026-04-04T17:36:09.433+0000] {processor.py:183} INFO - Processing /opt/airflow/dags/tmdb_pipeline_to_stage.py took 0.302 seconds
[2026-04-04T17:36:40.067+0000] {processor.py:161} INFO - Started process (PID=18753) to work on /opt/airflow/dags/tmdb_pipeline_to_stage.py
[2026-04-04T17:36:40.070+0000] {processor.py:830} INFO - Processing file /opt/airflow/dags/tmdb_pipeline_to_stage.py for tasks to queue
[2026-04-04T17:36:40.072+0000] {logging_mixin.py:188} INFO - [2026-04-04T17:36:40.071+0000] {dagbag.py:545} INFO - Filling up the DagBag from /opt/airflow/dags/tmdb_pipeline_to_stage.py
[2026-04-04T17:36:40.123+0000] {processor.py:840} INFO - DAG(s) 'tmdb_stage_pipeline' retrieved from /opt/airflow/dags/tmdb_pipeline_to_stage.py
[2026-04-04T17:36:40.164+0000] {logging_mixin.py:188} INFO - [2026-04-04T17:36:40.164+0000] {dag.py:3096} INFO - Sync 1 DAGs
[2026-04-04T17:36:40.195+0000] {logging_mixin.py:188} INFO - [2026-04-04T17:36:40.195+0000] {dag.py:3954} INFO - Setting next_dagrun for tmdb_stage_pipeline to None, run_after=None
[2026-04-04T17:36:40.220+0000] {processor.py:183} INFO - Processing /opt/airflow/dags/tmdb_pipeline_to_stage.py took 0.181 seconds
[2026-04-04T17:37:10.597+0000] {processor.py:161} INFO - Started process (PID=18773) to work on /opt/airflow/dags/tmdb_pipeline_to_stage.py
[2026-04-04T17:37:10.599+0000] {processor.py:830} INFO - Processing file /opt/airflow/dags/tmdb_pipeline_to_stage.py for tasks to queue
[2026-04-04T17:37:10.601+0000] {logging_mixin.py:188} INFO - [2026-04-04T17:37:10.600+0000] {dagbag.py:545} INFO - Filling up the DagBag from /opt/airflow/dags/tmdb_pipeline_to_stage.py
[2026-04-04T17:37:10.622+0000] {processor.py:840} INFO - DAG(s) 'tmdb_stage_pipeline' retrieved from /opt/airflow/dags/tmdb_pipeline_to_stage.py
[2026-04-04T17:37:10.658+0000] {logging_mixin.py:188} INFO - [2026-04-04T17:37:10.658+0000] {dag.py:3096} INFO - Sync 1 DAGs
[2026-04-04T17:37:10.686+0000] {logging_mixin.py:188} INFO - [2026-04-04T17:37:10.686+0000] {dag.py:3954} INFO - Setting next_dagrun for tmdb_stage_pipeline to None, run_after=None
[2026-04-04T17:37:10.704+0000] {processor.py:183} INFO - Processing /opt/airflow/dags/tmdb_pipeline_to_stage.py took 0.129 seconds
[2026-04-04T17:37:41.161+0000] {processor.py:161} INFO - Started process (PID=18793) to work on /opt/airflow/dags/tmdb_pipeline_to_stage.py
[2026-04-04T17:37:41.165+0000] {processor.py:830} INFO - Processing file /opt/airflow/dags/tmdb_pipeline_to_stage.py for tasks to queue
[2026-04-04T17:37:41.168+0000] {logging_mixin.py:188} INFO - [2026-04-04T17:37:41.166+0000] {dagbag.py:545} INFO - Filling up the DagBag from /opt/airflow/dags/tmdb_pipeline_to_stage.py
[2026-04-04T17:37:41.195+0000] {processor.py:840} INFO - DAG(s) 'tmdb_stage_pipeline' retrieved from /opt/airflow/dags/tmdb_pipeline_to_stage.py
[2026-04-04T17:37:41.274+0000] {logging_mixin.py:188} INFO - [2026-04-04T17:37:41.273+0000] {dag.py:3096} INFO - Sync 1 DAGs
[2026-04-04T17:37:41.301+0000] {logging_mixin.py:188} INFO - [2026-04-04T17:37:41.301+0000] {dag.py:3954} INFO - Setting next_dagrun for tmdb_stage_pipeline to None, run_after=None
[2026-04-04T17:37:41.345+0000] {processor.py:183} INFO - Processing /opt/airflow/dags/tmdb_pipeline_to_stage.py took 0.221 seconds
[2026-04-04T17:38:11.878+0000] {processor.py:161} INFO - Started process (PID=18813) to work on /opt/airflow/dags/tmdb_pipeline_to_stage.py
[2026-04-04T17:38:11.881+0000] {processor.py:830} INFO - Processing file /opt/airflow/dags/tmdb_pipeline_to_stage.py for tasks to queue
[2026-04-04T17:38:11.883+0000] {logging_mixin.py:188} INFO - [2026-04-04T17:38:11.882+0000] {dagbag.py:545} INFO - Filling up the DagBag from /opt/airflow/dags/tmdb_pipeline_to_stage.py
[2026-04-04T17:38:11.909+0000] {processor.py:840} INFO - DAG(s) 'tmdb_stage_pipeline' retrieved from /opt/airflow/dags/tmdb_pipeline_to_stage.py
[2026-04-04T17:38:11.955+0000] {logging_mixin.py:188} INFO - [2026-04-04T17:38:11.955+0000] {dag.py:3096} INFO - Sync 1 DAGs
[2026-04-04T17:38:11.981+0000] {logging_mixin.py:188} INFO - [2026-04-04T17:38:11.981+0000] {dag.py:3954} INFO - Setting next_dagrun for tmdb_stage_pipeline to None, run_after=None
[2026-04-04T17:38:12.002+0000] {processor.py:183} INFO - Processing /opt/airflow/dags/tmdb_pipeline_to_stage.py took 0.153 seconds
[2026-04-04T17:38:42.453+0000] {processor.py:161} INFO - Started process (PID=18833) to work on /opt/airflow/dags/tmdb_pipeline_to_stage.py
[2026-04-04T17:38:42.458+0000] {processor.py:830} INFO - Processing file /opt/airflow/dags/tmdb_pipeline_to_stage.py for tasks to queue
[2026-04-04T17:38:42.459+0000] {logging_mixin.py:188} INFO - [2026-04-04T17:38:42.458+0000] {dagbag.py:545} INFO - Filling up the DagBag from /opt/airflow/dags/tmdb_pipeline_to_stage.py
[2026-04-04T17:38:42.490+0000] {processor.py:840} INFO - DAG(s) 'tmdb_stage_pipeline' retrieved from /opt/airflow/dags/tmdb_pipeline_to_stage.py
[2026-04-04T17:38:42.533+0000] {logging_mixin.py:188} INFO - [2026-04-04T17:38:42.532+0000] {dag.py:3096} INFO - Sync 1 DAGs
[2026-04-04T17:38:42.552+0000] {logging_mixin.py:188} INFO - [2026-04-04T17:38:42.552+0000] {dag.py:3954} INFO - Setting next_dagrun for tmdb_stage_pipeline to None, run_after=None
[2026-04-04T17:38:42.586+0000] {processor.py:183} INFO - Processing /opt/airflow/dags/tmdb_pipeline_to_stage.py took 0.151 seconds
[2026-04-04T17:39:13.112+0000] {processor.py:161} INFO - Started process (PID=18853) to work on /opt/airflow/dags/tmdb_pipeline_to_stage.py
[2026-04-04T17:39:13.116+0000] {processor.py:830} INFO - Processing file /opt/airflow/dags/tmdb_pipeline_to_stage.py for tasks to queue
[2026-04-04T17:39:13.119+0000] {logging_mixin.py:188} INFO - [2026-04-04T17:39:13.116+0000] {dagbag.py:545} INFO - Filling up the DagBag from /opt/airflow/dags/tmdb_pipeline_to_stage.py
[2026-04-04T17:39:13.151+0000] {processor.py:840} INFO - DAG(s) 'tmdb_stage_pipeline' retrieved from /opt/airflow/dags/tmdb_pipeline_to_stage.py
[2026-04-04T17:39:13.217+0000] {logging_mixin.py:188} INFO - [2026-04-04T17:39:13.217+0000] {dag.py:3096} INFO - Sync 1 DAGs
[2026-04-04T17:39:13.236+0000] {logging_mixin.py:188} INFO - [2026-04-04T17:39:13.236+0000] {dag.py:3954} INFO - Setting next_dagrun for tmdb_stage_pipeline to None, run_after=None
[2026-04-04T17:39:13.265+0000] {processor.py:183} INFO - Processing /opt/airflow/dags/tmdb_pipeline_to_stage.py took 0.171 seconds
[2026-04-04T17:39:43.692+0000] {processor.py:161} INFO - Started process (PID=18873) to work on /opt/airflow/dags/tmdb_pipeline_to_stage.py
[2026-04-04T17:39:43.694+0000] {processor.py:830} INFO - Processing file /opt/airflow/dags/tmdb_pipeline_to_stage.py for tasks to queue
[2026-04-04T17:39:43.696+0000] {logging_mixin.py:188} INFO - [2026-04-04T17:39:43.695+0000] {dagbag.py:545} INFO - Filling up the DagBag from /opt/airflow/dags/tmdb_pipeline_to_stage.py
[2026-04-04T17:39:43.719+0000] {processor.py:840} INFO - DAG(s) 'tmdb_stage_pipeline' retrieved from /opt/airflow/dags/tmdb_pipeline_to_stage.py
[2026-04-04T17:39:43.768+0000] {logging_mixin.py:188} INFO - [2026-04-04T17:39:43.768+0000] {dag.py:3096} INFO - Sync 1 DAGs
[2026-04-04T17:39:43.785+0000] {logging_mixin.py:188} INFO - [2026-04-04T17:39:43.785+0000] {dag.py:3954} INFO - Setting next_dagrun for tmdb_stage_pipeline to None, run_after=None
[2026-04-04T17:39:43.807+0000] {processor.py:183} INFO - Processing /opt/airflow/dags/tmdb_pipeline_to_stage.py took 0.130 seconds
[2026-04-04T17:40:14.316+0000] {processor.py:161} INFO - Started process (PID=18893) to work on /opt/airflow/dags/tmdb_pipeline_to_stage.py
[2026-04-04T17:40:14.318+0000] {processor.py:830} INFO - Processing file /opt/airflow/dags/tmdb_pipeline_to_stage.py for tasks to queue
[2026-04-04T17:40:14.320+0000] {logging_mixin.py:188} INFO - [2026-04-04T17:40:14.319+0000] {dagbag.py:545} INFO - Filling up the DagBag from /opt/airflow/dags/tmdb_pipeline_to_stage.py
[2026-04-04T17:40:14.337+0000] {processor.py:840} INFO - DAG(s) 'tmdb_stage_pipeline' retrieved from /opt/airflow/dags/tmdb_pipeline_to_stage.py
[2026-04-04T17:40:14.378+0000] {logging_mixin.py:188} INFO - [2026-04-04T17:40:14.377+0000] {dag.py:3096} INFO - Sync 1 DAGs
[2026-04-04T17:40:14.392+0000] {logging_mixin.py:188} INFO - [2026-04-04T17:40:14.392+0000] {dag.py:3954} INFO - Setting next_dagrun for tmdb_stage_pipeline to None, run_after=None
[2026-04-04T17:40:14.413+0000] {processor.py:183} INFO - Processing /opt/airflow/dags/tmdb_pipeline_to_stage.py took 0.117 seconds
[2026-04-04T17:40:44.834+0000] {processor.py:161} INFO - Started process (PID=18913) to work on /opt/airflow/dags/tmdb_pipeline_to_stage.py
[2026-04-04T17:40:44.836+0000] {processor.py:830} INFO - Processing file /opt/airflow/dags/tmdb_pipeline_to_stage.py for tasks to queue
[2026-04-04T17:40:44.840+0000] {logging_mixin.py:188} INFO - [2026-04-04T17:40:44.839+0000] {dagbag.py:545} INFO - Filling up the DagBag from /opt/airflow/dags/tmdb_pipeline_to_stage.py
[2026-04-04T17:40:44.861+0000] {processor.py:840} INFO - DAG(s) 'tmdb_stage_pipeline' retrieved from /opt/airflow/dags/tmdb_pipeline_to_stage.py
[2026-04-04T17:40:44.893+0000] {logging_mixin.py:188} INFO - [2026-04-04T17:40:44.893+0000] {dag.py:3096} INFO - Sync 1 DAGs
[2026-04-04T17:40:44.908+0000] {logging_mixin.py:188} INFO - [2026-04-04T17:40:44.908+0000] {dag.py:3954} INFO - Setting next_dagrun for tmdb_stage_pipeline to None, run_after=None
[2026-04-04T17:40:44.929+0000] {processor.py:183} INFO - Processing /opt/airflow/dags/tmdb_pipeline_to_stage.py took 0.109 seconds
[2026-04-04T17:41:15.337+0000] {processor.py:161} INFO - Started process (PID=18933) to work on /opt/airflow/dags/tmdb_pipeline_to_stage.py
[2026-04-04T17:41:15.338+0000] {processor.py:830} INFO - Processing file /opt/airflow/dags/tmdb_pipeline_to_stage.py for tasks to queue
[2026-04-04T17:41:15.340+0000] {logging_mixin.py:188} INFO - [2026-04-04T17:41:15.340+0000] {dagbag.py:545} INFO - Filling up the DagBag from /opt/airflow/dags/tmdb_pipeline_to_stage.py
[2026-04-04T17:41:15.368+0000] {processor.py:840} INFO - DAG(s) 'tmdb_stage_pipeline' retrieved from /opt/airflow/dags/tmdb_pipeline_to_stage.py
[2026-04-04T17:41:15.415+0000] {logging_mixin.py:188} INFO - [2026-04-04T17:41:15.415+0000] {dag.py:3096} INFO - Sync 1 DAGs
[2026-04-04T17:41:15.434+0000] {logging_mixin.py:188} INFO - [2026-04-04T17:41:15.433+0000] {dag.py:3954} INFO - Setting next_dagrun for tmdb_stage_pipeline to None, run_after=None
[2026-04-04T17:41:15.451+0000] {processor.py:183} INFO - Processing /opt/airflow/dags/tmdb_pipeline_to_stage.py took 0.123 seconds
[2026-04-04T17:41:45.935+0000] {processor.py:161} INFO - Started process (PID=18953) to work on /opt/airflow/dags/tmdb_pipeline_to_stage.py
[2026-04-04T17:41:45.937+0000] {processor.py:830} INFO - Processing file /opt/airflow/dags/tmdb_pipeline_to_stage.py for tasks to queue
[2026-04-04T17:41:45.939+0000] {logging_mixin.py:188} INFO - [2026-04-04T17:41:45.938+0000] {dagbag.py:545} INFO - Filling up the DagBag from /opt/airflow/dags/tmdb_pipeline_to_stage.py
[2026-04-04T17:41:45.960+0000] {processor.py:840} INFO - DAG(s) 'tmdb_stage_pipeline' retrieved from /opt/airflow/dags/tmdb_pipeline_to_stage.py
[2026-04-04T17:41:45.998+0000] {logging_mixin.py:188} INFO - [2026-04-04T17:41:45.998+0000] {dag.py:3096} INFO - Sync 1 DAGs
[2026-04-04T17:41:46.015+0000] {logging_mixin.py:188} INFO - [2026-04-04T17:41:46.015+0000] {dag.py:3954} INFO - Setting next_dagrun for tmdb_stage_pipeline to None, run_after=None
[2026-04-04T17:41:46.035+0000] {processor.py:183} INFO - Processing /opt/airflow/dags/tmdb_pipeline_to_stage.py took 0.119 seconds
[2026-04-04T17:42:16.451+0000] {processor.py:161} INFO - Started process (PID=18973) to work on /opt/airflow/dags/tmdb_pipeline_to_stage.py
[2026-04-04T17:42:16.452+0000] {processor.py:830} INFO - Processing file /opt/airflow/dags/tmdb_pipeline_to_stage.py for tasks to queue
[2026-04-04T17:42:16.454+0000] {logging_mixin.py:188} INFO - [2026-04-04T17:42:16.453+0000] {dagbag.py:545} INFO - Filling up the DagBag from /opt/airflow/dags/tmdb_pipeline_to_stage.py
[2026-04-04T17:42:16.478+0000] {processor.py:840} INFO - DAG(s) 'tmdb_stage_pipeline' retrieved from /opt/airflow/dags/tmdb_pipeline_to_stage.py
[2026-04-04T17:42:16.512+0000] {logging_mixin.py:188} INFO - [2026-04-04T17:42:16.512+0000] {dag.py:3096} INFO - Sync 1 DAGs
[2026-04-04T17:42:16.527+0000] {logging_mixin.py:188} INFO - [2026-04-04T17:42:16.527+0000] {dag.py:3954} INFO - Setting next_dagrun for tmdb_stage_pipeline to None, run_after=None
[2026-04-04T17:42:16.553+0000] {processor.py:183} INFO - Processing /opt/airflow/dags/tmdb_pipeline_to_stage.py took 0.114 seconds
[2026-04-04T17:42:46.998+0000] {processor.py:161} INFO - Started process (PID=18993) to work on /opt/airflow/dags/tmdb_pipeline_to_stage.py
[2026-04-04T17:42:47.000+0000] {processor.py:830} INFO - Processing file /opt/airflow/dags/tmdb_pipeline_to_stage.py for tasks to queue
[2026-04-04T17:42:47.001+0000] {logging_mixin.py:188} INFO - [2026-04-04T17:42:47.001+0000] {dagbag.py:545} INFO - Filling up the DagBag from /opt/airflow/dags/tmdb_pipeline_to_stage.py
[2026-04-04T17:42:47.028+0000] {processor.py:840} INFO - DAG(s) 'tmdb_stage_pipeline' retrieved from /opt/airflow/dags/tmdb_pipeline_to_stage.py
[2026-04-04T17:42:47.063+0000] {logging_mixin.py:188} INFO - [2026-04-04T17:42:47.062+0000] {dag.py:3096} INFO - Sync 1 DAGs
[2026-04-04T17:42:47.084+0000] {logging_mixin.py:188} INFO - [2026-04-04T17:42:47.084+0000] {dag.py:3954} INFO - Setting next_dagrun for tmdb_stage_pipeline to None, run_after=None
[2026-04-04T17:42:47.098+0000] {processor.py:183} INFO - Processing /opt/airflow/dags/tmdb_pipeline_to_stage.py took 0.115 seconds
[2026-04-04T17:43:17.490+0000] {processor.py:161} INFO - Started process (PID=19013) to work on /opt/airflow/dags/tmdb_pipeline_to_stage.py
[2026-04-04T17:43:17.493+0000] {processor.py:830} INFO - Processing file /opt/airflow/dags/tmdb_pipeline_to_stage.py for tasks to queue
[2026-04-04T17:43:17.494+0000] {logging_mixin.py:188} INFO - [2026-04-04T17:43:17.493+0000] {dagbag.py:545} INFO - Filling up the DagBag from /opt/airflow/dags/tmdb_pipeline_to_stage.py
[2026-04-04T17:43:17.511+0000] {processor.py:840} INFO - DAG(s) 'tmdb_stage_pipeline' retrieved from /opt/airflow/dags/tmdb_pipeline_to_stage.py
[2026-04-04T17:43:17.537+0000] {logging_mixin.py:188} INFO - [2026-04-04T17:43:17.536+0000] {dag.py:3096} INFO - Sync 1 DAGs
[2026-04-04T17:43:17.559+0000] {logging_mixin.py:188} INFO - [2026-04-04T17:43:17.559+0000] {dag.py:3954} INFO - Setting next_dagrun for tmdb_stage_pipeline to None, run_after=None
[2026-04-04T17:43:17.578+0000] {processor.py:183} INFO - Processing /opt/airflow/dags/tmdb_pipeline_to_stage.py took 0.099 seconds
[2026-04-04T17:43:48.008+0000] {processor.py:161} INFO - Started process (PID=19033) to work on /opt/airflow/dags/tmdb_pipeline_to_stage.py
[2026-04-04T17:43:48.010+0000] {processor.py:830} INFO - Processing file /opt/airflow/dags/tmdb_pipeline_to_stage.py for tasks to queue
[2026-04-04T17:43:48.012+0000] {logging_mixin.py:188} INFO - [2026-04-04T17:43:48.010+0000] {dagbag.py:545} INFO - Filling up the DagBag from /opt/airflow/dags/tmdb_pipeline_to_stage.py
[2026-04-04T17:43:48.041+0000] {processor.py:840} INFO - DAG(s) 'tmdb_stage_pipeline' retrieved from /opt/airflow/dags/tmdb_pipeline_to_stage.py
[2026-04-04T17:43:48.079+0000] {logging_mixin.py:188} INFO - [2026-04-04T17:43:48.079+0000] {dag.py:3096} INFO - Sync 1 DAGs
[2026-04-04T17:43:48.093+0000] {logging_mixin.py:188} INFO - [2026-04-04T17:43:48.093+0000] {dag.py:3954} INFO - Setting next_dagrun for tmdb_stage_pipeline to None, run_after=None
[2026-04-04T17:43:48.111+0000] {processor.py:183} INFO - Processing /opt/airflow/dags/tmdb_pipeline_to_stage.py took 0.115 seconds
[2026-04-04T17:44:18.486+0000] {processor.py:161} INFO - Started process (PID=19053) to work on /opt/airflow/dags/tmdb_pipeline_to_stage.py
[2026-04-04T17:44:18.488+0000] {processor.py:830} INFO - Processing file /opt/airflow/dags/tmdb_pipeline_to_stage.py for tasks to queue
[2026-04-04T17:44:18.490+0000] {logging_mixin.py:188} INFO - [2026-04-04T17:44:18.489+0000] {dagbag.py:545} INFO - Filling up the DagBag from /opt/airflow/dags/tmdb_pipeline_to_stage.py
[2026-04-04T17:44:18.511+0000] {processor.py:840} INFO - DAG(s) 'tmdb_stage_pipeline' retrieved from /opt/airflow/dags/tmdb_pipeline_to_stage.py
[2026-04-04T17:44:18.558+0000] {logging_mixin.py:188} INFO - [2026-04-04T17:44:18.558+0000] {dag.py:3096} INFO - Sync 1 DAGs
[2026-04-04T17:44:18.586+0000] {logging_mixin.py:188} INFO - [2026-04-04T17:44:18.586+0000] {dag.py:3954} INFO - Setting next_dagrun for tmdb_stage_pipeline to None, run_after=None
[2026-04-04T17:44:18.607+0000] {processor.py:183} INFO - Processing /opt/airflow/dags/tmdb_pipeline_to_stage.py took 0.136 seconds
[2026-04-04T17:44:49.049+0000] {processor.py:161} INFO - Started process (PID=19073) to work on /opt/airflow/dags/tmdb_pipeline_to_stage.py
[2026-04-04T17:44:49.053+0000] {processor.py:830} INFO - Processing file /opt/airflow/dags/tmdb_pipeline_to_stage.py for tasks to queue
[2026-04-04T17:44:49.055+0000] {logging_mixin.py:188} INFO - [2026-04-04T17:44:49.054+0000] {dagbag.py:545} INFO - Filling up the DagBag from /opt/airflow/dags/tmdb_pipeline_to_stage.py
[2026-04-04T17:44:49.103+0000] {processor.py:840} INFO - DAG(s) 'tmdb_stage_pipeline' retrieved from /opt/airflow/dags/tmdb_pipeline_to_stage.py
[2026-04-04T17:44:49.150+0000] {logging_mixin.py:188} INFO - [2026-04-04T17:44:49.150+0000] {dag.py:3096} INFO - Sync 1 DAGs
[2026-04-04T17:44:49.174+0000] {logging_mixin.py:188} INFO - [2026-04-04T17:44:49.174+0000] {dag.py:3954} INFO - Setting next_dagrun for tmdb_stage_pipeline to None, run_after=None
[2026-04-04T17:44:49.196+0000] {processor.py:183} INFO - Processing /opt/airflow/dags/tmdb_pipeline_to_stage.py took 0.164 seconds
[2026-04-04T17:45:19.848+0000] {processor.py:161} INFO - Started process (PID=19093) to work on /opt/airflow/dags/tmdb_pipeline_to_stage.py
[2026-04-04T17:45:19.856+0000] {processor.py:830} INFO - Processing file /opt/airflow/dags/tmdb_pipeline_to_stage.py for tasks to queue
[2026-04-04T17:45:19.863+0000] {logging_mixin.py:188} INFO - [2026-04-04T17:45:19.859+0000] {dagbag.py:545} INFO - Filling up the DagBag from /opt/airflow/dags/tmdb_pipeline_to_stage.py
[2026-04-04T17:45:19.905+0000] {processor.py:840} INFO - DAG(s) 'tmdb_stage_pipeline' retrieved from /opt/airflow/dags/tmdb_pipeline_to_stage.py
[2026-04-04T17:45:19.976+0000] {logging_mixin.py:188} INFO - [2026-04-04T17:45:19.976+0000] {dag.py:3096} INFO - Sync 1 DAGs
[2026-04-04T17:45:20.021+0000] {logging_mixin.py:188} INFO - [2026-04-04T17:45:20.021+0000] {dag.py:3954} INFO - Setting next_dagrun for tmdb_stage_pipeline to None, run_after=None
[2026-04-04T17:45:20.049+0000] {processor.py:183} INFO - Processing /opt/airflow/dags/tmdb_pipeline_to_stage.py took 0.253 seconds
[2026-04-04T17:45:50.574+0000] {processor.py:161} INFO - Started process (PID=19113) to work on /opt/airflow/dags/tmdb_pipeline_to_stage.py
[2026-04-04T17:45:50.576+0000] {processor.py:830} INFO - Processing file /opt/airflow/dags/tmdb_pipeline_to_stage.py for tasks to queue
[2026-04-04T17:45:50.581+0000] {logging_mixin.py:188} INFO - [2026-04-04T17:45:50.580+0000] {dagbag.py:545} INFO - Filling up the DagBag from /opt/airflow/dags/tmdb_pipeline_to_stage.py
[2026-04-04T17:45:50.614+0000] {processor.py:840} INFO - DAG(s) 'tmdb_stage_pipeline' retrieved from /opt/airflow/dags/tmdb_pipeline_to_stage.py
[2026-04-04T17:45:50.675+0000] {logging_mixin.py:188} INFO - [2026-04-04T17:45:50.675+0000] {dag.py:3096} INFO - Sync 1 DAGs
[2026-04-04T17:45:50.698+0000] {logging_mixin.py:188} INFO - [2026-04-04T17:45:50.697+0000] {dag.py:3954} INFO - Setting next_dagrun for tmdb_stage_pipeline to None, run_after=None
[2026-04-04T17:45:50.728+0000] {processor.py:183} INFO - Processing /opt/airflow/dags/tmdb_pipeline_to_stage.py took 0.176 seconds
[2026-04-04T17:46:21.253+0000] {processor.py:161} INFO - Started process (PID=19133) to work on /opt/airflow/dags/tmdb_pipeline_to_stage.py
[2026-04-04T17:46:21.257+0000] {processor.py:830} INFO - Processing file /opt/airflow/dags/tmdb_pipeline_to_stage.py for tasks to queue
[2026-04-04T17:46:21.261+0000] {logging_mixin.py:188} INFO - [2026-04-04T17:46:21.259+0000] {dagbag.py:545} INFO - Filling up the DagBag from /opt/airflow/dags/tmdb_pipeline_to_stage.py
[2026-04-04T17:46:21.309+0000] {processor.py:840} INFO - DAG(s) 'tmdb_stage_pipeline' retrieved from /opt/airflow/dags/tmdb_pipeline_to_stage.py
[2026-04-04T17:46:21.358+0000] {logging_mixin.py:188} INFO - [2026-04-04T17:46:21.357+0000] {dag.py:3096} INFO - Sync 1 DAGs
[2026-04-04T17:46:21.394+0000] {logging_mixin.py:188} INFO - [2026-04-04T17:46:21.394+0000] {dag.py:3954} INFO - Setting next_dagrun for tmdb_stage_pipeline to None, run_after=None
[2026-04-04T17:46:21.414+0000] {processor.py:183} INFO - Processing /opt/airflow/dags/tmdb_pipeline_to_stage.py took 0.192 seconds
[2026-04-04T17:46:51.902+0000] {processor.py:161} INFO - Started process (PID=19153) to work on /opt/airflow/dags/tmdb_pipeline_to_stage.py
[2026-04-04T17:46:51.904+0000] {processor.py:830} INFO - Processing file /opt/airflow/dags/tmdb_pipeline_to_stage.py for tasks to queue
[2026-04-04T17:46:51.906+0000] {logging_mixin.py:188} INFO - [2026-04-04T17:46:51.905+0000] {dagbag.py:545} INFO - Filling up the DagBag from /opt/airflow/dags/tmdb_pipeline_to_stage.py
[2026-04-04T17:46:51.933+0000] {processor.py:840} INFO - DAG(s) 'tmdb_stage_pipeline' retrieved from /opt/airflow/dags/tmdb_pipeline_to_stage.py
[2026-04-04T17:46:52.002+0000] {logging_mixin.py:188} INFO - [2026-04-04T17:46:52.002+0000] {dag.py:3096} INFO - Sync 1 DAGs
[2026-04-04T17:46:52.041+0000] {logging_mixin.py:188} INFO - [2026-04-04T17:46:52.041+0000] {dag.py:3954} INFO - Setting next_dagrun for tmdb_stage_pipeline to None, run_after=None
[2026-04-04T17:46:52.062+0000] {processor.py:183} INFO - Processing /opt/airflow/dags/tmdb_pipeline_to_stage.py took 0.179 seconds
[2026-04-04T17:47:22.717+0000] {processor.py:161} INFO - Started process (PID=19173) to work on /opt/airflow/dags/tmdb_pipeline_to_stage.py
[2026-04-04T17:47:22.721+0000] {processor.py:830} INFO - Processing file /opt/airflow/dags/tmdb_pipeline_to_stage.py for tasks to queue
[2026-04-04T17:47:22.722+0000] {logging_mixin.py:188} INFO - [2026-04-04T17:47:22.722+0000] {dagbag.py:545} INFO - Filling up the DagBag from /opt/airflow/dags/tmdb_pipeline_to_stage.py
[2026-04-04T17:47:22.751+0000] {processor.py:840} INFO - DAG(s) 'tmdb_stage_pipeline' retrieved from /opt/airflow/dags/tmdb_pipeline_to_stage.py
[2026-04-04T17:47:22.801+0000] {logging_mixin.py:188} INFO - [2026-04-04T17:47:22.801+0000] {dag.py:3096} INFO - Sync 1 DAGs
[2026-04-04T17:47:22.828+0000] {logging_mixin.py:188} INFO - [2026-04-04T17:47:22.828+0000] {dag.py:3954} INFO - Setting next_dagrun for tmdb_stage_pipeline to None, run_after=None
[2026-04-04T17:47:22.850+0000] {processor.py:183} INFO - Processing /opt/airflow/dags/tmdb_pipeline_to_stage.py took 0.158 seconds
[2026-04-04T17:47:53.485+0000] {processor.py:161} INFO - Started process (PID=19193) to work on /opt/airflow/dags/tmdb_pipeline_to_stage.py
[2026-04-04T17:47:53.488+0000] {processor.py:830} INFO - Processing file /opt/airflow/dags/tmdb_pipeline_to_stage.py for tasks to queue
[2026-04-04T17:47:53.490+0000] {logging_mixin.py:188} INFO - [2026-04-04T17:47:53.489+0000] {dagbag.py:545} INFO - Filling up the DagBag from /opt/airflow/dags/tmdb_pipeline_to_stage.py
[2026-04-04T17:47:53.512+0000] {processor.py:840} INFO - DAG(s) 'tmdb_stage_pipeline' retrieved from /opt/airflow/dags/tmdb_pipeline_to_stage.py
[2026-04-04T17:47:53.563+0000] {logging_mixin.py:188} INFO - [2026-04-04T17:47:53.562+0000] {dag.py:3096} INFO - Sync 1 DAGs
[2026-04-04T17:47:53.597+0000] {logging_mixin.py:188} INFO - [2026-04-04T17:47:53.597+0000] {dag.py:3954} INFO - Setting next_dagrun for tmdb_stage_pipeline to None, run_after=None
[2026-04-04T17:47:53.613+0000] {processor.py:183} INFO - Processing /opt/airflow/dags/tmdb_pipeline_to_stage.py took 0.145 seconds
[2026-04-04T17:48:24.155+0000] {processor.py:161} INFO - Started process (PID=19213) to work on /opt/airflow/dags/tmdb_pipeline_to_stage.py
[2026-04-04T17:48:24.158+0000] {processor.py:830} INFO - Processing file /opt/airflow/dags/tmdb_pipeline_to_stage.py for tasks to queue
[2026-04-04T17:48:24.160+0000] {logging_mixin.py:188} INFO - [2026-04-04T17:48:24.159+0000] {dagbag.py:545} INFO - Filling up the DagBag from /opt/airflow/dags/tmdb_pipeline_to_stage.py
[2026-04-04T17:48:24.177+0000] {processor.py:840} INFO - DAG(s) 'tmdb_stage_pipeline' retrieved from /opt/airflow/dags/tmdb_pipeline_to_stage.py
[2026-04-04T17:48:24.223+0000] {logging_mixin.py:188} INFO - [2026-04-04T17:48:24.223+0000] {dag.py:3096} INFO - Sync 1 DAGs
[2026-04-04T17:48:24.249+0000] {logging_mixin.py:188} INFO - [2026-04-04T17:48:24.249+0000] {dag.py:3954} INFO - Setting next_dagrun for tmdb_stage_pipeline to None, run_after=None
[2026-04-04T17:48:24.267+0000] {processor.py:183} INFO - Processing /opt/airflow/dags/tmdb_pipeline_to_stage.py took 0.139 seconds
[2026-04-04T17:48:54.725+0000] {processor.py:161} INFO - Started process (PID=19233) to work on /opt/airflow/dags/tmdb_pipeline_to_stage.py
[2026-04-04T17:48:54.727+0000] {processor.py:830} INFO - Processing file /opt/airflow/dags/tmdb_pipeline_to_stage.py for tasks to queue
[2026-04-04T17:48:54.730+0000] {logging_mixin.py:188} INFO - [2026-04-04T17:48:54.728+0000] {dagbag.py:545} INFO - Filling up the DagBag from /opt/airflow/dags/tmdb_pipeline_to_stage.py
[2026-04-04T17:48:54.759+0000] {processor.py:840} INFO - DAG(s) 'tmdb_stage_pipeline' retrieved from /opt/airflow/dags/tmdb_pipeline_to_stage.py
[2026-04-04T17:48:54.808+0000] {logging_mixin.py:188} INFO - [2026-04-04T17:48:54.808+0000] {dag.py:3096} INFO - Sync 1 DAGs
[2026-04-04T17:48:54.831+0000] {logging_mixin.py:188} INFO - [2026-04-04T17:48:54.831+0000] {dag.py:3954} INFO - Setting next_dagrun for tmdb_stage_pipeline to None, run_after=None
[2026-04-04T17:48:54.853+0000] {processor.py:183} INFO - Processing /opt/airflow/dags/tmdb_pipeline_to_stage.py took 0.148 seconds
[2026-04-04T17:49:25.381+0000] {processor.py:161} INFO - Started process (PID=19253) to work on /opt/airflow/dags/tmdb_pipeline_to_stage.py
[2026-04-04T17:49:25.384+0000] {processor.py:830} INFO - Processing file /opt/airflow/dags/tmdb_pipeline_to_stage.py for tasks to queue
[2026-04-04T17:49:25.386+0000] {logging_mixin.py:188} INFO - [2026-04-04T17:49:25.385+0000] {dagbag.py:545} INFO - Filling up the DagBag from /opt/airflow/dags/tmdb_pipeline_to_stage.py
[2026-04-04T17:49:25.406+0000] {processor.py:840} INFO - DAG(s) 'tmdb_stage_pipeline' retrieved from /opt/airflow/dags/tmdb_pipeline_to_stage.py
[2026-04-04T17:49:25.460+0000] {logging_mixin.py:188} INFO - [2026-04-04T17:49:25.460+0000] {dag.py:3096} INFO - Sync 1 DAGs
[2026-04-04T17:49:25.493+0000] {logging_mixin.py:188} INFO - [2026-04-04T17:49:25.493+0000] {dag.py:3954} INFO - Setting next_dagrun for tmdb_stage_pipeline to None, run_after=None
[2026-04-04T17:49:25.512+0000] {processor.py:183} INFO - Processing /opt/airflow/dags/tmdb_pipeline_to_stage.py took 0.161 seconds
[2026-04-04T17:49:55.908+0000] {processor.py:161} INFO - Started process (PID=19273) to work on /opt/airflow/dags/tmdb_pipeline_to_stage.py
[2026-04-04T17:49:55.910+0000] {processor.py:830} INFO - Processing file /opt/airflow/dags/tmdb_pipeline_to_stage.py for tasks to queue
[2026-04-04T17:49:55.911+0000] {logging_mixin.py:188} INFO - [2026-04-04T17:49:55.911+0000] {dagbag.py:545} INFO - Filling up the DagBag from /opt/airflow/dags/tmdb_pipeline_to_stage.py
[2026-04-04T17:49:55.944+0000] {processor.py:840} INFO - DAG(s) 'tmdb_stage_pipeline' retrieved from /opt/airflow/dags/tmdb_pipeline_to_stage.py
[2026-04-04T17:49:56.004+0000] {logging_mixin.py:188} INFO - [2026-04-04T17:49:56.003+0000] {dag.py:3096} INFO - Sync 1 DAGs
[2026-04-04T17:49:56.035+0000] {logging_mixin.py:188} INFO - [2026-04-04T17:49:56.035+0000] {dag.py:3954} INFO - Setting next_dagrun for tmdb_stage_pipeline to None, run_after=None
[2026-04-04T17:49:56.053+0000] {processor.py:183} INFO - Processing /opt/airflow/dags/tmdb_pipeline_to_stage.py took 0.162 seconds
[2026-04-04T17:50:26.589+0000] {processor.py:161} INFO - Started process (PID=19293) to work on /opt/airflow/dags/tmdb_pipeline_to_stage.py
[2026-04-04T17:50:26.593+0000] {processor.py:830} INFO - Processing file /opt/airflow/dags/tmdb_pipeline_to_stage.py for tasks to queue
[2026-04-04T17:50:26.597+0000] {logging_mixin.py:188} INFO - [2026-04-04T17:50:26.594+0000] {dagbag.py:545} INFO - Filling up the DagBag from /opt/airflow/dags/tmdb_pipeline_to_stage.py
[2026-04-04T17:50:26.618+0000] {processor.py:840} INFO - DAG(s) 'tmdb_stage_pipeline' retrieved from /opt/airflow/dags/tmdb_pipeline_to_stage.py
[2026-04-04T17:50:26.694+0000] {logging_mixin.py:188} INFO - [2026-04-04T17:50:26.694+0000] {dag.py:3096} INFO - Sync 1 DAGs
[2026-04-04T17:50:26.714+0000] {logging_mixin.py:188} INFO - [2026-04-04T17:50:26.714+0000] {dag.py:3954} INFO - Setting next_dagrun for tmdb_stage_pipeline to None, run_after=None
[2026-04-04T17:50:26.735+0000] {processor.py:183} INFO - Processing /opt/airflow/dags/tmdb_pipeline_to_stage.py took 0.187 seconds
[2026-04-04T17:50:57.118+0000] {processor.py:161} INFO - Started process (PID=19313) to work on /opt/airflow/dags/tmdb_pipeline_to_stage.py
[2026-04-04T17:50:57.121+0000] {processor.py:830} INFO - Processing file /opt/airflow/dags/tmdb_pipeline_to_stage.py for tasks to queue
[2026-04-04T17:50:57.122+0000] {logging_mixin.py:188} INFO - [2026-04-04T17:50:57.121+0000] {dagbag.py:545} INFO - Filling up the DagBag from /opt/airflow/dags/tmdb_pipeline_to_stage.py
[2026-04-04T17:50:57.147+0000] {processor.py:840} INFO - DAG(s) 'tmdb_stage_pipeline' retrieved from /opt/airflow/dags/tmdb_pipeline_to_stage.py
[2026-04-04T17:50:57.199+0000] {logging_mixin.py:188} INFO - [2026-04-04T17:50:57.199+0000] {dag.py:3096} INFO - Sync 1 DAGs
[2026-04-04T17:50:57.225+0000] {logging_mixin.py:188} INFO - [2026-04-04T17:50:57.225+0000] {dag.py:3954} INFO - Setting next_dagrun for tmdb_stage_pipeline to None, run_after=None
[2026-04-04T17:50:57.244+0000] {processor.py:183} INFO - Processing /opt/airflow/dags/tmdb_pipeline_to_stage.py took 0.145 seconds
[2026-04-04T17:51:27.658+0000] {processor.py:161} INFO - Started process (PID=19333) to work on /opt/airflow/dags/tmdb_pipeline_to_stage.py
[2026-04-04T17:51:27.659+0000] {processor.py:830} INFO - Processing file /opt/airflow/dags/tmdb_pipeline_to_stage.py for tasks to queue
[2026-04-04T17:51:27.661+0000] {logging_mixin.py:188} INFO - [2026-04-04T17:51:27.660+0000] {dagbag.py:545} INFO - Filling up the DagBag from /opt/airflow/dags/tmdb_pipeline_to_stage.py
[2026-04-04T17:51:27.676+0000] {processor.py:840} INFO - DAG(s) 'tmdb_stage_pipeline' retrieved from /opt/airflow/dags/tmdb_pipeline_to_stage.py
[2026-04-04T17:51:27.716+0000] {logging_mixin.py:188} INFO - [2026-04-04T17:51:27.716+0000] {dag.py:3096} INFO - Sync 1 DAGs
[2026-04-04T17:51:27.734+0000] {logging_mixin.py:188} INFO - [2026-04-04T17:51:27.734+0000] {dag.py:3954} INFO - Setting next_dagrun for tmdb_stage_pipeline to None, run_after=None
[2026-04-04T17:51:27.750+0000] {processor.py:183} INFO - Processing /opt/airflow/dags/tmdb_pipeline_to_stage.py took 0.113 seconds
[2026-04-04T17:51:58.161+0000] {processor.py:161} INFO - Started process (PID=19353) to work on /opt/airflow/dags/tmdb_pipeline_to_stage.py
[2026-04-04T17:51:58.163+0000] {processor.py:830} INFO - Processing file /opt/airflow/dags/tmdb_pipeline_to_stage.py for tasks to queue
[2026-04-04T17:51:58.164+0000] {logging_mixin.py:188} INFO - [2026-04-04T17:51:58.164+0000] {dagbag.py:545} INFO - Filling up the DagBag from /opt/airflow/dags/tmdb_pipeline_to_stage.py
[2026-04-04T17:51:58.183+0000] {processor.py:840} INFO - DAG(s) 'tmdb_stage_pipeline' retrieved from /opt/airflow/dags/tmdb_pipeline_to_stage.py
[2026-04-04T17:51:58.230+0000] {logging_mixin.py:188} INFO - [2026-04-04T17:51:58.230+0000] {dag.py:3096} INFO - Sync 1 DAGs
[2026-04-04T17:51:58.256+0000] {logging_mixin.py:188} INFO - [2026-04-04T17:51:58.256+0000] {dag.py:3954} INFO - Setting next_dagrun for tmdb_stage_pipeline to None, run_after=None
[2026-04-04T17:51:58.273+0000] {processor.py:183} INFO - Processing /opt/airflow/dags/tmdb_pipeline_to_stage.py took 0.127 seconds
[2026-04-04T17:52:28.705+0000] {processor.py:161} INFO - Started process (PID=19373) to work on /opt/airflow/dags/tmdb_pipeline_to_stage.py
[2026-04-04T17:52:28.708+0000] {processor.py:830} INFO - Processing file /opt/airflow/dags/tmdb_pipeline_to_stage.py for tasks to queue
[2026-04-04T17:52:28.709+0000] {logging_mixin.py:188} INFO - [2026-04-04T17:52:28.709+0000] {dagbag.py:545} INFO - Filling up the DagBag from /opt/airflow/dags/tmdb_pipeline_to_stage.py
[2026-04-04T17:52:28.723+0000] {processor.py:840} INFO - DAG(s) 'tmdb_stage_pipeline' retrieved from /opt/airflow/dags/tmdb_pipeline_to_stage.py
[2026-04-04T17:52:28.771+0000] {logging_mixin.py:188} INFO - [2026-04-04T17:52:28.770+0000] {dag.py:3096} INFO - Sync 1 DAGs
[2026-04-04T17:52:28.788+0000] {logging_mixin.py:188} INFO - [2026-04-04T17:52:28.788+0000] {dag.py:3954} INFO - Setting next_dagrun for tmdb_stage_pipeline to None, run_after=None
[2026-04-04T17:52:28.810+0000] {processor.py:183} INFO - Processing /opt/airflow/dags/tmdb_pipeline_to_stage.py took 0.113 seconds
[2026-04-04T17:52:59.191+0000] {processor.py:161} INFO - Started process (PID=19393) to work on /opt/airflow/dags/tmdb_pipeline_to_stage.py
[2026-04-04T17:52:59.192+0000] {processor.py:830} INFO - Processing file /opt/airflow/dags/tmdb_pipeline_to_stage.py for tasks to queue
[2026-04-04T17:52:59.194+0000] {logging_mixin.py:188} INFO - [2026-04-04T17:52:59.194+0000] {dagbag.py:545} INFO - Filling up the DagBag from /opt/airflow/dags/tmdb_pipeline_to_stage.py
[2026-04-04T17:52:59.208+0000] {processor.py:840} INFO - DAG(s) 'tmdb_stage_pipeline' retrieved from /opt/airflow/dags/tmdb_pipeline_to_stage.py
[2026-04-04T17:52:59.249+0000] {logging_mixin.py:188} INFO - [2026-04-04T17:52:59.248+0000] {dag.py:3096} INFO - Sync 1 DAGs
[2026-04-04T17:52:59.273+0000] {logging_mixin.py:188} INFO - [2026-04-04T17:52:59.272+0000] {dag.py:3954} INFO - Setting next_dagrun for tmdb_stage_pipeline to None, run_after=None
[2026-04-04T17:52:59.291+0000] {processor.py:183} INFO - Processing /opt/airflow/dags/tmdb_pipeline_to_stage.py took 0.120 seconds
[2026-04-04T17:53:29.679+0000] {processor.py:161} INFO - Started process (PID=19413) to work on /opt/airflow/dags/tmdb_pipeline_to_stage.py
[2026-04-04T17:53:29.681+0000] {processor.py:830} INFO - Processing file /opt/airflow/dags/tmdb_pipeline_to_stage.py for tasks to queue
[2026-04-04T17:53:29.682+0000] {logging_mixin.py:188} INFO - [2026-04-04T17:53:29.682+0000] {dagbag.py:545} INFO - Filling up the DagBag from /opt/airflow/dags/tmdb_pipeline_to_stage.py
[2026-04-04T17:53:29.703+0000] {processor.py:840} INFO - DAG(s) 'tmdb_stage_pipeline' retrieved from /opt/airflow/dags/tmdb_pipeline_to_stage.py
[2026-04-04T17:53:29.757+0000] {logging_mixin.py:188} INFO - [2026-04-04T17:53:29.757+0000] {dag.py:3096} INFO - Sync 1 DAGs
[2026-04-04T17:53:29.781+0000] {logging_mixin.py:188} INFO - [2026-04-04T17:53:29.781+0000] {dag.py:3954} INFO - Setting next_dagrun for tmdb_stage_pipeline to None, run_after=None
[2026-04-04T17:53:29.794+0000] {processor.py:183} INFO - Processing /opt/airflow/dags/tmdb_pipeline_to_stage.py took 0.131 seconds
[2026-04-04T17:54:00.205+0000] {processor.py:161} INFO - Started process (PID=19433) to work on /opt/airflow/dags/tmdb_pipeline_to_stage.py
[2026-04-04T17:54:00.208+0000] {processor.py:830} INFO - Processing file /opt/airflow/dags/tmdb_pipeline_to_stage.py for tasks to queue
[2026-04-04T17:54:00.209+0000] {logging_mixin.py:188} INFO - [2026-04-04T17:54:00.208+0000] {dagbag.py:545} INFO - Filling up the DagBag from /opt/airflow/dags/tmdb_pipeline_to_stage.py
[2026-04-04T17:54:00.234+0000] {processor.py:840} INFO - DAG(s) 'tmdb_stage_pipeline' retrieved from /opt/airflow/dags/tmdb_pipeline_to_stage.py
[2026-04-04T17:54:00.280+0000] {logging_mixin.py:188} INFO - [2026-04-04T17:54:00.279+0000] {dag.py:3096} INFO - Sync 1 DAGs
[2026-04-04T17:54:00.299+0000] {logging_mixin.py:188} INFO - [2026-04-04T17:54:00.299+0000] {dag.py:3954} INFO - Setting next_dagrun for tmdb_stage_pipeline to None, run_after=None
[2026-04-04T17:54:00.319+0000] {processor.py:183} INFO - Processing /opt/airflow/dags/tmdb_pipeline_to_stage.py took 0.137 seconds
[2026-04-04T17:54:30.801+0000] {processor.py:161} INFO - Started process (PID=19453) to work on /opt/airflow/dags/tmdb_pipeline_to_stage.py
[2026-04-04T17:54:30.803+0000] {processor.py:830} INFO - Processing file /opt/airflow/dags/tmdb_pipeline_to_stage.py for tasks to queue
[2026-04-04T17:54:30.804+0000] {logging_mixin.py:188} INFO - [2026-04-04T17:54:30.804+0000] {dagbag.py:545} INFO - Filling up the DagBag from /opt/airflow/dags/tmdb_pipeline_to_stage.py
[2026-04-04T17:54:30.822+0000] {processor.py:840} INFO - DAG(s) 'tmdb_stage_pipeline' retrieved from /opt/airflow/dags/tmdb_pipeline_to_stage.py
[2026-04-04T17:54:30.855+0000] {logging_mixin.py:188} INFO - [2026-04-04T17:54:30.855+0000] {dag.py:3096} INFO - Sync 1 DAGs
[2026-04-04T17:54:30.868+0000] {logging_mixin.py:188} INFO - [2026-04-04T17:54:30.868+0000] {dag.py:3954} INFO - Setting next_dagrun for tmdb_stage_pipeline to None, run_after=None
[2026-04-04T17:54:30.882+0000] {processor.py:183} INFO - Processing /opt/airflow/dags/tmdb_pipeline_to_stage.py took 0.089 seconds
[2026-04-04T17:55:01.234+0000] {processor.py:161} INFO - Started process (PID=19473) to work on /opt/airflow/dags/tmdb_pipeline_to_stage.py
[2026-04-04T17:55:01.237+0000] {processor.py:830} INFO - Processing file /opt/airflow/dags/tmdb_pipeline_to_stage.py for tasks to queue
[2026-04-04T17:55:01.238+0000] {logging_mixin.py:188} INFO - [2026-04-04T17:55:01.238+0000] {dagbag.py:545} INFO - Filling up the DagBag from /opt/airflow/dags/tmdb_pipeline_to_stage.py
[2026-04-04T17:55:01.258+0000] {processor.py:840} INFO - DAG(s) 'tmdb_stage_pipeline' retrieved from /opt/airflow/dags/tmdb_pipeline_to_stage.py
[2026-04-04T17:55:01.307+0000] {logging_mixin.py:188} INFO - [2026-04-04T17:55:01.307+0000] {dag.py:3096} INFO - Sync 1 DAGs
[2026-04-04T17:55:01.324+0000] {logging_mixin.py:188} INFO - [2026-04-04T17:55:01.324+0000] {dag.py:3954} INFO - Setting next_dagrun for tmdb_stage_pipeline to None, run_after=None
[2026-04-04T17:55:01.344+0000] {processor.py:183} INFO - Processing /opt/airflow/dags/tmdb_pipeline_to_stage.py took 0.127 seconds
[2026-04-04T17:55:31.784+0000] {processor.py:161} INFO - Started process (PID=19493) to work on /opt/airflow/dags/tmdb_pipeline_to_stage.py
[2026-04-04T17:55:31.787+0000] {processor.py:830} INFO - Processing file /opt/airflow/dags/tmdb_pipeline_to_stage.py for tasks to queue
[2026-04-04T17:55:31.789+0000] {logging_mixin.py:188} INFO - [2026-04-04T17:55:31.788+0000] {dagbag.py:545} INFO - Filling up the DagBag from /opt/airflow/dags/tmdb_pipeline_to_stage.py
[2026-04-04T17:55:31.806+0000] {processor.py:840} INFO - DAG(s) 'tmdb_stage_pipeline' retrieved from /opt/airflow/dags/tmdb_pipeline_to_stage.py
[2026-04-04T17:55:31.860+0000] {logging_mixin.py:188} INFO - [2026-04-04T17:55:31.860+0000] {dag.py:3096} INFO - Sync 1 DAGs
[2026-04-04T17:55:31.877+0000] {logging_mixin.py:188} INFO - [2026-04-04T17:55:31.877+0000] {dag.py:3954} INFO - Setting next_dagrun for tmdb_stage_pipeline to None, run_after=None
[2026-04-04T17:55:31.900+0000] {processor.py:183} INFO - Processing /opt/airflow/dags/tmdb_pipeline_to_stage.py took 0.131 seconds
[2026-04-04T17:56:02.336+0000] {processor.py:161} INFO - Started process (PID=19513) to work on /opt/airflow/dags/tmdb_pipeline_to_stage.py
[2026-04-04T17:56:02.345+0000] {processor.py:830} INFO - Processing file /opt/airflow/dags/tmdb_pipeline_to_stage.py for tasks to queue
[2026-04-04T17:56:02.346+0000] {logging_mixin.py:188} INFO - [2026-04-04T17:56:02.346+0000] {dagbag.py:545} INFO - Filling up the DagBag from /opt/airflow/dags/tmdb_pipeline_to_stage.py
[2026-04-04T17:56:02.365+0000] {processor.py:840} INFO - DAG(s) 'tmdb_stage_pipeline' retrieved from /opt/airflow/dags/tmdb_pipeline_to_stage.py
[2026-04-04T17:56:02.417+0000] {logging_mixin.py:188} INFO - [2026-04-04T17:56:02.417+0000] {dag.py:3096} INFO - Sync 1 DAGs
[2026-04-04T17:56:02.437+0000] {logging_mixin.py:188} INFO - [2026-04-04T17:56:02.437+0000] {dag.py:3954} INFO - Setting next_dagrun for tmdb_stage_pipeline to None, run_after=None
[2026-04-04T17:56:02.458+0000] {processor.py:183} INFO - Processing /opt/airflow/dags/tmdb_pipeline_to_stage.py took 0.141 seconds
[2026-04-04T17:56:32.873+0000] {processor.py:161} INFO - Started process (PID=19533) to work on /opt/airflow/dags/tmdb_pipeline_to_stage.py
[2026-04-04T17:56:32.875+0000] {processor.py:830} INFO - Processing file /opt/airflow/dags/tmdb_pipeline_to_stage.py for tasks to queue
[2026-04-04T17:56:32.877+0000] {logging_mixin.py:188} INFO - [2026-04-04T17:56:32.876+0000] {dagbag.py:545} INFO - Filling up the DagBag from /opt/airflow/dags/tmdb_pipeline_to_stage.py
[2026-04-04T17:56:32.906+0000] {processor.py:840} INFO - DAG(s) 'tmdb_stage_pipeline' retrieved from /opt/airflow/dags/tmdb_pipeline_to_stage.py
[2026-04-04T17:56:32.994+0000] {logging_mixin.py:188} INFO - [2026-04-04T17:56:32.994+0000] {dag.py:3096} INFO - Sync 1 DAGs
[2026-04-04T17:56:33.012+0000] {logging_mixin.py:188} INFO - [2026-04-04T17:56:33.012+0000] {dag.py:3954} INFO - Setting next_dagrun for tmdb_stage_pipeline to None, run_after=None
[2026-04-04T17:56:33.044+0000] {processor.py:183} INFO - Processing /opt/airflow/dags/tmdb_pipeline_to_stage.py took 0.191 seconds
[2026-04-04T17:57:03.475+0000] {processor.py:161} INFO - Started process (PID=19553) to work on /opt/airflow/dags/tmdb_pipeline_to_stage.py
[2026-04-04T17:57:03.477+0000] {processor.py:830} INFO - Processing file /opt/airflow/dags/tmdb_pipeline_to_stage.py for tasks to queue
[2026-04-04T17:57:03.478+0000] {logging_mixin.py:188} INFO - [2026-04-04T17:57:03.477+0000] {dagbag.py:545} INFO - Filling up the DagBag from /opt/airflow/dags/tmdb_pipeline_to_stage.py
[2026-04-04T17:57:03.497+0000] {processor.py:840} INFO - DAG(s) 'tmdb_stage_pipeline' retrieved from /opt/airflow/dags/tmdb_pipeline_to_stage.py
[2026-04-04T17:57:03.546+0000] {logging_mixin.py:188} INFO - [2026-04-04T17:57:03.546+0000] {dag.py:3096} INFO - Sync 1 DAGs
[2026-04-04T17:57:03.561+0000] {logging_mixin.py:188} INFO - [2026-04-04T17:57:03.561+0000] {dag.py:3954} INFO - Setting next_dagrun for tmdb_stage_pipeline to None, run_after=None
[2026-04-04T17:57:03.577+0000] {processor.py:183} INFO - Processing /opt/airflow/dags/tmdb_pipeline_to_stage.py took 0.111 seconds
[2026-04-04T17:57:34.029+0000] {processor.py:161} INFO - Started process (PID=19573) to work on /opt/airflow/dags/tmdb_pipeline_to_stage.py
[2026-04-04T17:57:34.032+0000] {processor.py:830} INFO - Processing file /opt/airflow/dags/tmdb_pipeline_to_stage.py for tasks to queue
[2026-04-04T17:57:34.033+0000] {logging_mixin.py:188} INFO - [2026-04-04T17:57:34.033+0000] {dagbag.py:545} INFO - Filling up the DagBag from /opt/airflow/dags/tmdb_pipeline_to_stage.py
[2026-04-04T17:57:34.048+0000] {processor.py:840} INFO - DAG(s) 'tmdb_stage_pipeline' retrieved from /opt/airflow/dags/tmdb_pipeline_to_stage.py
[2026-04-04T17:57:34.088+0000] {logging_mixin.py:188} INFO - [2026-04-04T17:57:34.088+0000] {dag.py:3096} INFO - Sync 1 DAGs
[2026-04-04T17:57:34.107+0000] {logging_mixin.py:188} INFO - [2026-04-04T17:57:34.107+0000] {dag.py:3954} INFO - Setting next_dagrun for tmdb_stage_pipeline to None, run_after=None
[2026-04-04T17:57:34.125+0000] {processor.py:183} INFO - Processing /opt/airflow/dags/tmdb_pipeline_to_stage.py took 0.108 seconds
[2026-04-04T17:58:04.557+0000] {processor.py:161} INFO - Started process (PID=19593) to work on /opt/airflow/dags/tmdb_pipeline_to_stage.py
[2026-04-04T17:58:04.559+0000] {processor.py:830} INFO - Processing file /opt/airflow/dags/tmdb_pipeline_to_stage.py for tasks to queue
[2026-04-04T17:58:04.560+0000] {logging_mixin.py:188} INFO - [2026-04-04T17:58:04.559+0000] {dagbag.py:545} INFO - Filling up the DagBag from /opt/airflow/dags/tmdb_pipeline_to_stage.py
[2026-04-04T17:58:04.574+0000] {processor.py:840} INFO - DAG(s) 'tmdb_stage_pipeline' retrieved from /opt/airflow/dags/tmdb_pipeline_to_stage.py
[2026-04-04T17:58:04.603+0000] {logging_mixin.py:188} INFO - [2026-04-04T17:58:04.602+0000] {dag.py:3096} INFO - Sync 1 DAGs
[2026-04-04T17:58:04.624+0000] {logging_mixin.py:188} INFO - [2026-04-04T17:58:04.624+0000] {dag.py:3954} INFO - Setting next_dagrun for tmdb_stage_pipeline to None, run_after=None
[2026-04-04T17:58:04.643+0000] {processor.py:183} INFO - Processing /opt/airflow/dags/tmdb_pipeline_to_stage.py took 0.098 seconds
[2026-04-04T17:58:35.023+0000] {processor.py:161} INFO - Started process (PID=19613) to work on /opt/airflow/dags/tmdb_pipeline_to_stage.py
[2026-04-04T17:58:35.025+0000] {processor.py:830} INFO - Processing file /opt/airflow/dags/tmdb_pipeline_to_stage.py for tasks to queue
[2026-04-04T17:58:35.028+0000] {logging_mixin.py:188} INFO - [2026-04-04T17:58:35.027+0000] {dagbag.py:545} INFO - Filling up the DagBag from /opt/airflow/dags/tmdb_pipeline_to_stage.py
[2026-04-04T17:58:35.047+0000] {processor.py:840} INFO - DAG(s) 'tmdb_stage_pipeline' retrieved from /opt/airflow/dags/tmdb_pipeline_to_stage.py
[2026-04-04T17:58:35.083+0000] {logging_mixin.py:188} INFO - [2026-04-04T17:58:35.083+0000] {dag.py:3096} INFO - Sync 1 DAGs
[2026-04-04T17:58:35.101+0000] {logging_mixin.py:188} INFO - [2026-04-04T17:58:35.101+0000] {dag.py:3954} INFO - Setting next_dagrun for tmdb_stage_pipeline to None, run_after=None
[2026-04-04T17:58:35.124+0000] {processor.py:183} INFO - Processing /opt/airflow/dags/tmdb_pipeline_to_stage.py took 0.110 seconds
[2026-04-04T17:59:05.505+0000] {processor.py:161} INFO - Started process (PID=19633) to work on /opt/airflow/dags/tmdb_pipeline_to_stage.py
[2026-04-04T17:59:05.507+0000] {processor.py:830} INFO - Processing file /opt/airflow/dags/tmdb_pipeline_to_stage.py for tasks to queue
[2026-04-04T17:59:05.508+0000] {logging_mixin.py:188} INFO - [2026-04-04T17:59:05.508+0000] {dagbag.py:545} INFO - Filling up the DagBag from /opt/airflow/dags/tmdb_pipeline_to_stage.py
[2026-04-04T17:59:05.533+0000] {processor.py:840} INFO - DAG(s) 'tmdb_stage_pipeline' retrieved from /opt/airflow/dags/tmdb_pipeline_to_stage.py
[2026-04-04T17:59:05.578+0000] {logging_mixin.py:188} INFO - [2026-04-04T17:59:05.578+0000] {dag.py:3096} INFO - Sync 1 DAGs
[2026-04-04T17:59:05.595+0000] {logging_mixin.py:188} INFO - [2026-04-04T17:59:05.595+0000] {dag.py:3954} INFO - Setting next_dagrun for tmdb_stage_pipeline to None, run_after=None
[2026-04-04T17:59:05.611+0000] {processor.py:183} INFO - Processing /opt/airflow/dags/tmdb_pipeline_to_stage.py took 0.119 seconds
[2026-04-04T17:59:36.084+0000] {processor.py:161} INFO - Started process (PID=19653) to work on /opt/airflow/dags/tmdb_pipeline_to_stage.py
[2026-04-04T17:59:36.086+0000] {processor.py:830} INFO - Processing file /opt/airflow/dags/tmdb_pipeline_to_stage.py for tasks to queue
[2026-04-04T17:59:36.087+0000] {logging_mixin.py:188} INFO - [2026-04-04T17:59:36.086+0000] {dagbag.py:545} INFO - Filling up the DagBag from /opt/airflow/dags/tmdb_pipeline_to_stage.py
[2026-04-04T17:59:36.111+0000] {processor.py:840} INFO - DAG(s) 'tmdb_stage_pipeline' retrieved from /opt/airflow/dags/tmdb_pipeline_to_stage.py
[2026-04-04T17:59:36.158+0000] {logging_mixin.py:188} INFO - [2026-04-04T17:59:36.158+0000] {dag.py:3096} INFO - Sync 1 DAGs
[2026-04-04T17:59:36.172+0000] {logging_mixin.py:188} INFO - [2026-04-04T17:59:36.172+0000] {dag.py:3954} INFO - Setting next_dagrun for tmdb_stage_pipeline to None, run_after=None
[2026-04-04T17:59:36.196+0000] {processor.py:183} INFO - Processing /opt/airflow/dags/tmdb_pipeline_to_stage.py took 0.125 seconds
[2026-04-04T18:00:06.652+0000] {processor.py:161} INFO - Started process (PID=19673) to work on /opt/airflow/dags/tmdb_pipeline_to_stage.py
[2026-04-04T18:00:06.654+0000] {processor.py:830} INFO - Processing file /opt/airflow/dags/tmdb_pipeline_to_stage.py for tasks to queue
[2026-04-04T18:00:06.656+0000] {logging_mixin.py:188} INFO - [2026-04-04T18:00:06.656+0000] {dagbag.py:545} INFO - Filling up the DagBag from /opt/airflow/dags/tmdb_pipeline_to_stage.py
[2026-04-04T18:00:06.671+0000] {processor.py:840} INFO - DAG(s) 'tmdb_stage_pipeline' retrieved from /opt/airflow/dags/tmdb_pipeline_to_stage.py
[2026-04-04T18:00:06.713+0000] {logging_mixin.py:188} INFO - [2026-04-04T18:00:06.713+0000] {dag.py:3096} INFO - Sync 1 DAGs
[2026-04-04T18:00:06.734+0000] {logging_mixin.py:188} INFO - [2026-04-04T18:00:06.734+0000] {dag.py:3954} INFO - Setting next_dagrun for tmdb_stage_pipeline to None, run_after=None
[2026-04-04T18:00:06.752+0000] {processor.py:183} INFO - Processing /opt/airflow/dags/tmdb_pipeline_to_stage.py took 0.112 seconds
[2026-04-04T18:00:37.158+0000] {processor.py:161} INFO - Started process (PID=19693) to work on /opt/airflow/dags/tmdb_pipeline_to_stage.py
[2026-04-04T18:00:37.163+0000] {processor.py:830} INFO - Processing file /opt/airflow/dags/tmdb_pipeline_to_stage.py for tasks to queue
[2026-04-04T18:00:37.169+0000] {logging_mixin.py:188} INFO - [2026-04-04T18:00:37.165+0000] {dagbag.py:545} INFO - Filling up the DagBag from /opt/airflow/dags/tmdb_pipeline_to_stage.py
[2026-04-04T18:00:37.190+0000] {processor.py:840} INFO - DAG(s) 'tmdb_stage_pipeline' retrieved from /opt/airflow/dags/tmdb_pipeline_to_stage.py
[2026-04-04T18:00:37.237+0000] {logging_mixin.py:188} INFO - [2026-04-04T18:00:37.236+0000] {dag.py:3096} INFO - Sync 1 DAGs
[2026-04-04T18:00:37.561+0000] {logging_mixin.py:188} INFO - [2026-04-04T18:00:37.561+0000] {dag.py:3954} INFO - Setting next_dagrun for tmdb_stage_pipeline to None, run_after=None
[2026-04-04T18:00:37.588+0000] {processor.py:183} INFO - Processing /opt/airflow/dags/tmdb_pipeline_to_stage.py took 0.448 seconds
[2026-04-04T18:01:08.026+0000] {processor.py:161} INFO - Started process (PID=19713) to work on /opt/airflow/dags/tmdb_pipeline_to_stage.py
[2026-04-04T18:01:08.028+0000] {processor.py:830} INFO - Processing file /opt/airflow/dags/tmdb_pipeline_to_stage.py for tasks to queue
[2026-04-04T18:01:08.032+0000] {logging_mixin.py:188} INFO - [2026-04-04T18:01:08.030+0000] {dagbag.py:545} INFO - Filling up the DagBag from /opt/airflow/dags/tmdb_pipeline_to_stage.py
[2026-04-04T18:01:08.054+0000] {processor.py:840} INFO - DAG(s) 'tmdb_stage_pipeline' retrieved from /opt/airflow/dags/tmdb_pipeline_to_stage.py
[2026-04-04T18:01:08.111+0000] {logging_mixin.py:188} INFO - [2026-04-04T18:01:08.111+0000] {dag.py:3096} INFO - Sync 1 DAGs
[2026-04-04T18:01:08.128+0000] {logging_mixin.py:188} INFO - [2026-04-04T18:01:08.128+0000] {dag.py:3954} INFO - Setting next_dagrun for tmdb_stage_pipeline to None, run_after=None
[2026-04-04T18:01:08.146+0000] {processor.py:183} INFO - Processing /opt/airflow/dags/tmdb_pipeline_to_stage.py took 0.135 seconds
[2026-04-04T18:01:38.579+0000] {processor.py:161} INFO - Started process (PID=19733) to work on /opt/airflow/dags/tmdb_pipeline_to_stage.py
[2026-04-04T18:01:38.581+0000] {processor.py:830} INFO - Processing file /opt/airflow/dags/tmdb_pipeline_to_stage.py for tasks to queue
[2026-04-04T18:01:38.584+0000] {logging_mixin.py:188} INFO - [2026-04-04T18:01:38.583+0000] {dagbag.py:545} INFO - Filling up the DagBag from /opt/airflow/dags/tmdb_pipeline_to_stage.py
[2026-04-04T18:01:38.608+0000] {processor.py:840} INFO - DAG(s) 'tmdb_stage_pipeline' retrieved from /opt/airflow/dags/tmdb_pipeline_to_stage.py
[2026-04-04T18:01:38.654+0000] {logging_mixin.py:188} INFO - [2026-04-04T18:01:38.654+0000] {dag.py:3096} INFO - Sync 1 DAGs
[2026-04-04T18:01:38.675+0000] {logging_mixin.py:188} INFO - [2026-04-04T18:01:38.675+0000] {dag.py:3954} INFO - Setting next_dagrun for tmdb_stage_pipeline to None, run_after=None
[2026-04-04T18:01:38.690+0000] {processor.py:183} INFO - Processing /opt/airflow/dags/tmdb_pipeline_to_stage.py took 0.131 seconds
[2026-04-04T18:02:09.067+0000] {processor.py:161} INFO - Started process (PID=19753) to work on /opt/airflow/dags/tmdb_pipeline_to_stage.py
[2026-04-04T18:02:09.070+0000] {processor.py:830} INFO - Processing file /opt/airflow/dags/tmdb_pipeline_to_stage.py for tasks to queue
[2026-04-04T18:02:09.073+0000] {logging_mixin.py:188} INFO - [2026-04-04T18:02:09.072+0000] {dagbag.py:545} INFO - Filling up the DagBag from /opt/airflow/dags/tmdb_pipeline_to_stage.py
[2026-04-04T18:02:09.108+0000] {processor.py:840} INFO - DAG(s) 'tmdb_stage_pipeline' retrieved from /opt/airflow/dags/tmdb_pipeline_to_stage.py
[2026-04-04T18:02:09.161+0000] {logging_mixin.py:188} INFO - [2026-04-04T18:02:09.161+0000] {dag.py:3096} INFO - Sync 1 DAGs
[2026-04-04T18:02:09.178+0000] {logging_mixin.py:188} INFO - [2026-04-04T18:02:09.177+0000] {dag.py:3954} INFO - Setting next_dagrun for tmdb_stage_pipeline to None, run_after=None
[2026-04-04T18:02:09.196+0000] {processor.py:183} INFO - Processing /opt/airflow/dags/tmdb_pipeline_to_stage.py took 0.144 seconds
[2026-04-04T18:02:39.581+0000] {processor.py:161} INFO - Started process (PID=19773) to work on /opt/airflow/dags/tmdb_pipeline_to_stage.py
[2026-04-04T18:02:39.583+0000] {processor.py:830} INFO - Processing file /opt/airflow/dags/tmdb_pipeline_to_stage.py for tasks to queue
[2026-04-04T18:02:39.591+0000] {logging_mixin.py:188} INFO - [2026-04-04T18:02:39.586+0000] {dagbag.py:545} INFO - Filling up the DagBag from /opt/airflow/dags/tmdb_pipeline_to_stage.py
[2026-04-04T18:02:39.621+0000] {processor.py:840} INFO - DAG(s) 'tmdb_stage_pipeline' retrieved from /opt/airflow/dags/tmdb_pipeline_to_stage.py
[2026-04-04T18:02:39.660+0000] {logging_mixin.py:188} INFO - [2026-04-04T18:02:39.660+0000] {dag.py:3096} INFO - Sync 1 DAGs
[2026-04-04T18:02:39.909+0000] {logging_mixin.py:188} INFO - [2026-04-04T18:02:39.909+0000] {dag.py:3954} INFO - Setting next_dagrun for tmdb_stage_pipeline to None, run_after=None
[2026-04-04T18:02:39.920+0000] {processor.py:183} INFO - Processing /opt/airflow/dags/tmdb_pipeline_to_stage.py took 0.354 seconds
[2026-04-04T18:03:10.299+0000] {processor.py:161} INFO - Started process (PID=19793) to work on /opt/airflow/dags/tmdb_pipeline_to_stage.py
[2026-04-04T18:03:10.301+0000] {processor.py:830} INFO - Processing file /opt/airflow/dags/tmdb_pipeline_to_stage.py for tasks to queue
[2026-04-04T18:03:10.303+0000] {logging_mixin.py:188} INFO - [2026-04-04T18:03:10.302+0000] {dagbag.py:545} INFO - Filling up the DagBag from /opt/airflow/dags/tmdb_pipeline_to_stage.py
[2026-04-04T18:03:10.332+0000] {processor.py:840} INFO - DAG(s) 'tmdb_stage_pipeline' retrieved from /opt/airflow/dags/tmdb_pipeline_to_stage.py
[2026-04-04T18:03:10.372+0000] {logging_mixin.py:188} INFO - [2026-04-04T18:03:10.372+0000] {dag.py:3096} INFO - Sync 1 DAGs
[2026-04-04T18:03:10.385+0000] {logging_mixin.py:188} INFO - [2026-04-04T18:03:10.385+0000] {dag.py:3954} INFO - Setting next_dagrun for tmdb_stage_pipeline to None, run_after=None
[2026-04-04T18:03:10.406+0000] {processor.py:183} INFO - Processing /opt/airflow/dags/tmdb_pipeline_to_stage.py took 0.124 seconds
[2026-04-04T18:03:40.802+0000] {processor.py:161} INFO - Started process (PID=19813) to work on /opt/airflow/dags/tmdb_pipeline_to_stage.py
[2026-04-04T18:03:40.804+0000] {processor.py:830} INFO - Processing file /opt/airflow/dags/tmdb_pipeline_to_stage.py for tasks to queue
[2026-04-04T18:03:40.805+0000] {logging_mixin.py:188} INFO - [2026-04-04T18:03:40.805+0000] {dagbag.py:545} INFO - Filling up the DagBag from /opt/airflow/dags/tmdb_pipeline_to_stage.py
[2026-04-04T18:03:40.830+0000] {processor.py:840} INFO - DAG(s) 'tmdb_stage_pipeline' retrieved from /opt/airflow/dags/tmdb_pipeline_to_stage.py
[2026-04-04T18:03:40.865+0000] {logging_mixin.py:188} INFO - [2026-04-04T18:03:40.865+0000] {dag.py:3096} INFO - Sync 1 DAGs
[2026-04-04T18:03:40.878+0000] {logging_mixin.py:188} INFO - [2026-04-04T18:03:40.878+0000] {dag.py:3954} INFO - Setting next_dagrun for tmdb_stage_pipeline to None, run_after=None
[2026-04-04T18:03:40.893+0000] {processor.py:183} INFO - Processing /opt/airflow/dags/tmdb_pipeline_to_stage.py took 0.101 seconds
[2026-04-04T18:04:11.269+0000] {processor.py:161} INFO - Started process (PID=19833) to work on /opt/airflow/dags/tmdb_pipeline_to_stage.py
[2026-04-04T18:04:11.272+0000] {processor.py:830} INFO - Processing file /opt/airflow/dags/tmdb_pipeline_to_stage.py for tasks to queue
[2026-04-04T18:04:11.273+0000] {logging_mixin.py:188} INFO - [2026-04-04T18:04:11.273+0000] {dagbag.py:545} INFO - Filling up the DagBag from /opt/airflow/dags/tmdb_pipeline_to_stage.py
[2026-04-04T18:04:11.296+0000] {processor.py:840} INFO - DAG(s) 'tmdb_stage_pipeline' retrieved from /opt/airflow/dags/tmdb_pipeline_to_stage.py
[2026-04-04T18:04:11.339+0000] {logging_mixin.py:188} INFO - [2026-04-04T18:04:11.339+0000] {dag.py:3096} INFO - Sync 1 DAGs
[2026-04-04T18:04:11.360+0000] {logging_mixin.py:188} INFO - [2026-04-04T18:04:11.360+0000] {dag.py:3954} INFO - Setting next_dagrun for tmdb_stage_pipeline to None, run_after=None
[2026-04-04T18:04:11.376+0000] {processor.py:183} INFO - Processing /opt/airflow/dags/tmdb_pipeline_to_stage.py took 0.116 seconds
[2026-04-04T18:04:41.763+0000] {processor.py:161} INFO - Started process (PID=19853) to work on /opt/airflow/dags/tmdb_pipeline_to_stage.py
[2026-04-04T18:04:41.766+0000] {processor.py:830} INFO - Processing file /opt/airflow/dags/tmdb_pipeline_to_stage.py for tasks to queue
[2026-04-04T18:04:41.767+0000] {logging_mixin.py:188} INFO - [2026-04-04T18:04:41.767+0000] {dagbag.py:545} INFO - Filling up the DagBag from /opt/airflow/dags/tmdb_pipeline_to_stage.py
[2026-04-04T18:04:41.783+0000] {processor.py:840} INFO - DAG(s) 'tmdb_stage_pipeline' retrieved from /opt/airflow/dags/tmdb_pipeline_to_stage.py
[2026-04-04T18:04:41.819+0000] {logging_mixin.py:188} INFO - [2026-04-04T18:04:41.819+0000] {dag.py:3096} INFO - Sync 1 DAGs
[2026-04-04T18:04:42.048+0000] {logging_mixin.py:188} INFO - [2026-04-04T18:04:42.048+0000] {dag.py:3954} INFO - Setting next_dagrun for tmdb_stage_pipeline to None, run_after=None
[2026-04-04T18:04:42.059+0000] {processor.py:183} INFO - Processing /opt/airflow/dags/tmdb_pipeline_to_stage.py took 0.310 seconds
[2026-04-04T18:05:12.568+0000] {processor.py:161} INFO - Started process (PID=19873) to work on /opt/airflow/dags/tmdb_pipeline_to_stage.py
[2026-04-04T18:05:12.570+0000] {processor.py:830} INFO - Processing file /opt/airflow/dags/tmdb_pipeline_to_stage.py for tasks to queue
[2026-04-04T18:05:12.574+0000] {logging_mixin.py:188} INFO - [2026-04-04T18:05:12.572+0000] {dagbag.py:545} INFO - Filling up the DagBag from /opt/airflow/dags/tmdb_pipeline_to_stage.py
[2026-04-04T18:05:12.593+0000] {processor.py:840} INFO - DAG(s) 'tmdb_stage_pipeline' retrieved from /opt/airflow/dags/tmdb_pipeline_to_stage.py
[2026-04-04T18:05:12.634+0000] {logging_mixin.py:188} INFO - [2026-04-04T18:05:12.634+0000] {dag.py:3096} INFO - Sync 1 DAGs
[2026-04-04T18:05:12.648+0000] {logging_mixin.py:188} INFO - [2026-04-04T18:05:12.648+0000] {dag.py:3954} INFO - Setting next_dagrun for tmdb_stage_pipeline to None, run_after=None
[2026-04-04T18:05:12.662+0000] {processor.py:183} INFO - Processing /opt/airflow/dags/tmdb_pipeline_to_stage.py took 0.115 seconds
[2026-04-04T18:05:43.151+0000] {processor.py:161} INFO - Started process (PID=19893) to work on /opt/airflow/dags/tmdb_pipeline_to_stage.py
[2026-04-04T18:05:43.155+0000] {processor.py:830} INFO - Processing file /opt/airflow/dags/tmdb_pipeline_to_stage.py for tasks to queue
[2026-04-04T18:05:43.156+0000] {logging_mixin.py:188} INFO - [2026-04-04T18:05:43.155+0000] {dagbag.py:545} INFO - Filling up the DagBag from /opt/airflow/dags/tmdb_pipeline_to_stage.py
[2026-04-04T18:05:43.181+0000] {processor.py:840} INFO - DAG(s) 'tmdb_stage_pipeline' retrieved from /opt/airflow/dags/tmdb_pipeline_to_stage.py
[2026-04-04T18:05:43.238+0000] {logging_mixin.py:188} INFO - [2026-04-04T18:05:43.238+0000] {dag.py:3096} INFO - Sync 1 DAGs
[2026-04-04T18:05:43.257+0000] {logging_mixin.py:188} INFO - [2026-04-04T18:05:43.257+0000] {dag.py:3954} INFO - Setting next_dagrun for tmdb_stage_pipeline to None, run_after=None
[2026-04-04T18:05:43.281+0000] {processor.py:183} INFO - Processing /opt/airflow/dags/tmdb_pipeline_to_stage.py took 0.149 seconds
[2026-04-04T18:06:13.674+0000] {processor.py:161} INFO - Started process (PID=19913) to work on /opt/airflow/dags/tmdb_pipeline_to_stage.py
[2026-04-04T18:06:13.676+0000] {processor.py:830} INFO - Processing file /opt/airflow/dags/tmdb_pipeline_to_stage.py for tasks to queue
[2026-04-04T18:06:13.678+0000] {logging_mixin.py:188} INFO - [2026-04-04T18:06:13.678+0000] {dagbag.py:545} INFO - Filling up the DagBag from /opt/airflow/dags/tmdb_pipeline_to_stage.py
[2026-04-04T18:06:13.700+0000] {processor.py:840} INFO - DAG(s) 'tmdb_stage_pipeline' retrieved from /opt/airflow/dags/tmdb_pipeline_to_stage.py
[2026-04-04T18:06:13.741+0000] {logging_mixin.py:188} INFO - [2026-04-04T18:06:13.741+0000] {dag.py:3096} INFO - Sync 1 DAGs
[2026-04-04T18:06:13.757+0000] {logging_mixin.py:188} INFO - [2026-04-04T18:06:13.756+0000] {dag.py:3954} INFO - Setting next_dagrun for tmdb_stage_pipeline to None, run_after=None
[2026-04-04T18:06:13.777+0000] {processor.py:183} INFO - Processing /opt/airflow/dags/tmdb_pipeline_to_stage.py took 0.114 seconds
[2026-04-04T18:06:44.229+0000] {processor.py:161} INFO - Started process (PID=19933) to work on /opt/airflow/dags/tmdb_pipeline_to_stage.py
[2026-04-04T18:06:44.231+0000] {processor.py:830} INFO - Processing file /opt/airflow/dags/tmdb_pipeline_to_stage.py for tasks to queue
[2026-04-04T18:06:44.233+0000] {logging_mixin.py:188} INFO - [2026-04-04T18:06:44.232+0000] {dagbag.py:545} INFO - Filling up the DagBag from /opt/airflow/dags/tmdb_pipeline_to_stage.py
[2026-04-04T18:06:44.259+0000] {processor.py:840} INFO - DAG(s) 'tmdb_stage_pipeline' retrieved from /opt/airflow/dags/tmdb_pipeline_to_stage.py
[2026-04-04T18:06:44.331+0000] {logging_mixin.py:188} INFO - [2026-04-04T18:06:44.330+0000] {dag.py:3096} INFO - Sync 1 DAGs
[2026-04-04T18:06:44.580+0000] {logging_mixin.py:188} INFO - [2026-04-04T18:06:44.580+0000] {dag.py:3954} INFO - Setting next_dagrun for tmdb_stage_pipeline to None, run_after=None
[2026-04-04T18:06:44.590+0000] {processor.py:183} INFO - Processing /opt/airflow/dags/tmdb_pipeline_to_stage.py took 0.381 seconds
[2026-04-04T18:07:15.109+0000] {processor.py:161} INFO - Started process (PID=19953) to work on /opt/airflow/dags/tmdb_pipeline_to_stage.py
[2026-04-04T18:07:15.111+0000] {processor.py:830} INFO - Processing file /opt/airflow/dags/tmdb_pipeline_to_stage.py for tasks to queue
[2026-04-04T18:07:15.114+0000] {logging_mixin.py:188} INFO - [2026-04-04T18:07:15.113+0000] {dagbag.py:545} INFO - Filling up the DagBag from /opt/airflow/dags/tmdb_pipeline_to_stage.py
[2026-04-04T18:07:15.129+0000] {processor.py:840} INFO - DAG(s) 'tmdb_stage_pipeline' retrieved from /opt/airflow/dags/tmdb_pipeline_to_stage.py
[2026-04-04T18:07:15.177+0000] {logging_mixin.py:188} INFO - [2026-04-04T18:07:15.177+0000] {dag.py:3096} INFO - Sync 1 DAGs
[2026-04-04T18:07:15.193+0000] {logging_mixin.py:188} INFO - [2026-04-04T18:07:15.193+0000] {dag.py:3954} INFO - Setting next_dagrun for tmdb_stage_pipeline to None, run_after=None
[2026-04-04T18:07:15.211+0000] {processor.py:183} INFO - Processing /opt/airflow/dags/tmdb_pipeline_to_stage.py took 0.119 seconds
[2026-04-04T18:07:45.633+0000] {processor.py:161} INFO - Started process (PID=19973) to work on /opt/airflow/dags/tmdb_pipeline_to_stage.py
[2026-04-04T18:07:45.635+0000] {processor.py:830} INFO - Processing file /opt/airflow/dags/tmdb_pipeline_to_stage.py for tasks to queue
[2026-04-04T18:07:45.638+0000] {logging_mixin.py:188} INFO - [2026-04-04T18:07:45.637+0000] {dagbag.py:545} INFO - Filling up the DagBag from /opt/airflow/dags/tmdb_pipeline_to_stage.py
[2026-04-04T18:07:45.657+0000] {processor.py:840} INFO - DAG(s) 'tmdb_stage_pipeline' retrieved from /opt/airflow/dags/tmdb_pipeline_to_stage.py
[2026-04-04T18:07:45.695+0000] {logging_mixin.py:188} INFO - [2026-04-04T18:07:45.695+0000] {dag.py:3096} INFO - Sync 1 DAGs
[2026-04-04T18:07:45.719+0000] {logging_mixin.py:188} INFO - [2026-04-04T18:07:45.719+0000] {dag.py:3954} INFO - Setting next_dagrun for tmdb_stage_pipeline to None, run_after=None
[2026-04-04T18:07:45.737+0000] {processor.py:183} INFO - Processing /opt/airflow/dags/tmdb_pipeline_to_stage.py took 0.115 seconds
[2026-04-04T18:08:16.108+0000] {processor.py:161} INFO - Started process (PID=19993) to work on /opt/airflow/dags/tmdb_pipeline_to_stage.py
[2026-04-04T18:08:16.110+0000] {processor.py:830} INFO - Processing file /opt/airflow/dags/tmdb_pipeline_to_stage.py for tasks to queue
[2026-04-04T18:08:16.112+0000] {logging_mixin.py:188} INFO - [2026-04-04T18:08:16.111+0000] {dagbag.py:545} INFO - Filling up the DagBag from /opt/airflow/dags/tmdb_pipeline_to_stage.py
[2026-04-04T18:08:16.131+0000] {processor.py:840} INFO - DAG(s) 'tmdb_stage_pipeline' retrieved from /opt/airflow/dags/tmdb_pipeline_to_stage.py
[2026-04-04T18:08:16.178+0000] {logging_mixin.py:188} INFO - [2026-04-04T18:08:16.178+0000] {dag.py:3096} INFO - Sync 1 DAGs
[2026-04-04T18:08:16.199+0000] {logging_mixin.py:188} INFO - [2026-04-04T18:08:16.199+0000] {dag.py:3954} INFO - Setting next_dagrun for tmdb_stage_pipeline to None, run_after=None
[2026-04-04T18:08:16.218+0000] {processor.py:183} INFO - Processing /opt/airflow/dags/tmdb_pipeline_to_stage.py took 0.125 seconds
[2026-04-04T18:08:46.578+0000] {processor.py:161} INFO - Started process (PID=20013) to work on /opt/airflow/dags/tmdb_pipeline_to_stage.py
[2026-04-04T18:08:46.581+0000] {processor.py:830} INFO - Processing file /opt/airflow/dags/tmdb_pipeline_to_stage.py for tasks to queue
[2026-04-04T18:08:46.582+0000] {logging_mixin.py:188} INFO - [2026-04-04T18:08:46.582+0000] {dagbag.py:545} INFO - Filling up the DagBag from /opt/airflow/dags/tmdb_pipeline_to_stage.py
[2026-04-04T18:08:46.596+0000] {processor.py:840} INFO - DAG(s) 'tmdb_stage_pipeline' retrieved from /opt/airflow/dags/tmdb_pipeline_to_stage.py
[2026-04-04T18:08:46.634+0000] {logging_mixin.py:188} INFO - [2026-04-04T18:08:46.633+0000] {dag.py:3096} INFO - Sync 1 DAGs
[2026-04-04T18:08:46.833+0000] {logging_mixin.py:188} INFO - [2026-04-04T18:08:46.833+0000] {dag.py:3954} INFO - Setting next_dagrun for tmdb_stage_pipeline to None, run_after=None
[2026-04-04T18:08:46.844+0000] {processor.py:183} INFO - Processing /opt/airflow/dags/tmdb_pipeline_to_stage.py took 0.277 seconds
[2026-04-04T18:09:17.327+0000] {processor.py:161} INFO - Started process (PID=20033) to work on /opt/airflow/dags/tmdb_pipeline_to_stage.py
[2026-04-04T18:09:17.330+0000] {processor.py:830} INFO - Processing file /opt/airflow/dags/tmdb_pipeline_to_stage.py for tasks to queue
[2026-04-04T18:09:17.332+0000] {logging_mixin.py:188} INFO - [2026-04-04T18:09:17.331+0000] {dagbag.py:545} INFO - Filling up the DagBag from /opt/airflow/dags/tmdb_pipeline_to_stage.py
[2026-04-04T18:09:17.348+0000] {processor.py:840} INFO - DAG(s) 'tmdb_stage_pipeline' retrieved from /opt/airflow/dags/tmdb_pipeline_to_stage.py
[2026-04-04T18:09:17.379+0000] {logging_mixin.py:188} INFO - [2026-04-04T18:09:17.379+0000] {dag.py:3096} INFO - Sync 1 DAGs
[2026-04-04T18:09:17.395+0000] {logging_mixin.py:188} INFO - [2026-04-04T18:09:17.395+0000] {dag.py:3954} INFO - Setting next_dagrun for tmdb_stage_pipeline to None, run_after=None
[2026-04-04T18:09:17.409+0000] {processor.py:183} INFO - Processing /opt/airflow/dags/tmdb_pipeline_to_stage.py took 0.097 seconds
[2026-04-04T18:09:47.871+0000] {processor.py:161} INFO - Started process (PID=20053) to work on /opt/airflow/dags/tmdb_pipeline_to_stage.py
[2026-04-04T18:09:47.873+0000] {processor.py:830} INFO - Processing file /opt/airflow/dags/tmdb_pipeline_to_stage.py for tasks to queue
[2026-04-04T18:09:47.875+0000] {logging_mixin.py:188} INFO - [2026-04-04T18:09:47.875+0000] {dagbag.py:545} INFO - Filling up the DagBag from /opt/airflow/dags/tmdb_pipeline_to_stage.py
[2026-04-04T18:09:47.893+0000] {processor.py:840} INFO - DAG(s) 'tmdb_stage_pipeline' retrieved from /opt/airflow/dags/tmdb_pipeline_to_stage.py
[2026-04-04T18:09:47.936+0000] {logging_mixin.py:188} INFO - [2026-04-04T18:09:47.936+0000] {dag.py:3096} INFO - Sync 1 DAGs
[2026-04-04T18:09:47.951+0000] {logging_mixin.py:188} INFO - [2026-04-04T18:09:47.951+0000] {dag.py:3954} INFO - Setting next_dagrun for tmdb_stage_pipeline to None, run_after=None
[2026-04-04T18:09:47.966+0000] {processor.py:183} INFO - Processing /opt/airflow/dags/tmdb_pipeline_to_stage.py took 0.106 seconds
[2026-04-04T18:10:18.310+0000] {processor.py:161} INFO - Started process (PID=20073) to work on /opt/airflow/dags/tmdb_pipeline_to_stage.py
[2026-04-04T18:10:18.313+0000] {processor.py:830} INFO - Processing file /opt/airflow/dags/tmdb_pipeline_to_stage.py for tasks to queue
[2026-04-04T18:10:18.314+0000] {logging_mixin.py:188} INFO - [2026-04-04T18:10:18.313+0000] {dagbag.py:545} INFO - Filling up the DagBag from /opt/airflow/dags/tmdb_pipeline_to_stage.py
[2026-04-04T18:10:18.329+0000] {processor.py:840} INFO - DAG(s) 'tmdb_stage_pipeline' retrieved from /opt/airflow/dags/tmdb_pipeline_to_stage.py
[2026-04-04T18:10:18.371+0000] {logging_mixin.py:188} INFO - [2026-04-04T18:10:18.371+0000] {dag.py:3096} INFO - Sync 1 DAGs
[2026-04-04T18:10:18.389+0000] {logging_mixin.py:188} INFO - [2026-04-04T18:10:18.389+0000] {dag.py:3954} INFO - Setting next_dagrun for tmdb_stage_pipeline to None, run_after=None
[2026-04-04T18:10:18.412+0000] {processor.py:183} INFO - Processing /opt/airflow/dags/tmdb_pipeline_to_stage.py took 0.111 seconds
[2026-04-04T18:10:48.638+0000] {processor.py:161} INFO - Started process (PID=20093) to work on /opt/airflow/dags/tmdb_pipeline_to_stage.py
[2026-04-04T18:10:48.640+0000] {processor.py:830} INFO - Processing file /opt/airflow/dags/tmdb_pipeline_to_stage.py for tasks to queue
[2026-04-04T18:10:48.642+0000] {logging_mixin.py:188} INFO - [2026-04-04T18:10:48.642+0000] {dagbag.py:545} INFO - Filling up the DagBag from /opt/airflow/dags/tmdb_pipeline_to_stage.py
[2026-04-04T18:10:48.658+0000] {processor.py:840} INFO - DAG(s) 'tmdb_stage_pipeline' retrieved from /opt/airflow/dags/tmdb_pipeline_to_stage.py
[2026-04-04T18:10:48.695+0000] {logging_mixin.py:188} INFO - [2026-04-04T18:10:48.695+0000] {dag.py:3096} INFO - Sync 1 DAGs
[2026-04-04T18:10:48.915+0000] {logging_mixin.py:188} INFO - [2026-04-04T18:10:48.915+0000] {dag.py:3954} INFO - Setting next_dagrun for tmdb_stage_pipeline to None, run_after=None
[2026-04-04T18:10:48.926+0000] {processor.py:183} INFO - Processing /opt/airflow/dags/tmdb_pipeline_to_stage.py took 0.300 seconds
[2026-04-04T18:11:19.399+0000] {processor.py:161} INFO - Started process (PID=20113) to work on /opt/airflow/dags/tmdb_pipeline_to_stage.py
[2026-04-04T18:11:19.403+0000] {processor.py:830} INFO - Processing file /opt/airflow/dags/tmdb_pipeline_to_stage.py for tasks to queue
[2026-04-04T18:11:19.411+0000] {logging_mixin.py:188} INFO - [2026-04-04T18:11:19.405+0000] {dagbag.py:545} INFO - Filling up the DagBag from /opt/airflow/dags/tmdb_pipeline_to_stage.py
[2026-04-04T18:11:19.439+0000] {processor.py:840} INFO - DAG(s) 'tmdb_stage_pipeline' retrieved from /opt/airflow/dags/tmdb_pipeline_to_stage.py
[2026-04-04T18:11:19.513+0000] {logging_mixin.py:188} INFO - [2026-04-04T18:11:19.512+0000] {dag.py:3096} INFO - Sync 1 DAGs
[2026-04-04T18:11:19.597+0000] {logging_mixin.py:188} INFO - [2026-04-04T18:11:19.597+0000] {dag.py:3954} INFO - Setting next_dagrun for tmdb_stage_pipeline to None, run_after=None
[2026-04-04T18:11:19.628+0000] {processor.py:183} INFO - Processing /opt/airflow/dags/tmdb_pipeline_to_stage.py took 0.279 seconds
[2026-04-04T18:11:50.036+0000] {processor.py:161} INFO - Started process (PID=20133) to work on /opt/airflow/dags/tmdb_pipeline_to_stage.py
[2026-04-04T18:11:50.040+0000] {processor.py:830} INFO - Processing file /opt/airflow/dags/tmdb_pipeline_to_stage.py for tasks to queue
[2026-04-04T18:11:50.042+0000] {logging_mixin.py:188} INFO - [2026-04-04T18:11:50.042+0000] {dagbag.py:545} INFO - Filling up the DagBag from /opt/airflow/dags/tmdb_pipeline_to_stage.py
[2026-04-04T18:11:50.064+0000] {processor.py:840} INFO - DAG(s) 'tmdb_stage_pipeline' retrieved from /opt/airflow/dags/tmdb_pipeline_to_stage.py
[2026-04-04T18:11:50.105+0000] {logging_mixin.py:188} INFO - [2026-04-04T18:11:50.104+0000] {dag.py:3096} INFO - Sync 1 DAGs
[2026-04-04T18:11:50.137+0000] {logging_mixin.py:188} INFO - [2026-04-04T18:11:50.137+0000] {dag.py:3954} INFO - Setting next_dagrun for tmdb_stage_pipeline to None, run_after=None
[2026-04-04T18:11:50.151+0000] {processor.py:183} INFO - Processing /opt/airflow/dags/tmdb_pipeline_to_stage.py took 0.141 seconds
[2026-04-04T18:12:20.642+0000] {processor.py:161} INFO - Started process (PID=20153) to work on /opt/airflow/dags/tmdb_pipeline_to_stage.py
[2026-04-04T18:12:20.645+0000] {processor.py:830} INFO - Processing file /opt/airflow/dags/tmdb_pipeline_to_stage.py for tasks to queue
[2026-04-04T18:12:20.646+0000] {logging_mixin.py:188} INFO - [2026-04-04T18:12:20.646+0000] {dagbag.py:545} INFO - Filling up the DagBag from /opt/airflow/dags/tmdb_pipeline_to_stage.py
[2026-04-04T18:12:20.669+0000] {processor.py:840} INFO - DAG(s) 'tmdb_stage_pipeline' retrieved from /opt/airflow/dags/tmdb_pipeline_to_stage.py
[2026-04-04T18:12:20.719+0000] {logging_mixin.py:188} INFO - [2026-04-04T18:12:20.719+0000] {dag.py:3096} INFO - Sync 1 DAGs
[2026-04-04T18:12:20.739+0000] {logging_mixin.py:188} INFO - [2026-04-04T18:12:20.738+0000] {dag.py:3954} INFO - Setting next_dagrun for tmdb_stage_pipeline to None, run_after=None
[2026-04-04T18:12:20.762+0000] {processor.py:183} INFO - Processing /opt/airflow/dags/tmdb_pipeline_to_stage.py took 0.150 seconds
[2026-04-04T18:12:51.157+0000] {processor.py:161} INFO - Started process (PID=20173) to work on /opt/airflow/dags/tmdb_pipeline_to_stage.py
[2026-04-04T18:12:51.160+0000] {processor.py:830} INFO - Processing file /opt/airflow/dags/tmdb_pipeline_to_stage.py for tasks to queue
[2026-04-04T18:12:51.163+0000] {logging_mixin.py:188} INFO - [2026-04-04T18:12:51.163+0000] {dagbag.py:545} INFO - Filling up the DagBag from /opt/airflow/dags/tmdb_pipeline_to_stage.py
[2026-04-04T18:12:51.189+0000] {processor.py:840} INFO - DAG(s) 'tmdb_stage_pipeline' retrieved from /opt/airflow/dags/tmdb_pipeline_to_stage.py
[2026-04-04T18:12:51.224+0000] {logging_mixin.py:188} INFO - [2026-04-04T18:12:51.224+0000] {dag.py:3096} INFO - Sync 1 DAGs
[2026-04-04T18:12:51.432+0000] {logging_mixin.py:188} INFO - [2026-04-04T18:12:51.432+0000] {dag.py:3954} INFO - Setting next_dagrun for tmdb_stage_pipeline to None, run_after=None
[2026-04-04T18:12:51.442+0000] {processor.py:183} INFO - Processing /opt/airflow/dags/tmdb_pipeline_to_stage.py took 0.302 seconds
[2026-04-04T18:13:21.962+0000] {processor.py:161} INFO - Started process (PID=20193) to work on /opt/airflow/dags/tmdb_pipeline_to_stage.py
[2026-04-04T18:13:21.964+0000] {processor.py:830} INFO - Processing file /opt/airflow/dags/tmdb_pipeline_to_stage.py for tasks to queue
[2026-04-04T18:13:21.965+0000] {logging_mixin.py:188} INFO - [2026-04-04T18:13:21.965+0000] {dagbag.py:545} INFO - Filling up the DagBag from /opt/airflow/dags/tmdb_pipeline_to_stage.py
[2026-04-04T18:13:21.980+0000] {processor.py:840} INFO - DAG(s) 'tmdb_stage_pipeline' retrieved from /opt/airflow/dags/tmdb_pipeline_to_stage.py
[2026-04-04T18:13:22.014+0000] {logging_mixin.py:188} INFO - [2026-04-04T18:13:22.014+0000] {dag.py:3096} INFO - Sync 1 DAGs
[2026-04-04T18:13:22.029+0000] {logging_mixin.py:188} INFO - [2026-04-04T18:13:22.028+0000] {dag.py:3954} INFO - Setting next_dagrun for tmdb_stage_pipeline to None, run_after=None
[2026-04-04T18:13:22.053+0000] {processor.py:183} INFO - Processing /opt/airflow/dags/tmdb_pipeline_to_stage.py took 0.105 seconds
[2026-04-04T18:13:52.463+0000] {processor.py:161} INFO - Started process (PID=20213) to work on /opt/airflow/dags/tmdb_pipeline_to_stage.py
[2026-04-04T18:13:52.465+0000] {processor.py:830} INFO - Processing file /opt/airflow/dags/tmdb_pipeline_to_stage.py for tasks to queue
[2026-04-04T18:13:52.466+0000] {logging_mixin.py:188} INFO - [2026-04-04T18:13:52.466+0000] {dagbag.py:545} INFO - Filling up the DagBag from /opt/airflow/dags/tmdb_pipeline_to_stage.py
[2026-04-04T18:13:52.495+0000] {processor.py:840} INFO - DAG(s) 'tmdb_stage_pipeline' retrieved from /opt/airflow/dags/tmdb_pipeline_to_stage.py
[2026-04-04T18:13:52.535+0000] {logging_mixin.py:188} INFO - [2026-04-04T18:13:52.535+0000] {dag.py:3096} INFO - Sync 1 DAGs
[2026-04-04T18:13:52.552+0000] {logging_mixin.py:188} INFO - [2026-04-04T18:13:52.552+0000] {dag.py:3954} INFO - Setting next_dagrun for tmdb_stage_pipeline to None, run_after=None
[2026-04-04T18:13:52.570+0000] {processor.py:183} INFO - Processing /opt/airflow/dags/tmdb_pipeline_to_stage.py took 0.122 seconds
[2026-04-04T18:14:23.071+0000] {processor.py:161} INFO - Started process (PID=20233) to work on /opt/airflow/dags/tmdb_pipeline_to_stage.py
[2026-04-04T18:14:23.074+0000] {processor.py:830} INFO - Processing file /opt/airflow/dags/tmdb_pipeline_to_stage.py for tasks to queue
[2026-04-04T18:14:23.078+0000] {logging_mixin.py:188} INFO - [2026-04-04T18:14:23.076+0000] {dagbag.py:545} INFO - Filling up the DagBag from /opt/airflow/dags/tmdb_pipeline_to_stage.py
[2026-04-04T18:14:23.100+0000] {processor.py:840} INFO - DAG(s) 'tmdb_stage_pipeline' retrieved from /opt/airflow/dags/tmdb_pipeline_to_stage.py
[2026-04-04T18:14:23.156+0000] {logging_mixin.py:188} INFO - [2026-04-04T18:14:23.156+0000] {dag.py:3096} INFO - Sync 1 DAGs
[2026-04-04T18:14:23.173+0000] {logging_mixin.py:188} INFO - [2026-04-04T18:14:23.173+0000] {dag.py:3954} INFO - Setting next_dagrun for tmdb_stage_pipeline to None, run_after=None
[2026-04-04T18:14:23.193+0000] {processor.py:183} INFO - Processing /opt/airflow/dags/tmdb_pipeline_to_stage.py took 0.161 seconds
[2026-04-04T18:14:53.637+0000] {processor.py:161} INFO - Started process (PID=20253) to work on /opt/airflow/dags/tmdb_pipeline_to_stage.py
[2026-04-04T18:14:53.640+0000] {processor.py:830} INFO - Processing file /opt/airflow/dags/tmdb_pipeline_to_stage.py for tasks to queue
[2026-04-04T18:14:53.641+0000] {logging_mixin.py:188} INFO - [2026-04-04T18:14:53.641+0000] {dagbag.py:545} INFO - Filling up the DagBag from /opt/airflow/dags/tmdb_pipeline_to_stage.py
[2026-04-04T18:14:53.669+0000] {processor.py:840} INFO - DAG(s) 'tmdb_stage_pipeline' retrieved from /opt/airflow/dags/tmdb_pipeline_to_stage.py
[2026-04-04T18:14:53.742+0000] {logging_mixin.py:188} INFO - [2026-04-04T18:14:53.742+0000] {dag.py:3096} INFO - Sync 1 DAGs
[2026-04-04T18:14:53.977+0000] {logging_mixin.py:188} INFO - [2026-04-04T18:14:53.977+0000] {dag.py:3954} INFO - Setting next_dagrun for tmdb_stage_pipeline to None, run_after=None
[2026-04-04T18:14:53.989+0000] {processor.py:183} INFO - Processing /opt/airflow/dags/tmdb_pipeline_to_stage.py took 0.374 seconds
[2026-04-04T18:15:24.705+0000] {processor.py:161} INFO - Started process (PID=20273) to work on /opt/airflow/dags/tmdb_pipeline_to_stage.py
[2026-04-04T18:15:24.707+0000] {processor.py:830} INFO - Processing file /opt/airflow/dags/tmdb_pipeline_to_stage.py for tasks to queue
[2026-04-04T18:15:24.708+0000] {logging_mixin.py:188} INFO - [2026-04-04T18:15:24.708+0000] {dagbag.py:545} INFO - Filling up the DagBag from /opt/airflow/dags/tmdb_pipeline_to_stage.py
[2026-04-04T18:15:24.733+0000] {processor.py:840} INFO - DAG(s) 'tmdb_stage_pipeline' retrieved from /opt/airflow/dags/tmdb_pipeline_to_stage.py
[2026-04-04T18:15:25.004+0000] {logging_mixin.py:188} INFO - [2026-04-04T18:15:25.004+0000] {dag.py:3096} INFO - Sync 1 DAGs
[2026-04-04T18:15:25.014+0000] {logging_mixin.py:188} INFO - [2026-04-04T18:15:25.014+0000] {dag.py:3954} INFO - Setting next_dagrun for tmdb_stage_pipeline to None, run_after=None
[2026-04-04T18:15:25.024+0000] {processor.py:183} INFO - Processing /opt/airflow/dags/tmdb_pipeline_to_stage.py took 0.336 seconds
[2026-04-04T18:15:55.599+0000] {processor.py:161} INFO - Started process (PID=20293) to work on /opt/airflow/dags/tmdb_pipeline_to_stage.py
[2026-04-04T18:15:55.604+0000] {processor.py:830} INFO - Processing file /opt/airflow/dags/tmdb_pipeline_to_stage.py for tasks to queue
[2026-04-04T18:15:55.606+0000] {logging_mixin.py:188} INFO - [2026-04-04T18:15:55.606+0000] {dagbag.py:545} INFO - Filling up the DagBag from /opt/airflow/dags/tmdb_pipeline_to_stage.py
[2026-04-04T18:15:55.632+0000] {processor.py:840} INFO - DAG(s) 'tmdb_stage_pipeline' retrieved from /opt/airflow/dags/tmdb_pipeline_to_stage.py
[2026-04-04T18:15:55.706+0000] {logging_mixin.py:188} INFO - [2026-04-04T18:15:55.706+0000] {dag.py:3096} INFO - Sync 1 DAGs
[2026-04-04T18:15:55.729+0000] {logging_mixin.py:188} INFO - [2026-04-04T18:15:55.729+0000] {dag.py:3954} INFO - Setting next_dagrun for tmdb_stage_pipeline to None, run_after=None
[2026-04-04T18:15:55.747+0000] {processor.py:183} INFO - Processing /opt/airflow/dags/tmdb_pipeline_to_stage.py took 0.162 seconds
[2026-04-04T18:16:26.164+0000] {processor.py:161} INFO - Started process (PID=20313) to work on /opt/airflow/dags/tmdb_pipeline_to_stage.py
[2026-04-04T18:16:26.166+0000] {processor.py:830} INFO - Processing file /opt/airflow/dags/tmdb_pipeline_to_stage.py for tasks to queue
[2026-04-04T18:16:26.169+0000] {logging_mixin.py:188} INFO - [2026-04-04T18:16:26.167+0000] {dagbag.py:545} INFO - Filling up the DagBag from /opt/airflow/dags/tmdb_pipeline_to_stage.py
[2026-04-04T18:16:26.184+0000] {processor.py:840} INFO - DAG(s) 'tmdb_stage_pipeline' retrieved from /opt/airflow/dags/tmdb_pipeline_to_stage.py
[2026-04-04T18:16:26.235+0000] {logging_mixin.py:188} INFO - [2026-04-04T18:16:26.235+0000] {dag.py:3096} INFO - Sync 1 DAGs
[2026-04-04T18:16:26.254+0000] {logging_mixin.py:188} INFO - [2026-04-04T18:16:26.254+0000] {dag.py:3954} INFO - Setting next_dagrun for tmdb_stage_pipeline to None, run_after=None
[2026-04-04T18:16:26.271+0000] {processor.py:183} INFO - Processing /opt/airflow/dags/tmdb_pipeline_to_stage.py took 0.121 seconds
[2026-04-04T18:16:56.651+0000] {processor.py:161} INFO - Started process (PID=20333) to work on /opt/airflow/dags/tmdb_pipeline_to_stage.py
[2026-04-04T18:16:56.655+0000] {processor.py:830} INFO - Processing file /opt/airflow/dags/tmdb_pipeline_to_stage.py for tasks to queue
[2026-04-04T18:16:56.657+0000] {logging_mixin.py:188} INFO - [2026-04-04T18:16:56.656+0000] {dagbag.py:545} INFO - Filling up the DagBag from /opt/airflow/dags/tmdb_pipeline_to_stage.py
[2026-04-04T18:16:56.674+0000] {processor.py:840} INFO - DAG(s) 'tmdb_stage_pipeline' retrieved from /opt/airflow/dags/tmdb_pipeline_to_stage.py
[2026-04-04T18:16:56.719+0000] {logging_mixin.py:188} INFO - [2026-04-04T18:16:56.719+0000] {dag.py:3096} INFO - Sync 1 DAGs
[2026-04-04T18:16:56.737+0000] {logging_mixin.py:188} INFO - [2026-04-04T18:16:56.737+0000] {dag.py:3954} INFO - Setting next_dagrun for tmdb_stage_pipeline to None, run_after=None
[2026-04-04T18:16:56.756+0000] {processor.py:183} INFO - Processing /opt/airflow/dags/tmdb_pipeline_to_stage.py took 0.122 seconds
[2026-04-04T18:17:27.151+0000] {processor.py:161} INFO - Started process (PID=20353) to work on /opt/airflow/dags/tmdb_pipeline_to_stage.py
[2026-04-04T18:17:27.154+0000] {processor.py:830} INFO - Processing file /opt/airflow/dags/tmdb_pipeline_to_stage.py for tasks to queue
[2026-04-04T18:17:27.155+0000] {logging_mixin.py:188} INFO - [2026-04-04T18:17:27.154+0000] {dagbag.py:545} INFO - Filling up the DagBag from /opt/airflow/dags/tmdb_pipeline_to_stage.py
[2026-04-04T18:17:27.176+0000] {processor.py:840} INFO - DAG(s) 'tmdb_stage_pipeline' retrieved from /opt/airflow/dags/tmdb_pipeline_to_stage.py
[2026-04-04T18:17:27.220+0000] {logging_mixin.py:188} INFO - [2026-04-04T18:17:27.220+0000] {dag.py:3096} INFO - Sync 1 DAGs
[2026-04-04T18:17:27.240+0000] {logging_mixin.py:188} INFO - [2026-04-04T18:17:27.239+0000] {dag.py:3954} INFO - Setting next_dagrun for tmdb_stage_pipeline to None, run_after=None
[2026-04-04T18:17:27.259+0000] {processor.py:183} INFO - Processing /opt/airflow/dags/tmdb_pipeline_to_stage.py took 0.121 seconds
[2026-04-04T18:17:57.709+0000] {processor.py:161} INFO - Started process (PID=20373) to work on /opt/airflow/dags/tmdb_pipeline_to_stage.py
[2026-04-04T18:17:57.718+0000] {processor.py:830} INFO - Processing file /opt/airflow/dags/tmdb_pipeline_to_stage.py for tasks to queue
[2026-04-04T18:17:57.725+0000] {logging_mixin.py:188} INFO - [2026-04-04T18:17:57.722+0000] {dagbag.py:545} INFO - Filling up the DagBag from /opt/airflow/dags/tmdb_pipeline_to_stage.py
[2026-04-04T18:17:57.761+0000] {processor.py:840} INFO - DAG(s) 'tmdb_stage_pipeline' retrieved from /opt/airflow/dags/tmdb_pipeline_to_stage.py
[2026-04-04T18:17:57.842+0000] {logging_mixin.py:188} INFO - [2026-04-04T18:17:57.841+0000] {dag.py:3096} INFO - Sync 1 DAGs
[2026-04-04T18:17:57.867+0000] {logging_mixin.py:188} INFO - [2026-04-04T18:17:57.867+0000] {dag.py:3954} INFO - Setting next_dagrun for tmdb_stage_pipeline to None, run_after=None
[2026-04-04T18:17:57.896+0000] {processor.py:183} INFO - Processing /opt/airflow/dags/tmdb_pipeline_to_stage.py took 0.204 seconds
[2026-04-04T18:18:28.341+0000] {processor.py:161} INFO - Started process (PID=20393) to work on /opt/airflow/dags/tmdb_pipeline_to_stage.py
[2026-04-04T18:18:28.345+0000] {processor.py:830} INFO - Processing file /opt/airflow/dags/tmdb_pipeline_to_stage.py for tasks to queue
[2026-04-04T18:18:28.347+0000] {logging_mixin.py:188} INFO - [2026-04-04T18:18:28.346+0000] {dagbag.py:545} INFO - Filling up the DagBag from /opt/airflow/dags/tmdb_pipeline_to_stage.py
[2026-04-04T18:18:28.371+0000] {processor.py:840} INFO - DAG(s) 'tmdb_stage_pipeline' retrieved from /opt/airflow/dags/tmdb_pipeline_to_stage.py
[2026-04-04T18:18:28.428+0000] {logging_mixin.py:188} INFO - [2026-04-04T18:18:28.428+0000] {dag.py:3096} INFO - Sync 1 DAGs
[2026-04-04T18:18:28.449+0000] {logging_mixin.py:188} INFO - [2026-04-04T18:18:28.449+0000] {dag.py:3954} INFO - Setting next_dagrun for tmdb_stage_pipeline to None, run_after=None
[2026-04-04T18:18:28.471+0000] {processor.py:183} INFO - Processing /opt/airflow/dags/tmdb_pipeline_to_stage.py took 0.145 seconds
[2026-04-04T18:18:58.825+0000] {processor.py:161} INFO - Started process (PID=20413) to work on /opt/airflow/dags/tmdb_pipeline_to_stage.py
[2026-04-04T18:18:58.830+0000] {processor.py:830} INFO - Processing file /opt/airflow/dags/tmdb_pipeline_to_stage.py for tasks to queue
[2026-04-04T18:18:58.834+0000] {logging_mixin.py:188} INFO - [2026-04-04T18:18:58.833+0000] {dagbag.py:545} INFO - Filling up the DagBag from /opt/airflow/dags/tmdb_pipeline_to_stage.py
[2026-04-04T18:18:58.849+0000] {processor.py:840} INFO - DAG(s) 'tmdb_stage_pipeline' retrieved from /opt/airflow/dags/tmdb_pipeline_to_stage.py
[2026-04-04T18:18:58.898+0000] {logging_mixin.py:188} INFO - [2026-04-04T18:18:58.898+0000] {dag.py:3096} INFO - Sync 1 DAGs
[2026-04-04T18:18:58.914+0000] {logging_mixin.py:188} INFO - [2026-04-04T18:18:58.914+0000] {dag.py:3954} INFO - Setting next_dagrun for tmdb_stage_pipeline to None, run_after=None
[2026-04-04T18:18:58.933+0000] {processor.py:183} INFO - Processing /opt/airflow/dags/tmdb_pipeline_to_stage.py took 0.125 seconds
[2026-04-04T18:19:29.376+0000] {processor.py:161} INFO - Started process (PID=20433) to work on /opt/airflow/dags/tmdb_pipeline_to_stage.py
[2026-04-04T18:19:29.380+0000] {processor.py:830} INFO - Processing file /opt/airflow/dags/tmdb_pipeline_to_stage.py for tasks to queue
[2026-04-04T18:19:29.381+0000] {logging_mixin.py:188} INFO - [2026-04-04T18:19:29.381+0000] {dagbag.py:545} INFO - Filling up the DagBag from /opt/airflow/dags/tmdb_pipeline_to_stage.py
[2026-04-04T18:19:29.396+0000] {processor.py:840} INFO - DAG(s) 'tmdb_stage_pipeline' retrieved from /opt/airflow/dags/tmdb_pipeline_to_stage.py
[2026-04-04T18:19:29.438+0000] {logging_mixin.py:188} INFO - [2026-04-04T18:19:29.437+0000] {dag.py:3096} INFO - Sync 1 DAGs
[2026-04-04T18:19:29.456+0000] {logging_mixin.py:188} INFO - [2026-04-04T18:19:29.455+0000] {dag.py:3954} INFO - Setting next_dagrun for tmdb_stage_pipeline to None, run_after=None
[2026-04-04T18:19:29.470+0000] {processor.py:183} INFO - Processing /opt/airflow/dags/tmdb_pipeline_to_stage.py took 0.107 seconds
[2026-04-04T18:19:59.887+0000] {processor.py:161} INFO - Started process (PID=20453) to work on /opt/airflow/dags/tmdb_pipeline_to_stage.py
[2026-04-04T18:19:59.889+0000] {processor.py:830} INFO - Processing file /opt/airflow/dags/tmdb_pipeline_to_stage.py for tasks to queue
[2026-04-04T18:19:59.891+0000] {logging_mixin.py:188} INFO - [2026-04-04T18:19:59.890+0000] {dagbag.py:545} INFO - Filling up the DagBag from /opt/airflow/dags/tmdb_pipeline_to_stage.py
[2026-04-04T18:19:59.917+0000] {processor.py:840} INFO - DAG(s) 'tmdb_stage_pipeline' retrieved from /opt/airflow/dags/tmdb_pipeline_to_stage.py
[2026-04-04T18:19:59.948+0000] {logging_mixin.py:188} INFO - [2026-04-04T18:19:59.947+0000] {dag.py:3096} INFO - Sync 1 DAGs
[2026-04-04T18:19:59.962+0000] {logging_mixin.py:188} INFO - [2026-04-04T18:19:59.962+0000] {dag.py:3954} INFO - Setting next_dagrun for tmdb_stage_pipeline to None, run_after=None
[2026-04-04T18:19:59.979+0000] {processor.py:183} INFO - Processing /opt/airflow/dags/tmdb_pipeline_to_stage.py took 0.102 seconds
[2026-04-04T18:20:30.445+0000] {processor.py:161} INFO - Started process (PID=20473) to work on /opt/airflow/dags/tmdb_pipeline_to_stage.py
[2026-04-04T18:20:30.448+0000] {processor.py:830} INFO - Processing file /opt/airflow/dags/tmdb_pipeline_to_stage.py for tasks to queue
[2026-04-04T18:20:30.449+0000] {logging_mixin.py:188} INFO - [2026-04-04T18:20:30.449+0000] {dagbag.py:545} INFO - Filling up the DagBag from /opt/airflow/dags/tmdb_pipeline_to_stage.py
[2026-04-04T18:20:30.471+0000] {processor.py:840} INFO - DAG(s) 'tmdb_stage_pipeline' retrieved from /opt/airflow/dags/tmdb_pipeline_to_stage.py
[2026-04-04T18:20:30.507+0000] {logging_mixin.py:188} INFO - [2026-04-04T18:20:30.506+0000] {dag.py:3096} INFO - Sync 1 DAGs
[2026-04-04T18:20:30.523+0000] {logging_mixin.py:188} INFO - [2026-04-04T18:20:30.523+0000] {dag.py:3954} INFO - Setting next_dagrun for tmdb_stage_pipeline to None, run_after=None
[2026-04-04T18:20:30.539+0000] {processor.py:183} INFO - Processing /opt/airflow/dags/tmdb_pipeline_to_stage.py took 0.105 seconds
[2026-04-04T18:21:00.889+0000] {processor.py:161} INFO - Started process (PID=20493) to work on /opt/airflow/dags/tmdb_pipeline_to_stage.py
[2026-04-04T18:21:00.891+0000] {processor.py:830} INFO - Processing file /opt/airflow/dags/tmdb_pipeline_to_stage.py for tasks to queue
[2026-04-04T18:21:00.892+0000] {logging_mixin.py:188} INFO - [2026-04-04T18:21:00.892+0000] {dagbag.py:545} INFO - Filling up the DagBag from /opt/airflow/dags/tmdb_pipeline_to_stage.py
[2026-04-04T18:21:00.914+0000] {processor.py:840} INFO - DAG(s) 'tmdb_stage_pipeline' retrieved from /opt/airflow/dags/tmdb_pipeline_to_stage.py
[2026-04-04T18:21:00.951+0000] {logging_mixin.py:188} INFO - [2026-04-04T18:21:00.951+0000] {dag.py:3096} INFO - Sync 1 DAGs
[2026-04-04T18:21:00.973+0000] {logging_mixin.py:188} INFO - [2026-04-04T18:21:00.973+0000] {dag.py:3954} INFO - Setting next_dagrun for tmdb_stage_pipeline to None, run_after=None
[2026-04-04T18:21:00.990+0000] {processor.py:183} INFO - Processing /opt/airflow/dags/tmdb_pipeline_to_stage.py took 0.120 seconds
[2026-04-04T18:21:31.580+0000] {processor.py:161} INFO - Started process (PID=20513) to work on /opt/airflow/dags/tmdb_pipeline_to_stage.py
[2026-04-04T18:21:31.582+0000] {processor.py:830} INFO - Processing file /opt/airflow/dags/tmdb_pipeline_to_stage.py for tasks to queue
[2026-04-04T18:21:31.584+0000] {logging_mixin.py:188} INFO - [2026-04-04T18:21:31.584+0000] {dagbag.py:545} INFO - Filling up the DagBag from /opt/airflow/dags/tmdb_pipeline_to_stage.py
[2026-04-04T18:21:31.605+0000] {processor.py:840} INFO - DAG(s) 'tmdb_stage_pipeline' retrieved from /opt/airflow/dags/tmdb_pipeline_to_stage.py
[2026-04-04T18:21:31.652+0000] {logging_mixin.py:188} INFO - [2026-04-04T18:21:31.651+0000] {dag.py:3096} INFO - Sync 1 DAGs
[2026-04-04T18:21:31.663+0000] {logging_mixin.py:188} INFO - [2026-04-04T18:21:31.663+0000] {dag.py:3954} INFO - Setting next_dagrun for tmdb_stage_pipeline to None, run_after=None
[2026-04-04T18:21:31.682+0000] {processor.py:183} INFO - Processing /opt/airflow/dags/tmdb_pipeline_to_stage.py took 0.117 seconds
[2026-04-04T18:22:02.123+0000] {processor.py:161} INFO - Started process (PID=20533) to work on /opt/airflow/dags/tmdb_pipeline_to_stage.py
[2026-04-04T18:22:02.125+0000] {processor.py:830} INFO - Processing file /opt/airflow/dags/tmdb_pipeline_to_stage.py for tasks to queue
[2026-04-04T18:22:02.131+0000] {logging_mixin.py:188} INFO - [2026-04-04T18:22:02.127+0000] {dagbag.py:545} INFO - Filling up the DagBag from /opt/airflow/dags/tmdb_pipeline_to_stage.py
[2026-04-04T18:22:02.161+0000] {processor.py:840} INFO - DAG(s) 'tmdb_stage_pipeline' retrieved from /opt/airflow/dags/tmdb_pipeline_to_stage.py
[2026-04-04T18:22:02.205+0000] {logging_mixin.py:188} INFO - [2026-04-04T18:22:02.205+0000] {dag.py:3096} INFO - Sync 1 DAGs
[2026-04-04T18:22:02.227+0000] {logging_mixin.py:188} INFO - [2026-04-04T18:22:02.227+0000] {dag.py:3954} INFO - Setting next_dagrun for tmdb_stage_pipeline to None, run_after=None
[2026-04-04T18:22:02.248+0000] {processor.py:183} INFO - Processing /opt/airflow/dags/tmdb_pipeline_to_stage.py took 0.138 seconds
[2026-04-04T18:22:32.677+0000] {processor.py:161} INFO - Started process (PID=20553) to work on /opt/airflow/dags/tmdb_pipeline_to_stage.py
[2026-04-04T18:22:32.680+0000] {processor.py:830} INFO - Processing file /opt/airflow/dags/tmdb_pipeline_to_stage.py for tasks to queue
[2026-04-04T18:22:32.682+0000] {logging_mixin.py:188} INFO - [2026-04-04T18:22:32.681+0000] {dagbag.py:545} INFO - Filling up the DagBag from /opt/airflow/dags/tmdb_pipeline_to_stage.py
[2026-04-04T18:22:32.703+0000] {processor.py:840} INFO - DAG(s) 'tmdb_stage_pipeline' retrieved from /opt/airflow/dags/tmdb_pipeline_to_stage.py
[2026-04-04T18:22:32.763+0000] {logging_mixin.py:188} INFO - [2026-04-04T18:22:32.763+0000] {dag.py:3096} INFO - Sync 1 DAGs
[2026-04-04T18:22:32.780+0000] {logging_mixin.py:188} INFO - [2026-04-04T18:22:32.780+0000] {dag.py:3954} INFO - Setting next_dagrun for tmdb_stage_pipeline to None, run_after=None
[2026-04-04T18:22:32.799+0000] {processor.py:183} INFO - Processing /opt/airflow/dags/tmdb_pipeline_to_stage.py took 0.137 seconds
[2026-04-04T18:23:03.201+0000] {processor.py:161} INFO - Started process (PID=20573) to work on /opt/airflow/dags/tmdb_pipeline_to_stage.py
[2026-04-04T18:23:03.203+0000] {processor.py:830} INFO - Processing file /opt/airflow/dags/tmdb_pipeline_to_stage.py for tasks to queue
[2026-04-04T18:23:03.205+0000] {logging_mixin.py:188} INFO - [2026-04-04T18:23:03.205+0000] {dagbag.py:545} INFO - Filling up the DagBag from /opt/airflow/dags/tmdb_pipeline_to_stage.py
[2026-04-04T18:23:03.220+0000] {processor.py:840} INFO - DAG(s) 'tmdb_stage_pipeline' retrieved from /opt/airflow/dags/tmdb_pipeline_to_stage.py
[2026-04-04T18:23:03.252+0000] {logging_mixin.py:188} INFO - [2026-04-04T18:23:03.252+0000] {dag.py:3096} INFO - Sync 1 DAGs
[2026-04-04T18:23:03.278+0000] {logging_mixin.py:188} INFO - [2026-04-04T18:23:03.278+0000] {dag.py:3954} INFO - Setting next_dagrun for tmdb_stage_pipeline to None, run_after=None
[2026-04-04T18:23:03.294+0000] {processor.py:183} INFO - Processing /opt/airflow/dags/tmdb_pipeline_to_stage.py took 0.104 seconds
[2026-04-04T18:23:33.706+0000] {processor.py:161} INFO - Started process (PID=20593) to work on /opt/airflow/dags/tmdb_pipeline_to_stage.py
[2026-04-04T18:23:33.709+0000] {processor.py:830} INFO - Processing file /opt/airflow/dags/tmdb_pipeline_to_stage.py for tasks to queue
[2026-04-04T18:23:33.714+0000] {logging_mixin.py:188} INFO - [2026-04-04T18:23:33.710+0000] {dagbag.py:545} INFO - Filling up the DagBag from /opt/airflow/dags/tmdb_pipeline_to_stage.py
[2026-04-04T18:23:33.754+0000] {processor.py:840} INFO - DAG(s) 'tmdb_stage_pipeline' retrieved from /opt/airflow/dags/tmdb_pipeline_to_stage.py
[2026-04-04T18:23:33.801+0000] {logging_mixin.py:188} INFO - [2026-04-04T18:23:33.801+0000] {dag.py:3096} INFO - Sync 1 DAGs
[2026-04-04T18:23:33.824+0000] {logging_mixin.py:188} INFO - [2026-04-04T18:23:33.824+0000] {dag.py:3954} INFO - Setting next_dagrun for tmdb_stage_pipeline to None, run_after=None
[2026-04-04T18:23:33.848+0000] {processor.py:183} INFO - Processing /opt/airflow/dags/tmdb_pipeline_to_stage.py took 0.165 seconds
[2026-04-04T18:24:04.269+0000] {processor.py:161} INFO - Started process (PID=20613) to work on /opt/airflow/dags/tmdb_pipeline_to_stage.py
[2026-04-04T18:24:04.272+0000] {processor.py:830} INFO - Processing file /opt/airflow/dags/tmdb_pipeline_to_stage.py for tasks to queue
[2026-04-04T18:24:04.273+0000] {logging_mixin.py:188} INFO - [2026-04-04T18:24:04.272+0000] {dagbag.py:545} INFO - Filling up the DagBag from /opt/airflow/dags/tmdb_pipeline_to_stage.py
[2026-04-04T18:24:04.302+0000] {processor.py:840} INFO - DAG(s) 'tmdb_stage_pipeline' retrieved from /opt/airflow/dags/tmdb_pipeline_to_stage.py
[2026-04-04T18:24:04.342+0000] {logging_mixin.py:188} INFO - [2026-04-04T18:24:04.342+0000] {dag.py:3096} INFO - Sync 1 DAGs
[2026-04-04T18:24:04.360+0000] {logging_mixin.py:188} INFO - [2026-04-04T18:24:04.360+0000] {dag.py:3954} INFO - Setting next_dagrun for tmdb_stage_pipeline to None, run_after=None
[2026-04-04T18:24:04.377+0000] {processor.py:183} INFO - Processing /opt/airflow/dags/tmdb_pipeline_to_stage.py took 0.121 seconds
[2026-04-04T18:24:34.776+0000] {processor.py:161} INFO - Started process (PID=20633) to work on /opt/airflow/dags/tmdb_pipeline_to_stage.py
[2026-04-04T18:24:34.778+0000] {processor.py:830} INFO - Processing file /opt/airflow/dags/tmdb_pipeline_to_stage.py for tasks to queue
[2026-04-04T18:24:34.780+0000] {logging_mixin.py:188} INFO - [2026-04-04T18:24:34.779+0000] {dagbag.py:545} INFO - Filling up the DagBag from /opt/airflow/dags/tmdb_pipeline_to_stage.py
[2026-04-04T18:24:34.795+0000] {processor.py:840} INFO - DAG(s) 'tmdb_stage_pipeline' retrieved from /opt/airflow/dags/tmdb_pipeline_to_stage.py
[2026-04-04T18:24:34.837+0000] {logging_mixin.py:188} INFO - [2026-04-04T18:24:34.837+0000] {dag.py:3096} INFO - Sync 1 DAGs
[2026-04-04T18:24:34.850+0000] {logging_mixin.py:188} INFO - [2026-04-04T18:24:34.850+0000] {dag.py:3954} INFO - Setting next_dagrun for tmdb_stage_pipeline to None, run_after=None
[2026-04-04T18:24:34.870+0000] {processor.py:183} INFO - Processing /opt/airflow/dags/tmdb_pipeline_to_stage.py took 0.125 seconds
[2026-04-04T18:25:05.293+0000] {processor.py:161} INFO - Started process (PID=20653) to work on /opt/airflow/dags/tmdb_pipeline_to_stage.py
[2026-04-04T18:25:05.296+0000] {processor.py:830} INFO - Processing file /opt/airflow/dags/tmdb_pipeline_to_stage.py for tasks to queue
[2026-04-04T18:25:05.299+0000] {logging_mixin.py:188} INFO - [2026-04-04T18:25:05.298+0000] {dagbag.py:545} INFO - Filling up the DagBag from /opt/airflow/dags/tmdb_pipeline_to_stage.py
[2026-04-04T18:25:05.328+0000] {processor.py:840} INFO - DAG(s) 'tmdb_stage_pipeline' retrieved from /opt/airflow/dags/tmdb_pipeline_to_stage.py
[2026-04-04T18:25:05.368+0000] {logging_mixin.py:188} INFO - [2026-04-04T18:25:05.368+0000] {dag.py:3096} INFO - Sync 1 DAGs
[2026-04-04T18:25:05.387+0000] {logging_mixin.py:188} INFO - [2026-04-04T18:25:05.387+0000] {dag.py:3954} INFO - Setting next_dagrun for tmdb_stage_pipeline to None, run_after=None
[2026-04-04T18:25:05.406+0000] {processor.py:183} INFO - Processing /opt/airflow/dags/tmdb_pipeline_to_stage.py took 0.126 seconds
[2026-04-04T18:25:35.813+0000] {processor.py:161} INFO - Started process (PID=20673) to work on /opt/airflow/dags/tmdb_pipeline_to_stage.py
[2026-04-04T18:25:35.818+0000] {processor.py:830} INFO - Processing file /opt/airflow/dags/tmdb_pipeline_to_stage.py for tasks to queue
[2026-04-04T18:25:35.821+0000] {logging_mixin.py:188} INFO - [2026-04-04T18:25:35.820+0000] {dagbag.py:545} INFO - Filling up the DagBag from /opt/airflow/dags/tmdb_pipeline_to_stage.py
[2026-04-04T18:25:35.839+0000] {processor.py:840} INFO - DAG(s) 'tmdb_stage_pipeline' retrieved from /opt/airflow/dags/tmdb_pipeline_to_stage.py
[2026-04-04T18:25:35.885+0000] {logging_mixin.py:188} INFO - [2026-04-04T18:25:35.885+0000] {dag.py:3096} INFO - Sync 1 DAGs
[2026-04-04T18:25:35.905+0000] {logging_mixin.py:188} INFO - [2026-04-04T18:25:35.905+0000] {dag.py:3954} INFO - Setting next_dagrun for tmdb_stage_pipeline to None, run_after=None
[2026-04-04T18:25:35.920+0000] {processor.py:183} INFO - Processing /opt/airflow/dags/tmdb_pipeline_to_stage.py took 0.123 seconds
[2026-04-04T18:26:06.309+0000] {processor.py:161} INFO - Started process (PID=20693) to work on /opt/airflow/dags/tmdb_pipeline_to_stage.py
[2026-04-04T18:26:06.312+0000] {processor.py:830} INFO - Processing file /opt/airflow/dags/tmdb_pipeline_to_stage.py for tasks to queue
[2026-04-04T18:26:06.314+0000] {logging_mixin.py:188} INFO - [2026-04-04T18:26:06.314+0000] {dagbag.py:545} INFO - Filling up the DagBag from /opt/airflow/dags/tmdb_pipeline_to_stage.py
[2026-04-04T18:26:06.335+0000] {processor.py:840} INFO - DAG(s) 'tmdb_stage_pipeline' retrieved from /opt/airflow/dags/tmdb_pipeline_to_stage.py
[2026-04-04T18:26:06.386+0000] {logging_mixin.py:188} INFO - [2026-04-04T18:26:06.386+0000] {dag.py:3096} INFO - Sync 1 DAGs
[2026-04-04T18:26:06.407+0000] {logging_mixin.py:188} INFO - [2026-04-04T18:26:06.406+0000] {dag.py:3954} INFO - Setting next_dagrun for tmdb_stage_pipeline to None, run_after=None
[2026-04-04T18:26:06.423+0000] {processor.py:183} INFO - Processing /opt/airflow/dags/tmdb_pipeline_to_stage.py took 0.130 seconds
[2026-04-04T18:26:36.821+0000] {processor.py:161} INFO - Started process (PID=20713) to work on /opt/airflow/dags/tmdb_pipeline_to_stage.py
[2026-04-04T18:26:36.823+0000] {processor.py:830} INFO - Processing file /opt/airflow/dags/tmdb_pipeline_to_stage.py for tasks to queue
[2026-04-04T18:26:36.824+0000] {logging_mixin.py:188} INFO - [2026-04-04T18:26:36.824+0000] {dagbag.py:545} INFO - Filling up the DagBag from /opt/airflow/dags/tmdb_pipeline_to_stage.py
[2026-04-04T18:26:36.847+0000] {processor.py:840} INFO - DAG(s) 'tmdb_stage_pipeline' retrieved from /opt/airflow/dags/tmdb_pipeline_to_stage.py
[2026-04-04T18:26:36.894+0000] {logging_mixin.py:188} INFO - [2026-04-04T18:26:36.894+0000] {dag.py:3096} INFO - Sync 1 DAGs
[2026-04-04T18:26:36.914+0000] {logging_mixin.py:188} INFO - [2026-04-04T18:26:36.914+0000] {dag.py:3954} INFO - Setting next_dagrun for tmdb_stage_pipeline to None, run_after=None
[2026-04-04T18:26:36.935+0000] {processor.py:183} INFO - Processing /opt/airflow/dags/tmdb_pipeline_to_stage.py took 0.131 seconds
[2026-04-04T18:27:07.443+0000] {processor.py:161} INFO - Started process (PID=20733) to work on /opt/airflow/dags/tmdb_pipeline_to_stage.py
[2026-04-04T18:27:07.446+0000] {processor.py:830} INFO - Processing file /opt/airflow/dags/tmdb_pipeline_to_stage.py for tasks to queue
[2026-04-04T18:27:07.447+0000] {logging_mixin.py:188} INFO - [2026-04-04T18:27:07.447+0000] {dagbag.py:545} INFO - Filling up the DagBag from /opt/airflow/dags/tmdb_pipeline_to_stage.py
[2026-04-04T18:27:07.476+0000] {processor.py:840} INFO - DAG(s) 'tmdb_stage_pipeline' retrieved from /opt/airflow/dags/tmdb_pipeline_to_stage.py
[2026-04-04T18:27:07.524+0000] {logging_mixin.py:188} INFO - [2026-04-04T18:27:07.524+0000] {dag.py:3096} INFO - Sync 1 DAGs
[2026-04-04T18:27:07.549+0000] {logging_mixin.py:188} INFO - [2026-04-04T18:27:07.549+0000] {dag.py:3954} INFO - Setting next_dagrun for tmdb_stage_pipeline to None, run_after=None
[2026-04-04T18:27:07.566+0000] {processor.py:183} INFO - Processing /opt/airflow/dags/tmdb_pipeline_to_stage.py took 0.152 seconds
[2026-04-04T18:27:38.048+0000] {processor.py:161} INFO - Started process (PID=20753) to work on /opt/airflow/dags/tmdb_pipeline_to_stage.py
[2026-04-04T18:27:38.050+0000] {processor.py:830} INFO - Processing file /opt/airflow/dags/tmdb_pipeline_to_stage.py for tasks to queue
[2026-04-04T18:27:38.052+0000] {logging_mixin.py:188} INFO - [2026-04-04T18:27:38.052+0000] {dagbag.py:545} INFO - Filling up the DagBag from /opt/airflow/dags/tmdb_pipeline_to_stage.py
[2026-04-04T18:27:38.069+0000] {processor.py:840} INFO - DAG(s) 'tmdb_stage_pipeline' retrieved from /opt/airflow/dags/tmdb_pipeline_to_stage.py
[2026-04-04T18:27:38.111+0000] {logging_mixin.py:188} INFO - [2026-04-04T18:27:38.111+0000] {dag.py:3096} INFO - Sync 1 DAGs
[2026-04-04T18:27:38.126+0000] {logging_mixin.py:188} INFO - [2026-04-04T18:27:38.125+0000] {dag.py:3954} INFO - Setting next_dagrun for tmdb_stage_pipeline to None, run_after=None
[2026-04-04T18:27:38.143+0000] {processor.py:183} INFO - Processing /opt/airflow/dags/tmdb_pipeline_to_stage.py took 0.117 seconds
[2026-04-04T18:28:08.620+0000] {processor.py:161} INFO - Started process (PID=20773) to work on /opt/airflow/dags/tmdb_pipeline_to_stage.py
[2026-04-04T18:28:08.622+0000] {processor.py:830} INFO - Processing file /opt/airflow/dags/tmdb_pipeline_to_stage.py for tasks to queue
[2026-04-04T18:28:08.629+0000] {logging_mixin.py:188} INFO - [2026-04-04T18:28:08.627+0000] {dagbag.py:545} INFO - Filling up the DagBag from /opt/airflow/dags/tmdb_pipeline_to_stage.py
[2026-04-04T18:28:08.651+0000] {processor.py:840} INFO - DAG(s) 'tmdb_stage_pipeline' retrieved from /opt/airflow/dags/tmdb_pipeline_to_stage.py
[2026-04-04T18:28:08.693+0000] {logging_mixin.py:188} INFO - [2026-04-04T18:28:08.693+0000] {dag.py:3096} INFO - Sync 1 DAGs
[2026-04-04T18:28:08.710+0000] {logging_mixin.py:188} INFO - [2026-04-04T18:28:08.710+0000] {dag.py:3954} INFO - Setting next_dagrun for tmdb_stage_pipeline to None, run_after=None
[2026-04-04T18:28:08.725+0000] {processor.py:183} INFO - Processing /opt/airflow/dags/tmdb_pipeline_to_stage.py took 0.117 seconds
[2026-04-04T18:28:39.102+0000] {processor.py:161} INFO - Started process (PID=20793) to work on /opt/airflow/dags/tmdb_pipeline_to_stage.py
[2026-04-04T18:28:39.106+0000] {processor.py:830} INFO - Processing file /opt/airflow/dags/tmdb_pipeline_to_stage.py for tasks to queue
[2026-04-04T18:28:39.108+0000] {logging_mixin.py:188} INFO - [2026-04-04T18:28:39.107+0000] {dagbag.py:545} INFO - Filling up the DagBag from /opt/airflow/dags/tmdb_pipeline_to_stage.py
[2026-04-04T18:28:39.152+0000] {processor.py:840} INFO - DAG(s) 'tmdb_stage_pipeline' retrieved from /opt/airflow/dags/tmdb_pipeline_to_stage.py
[2026-04-04T18:28:39.202+0000] {logging_mixin.py:188} INFO - [2026-04-04T18:28:39.202+0000] {dag.py:3096} INFO - Sync 1 DAGs
[2026-04-04T18:28:39.219+0000] {logging_mixin.py:188} INFO - [2026-04-04T18:28:39.219+0000] {dag.py:3954} INFO - Setting next_dagrun for tmdb_stage_pipeline to None, run_after=None
[2026-04-04T18:28:39.237+0000] {processor.py:183} INFO - Processing /opt/airflow/dags/tmdb_pipeline_to_stage.py took 0.150 seconds
[2026-04-04T18:29:09.655+0000] {processor.py:161} INFO - Started process (PID=20813) to work on /opt/airflow/dags/tmdb_pipeline_to_stage.py
[2026-04-04T18:29:09.657+0000] {processor.py:830} INFO - Processing file /opt/airflow/dags/tmdb_pipeline_to_stage.py for tasks to queue
[2026-04-04T18:29:09.658+0000] {logging_mixin.py:188} INFO - [2026-04-04T18:29:09.658+0000] {dagbag.py:545} INFO - Filling up the DagBag from /opt/airflow/dags/tmdb_pipeline_to_stage.py
[2026-04-04T18:29:09.671+0000] {processor.py:840} INFO - DAG(s) 'tmdb_stage_pipeline' retrieved from /opt/airflow/dags/tmdb_pipeline_to_stage.py
[2026-04-04T18:29:09.709+0000] {logging_mixin.py:188} INFO - [2026-04-04T18:29:09.709+0000] {dag.py:3096} INFO - Sync 1 DAGs
[2026-04-04T18:29:09.737+0000] {logging_mixin.py:188} INFO - [2026-04-04T18:29:09.737+0000] {dag.py:3954} INFO - Setting next_dagrun for tmdb_stage_pipeline to None, run_after=None
[2026-04-04T18:29:09.753+0000] {processor.py:183} INFO - Processing /opt/airflow/dags/tmdb_pipeline_to_stage.py took 0.112 seconds
[2026-04-04T18:29:40.132+0000] {processor.py:161} INFO - Started process (PID=20833) to work on /opt/airflow/dags/tmdb_pipeline_to_stage.py
[2026-04-04T18:29:40.134+0000] {processor.py:830} INFO - Processing file /opt/airflow/dags/tmdb_pipeline_to_stage.py for tasks to queue
[2026-04-04T18:29:40.136+0000] {logging_mixin.py:188} INFO - [2026-04-04T18:29:40.136+0000] {dagbag.py:545} INFO - Filling up the DagBag from /opt/airflow/dags/tmdb_pipeline_to_stage.py
[2026-04-04T18:29:40.163+0000] {processor.py:840} INFO - DAG(s) 'tmdb_stage_pipeline' retrieved from /opt/airflow/dags/tmdb_pipeline_to_stage.py
[2026-04-04T18:29:40.205+0000] {logging_mixin.py:188} INFO - [2026-04-04T18:29:40.205+0000] {dag.py:3096} INFO - Sync 1 DAGs
[2026-04-04T18:29:40.228+0000] {logging_mixin.py:188} INFO - [2026-04-04T18:29:40.228+0000] {dag.py:3954} INFO - Setting next_dagrun for tmdb_stage_pipeline to None, run_after=None
[2026-04-04T18:29:40.246+0000] {processor.py:183} INFO - Processing /opt/airflow/dags/tmdb_pipeline_to_stage.py took 0.129 seconds
[2026-04-04T18:30:10.633+0000] {processor.py:161} INFO - Started process (PID=20853) to work on /opt/airflow/dags/tmdb_pipeline_to_stage.py
[2026-04-04T18:30:10.635+0000] {processor.py:830} INFO - Processing file /opt/airflow/dags/tmdb_pipeline_to_stage.py for tasks to queue
[2026-04-04T18:30:10.637+0000] {logging_mixin.py:188} INFO - [2026-04-04T18:30:10.637+0000] {dagbag.py:545} INFO - Filling up the DagBag from /opt/airflow/dags/tmdb_pipeline_to_stage.py
[2026-04-04T18:30:10.660+0000] {processor.py:840} INFO - DAG(s) 'tmdb_stage_pipeline' retrieved from /opt/airflow/dags/tmdb_pipeline_to_stage.py
[2026-04-04T18:30:10.703+0000] {logging_mixin.py:188} INFO - [2026-04-04T18:30:10.702+0000] {dag.py:3096} INFO - Sync 1 DAGs
[2026-04-04T18:30:10.723+0000] {logging_mixin.py:188} INFO - [2026-04-04T18:30:10.723+0000] {dag.py:3954} INFO - Setting next_dagrun for tmdb_stage_pipeline to None, run_after=None
[2026-04-04T18:30:10.741+0000] {processor.py:183} INFO - Processing /opt/airflow/dags/tmdb_pipeline_to_stage.py took 0.121 seconds
[2026-04-04T18:30:41.122+0000] {processor.py:161} INFO - Started process (PID=20873) to work on /opt/airflow/dags/tmdb_pipeline_to_stage.py
[2026-04-04T18:30:41.124+0000] {processor.py:830} INFO - Processing file /opt/airflow/dags/tmdb_pipeline_to_stage.py for tasks to queue
[2026-04-04T18:30:41.126+0000] {logging_mixin.py:188} INFO - [2026-04-04T18:30:41.126+0000] {dagbag.py:545} INFO - Filling up the DagBag from /opt/airflow/dags/tmdb_pipeline_to_stage.py
[2026-04-04T18:30:41.147+0000] {processor.py:840} INFO - DAG(s) 'tmdb_stage_pipeline' retrieved from /opt/airflow/dags/tmdb_pipeline_to_stage.py
[2026-04-04T18:30:41.193+0000] {logging_mixin.py:188} INFO - [2026-04-04T18:30:41.193+0000] {dag.py:3096} INFO - Sync 1 DAGs
[2026-04-04T18:30:41.212+0000] {logging_mixin.py:188} INFO - [2026-04-04T18:30:41.212+0000] {dag.py:3954} INFO - Setting next_dagrun for tmdb_stage_pipeline to None, run_after=None
[2026-04-04T18:30:41.233+0000] {processor.py:183} INFO - Processing /opt/airflow/dags/tmdb_pipeline_to_stage.py took 0.124 seconds
[2026-04-04T18:31:11.632+0000] {processor.py:161} INFO - Started process (PID=20893) to work on /opt/airflow/dags/tmdb_pipeline_to_stage.py
[2026-04-04T18:31:11.634+0000] {processor.py:830} INFO - Processing file /opt/airflow/dags/tmdb_pipeline_to_stage.py for tasks to queue
[2026-04-04T18:31:11.635+0000] {logging_mixin.py:188} INFO - [2026-04-04T18:31:11.635+0000] {dagbag.py:545} INFO - Filling up the DagBag from /opt/airflow/dags/tmdb_pipeline_to_stage.py
[2026-04-04T18:31:11.653+0000] {processor.py:840} INFO - DAG(s) 'tmdb_stage_pipeline' retrieved from /opt/airflow/dags/tmdb_pipeline_to_stage.py
[2026-04-04T18:31:11.704+0000] {logging_mixin.py:188} INFO - [2026-04-04T18:31:11.704+0000] {dag.py:3096} INFO - Sync 1 DAGs
[2026-04-04T18:31:11.722+0000] {logging_mixin.py:188} INFO - [2026-04-04T18:31:11.722+0000] {dag.py:3954} INFO - Setting next_dagrun for tmdb_stage_pipeline to None, run_after=None
[2026-04-04T18:31:11.740+0000] {processor.py:183} INFO - Processing /opt/airflow/dags/tmdb_pipeline_to_stage.py took 0.127 seconds
[2026-04-04T18:31:42.183+0000] {processor.py:161} INFO - Started process (PID=20913) to work on /opt/airflow/dags/tmdb_pipeline_to_stage.py
[2026-04-04T18:31:42.188+0000] {processor.py:830} INFO - Processing file /opt/airflow/dags/tmdb_pipeline_to_stage.py for tasks to queue
[2026-04-04T18:31:42.190+0000] {logging_mixin.py:188} INFO - [2026-04-04T18:31:42.189+0000] {dagbag.py:545} INFO - Filling up the DagBag from /opt/airflow/dags/tmdb_pipeline_to_stage.py
[2026-04-04T18:31:42.218+0000] {processor.py:840} INFO - DAG(s) 'tmdb_stage_pipeline' retrieved from /opt/airflow/dags/tmdb_pipeline_to_stage.py
[2026-04-04T18:31:42.297+0000] {logging_mixin.py:188} INFO - [2026-04-04T18:31:42.297+0000] {dag.py:3096} INFO - Sync 1 DAGs
[2026-04-04T18:31:42.324+0000] {logging_mixin.py:188} INFO - [2026-04-04T18:31:42.324+0000] {dag.py:3954} INFO - Setting next_dagrun for tmdb_stage_pipeline to None, run_after=None
[2026-04-04T18:31:42.346+0000] {processor.py:183} INFO - Processing /opt/airflow/dags/tmdb_pipeline_to_stage.py took 0.187 seconds
[2026-04-04T18:32:12.738+0000] {processor.py:161} INFO - Started process (PID=20933) to work on /opt/airflow/dags/tmdb_pipeline_to_stage.py
[2026-04-04T18:32:12.742+0000] {processor.py:830} INFO - Processing file /opt/airflow/dags/tmdb_pipeline_to_stage.py for tasks to queue
[2026-04-04T18:32:12.743+0000] {logging_mixin.py:188} INFO - [2026-04-04T18:32:12.742+0000] {dagbag.py:545} INFO - Filling up the DagBag from /opt/airflow/dags/tmdb_pipeline_to_stage.py
[2026-04-04T18:32:12.770+0000] {processor.py:840} INFO - DAG(s) 'tmdb_stage_pipeline' retrieved from /opt/airflow/dags/tmdb_pipeline_to_stage.py
[2026-04-04T18:32:12.830+0000] {logging_mixin.py:188} INFO - [2026-04-04T18:32:12.829+0000] {dag.py:3096} INFO - Sync 1 DAGs
[2026-04-04T18:32:12.849+0000] {logging_mixin.py:188} INFO - [2026-04-04T18:32:12.849+0000] {dag.py:3954} INFO - Setting next_dagrun for tmdb_stage_pipeline to None, run_after=None
[2026-04-04T18:32:12.867+0000] {processor.py:183} INFO - Processing /opt/airflow/dags/tmdb_pipeline_to_stage.py took 0.146 seconds
[2026-04-04T18:32:43.337+0000] {processor.py:161} INFO - Started process (PID=20953) to work on /opt/airflow/dags/tmdb_pipeline_to_stage.py
[2026-04-04T18:32:43.342+0000] {processor.py:830} INFO - Processing file /opt/airflow/dags/tmdb_pipeline_to_stage.py for tasks to queue
[2026-04-04T18:32:43.344+0000] {logging_mixin.py:188} INFO - [2026-04-04T18:32:43.343+0000] {dagbag.py:545} INFO - Filling up the DagBag from /opt/airflow/dags/tmdb_pipeline_to_stage.py
[2026-04-04T18:32:43.369+0000] {processor.py:840} INFO - DAG(s) 'tmdb_stage_pipeline' retrieved from /opt/airflow/dags/tmdb_pipeline_to_stage.py
[2026-04-04T18:32:43.412+0000] {logging_mixin.py:188} INFO - [2026-04-04T18:32:43.412+0000] {dag.py:3096} INFO - Sync 1 DAGs
[2026-04-04T18:32:43.437+0000] {logging_mixin.py:188} INFO - [2026-04-04T18:32:43.437+0000] {dag.py:3954} INFO - Setting next_dagrun for tmdb_stage_pipeline to None, run_after=None
[2026-04-04T18:32:43.459+0000] {processor.py:183} INFO - Processing /opt/airflow/dags/tmdb_pipeline_to_stage.py took 0.146 seconds
[2026-04-04T18:33:13.873+0000] {processor.py:161} INFO - Started process (PID=20973) to work on /opt/airflow/dags/tmdb_pipeline_to_stage.py
[2026-04-04T18:33:13.876+0000] {processor.py:830} INFO - Processing file /opt/airflow/dags/tmdb_pipeline_to_stage.py for tasks to queue
[2026-04-04T18:33:13.878+0000] {logging_mixin.py:188} INFO - [2026-04-04T18:33:13.877+0000] {dagbag.py:545} INFO - Filling up the DagBag from /opt/airflow/dags/tmdb_pipeline_to_stage.py
[2026-04-04T18:33:13.899+0000] {processor.py:840} INFO - DAG(s) 'tmdb_stage_pipeline' retrieved from /opt/airflow/dags/tmdb_pipeline_to_stage.py
[2026-04-04T18:33:13.947+0000] {logging_mixin.py:188} INFO - [2026-04-04T18:33:13.947+0000] {dag.py:3096} INFO - Sync 1 DAGs
[2026-04-04T18:33:13.980+0000] {logging_mixin.py:188} INFO - [2026-04-04T18:33:13.980+0000] {dag.py:3954} INFO - Setting next_dagrun for tmdb_stage_pipeline to None, run_after=None
[2026-04-04T18:33:13.997+0000] {processor.py:183} INFO - Processing /opt/airflow/dags/tmdb_pipeline_to_stage.py took 0.138 seconds
[2026-04-04T18:33:44.408+0000] {processor.py:161} INFO - Started process (PID=20993) to work on /opt/airflow/dags/tmdb_pipeline_to_stage.py
[2026-04-04T18:33:44.410+0000] {processor.py:830} INFO - Processing file /opt/airflow/dags/tmdb_pipeline_to_stage.py for tasks to queue
[2026-04-04T18:33:44.412+0000] {logging_mixin.py:188} INFO - [2026-04-04T18:33:44.412+0000] {dagbag.py:545} INFO - Filling up the DagBag from /opt/airflow/dags/tmdb_pipeline_to_stage.py
[2026-04-04T18:33:44.427+0000] {processor.py:840} INFO - DAG(s) 'tmdb_stage_pipeline' retrieved from /opt/airflow/dags/tmdb_pipeline_to_stage.py
[2026-04-04T18:33:44.468+0000] {logging_mixin.py:188} INFO - [2026-04-04T18:33:44.467+0000] {dag.py:3096} INFO - Sync 1 DAGs
[2026-04-04T18:33:44.490+0000] {logging_mixin.py:188} INFO - [2026-04-04T18:33:44.490+0000] {dag.py:3954} INFO - Setting next_dagrun for tmdb_stage_pipeline to None, run_after=None
[2026-04-04T18:33:44.506+0000] {processor.py:183} INFO - Processing /opt/airflow/dags/tmdb_pipeline_to_stage.py took 0.106 seconds
[2026-04-04T18:34:14.869+0000] {processor.py:161} INFO - Started process (PID=21013) to work on /opt/airflow/dags/tmdb_pipeline_to_stage.py
[2026-04-04T18:34:14.871+0000] {processor.py:830} INFO - Processing file /opt/airflow/dags/tmdb_pipeline_to_stage.py for tasks to queue
[2026-04-04T18:34:14.873+0000] {logging_mixin.py:188} INFO - [2026-04-04T18:34:14.872+0000] {dagbag.py:545} INFO - Filling up the DagBag from /opt/airflow/dags/tmdb_pipeline_to_stage.py
[2026-04-04T18:34:14.899+0000] {processor.py:840} INFO - DAG(s) 'tmdb_stage_pipeline' retrieved from /opt/airflow/dags/tmdb_pipeline_to_stage.py
[2026-04-04T18:34:14.940+0000] {logging_mixin.py:188} INFO - [2026-04-04T18:34:14.940+0000] {dag.py:3096} INFO - Sync 1 DAGs
[2026-04-04T18:34:14.963+0000] {logging_mixin.py:188} INFO - [2026-04-04T18:34:14.963+0000] {dag.py:3954} INFO - Setting next_dagrun for tmdb_stage_pipeline to None, run_after=None
[2026-04-04T18:34:14.981+0000] {processor.py:183} INFO - Processing /opt/airflow/dags/tmdb_pipeline_to_stage.py took 0.128 seconds
[2026-04-04T18:34:45.333+0000] {processor.py:161} INFO - Started process (PID=21033) to work on /opt/airflow/dags/tmdb_pipeline_to_stage.py
[2026-04-04T18:34:45.338+0000] {processor.py:830} INFO - Processing file /opt/airflow/dags/tmdb_pipeline_to_stage.py for tasks to queue
[2026-04-04T18:34:45.340+0000] {logging_mixin.py:188} INFO - [2026-04-04T18:34:45.339+0000] {dagbag.py:545} INFO - Filling up the DagBag from /opt/airflow/dags/tmdb_pipeline_to_stage.py
[2026-04-04T18:34:45.356+0000] {processor.py:840} INFO - DAG(s) 'tmdb_stage_pipeline' retrieved from /opt/airflow/dags/tmdb_pipeline_to_stage.py
[2026-04-04T18:34:45.398+0000] {logging_mixin.py:188} INFO - [2026-04-04T18:34:45.398+0000] {dag.py:3096} INFO - Sync 1 DAGs
[2026-04-04T18:34:45.417+0000] {logging_mixin.py:188} INFO - [2026-04-04T18:34:45.417+0000] {dag.py:3954} INFO - Setting next_dagrun for tmdb_stage_pipeline to None, run_after=None
[2026-04-04T18:34:45.437+0000] {processor.py:183} INFO - Processing /opt/airflow/dags/tmdb_pipeline_to_stage.py took 0.116 seconds
[2026-04-04T18:35:15.871+0000] {processor.py:161} INFO - Started process (PID=21053) to work on /opt/airflow/dags/tmdb_pipeline_to_stage.py
[2026-04-04T18:35:15.874+0000] {processor.py:830} INFO - Processing file /opt/airflow/dags/tmdb_pipeline_to_stage.py for tasks to queue
[2026-04-04T18:35:15.880+0000] {logging_mixin.py:188} INFO - [2026-04-04T18:35:15.877+0000] {dagbag.py:545} INFO - Filling up the DagBag from /opt/airflow/dags/tmdb_pipeline_to_stage.py
[2026-04-04T18:35:15.908+0000] {processor.py:840} INFO - DAG(s) 'tmdb_stage_pipeline' retrieved from /opt/airflow/dags/tmdb_pipeline_to_stage.py
[2026-04-04T18:35:15.972+0000] {logging_mixin.py:188} INFO - [2026-04-04T18:35:15.972+0000] {dag.py:3096} INFO - Sync 1 DAGs
[2026-04-04T18:35:15.992+0000] {logging_mixin.py:188} INFO - [2026-04-04T18:35:15.992+0000] {dag.py:3954} INFO - Setting next_dagrun for tmdb_stage_pipeline to None, run_after=None
[2026-04-04T18:35:16.008+0000] {processor.py:183} INFO - Processing /opt/airflow/dags/tmdb_pipeline_to_stage.py took 0.159 seconds
[2026-04-04T18:35:46.542+0000] {processor.py:161} INFO - Started process (PID=21073) to work on /opt/airflow/dags/tmdb_pipeline_to_stage.py
[2026-04-04T18:35:46.548+0000] {processor.py:830} INFO - Processing file /opt/airflow/dags/tmdb_pipeline_to_stage.py for tasks to queue
[2026-04-04T18:35:46.549+0000] {logging_mixin.py:188} INFO - [2026-04-04T18:35:46.549+0000] {dagbag.py:545} INFO - Filling up the DagBag from /opt/airflow/dags/tmdb_pipeline_to_stage.py
[2026-04-04T18:35:46.574+0000] {processor.py:840} INFO - DAG(s) 'tmdb_stage_pipeline' retrieved from /opt/airflow/dags/tmdb_pipeline_to_stage.py
[2026-04-04T18:35:46.653+0000] {logging_mixin.py:188} INFO - [2026-04-04T18:35:46.652+0000] {dag.py:3096} INFO - Sync 1 DAGs
[2026-04-04T18:35:46.682+0000] {logging_mixin.py:188} INFO - [2026-04-04T18:35:46.682+0000] {dag.py:3954} INFO - Setting next_dagrun for tmdb_stage_pipeline to None, run_after=None
[2026-04-04T18:35:46.714+0000] {processor.py:183} INFO - Processing /opt/airflow/dags/tmdb_pipeline_to_stage.py took 0.203 seconds
[2026-04-04T18:36:17.058+0000] {processor.py:161} INFO - Started process (PID=21093) to work on /opt/airflow/dags/tmdb_pipeline_to_stage.py
[2026-04-04T18:36:17.061+0000] {processor.py:830} INFO - Processing file /opt/airflow/dags/tmdb_pipeline_to_stage.py for tasks to queue
[2026-04-04T18:36:17.062+0000] {logging_mixin.py:188} INFO - [2026-04-04T18:36:17.061+0000] {dagbag.py:545} INFO - Filling up the DagBag from /opt/airflow/dags/tmdb_pipeline_to_stage.py
[2026-04-04T18:36:17.086+0000] {processor.py:840} INFO - DAG(s) 'tmdb_stage_pipeline' retrieved from /opt/airflow/dags/tmdb_pipeline_to_stage.py
[2026-04-04T18:36:17.119+0000] {logging_mixin.py:188} INFO - [2026-04-04T18:36:17.118+0000] {dag.py:3096} INFO - Sync 1 DAGs
[2026-04-04T18:36:17.134+0000] {logging_mixin.py:188} INFO - [2026-04-04T18:36:17.134+0000] {dag.py:3954} INFO - Setting next_dagrun for tmdb_stage_pipeline to None, run_after=None
[2026-04-04T18:36:17.150+0000] {processor.py:183} INFO - Processing /opt/airflow/dags/tmdb_pipeline_to_stage.py took 0.102 seconds
[2026-04-04T18:36:47.607+0000] {processor.py:161} INFO - Started process (PID=21113) to work on /opt/airflow/dags/tmdb_pipeline_to_stage.py
[2026-04-04T18:36:47.609+0000] {processor.py:830} INFO - Processing file /opt/airflow/dags/tmdb_pipeline_to_stage.py for tasks to queue
[2026-04-04T18:36:47.610+0000] {logging_mixin.py:188} INFO - [2026-04-04T18:36:47.610+0000] {dagbag.py:545} INFO - Filling up the DagBag from /opt/airflow/dags/tmdb_pipeline_to_stage.py
[2026-04-04T18:36:47.631+0000] {processor.py:840} INFO - DAG(s) 'tmdb_stage_pipeline' retrieved from /opt/airflow/dags/tmdb_pipeline_to_stage.py
[2026-04-04T18:36:47.678+0000] {logging_mixin.py:188} INFO - [2026-04-04T18:36:47.678+0000] {dag.py:3096} INFO - Sync 1 DAGs
[2026-04-04T18:36:47.694+0000] {logging_mixin.py:188} INFO - [2026-04-04T18:36:47.694+0000] {dag.py:3954} INFO - Setting next_dagrun for tmdb_stage_pipeline to None, run_after=None
[2026-04-04T18:36:47.714+0000] {processor.py:183} INFO - Processing /opt/airflow/dags/tmdb_pipeline_to_stage.py took 0.115 seconds
[2026-04-04T18:37:18.073+0000] {processor.py:161} INFO - Started process (PID=21133) to work on /opt/airflow/dags/tmdb_pipeline_to_stage.py
[2026-04-04T18:37:18.076+0000] {processor.py:830} INFO - Processing file /opt/airflow/dags/tmdb_pipeline_to_stage.py for tasks to queue
[2026-04-04T18:37:18.079+0000] {logging_mixin.py:188} INFO - [2026-04-04T18:37:18.078+0000] {dagbag.py:545} INFO - Filling up the DagBag from /opt/airflow/dags/tmdb_pipeline_to_stage.py
[2026-04-04T18:37:18.104+0000] {processor.py:840} INFO - DAG(s) 'tmdb_stage_pipeline' retrieved from /opt/airflow/dags/tmdb_pipeline_to_stage.py
[2026-04-04T18:37:18.149+0000] {logging_mixin.py:188} INFO - [2026-04-04T18:37:18.149+0000] {dag.py:3096} INFO - Sync 1 DAGs
[2026-04-04T18:37:18.171+0000] {logging_mixin.py:188} INFO - [2026-04-04T18:37:18.171+0000] {dag.py:3954} INFO - Setting next_dagrun for tmdb_stage_pipeline to None, run_after=None
[2026-04-04T18:37:18.186+0000] {processor.py:183} INFO - Processing /opt/airflow/dags/tmdb_pipeline_to_stage.py took 0.129 seconds
[2026-04-04T18:37:48.659+0000] {processor.py:161} INFO - Started process (PID=21153) to work on /opt/airflow/dags/tmdb_pipeline_to_stage.py
[2026-04-04T18:37:48.662+0000] {processor.py:830} INFO - Processing file /opt/airflow/dags/tmdb_pipeline_to_stage.py for tasks to queue
[2026-04-04T18:37:48.663+0000] {logging_mixin.py:188} INFO - [2026-04-04T18:37:48.663+0000] {dagbag.py:545} INFO - Filling up the DagBag from /opt/airflow/dags/tmdb_pipeline_to_stage.py
[2026-04-04T18:37:48.681+0000] {processor.py:840} INFO - DAG(s) 'tmdb_stage_pipeline' retrieved from /opt/airflow/dags/tmdb_pipeline_to_stage.py
[2026-04-04T18:37:48.738+0000] {logging_mixin.py:188} INFO - [2026-04-04T18:37:48.738+0000] {dag.py:3096} INFO - Sync 1 DAGs
[2026-04-04T18:37:48.762+0000] {logging_mixin.py:188} INFO - [2026-04-04T18:37:48.762+0000] {dag.py:3954} INFO - Setting next_dagrun for tmdb_stage_pipeline to None, run_after=None
[2026-04-04T18:37:48.784+0000] {processor.py:183} INFO - Processing /opt/airflow/dags/tmdb_pipeline_to_stage.py took 0.142 seconds
[2026-04-04T18:38:19.228+0000] {processor.py:161} INFO - Started process (PID=21173) to work on /opt/airflow/dags/tmdb_pipeline_to_stage.py
[2026-04-04T18:38:19.230+0000] {processor.py:830} INFO - Processing file /opt/airflow/dags/tmdb_pipeline_to_stage.py for tasks to queue
[2026-04-04T18:38:19.233+0000] {logging_mixin.py:188} INFO - [2026-04-04T18:38:19.232+0000] {dagbag.py:545} INFO - Filling up the DagBag from /opt/airflow/dags/tmdb_pipeline_to_stage.py
[2026-04-04T18:38:19.253+0000] {processor.py:840} INFO - DAG(s) 'tmdb_stage_pipeline' retrieved from /opt/airflow/dags/tmdb_pipeline_to_stage.py
[2026-04-04T18:38:19.341+0000] {logging_mixin.py:188} INFO - [2026-04-04T18:38:19.341+0000] {dag.py:3096} INFO - Sync 1 DAGs
[2026-04-04T18:38:19.421+0000] {logging_mixin.py:188} INFO - [2026-04-04T18:38:19.421+0000] {dag.py:3954} INFO - Setting next_dagrun for tmdb_stage_pipeline to None, run_after=None
[2026-04-04T18:38:19.509+0000] {processor.py:183} INFO - Processing /opt/airflow/dags/tmdb_pipeline_to_stage.py took 0.293 seconds
[2026-04-04T18:38:50.147+0000] {processor.py:161} INFO - Started process (PID=21193) to work on /opt/airflow/dags/tmdb_pipeline_to_stage.py
[2026-04-04T18:38:50.150+0000] {processor.py:830} INFO - Processing file /opt/airflow/dags/tmdb_pipeline_to_stage.py for tasks to queue
[2026-04-04T18:38:50.151+0000] {logging_mixin.py:188} INFO - [2026-04-04T18:38:50.151+0000] {dagbag.py:545} INFO - Filling up the DagBag from /opt/airflow/dags/tmdb_pipeline_to_stage.py
[2026-04-04T18:38:50.169+0000] {processor.py:840} INFO - DAG(s) 'tmdb_stage_pipeline' retrieved from /opt/airflow/dags/tmdb_pipeline_to_stage.py
[2026-04-04T18:38:50.326+0000] {logging_mixin.py:188} INFO - [2026-04-04T18:38:50.326+0000] {dag.py:3096} INFO - Sync 1 DAGs
[2026-04-04T18:38:50.354+0000] {logging_mixin.py:188} INFO - [2026-04-04T18:38:50.354+0000] {dag.py:3954} INFO - Setting next_dagrun for tmdb_stage_pipeline to None, run_after=None
[2026-04-04T18:38:50.370+0000] {processor.py:183} INFO - Processing /opt/airflow/dags/tmdb_pipeline_to_stage.py took 0.234 seconds
[2026-04-04T18:39:20.850+0000] {processor.py:161} INFO - Started process (PID=21213) to work on /opt/airflow/dags/tmdb_pipeline_to_stage.py
[2026-04-04T18:39:20.856+0000] {processor.py:830} INFO - Processing file /opt/airflow/dags/tmdb_pipeline_to_stage.py for tasks to queue
[2026-04-04T18:39:20.857+0000] {logging_mixin.py:188} INFO - [2026-04-04T18:39:20.857+0000] {dagbag.py:545} INFO - Filling up the DagBag from /opt/airflow/dags/tmdb_pipeline_to_stage.py
[2026-04-04T18:39:20.876+0000] {processor.py:840} INFO - DAG(s) 'tmdb_stage_pipeline' retrieved from /opt/airflow/dags/tmdb_pipeline_to_stage.py
[2026-04-04T18:39:20.922+0000] {logging_mixin.py:188} INFO - [2026-04-04T18:39:20.922+0000] {dag.py:3096} INFO - Sync 1 DAGs
[2026-04-04T18:39:20.936+0000] {logging_mixin.py:188} INFO - [2026-04-04T18:39:20.936+0000] {dag.py:3954} INFO - Setting next_dagrun for tmdb_stage_pipeline to None, run_after=None
[2026-04-04T18:39:20.949+0000] {processor.py:183} INFO - Processing /opt/airflow/dags/tmdb_pipeline_to_stage.py took 0.112 seconds
[2026-04-04T18:39:51.342+0000] {processor.py:161} INFO - Started process (PID=21233) to work on /opt/airflow/dags/tmdb_pipeline_to_stage.py
[2026-04-04T18:39:51.345+0000] {processor.py:830} INFO - Processing file /opt/airflow/dags/tmdb_pipeline_to_stage.py for tasks to queue
[2026-04-04T18:39:51.348+0000] {logging_mixin.py:188} INFO - [2026-04-04T18:39:51.347+0000] {dagbag.py:545} INFO - Filling up the DagBag from /opt/airflow/dags/tmdb_pipeline_to_stage.py
[2026-04-04T18:39:51.407+0000] {processor.py:840} INFO - DAG(s) 'tmdb_stage_pipeline' retrieved from /opt/airflow/dags/tmdb_pipeline_to_stage.py
[2026-04-04T18:39:51.458+0000] {logging_mixin.py:188} INFO - [2026-04-04T18:39:51.458+0000] {dag.py:3096} INFO - Sync 1 DAGs
[2026-04-04T18:39:51.476+0000] {logging_mixin.py:188} INFO - [2026-04-04T18:39:51.476+0000] {dag.py:3954} INFO - Setting next_dagrun for tmdb_stage_pipeline to None, run_after=None
[2026-04-04T18:39:51.492+0000] {processor.py:183} INFO - Processing /opt/airflow/dags/tmdb_pipeline_to_stage.py took 0.164 seconds
[2026-04-04T18:40:21.952+0000] {processor.py:161} INFO - Started process (PID=21253) to work on /opt/airflow/dags/tmdb_pipeline_to_stage.py
[2026-04-04T18:40:21.958+0000] {processor.py:830} INFO - Processing file /opt/airflow/dags/tmdb_pipeline_to_stage.py for tasks to queue
[2026-04-04T18:40:21.963+0000] {logging_mixin.py:188} INFO - [2026-04-04T18:40:21.959+0000] {dagbag.py:545} INFO - Filling up the DagBag from /opt/airflow/dags/tmdb_pipeline_to_stage.py
[2026-04-04T18:40:21.989+0000] {processor.py:840} INFO - DAG(s) 'tmdb_stage_pipeline' retrieved from /opt/airflow/dags/tmdb_pipeline_to_stage.py
[2026-04-04T18:40:22.063+0000] {logging_mixin.py:188} INFO - [2026-04-04T18:40:22.063+0000] {dag.py:3096} INFO - Sync 1 DAGs
[2026-04-04T18:40:22.081+0000] {logging_mixin.py:188} INFO - [2026-04-04T18:40:22.080+0000] {dag.py:3954} INFO - Setting next_dagrun for tmdb_stage_pipeline to None, run_after=None
[2026-04-04T18:40:22.099+0000] {processor.py:183} INFO - Processing /opt/airflow/dags/tmdb_pipeline_to_stage.py took 0.189 seconds
[2026-04-04T18:40:52.447+0000] {processor.py:161} INFO - Started process (PID=21273) to work on /opt/airflow/dags/tmdb_pipeline_to_stage.py
[2026-04-04T18:40:52.450+0000] {processor.py:830} INFO - Processing file /opt/airflow/dags/tmdb_pipeline_to_stage.py for tasks to queue
[2026-04-04T18:40:52.452+0000] {logging_mixin.py:188} INFO - [2026-04-04T18:40:52.450+0000] {dagbag.py:545} INFO - Filling up the DagBag from /opt/airflow/dags/tmdb_pipeline_to_stage.py
[2026-04-04T18:40:52.472+0000] {processor.py:840} INFO - DAG(s) 'tmdb_stage_pipeline' retrieved from /opt/airflow/dags/tmdb_pipeline_to_stage.py
[2026-04-04T18:40:52.517+0000] {logging_mixin.py:188} INFO - [2026-04-04T18:40:52.517+0000] {dag.py:3096} INFO - Sync 1 DAGs
[2026-04-04T18:40:52.544+0000] {logging_mixin.py:188} INFO - [2026-04-04T18:40:52.544+0000] {dag.py:3954} INFO - Setting next_dagrun for tmdb_stage_pipeline to None, run_after=None
[2026-04-04T18:40:52.561+0000] {processor.py:183} INFO - Processing /opt/airflow/dags/tmdb_pipeline_to_stage.py took 0.129 seconds
[2026-04-04T18:41:22.964+0000] {processor.py:161} INFO - Started process (PID=21293) to work on /opt/airflow/dags/tmdb_pipeline_to_stage.py
[2026-04-04T18:41:22.969+0000] {processor.py:830} INFO - Processing file /opt/airflow/dags/tmdb_pipeline_to_stage.py for tasks to queue
[2026-04-04T18:41:22.970+0000] {logging_mixin.py:188} INFO - [2026-04-04T18:41:22.970+0000] {dagbag.py:545} INFO - Filling up the DagBag from /opt/airflow/dags/tmdb_pipeline_to_stage.py
[2026-04-04T18:41:22.987+0000] {processor.py:840} INFO - DAG(s) 'tmdb_stage_pipeline' retrieved from /opt/airflow/dags/tmdb_pipeline_to_stage.py
[2026-04-04T18:41:23.026+0000] {logging_mixin.py:188} INFO - [2026-04-04T18:41:23.025+0000] {dag.py:3096} INFO - Sync 1 DAGs
[2026-04-04T18:41:23.048+0000] {logging_mixin.py:188} INFO - [2026-04-04T18:41:23.048+0000] {dag.py:3954} INFO - Setting next_dagrun for tmdb_stage_pipeline to None, run_after=None
[2026-04-04T18:41:23.062+0000] {processor.py:183} INFO - Processing /opt/airflow/dags/tmdb_pipeline_to_stage.py took 0.113 seconds
[2026-04-04T18:41:53.428+0000] {processor.py:161} INFO - Started process (PID=21313) to work on /opt/airflow/dags/tmdb_pipeline_to_stage.py
[2026-04-04T18:41:53.431+0000] {processor.py:830} INFO - Processing file /opt/airflow/dags/tmdb_pipeline_to_stage.py for tasks to queue
[2026-04-04T18:41:53.433+0000] {logging_mixin.py:188} INFO - [2026-04-04T18:41:53.432+0000] {dagbag.py:545} INFO - Filling up the DagBag from /opt/airflow/dags/tmdb_pipeline_to_stage.py
[2026-04-04T18:41:53.448+0000] {processor.py:840} INFO - DAG(s) 'tmdb_stage_pipeline' retrieved from /opt/airflow/dags/tmdb_pipeline_to_stage.py
[2026-04-04T18:41:53.483+0000] {logging_mixin.py:188} INFO - [2026-04-04T18:41:53.483+0000] {dag.py:3096} INFO - Sync 1 DAGs
[2026-04-04T18:41:53.496+0000] {logging_mixin.py:188} INFO - [2026-04-04T18:41:53.496+0000] {dag.py:3954} INFO - Setting next_dagrun for tmdb_stage_pipeline to None, run_after=None
[2026-04-04T18:41:53.510+0000] {processor.py:183} INFO - Processing /opt/airflow/dags/tmdb_pipeline_to_stage.py took 0.094 seconds
[2026-04-04T18:42:23.883+0000] {processor.py:161} INFO - Started process (PID=21333) to work on /opt/airflow/dags/tmdb_pipeline_to_stage.py
[2026-04-04T18:42:23.886+0000] {processor.py:830} INFO - Processing file /opt/airflow/dags/tmdb_pipeline_to_stage.py for tasks to queue
[2026-04-04T18:42:23.888+0000] {logging_mixin.py:188} INFO - [2026-04-04T18:42:23.887+0000] {dagbag.py:545} INFO - Filling up the DagBag from /opt/airflow/dags/tmdb_pipeline_to_stage.py
[2026-04-04T18:42:23.923+0000] {processor.py:840} INFO - DAG(s) 'tmdb_stage_pipeline' retrieved from /opt/airflow/dags/tmdb_pipeline_to_stage.py
[2026-04-04T18:42:23.956+0000] {logging_mixin.py:188} INFO - [2026-04-04T18:42:23.956+0000] {dag.py:3096} INFO - Sync 1 DAGs
[2026-04-04T18:42:23.987+0000] {logging_mixin.py:188} INFO - [2026-04-04T18:42:23.987+0000] {dag.py:3954} INFO - Setting next_dagrun for tmdb_stage_pipeline to None, run_after=None
[2026-04-04T18:42:24.002+0000] {processor.py:183} INFO - Processing /opt/airflow/dags/tmdb_pipeline_to_stage.py took 0.136 seconds
[2026-04-04T18:42:54.374+0000] {processor.py:161} INFO - Started process (PID=21353) to work on /opt/airflow/dags/tmdb_pipeline_to_stage.py
[2026-04-04T18:42:54.380+0000] {processor.py:830} INFO - Processing file /opt/airflow/dags/tmdb_pipeline_to_stage.py for tasks to queue
[2026-04-04T18:42:54.385+0000] {logging_mixin.py:188} INFO - [2026-04-04T18:42:54.382+0000] {dagbag.py:545} INFO - Filling up the DagBag from /opt/airflow/dags/tmdb_pipeline_to_stage.py
[2026-04-04T18:42:54.399+0000] {processor.py:840} INFO - DAG(s) 'tmdb_stage_pipeline' retrieved from /opt/airflow/dags/tmdb_pipeline_to_stage.py
[2026-04-04T18:42:54.436+0000] {logging_mixin.py:188} INFO - [2026-04-04T18:42:54.436+0000] {dag.py:3096} INFO - Sync 1 DAGs
[2026-04-04T18:42:54.453+0000] {logging_mixin.py:188} INFO - [2026-04-04T18:42:54.453+0000] {dag.py:3954} INFO - Setting next_dagrun for tmdb_stage_pipeline to None, run_after=None
[2026-04-04T18:42:54.468+0000] {processor.py:183} INFO - Processing /opt/airflow/dags/tmdb_pipeline_to_stage.py took 0.110 seconds
[2026-04-04T18:43:24.861+0000] {processor.py:161} INFO - Started process (PID=21373) to work on /opt/airflow/dags/tmdb_pipeline_to_stage.py
[2026-04-04T18:43:24.864+0000] {processor.py:830} INFO - Processing file /opt/airflow/dags/tmdb_pipeline_to_stage.py for tasks to queue
[2026-04-04T18:43:24.865+0000] {logging_mixin.py:188} INFO - [2026-04-04T18:43:24.865+0000] {dagbag.py:545} INFO - Filling up the DagBag from /opt/airflow/dags/tmdb_pipeline_to_stage.py
[2026-04-04T18:43:24.889+0000] {processor.py:840} INFO - DAG(s) 'tmdb_stage_pipeline' retrieved from /opt/airflow/dags/tmdb_pipeline_to_stage.py
[2026-04-04T18:43:24.928+0000] {logging_mixin.py:188} INFO - [2026-04-04T18:43:24.927+0000] {dag.py:3096} INFO - Sync 1 DAGs
[2026-04-04T18:43:24.941+0000] {logging_mixin.py:188} INFO - [2026-04-04T18:43:24.941+0000] {dag.py:3954} INFO - Setting next_dagrun for tmdb_stage_pipeline to None, run_after=None
[2026-04-04T18:43:24.957+0000] {processor.py:183} INFO - Processing /opt/airflow/dags/tmdb_pipeline_to_stage.py took 0.108 seconds
[2026-04-04T18:43:55.349+0000] {processor.py:161} INFO - Started process (PID=21393) to work on /opt/airflow/dags/tmdb_pipeline_to_stage.py
[2026-04-04T18:43:55.352+0000] {processor.py:830} INFO - Processing file /opt/airflow/dags/tmdb_pipeline_to_stage.py for tasks to queue
[2026-04-04T18:43:55.357+0000] {logging_mixin.py:188} INFO - [2026-04-04T18:43:55.356+0000] {dagbag.py:545} INFO - Filling up the DagBag from /opt/airflow/dags/tmdb_pipeline_to_stage.py
[2026-04-04T18:43:55.379+0000] {processor.py:840} INFO - DAG(s) 'tmdb_stage_pipeline' retrieved from /opt/airflow/dags/tmdb_pipeline_to_stage.py
[2026-04-04T18:43:55.418+0000] {logging_mixin.py:188} INFO - [2026-04-04T18:43:55.418+0000] {dag.py:3096} INFO - Sync 1 DAGs
[2026-04-04T18:43:55.434+0000] {logging_mixin.py:188} INFO - [2026-04-04T18:43:55.434+0000] {dag.py:3954} INFO - Setting next_dagrun for tmdb_stage_pipeline to None, run_after=None
[2026-04-04T18:43:55.448+0000] {processor.py:183} INFO - Processing /opt/airflow/dags/tmdb_pipeline_to_stage.py took 0.111 seconds
[2026-04-04T18:44:25.826+0000] {processor.py:161} INFO - Started process (PID=21413) to work on /opt/airflow/dags/tmdb_pipeline_to_stage.py
[2026-04-04T18:44:25.829+0000] {processor.py:830} INFO - Processing file /opt/airflow/dags/tmdb_pipeline_to_stage.py for tasks to queue
[2026-04-04T18:44:25.831+0000] {logging_mixin.py:188} INFO - [2026-04-04T18:44:25.831+0000] {dagbag.py:545} INFO - Filling up the DagBag from /opt/airflow/dags/tmdb_pipeline_to_stage.py
[2026-04-04T18:44:25.847+0000] {processor.py:840} INFO - DAG(s) 'tmdb_stage_pipeline' retrieved from /opt/airflow/dags/tmdb_pipeline_to_stage.py
[2026-04-04T18:44:25.885+0000] {logging_mixin.py:188} INFO - [2026-04-04T18:44:25.885+0000] {dag.py:3096} INFO - Sync 1 DAGs
[2026-04-04T18:44:25.903+0000] {logging_mixin.py:188} INFO - [2026-04-04T18:44:25.903+0000] {dag.py:3954} INFO - Setting next_dagrun for tmdb_stage_pipeline to None, run_after=None
[2026-04-04T18:44:25.917+0000] {processor.py:183} INFO - Processing /opt/airflow/dags/tmdb_pipeline_to_stage.py took 0.100 seconds
[2026-04-04T18:44:56.284+0000] {processor.py:161} INFO - Started process (PID=21433) to work on /opt/airflow/dags/tmdb_pipeline_to_stage.py
[2026-04-04T18:44:56.286+0000] {processor.py:830} INFO - Processing file /opt/airflow/dags/tmdb_pipeline_to_stage.py for tasks to queue
[2026-04-04T18:44:56.287+0000] {logging_mixin.py:188} INFO - [2026-04-04T18:44:56.287+0000] {dagbag.py:545} INFO - Filling up the DagBag from /opt/airflow/dags/tmdb_pipeline_to_stage.py
[2026-04-04T18:44:56.303+0000] {processor.py:840} INFO - DAG(s) 'tmdb_stage_pipeline' retrieved from /opt/airflow/dags/tmdb_pipeline_to_stage.py
[2026-04-04T18:44:56.329+0000] {logging_mixin.py:188} INFO - [2026-04-04T18:44:56.329+0000] {dag.py:3096} INFO - Sync 1 DAGs
[2026-04-04T18:44:56.342+0000] {logging_mixin.py:188} INFO - [2026-04-04T18:44:56.342+0000] {dag.py:3954} INFO - Setting next_dagrun for tmdb_stage_pipeline to None, run_after=None
[2026-04-04T18:44:56.355+0000] {processor.py:183} INFO - Processing /opt/airflow/dags/tmdb_pipeline_to_stage.py took 0.082 seconds
[2026-04-04T18:45:26.756+0000] {processor.py:161} INFO - Started process (PID=21453) to work on /opt/airflow/dags/tmdb_pipeline_to_stage.py
[2026-04-04T18:45:26.759+0000] {processor.py:830} INFO - Processing file /opt/airflow/dags/tmdb_pipeline_to_stage.py for tasks to queue
[2026-04-04T18:45:26.761+0000] {logging_mixin.py:188} INFO - [2026-04-04T18:45:26.761+0000] {dagbag.py:545} INFO - Filling up the DagBag from /opt/airflow/dags/tmdb_pipeline_to_stage.py
[2026-04-04T18:45:26.773+0000] {processor.py:840} INFO - DAG(s) 'tmdb_stage_pipeline' retrieved from /opt/airflow/dags/tmdb_pipeline_to_stage.py
[2026-04-04T18:45:26.811+0000] {logging_mixin.py:188} INFO - [2026-04-04T18:45:26.811+0000] {dag.py:3096} INFO - Sync 1 DAGs
[2026-04-04T18:45:26.824+0000] {logging_mixin.py:188} INFO - [2026-04-04T18:45:26.824+0000] {dag.py:3954} INFO - Setting next_dagrun for tmdb_stage_pipeline to None, run_after=None
[2026-04-04T18:45:26.836+0000] {processor.py:183} INFO - Processing /opt/airflow/dags/tmdb_pipeline_to_stage.py took 0.089 seconds
[2026-04-04T18:45:57.159+0000] {processor.py:161} INFO - Started process (PID=21473) to work on /opt/airflow/dags/tmdb_pipeline_to_stage.py
[2026-04-04T18:45:57.162+0000] {processor.py:830} INFO - Processing file /opt/airflow/dags/tmdb_pipeline_to_stage.py for tasks to queue
[2026-04-04T18:45:57.164+0000] {logging_mixin.py:188} INFO - [2026-04-04T18:45:57.164+0000] {dagbag.py:545} INFO - Filling up the DagBag from /opt/airflow/dags/tmdb_pipeline_to_stage.py
[2026-04-04T18:45:57.177+0000] {processor.py:840} INFO - DAG(s) 'tmdb_stage_pipeline' retrieved from /opt/airflow/dags/tmdb_pipeline_to_stage.py
[2026-04-04T18:45:57.215+0000] {logging_mixin.py:188} INFO - [2026-04-04T18:45:57.215+0000] {dag.py:3096} INFO - Sync 1 DAGs
[2026-04-04T18:45:57.228+0000] {logging_mixin.py:188} INFO - [2026-04-04T18:45:57.227+0000] {dag.py:3954} INFO - Setting next_dagrun for tmdb_stage_pipeline to None, run_after=None
[2026-04-04T18:45:57.248+0000] {processor.py:183} INFO - Processing /opt/airflow/dags/tmdb_pipeline_to_stage.py took 0.096 seconds
[2026-04-04T18:46:27.727+0000] {processor.py:161} INFO - Started process (PID=21493) to work on /opt/airflow/dags/tmdb_pipeline_to_stage.py
[2026-04-04T18:46:27.730+0000] {processor.py:830} INFO - Processing file /opt/airflow/dags/tmdb_pipeline_to_stage.py for tasks to queue
[2026-04-04T18:46:27.735+0000] {logging_mixin.py:188} INFO - [2026-04-04T18:46:27.734+0000] {dagbag.py:545} INFO - Filling up the DagBag from /opt/airflow/dags/tmdb_pipeline_to_stage.py
[2026-04-04T18:46:27.752+0000] {processor.py:840} INFO - DAG(s) 'tmdb_stage_pipeline' retrieved from /opt/airflow/dags/tmdb_pipeline_to_stage.py
[2026-04-04T18:46:27.797+0000] {logging_mixin.py:188} INFO - [2026-04-04T18:46:27.796+0000] {dag.py:3096} INFO - Sync 1 DAGs
[2026-04-04T18:46:27.810+0000] {logging_mixin.py:188} INFO - [2026-04-04T18:46:27.810+0000] {dag.py:3954} INFO - Setting next_dagrun for tmdb_stage_pipeline to None, run_after=None
[2026-04-04T18:46:27.823+0000] {processor.py:183} INFO - Processing /opt/airflow/dags/tmdb_pipeline_to_stage.py took 0.108 seconds
[2026-04-04T18:46:58.172+0000] {processor.py:161} INFO - Started process (PID=21513) to work on /opt/airflow/dags/tmdb_pipeline_to_stage.py
[2026-04-04T18:46:58.175+0000] {processor.py:830} INFO - Processing file /opt/airflow/dags/tmdb_pipeline_to_stage.py for tasks to queue
[2026-04-04T18:46:58.178+0000] {logging_mixin.py:188} INFO - [2026-04-04T18:46:58.177+0000] {dagbag.py:545} INFO - Filling up the DagBag from /opt/airflow/dags/tmdb_pipeline_to_stage.py
[2026-04-04T18:46:58.199+0000] {processor.py:840} INFO - DAG(s) 'tmdb_stage_pipeline' retrieved from /opt/airflow/dags/tmdb_pipeline_to_stage.py
[2026-04-04T18:46:58.237+0000] {logging_mixin.py:188} INFO - [2026-04-04T18:46:58.236+0000] {dag.py:3096} INFO - Sync 1 DAGs
[2026-04-04T18:46:58.260+0000] {logging_mixin.py:188} INFO - [2026-04-04T18:46:58.260+0000] {dag.py:3954} INFO - Setting next_dagrun for tmdb_stage_pipeline to None, run_after=None
[2026-04-04T18:46:58.273+0000] {processor.py:183} INFO - Processing /opt/airflow/dags/tmdb_pipeline_to_stage.py took 0.110 seconds
[2026-04-04T18:47:28.669+0000] {processor.py:161} INFO - Started process (PID=21533) to work on /opt/airflow/dags/tmdb_pipeline_to_stage.py
[2026-04-04T18:47:28.671+0000] {processor.py:830} INFO - Processing file /opt/airflow/dags/tmdb_pipeline_to_stage.py for tasks to queue
[2026-04-04T18:47:28.672+0000] {logging_mixin.py:188} INFO - [2026-04-04T18:47:28.671+0000] {dagbag.py:545} INFO - Filling up the DagBag from /opt/airflow/dags/tmdb_pipeline_to_stage.py
[2026-04-04T18:47:28.688+0000] {processor.py:840} INFO - DAG(s) 'tmdb_stage_pipeline' retrieved from /opt/airflow/dags/tmdb_pipeline_to_stage.py
[2026-04-04T18:47:28.734+0000] {logging_mixin.py:188} INFO - [2026-04-04T18:47:28.734+0000] {dag.py:3096} INFO - Sync 1 DAGs
[2026-04-04T18:47:28.750+0000] {logging_mixin.py:188} INFO - [2026-04-04T18:47:28.750+0000] {dag.py:3954} INFO - Setting next_dagrun for tmdb_stage_pipeline to None, run_after=None
[2026-04-04T18:47:28.763+0000] {processor.py:183} INFO - Processing /opt/airflow/dags/tmdb_pipeline_to_stage.py took 0.105 seconds
[2026-04-04T18:47:59.116+0000] {processor.py:161} INFO - Started process (PID=21553) to work on /opt/airflow/dags/tmdb_pipeline_to_stage.py
[2026-04-04T18:47:59.118+0000] {processor.py:830} INFO - Processing file /opt/airflow/dags/tmdb_pipeline_to_stage.py for tasks to queue
[2026-04-04T18:47:59.119+0000] {logging_mixin.py:188} INFO - [2026-04-04T18:47:59.119+0000] {dagbag.py:545} INFO - Filling up the DagBag from /opt/airflow/dags/tmdb_pipeline_to_stage.py
[2026-04-04T18:47:59.131+0000] {processor.py:840} INFO - DAG(s) 'tmdb_stage_pipeline' retrieved from /opt/airflow/dags/tmdb_pipeline_to_stage.py
[2026-04-04T18:47:59.166+0000] {logging_mixin.py:188} INFO - [2026-04-04T18:47:59.166+0000] {dag.py:3096} INFO - Sync 1 DAGs
[2026-04-04T18:47:59.179+0000] {logging_mixin.py:188} INFO - [2026-04-04T18:47:59.179+0000] {dag.py:3954} INFO - Setting next_dagrun for tmdb_stage_pipeline to None, run_after=None
[2026-04-04T18:47:59.192+0000] {processor.py:183} INFO - Processing /opt/airflow/dags/tmdb_pipeline_to_stage.py took 0.086 seconds
[2026-04-04T18:48:29.539+0000] {processor.py:161} INFO - Started process (PID=21573) to work on /opt/airflow/dags/tmdb_pipeline_to_stage.py
[2026-04-04T18:48:29.540+0000] {processor.py:830} INFO - Processing file /opt/airflow/dags/tmdb_pipeline_to_stage.py for tasks to queue
[2026-04-04T18:48:29.542+0000] {logging_mixin.py:188} INFO - [2026-04-04T18:48:29.542+0000] {dagbag.py:545} INFO - Filling up the DagBag from /opt/airflow/dags/tmdb_pipeline_to_stage.py
[2026-04-04T18:48:29.561+0000] {processor.py:840} INFO - DAG(s) 'tmdb_stage_pipeline' retrieved from /opt/airflow/dags/tmdb_pipeline_to_stage.py
[2026-04-04T18:48:29.601+0000] {logging_mixin.py:188} INFO - [2026-04-04T18:48:29.601+0000] {dag.py:3096} INFO - Sync 1 DAGs
[2026-04-04T18:48:29.614+0000] {logging_mixin.py:188} INFO - [2026-04-04T18:48:29.614+0000] {dag.py:3954} INFO - Setting next_dagrun for tmdb_stage_pipeline to None, run_after=None
[2026-04-04T18:48:29.628+0000] {processor.py:183} INFO - Processing /opt/airflow/dags/tmdb_pipeline_to_stage.py took 0.098 seconds
[2026-04-04T18:48:59.966+0000] {processor.py:161} INFO - Started process (PID=21593) to work on /opt/airflow/dags/tmdb_pipeline_to_stage.py
[2026-04-04T18:48:59.969+0000] {processor.py:830} INFO - Processing file /opt/airflow/dags/tmdb_pipeline_to_stage.py for tasks to queue
[2026-04-04T18:48:59.971+0000] {logging_mixin.py:188} INFO - [2026-04-04T18:48:59.970+0000] {dagbag.py:545} INFO - Filling up the DagBag from /opt/airflow/dags/tmdb_pipeline_to_stage.py
[2026-04-04T18:48:59.985+0000] {processor.py:840} INFO - DAG(s) 'tmdb_stage_pipeline' retrieved from /opt/airflow/dags/tmdb_pipeline_to_stage.py
[2026-04-04T18:49:00.054+0000] {logging_mixin.py:188} INFO - [2026-04-04T18:49:00.054+0000] {dag.py:3096} INFO - Sync 1 DAGs
[2026-04-04T18:49:00.087+0000] {logging_mixin.py:188} INFO - [2026-04-04T18:49:00.086+0000] {dag.py:3954} INFO - Setting next_dagrun for tmdb_stage_pipeline to None, run_after=None
[2026-04-04T18:49:00.100+0000] {processor.py:183} INFO - Processing /opt/airflow/dags/tmdb_pipeline_to_stage.py took 0.145 seconds
[2026-04-04T18:49:30.493+0000] {processor.py:161} INFO - Started process (PID=21613) to work on /opt/airflow/dags/tmdb_pipeline_to_stage.py
[2026-04-04T18:49:30.498+0000] {processor.py:830} INFO - Processing file /opt/airflow/dags/tmdb_pipeline_to_stage.py for tasks to queue
[2026-04-04T18:49:30.500+0000] {logging_mixin.py:188} INFO - [2026-04-04T18:49:30.499+0000] {dagbag.py:545} INFO - Filling up the DagBag from /opt/airflow/dags/tmdb_pipeline_to_stage.py
[2026-04-04T18:49:30.515+0000] {processor.py:840} INFO - DAG(s) 'tmdb_stage_pipeline' retrieved from /opt/airflow/dags/tmdb_pipeline_to_stage.py
[2026-04-04T18:49:30.546+0000] {logging_mixin.py:188} INFO - [2026-04-04T18:49:30.545+0000] {dag.py:3096} INFO - Sync 1 DAGs
[2026-04-04T18:49:30.562+0000] {logging_mixin.py:188} INFO - [2026-04-04T18:49:30.562+0000] {dag.py:3954} INFO - Setting next_dagrun for tmdb_stage_pipeline to None, run_after=None
[2026-04-04T18:49:30.575+0000] {processor.py:183} INFO - Processing /opt/airflow/dags/tmdb_pipeline_to_stage.py took 0.095 seconds
[2026-04-04T18:50:00.961+0000] {processor.py:161} INFO - Started process (PID=21633) to work on /opt/airflow/dags/tmdb_pipeline_to_stage.py
[2026-04-04T18:50:00.964+0000] {processor.py:830} INFO - Processing file /opt/airflow/dags/tmdb_pipeline_to_stage.py for tasks to queue
[2026-04-04T18:50:00.965+0000] {logging_mixin.py:188} INFO - [2026-04-04T18:50:00.965+0000] {dagbag.py:545} INFO - Filling up the DagBag from /opt/airflow/dags/tmdb_pipeline_to_stage.py
[2026-04-04T18:50:00.978+0000] {processor.py:840} INFO - DAG(s) 'tmdb_stage_pipeline' retrieved from /opt/airflow/dags/tmdb_pipeline_to_stage.py
[2026-04-04T18:50:01.027+0000] {logging_mixin.py:188} INFO - [2026-04-04T18:50:01.026+0000] {dag.py:3096} INFO - Sync 1 DAGs
[2026-04-04T18:50:01.039+0000] {logging_mixin.py:188} INFO - [2026-04-04T18:50:01.039+0000] {dag.py:3954} INFO - Setting next_dagrun for tmdb_stage_pipeline to None, run_after=None
[2026-04-04T18:50:01.053+0000] {processor.py:183} INFO - Processing /opt/airflow/dags/tmdb_pipeline_to_stage.py took 0.105 seconds
[2026-04-04T18:50:31.454+0000] {processor.py:161} INFO - Started process (PID=21653) to work on /opt/airflow/dags/tmdb_pipeline_to_stage.py
[2026-04-04T18:50:31.457+0000] {processor.py:830} INFO - Processing file /opt/airflow/dags/tmdb_pipeline_to_stage.py for tasks to queue
[2026-04-04T18:50:31.459+0000] {logging_mixin.py:188} INFO - [2026-04-04T18:50:31.458+0000] {dagbag.py:545} INFO - Filling up the DagBag from /opt/airflow/dags/tmdb_pipeline_to_stage.py
[2026-04-04T18:50:31.475+0000] {processor.py:840} INFO - DAG(s) 'tmdb_stage_pipeline' retrieved from /opt/airflow/dags/tmdb_pipeline_to_stage.py
[2026-04-04T18:50:31.518+0000] {logging_mixin.py:188} INFO - [2026-04-04T18:50:31.518+0000] {dag.py:3096} INFO - Sync 1 DAGs
[2026-04-04T18:50:31.531+0000] {logging_mixin.py:188} INFO - [2026-04-04T18:50:31.531+0000] {dag.py:3954} INFO - Setting next_dagrun for tmdb_stage_pipeline to None, run_after=None
[2026-04-04T18:50:31.545+0000] {processor.py:183} INFO - Processing /opt/airflow/dags/tmdb_pipeline_to_stage.py took 0.103 seconds
[2026-04-04T18:51:01.914+0000] {processor.py:161} INFO - Started process (PID=21673) to work on /opt/airflow/dags/tmdb_pipeline_to_stage.py
[2026-04-04T18:51:01.917+0000] {processor.py:830} INFO - Processing file /opt/airflow/dags/tmdb_pipeline_to_stage.py for tasks to queue
[2026-04-04T18:51:01.919+0000] {logging_mixin.py:188} INFO - [2026-04-04T18:51:01.918+0000] {dagbag.py:545} INFO - Filling up the DagBag from /opt/airflow/dags/tmdb_pipeline_to_stage.py
[2026-04-04T18:51:01.933+0000] {processor.py:840} INFO - DAG(s) 'tmdb_stage_pipeline' retrieved from /opt/airflow/dags/tmdb_pipeline_to_stage.py
[2026-04-04T18:51:01.968+0000] {logging_mixin.py:188} INFO - [2026-04-04T18:51:01.968+0000] {dag.py:3096} INFO - Sync 1 DAGs
[2026-04-04T18:51:01.988+0000] {logging_mixin.py:188} INFO - [2026-04-04T18:51:01.988+0000] {dag.py:3954} INFO - Setting next_dagrun for tmdb_stage_pipeline to None, run_after=None
[2026-04-04T18:51:02.016+0000] {processor.py:183} INFO - Processing /opt/airflow/dags/tmdb_pipeline_to_stage.py took 0.110 seconds
[2026-04-04T18:51:32.367+0000] {processor.py:161} INFO - Started process (PID=21693) to work on /opt/airflow/dags/tmdb_pipeline_to_stage.py
[2026-04-04T18:51:32.369+0000] {processor.py:830} INFO - Processing file /opt/airflow/dags/tmdb_pipeline_to_stage.py for tasks to queue
[2026-04-04T18:51:32.370+0000] {logging_mixin.py:188} INFO - [2026-04-04T18:51:32.370+0000] {dagbag.py:545} INFO - Filling up the DagBag from /opt/airflow/dags/tmdb_pipeline_to_stage.py
[2026-04-04T18:51:32.384+0000] {processor.py:840} INFO - DAG(s) 'tmdb_stage_pipeline' retrieved from /opt/airflow/dags/tmdb_pipeline_to_stage.py
[2026-04-04T18:51:32.424+0000] {logging_mixin.py:188} INFO - [2026-04-04T18:51:32.424+0000] {dag.py:3096} INFO - Sync 1 DAGs
[2026-04-04T18:51:32.436+0000] {logging_mixin.py:188} INFO - [2026-04-04T18:51:32.435+0000] {dag.py:3954} INFO - Setting next_dagrun for tmdb_stage_pipeline to None, run_after=None
[2026-04-04T18:51:32.449+0000] {processor.py:183} INFO - Processing /opt/airflow/dags/tmdb_pipeline_to_stage.py took 0.093 seconds
[2026-04-04T18:52:02.805+0000] {processor.py:161} INFO - Started process (PID=21713) to work on /opt/airflow/dags/tmdb_pipeline_to_stage.py
[2026-04-04T18:52:02.808+0000] {processor.py:830} INFO - Processing file /opt/airflow/dags/tmdb_pipeline_to_stage.py for tasks to queue
[2026-04-04T18:52:02.809+0000] {logging_mixin.py:188} INFO - [2026-04-04T18:52:02.809+0000] {dagbag.py:545} INFO - Filling up the DagBag from /opt/airflow/dags/tmdb_pipeline_to_stage.py
[2026-04-04T18:52:02.824+0000] {processor.py:840} INFO - DAG(s) 'tmdb_stage_pipeline' retrieved from /opt/airflow/dags/tmdb_pipeline_to_stage.py
[2026-04-04T18:52:02.859+0000] {logging_mixin.py:188} INFO - [2026-04-04T18:52:02.858+0000] {dag.py:3096} INFO - Sync 1 DAGs
[2026-04-04T18:52:02.872+0000] {logging_mixin.py:188} INFO - [2026-04-04T18:52:02.872+0000] {dag.py:3954} INFO - Setting next_dagrun for tmdb_stage_pipeline to None, run_after=None
[2026-04-04T18:52:02.885+0000] {processor.py:183} INFO - Processing /opt/airflow/dags/tmdb_pipeline_to_stage.py took 0.087 seconds
[2026-04-04T18:52:33.250+0000] {processor.py:161} INFO - Started process (PID=21733) to work on /opt/airflow/dags/tmdb_pipeline_to_stage.py
[2026-04-04T18:52:33.253+0000] {processor.py:830} INFO - Processing file /opt/airflow/dags/tmdb_pipeline_to_stage.py for tasks to queue
[2026-04-04T18:52:33.254+0000] {logging_mixin.py:188} INFO - [2026-04-04T18:52:33.253+0000] {dagbag.py:545} INFO - Filling up the DagBag from /opt/airflow/dags/tmdb_pipeline_to_stage.py
[2026-04-04T18:52:33.272+0000] {processor.py:840} INFO - DAG(s) 'tmdb_stage_pipeline' retrieved from /opt/airflow/dags/tmdb_pipeline_to_stage.py
[2026-04-04T18:52:33.301+0000] {logging_mixin.py:188} INFO - [2026-04-04T18:52:33.300+0000] {dag.py:3096} INFO - Sync 1 DAGs
[2026-04-04T18:52:33.312+0000] {logging_mixin.py:188} INFO - [2026-04-04T18:52:33.311+0000] {dag.py:3954} INFO - Setting next_dagrun for tmdb_stage_pipeline to None, run_after=None
[2026-04-04T18:52:33.323+0000] {processor.py:183} INFO - Processing /opt/airflow/dags/tmdb_pipeline_to_stage.py took 0.090 seconds
[2026-04-04T18:53:03.715+0000] {processor.py:161} INFO - Started process (PID=21753) to work on /opt/airflow/dags/tmdb_pipeline_to_stage.py
[2026-04-04T18:53:03.717+0000] {processor.py:830} INFO - Processing file /opt/airflow/dags/tmdb_pipeline_to_stage.py for tasks to queue
[2026-04-04T18:53:03.719+0000] {logging_mixin.py:188} INFO - [2026-04-04T18:53:03.718+0000] {dagbag.py:545} INFO - Filling up the DagBag from /opt/airflow/dags/tmdb_pipeline_to_stage.py
[2026-04-04T18:53:03.731+0000] {processor.py:840} INFO - DAG(s) 'tmdb_stage_pipeline' retrieved from /opt/airflow/dags/tmdb_pipeline_to_stage.py
[2026-04-04T18:53:03.774+0000] {logging_mixin.py:188} INFO - [2026-04-04T18:53:03.774+0000] {dag.py:3096} INFO - Sync 1 DAGs
[2026-04-04T18:53:03.785+0000] {logging_mixin.py:188} INFO - [2026-04-04T18:53:03.785+0000] {dag.py:3954} INFO - Setting next_dagrun for tmdb_stage_pipeline to None, run_after=None
[2026-04-04T18:53:03.800+0000] {processor.py:183} INFO - Processing /opt/airflow/dags/tmdb_pipeline_to_stage.py took 0.092 seconds
[2026-04-04T18:53:34.205+0000] {processor.py:161} INFO - Started process (PID=21773) to work on /opt/airflow/dags/tmdb_pipeline_to_stage.py
[2026-04-04T18:53:34.208+0000] {processor.py:830} INFO - Processing file /opt/airflow/dags/tmdb_pipeline_to_stage.py for tasks to queue
[2026-04-04T18:53:34.209+0000] {logging_mixin.py:188} INFO - [2026-04-04T18:53:34.209+0000] {dagbag.py:545} INFO - Filling up the DagBag from /opt/airflow/dags/tmdb_pipeline_to_stage.py
[2026-04-04T18:53:34.224+0000] {processor.py:840} INFO - DAG(s) 'tmdb_stage_pipeline' retrieved from /opt/airflow/dags/tmdb_pipeline_to_stage.py
[2026-04-04T18:53:34.260+0000] {logging_mixin.py:188} INFO - [2026-04-04T18:53:34.260+0000] {dag.py:3096} INFO - Sync 1 DAGs
[2026-04-04T18:53:34.273+0000] {logging_mixin.py:188} INFO - [2026-04-04T18:53:34.273+0000] {dag.py:3954} INFO - Setting next_dagrun for tmdb_stage_pipeline to None, run_after=None
[2026-04-04T18:53:34.285+0000] {processor.py:183} INFO - Processing /opt/airflow/dags/tmdb_pipeline_to_stage.py took 0.094 seconds
[2026-04-04T18:54:04.673+0000] {processor.py:161} INFO - Started process (PID=21793) to work on /opt/airflow/dags/tmdb_pipeline_to_stage.py
[2026-04-04T18:54:04.677+0000] {processor.py:830} INFO - Processing file /opt/airflow/dags/tmdb_pipeline_to_stage.py for tasks to queue
[2026-04-04T18:54:04.678+0000] {logging_mixin.py:188} INFO - [2026-04-04T18:54:04.678+0000] {dagbag.py:545} INFO - Filling up the DagBag from /opt/airflow/dags/tmdb_pipeline_to_stage.py
[2026-04-04T18:54:04.702+0000] {processor.py:840} INFO - DAG(s) 'tmdb_stage_pipeline' retrieved from /opt/airflow/dags/tmdb_pipeline_to_stage.py
[2026-04-04T18:54:04.751+0000] {logging_mixin.py:188} INFO - [2026-04-04T18:54:04.751+0000] {dag.py:3096} INFO - Sync 1 DAGs
[2026-04-04T18:54:04.767+0000] {logging_mixin.py:188} INFO - [2026-04-04T18:54:04.767+0000] {dag.py:3954} INFO - Setting next_dagrun for tmdb_stage_pipeline to None, run_after=None
[2026-04-04T18:54:04.784+0000] {processor.py:183} INFO - Processing /opt/airflow/dags/tmdb_pipeline_to_stage.py took 0.125 seconds
[2026-04-04T18:54:35.141+0000] {processor.py:161} INFO - Started process (PID=21813) to work on /opt/airflow/dags/tmdb_pipeline_to_stage.py
[2026-04-04T18:54:35.144+0000] {processor.py:830} INFO - Processing file /opt/airflow/dags/tmdb_pipeline_to_stage.py for tasks to queue
[2026-04-04T18:54:35.146+0000] {logging_mixin.py:188} INFO - [2026-04-04T18:54:35.146+0000] {dagbag.py:545} INFO - Filling up the DagBag from /opt/airflow/dags/tmdb_pipeline_to_stage.py
[2026-04-04T18:54:35.163+0000] {processor.py:840} INFO - DAG(s) 'tmdb_stage_pipeline' retrieved from /opt/airflow/dags/tmdb_pipeline_to_stage.py
[2026-04-04T18:54:35.193+0000] {logging_mixin.py:188} INFO - [2026-04-04T18:54:35.193+0000] {dag.py:3096} INFO - Sync 1 DAGs
[2026-04-04T18:54:35.203+0000] {logging_mixin.py:188} INFO - [2026-04-04T18:54:35.203+0000] {dag.py:3954} INFO - Setting next_dagrun for tmdb_stage_pipeline to None, run_after=None
[2026-04-04T18:54:35.217+0000] {processor.py:183} INFO - Processing /opt/airflow/dags/tmdb_pipeline_to_stage.py took 0.087 seconds
[2026-04-04T18:55:05.645+0000] {processor.py:161} INFO - Started process (PID=21833) to work on /opt/airflow/dags/tmdb_pipeline_to_stage.py
[2026-04-04T18:55:05.647+0000] {processor.py:830} INFO - Processing file /opt/airflow/dags/tmdb_pipeline_to_stage.py for tasks to queue
[2026-04-04T18:55:05.648+0000] {logging_mixin.py:188} INFO - [2026-04-04T18:55:05.648+0000] {dagbag.py:545} INFO - Filling up the DagBag from /opt/airflow/dags/tmdb_pipeline_to_stage.py
[2026-04-04T18:55:05.666+0000] {processor.py:840} INFO - DAG(s) 'tmdb_stage_pipeline' retrieved from /opt/airflow/dags/tmdb_pipeline_to_stage.py
[2026-04-04T18:55:05.704+0000] {logging_mixin.py:188} INFO - [2026-04-04T18:55:05.704+0000] {dag.py:3096} INFO - Sync 1 DAGs
[2026-04-04T18:55:05.722+0000] {logging_mixin.py:188} INFO - [2026-04-04T18:55:05.722+0000] {dag.py:3954} INFO - Setting next_dagrun for tmdb_stage_pipeline to None, run_after=None
[2026-04-04T18:55:05.742+0000] {processor.py:183} INFO - Processing /opt/airflow/dags/tmdb_pipeline_to_stage.py took 0.110 seconds
[2026-04-04T18:55:36.103+0000] {processor.py:161} INFO - Started process (PID=21853) to work on /opt/airflow/dags/tmdb_pipeline_to_stage.py
[2026-04-04T18:55:36.106+0000] {processor.py:830} INFO - Processing file /opt/airflow/dags/tmdb_pipeline_to_stage.py for tasks to queue
[2026-04-04T18:55:36.106+0000] {logging_mixin.py:188} INFO - [2026-04-04T18:55:36.106+0000] {dagbag.py:545} INFO - Filling up the DagBag from /opt/airflow/dags/tmdb_pipeline_to_stage.py
[2026-04-04T18:55:36.123+0000] {processor.py:840} INFO - DAG(s) 'tmdb_stage_pipeline' retrieved from /opt/airflow/dags/tmdb_pipeline_to_stage.py
[2026-04-04T18:55:36.150+0000] {logging_mixin.py:188} INFO - [2026-04-04T18:55:36.149+0000] {dag.py:3096} INFO - Sync 1 DAGs
[2026-04-04T18:55:36.159+0000] {logging_mixin.py:188} INFO - [2026-04-04T18:55:36.159+0000] {dag.py:3954} INFO - Setting next_dagrun for tmdb_stage_pipeline to None, run_after=None
[2026-04-04T18:55:36.173+0000] {processor.py:183} INFO - Processing /opt/airflow/dags/tmdb_pipeline_to_stage.py took 0.084 seconds
[2026-04-04T18:56:06.524+0000] {processor.py:161} INFO - Started process (PID=21873) to work on /opt/airflow/dags/tmdb_pipeline_to_stage.py
[2026-04-04T18:56:06.529+0000] {processor.py:830} INFO - Processing file /opt/airflow/dags/tmdb_pipeline_to_stage.py for tasks to queue
[2026-04-04T18:56:06.531+0000] {logging_mixin.py:188} INFO - [2026-04-04T18:56:06.530+0000] {dagbag.py:545} INFO - Filling up the DagBag from /opt/airflow/dags/tmdb_pipeline_to_stage.py
[2026-04-04T18:56:06.549+0000] {processor.py:840} INFO - DAG(s) 'tmdb_stage_pipeline' retrieved from /opt/airflow/dags/tmdb_pipeline_to_stage.py
[2026-04-04T18:56:06.593+0000] {logging_mixin.py:188} INFO - [2026-04-04T18:56:06.593+0000] {dag.py:3096} INFO - Sync 1 DAGs
[2026-04-04T18:56:06.622+0000] {logging_mixin.py:188} INFO - [2026-04-04T18:56:06.621+0000] {dag.py:3954} INFO - Setting next_dagrun for tmdb_stage_pipeline to None, run_after=None
[2026-04-04T18:56:06.636+0000] {processor.py:183} INFO - Processing /opt/airflow/dags/tmdb_pipeline_to_stage.py took 0.126 seconds
[2026-04-04T18:56:36.994+0000] {processor.py:161} INFO - Started process (PID=21893) to work on /opt/airflow/dags/tmdb_pipeline_to_stage.py
[2026-04-04T18:56:36.997+0000] {processor.py:830} INFO - Processing file /opt/airflow/dags/tmdb_pipeline_to_stage.py for tasks to queue
[2026-04-04T18:56:36.998+0000] {logging_mixin.py:188} INFO - [2026-04-04T18:56:36.997+0000] {dagbag.py:545} INFO - Filling up the DagBag from /opt/airflow/dags/tmdb_pipeline_to_stage.py
[2026-04-04T18:56:37.015+0000] {processor.py:840} INFO - DAG(s) 'tmdb_stage_pipeline' retrieved from /opt/airflow/dags/tmdb_pipeline_to_stage.py
[2026-04-04T18:56:37.062+0000] {logging_mixin.py:188} INFO - [2026-04-04T18:56:37.061+0000] {dag.py:3096} INFO - Sync 1 DAGs
[2026-04-04T18:56:37.074+0000] {logging_mixin.py:188} INFO - [2026-04-04T18:56:37.074+0000] {dag.py:3954} INFO - Setting next_dagrun for tmdb_stage_pipeline to None, run_after=None
[2026-04-04T18:56:37.091+0000] {processor.py:183} INFO - Processing /opt/airflow/dags/tmdb_pipeline_to_stage.py took 0.109 seconds
[2026-04-04T18:57:07.467+0000] {processor.py:161} INFO - Started process (PID=21913) to work on /opt/airflow/dags/tmdb_pipeline_to_stage.py
[2026-04-04T18:57:07.469+0000] {processor.py:830} INFO - Processing file /opt/airflow/dags/tmdb_pipeline_to_stage.py for tasks to queue
[2026-04-04T18:57:07.470+0000] {logging_mixin.py:188} INFO - [2026-04-04T18:57:07.470+0000] {dagbag.py:545} INFO - Filling up the DagBag from /opt/airflow/dags/tmdb_pipeline_to_stage.py
[2026-04-04T18:57:07.494+0000] {processor.py:840} INFO - DAG(s) 'tmdb_stage_pipeline' retrieved from /opt/airflow/dags/tmdb_pipeline_to_stage.py
[2026-04-04T18:57:07.532+0000] {logging_mixin.py:188} INFO - [2026-04-04T18:57:07.532+0000] {dag.py:3096} INFO - Sync 1 DAGs
[2026-04-04T18:57:07.555+0000] {logging_mixin.py:188} INFO - [2026-04-04T18:57:07.555+0000] {dag.py:3954} INFO - Setting next_dagrun for tmdb_stage_pipeline to None, run_after=None
[2026-04-04T18:57:07.577+0000] {processor.py:183} INFO - Processing /opt/airflow/dags/tmdb_pipeline_to_stage.py took 0.123 seconds
[2026-04-04T18:57:37.999+0000] {processor.py:161} INFO - Started process (PID=21933) to work on /opt/airflow/dags/tmdb_pipeline_to_stage.py
[2026-04-04T18:57:38.002+0000] {processor.py:830} INFO - Processing file /opt/airflow/dags/tmdb_pipeline_to_stage.py for tasks to queue
[2026-04-04T18:57:38.003+0000] {logging_mixin.py:188} INFO - [2026-04-04T18:57:38.002+0000] {dagbag.py:545} INFO - Filling up the DagBag from /opt/airflow/dags/tmdb_pipeline_to_stage.py
[2026-04-04T18:57:38.025+0000] {processor.py:840} INFO - DAG(s) 'tmdb_stage_pipeline' retrieved from /opt/airflow/dags/tmdb_pipeline_to_stage.py
[2026-04-04T18:57:38.067+0000] {logging_mixin.py:188} INFO - [2026-04-04T18:57:38.067+0000] {dag.py:3096} INFO - Sync 1 DAGs
[2026-04-04T18:57:38.083+0000] {logging_mixin.py:188} INFO - [2026-04-04T18:57:38.083+0000] {dag.py:3954} INFO - Setting next_dagrun for tmdb_stage_pipeline to None, run_after=None
[2026-04-04T18:57:38.101+0000] {processor.py:183} INFO - Processing /opt/airflow/dags/tmdb_pipeline_to_stage.py took 0.117 seconds
[2026-04-04T18:58:08.522+0000] {processor.py:161} INFO - Started process (PID=21953) to work on /opt/airflow/dags/tmdb_pipeline_to_stage.py
[2026-04-04T18:58:08.524+0000] {processor.py:830} INFO - Processing file /opt/airflow/dags/tmdb_pipeline_to_stage.py for tasks to queue
[2026-04-04T18:58:08.526+0000] {logging_mixin.py:188} INFO - [2026-04-04T18:58:08.526+0000] {dagbag.py:545} INFO - Filling up the DagBag from /opt/airflow/dags/tmdb_pipeline_to_stage.py
[2026-04-04T18:58:08.544+0000] {processor.py:840} INFO - DAG(s) 'tmdb_stage_pipeline' retrieved from /opt/airflow/dags/tmdb_pipeline_to_stage.py
[2026-04-04T18:58:08.587+0000] {logging_mixin.py:188} INFO - [2026-04-04T18:58:08.587+0000] {dag.py:3096} INFO - Sync 1 DAGs
[2026-04-04T18:58:08.606+0000] {logging_mixin.py:188} INFO - [2026-04-04T18:58:08.606+0000] {dag.py:3954} INFO - Setting next_dagrun for tmdb_stage_pipeline to None, run_after=None
[2026-04-04T18:58:08.622+0000] {processor.py:183} INFO - Processing /opt/airflow/dags/tmdb_pipeline_to_stage.py took 0.111 seconds
[2026-04-04T18:58:38.983+0000] {processor.py:161} INFO - Started process (PID=21973) to work on /opt/airflow/dags/tmdb_pipeline_to_stage.py
[2026-04-04T18:58:38.986+0000] {processor.py:830} INFO - Processing file /opt/airflow/dags/tmdb_pipeline_to_stage.py for tasks to queue
[2026-04-04T18:58:38.987+0000] {logging_mixin.py:188} INFO - [2026-04-04T18:58:38.986+0000] {dagbag.py:545} INFO - Filling up the DagBag from /opt/airflow/dags/tmdb_pipeline_to_stage.py
[2026-04-04T18:58:39.004+0000] {processor.py:840} INFO - DAG(s) 'tmdb_stage_pipeline' retrieved from /opt/airflow/dags/tmdb_pipeline_to_stage.py
[2026-04-04T18:58:39.054+0000] {logging_mixin.py:188} INFO - [2026-04-04T18:58:39.054+0000] {dag.py:3096} INFO - Sync 1 DAGs
[2026-04-04T18:58:39.069+0000] {logging_mixin.py:188} INFO - [2026-04-04T18:58:39.069+0000] {dag.py:3954} INFO - Setting next_dagrun for tmdb_stage_pipeline to None, run_after=None
[2026-04-04T18:58:39.092+0000] {processor.py:183} INFO - Processing /opt/airflow/dags/tmdb_pipeline_to_stage.py took 0.128 seconds
[2026-04-04T18:59:09.429+0000] {processor.py:161} INFO - Started process (PID=21993) to work on /opt/airflow/dags/tmdb_pipeline_to_stage.py
[2026-04-04T18:59:09.431+0000] {processor.py:830} INFO - Processing file /opt/airflow/dags/tmdb_pipeline_to_stage.py for tasks to queue
[2026-04-04T18:59:09.432+0000] {logging_mixin.py:188} INFO - [2026-04-04T18:59:09.432+0000] {dagbag.py:545} INFO - Filling up the DagBag from /opt/airflow/dags/tmdb_pipeline_to_stage.py
[2026-04-04T18:59:09.446+0000] {processor.py:840} INFO - DAG(s) 'tmdb_stage_pipeline' retrieved from /opt/airflow/dags/tmdb_pipeline_to_stage.py
[2026-04-04T18:59:09.481+0000] {logging_mixin.py:188} INFO - [2026-04-04T18:59:09.481+0000] {dag.py:3096} INFO - Sync 1 DAGs
[2026-04-04T18:59:09.497+0000] {logging_mixin.py:188} INFO - [2026-04-04T18:59:09.497+0000] {dag.py:3954} INFO - Setting next_dagrun for tmdb_stage_pipeline to None, run_after=None
[2026-04-04T18:59:09.509+0000] {processor.py:183} INFO - Processing /opt/airflow/dags/tmdb_pipeline_to_stage.py took 0.089 seconds
[2026-04-04T18:59:39.887+0000] {processor.py:161} INFO - Started process (PID=22013) to work on /opt/airflow/dags/tmdb_pipeline_to_stage.py
[2026-04-04T18:59:39.889+0000] {processor.py:830} INFO - Processing file /opt/airflow/dags/tmdb_pipeline_to_stage.py for tasks to queue
[2026-04-04T18:59:39.892+0000] {logging_mixin.py:188} INFO - [2026-04-04T18:59:39.891+0000] {dagbag.py:545} INFO - Filling up the DagBag from /opt/airflow/dags/tmdb_pipeline_to_stage.py
[2026-04-04T18:59:39.907+0000] {processor.py:840} INFO - DAG(s) 'tmdb_stage_pipeline' retrieved from /opt/airflow/dags/tmdb_pipeline_to_stage.py
[2026-04-04T18:59:39.937+0000] {logging_mixin.py:188} INFO - [2026-04-04T18:59:39.937+0000] {dag.py:3096} INFO - Sync 1 DAGs
[2026-04-04T18:59:39.946+0000] {logging_mixin.py:188} INFO - [2026-04-04T18:59:39.946+0000] {dag.py:3954} INFO - Setting next_dagrun for tmdb_stage_pipeline to None, run_after=None
[2026-04-04T18:59:39.959+0000] {processor.py:183} INFO - Processing /opt/airflow/dags/tmdb_pipeline_to_stage.py took 0.081 seconds
[2026-04-04T19:00:10.352+0000] {processor.py:161} INFO - Started process (PID=22033) to work on /opt/airflow/dags/tmdb_pipeline_to_stage.py
[2026-04-04T19:00:10.356+0000] {processor.py:830} INFO - Processing file /opt/airflow/dags/tmdb_pipeline_to_stage.py for tasks to queue
[2026-04-04T19:00:10.358+0000] {logging_mixin.py:188} INFO - [2026-04-04T19:00:10.358+0000] {dagbag.py:545} INFO - Filling up the DagBag from /opt/airflow/dags/tmdb_pipeline_to_stage.py
[2026-04-04T19:00:10.383+0000] {processor.py:840} INFO - DAG(s) 'tmdb_stage_pipeline' retrieved from /opt/airflow/dags/tmdb_pipeline_to_stage.py
[2026-04-04T19:00:10.435+0000] {logging_mixin.py:188} INFO - [2026-04-04T19:00:10.435+0000] {dag.py:3096} INFO - Sync 1 DAGs
[2026-04-04T19:00:10.452+0000] {logging_mixin.py:188} INFO - [2026-04-04T19:00:10.451+0000] {dag.py:3954} INFO - Setting next_dagrun for tmdb_stage_pipeline to None, run_after=None
[2026-04-04T19:00:10.471+0000] {processor.py:183} INFO - Processing /opt/airflow/dags/tmdb_pipeline_to_stage.py took 0.130 seconds
[2026-04-04T19:00:40.908+0000] {processor.py:161} INFO - Started process (PID=22053) to work on /opt/airflow/dags/tmdb_pipeline_to_stage.py
[2026-04-04T19:00:40.911+0000] {processor.py:830} INFO - Processing file /opt/airflow/dags/tmdb_pipeline_to_stage.py for tasks to queue
[2026-04-04T19:00:40.912+0000] {logging_mixin.py:188} INFO - [2026-04-04T19:00:40.912+0000] {dagbag.py:545} INFO - Filling up the DagBag from /opt/airflow/dags/tmdb_pipeline_to_stage.py
[2026-04-04T19:00:40.941+0000] {processor.py:840} INFO - DAG(s) 'tmdb_stage_pipeline' retrieved from /opt/airflow/dags/tmdb_pipeline_to_stage.py
[2026-04-04T19:00:40.973+0000] {logging_mixin.py:188} INFO - [2026-04-04T19:00:40.973+0000] {dag.py:3096} INFO - Sync 1 DAGs
[2026-04-04T19:00:40.990+0000] {logging_mixin.py:188} INFO - [2026-04-04T19:00:40.990+0000] {dag.py:3954} INFO - Setting next_dagrun for tmdb_stage_pipeline to None, run_after=None
[2026-04-04T19:00:41.008+0000] {processor.py:183} INFO - Processing /opt/airflow/dags/tmdb_pipeline_to_stage.py took 0.112 seconds
[2026-04-04T19:01:11.385+0000] {processor.py:161} INFO - Started process (PID=22073) to work on /opt/airflow/dags/tmdb_pipeline_to_stage.py
[2026-04-04T19:01:11.389+0000] {processor.py:830} INFO - Processing file /opt/airflow/dags/tmdb_pipeline_to_stage.py for tasks to queue
[2026-04-04T19:01:11.391+0000] {logging_mixin.py:188} INFO - [2026-04-04T19:01:11.390+0000] {dagbag.py:545} INFO - Filling up the DagBag from /opt/airflow/dags/tmdb_pipeline_to_stage.py
[2026-04-04T19:01:11.414+0000] {processor.py:840} INFO - DAG(s) 'tmdb_stage_pipeline' retrieved from /opt/airflow/dags/tmdb_pipeline_to_stage.py
[2026-04-04T19:01:11.459+0000] {logging_mixin.py:188} INFO - [2026-04-04T19:01:11.459+0000] {dag.py:3096} INFO - Sync 1 DAGs
[2026-04-04T19:01:11.479+0000] {logging_mixin.py:188} INFO - [2026-04-04T19:01:11.479+0000] {dag.py:3954} INFO - Setting next_dagrun for tmdb_stage_pipeline to None, run_after=None
[2026-04-04T19:01:11.494+0000] {processor.py:183} INFO - Processing /opt/airflow/dags/tmdb_pipeline_to_stage.py took 0.123 seconds
[2026-04-04T19:01:41.913+0000] {processor.py:161} INFO - Started process (PID=22093) to work on /opt/airflow/dags/tmdb_pipeline_to_stage.py
[2026-04-04T19:01:41.917+0000] {processor.py:830} INFO - Processing file /opt/airflow/dags/tmdb_pipeline_to_stage.py for tasks to queue
[2026-04-04T19:01:41.919+0000] {logging_mixin.py:188} INFO - [2026-04-04T19:01:41.918+0000] {dagbag.py:545} INFO - Filling up the DagBag from /opt/airflow/dags/tmdb_pipeline_to_stage.py
[2026-04-04T19:01:41.935+0000] {processor.py:840} INFO - DAG(s) 'tmdb_stage_pipeline' retrieved from /opt/airflow/dags/tmdb_pipeline_to_stage.py
[2026-04-04T19:01:41.965+0000] {logging_mixin.py:188} INFO - [2026-04-04T19:01:41.965+0000] {dag.py:3096} INFO - Sync 1 DAGs
[2026-04-04T19:01:41.977+0000] {logging_mixin.py:188} INFO - [2026-04-04T19:01:41.977+0000] {dag.py:3954} INFO - Setting next_dagrun for tmdb_stage_pipeline to None, run_after=None
[2026-04-04T19:01:41.991+0000] {processor.py:183} INFO - Processing /opt/airflow/dags/tmdb_pipeline_to_stage.py took 0.093 seconds
[2026-04-04T19:02:12.354+0000] {processor.py:161} INFO - Started process (PID=22113) to work on /opt/airflow/dags/tmdb_pipeline_to_stage.py
[2026-04-04T19:02:12.356+0000] {processor.py:830} INFO - Processing file /opt/airflow/dags/tmdb_pipeline_to_stage.py for tasks to queue
[2026-04-04T19:02:12.359+0000] {logging_mixin.py:188} INFO - [2026-04-04T19:02:12.359+0000] {dagbag.py:545} INFO - Filling up the DagBag from /opt/airflow/dags/tmdb_pipeline_to_stage.py
[2026-04-04T19:02:12.379+0000] {processor.py:840} INFO - DAG(s) 'tmdb_stage_pipeline' retrieved from /opt/airflow/dags/tmdb_pipeline_to_stage.py
[2026-04-04T19:02:12.422+0000] {logging_mixin.py:188} INFO - [2026-04-04T19:02:12.421+0000] {dag.py:3096} INFO - Sync 1 DAGs
[2026-04-04T19:02:12.442+0000] {logging_mixin.py:188} INFO - [2026-04-04T19:02:12.442+0000] {dag.py:3954} INFO - Setting next_dagrun for tmdb_stage_pipeline to None, run_after=None
[2026-04-04T19:02:12.461+0000] {processor.py:183} INFO - Processing /opt/airflow/dags/tmdb_pipeline_to_stage.py took 0.120 seconds
[2026-04-04T19:02:42.856+0000] {processor.py:161} INFO - Started process (PID=22133) to work on /opt/airflow/dags/tmdb_pipeline_to_stage.py
[2026-04-04T19:02:42.859+0000] {processor.py:830} INFO - Processing file /opt/airflow/dags/tmdb_pipeline_to_stage.py for tasks to queue
[2026-04-04T19:02:42.860+0000] {logging_mixin.py:188} INFO - [2026-04-04T19:02:42.860+0000] {dagbag.py:545} INFO - Filling up the DagBag from /opt/airflow/dags/tmdb_pipeline_to_stage.py
[2026-04-04T19:02:42.876+0000] {processor.py:840} INFO - DAG(s) 'tmdb_stage_pipeline' retrieved from /opt/airflow/dags/tmdb_pipeline_to_stage.py
[2026-04-04T19:02:42.916+0000] {logging_mixin.py:188} INFO - [2026-04-04T19:02:42.916+0000] {dag.py:3096} INFO - Sync 1 DAGs
[2026-04-04T19:02:42.932+0000] {logging_mixin.py:188} INFO - [2026-04-04T19:02:42.932+0000] {dag.py:3954} INFO - Setting next_dagrun for tmdb_stage_pipeline to None, run_after=None
[2026-04-04T19:02:42.948+0000] {processor.py:183} INFO - Processing /opt/airflow/dags/tmdb_pipeline_to_stage.py took 0.112 seconds
[2026-04-04T19:03:13.345+0000] {processor.py:161} INFO - Started process (PID=22153) to work on /opt/airflow/dags/tmdb_pipeline_to_stage.py
[2026-04-04T19:03:13.348+0000] {processor.py:830} INFO - Processing file /opt/airflow/dags/tmdb_pipeline_to_stage.py for tasks to queue
[2026-04-04T19:03:13.350+0000] {logging_mixin.py:188} INFO - [2026-04-04T19:03:13.350+0000] {dagbag.py:545} INFO - Filling up the DagBag from /opt/airflow/dags/tmdb_pipeline_to_stage.py
[2026-04-04T19:03:13.374+0000] {processor.py:840} INFO - DAG(s) 'tmdb_stage_pipeline' retrieved from /opt/airflow/dags/tmdb_pipeline_to_stage.py
[2026-04-04T19:03:13.411+0000] {logging_mixin.py:188} INFO - [2026-04-04T19:03:13.411+0000] {dag.py:3096} INFO - Sync 1 DAGs
[2026-04-04T19:03:13.427+0000] {logging_mixin.py:188} INFO - [2026-04-04T19:03:13.427+0000] {dag.py:3954} INFO - Setting next_dagrun for tmdb_stage_pipeline to None, run_after=None
[2026-04-04T19:03:13.441+0000] {processor.py:183} INFO - Processing /opt/airflow/dags/tmdb_pipeline_to_stage.py took 0.109 seconds
[2026-04-04T19:03:43.773+0000] {processor.py:161} INFO - Started process (PID=22173) to work on /opt/airflow/dags/tmdb_pipeline_to_stage.py
[2026-04-04T19:03:43.776+0000] {processor.py:830} INFO - Processing file /opt/airflow/dags/tmdb_pipeline_to_stage.py for tasks to queue
[2026-04-04T19:03:43.777+0000] {logging_mixin.py:188} INFO - [2026-04-04T19:03:43.777+0000] {dagbag.py:545} INFO - Filling up the DagBag from /opt/airflow/dags/tmdb_pipeline_to_stage.py
[2026-04-04T19:03:43.800+0000] {processor.py:840} INFO - DAG(s) 'tmdb_stage_pipeline' retrieved from /opt/airflow/dags/tmdb_pipeline_to_stage.py
[2026-04-04T19:03:43.827+0000] {logging_mixin.py:188} INFO - [2026-04-04T19:03:43.827+0000] {dag.py:3096} INFO - Sync 1 DAGs
[2026-04-04T19:03:43.841+0000] {logging_mixin.py:188} INFO - [2026-04-04T19:03:43.841+0000] {dag.py:3954} INFO - Setting next_dagrun for tmdb_stage_pipeline to None, run_after=None
[2026-04-04T19:03:43.854+0000] {processor.py:183} INFO - Processing /opt/airflow/dags/tmdb_pipeline_to_stage.py took 0.088 seconds
[2026-04-04T19:04:14.232+0000] {processor.py:161} INFO - Started process (PID=22193) to work on /opt/airflow/dags/tmdb_pipeline_to_stage.py
[2026-04-04T19:04:14.239+0000] {processor.py:830} INFO - Processing file /opt/airflow/dags/tmdb_pipeline_to_stage.py for tasks to queue
[2026-04-04T19:04:14.241+0000] {logging_mixin.py:188} INFO - [2026-04-04T19:04:14.240+0000] {dagbag.py:545} INFO - Filling up the DagBag from /opt/airflow/dags/tmdb_pipeline_to_stage.py
[2026-04-04T19:04:14.262+0000] {processor.py:840} INFO - DAG(s) 'tmdb_stage_pipeline' retrieved from /opt/airflow/dags/tmdb_pipeline_to_stage.py
[2026-04-04T19:04:14.304+0000] {logging_mixin.py:188} INFO - [2026-04-04T19:04:14.303+0000] {dag.py:3096} INFO - Sync 1 DAGs
[2026-04-04T19:04:14.320+0000] {logging_mixin.py:188} INFO - [2026-04-04T19:04:14.320+0000] {dag.py:3954} INFO - Setting next_dagrun for tmdb_stage_pipeline to None, run_after=None
[2026-04-04T19:04:14.340+0000] {processor.py:183} INFO - Processing /opt/airflow/dags/tmdb_pipeline_to_stage.py took 0.119 seconds
[2026-04-04T19:04:44.756+0000] {processor.py:161} INFO - Started process (PID=22213) to work on /opt/airflow/dags/tmdb_pipeline_to_stage.py
[2026-04-04T19:04:44.760+0000] {processor.py:830} INFO - Processing file /opt/airflow/dags/tmdb_pipeline_to_stage.py for tasks to queue
[2026-04-04T19:04:44.762+0000] {logging_mixin.py:188} INFO - [2026-04-04T19:04:44.761+0000] {dagbag.py:545} INFO - Filling up the DagBag from /opt/airflow/dags/tmdb_pipeline_to_stage.py
[2026-04-04T19:04:44.782+0000] {processor.py:840} INFO - DAG(s) 'tmdb_stage_pipeline' retrieved from /opt/airflow/dags/tmdb_pipeline_to_stage.py
[2026-04-04T19:04:44.827+0000] {logging_mixin.py:188} INFO - [2026-04-04T19:04:44.827+0000] {dag.py:3096} INFO - Sync 1 DAGs
[2026-04-04T19:04:44.843+0000] {logging_mixin.py:188} INFO - [2026-04-04T19:04:44.843+0000] {dag.py:3954} INFO - Setting next_dagrun for tmdb_stage_pipeline to None, run_after=None
[2026-04-04T19:04:44.856+0000] {processor.py:183} INFO - Processing /opt/airflow/dags/tmdb_pipeline_to_stage.py took 0.112 seconds
[2026-04-04T19:05:15.225+0000] {processor.py:161} INFO - Started process (PID=22233) to work on /opt/airflow/dags/tmdb_pipeline_to_stage.py
[2026-04-04T19:05:15.228+0000] {processor.py:830} INFO - Processing file /opt/airflow/dags/tmdb_pipeline_to_stage.py for tasks to queue
[2026-04-04T19:05:15.229+0000] {logging_mixin.py:188} INFO - [2026-04-04T19:05:15.228+0000] {dagbag.py:545} INFO - Filling up the DagBag from /opt/airflow/dags/tmdb_pipeline_to_stage.py
[2026-04-04T19:05:15.252+0000] {processor.py:840} INFO - DAG(s) 'tmdb_stage_pipeline' retrieved from /opt/airflow/dags/tmdb_pipeline_to_stage.py
[2026-04-04T19:05:15.287+0000] {logging_mixin.py:188} INFO - [2026-04-04T19:05:15.287+0000] {dag.py:3096} INFO - Sync 1 DAGs
[2026-04-04T19:05:15.310+0000] {logging_mixin.py:188} INFO - [2026-04-04T19:05:15.310+0000] {dag.py:3954} INFO - Setting next_dagrun for tmdb_stage_pipeline to None, run_after=None
[2026-04-04T19:05:15.324+0000] {processor.py:183} INFO - Processing /opt/airflow/dags/tmdb_pipeline_to_stage.py took 0.114 seconds
[2026-04-04T19:05:45.708+0000] {processor.py:161} INFO - Started process (PID=22253) to work on /opt/airflow/dags/tmdb_pipeline_to_stage.py
[2026-04-04T19:05:45.711+0000] {processor.py:830} INFO - Processing file /opt/airflow/dags/tmdb_pipeline_to_stage.py for tasks to queue
[2026-04-04T19:05:45.718+0000] {logging_mixin.py:188} INFO - [2026-04-04T19:05:45.718+0000] {dagbag.py:545} INFO - Filling up the DagBag from /opt/airflow/dags/tmdb_pipeline_to_stage.py
[2026-04-04T19:05:45.736+0000] {processor.py:840} INFO - DAG(s) 'tmdb_stage_pipeline' retrieved from /opt/airflow/dags/tmdb_pipeline_to_stage.py
[2026-04-04T19:05:45.773+0000] {logging_mixin.py:188} INFO - [2026-04-04T19:05:45.773+0000] {dag.py:3096} INFO - Sync 1 DAGs
[2026-04-04T19:05:45.790+0000] {logging_mixin.py:188} INFO - [2026-04-04T19:05:45.790+0000] {dag.py:3954} INFO - Setting next_dagrun for tmdb_stage_pipeline to None, run_after=None
[2026-04-04T19:05:45.805+0000] {processor.py:183} INFO - Processing /opt/airflow/dags/tmdb_pipeline_to_stage.py took 0.121 seconds
[2026-04-04T19:06:16.185+0000] {processor.py:161} INFO - Started process (PID=22273) to work on /opt/airflow/dags/tmdb_pipeline_to_stage.py
[2026-04-04T19:06:16.187+0000] {processor.py:830} INFO - Processing file /opt/airflow/dags/tmdb_pipeline_to_stage.py for tasks to queue
[2026-04-04T19:06:16.189+0000] {logging_mixin.py:188} INFO - [2026-04-04T19:06:16.189+0000] {dagbag.py:545} INFO - Filling up the DagBag from /opt/airflow/dags/tmdb_pipeline_to_stage.py
[2026-04-04T19:06:16.215+0000] {processor.py:840} INFO - DAG(s) 'tmdb_stage_pipeline' retrieved from /opt/airflow/dags/tmdb_pipeline_to_stage.py
[2026-04-04T19:06:16.250+0000] {logging_mixin.py:188} INFO - [2026-04-04T19:06:16.250+0000] {dag.py:3096} INFO - Sync 1 DAGs
[2026-04-04T19:06:16.266+0000] {logging_mixin.py:188} INFO - [2026-04-04T19:06:16.266+0000] {dag.py:3954} INFO - Setting next_dagrun for tmdb_stage_pipeline to None, run_after=None
[2026-04-04T19:06:16.279+0000] {processor.py:183} INFO - Processing /opt/airflow/dags/tmdb_pipeline_to_stage.py took 0.104 seconds
[2026-04-04T19:06:46.770+0000] {processor.py:161} INFO - Started process (PID=22293) to work on /opt/airflow/dags/tmdb_pipeline_to_stage.py
[2026-04-04T19:06:46.772+0000] {processor.py:830} INFO - Processing file /opt/airflow/dags/tmdb_pipeline_to_stage.py for tasks to queue
[2026-04-04T19:06:46.773+0000] {logging_mixin.py:188} INFO - [2026-04-04T19:06:46.773+0000] {dagbag.py:545} INFO - Filling up the DagBag from /opt/airflow/dags/tmdb_pipeline_to_stage.py
[2026-04-04T19:06:46.796+0000] {processor.py:840} INFO - DAG(s) 'tmdb_stage_pipeline' retrieved from /opt/airflow/dags/tmdb_pipeline_to_stage.py
[2026-04-04T19:06:46.837+0000] {logging_mixin.py:188} INFO - [2026-04-04T19:06:46.837+0000] {dag.py:3096} INFO - Sync 1 DAGs
[2026-04-04T19:06:46.861+0000] {logging_mixin.py:188} INFO - [2026-04-04T19:06:46.861+0000] {dag.py:3954} INFO - Setting next_dagrun for tmdb_stage_pipeline to None, run_after=None
[2026-04-04T19:06:46.880+0000] {processor.py:183} INFO - Processing /opt/airflow/dags/tmdb_pipeline_to_stage.py took 0.158 seconds
[2026-04-04T19:07:17.451+0000] {processor.py:161} INFO - Started process (PID=22313) to work on /opt/airflow/dags/tmdb_pipeline_to_stage.py
[2026-04-04T19:07:17.477+0000] {processor.py:830} INFO - Processing file /opt/airflow/dags/tmdb_pipeline_to_stage.py for tasks to queue
[2026-04-04T19:07:17.479+0000] {logging_mixin.py:188} INFO - [2026-04-04T19:07:17.479+0000] {dagbag.py:545} INFO - Filling up the DagBag from /opt/airflow/dags/tmdb_pipeline_to_stage.py
[2026-04-04T19:07:17.619+0000] {processor.py:840} INFO - DAG(s) 'tmdb_stage_pipeline' retrieved from /opt/airflow/dags/tmdb_pipeline_to_stage.py
[2026-04-04T19:07:17.851+0000] {logging_mixin.py:188} INFO - [2026-04-04T19:07:17.850+0000] {dag.py:3096} INFO - Sync 1 DAGs
[2026-04-04T19:07:17.950+0000] {logging_mixin.py:188} INFO - [2026-04-04T19:07:17.950+0000] {dag.py:3954} INFO - Setting next_dagrun for tmdb_stage_pipeline to None, run_after=None
[2026-04-04T19:07:18.022+0000] {processor.py:183} INFO - Processing /opt/airflow/dags/tmdb_pipeline_to_stage.py took 0.597 seconds
[2026-04-04T19:07:48.480+0000] {processor.py:161} INFO - Started process (PID=22333) to work on /opt/airflow/dags/tmdb_pipeline_to_stage.py
[2026-04-04T19:07:48.487+0000] {processor.py:830} INFO - Processing file /opt/airflow/dags/tmdb_pipeline_to_stage.py for tasks to queue
[2026-04-04T19:07:48.488+0000] {logging_mixin.py:188} INFO - [2026-04-04T19:07:48.488+0000] {dagbag.py:545} INFO - Filling up the DagBag from /opt/airflow/dags/tmdb_pipeline_to_stage.py
[2026-04-04T19:07:48.517+0000] {processor.py:840} INFO - DAG(s) 'tmdb_stage_pipeline' retrieved from /opt/airflow/dags/tmdb_pipeline_to_stage.py
[2026-04-04T19:07:48.606+0000] {logging_mixin.py:188} INFO - [2026-04-04T19:07:48.606+0000] {dag.py:3096} INFO - Sync 1 DAGs
[2026-04-04T19:07:48.632+0000] {logging_mixin.py:188} INFO - [2026-04-04T19:07:48.632+0000] {dag.py:3954} INFO - Setting next_dagrun for tmdb_stage_pipeline to None, run_after=None
[2026-04-04T19:07:48.675+0000] {processor.py:183} INFO - Processing /opt/airflow/dags/tmdb_pipeline_to_stage.py took 0.232 seconds
[2026-04-04T19:08:19.137+0000] {processor.py:161} INFO - Started process (PID=22353) to work on /opt/airflow/dags/tmdb_pipeline_to_stage.py
[2026-04-04T19:08:19.139+0000] {processor.py:830} INFO - Processing file /opt/airflow/dags/tmdb_pipeline_to_stage.py for tasks to queue
[2026-04-04T19:08:19.140+0000] {logging_mixin.py:188} INFO - [2026-04-04T19:08:19.140+0000] {dagbag.py:545} INFO - Filling up the DagBag from /opt/airflow/dags/tmdb_pipeline_to_stage.py
[2026-04-04T19:08:19.167+0000] {processor.py:840} INFO - DAG(s) 'tmdb_stage_pipeline' retrieved from /opt/airflow/dags/tmdb_pipeline_to_stage.py
[2026-04-04T19:08:19.220+0000] {logging_mixin.py:188} INFO - [2026-04-04T19:08:19.220+0000] {dag.py:3096} INFO - Sync 1 DAGs
[2026-04-04T19:08:19.242+0000] {logging_mixin.py:188} INFO - [2026-04-04T19:08:19.242+0000] {dag.py:3954} INFO - Setting next_dagrun for tmdb_stage_pipeline to None, run_after=None
[2026-04-04T19:08:19.335+0000] {processor.py:183} INFO - Processing /opt/airflow/dags/tmdb_pipeline_to_stage.py took 0.211 seconds
[2026-04-04T19:08:49.713+0000] {processor.py:161} INFO - Started process (PID=22373) to work on /opt/airflow/dags/tmdb_pipeline_to_stage.py
[2026-04-04T19:08:49.722+0000] {processor.py:830} INFO - Processing file /opt/airflow/dags/tmdb_pipeline_to_stage.py for tasks to queue
[2026-04-04T19:08:49.725+0000] {logging_mixin.py:188} INFO - [2026-04-04T19:08:49.725+0000] {dagbag.py:545} INFO - Filling up the DagBag from /opt/airflow/dags/tmdb_pipeline_to_stage.py
[2026-04-04T19:08:49.742+0000] {processor.py:840} INFO - DAG(s) 'tmdb_stage_pipeline' retrieved from /opt/airflow/dags/tmdb_pipeline_to_stage.py
[2026-04-04T19:08:49.786+0000] {logging_mixin.py:188} INFO - [2026-04-04T19:08:49.786+0000] {dag.py:3096} INFO - Sync 1 DAGs
[2026-04-04T19:08:49.804+0000] {logging_mixin.py:188} INFO - [2026-04-04T19:08:49.804+0000] {dag.py:3954} INFO - Setting next_dagrun for tmdb_stage_pipeline to None, run_after=None
[2026-04-04T19:08:49.823+0000] {processor.py:183} INFO - Processing /opt/airflow/dags/tmdb_pipeline_to_stage.py took 0.147 seconds
[2026-04-04T19:09:20.371+0000] {processor.py:161} INFO - Started process (PID=22393) to work on /opt/airflow/dags/tmdb_pipeline_to_stage.py
[2026-04-04T19:09:20.379+0000] {processor.py:830} INFO - Processing file /opt/airflow/dags/tmdb_pipeline_to_stage.py for tasks to queue
[2026-04-04T19:09:20.380+0000] {logging_mixin.py:188} INFO - [2026-04-04T19:09:20.379+0000] {dagbag.py:545} INFO - Filling up the DagBag from /opt/airflow/dags/tmdb_pipeline_to_stage.py
[2026-04-04T19:09:20.399+0000] {processor.py:840} INFO - DAG(s) 'tmdb_stage_pipeline' retrieved from /opt/airflow/dags/tmdb_pipeline_to_stage.py
[2026-04-04T19:09:20.451+0000] {logging_mixin.py:188} INFO - [2026-04-04T19:09:20.451+0000] {dag.py:3096} INFO - Sync 1 DAGs
[2026-04-04T19:09:20.481+0000] {logging_mixin.py:188} INFO - [2026-04-04T19:09:20.481+0000] {dag.py:3954} INFO - Setting next_dagrun for tmdb_stage_pipeline to None, run_after=None
[2026-04-04T19:09:20.507+0000] {processor.py:183} INFO - Processing /opt/airflow/dags/tmdb_pipeline_to_stage.py took 0.152 seconds
[2026-04-04T19:09:50.871+0000] {processor.py:161} INFO - Started process (PID=22413) to work on /opt/airflow/dags/tmdb_pipeline_to_stage.py
[2026-04-04T19:09:50.875+0000] {processor.py:830} INFO - Processing file /opt/airflow/dags/tmdb_pipeline_to_stage.py for tasks to queue
[2026-04-04T19:09:50.877+0000] {logging_mixin.py:188} INFO - [2026-04-04T19:09:50.876+0000] {dagbag.py:545} INFO - Filling up the DagBag from /opt/airflow/dags/tmdb_pipeline_to_stage.py
[2026-04-04T19:09:50.899+0000] {processor.py:840} INFO - DAG(s) 'tmdb_stage_pipeline' retrieved from /opt/airflow/dags/tmdb_pipeline_to_stage.py
[2026-04-04T19:09:50.953+0000] {logging_mixin.py:188} INFO - [2026-04-04T19:09:50.952+0000] {dag.py:3096} INFO - Sync 1 DAGs
[2026-04-04T19:09:50.970+0000] {logging_mixin.py:188} INFO - [2026-04-04T19:09:50.970+0000] {dag.py:3954} INFO - Setting next_dagrun for tmdb_stage_pipeline to None, run_after=None
[2026-04-04T19:09:50.989+0000] {processor.py:183} INFO - Processing /opt/airflow/dags/tmdb_pipeline_to_stage.py took 0.131 seconds
[2026-04-04T19:10:21.438+0000] {processor.py:161} INFO - Started process (PID=22433) to work on /opt/airflow/dags/tmdb_pipeline_to_stage.py
[2026-04-04T19:10:21.441+0000] {processor.py:830} INFO - Processing file /opt/airflow/dags/tmdb_pipeline_to_stage.py for tasks to queue
[2026-04-04T19:10:21.443+0000] {logging_mixin.py:188} INFO - [2026-04-04T19:10:21.442+0000] {dagbag.py:545} INFO - Filling up the DagBag from /opt/airflow/dags/tmdb_pipeline_to_stage.py
[2026-04-04T19:10:21.471+0000] {processor.py:840} INFO - DAG(s) 'tmdb_stage_pipeline' retrieved from /opt/airflow/dags/tmdb_pipeline_to_stage.py
[2026-04-04T19:10:21.533+0000] {logging_mixin.py:188} INFO - [2026-04-04T19:10:21.533+0000] {dag.py:3096} INFO - Sync 1 DAGs
[2026-04-04T19:10:21.551+0000] {logging_mixin.py:188} INFO - [2026-04-04T19:10:21.551+0000] {dag.py:3954} INFO - Setting next_dagrun for tmdb_stage_pipeline to None, run_after=None
[2026-04-04T19:10:21.573+0000] {processor.py:183} INFO - Processing /opt/airflow/dags/tmdb_pipeline_to_stage.py took 0.152 seconds
[2026-04-04T19:10:51.930+0000] {processor.py:161} INFO - Started process (PID=22453) to work on /opt/airflow/dags/tmdb_pipeline_to_stage.py
[2026-04-04T19:10:51.933+0000] {processor.py:830} INFO - Processing file /opt/airflow/dags/tmdb_pipeline_to_stage.py for tasks to queue
[2026-04-04T19:10:51.936+0000] {logging_mixin.py:188} INFO - [2026-04-04T19:10:51.935+0000] {dagbag.py:545} INFO - Filling up the DagBag from /opt/airflow/dags/tmdb_pipeline_to_stage.py
[2026-04-04T19:10:51.956+0000] {processor.py:840} INFO - DAG(s) 'tmdb_stage_pipeline' retrieved from /opt/airflow/dags/tmdb_pipeline_to_stage.py
[2026-04-04T19:10:51.995+0000] {logging_mixin.py:188} INFO - [2026-04-04T19:10:51.995+0000] {dag.py:3096} INFO - Sync 1 DAGs
[2026-04-04T19:10:52.010+0000] {logging_mixin.py:188} INFO - [2026-04-04T19:10:52.010+0000] {dag.py:3954} INFO - Setting next_dagrun for tmdb_stage_pipeline to None, run_after=None
[2026-04-04T19:10:52.022+0000] {processor.py:183} INFO - Processing /opt/airflow/dags/tmdb_pipeline_to_stage.py took 0.104 seconds
[2026-04-04T19:11:22.450+0000] {processor.py:161} INFO - Started process (PID=22473) to work on /opt/airflow/dags/tmdb_pipeline_to_stage.py
[2026-04-04T19:11:22.456+0000] {processor.py:830} INFO - Processing file /opt/airflow/dags/tmdb_pipeline_to_stage.py for tasks to queue
[2026-04-04T19:11:22.457+0000] {logging_mixin.py:188} INFO - [2026-04-04T19:11:22.457+0000] {dagbag.py:545} INFO - Filling up the DagBag from /opt/airflow/dags/tmdb_pipeline_to_stage.py
[2026-04-04T19:11:22.472+0000] {processor.py:840} INFO - DAG(s) 'tmdb_stage_pipeline' retrieved from /opt/airflow/dags/tmdb_pipeline_to_stage.py
[2026-04-04T19:11:22.527+0000] {logging_mixin.py:188} INFO - [2026-04-04T19:11:22.527+0000] {dag.py:3096} INFO - Sync 1 DAGs
[2026-04-04T19:11:22.547+0000] {logging_mixin.py:188} INFO - [2026-04-04T19:11:22.547+0000] {dag.py:3954} INFO - Setting next_dagrun for tmdb_stage_pipeline to None, run_after=None
[2026-04-04T19:11:22.562+0000] {processor.py:183} INFO - Processing /opt/airflow/dags/tmdb_pipeline_to_stage.py took 0.131 seconds
[2026-04-04T19:11:52.945+0000] {processor.py:161} INFO - Started process (PID=22493) to work on /opt/airflow/dags/tmdb_pipeline_to_stage.py
[2026-04-04T19:11:52.950+0000] {processor.py:830} INFO - Processing file /opt/airflow/dags/tmdb_pipeline_to_stage.py for tasks to queue
[2026-04-04T19:11:52.955+0000] {logging_mixin.py:188} INFO - [2026-04-04T19:11:52.953+0000] {dagbag.py:545} INFO - Filling up the DagBag from /opt/airflow/dags/tmdb_pipeline_to_stage.py
[2026-04-04T19:11:52.982+0000] {processor.py:840} INFO - DAG(s) 'tmdb_stage_pipeline' retrieved from /opt/airflow/dags/tmdb_pipeline_to_stage.py
[2026-04-04T19:11:53.045+0000] {logging_mixin.py:188} INFO - [2026-04-04T19:11:53.045+0000] {dag.py:3096} INFO - Sync 1 DAGs
[2026-04-04T19:11:53.070+0000] {logging_mixin.py:188} INFO - [2026-04-04T19:11:53.070+0000] {dag.py:3954} INFO - Setting next_dagrun for tmdb_stage_pipeline to None, run_after=None
[2026-04-04T19:11:53.085+0000] {processor.py:183} INFO - Processing /opt/airflow/dags/tmdb_pipeline_to_stage.py took 0.164 seconds
[2026-04-04T19:12:23.453+0000] {processor.py:161} INFO - Started process (PID=22513) to work on /opt/airflow/dags/tmdb_pipeline_to_stage.py
[2026-04-04T19:12:23.455+0000] {processor.py:830} INFO - Processing file /opt/airflow/dags/tmdb_pipeline_to_stage.py for tasks to queue
[2026-04-04T19:12:23.457+0000] {logging_mixin.py:188} INFO - [2026-04-04T19:12:23.456+0000] {dagbag.py:545} INFO - Filling up the DagBag from /opt/airflow/dags/tmdb_pipeline_to_stage.py
[2026-04-04T19:12:23.474+0000] {processor.py:840} INFO - DAG(s) 'tmdb_stage_pipeline' retrieved from /opt/airflow/dags/tmdb_pipeline_to_stage.py
[2026-04-04T19:12:23.525+0000] {logging_mixin.py:188} INFO - [2026-04-04T19:12:23.525+0000] {dag.py:3096} INFO - Sync 1 DAGs
[2026-04-04T19:12:23.544+0000] {logging_mixin.py:188} INFO - [2026-04-04T19:12:23.544+0000] {dag.py:3954} INFO - Setting next_dagrun for tmdb_stage_pipeline to None, run_after=None
[2026-04-04T19:12:23.564+0000] {processor.py:183} INFO - Processing /opt/airflow/dags/tmdb_pipeline_to_stage.py took 0.125 seconds
[2026-04-04T19:12:53.984+0000] {processor.py:161} INFO - Started process (PID=22533) to work on /opt/airflow/dags/tmdb_pipeline_to_stage.py
[2026-04-04T19:12:53.991+0000] {processor.py:830} INFO - Processing file /opt/airflow/dags/tmdb_pipeline_to_stage.py for tasks to queue
[2026-04-04T19:12:53.993+0000] {logging_mixin.py:188} INFO - [2026-04-04T19:12:53.992+0000] {dagbag.py:545} INFO - Filling up the DagBag from /opt/airflow/dags/tmdb_pipeline_to_stage.py
[2026-04-04T19:12:54.027+0000] {processor.py:840} INFO - DAG(s) 'tmdb_stage_pipeline' retrieved from /opt/airflow/dags/tmdb_pipeline_to_stage.py
[2026-04-04T19:12:54.070+0000] {logging_mixin.py:188} INFO - [2026-04-04T19:12:54.070+0000] {dag.py:3096} INFO - Sync 1 DAGs
[2026-04-04T19:12:54.093+0000] {logging_mixin.py:188} INFO - [2026-04-04T19:12:54.093+0000] {dag.py:3954} INFO - Setting next_dagrun for tmdb_stage_pipeline to None, run_after=None
[2026-04-04T19:12:54.112+0000] {processor.py:183} INFO - Processing /opt/airflow/dags/tmdb_pipeline_to_stage.py took 0.138 seconds
[2026-04-04T19:13:24.608+0000] {processor.py:161} INFO - Started process (PID=22553) to work on /opt/airflow/dags/tmdb_pipeline_to_stage.py
[2026-04-04T19:13:24.615+0000] {processor.py:830} INFO - Processing file /opt/airflow/dags/tmdb_pipeline_to_stage.py for tasks to queue
[2026-04-04T19:13:24.616+0000] {logging_mixin.py:188} INFO - [2026-04-04T19:13:24.616+0000] {dagbag.py:545} INFO - Filling up the DagBag from /opt/airflow/dags/tmdb_pipeline_to_stage.py
[2026-04-04T19:13:24.635+0000] {processor.py:840} INFO - DAG(s) 'tmdb_stage_pipeline' retrieved from /opt/airflow/dags/tmdb_pipeline_to_stage.py
[2026-04-04T19:13:24.677+0000] {logging_mixin.py:188} INFO - [2026-04-04T19:13:24.677+0000] {dag.py:3096} INFO - Sync 1 DAGs
[2026-04-04T19:13:24.693+0000] {logging_mixin.py:188} INFO - [2026-04-04T19:13:24.693+0000] {dag.py:3954} INFO - Setting next_dagrun for tmdb_stage_pipeline to None, run_after=None
[2026-04-04T19:13:24.709+0000] {processor.py:183} INFO - Processing /opt/airflow/dags/tmdb_pipeline_to_stage.py took 0.111 seconds
[2026-04-04T19:13:55.209+0000] {processor.py:161} INFO - Started process (PID=22573) to work on /opt/airflow/dags/tmdb_pipeline_to_stage.py
[2026-04-04T19:13:55.214+0000] {processor.py:830} INFO - Processing file /opt/airflow/dags/tmdb_pipeline_to_stage.py for tasks to queue
[2026-04-04T19:13:55.215+0000] {logging_mixin.py:188} INFO - [2026-04-04T19:13:55.214+0000] {dagbag.py:545} INFO - Filling up the DagBag from /opt/airflow/dags/tmdb_pipeline_to_stage.py
[2026-04-04T19:13:55.230+0000] {processor.py:840} INFO - DAG(s) 'tmdb_stage_pipeline' retrieved from /opt/airflow/dags/tmdb_pipeline_to_stage.py
[2026-04-04T19:13:55.279+0000] {logging_mixin.py:188} INFO - [2026-04-04T19:13:55.278+0000] {dag.py:3096} INFO - Sync 1 DAGs
[2026-04-04T19:13:55.299+0000] {logging_mixin.py:188} INFO - [2026-04-04T19:13:55.299+0000] {dag.py:3954} INFO - Setting next_dagrun for tmdb_stage_pipeline to None, run_after=None
[2026-04-04T19:13:55.317+0000] {processor.py:183} INFO - Processing /opt/airflow/dags/tmdb_pipeline_to_stage.py took 0.119 seconds
[2026-04-04T19:14:25.818+0000] {processor.py:161} INFO - Started process (PID=22593) to work on /opt/airflow/dags/tmdb_pipeline_to_stage.py
[2026-04-04T19:14:25.822+0000] {processor.py:830} INFO - Processing file /opt/airflow/dags/tmdb_pipeline_to_stage.py for tasks to queue
[2026-04-04T19:14:25.824+0000] {logging_mixin.py:188} INFO - [2026-04-04T19:14:25.823+0000] {dagbag.py:545} INFO - Filling up the DagBag from /opt/airflow/dags/tmdb_pipeline_to_stage.py
[2026-04-04T19:14:25.860+0000] {processor.py:840} INFO - DAG(s) 'tmdb_stage_pipeline' retrieved from /opt/airflow/dags/tmdb_pipeline_to_stage.py
[2026-04-04T19:14:25.909+0000] {logging_mixin.py:188} INFO - [2026-04-04T19:14:25.908+0000] {dag.py:3096} INFO - Sync 1 DAGs
[2026-04-04T19:14:25.929+0000] {logging_mixin.py:188} INFO - [2026-04-04T19:14:25.929+0000] {dag.py:3954} INFO - Setting next_dagrun for tmdb_stage_pipeline to None, run_after=None
[2026-04-04T19:14:25.948+0000] {processor.py:183} INFO - Processing /opt/airflow/dags/tmdb_pipeline_to_stage.py took 0.158 seconds
[2026-04-04T19:14:56.445+0000] {processor.py:161} INFO - Started process (PID=22613) to work on /opt/airflow/dags/tmdb_pipeline_to_stage.py
[2026-04-04T19:14:56.450+0000] {processor.py:830} INFO - Processing file /opt/airflow/dags/tmdb_pipeline_to_stage.py for tasks to queue
[2026-04-04T19:14:56.451+0000] {logging_mixin.py:188} INFO - [2026-04-04T19:14:56.450+0000] {dagbag.py:545} INFO - Filling up the DagBag from /opt/airflow/dags/tmdb_pipeline_to_stage.py
[2026-04-04T19:14:56.470+0000] {processor.py:840} INFO - DAG(s) 'tmdb_stage_pipeline' retrieved from /opt/airflow/dags/tmdb_pipeline_to_stage.py
[2026-04-04T19:14:56.537+0000] {logging_mixin.py:188} INFO - [2026-04-04T19:14:56.537+0000] {dag.py:3096} INFO - Sync 1 DAGs
[2026-04-04T19:14:56.558+0000] {logging_mixin.py:188} INFO - [2026-04-04T19:14:56.557+0000] {dag.py:3954} INFO - Setting next_dagrun for tmdb_stage_pipeline to None, run_after=None
[2026-04-04T19:14:56.579+0000] {processor.py:183} INFO - Processing /opt/airflow/dags/tmdb_pipeline_to_stage.py took 0.148 seconds
[2026-04-04T19:15:27.034+0000] {processor.py:161} INFO - Started process (PID=22633) to work on /opt/airflow/dags/tmdb_pipeline_to_stage.py
[2026-04-04T19:15:27.038+0000] {processor.py:830} INFO - Processing file /opt/airflow/dags/tmdb_pipeline_to_stage.py for tasks to queue
[2026-04-04T19:15:27.039+0000] {logging_mixin.py:188} INFO - [2026-04-04T19:15:27.039+0000] {dagbag.py:545} INFO - Filling up the DagBag from /opt/airflow/dags/tmdb_pipeline_to_stage.py
[2026-04-04T19:15:27.064+0000] {processor.py:840} INFO - DAG(s) 'tmdb_stage_pipeline' retrieved from /opt/airflow/dags/tmdb_pipeline_to_stage.py
[2026-04-04T19:15:27.144+0000] {logging_mixin.py:188} INFO - [2026-04-04T19:15:27.144+0000] {dag.py:3096} INFO - Sync 1 DAGs
[2026-04-04T19:15:27.164+0000] {logging_mixin.py:188} INFO - [2026-04-04T19:15:27.164+0000] {dag.py:3954} INFO - Setting next_dagrun for tmdb_stage_pipeline to None, run_after=None
[2026-04-04T19:15:27.179+0000] {processor.py:183} INFO - Processing /opt/airflow/dags/tmdb_pipeline_to_stage.py took 0.159 seconds
[2026-04-04T19:15:57.668+0000] {processor.py:161} INFO - Started process (PID=22653) to work on /opt/airflow/dags/tmdb_pipeline_to_stage.py
[2026-04-04T19:15:57.671+0000] {processor.py:830} INFO - Processing file /opt/airflow/dags/tmdb_pipeline_to_stage.py for tasks to queue
[2026-04-04T19:15:57.673+0000] {logging_mixin.py:188} INFO - [2026-04-04T19:15:57.672+0000] {dagbag.py:545} INFO - Filling up the DagBag from /opt/airflow/dags/tmdb_pipeline_to_stage.py
[2026-04-04T19:15:57.696+0000] {processor.py:840} INFO - DAG(s) 'tmdb_stage_pipeline' retrieved from /opt/airflow/dags/tmdb_pipeline_to_stage.py
[2026-04-04T19:15:57.737+0000] {logging_mixin.py:188} INFO - [2026-04-04T19:15:57.737+0000] {dag.py:3096} INFO - Sync 1 DAGs
[2026-04-04T19:15:57.763+0000] {logging_mixin.py:188} INFO - [2026-04-04T19:15:57.763+0000] {dag.py:3954} INFO - Setting next_dagrun for tmdb_stage_pipeline to None, run_after=None
[2026-04-04T19:15:57.786+0000] {processor.py:183} INFO - Processing /opt/airflow/dags/tmdb_pipeline_to_stage.py took 0.137 seconds
[2026-04-04T19:16:28.207+0000] {processor.py:161} INFO - Started process (PID=22673) to work on /opt/airflow/dags/tmdb_pipeline_to_stage.py
[2026-04-04T19:16:28.211+0000] {processor.py:830} INFO - Processing file /opt/airflow/dags/tmdb_pipeline_to_stage.py for tasks to queue
[2026-04-04T19:16:28.213+0000] {logging_mixin.py:188} INFO - [2026-04-04T19:16:28.212+0000] {dagbag.py:545} INFO - Filling up the DagBag from /opt/airflow/dags/tmdb_pipeline_to_stage.py
[2026-04-04T19:16:28.233+0000] {processor.py:840} INFO - DAG(s) 'tmdb_stage_pipeline' retrieved from /opt/airflow/dags/tmdb_pipeline_to_stage.py
[2026-04-04T19:16:28.282+0000] {logging_mixin.py:188} INFO - [2026-04-04T19:16:28.281+0000] {dag.py:3096} INFO - Sync 1 DAGs
[2026-04-04T19:16:28.302+0000] {logging_mixin.py:188} INFO - [2026-04-04T19:16:28.301+0000] {dag.py:3954} INFO - Setting next_dagrun for tmdb_stage_pipeline to None, run_after=None
[2026-04-04T19:16:28.321+0000] {processor.py:183} INFO - Processing /opt/airflow/dags/tmdb_pipeline_to_stage.py took 0.127 seconds
[2026-04-04T19:16:58.710+0000] {processor.py:161} INFO - Started process (PID=22693) to work on /opt/airflow/dags/tmdb_pipeline_to_stage.py
[2026-04-04T19:16:58.714+0000] {processor.py:830} INFO - Processing file /opt/airflow/dags/tmdb_pipeline_to_stage.py for tasks to queue
[2026-04-04T19:16:58.716+0000] {logging_mixin.py:188} INFO - [2026-04-04T19:16:58.716+0000] {dagbag.py:545} INFO - Filling up the DagBag from /opt/airflow/dags/tmdb_pipeline_to_stage.py
[2026-04-04T19:16:58.734+0000] {processor.py:840} INFO - DAG(s) 'tmdb_stage_pipeline' retrieved from /opt/airflow/dags/tmdb_pipeline_to_stage.py
[2026-04-04T19:16:58.778+0000] {logging_mixin.py:188} INFO - [2026-04-04T19:16:58.778+0000] {dag.py:3096} INFO - Sync 1 DAGs
[2026-04-04T19:16:58.884+0000] {logging_mixin.py:188} INFO - [2026-04-04T19:16:58.884+0000] {dag.py:3954} INFO - Setting next_dagrun for tmdb_stage_pipeline to None, run_after=None
[2026-04-04T19:16:58.913+0000] {processor.py:183} INFO - Processing /opt/airflow/dags/tmdb_pipeline_to_stage.py took 0.219 seconds
[2026-04-04T19:17:29.545+0000] {processor.py:161} INFO - Started process (PID=22713) to work on /opt/airflow/dags/tmdb_pipeline_to_stage.py
[2026-04-04T19:17:29.550+0000] {processor.py:830} INFO - Processing file /opt/airflow/dags/tmdb_pipeline_to_stage.py for tasks to queue
[2026-04-04T19:17:29.552+0000] {logging_mixin.py:188} INFO - [2026-04-04T19:17:29.552+0000] {dagbag.py:545} INFO - Filling up the DagBag from /opt/airflow/dags/tmdb_pipeline_to_stage.py
[2026-04-04T19:17:29.582+0000] {processor.py:840} INFO - DAG(s) 'tmdb_stage_pipeline' retrieved from /opt/airflow/dags/tmdb_pipeline_to_stage.py
[2026-04-04T19:17:29.641+0000] {logging_mixin.py:188} INFO - [2026-04-04T19:17:29.641+0000] {dag.py:3096} INFO - Sync 1 DAGs
[2026-04-04T19:17:29.661+0000] {logging_mixin.py:188} INFO - [2026-04-04T19:17:29.661+0000] {dag.py:3954} INFO - Setting next_dagrun for tmdb_stage_pipeline to None, run_after=None
[2026-04-04T19:17:29.680+0000] {processor.py:183} INFO - Processing /opt/airflow/dags/tmdb_pipeline_to_stage.py took 0.225 seconds
[2026-04-04T19:18:00.084+0000] {processor.py:161} INFO - Started process (PID=22733) to work on /opt/airflow/dags/tmdb_pipeline_to_stage.py
[2026-04-04T19:18:00.088+0000] {processor.py:830} INFO - Processing file /opt/airflow/dags/tmdb_pipeline_to_stage.py for tasks to queue
[2026-04-04T19:18:00.091+0000] {logging_mixin.py:188} INFO - [2026-04-04T19:18:00.091+0000] {dagbag.py:545} INFO - Filling up the DagBag from /opt/airflow/dags/tmdb_pipeline_to_stage.py
[2026-04-04T19:18:00.130+0000] {processor.py:840} INFO - DAG(s) 'tmdb_stage_pipeline' retrieved from /opt/airflow/dags/tmdb_pipeline_to_stage.py
[2026-04-04T19:18:00.235+0000] {logging_mixin.py:188} INFO - [2026-04-04T19:18:00.234+0000] {dag.py:3096} INFO - Sync 1 DAGs
[2026-04-04T19:18:00.263+0000] {logging_mixin.py:188} INFO - [2026-04-04T19:18:00.263+0000] {dag.py:3954} INFO - Setting next_dagrun for tmdb_stage_pipeline to None, run_after=None
[2026-04-04T19:18:00.285+0000] {processor.py:183} INFO - Processing /opt/airflow/dags/tmdb_pipeline_to_stage.py took 0.219 seconds
[2026-04-04T19:18:30.719+0000] {processor.py:161} INFO - Started process (PID=22753) to work on /opt/airflow/dags/tmdb_pipeline_to_stage.py
[2026-04-04T19:18:30.721+0000] {processor.py:830} INFO - Processing file /opt/airflow/dags/tmdb_pipeline_to_stage.py for tasks to queue
[2026-04-04T19:18:30.723+0000] {logging_mixin.py:188} INFO - [2026-04-04T19:18:30.723+0000] {dagbag.py:545} INFO - Filling up the DagBag from /opt/airflow/dags/tmdb_pipeline_to_stage.py
[2026-04-04T19:18:30.733+0000] {processor.py:840} INFO - DAG(s) 'tmdb_stage_pipeline' retrieved from /opt/airflow/dags/tmdb_pipeline_to_stage.py
[2026-04-04T19:18:30.758+0000] {logging_mixin.py:188} INFO - [2026-04-04T19:18:30.758+0000] {dag.py:3096} INFO - Sync 1 DAGs
[2026-04-04T19:18:30.775+0000] {logging_mixin.py:188} INFO - [2026-04-04T19:18:30.775+0000] {dag.py:3954} INFO - Setting next_dagrun for tmdb_stage_pipeline to None, run_after=None
[2026-04-04T19:18:30.790+0000] {processor.py:183} INFO - Processing /opt/airflow/dags/tmdb_pipeline_to_stage.py took 0.084 seconds
[2026-04-04T19:19:01.319+0000] {processor.py:161} INFO - Started process (PID=22773) to work on /opt/airflow/dags/tmdb_pipeline_to_stage.py
[2026-04-04T19:19:01.334+0000] {processor.py:830} INFO - Processing file /opt/airflow/dags/tmdb_pipeline_to_stage.py for tasks to queue
[2026-04-04T19:19:01.336+0000] {logging_mixin.py:188} INFO - [2026-04-04T19:19:01.335+0000] {dagbag.py:545} INFO - Filling up the DagBag from /opt/airflow/dags/tmdb_pipeline_to_stage.py
[2026-04-04T19:19:01.356+0000] {processor.py:840} INFO - DAG(s) 'tmdb_stage_pipeline' retrieved from /opt/airflow/dags/tmdb_pipeline_to_stage.py
[2026-04-04T19:19:01.423+0000] {logging_mixin.py:188} INFO - [2026-04-04T19:19:01.423+0000] {dag.py:3096} INFO - Sync 1 DAGs
[2026-04-04T19:19:01.447+0000] {logging_mixin.py:188} INFO - [2026-04-04T19:19:01.446+0000] {dag.py:3954} INFO - Setting next_dagrun for tmdb_stage_pipeline to None, run_after=None
[2026-04-04T19:19:01.491+0000] {processor.py:183} INFO - Processing /opt/airflow/dags/tmdb_pipeline_to_stage.py took 0.191 seconds
[2026-04-04T19:19:32.062+0000] {processor.py:161} INFO - Started process (PID=22793) to work on /opt/airflow/dags/tmdb_pipeline_to_stage.py
[2026-04-04T19:19:32.071+0000] {processor.py:830} INFO - Processing file /opt/airflow/dags/tmdb_pipeline_to_stage.py for tasks to queue
[2026-04-04T19:19:32.077+0000] {logging_mixin.py:188} INFO - [2026-04-04T19:19:32.076+0000] {dagbag.py:545} INFO - Filling up the DagBag from /opt/airflow/dags/tmdb_pipeline_to_stage.py
[2026-04-04T19:19:32.101+0000] {processor.py:840} INFO - DAG(s) 'tmdb_stage_pipeline' retrieved from /opt/airflow/dags/tmdb_pipeline_to_stage.py
[2026-04-04T19:19:32.189+0000] {logging_mixin.py:188} INFO - [2026-04-04T19:19:32.189+0000] {dag.py:3096} INFO - Sync 1 DAGs
[2026-04-04T19:19:32.215+0000] {logging_mixin.py:188} INFO - [2026-04-04T19:19:32.215+0000] {dag.py:3954} INFO - Setting next_dagrun for tmdb_stage_pipeline to None, run_after=None
[2026-04-04T19:19:32.238+0000] {processor.py:183} INFO - Processing /opt/airflow/dags/tmdb_pipeline_to_stage.py took 0.195 seconds
[2026-04-04T19:20:02.758+0000] {processor.py:161} INFO - Started process (PID=22813) to work on /opt/airflow/dags/tmdb_pipeline_to_stage.py
[2026-04-04T19:20:02.769+0000] {processor.py:830} INFO - Processing file /opt/airflow/dags/tmdb_pipeline_to_stage.py for tasks to queue
[2026-04-04T19:20:02.776+0000] {logging_mixin.py:188} INFO - [2026-04-04T19:20:02.773+0000] {dagbag.py:545} INFO - Filling up the DagBag from /opt/airflow/dags/tmdb_pipeline_to_stage.py
[2026-04-04T19:20:02.822+0000] {processor.py:840} INFO - DAG(s) 'tmdb_stage_pipeline' retrieved from /opt/airflow/dags/tmdb_pipeline_to_stage.py
[2026-04-04T19:20:02.901+0000] {logging_mixin.py:188} INFO - [2026-04-04T19:20:02.901+0000] {dag.py:3096} INFO - Sync 1 DAGs
[2026-04-04T19:20:02.921+0000] {logging_mixin.py:188} INFO - [2026-04-04T19:20:02.921+0000] {dag.py:3954} INFO - Setting next_dagrun for tmdb_stage_pipeline to None, run_after=None
[2026-04-04T19:20:02.942+0000] {processor.py:183} INFO - Processing /opt/airflow/dags/tmdb_pipeline_to_stage.py took 0.211 seconds
[2026-04-04T19:20:33.398+0000] {processor.py:161} INFO - Started process (PID=22833) to work on /opt/airflow/dags/tmdb_pipeline_to_stage.py
[2026-04-04T19:20:33.402+0000] {processor.py:830} INFO - Processing file /opt/airflow/dags/tmdb_pipeline_to_stage.py for tasks to queue
[2026-04-04T19:20:33.403+0000] {logging_mixin.py:188} INFO - [2026-04-04T19:20:33.402+0000] {dagbag.py:545} INFO - Filling up the DagBag from /opt/airflow/dags/tmdb_pipeline_to_stage.py
[2026-04-04T19:20:33.439+0000] {processor.py:840} INFO - DAG(s) 'tmdb_stage_pipeline' retrieved from /opt/airflow/dags/tmdb_pipeline_to_stage.py
[2026-04-04T19:20:33.523+0000] {logging_mixin.py:188} INFO - [2026-04-04T19:20:33.523+0000] {dag.py:3096} INFO - Sync 1 DAGs
[2026-04-04T19:20:33.538+0000] {logging_mixin.py:188} INFO - [2026-04-04T19:20:33.538+0000] {dag.py:3954} INFO - Setting next_dagrun for tmdb_stage_pipeline to None, run_after=None
[2026-04-04T19:20:33.553+0000] {processor.py:183} INFO - Processing /opt/airflow/dags/tmdb_pipeline_to_stage.py took 0.179 seconds
[2026-04-04T19:21:03.894+0000] {processor.py:161} INFO - Started process (PID=22853) to work on /opt/airflow/dags/tmdb_pipeline_to_stage.py
[2026-04-04T19:21:03.897+0000] {processor.py:830} INFO - Processing file /opt/airflow/dags/tmdb_pipeline_to_stage.py for tasks to queue
[2026-04-04T19:21:03.898+0000] {logging_mixin.py:188} INFO - [2026-04-04T19:21:03.898+0000] {dagbag.py:545} INFO - Filling up the DagBag from /opt/airflow/dags/tmdb_pipeline_to_stage.py
[2026-04-04T19:21:03.912+0000] {processor.py:840} INFO - DAG(s) 'tmdb_stage_pipeline' retrieved from /opt/airflow/dags/tmdb_pipeline_to_stage.py
[2026-04-04T19:21:03.955+0000] {logging_mixin.py:188} INFO - [2026-04-04T19:21:03.955+0000] {dag.py:3096} INFO - Sync 1 DAGs
[2026-04-04T19:21:03.968+0000] {logging_mixin.py:188} INFO - [2026-04-04T19:21:03.968+0000] {dag.py:3954} INFO - Setting next_dagrun for tmdb_stage_pipeline to None, run_after=None
[2026-04-04T19:21:03.985+0000] {processor.py:183} INFO - Processing /opt/airflow/dags/tmdb_pipeline_to_stage.py took 0.113 seconds
[2026-04-04T19:21:34.404+0000] {processor.py:161} INFO - Started process (PID=22873) to work on /opt/airflow/dags/tmdb_pipeline_to_stage.py
[2026-04-04T19:21:34.412+0000] {processor.py:830} INFO - Processing file /opt/airflow/dags/tmdb_pipeline_to_stage.py for tasks to queue
[2026-04-04T19:21:34.415+0000] {logging_mixin.py:188} INFO - [2026-04-04T19:21:34.414+0000] {dagbag.py:545} INFO - Filling up the DagBag from /opt/airflow/dags/tmdb_pipeline_to_stage.py
[2026-04-04T19:21:34.443+0000] {processor.py:840} INFO - DAG(s) 'tmdb_stage_pipeline' retrieved from /opt/airflow/dags/tmdb_pipeline_to_stage.py
[2026-04-04T19:21:34.505+0000] {logging_mixin.py:188} INFO - [2026-04-04T19:21:34.505+0000] {dag.py:3096} INFO - Sync 1 DAGs
[2026-04-04T19:21:34.522+0000] {logging_mixin.py:188} INFO - [2026-04-04T19:21:34.522+0000] {dag.py:3954} INFO - Setting next_dagrun for tmdb_stage_pipeline to None, run_after=None
[2026-04-04T19:21:34.540+0000] {processor.py:183} INFO - Processing /opt/airflow/dags/tmdb_pipeline_to_stage.py took 0.153 seconds
[2026-04-04T19:22:04.967+0000] {processor.py:161} INFO - Started process (PID=22893) to work on /opt/airflow/dags/tmdb_pipeline_to_stage.py
[2026-04-04T19:22:04.976+0000] {processor.py:830} INFO - Processing file /opt/airflow/dags/tmdb_pipeline_to_stage.py for tasks to queue
[2026-04-04T19:22:04.978+0000] {logging_mixin.py:188} INFO - [2026-04-04T19:22:04.977+0000] {dagbag.py:545} INFO - Filling up the DagBag from /opt/airflow/dags/tmdb_pipeline_to_stage.py
[2026-04-04T19:22:05.000+0000] {processor.py:840} INFO - DAG(s) 'tmdb_stage_pipeline' retrieved from /opt/airflow/dags/tmdb_pipeline_to_stage.py
[2026-04-04T19:22:05.050+0000] {logging_mixin.py:188} INFO - [2026-04-04T19:22:05.050+0000] {dag.py:3096} INFO - Sync 1 DAGs
[2026-04-04T19:22:05.072+0000] {logging_mixin.py:188} INFO - [2026-04-04T19:22:05.072+0000] {dag.py:3954} INFO - Setting next_dagrun for tmdb_stage_pipeline to None, run_after=None
[2026-04-04T19:22:05.092+0000] {processor.py:183} INFO - Processing /opt/airflow/dags/tmdb_pipeline_to_stage.py took 0.156 seconds
[2026-04-04T19:22:35.514+0000] {processor.py:161} INFO - Started process (PID=22913) to work on /opt/airflow/dags/tmdb_pipeline_to_stage.py
[2026-04-04T19:22:35.517+0000] {processor.py:830} INFO - Processing file /opt/airflow/dags/tmdb_pipeline_to_stage.py for tasks to queue
[2026-04-04T19:22:35.519+0000] {logging_mixin.py:188} INFO - [2026-04-04T19:22:35.519+0000] {dagbag.py:545} INFO - Filling up the DagBag from /opt/airflow/dags/tmdb_pipeline_to_stage.py
[2026-04-04T19:22:35.553+0000] {processor.py:840} INFO - DAG(s) 'tmdb_stage_pipeline' retrieved from /opt/airflow/dags/tmdb_pipeline_to_stage.py
[2026-04-04T19:22:35.596+0000] {logging_mixin.py:188} INFO - [2026-04-04T19:22:35.596+0000] {dag.py:3096} INFO - Sync 1 DAGs
[2026-04-04T19:22:35.625+0000] {logging_mixin.py:188} INFO - [2026-04-04T19:22:35.625+0000] {dag.py:3954} INFO - Setting next_dagrun for tmdb_stage_pipeline to None, run_after=None
[2026-04-04T19:22:35.652+0000] {processor.py:183} INFO - Processing /opt/airflow/dags/tmdb_pipeline_to_stage.py took 0.148 seconds
[2026-04-04T19:23:06.086+0000] {processor.py:161} INFO - Started process (PID=22933) to work on /opt/airflow/dags/tmdb_pipeline_to_stage.py
[2026-04-04T19:23:06.089+0000] {processor.py:830} INFO - Processing file /opt/airflow/dags/tmdb_pipeline_to_stage.py for tasks to queue
[2026-04-04T19:23:06.091+0000] {logging_mixin.py:188} INFO - [2026-04-04T19:23:06.090+0000] {dagbag.py:545} INFO - Filling up the DagBag from /opt/airflow/dags/tmdb_pipeline_to_stage.py
[2026-04-04T19:23:06.109+0000] {processor.py:840} INFO - DAG(s) 'tmdb_stage_pipeline' retrieved from /opt/airflow/dags/tmdb_pipeline_to_stage.py
[2026-04-04T19:23:06.157+0000] {logging_mixin.py:188} INFO - [2026-04-04T19:23:06.157+0000] {dag.py:3096} INFO - Sync 1 DAGs
[2026-04-04T19:23:06.170+0000] {logging_mixin.py:188} INFO - [2026-04-04T19:23:06.170+0000] {dag.py:3954} INFO - Setting next_dagrun for tmdb_stage_pipeline to None, run_after=None
[2026-04-04T19:23:06.184+0000] {processor.py:183} INFO - Processing /opt/airflow/dags/tmdb_pipeline_to_stage.py took 0.110 seconds
[2026-04-04T19:23:36.581+0000] {processor.py:161} INFO - Started process (PID=22953) to work on /opt/airflow/dags/tmdb_pipeline_to_stage.py
[2026-04-04T19:23:36.584+0000] {processor.py:830} INFO - Processing file /opt/airflow/dags/tmdb_pipeline_to_stage.py for tasks to queue
[2026-04-04T19:23:36.586+0000] {logging_mixin.py:188} INFO - [2026-04-04T19:23:36.584+0000] {dagbag.py:545} INFO - Filling up the DagBag from /opt/airflow/dags/tmdb_pipeline_to_stage.py
[2026-04-04T19:23:36.609+0000] {processor.py:840} INFO - DAG(s) 'tmdb_stage_pipeline' retrieved from /opt/airflow/dags/tmdb_pipeline_to_stage.py
[2026-04-04T19:23:36.645+0000] {logging_mixin.py:188} INFO - [2026-04-04T19:23:36.645+0000] {dag.py:3096} INFO - Sync 1 DAGs
[2026-04-04T19:23:36.669+0000] {logging_mixin.py:188} INFO - [2026-04-04T19:23:36.669+0000] {dag.py:3954} INFO - Setting next_dagrun for tmdb_stage_pipeline to None, run_after=None
[2026-04-04T19:23:36.688+0000] {processor.py:183} INFO - Processing /opt/airflow/dags/tmdb_pipeline_to_stage.py took 0.120 seconds
[2026-04-04T19:24:07.105+0000] {processor.py:161} INFO - Started process (PID=22973) to work on /opt/airflow/dags/tmdb_pipeline_to_stage.py
[2026-04-04T19:24:07.109+0000] {processor.py:830} INFO - Processing file /opt/airflow/dags/tmdb_pipeline_to_stage.py for tasks to queue
[2026-04-04T19:24:07.111+0000] {logging_mixin.py:188} INFO - [2026-04-04T19:24:07.110+0000] {dagbag.py:545} INFO - Filling up the DagBag from /opt/airflow/dags/tmdb_pipeline_to_stage.py
[2026-04-04T19:24:07.136+0000] {processor.py:840} INFO - DAG(s) 'tmdb_stage_pipeline' retrieved from /opt/airflow/dags/tmdb_pipeline_to_stage.py
[2026-04-04T19:24:07.178+0000] {logging_mixin.py:188} INFO - [2026-04-04T19:24:07.178+0000] {dag.py:3096} INFO - Sync 1 DAGs
[2026-04-04T19:24:07.199+0000] {logging_mixin.py:188} INFO - [2026-04-04T19:24:07.198+0000] {dag.py:3954} INFO - Setting next_dagrun for tmdb_stage_pipeline to None, run_after=None
[2026-04-04T19:24:07.217+0000] {processor.py:183} INFO - Processing /opt/airflow/dags/tmdb_pipeline_to_stage.py took 0.128 seconds
[2026-04-04T19:24:37.669+0000] {processor.py:161} INFO - Started process (PID=22993) to work on /opt/airflow/dags/tmdb_pipeline_to_stage.py
[2026-04-04T19:24:37.679+0000] {processor.py:830} INFO - Processing file /opt/airflow/dags/tmdb_pipeline_to_stage.py for tasks to queue
[2026-04-04T19:24:37.680+0000] {logging_mixin.py:188} INFO - [2026-04-04T19:24:37.680+0000] {dagbag.py:545} INFO - Filling up the DagBag from /opt/airflow/dags/tmdb_pipeline_to_stage.py
[2026-04-04T19:24:37.703+0000] {processor.py:840} INFO - DAG(s) 'tmdb_stage_pipeline' retrieved from /opt/airflow/dags/tmdb_pipeline_to_stage.py
[2026-04-04T19:24:37.783+0000] {logging_mixin.py:188} INFO - [2026-04-04T19:24:37.782+0000] {dag.py:3096} INFO - Sync 1 DAGs
[2026-04-04T19:24:37.804+0000] {logging_mixin.py:188} INFO - [2026-04-04T19:24:37.804+0000] {dag.py:3954} INFO - Setting next_dagrun for tmdb_stage_pipeline to None, run_after=None
[2026-04-04T19:24:37.823+0000] {processor.py:183} INFO - Processing /opt/airflow/dags/tmdb_pipeline_to_stage.py took 0.168 seconds
[2026-04-04T19:25:08.265+0000] {processor.py:161} INFO - Started process (PID=23013) to work on /opt/airflow/dags/tmdb_pipeline_to_stage.py
[2026-04-04T19:25:08.269+0000] {processor.py:830} INFO - Processing file /opt/airflow/dags/tmdb_pipeline_to_stage.py for tasks to queue
[2026-04-04T19:25:08.270+0000] {logging_mixin.py:188} INFO - [2026-04-04T19:25:08.269+0000] {dagbag.py:545} INFO - Filling up the DagBag from /opt/airflow/dags/tmdb_pipeline_to_stage.py
[2026-04-04T19:25:08.297+0000] {processor.py:840} INFO - DAG(s) 'tmdb_stage_pipeline' retrieved from /opt/airflow/dags/tmdb_pipeline_to_stage.py
[2026-04-04T19:25:08.360+0000] {logging_mixin.py:188} INFO - [2026-04-04T19:25:08.359+0000] {dag.py:3096} INFO - Sync 1 DAGs
[2026-04-04T19:25:08.381+0000] {logging_mixin.py:188} INFO - [2026-04-04T19:25:08.381+0000] {dag.py:3954} INFO - Setting next_dagrun for tmdb_stage_pipeline to None, run_after=None
[2026-04-04T19:25:08.396+0000] {processor.py:183} INFO - Processing /opt/airflow/dags/tmdb_pipeline_to_stage.py took 0.146 seconds
[2026-04-04T19:25:38.885+0000] {processor.py:161} INFO - Started process (PID=23033) to work on /opt/airflow/dags/tmdb_pipeline_to_stage.py
[2026-04-04T19:25:38.896+0000] {processor.py:830} INFO - Processing file /opt/airflow/dags/tmdb_pipeline_to_stage.py for tasks to queue
[2026-04-04T19:25:38.898+0000] {logging_mixin.py:188} INFO - [2026-04-04T19:25:38.897+0000] {dagbag.py:545} INFO - Filling up the DagBag from /opt/airflow/dags/tmdb_pipeline_to_stage.py
[2026-04-04T19:25:38.969+0000] {processor.py:840} INFO - DAG(s) 'tmdb_stage_pipeline' retrieved from /opt/airflow/dags/tmdb_pipeline_to_stage.py
[2026-04-04T19:25:39.214+0000] {logging_mixin.py:188} INFO - [2026-04-04T19:25:39.213+0000] {dag.py:3096} INFO - Sync 1 DAGs
[2026-04-04T19:25:39.502+0000] {logging_mixin.py:188} INFO - [2026-04-04T19:25:39.502+0000] {dag.py:3954} INFO - Setting next_dagrun for tmdb_stage_pipeline to None, run_after=None
[2026-04-04T19:25:39.570+0000] {processor.py:183} INFO - Processing /opt/airflow/dags/tmdb_pipeline_to_stage.py took 0.763 seconds
[2026-04-04T19:26:09.988+0000] {processor.py:161} INFO - Started process (PID=23053) to work on /opt/airflow/dags/tmdb_pipeline_to_stage.py
[2026-04-04T19:26:10.000+0000] {processor.py:830} INFO - Processing file /opt/airflow/dags/tmdb_pipeline_to_stage.py for tasks to queue
[2026-04-04T19:26:10.001+0000] {logging_mixin.py:188} INFO - [2026-04-04T19:26:10.001+0000] {dagbag.py:545} INFO - Filling up the DagBag from /opt/airflow/dags/tmdb_pipeline_to_stage.py
[2026-04-04T19:26:10.047+0000] {processor.py:840} INFO - DAG(s) 'tmdb_stage_pipeline' retrieved from /opt/airflow/dags/tmdb_pipeline_to_stage.py
[2026-04-04T19:26:10.169+0000] {logging_mixin.py:188} INFO - [2026-04-04T19:26:10.169+0000] {dag.py:3096} INFO - Sync 1 DAGs
[2026-04-04T19:26:10.177+0000] {logging_mixin.py:188} INFO - [2026-04-04T19:26:10.177+0000] {dag.py:3954} INFO - Setting next_dagrun for tmdb_stage_pipeline to None, run_after=None
[2026-04-04T19:26:10.185+0000] {processor.py:183} INFO - Processing /opt/airflow/dags/tmdb_pipeline_to_stage.py took 0.234 seconds
[2026-04-04T19:26:40.603+0000] {processor.py:161} INFO - Started process (PID=23073) to work on /opt/airflow/dags/tmdb_pipeline_to_stage.py
[2026-04-04T19:26:40.608+0000] {processor.py:830} INFO - Processing file /opt/airflow/dags/tmdb_pipeline_to_stage.py for tasks to queue
[2026-04-04T19:26:40.610+0000] {logging_mixin.py:188} INFO - [2026-04-04T19:26:40.610+0000] {dagbag.py:545} INFO - Filling up the DagBag from /opt/airflow/dags/tmdb_pipeline_to_stage.py
[2026-04-04T19:26:40.638+0000] {processor.py:840} INFO - DAG(s) 'tmdb_stage_pipeline' retrieved from /opt/airflow/dags/tmdb_pipeline_to_stage.py
[2026-04-04T19:26:40.683+0000] {logging_mixin.py:188} INFO - [2026-04-04T19:26:40.683+0000] {dag.py:3096} INFO - Sync 1 DAGs
[2026-04-04T19:26:40.716+0000] {logging_mixin.py:188} INFO - [2026-04-04T19:26:40.716+0000] {dag.py:3954} INFO - Setting next_dagrun for tmdb_stage_pipeline to None, run_after=None
[2026-04-04T19:26:40.757+0000] {processor.py:183} INFO - Processing /opt/airflow/dags/tmdb_pipeline_to_stage.py took 0.172 seconds
[2026-04-04T19:27:11.286+0000] {processor.py:161} INFO - Started process (PID=23093) to work on /opt/airflow/dags/tmdb_pipeline_to_stage.py
[2026-04-04T19:27:11.291+0000] {processor.py:830} INFO - Processing file /opt/airflow/dags/tmdb_pipeline_to_stage.py for tasks to queue
[2026-04-04T19:27:11.292+0000] {logging_mixin.py:188} INFO - [2026-04-04T19:27:11.292+0000] {dagbag.py:545} INFO - Filling up the DagBag from /opt/airflow/dags/tmdb_pipeline_to_stage.py
[2026-04-04T19:27:11.311+0000] {processor.py:840} INFO - DAG(s) 'tmdb_stage_pipeline' retrieved from /opt/airflow/dags/tmdb_pipeline_to_stage.py
[2026-04-04T19:27:11.362+0000] {logging_mixin.py:188} INFO - [2026-04-04T19:27:11.362+0000] {dag.py:3096} INFO - Sync 1 DAGs
[2026-04-04T19:27:11.388+0000] {logging_mixin.py:188} INFO - [2026-04-04T19:27:11.388+0000] {dag.py:3954} INFO - Setting next_dagrun for tmdb_stage_pipeline to None, run_after=None
[2026-04-04T19:27:11.405+0000] {processor.py:183} INFO - Processing /opt/airflow/dags/tmdb_pipeline_to_stage.py took 0.132 seconds
[2026-04-04T19:27:41.896+0000] {processor.py:161} INFO - Started process (PID=23113) to work on /opt/airflow/dags/tmdb_pipeline_to_stage.py
[2026-04-04T19:27:41.899+0000] {processor.py:830} INFO - Processing file /opt/airflow/dags/tmdb_pipeline_to_stage.py for tasks to queue
[2026-04-04T19:27:41.900+0000] {logging_mixin.py:188} INFO - [2026-04-04T19:27:41.900+0000] {dagbag.py:545} INFO - Filling up the DagBag from /opt/airflow/dags/tmdb_pipeline_to_stage.py
[2026-04-04T19:27:41.927+0000] {processor.py:840} INFO - DAG(s) 'tmdb_stage_pipeline' retrieved from /opt/airflow/dags/tmdb_pipeline_to_stage.py
[2026-04-04T19:27:41.973+0000] {logging_mixin.py:188} INFO - [2026-04-04T19:27:41.973+0000] {dag.py:3096} INFO - Sync 1 DAGs
[2026-04-04T19:27:41.999+0000] {logging_mixin.py:188} INFO - [2026-04-04T19:27:41.999+0000] {dag.py:3954} INFO - Setting next_dagrun for tmdb_stage_pipeline to None, run_after=None
[2026-04-04T19:27:42.017+0000] {processor.py:183} INFO - Processing /opt/airflow/dags/tmdb_pipeline_to_stage.py took 0.140 seconds
[2026-04-04T19:28:12.473+0000] {processor.py:161} INFO - Started process (PID=23133) to work on /opt/airflow/dags/tmdb_pipeline_to_stage.py
[2026-04-04T19:28:12.481+0000] {processor.py:830} INFO - Processing file /opt/airflow/dags/tmdb_pipeline_to_stage.py for tasks to queue
[2026-04-04T19:28:12.482+0000] {logging_mixin.py:188} INFO - [2026-04-04T19:28:12.481+0000] {dagbag.py:545} INFO - Filling up the DagBag from /opt/airflow/dags/tmdb_pipeline_to_stage.py
[2026-04-04T19:28:12.505+0000] {processor.py:840} INFO - DAG(s) 'tmdb_stage_pipeline' retrieved from /opt/airflow/dags/tmdb_pipeline_to_stage.py
[2026-04-04T19:28:12.536+0000] {logging_mixin.py:188} INFO - [2026-04-04T19:28:12.536+0000] {dag.py:3096} INFO - Sync 1 DAGs
[2026-04-04T19:28:12.552+0000] {logging_mixin.py:188} INFO - [2026-04-04T19:28:12.552+0000] {dag.py:3954} INFO - Setting next_dagrun for tmdb_stage_pipeline to None, run_after=None
[2026-04-04T19:28:12.573+0000] {processor.py:183} INFO - Processing /opt/airflow/dags/tmdb_pipeline_to_stage.py took 0.118 seconds
[2026-04-04T19:28:42.998+0000] {processor.py:161} INFO - Started process (PID=23153) to work on /opt/airflow/dags/tmdb_pipeline_to_stage.py
[2026-04-04T19:28:43.001+0000] {processor.py:830} INFO - Processing file /opt/airflow/dags/tmdb_pipeline_to_stage.py for tasks to queue
[2026-04-04T19:28:43.003+0000] {logging_mixin.py:188} INFO - [2026-04-04T19:28:43.003+0000] {dagbag.py:545} INFO - Filling up the DagBag from /opt/airflow/dags/tmdb_pipeline_to_stage.py
[2026-04-04T19:28:43.019+0000] {processor.py:840} INFO - DAG(s) 'tmdb_stage_pipeline' retrieved from /opt/airflow/dags/tmdb_pipeline_to_stage.py
[2026-04-04T19:28:43.061+0000] {logging_mixin.py:188} INFO - [2026-04-04T19:28:43.061+0000] {dag.py:3096} INFO - Sync 1 DAGs
[2026-04-04T19:28:43.078+0000] {logging_mixin.py:188} INFO - [2026-04-04T19:28:43.078+0000] {dag.py:3954} INFO - Setting next_dagrun for tmdb_stage_pipeline to None, run_after=None
[2026-04-04T19:28:43.096+0000] {processor.py:183} INFO - Processing /opt/airflow/dags/tmdb_pipeline_to_stage.py took 0.114 seconds
[2026-04-04T19:29:13.597+0000] {processor.py:161} INFO - Started process (PID=23173) to work on /opt/airflow/dags/tmdb_pipeline_to_stage.py
[2026-04-04T19:29:13.601+0000] {processor.py:830} INFO - Processing file /opt/airflow/dags/tmdb_pipeline_to_stage.py for tasks to queue
[2026-04-04T19:29:13.603+0000] {logging_mixin.py:188} INFO - [2026-04-04T19:29:13.602+0000] {dagbag.py:545} INFO - Filling up the DagBag from /opt/airflow/dags/tmdb_pipeline_to_stage.py
[2026-04-04T19:29:13.622+0000] {processor.py:840} INFO - DAG(s) 'tmdb_stage_pipeline' retrieved from /opt/airflow/dags/tmdb_pipeline_to_stage.py
[2026-04-04T19:29:13.671+0000] {logging_mixin.py:188} INFO - [2026-04-04T19:29:13.671+0000] {dag.py:3096} INFO - Sync 1 DAGs
[2026-04-04T19:29:13.687+0000] {logging_mixin.py:188} INFO - [2026-04-04T19:29:13.687+0000] {dag.py:3954} INFO - Setting next_dagrun for tmdb_stage_pipeline to None, run_after=None
[2026-04-04T19:29:13.705+0000] {processor.py:183} INFO - Processing /opt/airflow/dags/tmdb_pipeline_to_stage.py took 0.121 seconds
[2026-04-04T19:29:44.300+0000] {processor.py:161} INFO - Started process (PID=23193) to work on /opt/airflow/dags/tmdb_pipeline_to_stage.py
[2026-04-04T19:29:44.306+0000] {processor.py:830} INFO - Processing file /opt/airflow/dags/tmdb_pipeline_to_stage.py for tasks to queue
[2026-04-04T19:29:44.310+0000] {logging_mixin.py:188} INFO - [2026-04-04T19:29:44.308+0000] {dagbag.py:545} INFO - Filling up the DagBag from /opt/airflow/dags/tmdb_pipeline_to_stage.py
[2026-04-04T19:29:44.347+0000] {processor.py:840} INFO - DAG(s) 'tmdb_stage_pipeline' retrieved from /opt/airflow/dags/tmdb_pipeline_to_stage.py
[2026-04-04T19:29:44.384+0000] {logging_mixin.py:188} INFO - [2026-04-04T19:29:44.383+0000] {dag.py:3096} INFO - Sync 1 DAGs
[2026-04-04T19:29:44.411+0000] {logging_mixin.py:188} INFO - [2026-04-04T19:29:44.411+0000] {dag.py:3954} INFO - Setting next_dagrun for tmdb_stage_pipeline to None, run_after=None
[2026-04-04T19:29:44.426+0000] {processor.py:183} INFO - Processing /opt/airflow/dags/tmdb_pipeline_to_stage.py took 0.140 seconds
[2026-04-04T19:30:14.837+0000] {processor.py:161} INFO - Started process (PID=23213) to work on /opt/airflow/dags/tmdb_pipeline_to_stage.py
[2026-04-04T19:30:14.840+0000] {processor.py:830} INFO - Processing file /opt/airflow/dags/tmdb_pipeline_to_stage.py for tasks to queue
[2026-04-04T19:30:14.842+0000] {logging_mixin.py:188} INFO - [2026-04-04T19:30:14.842+0000] {dagbag.py:545} INFO - Filling up the DagBag from /opt/airflow/dags/tmdb_pipeline_to_stage.py
[2026-04-04T19:30:14.862+0000] {processor.py:840} INFO - DAG(s) 'tmdb_stage_pipeline' retrieved from /opt/airflow/dags/tmdb_pipeline_to_stage.py
[2026-04-04T19:30:14.904+0000] {logging_mixin.py:188} INFO - [2026-04-04T19:30:14.904+0000] {dag.py:3096} INFO - Sync 1 DAGs
[2026-04-04T19:30:14.922+0000] {logging_mixin.py:188} INFO - [2026-04-04T19:30:14.922+0000] {dag.py:3954} INFO - Setting next_dagrun for tmdb_stage_pipeline to None, run_after=None
[2026-04-04T19:30:14.943+0000] {processor.py:183} INFO - Processing /opt/airflow/dags/tmdb_pipeline_to_stage.py took 0.120 seconds
[2026-04-04T19:30:45.354+0000] {processor.py:161} INFO - Started process (PID=23233) to work on /opt/airflow/dags/tmdb_pipeline_to_stage.py
[2026-04-04T19:30:45.357+0000] {processor.py:830} INFO - Processing file /opt/airflow/dags/tmdb_pipeline_to_stage.py for tasks to queue
[2026-04-04T19:30:45.360+0000] {logging_mixin.py:188} INFO - [2026-04-04T19:30:45.359+0000] {dagbag.py:545} INFO - Filling up the DagBag from /opt/airflow/dags/tmdb_pipeline_to_stage.py
[2026-04-04T19:30:45.381+0000] {processor.py:840} INFO - DAG(s) 'tmdb_stage_pipeline' retrieved from /opt/airflow/dags/tmdb_pipeline_to_stage.py
[2026-04-04T19:30:45.426+0000] {logging_mixin.py:188} INFO - [2026-04-04T19:30:45.426+0000] {dag.py:3096} INFO - Sync 1 DAGs
[2026-04-04T19:30:45.444+0000] {logging_mixin.py:188} INFO - [2026-04-04T19:30:45.444+0000] {dag.py:3954} INFO - Setting next_dagrun for tmdb_stage_pipeline to None, run_after=None
[2026-04-04T19:30:45.467+0000] {processor.py:183} INFO - Processing /opt/airflow/dags/tmdb_pipeline_to_stage.py took 0.124 seconds
[2026-04-04T19:31:15.938+0000] {processor.py:161} INFO - Started process (PID=23253) to work on /opt/airflow/dags/tmdb_pipeline_to_stage.py
[2026-04-04T19:31:15.943+0000] {processor.py:830} INFO - Processing file /opt/airflow/dags/tmdb_pipeline_to_stage.py for tasks to queue
[2026-04-04T19:31:15.944+0000] {logging_mixin.py:188} INFO - [2026-04-04T19:31:15.944+0000] {dagbag.py:545} INFO - Filling up the DagBag from /opt/airflow/dags/tmdb_pipeline_to_stage.py
[2026-04-04T19:31:15.980+0000] {processor.py:840} INFO - DAG(s) 'tmdb_stage_pipeline' retrieved from /opt/airflow/dags/tmdb_pipeline_to_stage.py
[2026-04-04T19:31:16.052+0000] {logging_mixin.py:188} INFO - [2026-04-04T19:31:16.051+0000] {dag.py:3096} INFO - Sync 1 DAGs
[2026-04-04T19:31:16.082+0000] {logging_mixin.py:188} INFO - [2026-04-04T19:31:16.082+0000] {dag.py:3954} INFO - Setting next_dagrun for tmdb_stage_pipeline to None, run_after=None
[2026-04-04T19:31:16.104+0000] {processor.py:183} INFO - Processing /opt/airflow/dags/tmdb_pipeline_to_stage.py took 0.187 seconds
[2026-04-04T19:31:46.717+0000] {processor.py:161} INFO - Started process (PID=23273) to work on /opt/airflow/dags/tmdb_pipeline_to_stage.py
[2026-04-04T19:31:46.732+0000] {processor.py:830} INFO - Processing file /opt/airflow/dags/tmdb_pipeline_to_stage.py for tasks to queue
[2026-04-04T19:31:46.740+0000] {logging_mixin.py:188} INFO - [2026-04-04T19:31:46.738+0000] {dagbag.py:545} INFO - Filling up the DagBag from /opt/airflow/dags/tmdb_pipeline_to_stage.py
[2026-04-04T19:31:46.877+0000] {processor.py:840} INFO - DAG(s) 'tmdb_stage_pipeline' retrieved from /opt/airflow/dags/tmdb_pipeline_to_stage.py
[2026-04-04T19:31:47.153+0000] {logging_mixin.py:188} INFO - [2026-04-04T19:31:47.153+0000] {dag.py:3096} INFO - Sync 1 DAGs
[2026-04-04T19:31:47.200+0000] {logging_mixin.py:188} INFO - [2026-04-04T19:31:47.200+0000] {dag.py:3954} INFO - Setting next_dagrun for tmdb_stage_pipeline to None, run_after=None
[2026-04-04T19:31:47.269+0000] {processor.py:183} INFO - Processing /opt/airflow/dags/tmdb_pipeline_to_stage.py took 0.603 seconds
[2026-04-04T19:32:17.705+0000] {processor.py:161} INFO - Started process (PID=23293) to work on /opt/airflow/dags/tmdb_pipeline_to_stage.py
[2026-04-04T19:32:17.710+0000] {processor.py:830} INFO - Processing file /opt/airflow/dags/tmdb_pipeline_to_stage.py for tasks to queue
[2026-04-04T19:32:17.712+0000] {logging_mixin.py:188} INFO - [2026-04-04T19:32:17.711+0000] {dagbag.py:545} INFO - Filling up the DagBag from /opt/airflow/dags/tmdb_pipeline_to_stage.py
[2026-04-04T19:32:17.754+0000] {processor.py:840} INFO - DAG(s) 'tmdb_stage_pipeline' retrieved from /opt/airflow/dags/tmdb_pipeline_to_stage.py
[2026-04-04T19:32:17.943+0000] {logging_mixin.py:188} INFO - [2026-04-04T19:32:17.942+0000] {dag.py:3096} INFO - Sync 1 DAGs
[2026-04-04T19:32:18.046+0000] {logging_mixin.py:188} INFO - [2026-04-04T19:32:18.046+0000] {dag.py:3954} INFO - Setting next_dagrun for tmdb_stage_pipeline to None, run_after=None
[2026-04-04T19:32:18.135+0000] {processor.py:183} INFO - Processing /opt/airflow/dags/tmdb_pipeline_to_stage.py took 0.451 seconds
[2026-04-04T19:32:49.020+0000] {processor.py:161} INFO - Started process (PID=23313) to work on /opt/airflow/dags/tmdb_pipeline_to_stage.py
[2026-04-04T19:32:49.025+0000] {processor.py:830} INFO - Processing file /opt/airflow/dags/tmdb_pipeline_to_stage.py for tasks to queue
[2026-04-04T19:32:49.029+0000] {logging_mixin.py:188} INFO - [2026-04-04T19:32:49.027+0000] {dagbag.py:545} INFO - Filling up the DagBag from /opt/airflow/dags/tmdb_pipeline_to_stage.py
[2026-04-04T19:32:49.083+0000] {processor.py:840} INFO - DAG(s) 'tmdb_stage_pipeline' retrieved from /opt/airflow/dags/tmdb_pipeline_to_stage.py
[2026-04-04T19:32:49.148+0000] {logging_mixin.py:188} INFO - [2026-04-04T19:32:49.148+0000] {dag.py:3096} INFO - Sync 1 DAGs
[2026-04-04T19:32:49.181+0000] {logging_mixin.py:188} INFO - [2026-04-04T19:32:49.181+0000] {dag.py:3954} INFO - Setting next_dagrun for tmdb_stage_pipeline to None, run_after=None
[2026-04-04T19:32:49.206+0000] {processor.py:183} INFO - Processing /opt/airflow/dags/tmdb_pipeline_to_stage.py took 0.219 seconds
[2026-04-04T19:33:19.702+0000] {processor.py:161} INFO - Started process (PID=23333) to work on /opt/airflow/dags/tmdb_pipeline_to_stage.py
[2026-04-04T19:33:19.718+0000] {processor.py:830} INFO - Processing file /opt/airflow/dags/tmdb_pipeline_to_stage.py for tasks to queue
[2026-04-04T19:33:19.723+0000] {logging_mixin.py:188} INFO - [2026-04-04T19:33:19.722+0000] {dagbag.py:545} INFO - Filling up the DagBag from /opt/airflow/dags/tmdb_pipeline_to_stage.py
[2026-04-04T19:33:19.748+0000] {processor.py:840} INFO - DAG(s) 'tmdb_stage_pipeline' retrieved from /opt/airflow/dags/tmdb_pipeline_to_stage.py
[2026-04-04T19:33:19.838+0000] {logging_mixin.py:188} INFO - [2026-04-04T19:33:19.838+0000] {dag.py:3096} INFO - Sync 1 DAGs
[2026-04-04T19:33:19.883+0000] {logging_mixin.py:188} INFO - [2026-04-04T19:33:19.882+0000] {dag.py:3954} INFO - Setting next_dagrun for tmdb_stage_pipeline to None, run_after=None
[2026-04-04T19:33:19.913+0000] {processor.py:183} INFO - Processing /opt/airflow/dags/tmdb_pipeline_to_stage.py took 0.247 seconds
[2026-04-04T19:33:50.340+0000] {processor.py:161} INFO - Started process (PID=23353) to work on /opt/airflow/dags/tmdb_pipeline_to_stage.py
[2026-04-04T19:33:50.342+0000] {processor.py:830} INFO - Processing file /opt/airflow/dags/tmdb_pipeline_to_stage.py for tasks to queue
[2026-04-04T19:33:50.343+0000] {logging_mixin.py:188} INFO - [2026-04-04T19:33:50.343+0000] {dagbag.py:545} INFO - Filling up the DagBag from /opt/airflow/dags/tmdb_pipeline_to_stage.py
[2026-04-04T19:33:50.360+0000] {processor.py:840} INFO - DAG(s) 'tmdb_stage_pipeline' retrieved from /opt/airflow/dags/tmdb_pipeline_to_stage.py
[2026-04-04T19:33:50.404+0000] {logging_mixin.py:188} INFO - [2026-04-04T19:33:50.404+0000] {dag.py:3096} INFO - Sync 1 DAGs
[2026-04-04T19:33:50.431+0000] {logging_mixin.py:188} INFO - [2026-04-04T19:33:50.431+0000] {dag.py:3954} INFO - Setting next_dagrun for tmdb_stage_pipeline to None, run_after=None
[2026-04-04T19:33:50.455+0000] {processor.py:183} INFO - Processing /opt/airflow/dags/tmdb_pipeline_to_stage.py took 0.126 seconds
[2026-04-04T19:34:20.933+0000] {processor.py:161} INFO - Started process (PID=23373) to work on /opt/airflow/dags/tmdb_pipeline_to_stage.py
[2026-04-04T19:34:20.936+0000] {processor.py:830} INFO - Processing file /opt/airflow/dags/tmdb_pipeline_to_stage.py for tasks to queue
[2026-04-04T19:34:20.937+0000] {logging_mixin.py:188} INFO - [2026-04-04T19:34:20.937+0000] {dagbag.py:545} INFO - Filling up the DagBag from /opt/airflow/dags/tmdb_pipeline_to_stage.py
[2026-04-04T19:34:20.957+0000] {processor.py:840} INFO - DAG(s) 'tmdb_stage_pipeline' retrieved from /opt/airflow/dags/tmdb_pipeline_to_stage.py
[2026-04-04T19:34:21.003+0000] {logging_mixin.py:188} INFO - [2026-04-04T19:34:21.002+0000] {dag.py:3096} INFO - Sync 1 DAGs
[2026-04-04T19:34:21.033+0000] {logging_mixin.py:188} INFO - [2026-04-04T19:34:21.032+0000] {dag.py:3954} INFO - Setting next_dagrun for tmdb_stage_pipeline to None, run_after=None
[2026-04-04T19:34:21.061+0000] {processor.py:183} INFO - Processing /opt/airflow/dags/tmdb_pipeline_to_stage.py took 0.188 seconds
[2026-04-04T19:34:51.487+0000] {processor.py:161} INFO - Started process (PID=23393) to work on /opt/airflow/dags/tmdb_pipeline_to_stage.py
[2026-04-04T19:34:51.494+0000] {processor.py:830} INFO - Processing file /opt/airflow/dags/tmdb_pipeline_to_stage.py for tasks to queue
[2026-04-04T19:34:51.495+0000] {logging_mixin.py:188} INFO - [2026-04-04T19:34:51.495+0000] {dagbag.py:545} INFO - Filling up the DagBag from /opt/airflow/dags/tmdb_pipeline_to_stage.py
[2026-04-04T19:34:51.521+0000] {processor.py:840} INFO - DAG(s) 'tmdb_stage_pipeline' retrieved from /opt/airflow/dags/tmdb_pipeline_to_stage.py
[2026-04-04T19:34:51.568+0000] {logging_mixin.py:188} INFO - [2026-04-04T19:34:51.568+0000] {dag.py:3096} INFO - Sync 1 DAGs
[2026-04-04T19:34:51.586+0000] {logging_mixin.py:188} INFO - [2026-04-04T19:34:51.586+0000] {dag.py:3954} INFO - Setting next_dagrun for tmdb_stage_pipeline to None, run_after=None
[2026-04-04T19:34:51.605+0000] {processor.py:183} INFO - Processing /opt/airflow/dags/tmdb_pipeline_to_stage.py took 0.155 seconds
[2026-04-04T19:35:21.954+0000] {processor.py:161} INFO - Started process (PID=23413) to work on /opt/airflow/dags/tmdb_pipeline_to_stage.py
[2026-04-04T19:35:21.963+0000] {processor.py:830} INFO - Processing file /opt/airflow/dags/tmdb_pipeline_to_stage.py for tasks to queue
[2026-04-04T19:35:21.968+0000] {logging_mixin.py:188} INFO - [2026-04-04T19:35:21.966+0000] {dagbag.py:545} INFO - Filling up the DagBag from /opt/airflow/dags/tmdb_pipeline_to_stage.py
[2026-04-04T19:35:21.995+0000] {processor.py:840} INFO - DAG(s) 'tmdb_stage_pipeline' retrieved from /opt/airflow/dags/tmdb_pipeline_to_stage.py
[2026-04-04T19:35:22.043+0000] {logging_mixin.py:188} INFO - [2026-04-04T19:35:22.043+0000] {dag.py:3096} INFO - Sync 1 DAGs
[2026-04-04T19:35:22.064+0000] {logging_mixin.py:188} INFO - [2026-04-04T19:35:22.063+0000] {dag.py:3954} INFO - Setting next_dagrun for tmdb_stage_pipeline to None, run_after=None
[2026-04-04T19:35:22.086+0000] {processor.py:183} INFO - Processing /opt/airflow/dags/tmdb_pipeline_to_stage.py took 0.144 seconds
[2026-04-04T19:35:52.509+0000] {processor.py:161} INFO - Started process (PID=23433) to work on /opt/airflow/dags/tmdb_pipeline_to_stage.py
[2026-04-04T19:35:52.513+0000] {processor.py:830} INFO - Processing file /opt/airflow/dags/tmdb_pipeline_to_stage.py for tasks to queue
[2026-04-04T19:35:52.515+0000] {logging_mixin.py:188} INFO - [2026-04-04T19:35:52.514+0000] {dagbag.py:545} INFO - Filling up the DagBag from /opt/airflow/dags/tmdb_pipeline_to_stage.py
[2026-04-04T19:35:52.537+0000] {processor.py:840} INFO - DAG(s) 'tmdb_stage_pipeline' retrieved from /opt/airflow/dags/tmdb_pipeline_to_stage.py
[2026-04-04T19:35:52.585+0000] {logging_mixin.py:188} INFO - [2026-04-04T19:35:52.585+0000] {dag.py:3096} INFO - Sync 1 DAGs
[2026-04-04T19:35:52.607+0000] {logging_mixin.py:188} INFO - [2026-04-04T19:35:52.606+0000] {dag.py:3954} INFO - Setting next_dagrun for tmdb_stage_pipeline to None, run_after=None
[2026-04-04T19:35:52.622+0000] {processor.py:183} INFO - Processing /opt/airflow/dags/tmdb_pipeline_to_stage.py took 0.154 seconds
[2026-04-04T19:36:23.040+0000] {processor.py:161} INFO - Started process (PID=23453) to work on /opt/airflow/dags/tmdb_pipeline_to_stage.py
[2026-04-04T19:36:23.044+0000] {processor.py:830} INFO - Processing file /opt/airflow/dags/tmdb_pipeline_to_stage.py for tasks to queue
[2026-04-04T19:36:23.050+0000] {logging_mixin.py:188} INFO - [2026-04-04T19:36:23.046+0000] {dagbag.py:545} INFO - Filling up the DagBag from /opt/airflow/dags/tmdb_pipeline_to_stage.py
[2026-04-04T19:36:23.069+0000] {processor.py:840} INFO - DAG(s) 'tmdb_stage_pipeline' retrieved from /opt/airflow/dags/tmdb_pipeline_to_stage.py
[2026-04-04T19:36:23.112+0000] {logging_mixin.py:188} INFO - [2026-04-04T19:36:23.112+0000] {dag.py:3096} INFO - Sync 1 DAGs
[2026-04-04T19:36:23.132+0000] {logging_mixin.py:188} INFO - [2026-04-04T19:36:23.131+0000] {dag.py:3954} INFO - Setting next_dagrun for tmdb_stage_pipeline to None, run_after=None
[2026-04-04T19:36:23.158+0000] {processor.py:183} INFO - Processing /opt/airflow/dags/tmdb_pipeline_to_stage.py took 0.137 seconds
[2026-04-04T19:36:53.520+0000] {processor.py:161} INFO - Started process (PID=23473) to work on /opt/airflow/dags/tmdb_pipeline_to_stage.py
[2026-04-04T19:36:53.524+0000] {processor.py:830} INFO - Processing file /opt/airflow/dags/tmdb_pipeline_to_stage.py for tasks to queue
[2026-04-04T19:36:53.526+0000] {logging_mixin.py:188} INFO - [2026-04-04T19:36:53.526+0000] {dagbag.py:545} INFO - Filling up the DagBag from /opt/airflow/dags/tmdb_pipeline_to_stage.py
[2026-04-04T19:36:53.542+0000] {processor.py:840} INFO - DAG(s) 'tmdb_stage_pipeline' retrieved from /opt/airflow/dags/tmdb_pipeline_to_stage.py
[2026-04-04T19:36:53.584+0000] {logging_mixin.py:188} INFO - [2026-04-04T19:36:53.584+0000] {dag.py:3096} INFO - Sync 1 DAGs
[2026-04-04T19:36:53.602+0000] {logging_mixin.py:188} INFO - [2026-04-04T19:36:53.602+0000] {dag.py:3954} INFO - Setting next_dagrun for tmdb_stage_pipeline to None, run_after=None
[2026-04-04T19:36:53.619+0000] {processor.py:183} INFO - Processing /opt/airflow/dags/tmdb_pipeline_to_stage.py took 0.111 seconds
[2026-04-04T19:37:24.093+0000] {processor.py:161} INFO - Started process (PID=23493) to work on /opt/airflow/dags/tmdb_pipeline_to_stage.py
[2026-04-04T19:37:24.108+0000] {processor.py:830} INFO - Processing file /opt/airflow/dags/tmdb_pipeline_to_stage.py for tasks to queue
[2026-04-04T19:37:24.110+0000] {logging_mixin.py:188} INFO - [2026-04-04T19:37:24.110+0000] {dagbag.py:545} INFO - Filling up the DagBag from /opt/airflow/dags/tmdb_pipeline_to_stage.py
[2026-04-04T19:37:24.159+0000] {processor.py:840} INFO - DAG(s) 'tmdb_stage_pipeline' retrieved from /opt/airflow/dags/tmdb_pipeline_to_stage.py
[2026-04-04T19:37:24.222+0000] {logging_mixin.py:188} INFO - [2026-04-04T19:37:24.221+0000] {dag.py:3096} INFO - Sync 1 DAGs
[2026-04-04T19:37:24.254+0000] {logging_mixin.py:188} INFO - [2026-04-04T19:37:24.254+0000] {dag.py:3954} INFO - Setting next_dagrun for tmdb_stage_pipeline to None, run_after=None
[2026-04-04T19:37:24.273+0000] {processor.py:183} INFO - Processing /opt/airflow/dags/tmdb_pipeline_to_stage.py took 0.198 seconds
[2026-04-04T19:37:54.728+0000] {processor.py:161} INFO - Started process (PID=23513) to work on /opt/airflow/dags/tmdb_pipeline_to_stage.py
[2026-04-04T19:37:54.731+0000] {processor.py:830} INFO - Processing file /opt/airflow/dags/tmdb_pipeline_to_stage.py for tasks to queue
[2026-04-04T19:37:54.733+0000] {logging_mixin.py:188} INFO - [2026-04-04T19:37:54.733+0000] {dagbag.py:545} INFO - Filling up the DagBag from /opt/airflow/dags/tmdb_pipeline_to_stage.py
[2026-04-04T19:37:54.753+0000] {processor.py:840} INFO - DAG(s) 'tmdb_stage_pipeline' retrieved from /opt/airflow/dags/tmdb_pipeline_to_stage.py
[2026-04-04T19:37:54.806+0000] {logging_mixin.py:188} INFO - [2026-04-04T19:37:54.806+0000] {dag.py:3096} INFO - Sync 1 DAGs
[2026-04-04T19:37:54.838+0000] {logging_mixin.py:188} INFO - [2026-04-04T19:37:54.838+0000] {dag.py:3954} INFO - Setting next_dagrun for tmdb_stage_pipeline to None, run_after=None
[2026-04-04T19:37:54.860+0000] {processor.py:183} INFO - Processing /opt/airflow/dags/tmdb_pipeline_to_stage.py took 0.142 seconds
[2026-04-04T19:38:25.270+0000] {processor.py:161} INFO - Started process (PID=23533) to work on /opt/airflow/dags/tmdb_pipeline_to_stage.py
[2026-04-04T19:38:25.281+0000] {processor.py:830} INFO - Processing file /opt/airflow/dags/tmdb_pipeline_to_stage.py for tasks to queue
[2026-04-04T19:38:25.283+0000] {logging_mixin.py:188} INFO - [2026-04-04T19:38:25.283+0000] {dagbag.py:545} INFO - Filling up the DagBag from /opt/airflow/dags/tmdb_pipeline_to_stage.py
[2026-04-04T19:38:25.299+0000] {processor.py:840} INFO - DAG(s) 'tmdb_stage_pipeline' retrieved from /opt/airflow/dags/tmdb_pipeline_to_stage.py
[2026-04-04T19:38:25.326+0000] {logging_mixin.py:188} INFO - [2026-04-04T19:38:25.325+0000] {dag.py:3096} INFO - Sync 1 DAGs
[2026-04-04T19:38:25.341+0000] {logging_mixin.py:188} INFO - [2026-04-04T19:38:25.341+0000] {dag.py:3954} INFO - Setting next_dagrun for tmdb_stage_pipeline to None, run_after=None
[2026-04-04T19:38:25.355+0000] {processor.py:183} INFO - Processing /opt/airflow/dags/tmdb_pipeline_to_stage.py took 0.099 seconds
[2026-04-04T19:38:55.816+0000] {processor.py:161} INFO - Started process (PID=23553) to work on /opt/airflow/dags/tmdb_pipeline_to_stage.py
[2026-04-04T19:38:55.820+0000] {processor.py:830} INFO - Processing file /opt/airflow/dags/tmdb_pipeline_to_stage.py for tasks to queue
[2026-04-04T19:38:55.821+0000] {logging_mixin.py:188} INFO - [2026-04-04T19:38:55.820+0000] {dagbag.py:545} INFO - Filling up the DagBag from /opt/airflow/dags/tmdb_pipeline_to_stage.py
[2026-04-04T19:38:55.844+0000] {processor.py:840} INFO - DAG(s) 'tmdb_stage_pipeline' retrieved from /opt/airflow/dags/tmdb_pipeline_to_stage.py
[2026-04-04T19:38:55.878+0000] {logging_mixin.py:188} INFO - [2026-04-04T19:38:55.878+0000] {dag.py:3096} INFO - Sync 1 DAGs
[2026-04-04T19:38:55.891+0000] {logging_mixin.py:188} INFO - [2026-04-04T19:38:55.891+0000] {dag.py:3954} INFO - Setting next_dagrun for tmdb_stage_pipeline to None, run_after=None
[2026-04-04T19:38:55.906+0000] {processor.py:183} INFO - Processing /opt/airflow/dags/tmdb_pipeline_to_stage.py took 0.105 seconds
[2026-04-04T19:39:26.277+0000] {processor.py:161} INFO - Started process (PID=23573) to work on /opt/airflow/dags/tmdb_pipeline_to_stage.py
[2026-04-04T19:39:26.281+0000] {processor.py:830} INFO - Processing file /opt/airflow/dags/tmdb_pipeline_to_stage.py for tasks to queue
[2026-04-04T19:39:26.284+0000] {logging_mixin.py:188} INFO - [2026-04-04T19:39:26.283+0000] {dagbag.py:545} INFO - Filling up the DagBag from /opt/airflow/dags/tmdb_pipeline_to_stage.py
[2026-04-04T19:39:26.332+0000] {processor.py:840} INFO - DAG(s) 'tmdb_stage_pipeline' retrieved from /opt/airflow/dags/tmdb_pipeline_to_stage.py
[2026-04-04T19:39:26.385+0000] {logging_mixin.py:188} INFO - [2026-04-04T19:39:26.385+0000] {dag.py:3096} INFO - Sync 1 DAGs
[2026-04-04T19:39:26.404+0000] {logging_mixin.py:188} INFO - [2026-04-04T19:39:26.404+0000] {dag.py:3954} INFO - Setting next_dagrun for tmdb_stage_pipeline to None, run_after=None
[2026-04-04T19:39:26.418+0000] {processor.py:183} INFO - Processing /opt/airflow/dags/tmdb_pipeline_to_stage.py took 0.154 seconds
[2026-04-04T19:39:56.821+0000] {processor.py:161} INFO - Started process (PID=23593) to work on /opt/airflow/dags/tmdb_pipeline_to_stage.py
[2026-04-04T19:39:56.825+0000] {processor.py:830} INFO - Processing file /opt/airflow/dags/tmdb_pipeline_to_stage.py for tasks to queue
[2026-04-04T19:39:56.829+0000] {logging_mixin.py:188} INFO - [2026-04-04T19:39:56.827+0000] {dagbag.py:545} INFO - Filling up the DagBag from /opt/airflow/dags/tmdb_pipeline_to_stage.py
[2026-04-04T19:39:56.864+0000] {processor.py:840} INFO - DAG(s) 'tmdb_stage_pipeline' retrieved from /opt/airflow/dags/tmdb_pipeline_to_stage.py
[2026-04-04T19:39:56.904+0000] {logging_mixin.py:188} INFO - [2026-04-04T19:39:56.904+0000] {dag.py:3096} INFO - Sync 1 DAGs
[2026-04-04T19:39:56.934+0000] {logging_mixin.py:188} INFO - [2026-04-04T19:39:56.934+0000] {dag.py:3954} INFO - Setting next_dagrun for tmdb_stage_pipeline to None, run_after=None
[2026-04-04T19:39:56.951+0000] {processor.py:183} INFO - Processing /opt/airflow/dags/tmdb_pipeline_to_stage.py took 0.148 seconds
[2026-04-04T19:40:27.302+0000] {processor.py:161} INFO - Started process (PID=23613) to work on /opt/airflow/dags/tmdb_pipeline_to_stage.py
[2026-04-04T19:40:27.305+0000] {processor.py:830} INFO - Processing file /opt/airflow/dags/tmdb_pipeline_to_stage.py for tasks to queue
[2026-04-04T19:40:27.307+0000] {logging_mixin.py:188} INFO - [2026-04-04T19:40:27.306+0000] {dagbag.py:545} INFO - Filling up the DagBag from /opt/airflow/dags/tmdb_pipeline_to_stage.py
[2026-04-04T19:40:27.326+0000] {processor.py:840} INFO - DAG(s) 'tmdb_stage_pipeline' retrieved from /opt/airflow/dags/tmdb_pipeline_to_stage.py
[2026-04-04T19:40:27.351+0000] {logging_mixin.py:188} INFO - [2026-04-04T19:40:27.351+0000] {dag.py:3096} INFO - Sync 1 DAGs
[2026-04-04T19:40:27.374+0000] {logging_mixin.py:188} INFO - [2026-04-04T19:40:27.374+0000] {dag.py:3954} INFO - Setting next_dagrun for tmdb_stage_pipeline to None, run_after=None
[2026-04-04T19:40:27.389+0000] {processor.py:183} INFO - Processing /opt/airflow/dags/tmdb_pipeline_to_stage.py took 0.097 seconds
[2026-04-04T19:40:57.753+0000] {processor.py:161} INFO - Started process (PID=23633) to work on /opt/airflow/dags/tmdb_pipeline_to_stage.py
[2026-04-04T19:40:57.755+0000] {processor.py:830} INFO - Processing file /opt/airflow/dags/tmdb_pipeline_to_stage.py for tasks to queue
[2026-04-04T19:40:57.756+0000] {logging_mixin.py:188} INFO - [2026-04-04T19:40:57.756+0000] {dagbag.py:545} INFO - Filling up the DagBag from /opt/airflow/dags/tmdb_pipeline_to_stage.py
[2026-04-04T19:40:57.777+0000] {processor.py:840} INFO - DAG(s) 'tmdb_stage_pipeline' retrieved from /opt/airflow/dags/tmdb_pipeline_to_stage.py
[2026-04-04T19:40:57.811+0000] {logging_mixin.py:188} INFO - [2026-04-04T19:40:57.811+0000] {dag.py:3096} INFO - Sync 1 DAGs
[2026-04-04T19:40:57.826+0000] {logging_mixin.py:188} INFO - [2026-04-04T19:40:57.826+0000] {dag.py:3954} INFO - Setting next_dagrun for tmdb_stage_pipeline to None, run_after=None
[2026-04-04T19:40:57.845+0000] {processor.py:183} INFO - Processing /opt/airflow/dags/tmdb_pipeline_to_stage.py took 0.102 seconds
[2026-04-04T19:41:28.231+0000] {processor.py:161} INFO - Started process (PID=23653) to work on /opt/airflow/dags/tmdb_pipeline_to_stage.py
[2026-04-04T19:41:28.234+0000] {processor.py:830} INFO - Processing file /opt/airflow/dags/tmdb_pipeline_to_stage.py for tasks to queue
[2026-04-04T19:41:28.235+0000] {logging_mixin.py:188} INFO - [2026-04-04T19:41:28.235+0000] {dagbag.py:545} INFO - Filling up the DagBag from /opt/airflow/dags/tmdb_pipeline_to_stage.py
[2026-04-04T19:41:28.252+0000] {processor.py:840} INFO - DAG(s) 'tmdb_stage_pipeline' retrieved from /opt/airflow/dags/tmdb_pipeline_to_stage.py
[2026-04-04T19:41:28.285+0000] {logging_mixin.py:188} INFO - [2026-04-04T19:41:28.284+0000] {dag.py:3096} INFO - Sync 1 DAGs
[2026-04-04T19:41:28.298+0000] {logging_mixin.py:188} INFO - [2026-04-04T19:41:28.298+0000] {dag.py:3954} INFO - Setting next_dagrun for tmdb_stage_pipeline to None, run_after=None
[2026-04-04T19:41:28.312+0000] {processor.py:183} INFO - Processing /opt/airflow/dags/tmdb_pipeline_to_stage.py took 0.093 seconds
[2026-04-04T19:41:58.689+0000] {processor.py:161} INFO - Started process (PID=23673) to work on /opt/airflow/dags/tmdb_pipeline_to_stage.py
[2026-04-04T19:41:58.692+0000] {processor.py:830} INFO - Processing file /opt/airflow/dags/tmdb_pipeline_to_stage.py for tasks to queue
[2026-04-04T19:41:58.695+0000] {logging_mixin.py:188} INFO - [2026-04-04T19:41:58.693+0000] {dagbag.py:545} INFO - Filling up the DagBag from /opt/airflow/dags/tmdb_pipeline_to_stage.py
[2026-04-04T19:41:58.721+0000] {processor.py:840} INFO - DAG(s) 'tmdb_stage_pipeline' retrieved from /opt/airflow/dags/tmdb_pipeline_to_stage.py
[2026-04-04T19:41:58.764+0000] {logging_mixin.py:188} INFO - [2026-04-04T19:41:58.764+0000] {dag.py:3096} INFO - Sync 1 DAGs
[2026-04-04T19:41:58.778+0000] {logging_mixin.py:188} INFO - [2026-04-04T19:41:58.778+0000] {dag.py:3954} INFO - Setting next_dagrun for tmdb_stage_pipeline to None, run_after=None
[2026-04-04T19:41:58.791+0000] {processor.py:183} INFO - Processing /opt/airflow/dags/tmdb_pipeline_to_stage.py took 0.124 seconds
[2026-04-04T19:42:29.230+0000] {processor.py:161} INFO - Started process (PID=23693) to work on /opt/airflow/dags/tmdb_pipeline_to_stage.py
[2026-04-04T19:42:29.245+0000] {processor.py:830} INFO - Processing file /opt/airflow/dags/tmdb_pipeline_to_stage.py for tasks to queue
[2026-04-04T19:42:29.249+0000] {logging_mixin.py:188} INFO - [2026-04-04T19:42:29.248+0000] {dagbag.py:545} INFO - Filling up the DagBag from /opt/airflow/dags/tmdb_pipeline_to_stage.py
[2026-04-04T19:42:29.297+0000] {processor.py:840} INFO - DAG(s) 'tmdb_stage_pipeline' retrieved from /opt/airflow/dags/tmdb_pipeline_to_stage.py
[2026-04-04T19:42:29.351+0000] {logging_mixin.py:188} INFO - [2026-04-04T19:42:29.351+0000] {dag.py:3096} INFO - Sync 1 DAGs
[2026-04-04T19:42:29.383+0000] {logging_mixin.py:188} INFO - [2026-04-04T19:42:29.383+0000] {dag.py:3954} INFO - Setting next_dagrun for tmdb_stage_pipeline to None, run_after=None
[2026-04-04T19:42:29.399+0000] {processor.py:183} INFO - Processing /opt/airflow/dags/tmdb_pipeline_to_stage.py took 0.273 seconds
[2026-04-04T19:42:59.871+0000] {processor.py:161} INFO - Started process (PID=23713) to work on /opt/airflow/dags/tmdb_pipeline_to_stage.py
[2026-04-04T19:42:59.875+0000] {processor.py:830} INFO - Processing file /opt/airflow/dags/tmdb_pipeline_to_stage.py for tasks to queue
[2026-04-04T19:42:59.877+0000] {logging_mixin.py:188} INFO - [2026-04-04T19:42:59.876+0000] {dagbag.py:545} INFO - Filling up the DagBag from /opt/airflow/dags/tmdb_pipeline_to_stage.py
[2026-04-04T19:42:59.916+0000] {processor.py:840} INFO - DAG(s) 'tmdb_stage_pipeline' retrieved from /opt/airflow/dags/tmdb_pipeline_to_stage.py
[2026-04-04T19:42:59.973+0000] {logging_mixin.py:188} INFO - [2026-04-04T19:42:59.972+0000] {dag.py:3096} INFO - Sync 1 DAGs
[2026-04-04T19:42:59.991+0000] {logging_mixin.py:188} INFO - [2026-04-04T19:42:59.991+0000] {dag.py:3954} INFO - Setting next_dagrun for tmdb_stage_pipeline to None, run_after=None
[2026-04-04T19:43:00.015+0000] {processor.py:183} INFO - Processing /opt/airflow/dags/tmdb_pipeline_to_stage.py took 0.164 seconds
[2026-04-04T19:43:30.465+0000] {processor.py:161} INFO - Started process (PID=23733) to work on /opt/airflow/dags/tmdb_pipeline_to_stage.py
[2026-04-04T19:43:30.468+0000] {processor.py:830} INFO - Processing file /opt/airflow/dags/tmdb_pipeline_to_stage.py for tasks to queue
[2026-04-04T19:43:30.469+0000] {logging_mixin.py:188} INFO - [2026-04-04T19:43:30.469+0000] {dagbag.py:545} INFO - Filling up the DagBag from /opt/airflow/dags/tmdb_pipeline_to_stage.py
[2026-04-04T19:43:30.487+0000] {processor.py:840} INFO - DAG(s) 'tmdb_stage_pipeline' retrieved from /opt/airflow/dags/tmdb_pipeline_to_stage.py
[2026-04-04T19:43:30.529+0000] {logging_mixin.py:188} INFO - [2026-04-04T19:43:30.529+0000] {dag.py:3096} INFO - Sync 1 DAGs
[2026-04-04T19:43:30.546+0000] {logging_mixin.py:188} INFO - [2026-04-04T19:43:30.546+0000] {dag.py:3954} INFO - Setting next_dagrun for tmdb_stage_pipeline to None, run_after=None
[2026-04-04T19:43:30.567+0000] {processor.py:183} INFO - Processing /opt/airflow/dags/tmdb_pipeline_to_stage.py took 0.112 seconds
[2026-04-04T19:44:00.945+0000] {processor.py:161} INFO - Started process (PID=23753) to work on /opt/airflow/dags/tmdb_pipeline_to_stage.py
[2026-04-04T19:44:00.950+0000] {processor.py:830} INFO - Processing file /opt/airflow/dags/tmdb_pipeline_to_stage.py for tasks to queue
[2026-04-04T19:44:00.951+0000] {logging_mixin.py:188} INFO - [2026-04-04T19:44:00.950+0000] {dagbag.py:545} INFO - Filling up the DagBag from /opt/airflow/dags/tmdb_pipeline_to_stage.py
[2026-04-04T19:44:00.969+0000] {processor.py:840} INFO - DAG(s) 'tmdb_stage_pipeline' retrieved from /opt/airflow/dags/tmdb_pipeline_to_stage.py
[2026-04-04T19:44:01.000+0000] {logging_mixin.py:188} INFO - [2026-04-04T19:44:00.999+0000] {dag.py:3096} INFO - Sync 1 DAGs
[2026-04-04T19:44:01.013+0000] {logging_mixin.py:188} INFO - [2026-04-04T19:44:01.013+0000] {dag.py:3954} INFO - Setting next_dagrun for tmdb_stage_pipeline to None, run_after=None
[2026-04-04T19:44:01.027+0000] {processor.py:183} INFO - Processing /opt/airflow/dags/tmdb_pipeline_to_stage.py took 0.095 seconds
[2026-04-04T19:44:31.471+0000] {processor.py:161} INFO - Started process (PID=23773) to work on /opt/airflow/dags/tmdb_pipeline_to_stage.py
[2026-04-04T19:44:31.474+0000] {processor.py:830} INFO - Processing file /opt/airflow/dags/tmdb_pipeline_to_stage.py for tasks to queue
[2026-04-04T19:44:31.475+0000] {logging_mixin.py:188} INFO - [2026-04-04T19:44:31.474+0000] {dagbag.py:545} INFO - Filling up the DagBag from /opt/airflow/dags/tmdb_pipeline_to_stage.py
[2026-04-04T19:44:31.490+0000] {processor.py:840} INFO - DAG(s) 'tmdb_stage_pipeline' retrieved from /opt/airflow/dags/tmdb_pipeline_to_stage.py
[2026-04-04T19:44:31.531+0000] {logging_mixin.py:188} INFO - [2026-04-04T19:44:31.531+0000] {dag.py:3096} INFO - Sync 1 DAGs
[2026-04-04T19:44:31.547+0000] {logging_mixin.py:188} INFO - [2026-04-04T19:44:31.546+0000] {dag.py:3954} INFO - Setting next_dagrun for tmdb_stage_pipeline to None, run_after=None
[2026-04-04T19:44:31.576+0000] {processor.py:183} INFO - Processing /opt/airflow/dags/tmdb_pipeline_to_stage.py took 0.114 seconds
[2026-04-04T19:45:01.981+0000] {processor.py:161} INFO - Started process (PID=23793) to work on /opt/airflow/dags/tmdb_pipeline_to_stage.py
[2026-04-04T19:45:01.984+0000] {processor.py:830} INFO - Processing file /opt/airflow/dags/tmdb_pipeline_to_stage.py for tasks to queue
[2026-04-04T19:45:01.987+0000] {logging_mixin.py:188} INFO - [2026-04-04T19:45:01.985+0000] {dagbag.py:545} INFO - Filling up the DagBag from /opt/airflow/dags/tmdb_pipeline_to_stage.py
[2026-04-04T19:45:02.018+0000] {processor.py:840} INFO - DAG(s) 'tmdb_stage_pipeline' retrieved from /opt/airflow/dags/tmdb_pipeline_to_stage.py
[2026-04-04T19:45:02.052+0000] {logging_mixin.py:188} INFO - [2026-04-04T19:45:02.052+0000] {dag.py:3096} INFO - Sync 1 DAGs
[2026-04-04T19:45:02.085+0000] {logging_mixin.py:188} INFO - [2026-04-04T19:45:02.085+0000] {dag.py:3954} INFO - Setting next_dagrun for tmdb_stage_pipeline to None, run_after=None
[2026-04-04T19:45:02.113+0000] {processor.py:183} INFO - Processing /opt/airflow/dags/tmdb_pipeline_to_stage.py took 0.141 seconds
[2026-04-04T19:45:32.540+0000] {processor.py:161} INFO - Started process (PID=23813) to work on /opt/airflow/dags/tmdb_pipeline_to_stage.py
[2026-04-04T19:45:32.550+0000] {processor.py:830} INFO - Processing file /opt/airflow/dags/tmdb_pipeline_to_stage.py for tasks to queue
[2026-04-04T19:45:32.551+0000] {logging_mixin.py:188} INFO - [2026-04-04T19:45:32.551+0000] {dagbag.py:545} INFO - Filling up the DagBag from /opt/airflow/dags/tmdb_pipeline_to_stage.py
[2026-04-04T19:45:32.578+0000] {processor.py:840} INFO - DAG(s) 'tmdb_stage_pipeline' retrieved from /opt/airflow/dags/tmdb_pipeline_to_stage.py
[2026-04-04T19:45:32.620+0000] {logging_mixin.py:188} INFO - [2026-04-04T19:45:32.620+0000] {dag.py:3096} INFO - Sync 1 DAGs
[2026-04-04T19:45:32.634+0000] {logging_mixin.py:188} INFO - [2026-04-04T19:45:32.634+0000] {dag.py:3954} INFO - Setting next_dagrun for tmdb_stage_pipeline to None, run_after=None
[2026-04-04T19:45:32.650+0000] {processor.py:183} INFO - Processing /opt/airflow/dags/tmdb_pipeline_to_stage.py took 0.119 seconds
[2026-04-04T19:46:02.992+0000] {processor.py:161} INFO - Started process (PID=23833) to work on /opt/airflow/dags/tmdb_pipeline_to_stage.py
[2026-04-04T19:46:03.003+0000] {processor.py:830} INFO - Processing file /opt/airflow/dags/tmdb_pipeline_to_stage.py for tasks to queue
[2026-04-04T19:46:03.005+0000] {logging_mixin.py:188} INFO - [2026-04-04T19:46:03.005+0000] {dagbag.py:545} INFO - Filling up the DagBag from /opt/airflow/dags/tmdb_pipeline_to_stage.py
[2026-04-04T19:46:03.038+0000] {processor.py:840} INFO - DAG(s) 'tmdb_stage_pipeline' retrieved from /opt/airflow/dags/tmdb_pipeline_to_stage.py
[2026-04-04T19:46:03.063+0000] {logging_mixin.py:188} INFO - [2026-04-04T19:46:03.063+0000] {dag.py:3096} INFO - Sync 1 DAGs
[2026-04-04T19:46:03.096+0000] {logging_mixin.py:188} INFO - [2026-04-04T19:46:03.096+0000] {dag.py:3954} INFO - Setting next_dagrun for tmdb_stage_pipeline to None, run_after=None
[2026-04-04T19:46:03.112+0000] {processor.py:183} INFO - Processing /opt/airflow/dags/tmdb_pipeline_to_stage.py took 0.142 seconds
[2026-04-04T19:46:33.492+0000] {processor.py:161} INFO - Started process (PID=23853) to work on /opt/airflow/dags/tmdb_pipeline_to_stage.py
[2026-04-04T19:46:33.495+0000] {processor.py:830} INFO - Processing file /opt/airflow/dags/tmdb_pipeline_to_stage.py for tasks to queue
[2026-04-04T19:46:33.497+0000] {logging_mixin.py:188} INFO - [2026-04-04T19:46:33.497+0000] {dagbag.py:545} INFO - Filling up the DagBag from /opt/airflow/dags/tmdb_pipeline_to_stage.py
[2026-04-04T19:46:33.520+0000] {processor.py:840} INFO - DAG(s) 'tmdb_stage_pipeline' retrieved from /opt/airflow/dags/tmdb_pipeline_to_stage.py
[2026-04-04T19:46:33.549+0000] {logging_mixin.py:188} INFO - [2026-04-04T19:46:33.549+0000] {dag.py:3096} INFO - Sync 1 DAGs
[2026-04-04T19:46:33.571+0000] {logging_mixin.py:188} INFO - [2026-04-04T19:46:33.571+0000] {dag.py:3954} INFO - Setting next_dagrun for tmdb_stage_pipeline to None, run_after=None
[2026-04-04T19:46:33.592+0000] {processor.py:183} INFO - Processing /opt/airflow/dags/tmdb_pipeline_to_stage.py took 0.115 seconds
[2026-04-04T19:47:04.007+0000] {processor.py:161} INFO - Started process (PID=23873) to work on /opt/airflow/dags/tmdb_pipeline_to_stage.py
[2026-04-04T19:47:04.013+0000] {processor.py:830} INFO - Processing file /opt/airflow/dags/tmdb_pipeline_to_stage.py for tasks to queue
[2026-04-04T19:47:04.016+0000] {logging_mixin.py:188} INFO - [2026-04-04T19:47:04.015+0000] {dagbag.py:545} INFO - Filling up the DagBag from /opt/airflow/dags/tmdb_pipeline_to_stage.py
[2026-04-04T19:47:04.067+0000] {processor.py:840} INFO - DAG(s) 'tmdb_stage_pipeline' retrieved from /opt/airflow/dags/tmdb_pipeline_to_stage.py
[2026-04-04T19:47:04.122+0000] {logging_mixin.py:188} INFO - [2026-04-04T19:47:04.122+0000] {dag.py:3096} INFO - Sync 1 DAGs
[2026-04-04T19:47:04.150+0000] {logging_mixin.py:188} INFO - [2026-04-04T19:47:04.150+0000] {dag.py:3954} INFO - Setting next_dagrun for tmdb_stage_pipeline to None, run_after=None
[2026-04-04T19:47:04.187+0000] {processor.py:183} INFO - Processing /opt/airflow/dags/tmdb_pipeline_to_stage.py took 0.198 seconds
[2026-04-04T19:47:34.670+0000] {processor.py:161} INFO - Started process (PID=23893) to work on /opt/airflow/dags/tmdb_pipeline_to_stage.py
[2026-04-04T19:47:34.673+0000] {processor.py:830} INFO - Processing file /opt/airflow/dags/tmdb_pipeline_to_stage.py for tasks to queue
[2026-04-04T19:47:34.675+0000] {logging_mixin.py:188} INFO - [2026-04-04T19:47:34.675+0000] {dagbag.py:545} INFO - Filling up the DagBag from /opt/airflow/dags/tmdb_pipeline_to_stage.py
[2026-04-04T19:47:34.692+0000] {processor.py:840} INFO - DAG(s) 'tmdb_stage_pipeline' retrieved from /opt/airflow/dags/tmdb_pipeline_to_stage.py
[2026-04-04T19:47:34.723+0000] {logging_mixin.py:188} INFO - [2026-04-04T19:47:34.723+0000] {dag.py:3096} INFO - Sync 1 DAGs
[2026-04-04T19:47:34.738+0000] {logging_mixin.py:188} INFO - [2026-04-04T19:47:34.738+0000] {dag.py:3954} INFO - Setting next_dagrun for tmdb_stage_pipeline to None, run_after=None
[2026-04-04T19:47:34.761+0000] {processor.py:183} INFO - Processing /opt/airflow/dags/tmdb_pipeline_to_stage.py took 0.103 seconds
[2026-04-04T19:48:05.174+0000] {processor.py:161} INFO - Started process (PID=23913) to work on /opt/airflow/dags/tmdb_pipeline_to_stage.py
[2026-04-04T19:48:05.176+0000] {processor.py:830} INFO - Processing file /opt/airflow/dags/tmdb_pipeline_to_stage.py for tasks to queue
[2026-04-04T19:48:05.178+0000] {logging_mixin.py:188} INFO - [2026-04-04T19:48:05.177+0000] {dagbag.py:545} INFO - Filling up the DagBag from /opt/airflow/dags/tmdb_pipeline_to_stage.py
[2026-04-04T19:48:05.200+0000] {processor.py:840} INFO - DAG(s) 'tmdb_stage_pipeline' retrieved from /opt/airflow/dags/tmdb_pipeline_to_stage.py
[2026-04-04T19:48:05.309+0000] {logging_mixin.py:188} INFO - [2026-04-04T19:48:05.308+0000] {dag.py:3096} INFO - Sync 1 DAGs
[2026-04-04T19:48:05.339+0000] {logging_mixin.py:188} INFO - [2026-04-04T19:48:05.339+0000] {dag.py:3954} INFO - Setting next_dagrun for tmdb_stage_pipeline to None, run_after=None
[2026-04-04T19:48:05.360+0000] {processor.py:183} INFO - Processing /opt/airflow/dags/tmdb_pipeline_to_stage.py took 0.198 seconds
[2026-04-04T19:48:35.802+0000] {processor.py:161} INFO - Started process (PID=23933) to work on /opt/airflow/dags/tmdb_pipeline_to_stage.py
[2026-04-04T19:48:35.804+0000] {processor.py:830} INFO - Processing file /opt/airflow/dags/tmdb_pipeline_to_stage.py for tasks to queue
[2026-04-04T19:48:35.806+0000] {logging_mixin.py:188} INFO - [2026-04-04T19:48:35.806+0000] {dagbag.py:545} INFO - Filling up the DagBag from /opt/airflow/dags/tmdb_pipeline_to_stage.py
[2026-04-04T19:48:35.835+0000] {processor.py:840} INFO - DAG(s) 'tmdb_stage_pipeline' retrieved from /opt/airflow/dags/tmdb_pipeline_to_stage.py
[2026-04-04T19:48:35.879+0000] {logging_mixin.py:188} INFO - [2026-04-04T19:48:35.879+0000] {dag.py:3096} INFO - Sync 1 DAGs
[2026-04-04T19:48:35.892+0000] {logging_mixin.py:188} INFO - [2026-04-04T19:48:35.892+0000] {dag.py:3954} INFO - Setting next_dagrun for tmdb_stage_pipeline to None, run_after=None
[2026-04-04T19:48:35.912+0000] {processor.py:183} INFO - Processing /opt/airflow/dags/tmdb_pipeline_to_stage.py took 0.130 seconds
[2026-04-04T19:49:06.303+0000] {processor.py:161} INFO - Started process (PID=23953) to work on /opt/airflow/dags/tmdb_pipeline_to_stage.py
[2026-04-04T19:49:06.306+0000] {processor.py:830} INFO - Processing file /opt/airflow/dags/tmdb_pipeline_to_stage.py for tasks to queue
[2026-04-04T19:49:06.307+0000] {logging_mixin.py:188} INFO - [2026-04-04T19:49:06.306+0000] {dagbag.py:545} INFO - Filling up the DagBag from /opt/airflow/dags/tmdb_pipeline_to_stage.py
[2026-04-04T19:49:06.320+0000] {processor.py:840} INFO - DAG(s) 'tmdb_stage_pipeline' retrieved from /opt/airflow/dags/tmdb_pipeline_to_stage.py
[2026-04-04T19:49:06.352+0000] {logging_mixin.py:188} INFO - [2026-04-04T19:49:06.352+0000] {dag.py:3096} INFO - Sync 1 DAGs
[2026-04-04T19:49:06.368+0000] {logging_mixin.py:188} INFO - [2026-04-04T19:49:06.367+0000] {dag.py:3954} INFO - Setting next_dagrun for tmdb_stage_pipeline to None, run_after=None
[2026-04-04T19:49:06.381+0000] {processor.py:183} INFO - Processing /opt/airflow/dags/tmdb_pipeline_to_stage.py took 0.090 seconds
[2026-04-04T19:49:36.855+0000] {processor.py:161} INFO - Started process (PID=23973) to work on /opt/airflow/dags/tmdb_pipeline_to_stage.py
[2026-04-04T19:49:36.858+0000] {processor.py:830} INFO - Processing file /opt/airflow/dags/tmdb_pipeline_to_stage.py for tasks to queue
[2026-04-04T19:49:36.859+0000] {logging_mixin.py:188} INFO - [2026-04-04T19:49:36.859+0000] {dagbag.py:545} INFO - Filling up the DagBag from /opt/airflow/dags/tmdb_pipeline_to_stage.py
[2026-04-04T19:49:36.875+0000] {processor.py:840} INFO - DAG(s) 'tmdb_stage_pipeline' retrieved from /opt/airflow/dags/tmdb_pipeline_to_stage.py
[2026-04-04T19:49:36.906+0000] {logging_mixin.py:188} INFO - [2026-04-04T19:49:36.906+0000] {dag.py:3096} INFO - Sync 1 DAGs
[2026-04-04T19:49:36.919+0000] {logging_mixin.py:188} INFO - [2026-04-04T19:49:36.919+0000] {dag.py:3954} INFO - Setting next_dagrun for tmdb_stage_pipeline to None, run_after=None
[2026-04-04T19:49:36.945+0000] {processor.py:183} INFO - Processing /opt/airflow/dags/tmdb_pipeline_to_stage.py took 0.099 seconds
[2026-04-04T19:50:07.372+0000] {processor.py:161} INFO - Started process (PID=23993) to work on /opt/airflow/dags/tmdb_pipeline_to_stage.py
[2026-04-04T19:50:07.377+0000] {processor.py:830} INFO - Processing file /opt/airflow/dags/tmdb_pipeline_to_stage.py for tasks to queue
[2026-04-04T19:50:07.378+0000] {logging_mixin.py:188} INFO - [2026-04-04T19:50:07.378+0000] {dagbag.py:545} INFO - Filling up the DagBag from /opt/airflow/dags/tmdb_pipeline_to_stage.py
[2026-04-04T19:50:07.400+0000] {processor.py:840} INFO - DAG(s) 'tmdb_stage_pipeline' retrieved from /opt/airflow/dags/tmdb_pipeline_to_stage.py
[2026-04-04T19:50:07.457+0000] {logging_mixin.py:188} INFO - [2026-04-04T19:50:07.456+0000] {dag.py:3096} INFO - Sync 1 DAGs
[2026-04-04T19:50:07.484+0000] {logging_mixin.py:188} INFO - [2026-04-04T19:50:07.484+0000] {dag.py:3954} INFO - Setting next_dagrun for tmdb_stage_pipeline to None, run_after=None
[2026-04-04T19:50:07.499+0000] {processor.py:183} INFO - Processing /opt/airflow/dags/tmdb_pipeline_to_stage.py took 0.147 seconds
[2026-04-04T19:50:37.927+0000] {processor.py:161} INFO - Started process (PID=24013) to work on /opt/airflow/dags/tmdb_pipeline_to_stage.py
[2026-04-04T19:50:37.930+0000] {processor.py:830} INFO - Processing file /opt/airflow/dags/tmdb_pipeline_to_stage.py for tasks to queue
[2026-04-04T19:50:37.931+0000] {logging_mixin.py:188} INFO - [2026-04-04T19:50:37.931+0000] {dagbag.py:545} INFO - Filling up the DagBag from /opt/airflow/dags/tmdb_pipeline_to_stage.py
[2026-04-04T19:50:37.948+0000] {processor.py:840} INFO - DAG(s) 'tmdb_stage_pipeline' retrieved from /opt/airflow/dags/tmdb_pipeline_to_stage.py
[2026-04-04T19:50:37.990+0000] {logging_mixin.py:188} INFO - [2026-04-04T19:50:37.990+0000] {dag.py:3096} INFO - Sync 1 DAGs
[2026-04-04T19:50:38.009+0000] {logging_mixin.py:188} INFO - [2026-04-04T19:50:38.009+0000] {dag.py:3954} INFO - Setting next_dagrun for tmdb_stage_pipeline to None, run_after=None
[2026-04-04T19:50:38.035+0000] {processor.py:183} INFO - Processing /opt/airflow/dags/tmdb_pipeline_to_stage.py took 0.118 seconds
[2026-04-04T19:51:08.419+0000] {processor.py:161} INFO - Started process (PID=24033) to work on /opt/airflow/dags/tmdb_pipeline_to_stage.py
[2026-04-04T19:51:08.423+0000] {processor.py:830} INFO - Processing file /opt/airflow/dags/tmdb_pipeline_to_stage.py for tasks to queue
[2026-04-04T19:51:08.425+0000] {logging_mixin.py:188} INFO - [2026-04-04T19:51:08.424+0000] {dagbag.py:545} INFO - Filling up the DagBag from /opt/airflow/dags/tmdb_pipeline_to_stage.py
[2026-04-04T19:51:08.443+0000] {processor.py:840} INFO - DAG(s) 'tmdb_stage_pipeline' retrieved from /opt/airflow/dags/tmdb_pipeline_to_stage.py
[2026-04-04T19:51:08.480+0000] {logging_mixin.py:188} INFO - [2026-04-04T19:51:08.480+0000] {dag.py:3096} INFO - Sync 1 DAGs
[2026-04-04T19:51:08.499+0000] {logging_mixin.py:188} INFO - [2026-04-04T19:51:08.499+0000] {dag.py:3954} INFO - Setting next_dagrun for tmdb_stage_pipeline to None, run_after=None
[2026-04-04T19:51:08.515+0000] {processor.py:183} INFO - Processing /opt/airflow/dags/tmdb_pipeline_to_stage.py took 0.108 seconds
[2026-04-04T19:51:38.902+0000] {processor.py:161} INFO - Started process (PID=24053) to work on /opt/airflow/dags/tmdb_pipeline_to_stage.py
[2026-04-04T19:51:38.906+0000] {processor.py:830} INFO - Processing file /opt/airflow/dags/tmdb_pipeline_to_stage.py for tasks to queue
[2026-04-04T19:51:38.908+0000] {logging_mixin.py:188} INFO - [2026-04-04T19:51:38.907+0000] {dagbag.py:545} INFO - Filling up the DagBag from /opt/airflow/dags/tmdb_pipeline_to_stage.py
[2026-04-04T19:51:38.921+0000] {processor.py:840} INFO - DAG(s) 'tmdb_stage_pipeline' retrieved from /opt/airflow/dags/tmdb_pipeline_to_stage.py
[2026-04-04T19:51:38.959+0000] {logging_mixin.py:188} INFO - [2026-04-04T19:51:38.959+0000] {dag.py:3096} INFO - Sync 1 DAGs
[2026-04-04T19:51:38.975+0000] {logging_mixin.py:188} INFO - [2026-04-04T19:51:38.975+0000] {dag.py:3954} INFO - Setting next_dagrun for tmdb_stage_pipeline to None, run_after=None
[2026-04-04T19:51:38.990+0000] {processor.py:183} INFO - Processing /opt/airflow/dags/tmdb_pipeline_to_stage.py took 0.099 seconds
[2026-04-04T19:52:09.410+0000] {processor.py:161} INFO - Started process (PID=24073) to work on /opt/airflow/dags/tmdb_pipeline_to_stage.py
[2026-04-04T19:52:09.415+0000] {processor.py:830} INFO - Processing file /opt/airflow/dags/tmdb_pipeline_to_stage.py for tasks to queue
[2026-04-04T19:52:09.416+0000] {logging_mixin.py:188} INFO - [2026-04-04T19:52:09.415+0000] {dagbag.py:545} INFO - Filling up the DagBag from /opt/airflow/dags/tmdb_pipeline_to_stage.py
[2026-04-04T19:52:09.450+0000] {processor.py:840} INFO - DAG(s) 'tmdb_stage_pipeline' retrieved from /opt/airflow/dags/tmdb_pipeline_to_stage.py
[2026-04-04T19:52:09.525+0000] {logging_mixin.py:188} INFO - [2026-04-04T19:52:09.524+0000] {dag.py:3096} INFO - Sync 1 DAGs
[2026-04-04T19:52:09.551+0000] {logging_mixin.py:188} INFO - [2026-04-04T19:52:09.551+0000] {dag.py:3954} INFO - Setting next_dagrun for tmdb_stage_pipeline to None, run_after=None
[2026-04-04T19:52:09.566+0000] {processor.py:183} INFO - Processing /opt/airflow/dags/tmdb_pipeline_to_stage.py took 0.174 seconds
[2026-04-04T19:52:40.009+0000] {processor.py:161} INFO - Started process (PID=24093) to work on /opt/airflow/dags/tmdb_pipeline_to_stage.py
[2026-04-04T19:52:40.015+0000] {processor.py:830} INFO - Processing file /opt/airflow/dags/tmdb_pipeline_to_stage.py for tasks to queue
[2026-04-04T19:52:40.018+0000] {logging_mixin.py:188} INFO - [2026-04-04T19:52:40.017+0000] {dagbag.py:545} INFO - Filling up the DagBag from /opt/airflow/dags/tmdb_pipeline_to_stage.py
[2026-04-04T19:52:40.070+0000] {processor.py:840} INFO - DAG(s) 'tmdb_stage_pipeline' retrieved from /opt/airflow/dags/tmdb_pipeline_to_stage.py
[2026-04-04T19:52:40.110+0000] {logging_mixin.py:188} INFO - [2026-04-04T19:52:40.110+0000] {dag.py:3096} INFO - Sync 1 DAGs
[2026-04-04T19:52:40.125+0000] {logging_mixin.py:188} INFO - [2026-04-04T19:52:40.124+0000] {dag.py:3954} INFO - Setting next_dagrun for tmdb_stage_pipeline to None, run_after=None
[2026-04-04T19:52:40.141+0000] {processor.py:183} INFO - Processing /opt/airflow/dags/tmdb_pipeline_to_stage.py took 0.155 seconds
[2026-04-04T19:53:10.741+0000] {processor.py:161} INFO - Started process (PID=24113) to work on /opt/airflow/dags/tmdb_pipeline_to_stage.py
[2026-04-04T19:53:10.744+0000] {processor.py:830} INFO - Processing file /opt/airflow/dags/tmdb_pipeline_to_stage.py for tasks to queue
[2026-04-04T19:53:10.752+0000] {logging_mixin.py:188} INFO - [2026-04-04T19:53:10.751+0000] {dagbag.py:545} INFO - Filling up the DagBag from /opt/airflow/dags/tmdb_pipeline_to_stage.py
[2026-04-04T19:53:10.772+0000] {processor.py:840} INFO - DAG(s) 'tmdb_stage_pipeline' retrieved from /opt/airflow/dags/tmdb_pipeline_to_stage.py
[2026-04-04T19:53:10.821+0000] {logging_mixin.py:188} INFO - [2026-04-04T19:53:10.821+0000] {dag.py:3096} INFO - Sync 1 DAGs
[2026-04-04T19:53:10.849+0000] {logging_mixin.py:188} INFO - [2026-04-04T19:53:10.849+0000] {dag.py:3954} INFO - Setting next_dagrun for tmdb_stage_pipeline to None, run_after=None
[2026-04-04T19:53:10.866+0000] {processor.py:183} INFO - Processing /opt/airflow/dags/tmdb_pipeline_to_stage.py took 0.160 seconds
[2026-04-04T19:53:41.371+0000] {processor.py:161} INFO - Started process (PID=24133) to work on /opt/airflow/dags/tmdb_pipeline_to_stage.py
[2026-04-04T19:53:41.381+0000] {processor.py:830} INFO - Processing file /opt/airflow/dags/tmdb_pipeline_to_stage.py for tasks to queue
[2026-04-04T19:53:41.382+0000] {logging_mixin.py:188} INFO - [2026-04-04T19:53:41.381+0000] {dagbag.py:545} INFO - Filling up the DagBag from /opt/airflow/dags/tmdb_pipeline_to_stage.py
[2026-04-04T19:53:41.402+0000] {processor.py:840} INFO - DAG(s) 'tmdb_stage_pipeline' retrieved from /opt/airflow/dags/tmdb_pipeline_to_stage.py
[2026-04-04T19:53:41.491+0000] {logging_mixin.py:188} INFO - [2026-04-04T19:53:41.491+0000] {dag.py:3096} INFO - Sync 1 DAGs
[2026-04-04T19:53:41.523+0000] {logging_mixin.py:188} INFO - [2026-04-04T19:53:41.522+0000] {dag.py:3954} INFO - Setting next_dagrun for tmdb_stage_pipeline to None, run_after=None
[2026-04-04T19:53:41.550+0000] {processor.py:183} INFO - Processing /opt/airflow/dags/tmdb_pipeline_to_stage.py took 0.255 seconds
[2026-04-04T19:54:11.980+0000] {processor.py:161} INFO - Started process (PID=24153) to work on /opt/airflow/dags/tmdb_pipeline_to_stage.py
[2026-04-04T19:54:11.986+0000] {processor.py:830} INFO - Processing file /opt/airflow/dags/tmdb_pipeline_to_stage.py for tasks to queue
[2026-04-04T19:54:11.989+0000] {logging_mixin.py:188} INFO - [2026-04-04T19:54:11.987+0000] {dagbag.py:545} INFO - Filling up the DagBag from /opt/airflow/dags/tmdb_pipeline_to_stage.py
[2026-04-04T19:54:12.015+0000] {processor.py:840} INFO - DAG(s) 'tmdb_stage_pipeline' retrieved from /opt/airflow/dags/tmdb_pipeline_to_stage.py
[2026-04-04T19:54:12.060+0000] {logging_mixin.py:188} INFO - [2026-04-04T19:54:12.059+0000] {dag.py:3096} INFO - Sync 1 DAGs
[2026-04-04T19:54:12.080+0000] {logging_mixin.py:188} INFO - [2026-04-04T19:54:12.080+0000] {dag.py:3954} INFO - Setting next_dagrun for tmdb_stage_pipeline to None, run_after=None
[2026-04-04T19:54:12.107+0000] {processor.py:183} INFO - Processing /opt/airflow/dags/tmdb_pipeline_to_stage.py took 0.152 seconds
[2026-04-04T19:54:42.521+0000] {processor.py:161} INFO - Started process (PID=24173) to work on /opt/airflow/dags/tmdb_pipeline_to_stage.py
[2026-04-04T19:54:42.524+0000] {processor.py:830} INFO - Processing file /opt/airflow/dags/tmdb_pipeline_to_stage.py for tasks to queue
[2026-04-04T19:54:42.526+0000] {logging_mixin.py:188} INFO - [2026-04-04T19:54:42.526+0000] {dagbag.py:545} INFO - Filling up the DagBag from /opt/airflow/dags/tmdb_pipeline_to_stage.py
[2026-04-04T19:54:42.552+0000] {processor.py:840} INFO - DAG(s) 'tmdb_stage_pipeline' retrieved from /opt/airflow/dags/tmdb_pipeline_to_stage.py
[2026-04-04T19:54:42.589+0000] {logging_mixin.py:188} INFO - [2026-04-04T19:54:42.588+0000] {dag.py:3096} INFO - Sync 1 DAGs
[2026-04-04T19:54:42.602+0000] {logging_mixin.py:188} INFO - [2026-04-04T19:54:42.602+0000] {dag.py:3954} INFO - Setting next_dagrun for tmdb_stage_pipeline to None, run_after=None
[2026-04-04T19:54:42.614+0000] {processor.py:183} INFO - Processing /opt/airflow/dags/tmdb_pipeline_to_stage.py took 0.107 seconds
[2026-04-04T19:55:13.024+0000] {processor.py:161} INFO - Started process (PID=24193) to work on /opt/airflow/dags/tmdb_pipeline_to_stage.py
[2026-04-04T19:55:13.030+0000] {processor.py:830} INFO - Processing file /opt/airflow/dags/tmdb_pipeline_to_stage.py for tasks to queue
[2026-04-04T19:55:13.034+0000] {logging_mixin.py:188} INFO - [2026-04-04T19:55:13.032+0000] {dagbag.py:545} INFO - Filling up the DagBag from /opt/airflow/dags/tmdb_pipeline_to_stage.py
[2026-04-04T19:55:13.068+0000] {processor.py:840} INFO - DAG(s) 'tmdb_stage_pipeline' retrieved from /opt/airflow/dags/tmdb_pipeline_to_stage.py
[2026-04-04T19:55:13.097+0000] {logging_mixin.py:188} INFO - [2026-04-04T19:55:13.097+0000] {dag.py:3096} INFO - Sync 1 DAGs
[2026-04-04T19:55:13.121+0000] {logging_mixin.py:188} INFO - [2026-04-04T19:55:13.121+0000] {dag.py:3954} INFO - Setting next_dagrun for tmdb_stage_pipeline to None, run_after=None
[2026-04-04T19:55:13.146+0000] {processor.py:183} INFO - Processing /opt/airflow/dags/tmdb_pipeline_to_stage.py took 0.149 seconds
[2026-04-04T19:55:43.560+0000] {processor.py:161} INFO - Started process (PID=24213) to work on /opt/airflow/dags/tmdb_pipeline_to_stage.py
[2026-04-04T19:55:43.564+0000] {processor.py:830} INFO - Processing file /opt/airflow/dags/tmdb_pipeline_to_stage.py for tasks to queue
[2026-04-04T19:55:43.565+0000] {logging_mixin.py:188} INFO - [2026-04-04T19:55:43.565+0000] {dagbag.py:545} INFO - Filling up the DagBag from /opt/airflow/dags/tmdb_pipeline_to_stage.py
[2026-04-04T19:55:43.581+0000] {processor.py:840} INFO - DAG(s) 'tmdb_stage_pipeline' retrieved from /opt/airflow/dags/tmdb_pipeline_to_stage.py
[2026-04-04T19:55:43.621+0000] {logging_mixin.py:188} INFO - [2026-04-04T19:55:43.621+0000] {dag.py:3096} INFO - Sync 1 DAGs
[2026-04-04T19:55:43.642+0000] {logging_mixin.py:188} INFO - [2026-04-04T19:55:43.642+0000] {dag.py:3954} INFO - Setting next_dagrun for tmdb_stage_pipeline to None, run_after=None
[2026-04-04T19:55:43.654+0000] {processor.py:183} INFO - Processing /opt/airflow/dags/tmdb_pipeline_to_stage.py took 0.118 seconds
[2026-04-04T19:56:14.003+0000] {processor.py:161} INFO - Started process (PID=24233) to work on /opt/airflow/dags/tmdb_pipeline_to_stage.py
[2026-04-04T19:56:14.006+0000] {processor.py:830} INFO - Processing file /opt/airflow/dags/tmdb_pipeline_to_stage.py for tasks to queue
[2026-04-04T19:56:14.008+0000] {logging_mixin.py:188} INFO - [2026-04-04T19:56:14.008+0000] {dagbag.py:545} INFO - Filling up the DagBag from /opt/airflow/dags/tmdb_pipeline_to_stage.py
[2026-04-04T19:56:14.023+0000] {processor.py:840} INFO - DAG(s) 'tmdb_stage_pipeline' retrieved from /opt/airflow/dags/tmdb_pipeline_to_stage.py
[2026-04-04T19:56:14.048+0000] {logging_mixin.py:188} INFO - [2026-04-04T19:56:14.048+0000] {dag.py:3096} INFO - Sync 1 DAGs
[2026-04-04T19:56:14.071+0000] {logging_mixin.py:188} INFO - [2026-04-04T19:56:14.070+0000] {dag.py:3954} INFO - Setting next_dagrun for tmdb_stage_pipeline to None, run_after=None
[2026-04-04T19:56:14.089+0000] {processor.py:183} INFO - Processing /opt/airflow/dags/tmdb_pipeline_to_stage.py took 0.098 seconds
[2026-04-04T19:56:44.445+0000] {processor.py:161} INFO - Started process (PID=24253) to work on /opt/airflow/dags/tmdb_pipeline_to_stage.py
[2026-04-04T19:56:44.447+0000] {processor.py:830} INFO - Processing file /opt/airflow/dags/tmdb_pipeline_to_stage.py for tasks to queue
[2026-04-04T19:56:44.449+0000] {logging_mixin.py:188} INFO - [2026-04-04T19:56:44.449+0000] {dagbag.py:545} INFO - Filling up the DagBag from /opt/airflow/dags/tmdb_pipeline_to_stage.py
[2026-04-04T19:56:44.475+0000] {processor.py:840} INFO - DAG(s) 'tmdb_stage_pipeline' retrieved from /opt/airflow/dags/tmdb_pipeline_to_stage.py
[2026-04-04T19:56:44.521+0000] {logging_mixin.py:188} INFO - [2026-04-04T19:56:44.520+0000] {dag.py:3096} INFO - Sync 1 DAGs
[2026-04-04T19:56:44.534+0000] {logging_mixin.py:188} INFO - [2026-04-04T19:56:44.534+0000] {dag.py:3954} INFO - Setting next_dagrun for tmdb_stage_pipeline to None, run_after=None
[2026-04-04T19:56:44.547+0000] {processor.py:183} INFO - Processing /opt/airflow/dags/tmdb_pipeline_to_stage.py took 0.111 seconds
[2026-04-04T19:57:15.003+0000] {processor.py:161} INFO - Started process (PID=24273) to work on /opt/airflow/dags/tmdb_pipeline_to_stage.py
[2026-04-04T19:57:15.005+0000] {processor.py:830} INFO - Processing file /opt/airflow/dags/tmdb_pipeline_to_stage.py for tasks to queue
[2026-04-04T19:57:15.005+0000] {logging_mixin.py:188} INFO - [2026-04-04T19:57:15.005+0000] {dagbag.py:545} INFO - Filling up the DagBag from /opt/airflow/dags/tmdb_pipeline_to_stage.py
[2026-04-04T19:57:15.025+0000] {processor.py:840} INFO - DAG(s) 'tmdb_stage_pipeline' retrieved from /opt/airflow/dags/tmdb_pipeline_to_stage.py
[2026-04-04T19:57:15.071+0000] {logging_mixin.py:188} INFO - [2026-04-04T19:57:15.071+0000] {dag.py:3096} INFO - Sync 1 DAGs
[2026-04-04T19:57:15.085+0000] {logging_mixin.py:188} INFO - [2026-04-04T19:57:15.084+0000] {dag.py:3954} INFO - Setting next_dagrun for tmdb_stage_pipeline to None, run_after=None
[2026-04-04T19:57:15.098+0000] {processor.py:183} INFO - Processing /opt/airflow/dags/tmdb_pipeline_to_stage.py took 0.116 seconds
[2026-04-04T19:57:45.559+0000] {processor.py:161} INFO - Started process (PID=24293) to work on /opt/airflow/dags/tmdb_pipeline_to_stage.py
[2026-04-04T19:57:45.561+0000] {processor.py:830} INFO - Processing file /opt/airflow/dags/tmdb_pipeline_to_stage.py for tasks to queue
[2026-04-04T19:57:45.562+0000] {logging_mixin.py:188} INFO - [2026-04-04T19:57:45.562+0000] {dagbag.py:545} INFO - Filling up the DagBag from /opt/airflow/dags/tmdb_pipeline_to_stage.py
[2026-04-04T19:57:45.619+0000] {processor.py:840} INFO - DAG(s) 'tmdb_stage_pipeline' retrieved from /opt/airflow/dags/tmdb_pipeline_to_stage.py
[2026-04-04T19:57:45.663+0000] {logging_mixin.py:188} INFO - [2026-04-04T19:57:45.663+0000] {dag.py:3096} INFO - Sync 1 DAGs
[2026-04-04T19:57:45.680+0000] {logging_mixin.py:188} INFO - [2026-04-04T19:57:45.680+0000] {dag.py:3954} INFO - Setting next_dagrun for tmdb_stage_pipeline to None, run_after=None
[2026-04-04T19:57:45.692+0000] {processor.py:183} INFO - Processing /opt/airflow/dags/tmdb_pipeline_to_stage.py took 0.160 seconds
[2026-04-04T19:58:16.003+0000] {processor.py:161} INFO - Started process (PID=24313) to work on /opt/airflow/dags/tmdb_pipeline_to_stage.py
[2026-04-04T19:58:16.005+0000] {processor.py:830} INFO - Processing file /opt/airflow/dags/tmdb_pipeline_to_stage.py for tasks to queue
[2026-04-04T19:58:16.006+0000] {logging_mixin.py:188} INFO - [2026-04-04T19:58:16.006+0000] {dagbag.py:545} INFO - Filling up the DagBag from /opt/airflow/dags/tmdb_pipeline_to_stage.py
[2026-04-04T19:58:16.024+0000] {processor.py:840} INFO - DAG(s) 'tmdb_stage_pipeline' retrieved from /opt/airflow/dags/tmdb_pipeline_to_stage.py
[2026-04-04T19:58:16.066+0000] {logging_mixin.py:188} INFO - [2026-04-04T19:58:16.065+0000] {dag.py:3096} INFO - Sync 1 DAGs
[2026-04-04T19:58:16.078+0000] {logging_mixin.py:188} INFO - [2026-04-04T19:58:16.078+0000] {dag.py:3954} INFO - Setting next_dagrun for tmdb_stage_pipeline to None, run_after=None
[2026-04-04T19:58:16.100+0000] {processor.py:183} INFO - Processing /opt/airflow/dags/tmdb_pipeline_to_stage.py took 0.107 seconds
[2026-04-04T19:58:46.525+0000] {processor.py:161} INFO - Started process (PID=24333) to work on /opt/airflow/dags/tmdb_pipeline_to_stage.py
[2026-04-04T19:58:46.528+0000] {processor.py:830} INFO - Processing file /opt/airflow/dags/tmdb_pipeline_to_stage.py for tasks to queue
[2026-04-04T19:58:46.530+0000] {logging_mixin.py:188} INFO - [2026-04-04T19:58:46.530+0000] {dagbag.py:545} INFO - Filling up the DagBag from /opt/airflow/dags/tmdb_pipeline_to_stage.py
[2026-04-04T19:58:46.548+0000] {processor.py:840} INFO - DAG(s) 'tmdb_stage_pipeline' retrieved from /opt/airflow/dags/tmdb_pipeline_to_stage.py
[2026-04-04T19:58:46.579+0000] {logging_mixin.py:188} INFO - [2026-04-04T19:58:46.579+0000] {dag.py:3096} INFO - Sync 1 DAGs
[2026-04-04T19:58:46.602+0000] {logging_mixin.py:188} INFO - [2026-04-04T19:58:46.602+0000] {dag.py:3954} INFO - Setting next_dagrun for tmdb_stage_pipeline to None, run_after=None
[2026-04-04T19:58:46.626+0000] {processor.py:183} INFO - Processing /opt/airflow/dags/tmdb_pipeline_to_stage.py took 0.128 seconds
[2026-04-04T19:59:17.049+0000] {processor.py:161} INFO - Started process (PID=24353) to work on /opt/airflow/dags/tmdb_pipeline_to_stage.py
[2026-04-04T19:59:17.052+0000] {processor.py:830} INFO - Processing file /opt/airflow/dags/tmdb_pipeline_to_stage.py for tasks to queue
[2026-04-04T19:59:17.054+0000] {logging_mixin.py:188} INFO - [2026-04-04T19:59:17.053+0000] {dagbag.py:545} INFO - Filling up the DagBag from /opt/airflow/dags/tmdb_pipeline_to_stage.py
[2026-04-04T19:59:17.077+0000] {processor.py:840} INFO - DAG(s) 'tmdb_stage_pipeline' retrieved from /opt/airflow/dags/tmdb_pipeline_to_stage.py
[2026-04-04T19:59:17.133+0000] {logging_mixin.py:188} INFO - [2026-04-04T19:59:17.133+0000] {dag.py:3096} INFO - Sync 1 DAGs
[2026-04-04T19:59:17.168+0000] {logging_mixin.py:188} INFO - [2026-04-04T19:59:17.168+0000] {dag.py:3954} INFO - Setting next_dagrun for tmdb_stage_pipeline to None, run_after=None
[2026-04-04T19:59:17.205+0000] {processor.py:183} INFO - Processing /opt/airflow/dags/tmdb_pipeline_to_stage.py took 0.172 seconds
[2026-04-04T19:59:47.573+0000] {processor.py:161} INFO - Started process (PID=24373) to work on /opt/airflow/dags/tmdb_pipeline_to_stage.py
[2026-04-04T19:59:47.576+0000] {processor.py:830} INFO - Processing file /opt/airflow/dags/tmdb_pipeline_to_stage.py for tasks to queue
[2026-04-04T19:59:47.577+0000] {logging_mixin.py:188} INFO - [2026-04-04T19:59:47.576+0000] {dagbag.py:545} INFO - Filling up the DagBag from /opt/airflow/dags/tmdb_pipeline_to_stage.py
[2026-04-04T19:59:47.594+0000] {processor.py:840} INFO - DAG(s) 'tmdb_stage_pipeline' retrieved from /opt/airflow/dags/tmdb_pipeline_to_stage.py
[2026-04-04T19:59:47.619+0000] {logging_mixin.py:188} INFO - [2026-04-04T19:59:47.619+0000] {dag.py:3096} INFO - Sync 1 DAGs
[2026-04-04T19:59:47.634+0000] {logging_mixin.py:188} INFO - [2026-04-04T19:59:47.634+0000] {dag.py:3954} INFO - Setting next_dagrun for tmdb_stage_pipeline to None, run_after=None
[2026-04-04T19:59:47.650+0000] {processor.py:183} INFO - Processing /opt/airflow/dags/tmdb_pipeline_to_stage.py took 0.086 seconds
[2026-04-04T20:00:17.971+0000] {processor.py:161} INFO - Started process (PID=24393) to work on /opt/airflow/dags/tmdb_pipeline_to_stage.py
[2026-04-04T20:00:17.974+0000] {processor.py:830} INFO - Processing file /opt/airflow/dags/tmdb_pipeline_to_stage.py for tasks to queue
[2026-04-04T20:00:17.975+0000] {logging_mixin.py:188} INFO - [2026-04-04T20:00:17.975+0000] {dagbag.py:545} INFO - Filling up the DagBag from /opt/airflow/dags/tmdb_pipeline_to_stage.py
[2026-04-04T20:00:17.999+0000] {processor.py:840} INFO - DAG(s) 'tmdb_stage_pipeline' retrieved from /opt/airflow/dags/tmdb_pipeline_to_stage.py
[2026-04-04T20:00:18.031+0000] {logging_mixin.py:188} INFO - [2026-04-04T20:00:18.031+0000] {dag.py:3096} INFO - Sync 1 DAGs
[2026-04-04T20:00:18.055+0000] {logging_mixin.py:188} INFO - [2026-04-04T20:00:18.055+0000] {dag.py:3954} INFO - Setting next_dagrun for tmdb_stage_pipeline to None, run_after=None
[2026-04-04T20:00:18.073+0000] {processor.py:183} INFO - Processing /opt/airflow/dags/tmdb_pipeline_to_stage.py took 0.114 seconds
[2026-04-04T20:00:48.464+0000] {processor.py:161} INFO - Started process (PID=24413) to work on /opt/airflow/dags/tmdb_pipeline_to_stage.py
[2026-04-04T20:00:48.469+0000] {processor.py:830} INFO - Processing file /opt/airflow/dags/tmdb_pipeline_to_stage.py for tasks to queue
[2026-04-04T20:00:48.470+0000] {logging_mixin.py:188} INFO - [2026-04-04T20:00:48.469+0000] {dagbag.py:545} INFO - Filling up the DagBag from /opt/airflow/dags/tmdb_pipeline_to_stage.py
[2026-04-04T20:00:48.501+0000] {processor.py:840} INFO - DAG(s) 'tmdb_stage_pipeline' retrieved from /opt/airflow/dags/tmdb_pipeline_to_stage.py
[2026-04-04T20:00:48.580+0000] {logging_mixin.py:188} INFO - [2026-04-04T20:00:48.580+0000] {dag.py:3096} INFO - Sync 1 DAGs
[2026-04-04T20:00:48.602+0000] {logging_mixin.py:188} INFO - [2026-04-04T20:00:48.602+0000] {dag.py:3954} INFO - Setting next_dagrun for tmdb_stage_pipeline to None, run_after=None
[2026-04-04T20:00:48.621+0000] {processor.py:183} INFO - Processing /opt/airflow/dags/tmdb_pipeline_to_stage.py took 0.174 seconds
[2026-04-04T20:01:19.076+0000] {processor.py:161} INFO - Started process (PID=24433) to work on /opt/airflow/dags/tmdb_pipeline_to_stage.py
[2026-04-04T20:01:19.079+0000] {processor.py:830} INFO - Processing file /opt/airflow/dags/tmdb_pipeline_to_stage.py for tasks to queue
[2026-04-04T20:01:19.081+0000] {logging_mixin.py:188} INFO - [2026-04-04T20:01:19.081+0000] {dagbag.py:545} INFO - Filling up the DagBag from /opt/airflow/dags/tmdb_pipeline_to_stage.py
[2026-04-04T20:01:19.096+0000] {processor.py:840} INFO - DAG(s) 'tmdb_stage_pipeline' retrieved from /opt/airflow/dags/tmdb_pipeline_to_stage.py
[2026-04-04T20:01:19.121+0000] {logging_mixin.py:188} INFO - [2026-04-04T20:01:19.121+0000] {dag.py:3096} INFO - Sync 1 DAGs
[2026-04-04T20:01:19.137+0000] {logging_mixin.py:188} INFO - [2026-04-04T20:01:19.137+0000] {dag.py:3954} INFO - Setting next_dagrun for tmdb_stage_pipeline to None, run_after=None
[2026-04-04T20:01:19.161+0000] {processor.py:183} INFO - Processing /opt/airflow/dags/tmdb_pipeline_to_stage.py took 0.098 seconds
[2026-04-04T20:01:49.693+0000] {processor.py:161} INFO - Started process (PID=24453) to work on /opt/airflow/dags/tmdb_pipeline_to_stage.py
[2026-04-04T20:01:49.696+0000] {processor.py:830} INFO - Processing file /opt/airflow/dags/tmdb_pipeline_to_stage.py for tasks to queue
[2026-04-04T20:01:49.698+0000] {logging_mixin.py:188} INFO - [2026-04-04T20:01:49.697+0000] {dagbag.py:545} INFO - Filling up the DagBag from /opt/airflow/dags/tmdb_pipeline_to_stage.py
[2026-04-04T20:01:49.724+0000] {processor.py:840} INFO - DAG(s) 'tmdb_stage_pipeline' retrieved from /opt/airflow/dags/tmdb_pipeline_to_stage.py
[2026-04-04T20:01:49.772+0000] {logging_mixin.py:188} INFO - [2026-04-04T20:01:49.771+0000] {dag.py:3096} INFO - Sync 1 DAGs
[2026-04-04T20:01:49.807+0000] {logging_mixin.py:188} INFO - [2026-04-04T20:01:49.807+0000] {dag.py:3954} INFO - Setting next_dagrun for tmdb_stage_pipeline to None, run_after=None
[2026-04-04T20:01:49.822+0000] {processor.py:183} INFO - Processing /opt/airflow/dags/tmdb_pipeline_to_stage.py took 0.138 seconds
[2026-04-04T20:02:20.240+0000] {processor.py:161} INFO - Started process (PID=24473) to work on /opt/airflow/dags/tmdb_pipeline_to_stage.py
[2026-04-04T20:02:20.290+0000] {processor.py:830} INFO - Processing file /opt/airflow/dags/tmdb_pipeline_to_stage.py for tasks to queue
[2026-04-04T20:02:20.298+0000] {logging_mixin.py:188} INFO - [2026-04-04T20:02:20.296+0000] {dagbag.py:545} INFO - Filling up the DagBag from /opt/airflow/dags/tmdb_pipeline_to_stage.py
[2026-04-04T20:02:20.341+0000] {processor.py:840} INFO - DAG(s) 'tmdb_stage_pipeline' retrieved from /opt/airflow/dags/tmdb_pipeline_to_stage.py
[2026-04-04T20:02:20.402+0000] {logging_mixin.py:188} INFO - [2026-04-04T20:02:20.402+0000] {dag.py:3096} INFO - Sync 1 DAGs
[2026-04-04T20:02:20.425+0000] {logging_mixin.py:188} INFO - [2026-04-04T20:02:20.424+0000] {dag.py:3954} INFO - Setting next_dagrun for tmdb_stage_pipeline to None, run_after=None
[2026-04-04T20:02:20.446+0000] {processor.py:183} INFO - Processing /opt/airflow/dags/tmdb_pipeline_to_stage.py took 0.224 seconds
[2026-04-04T20:02:50.786+0000] {processor.py:161} INFO - Started process (PID=24493) to work on /opt/airflow/dags/tmdb_pipeline_to_stage.py
[2026-04-04T20:02:50.789+0000] {processor.py:830} INFO - Processing file /opt/airflow/dags/tmdb_pipeline_to_stage.py for tasks to queue
[2026-04-04T20:02:50.790+0000] {logging_mixin.py:188} INFO - [2026-04-04T20:02:50.790+0000] {dagbag.py:545} INFO - Filling up the DagBag from /opt/airflow/dags/tmdb_pipeline_to_stage.py
[2026-04-04T20:02:50.807+0000] {processor.py:840} INFO - DAG(s) 'tmdb_stage_pipeline' retrieved from /opt/airflow/dags/tmdb_pipeline_to_stage.py
[2026-04-04T20:02:50.847+0000] {logging_mixin.py:188} INFO - [2026-04-04T20:02:50.847+0000] {dag.py:3096} INFO - Sync 1 DAGs
[2026-04-04T20:02:50.864+0000] {logging_mixin.py:188} INFO - [2026-04-04T20:02:50.864+0000] {dag.py:3954} INFO - Setting next_dagrun for tmdb_stage_pipeline to None, run_after=None
[2026-04-04T20:02:50.896+0000] {processor.py:183} INFO - Processing /opt/airflow/dags/tmdb_pipeline_to_stage.py took 0.121 seconds
[2026-04-04T20:03:21.417+0000] {processor.py:161} INFO - Started process (PID=24513) to work on /opt/airflow/dags/tmdb_pipeline_to_stage.py
[2026-04-04T20:03:21.421+0000] {processor.py:830} INFO - Processing file /opt/airflow/dags/tmdb_pipeline_to_stage.py for tasks to queue
[2026-04-04T20:03:21.423+0000] {logging_mixin.py:188} INFO - [2026-04-04T20:03:21.422+0000] {dagbag.py:545} INFO - Filling up the DagBag from /opt/airflow/dags/tmdb_pipeline_to_stage.py
[2026-04-04T20:03:21.448+0000] {processor.py:840} INFO - DAG(s) 'tmdb_stage_pipeline' retrieved from /opt/airflow/dags/tmdb_pipeline_to_stage.py
[2026-04-04T20:03:21.491+0000] {logging_mixin.py:188} INFO - [2026-04-04T20:03:21.491+0000] {dag.py:3096} INFO - Sync 1 DAGs
[2026-04-04T20:03:21.509+0000] {logging_mixin.py:188} INFO - [2026-04-04T20:03:21.509+0000] {dag.py:3954} INFO - Setting next_dagrun for tmdb_stage_pipeline to None, run_after=None
[2026-04-04T20:03:21.527+0000] {processor.py:183} INFO - Processing /opt/airflow/dags/tmdb_pipeline_to_stage.py took 0.152 seconds
[2026-04-04T20:03:51.854+0000] {processor.py:161} INFO - Started process (PID=24533) to work on /opt/airflow/dags/tmdb_pipeline_to_stage.py
[2026-04-04T20:03:51.858+0000] {processor.py:830} INFO - Processing file /opt/airflow/dags/tmdb_pipeline_to_stage.py for tasks to queue
[2026-04-04T20:03:51.859+0000] {logging_mixin.py:188} INFO - [2026-04-04T20:03:51.859+0000] {dagbag.py:545} INFO - Filling up the DagBag from /opt/airflow/dags/tmdb_pipeline_to_stage.py
[2026-04-04T20:03:51.876+0000] {processor.py:840} INFO - DAG(s) 'tmdb_stage_pipeline' retrieved from /opt/airflow/dags/tmdb_pipeline_to_stage.py
[2026-04-04T20:03:51.908+0000] {logging_mixin.py:188} INFO - [2026-04-04T20:03:51.908+0000] {dag.py:3096} INFO - Sync 1 DAGs
[2026-04-04T20:03:51.927+0000] {logging_mixin.py:188} INFO - [2026-04-04T20:03:51.927+0000] {dag.py:3954} INFO - Setting next_dagrun for tmdb_stage_pipeline to None, run_after=None
[2026-04-04T20:03:51.950+0000] {processor.py:183} INFO - Processing /opt/airflow/dags/tmdb_pipeline_to_stage.py took 0.108 seconds
[2026-04-04T20:04:22.454+0000] {processor.py:161} INFO - Started process (PID=24553) to work on /opt/airflow/dags/tmdb_pipeline_to_stage.py
[2026-04-04T20:04:22.458+0000] {processor.py:830} INFO - Processing file /opt/airflow/dags/tmdb_pipeline_to_stage.py for tasks to queue
[2026-04-04T20:04:22.459+0000] {logging_mixin.py:188} INFO - [2026-04-04T20:04:22.459+0000] {dagbag.py:545} INFO - Filling up the DagBag from /opt/airflow/dags/tmdb_pipeline_to_stage.py
[2026-04-04T20:04:22.485+0000] {processor.py:840} INFO - DAG(s) 'tmdb_stage_pipeline' retrieved from /opt/airflow/dags/tmdb_pipeline_to_stage.py
[2026-04-04T20:04:22.531+0000] {logging_mixin.py:188} INFO - [2026-04-04T20:04:22.530+0000] {dag.py:3096} INFO - Sync 1 DAGs
[2026-04-04T20:04:22.550+0000] {logging_mixin.py:188} INFO - [2026-04-04T20:04:22.550+0000] {dag.py:3954} INFO - Setting next_dagrun for tmdb_stage_pipeline to None, run_after=None
[2026-04-04T20:04:22.573+0000] {processor.py:183} INFO - Processing /opt/airflow/dags/tmdb_pipeline_to_stage.py took 0.132 seconds
[2026-04-04T20:04:53.019+0000] {processor.py:161} INFO - Started process (PID=24573) to work on /opt/airflow/dags/tmdb_pipeline_to_stage.py
[2026-04-04T20:04:53.022+0000] {processor.py:830} INFO - Processing file /opt/airflow/dags/tmdb_pipeline_to_stage.py for tasks to queue
[2026-04-04T20:04:53.023+0000] {logging_mixin.py:188} INFO - [2026-04-04T20:04:53.023+0000] {dagbag.py:545} INFO - Filling up the DagBag from /opt/airflow/dags/tmdb_pipeline_to_stage.py
[2026-04-04T20:04:53.050+0000] {processor.py:840} INFO - DAG(s) 'tmdb_stage_pipeline' retrieved from /opt/airflow/dags/tmdb_pipeline_to_stage.py
[2026-04-04T20:04:53.084+0000] {logging_mixin.py:188} INFO - [2026-04-04T20:04:53.084+0000] {dag.py:3096} INFO - Sync 1 DAGs
[2026-04-04T20:04:53.097+0000] {logging_mixin.py:188} INFO - [2026-04-04T20:04:53.097+0000] {dag.py:3954} INFO - Setting next_dagrun for tmdb_stage_pipeline to None, run_after=None
[2026-04-04T20:04:53.110+0000] {processor.py:183} INFO - Processing /opt/airflow/dags/tmdb_pipeline_to_stage.py took 0.100 seconds
[2026-04-04T20:05:23.557+0000] {processor.py:161} INFO - Started process (PID=24593) to work on /opt/airflow/dags/tmdb_pipeline_to_stage.py
[2026-04-04T20:05:23.560+0000] {processor.py:830} INFO - Processing file /opt/airflow/dags/tmdb_pipeline_to_stage.py for tasks to queue
[2026-04-04T20:05:23.561+0000] {logging_mixin.py:188} INFO - [2026-04-04T20:05:23.561+0000] {dagbag.py:545} INFO - Filling up the DagBag from /opt/airflow/dags/tmdb_pipeline_to_stage.py
[2026-04-04T20:05:23.587+0000] {processor.py:840} INFO - DAG(s) 'tmdb_stage_pipeline' retrieved from /opt/airflow/dags/tmdb_pipeline_to_stage.py
[2026-04-04T20:05:23.616+0000] {logging_mixin.py:188} INFO - [2026-04-04T20:05:23.616+0000] {dag.py:3096} INFO - Sync 1 DAGs
[2026-04-04T20:05:23.630+0000] {logging_mixin.py:188} INFO - [2026-04-04T20:05:23.630+0000] {dag.py:3954} INFO - Setting next_dagrun for tmdb_stage_pipeline to None, run_after=None
[2026-04-04T20:05:23.645+0000] {processor.py:183} INFO - Processing /opt/airflow/dags/tmdb_pipeline_to_stage.py took 0.099 seconds
[2026-04-04T20:05:53.977+0000] {processor.py:161} INFO - Started process (PID=24613) to work on /opt/airflow/dags/tmdb_pipeline_to_stage.py
[2026-04-04T20:05:53.980+0000] {processor.py:830} INFO - Processing file /opt/airflow/dags/tmdb_pipeline_to_stage.py for tasks to queue
[2026-04-04T20:05:53.982+0000] {logging_mixin.py:188} INFO - [2026-04-04T20:05:53.981+0000] {dagbag.py:545} INFO - Filling up the DagBag from /opt/airflow/dags/tmdb_pipeline_to_stage.py
[2026-04-04T20:05:54.020+0000] {processor.py:840} INFO - DAG(s) 'tmdb_stage_pipeline' retrieved from /opt/airflow/dags/tmdb_pipeline_to_stage.py
[2026-04-04T20:05:54.053+0000] {logging_mixin.py:188} INFO - [2026-04-04T20:05:54.053+0000] {dag.py:3096} INFO - Sync 1 DAGs
[2026-04-04T20:05:54.071+0000] {logging_mixin.py:188} INFO - [2026-04-04T20:05:54.071+0000] {dag.py:3954} INFO - Setting next_dagrun for tmdb_stage_pipeline to None, run_after=None
[2026-04-04T20:05:54.089+0000] {processor.py:183} INFO - Processing /opt/airflow/dags/tmdb_pipeline_to_stage.py took 0.126 seconds
[2026-04-04T20:06:24.503+0000] {processor.py:161} INFO - Started process (PID=24633) to work on /opt/airflow/dags/tmdb_pipeline_to_stage.py
[2026-04-04T20:06:24.505+0000] {processor.py:830} INFO - Processing file /opt/airflow/dags/tmdb_pipeline_to_stage.py for tasks to queue
[2026-04-04T20:06:24.507+0000] {logging_mixin.py:188} INFO - [2026-04-04T20:06:24.507+0000] {dagbag.py:545} INFO - Filling up the DagBag from /opt/airflow/dags/tmdb_pipeline_to_stage.py
[2026-04-04T20:06:24.532+0000] {processor.py:840} INFO - DAG(s) 'tmdb_stage_pipeline' retrieved from /opt/airflow/dags/tmdb_pipeline_to_stage.py
[2026-04-04T20:06:24.569+0000] {logging_mixin.py:188} INFO - [2026-04-04T20:06:24.568+0000] {dag.py:3096} INFO - Sync 1 DAGs
[2026-04-04T20:06:24.585+0000] {logging_mixin.py:188} INFO - [2026-04-04T20:06:24.584+0000] {dag.py:3954} INFO - Setting next_dagrun for tmdb_stage_pipeline to None, run_after=None
[2026-04-04T20:06:24.600+0000] {processor.py:183} INFO - Processing /opt/airflow/dags/tmdb_pipeline_to_stage.py took 0.110 seconds
[2026-04-04T20:06:55.193+0000] {processor.py:161} INFO - Started process (PID=24653) to work on /opt/airflow/dags/tmdb_pipeline_to_stage.py
[2026-04-04T20:06:55.196+0000] {processor.py:830} INFO - Processing file /opt/airflow/dags/tmdb_pipeline_to_stage.py for tasks to queue
[2026-04-04T20:06:55.199+0000] {logging_mixin.py:188} INFO - [2026-04-04T20:06:55.197+0000] {dagbag.py:545} INFO - Filling up the DagBag from /opt/airflow/dags/tmdb_pipeline_to_stage.py
[2026-04-04T20:06:55.239+0000] {processor.py:840} INFO - DAG(s) 'tmdb_stage_pipeline' retrieved from /opt/airflow/dags/tmdb_pipeline_to_stage.py
[2026-04-04T20:06:55.304+0000] {logging_mixin.py:188} INFO - [2026-04-04T20:06:55.303+0000] {dag.py:3096} INFO - Sync 1 DAGs
[2026-04-04T20:06:55.325+0000] {logging_mixin.py:188} INFO - [2026-04-04T20:06:55.325+0000] {dag.py:3954} INFO - Setting next_dagrun for tmdb_stage_pipeline to None, run_after=None
[2026-04-04T20:06:55.345+0000] {processor.py:183} INFO - Processing /opt/airflow/dags/tmdb_pipeline_to_stage.py took 0.171 seconds
[2026-04-04T20:07:25.775+0000] {processor.py:161} INFO - Started process (PID=24673) to work on /opt/airflow/dags/tmdb_pipeline_to_stage.py
[2026-04-04T20:07:25.778+0000] {processor.py:830} INFO - Processing file /opt/airflow/dags/tmdb_pipeline_to_stage.py for tasks to queue
[2026-04-04T20:07:25.781+0000] {logging_mixin.py:188} INFO - [2026-04-04T20:07:25.780+0000] {dagbag.py:545} INFO - Filling up the DagBag from /opt/airflow/dags/tmdb_pipeline_to_stage.py
[2026-04-04T20:07:25.797+0000] {processor.py:840} INFO - DAG(s) 'tmdb_stage_pipeline' retrieved from /opt/airflow/dags/tmdb_pipeline_to_stage.py
[2026-04-04T20:07:25.844+0000] {logging_mixin.py:188} INFO - [2026-04-04T20:07:25.844+0000] {dag.py:3096} INFO - Sync 1 DAGs
[2026-04-04T20:07:25.877+0000] {logging_mixin.py:188} INFO - [2026-04-04T20:07:25.877+0000] {dag.py:3954} INFO - Setting next_dagrun for tmdb_stage_pipeline to None, run_after=None
[2026-04-04T20:07:25.894+0000] {processor.py:183} INFO - Processing /opt/airflow/dags/tmdb_pipeline_to_stage.py took 0.137 seconds
[2026-04-04T20:07:56.262+0000] {processor.py:161} INFO - Started process (PID=24693) to work on /opt/airflow/dags/tmdb_pipeline_to_stage.py
[2026-04-04T20:07:56.266+0000] {processor.py:830} INFO - Processing file /opt/airflow/dags/tmdb_pipeline_to_stage.py for tasks to queue
[2026-04-04T20:07:56.268+0000] {logging_mixin.py:188} INFO - [2026-04-04T20:07:56.267+0000] {dagbag.py:545} INFO - Filling up the DagBag from /opt/airflow/dags/tmdb_pipeline_to_stage.py
[2026-04-04T20:07:56.287+0000] {processor.py:840} INFO - DAG(s) 'tmdb_stage_pipeline' retrieved from /opt/airflow/dags/tmdb_pipeline_to_stage.py
[2026-04-04T20:07:56.320+0000] {logging_mixin.py:188} INFO - [2026-04-04T20:07:56.320+0000] {dag.py:3096} INFO - Sync 1 DAGs
[2026-04-04T20:07:56.347+0000] {logging_mixin.py:188} INFO - [2026-04-04T20:07:56.347+0000] {dag.py:3954} INFO - Setting next_dagrun for tmdb_stage_pipeline to None, run_after=None
[2026-04-04T20:07:56.380+0000] {processor.py:183} INFO - Processing /opt/airflow/dags/tmdb_pipeline_to_stage.py took 0.134 seconds
[2026-04-04T20:08:26.928+0000] {processor.py:161} INFO - Started process (PID=24713) to work on /opt/airflow/dags/tmdb_pipeline_to_stage.py
[2026-04-04T20:08:26.931+0000] {processor.py:830} INFO - Processing file /opt/airflow/dags/tmdb_pipeline_to_stage.py for tasks to queue
[2026-04-04T20:08:26.933+0000] {logging_mixin.py:188} INFO - [2026-04-04T20:08:26.932+0000] {dagbag.py:545} INFO - Filling up the DagBag from /opt/airflow/dags/tmdb_pipeline_to_stage.py
[2026-04-04T20:08:26.947+0000] {processor.py:840} INFO - DAG(s) 'tmdb_stage_pipeline' retrieved from /opt/airflow/dags/tmdb_pipeline_to_stage.py
[2026-04-04T20:08:26.979+0000] {logging_mixin.py:188} INFO - [2026-04-04T20:08:26.979+0000] {dag.py:3096} INFO - Sync 1 DAGs
[2026-04-04T20:08:26.991+0000] {logging_mixin.py:188} INFO - [2026-04-04T20:08:26.991+0000] {dag.py:3954} INFO - Setting next_dagrun for tmdb_stage_pipeline to None, run_after=None
[2026-04-04T20:08:27.004+0000] {processor.py:183} INFO - Processing /opt/airflow/dags/tmdb_pipeline_to_stage.py took 0.085 seconds
[2026-04-04T20:08:57.458+0000] {processor.py:161} INFO - Started process (PID=24733) to work on /opt/airflow/dags/tmdb_pipeline_to_stage.py
[2026-04-04T20:08:57.461+0000] {processor.py:830} INFO - Processing file /opt/airflow/dags/tmdb_pipeline_to_stage.py for tasks to queue
[2026-04-04T20:08:57.463+0000] {logging_mixin.py:188} INFO - [2026-04-04T20:08:57.463+0000] {dagbag.py:545} INFO - Filling up the DagBag from /opt/airflow/dags/tmdb_pipeline_to_stage.py
[2026-04-04T20:08:57.489+0000] {processor.py:840} INFO - DAG(s) 'tmdb_stage_pipeline' retrieved from /opt/airflow/dags/tmdb_pipeline_to_stage.py
[2026-04-04T20:08:57.520+0000] {logging_mixin.py:188} INFO - [2026-04-04T20:08:57.520+0000] {dag.py:3096} INFO - Sync 1 DAGs
[2026-04-04T20:08:57.545+0000] {logging_mixin.py:188} INFO - [2026-04-04T20:08:57.545+0000] {dag.py:3954} INFO - Setting next_dagrun for tmdb_stage_pipeline to None, run_after=None
[2026-04-04T20:08:57.567+0000] {processor.py:183} INFO - Processing /opt/airflow/dags/tmdb_pipeline_to_stage.py took 0.123 seconds
[2026-04-04T20:09:28.188+0000] {processor.py:161} INFO - Started process (PID=24753) to work on /opt/airflow/dags/tmdb_pipeline_to_stage.py
[2026-04-04T20:09:28.193+0000] {processor.py:830} INFO - Processing file /opt/airflow/dags/tmdb_pipeline_to_stage.py for tasks to queue
[2026-04-04T20:09:28.194+0000] {logging_mixin.py:188} INFO - [2026-04-04T20:09:28.194+0000] {dagbag.py:545} INFO - Filling up the DagBag from /opt/airflow/dags/tmdb_pipeline_to_stage.py
[2026-04-04T20:09:28.209+0000] {processor.py:840} INFO - DAG(s) 'tmdb_stage_pipeline' retrieved from /opt/airflow/dags/tmdb_pipeline_to_stage.py
[2026-04-04T20:09:28.248+0000] {logging_mixin.py:188} INFO - [2026-04-04T20:09:28.248+0000] {dag.py:3096} INFO - Sync 1 DAGs
[2026-04-04T20:09:28.269+0000] {logging_mixin.py:188} INFO - [2026-04-04T20:09:28.269+0000] {dag.py:3954} INFO - Setting next_dagrun for tmdb_stage_pipeline to None, run_after=None
[2026-04-04T20:09:28.288+0000] {processor.py:183} INFO - Processing /opt/airflow/dags/tmdb_pipeline_to_stage.py took 0.110 seconds
[2026-04-04T20:09:58.701+0000] {processor.py:161} INFO - Started process (PID=24773) to work on /opt/airflow/dags/tmdb_pipeline_to_stage.py
[2026-04-04T20:09:58.704+0000] {processor.py:830} INFO - Processing file /opt/airflow/dags/tmdb_pipeline_to_stage.py for tasks to queue
[2026-04-04T20:09:58.706+0000] {logging_mixin.py:188} INFO - [2026-04-04T20:09:58.706+0000] {dagbag.py:545} INFO - Filling up the DagBag from /opt/airflow/dags/tmdb_pipeline_to_stage.py
[2026-04-04T20:09:58.730+0000] {processor.py:840} INFO - DAG(s) 'tmdb_stage_pipeline' retrieved from /opt/airflow/dags/tmdb_pipeline_to_stage.py
[2026-04-04T20:09:58.756+0000] {logging_mixin.py:188} INFO - [2026-04-04T20:09:58.756+0000] {dag.py:3096} INFO - Sync 1 DAGs
[2026-04-04T20:09:58.773+0000] {logging_mixin.py:188} INFO - [2026-04-04T20:09:58.773+0000] {dag.py:3954} INFO - Setting next_dagrun for tmdb_stage_pipeline to None, run_after=None
[2026-04-04T20:09:58.786+0000] {processor.py:183} INFO - Processing /opt/airflow/dags/tmdb_pipeline_to_stage.py took 0.094 seconds
[2026-04-04T20:10:29.182+0000] {processor.py:161} INFO - Started process (PID=24793) to work on /opt/airflow/dags/tmdb_pipeline_to_stage.py
[2026-04-04T20:10:29.185+0000] {processor.py:830} INFO - Processing file /opt/airflow/dags/tmdb_pipeline_to_stage.py for tasks to queue
[2026-04-04T20:10:29.187+0000] {logging_mixin.py:188} INFO - [2026-04-04T20:10:29.187+0000] {dagbag.py:545} INFO - Filling up the DagBag from /opt/airflow/dags/tmdb_pipeline_to_stage.py
[2026-04-04T20:10:29.205+0000] {processor.py:840} INFO - DAG(s) 'tmdb_stage_pipeline' retrieved from /opt/airflow/dags/tmdb_pipeline_to_stage.py
[2026-04-04T20:10:29.232+0000] {logging_mixin.py:188} INFO - [2026-04-04T20:10:29.232+0000] {dag.py:3096} INFO - Sync 1 DAGs
[2026-04-04T20:10:29.255+0000] {logging_mixin.py:188} INFO - [2026-04-04T20:10:29.254+0000] {dag.py:3954} INFO - Setting next_dagrun for tmdb_stage_pipeline to None, run_after=None
[2026-04-04T20:10:29.271+0000] {processor.py:183} INFO - Processing /opt/airflow/dags/tmdb_pipeline_to_stage.py took 0.098 seconds
[2026-04-04T20:10:59.680+0000] {processor.py:161} INFO - Started process (PID=24813) to work on /opt/airflow/dags/tmdb_pipeline_to_stage.py
[2026-04-04T20:10:59.692+0000] {processor.py:830} INFO - Processing file /opt/airflow/dags/tmdb_pipeline_to_stage.py for tasks to queue
[2026-04-04T20:10:59.699+0000] {logging_mixin.py:188} INFO - [2026-04-04T20:10:59.695+0000] {dagbag.py:545} INFO - Filling up the DagBag from /opt/airflow/dags/tmdb_pipeline_to_stage.py
[2026-04-04T20:10:59.746+0000] {processor.py:840} INFO - DAG(s) 'tmdb_stage_pipeline' retrieved from /opt/airflow/dags/tmdb_pipeline_to_stage.py
[2026-04-04T20:10:59.770+0000] {logging_mixin.py:188} INFO - [2026-04-04T20:10:59.770+0000] {dag.py:3096} INFO - Sync 1 DAGs
[2026-04-04T20:10:59.797+0000] {logging_mixin.py:188} INFO - [2026-04-04T20:10:59.796+0000] {dag.py:3954} INFO - Setting next_dagrun for tmdb_stage_pipeline to None, run_after=None
[2026-04-04T20:10:59.822+0000] {processor.py:183} INFO - Processing /opt/airflow/dags/tmdb_pipeline_to_stage.py took 0.182 seconds
[2026-04-04T20:11:30.283+0000] {processor.py:161} INFO - Started process (PID=24833) to work on /opt/airflow/dags/tmdb_pipeline_to_stage.py
[2026-04-04T20:11:30.288+0000] {processor.py:830} INFO - Processing file /opt/airflow/dags/tmdb_pipeline_to_stage.py for tasks to queue
[2026-04-04T20:11:30.289+0000] {logging_mixin.py:188} INFO - [2026-04-04T20:11:30.288+0000] {dagbag.py:545} INFO - Filling up the DagBag from /opt/airflow/dags/tmdb_pipeline_to_stage.py
[2026-04-04T20:11:30.307+0000] {processor.py:840} INFO - DAG(s) 'tmdb_stage_pipeline' retrieved from /opt/airflow/dags/tmdb_pipeline_to_stage.py
[2026-04-04T20:11:30.344+0000] {logging_mixin.py:188} INFO - [2026-04-04T20:11:30.344+0000] {dag.py:3096} INFO - Sync 1 DAGs
[2026-04-04T20:11:30.361+0000] {logging_mixin.py:188} INFO - [2026-04-04T20:11:30.361+0000] {dag.py:3954} INFO - Setting next_dagrun for tmdb_stage_pipeline to None, run_after=None
[2026-04-04T20:11:30.386+0000] {processor.py:183} INFO - Processing /opt/airflow/dags/tmdb_pipeline_to_stage.py took 0.115 seconds
[2026-04-04T20:12:00.822+0000] {processor.py:161} INFO - Started process (PID=24853) to work on /opt/airflow/dags/tmdb_pipeline_to_stage.py
[2026-04-04T20:12:00.826+0000] {processor.py:830} INFO - Processing file /opt/airflow/dags/tmdb_pipeline_to_stage.py for tasks to queue
[2026-04-04T20:12:00.827+0000] {logging_mixin.py:188} INFO - [2026-04-04T20:12:00.827+0000] {dagbag.py:545} INFO - Filling up the DagBag from /opt/airflow/dags/tmdb_pipeline_to_stage.py
[2026-04-04T20:12:00.850+0000] {processor.py:840} INFO - DAG(s) 'tmdb_stage_pipeline' retrieved from /opt/airflow/dags/tmdb_pipeline_to_stage.py
[2026-04-04T20:12:00.890+0000] {logging_mixin.py:188} INFO - [2026-04-04T20:12:00.890+0000] {dag.py:3096} INFO - Sync 1 DAGs
[2026-04-04T20:12:00.922+0000] {logging_mixin.py:188} INFO - [2026-04-04T20:12:00.922+0000] {dag.py:3954} INFO - Setting next_dagrun for tmdb_stage_pipeline to None, run_after=None
[2026-04-04T20:12:00.965+0000] {processor.py:183} INFO - Processing /opt/airflow/dags/tmdb_pipeline_to_stage.py took 0.155 seconds
[2026-04-04T20:12:31.579+0000] {processor.py:161} INFO - Started process (PID=24873) to work on /opt/airflow/dags/tmdb_pipeline_to_stage.py
[2026-04-04T20:12:31.584+0000] {processor.py:830} INFO - Processing file /opt/airflow/dags/tmdb_pipeline_to_stage.py for tasks to queue
[2026-04-04T20:12:31.587+0000] {logging_mixin.py:188} INFO - [2026-04-04T20:12:31.586+0000] {dagbag.py:545} INFO - Filling up the DagBag from /opt/airflow/dags/tmdb_pipeline_to_stage.py
[2026-04-04T20:12:31.603+0000] {processor.py:840} INFO - DAG(s) 'tmdb_stage_pipeline' retrieved from /opt/airflow/dags/tmdb_pipeline_to_stage.py
[2026-04-04T20:12:31.653+0000] {logging_mixin.py:188} INFO - [2026-04-04T20:12:31.653+0000] {dag.py:3096} INFO - Sync 1 DAGs
[2026-04-04T20:12:31.672+0000] {logging_mixin.py:188} INFO - [2026-04-04T20:12:31.672+0000] {dag.py:3954} INFO - Setting next_dagrun for tmdb_stage_pipeline to None, run_after=None
[2026-04-04T20:12:31.689+0000] {processor.py:183} INFO - Processing /opt/airflow/dags/tmdb_pipeline_to_stage.py took 0.128 seconds
[2026-04-04T20:13:02.093+0000] {processor.py:161} INFO - Started process (PID=24893) to work on /opt/airflow/dags/tmdb_pipeline_to_stage.py
[2026-04-04T20:13:02.096+0000] {processor.py:830} INFO - Processing file /opt/airflow/dags/tmdb_pipeline_to_stage.py for tasks to queue
[2026-04-04T20:13:02.098+0000] {logging_mixin.py:188} INFO - [2026-04-04T20:13:02.098+0000] {dagbag.py:545} INFO - Filling up the DagBag from /opt/airflow/dags/tmdb_pipeline_to_stage.py
[2026-04-04T20:13:02.115+0000] {processor.py:840} INFO - DAG(s) 'tmdb_stage_pipeline' retrieved from /opt/airflow/dags/tmdb_pipeline_to_stage.py
[2026-04-04T20:13:02.160+0000] {logging_mixin.py:188} INFO - [2026-04-04T20:13:02.159+0000] {dag.py:3096} INFO - Sync 1 DAGs
[2026-04-04T20:13:02.187+0000] {logging_mixin.py:188} INFO - [2026-04-04T20:13:02.186+0000] {dag.py:3954} INFO - Setting next_dagrun for tmdb_stage_pipeline to None, run_after=None
[2026-04-04T20:13:02.204+0000] {processor.py:183} INFO - Processing /opt/airflow/dags/tmdb_pipeline_to_stage.py took 0.124 seconds
[2026-04-04T20:13:32.653+0000] {processor.py:161} INFO - Started process (PID=24913) to work on /opt/airflow/dags/tmdb_pipeline_to_stage.py
[2026-04-04T20:13:32.657+0000] {processor.py:830} INFO - Processing file /opt/airflow/dags/tmdb_pipeline_to_stage.py for tasks to queue
[2026-04-04T20:13:32.658+0000] {logging_mixin.py:188} INFO - [2026-04-04T20:13:32.658+0000] {dagbag.py:545} INFO - Filling up the DagBag from /opt/airflow/dags/tmdb_pipeline_to_stage.py
[2026-04-04T20:13:32.688+0000] {processor.py:840} INFO - DAG(s) 'tmdb_stage_pipeline' retrieved from /opt/airflow/dags/tmdb_pipeline_to_stage.py
[2026-04-04T20:13:32.722+0000] {logging_mixin.py:188} INFO - [2026-04-04T20:13:32.722+0000] {dag.py:3096} INFO - Sync 1 DAGs
[2026-04-04T20:13:32.751+0000] {logging_mixin.py:188} INFO - [2026-04-04T20:13:32.751+0000] {dag.py:3954} INFO - Setting next_dagrun for tmdb_stage_pipeline to None, run_after=None
[2026-04-04T20:13:32.772+0000] {processor.py:183} INFO - Processing /opt/airflow/dags/tmdb_pipeline_to_stage.py took 0.134 seconds
[2026-04-04T20:14:03.264+0000] {processor.py:161} INFO - Started process (PID=24933) to work on /opt/airflow/dags/tmdb_pipeline_to_stage.py
[2026-04-04T20:14:03.269+0000] {processor.py:830} INFO - Processing file /opt/airflow/dags/tmdb_pipeline_to_stage.py for tasks to queue
[2026-04-04T20:14:03.272+0000] {logging_mixin.py:188} INFO - [2026-04-04T20:14:03.270+0000] {dagbag.py:545} INFO - Filling up the DagBag from /opt/airflow/dags/tmdb_pipeline_to_stage.py
[2026-04-04T20:14:03.302+0000] {processor.py:840} INFO - DAG(s) 'tmdb_stage_pipeline' retrieved from /opt/airflow/dags/tmdb_pipeline_to_stage.py
[2026-04-04T20:14:03.351+0000] {logging_mixin.py:188} INFO - [2026-04-04T20:14:03.351+0000] {dag.py:3096} INFO - Sync 1 DAGs
[2026-04-04T20:14:03.439+0000] {logging_mixin.py:188} INFO - [2026-04-04T20:14:03.439+0000] {dag.py:3954} INFO - Setting next_dagrun for tmdb_stage_pipeline to None, run_after=None
[2026-04-04T20:14:03.465+0000] {processor.py:183} INFO - Processing /opt/airflow/dags/tmdb_pipeline_to_stage.py took 0.217 seconds
[2026-04-04T20:14:33.884+0000] {processor.py:161} INFO - Started process (PID=24953) to work on /opt/airflow/dags/tmdb_pipeline_to_stage.py
[2026-04-04T20:14:33.888+0000] {processor.py:830} INFO - Processing file /opt/airflow/dags/tmdb_pipeline_to_stage.py for tasks to queue
[2026-04-04T20:14:33.889+0000] {logging_mixin.py:188} INFO - [2026-04-04T20:14:33.889+0000] {dagbag.py:545} INFO - Filling up the DagBag from /opt/airflow/dags/tmdb_pipeline_to_stage.py
[2026-04-04T20:14:33.909+0000] {processor.py:840} INFO - DAG(s) 'tmdb_stage_pipeline' retrieved from /opt/airflow/dags/tmdb_pipeline_to_stage.py
[2026-04-04T20:14:33.949+0000] {logging_mixin.py:188} INFO - [2026-04-04T20:14:33.949+0000] {dag.py:3096} INFO - Sync 1 DAGs
[2026-04-04T20:14:33.964+0000] {logging_mixin.py:188} INFO - [2026-04-04T20:14:33.964+0000] {dag.py:3954} INFO - Setting next_dagrun for tmdb_stage_pipeline to None, run_after=None
[2026-04-04T20:14:33.980+0000] {processor.py:183} INFO - Processing /opt/airflow/dags/tmdb_pipeline_to_stage.py took 0.110 seconds
[2026-04-04T20:15:04.509+0000] {processor.py:161} INFO - Started process (PID=24973) to work on /opt/airflow/dags/tmdb_pipeline_to_stage.py
[2026-04-04T20:15:04.512+0000] {processor.py:830} INFO - Processing file /opt/airflow/dags/tmdb_pipeline_to_stage.py for tasks to queue
[2026-04-04T20:15:04.513+0000] {logging_mixin.py:188} INFO - [2026-04-04T20:15:04.513+0000] {dagbag.py:545} INFO - Filling up the DagBag from /opt/airflow/dags/tmdb_pipeline_to_stage.py
[2026-04-04T20:15:04.540+0000] {processor.py:840} INFO - DAG(s) 'tmdb_stage_pipeline' retrieved from /opt/airflow/dags/tmdb_pipeline_to_stage.py
[2026-04-04T20:15:04.583+0000] {logging_mixin.py:188} INFO - [2026-04-04T20:15:04.583+0000] {dag.py:3096} INFO - Sync 1 DAGs
[2026-04-04T20:15:04.602+0000] {logging_mixin.py:188} INFO - [2026-04-04T20:15:04.602+0000] {dag.py:3954} INFO - Setting next_dagrun for tmdb_stage_pipeline to None, run_after=None
[2026-04-04T20:15:04.617+0000] {processor.py:183} INFO - Processing /opt/airflow/dags/tmdb_pipeline_to_stage.py took 0.120 seconds
[2026-04-04T20:15:35.117+0000] {processor.py:161} INFO - Started process (PID=24993) to work on /opt/airflow/dags/tmdb_pipeline_to_stage.py
[2026-04-04T20:15:35.125+0000] {processor.py:830} INFO - Processing file /opt/airflow/dags/tmdb_pipeline_to_stage.py for tasks to queue
[2026-04-04T20:15:35.128+0000] {logging_mixin.py:188} INFO - [2026-04-04T20:15:35.127+0000] {dagbag.py:545} INFO - Filling up the DagBag from /opt/airflow/dags/tmdb_pipeline_to_stage.py
[2026-04-04T20:15:35.157+0000] {processor.py:840} INFO - DAG(s) 'tmdb_stage_pipeline' retrieved from /opt/airflow/dags/tmdb_pipeline_to_stage.py
[2026-04-04T20:15:35.340+0000] {logging_mixin.py:188} INFO - [2026-04-04T20:15:35.340+0000] {dag.py:3096} INFO - Sync 1 DAGs
[2026-04-04T20:15:35.373+0000] {logging_mixin.py:188} INFO - [2026-04-04T20:15:35.373+0000] {dag.py:3954} INFO - Setting next_dagrun for tmdb_stage_pipeline to None, run_after=None
[2026-04-04T20:15:35.403+0000] {processor.py:183} INFO - Processing /opt/airflow/dags/tmdb_pipeline_to_stage.py took 0.335 seconds
[2026-04-04T20:16:05.837+0000] {processor.py:161} INFO - Started process (PID=25013) to work on /opt/airflow/dags/tmdb_pipeline_to_stage.py
[2026-04-04T20:16:05.841+0000] {processor.py:830} INFO - Processing file /opt/airflow/dags/tmdb_pipeline_to_stage.py for tasks to queue
[2026-04-04T20:16:05.845+0000] {logging_mixin.py:188} INFO - [2026-04-04T20:16:05.844+0000] {dagbag.py:545} INFO - Filling up the DagBag from /opt/airflow/dags/tmdb_pipeline_to_stage.py
[2026-04-04T20:16:05.884+0000] {processor.py:840} INFO - DAG(s) 'tmdb_stage_pipeline' retrieved from /opt/airflow/dags/tmdb_pipeline_to_stage.py
[2026-04-04T20:16:05.946+0000] {logging_mixin.py:188} INFO - [2026-04-04T20:16:05.946+0000] {dag.py:3096} INFO - Sync 1 DAGs
[2026-04-04T20:16:05.965+0000] {logging_mixin.py:188} INFO - [2026-04-04T20:16:05.965+0000] {dag.py:3954} INFO - Setting next_dagrun for tmdb_stage_pipeline to None, run_after=None
[2026-04-04T20:16:05.984+0000] {processor.py:183} INFO - Processing /opt/airflow/dags/tmdb_pipeline_to_stage.py took 0.163 seconds
[2026-04-04T20:16:36.450+0000] {processor.py:161} INFO - Started process (PID=25033) to work on /opt/airflow/dags/tmdb_pipeline_to_stage.py
[2026-04-04T20:16:36.467+0000] {processor.py:830} INFO - Processing file /opt/airflow/dags/tmdb_pipeline_to_stage.py for tasks to queue
[2026-04-04T20:16:36.469+0000] {logging_mixin.py:188} INFO - [2026-04-04T20:16:36.469+0000] {dagbag.py:545} INFO - Filling up the DagBag from /opt/airflow/dags/tmdb_pipeline_to_stage.py
[2026-04-04T20:16:36.496+0000] {processor.py:840} INFO - DAG(s) 'tmdb_stage_pipeline' retrieved from /opt/airflow/dags/tmdb_pipeline_to_stage.py
[2026-04-04T20:16:36.530+0000] {logging_mixin.py:188} INFO - [2026-04-04T20:16:36.529+0000] {dag.py:3096} INFO - Sync 1 DAGs
[2026-04-04T20:16:36.557+0000] {logging_mixin.py:188} INFO - [2026-04-04T20:16:36.557+0000] {dag.py:3954} INFO - Setting next_dagrun for tmdb_stage_pipeline to None, run_after=None
[2026-04-04T20:16:36.576+0000] {processor.py:183} INFO - Processing /opt/airflow/dags/tmdb_pipeline_to_stage.py took 0.141 seconds
[2026-04-04T20:17:06.988+0000] {processor.py:161} INFO - Started process (PID=25053) to work on /opt/airflow/dags/tmdb_pipeline_to_stage.py
[2026-04-04T20:17:07.003+0000] {processor.py:830} INFO - Processing file /opt/airflow/dags/tmdb_pipeline_to_stage.py for tasks to queue
[2026-04-04T20:17:07.004+0000] {logging_mixin.py:188} INFO - [2026-04-04T20:17:07.004+0000] {dagbag.py:545} INFO - Filling up the DagBag from /opt/airflow/dags/tmdb_pipeline_to_stage.py
[2026-04-04T20:17:07.024+0000] {processor.py:840} INFO - DAG(s) 'tmdb_stage_pipeline' retrieved from /opt/airflow/dags/tmdb_pipeline_to_stage.py
[2026-04-04T20:17:07.052+0000] {logging_mixin.py:188} INFO - [2026-04-04T20:17:07.052+0000] {dag.py:3096} INFO - Sync 1 DAGs
[2026-04-04T20:17:07.071+0000] {logging_mixin.py:188} INFO - [2026-04-04T20:17:07.071+0000] {dag.py:3954} INFO - Setting next_dagrun for tmdb_stage_pipeline to None, run_after=None
[2026-04-04T20:17:07.083+0000] {processor.py:183} INFO - Processing /opt/airflow/dags/tmdb_pipeline_to_stage.py took 0.111 seconds
[2026-04-04T20:17:37.524+0000] {processor.py:161} INFO - Started process (PID=25073) to work on /opt/airflow/dags/tmdb_pipeline_to_stage.py
[2026-04-04T20:17:37.527+0000] {processor.py:830} INFO - Processing file /opt/airflow/dags/tmdb_pipeline_to_stage.py for tasks to queue
[2026-04-04T20:17:37.528+0000] {logging_mixin.py:188} INFO - [2026-04-04T20:17:37.527+0000] {dagbag.py:545} INFO - Filling up the DagBag from /opt/airflow/dags/tmdb_pipeline_to_stage.py
[2026-04-04T20:17:37.543+0000] {processor.py:840} INFO - DAG(s) 'tmdb_stage_pipeline' retrieved from /opt/airflow/dags/tmdb_pipeline_to_stage.py
[2026-04-04T20:17:37.573+0000] {logging_mixin.py:188} INFO - [2026-04-04T20:17:37.572+0000] {dag.py:3096} INFO - Sync 1 DAGs
[2026-04-04T20:17:37.586+0000] {logging_mixin.py:188} INFO - [2026-04-04T20:17:37.586+0000] {dag.py:3954} INFO - Setting next_dagrun for tmdb_stage_pipeline to None, run_after=None
[2026-04-04T20:17:37.601+0000] {processor.py:183} INFO - Processing /opt/airflow/dags/tmdb_pipeline_to_stage.py took 0.105 seconds
[2026-04-04T20:18:07.993+0000] {processor.py:161} INFO - Started process (PID=25093) to work on /opt/airflow/dags/tmdb_pipeline_to_stage.py
[2026-04-04T20:18:07.997+0000] {processor.py:830} INFO - Processing file /opt/airflow/dags/tmdb_pipeline_to_stage.py for tasks to queue
[2026-04-04T20:18:07.998+0000] {logging_mixin.py:188} INFO - [2026-04-04T20:18:07.997+0000] {dagbag.py:545} INFO - Filling up the DagBag from /opt/airflow/dags/tmdb_pipeline_to_stage.py
[2026-04-04T20:18:08.022+0000] {processor.py:840} INFO - DAG(s) 'tmdb_stage_pipeline' retrieved from /opt/airflow/dags/tmdb_pipeline_to_stage.py
[2026-04-04T20:18:08.063+0000] {logging_mixin.py:188} INFO - [2026-04-04T20:18:08.062+0000] {dag.py:3096} INFO - Sync 1 DAGs
[2026-04-04T20:18:08.084+0000] {logging_mixin.py:188} INFO - [2026-04-04T20:18:08.084+0000] {dag.py:3954} INFO - Setting next_dagrun for tmdb_stage_pipeline to None, run_after=None
[2026-04-04T20:18:08.100+0000] {processor.py:183} INFO - Processing /opt/airflow/dags/tmdb_pipeline_to_stage.py took 0.120 seconds
[2026-04-04T20:18:38.505+0000] {processor.py:161} INFO - Started process (PID=25113) to work on /opt/airflow/dags/tmdb_pipeline_to_stage.py
[2026-04-04T20:18:38.508+0000] {processor.py:830} INFO - Processing file /opt/airflow/dags/tmdb_pipeline_to_stage.py for tasks to queue
[2026-04-04T20:18:38.509+0000] {logging_mixin.py:188} INFO - [2026-04-04T20:18:38.509+0000] {dagbag.py:545} INFO - Filling up the DagBag from /opt/airflow/dags/tmdb_pipeline_to_stage.py
[2026-04-04T20:18:38.538+0000] {processor.py:840} INFO - DAG(s) 'tmdb_stage_pipeline' retrieved from /opt/airflow/dags/tmdb_pipeline_to_stage.py
[2026-04-04T20:18:38.577+0000] {logging_mixin.py:188} INFO - [2026-04-04T20:18:38.577+0000] {dag.py:3096} INFO - Sync 1 DAGs
[2026-04-04T20:18:38.592+0000] {logging_mixin.py:188} INFO - [2026-04-04T20:18:38.592+0000] {dag.py:3954} INFO - Setting next_dagrun for tmdb_stage_pipeline to None, run_after=None
[2026-04-04T20:18:38.612+0000] {processor.py:183} INFO - Processing /opt/airflow/dags/tmdb_pipeline_to_stage.py took 0.119 seconds
[2026-04-04T20:19:08.953+0000] {processor.py:161} INFO - Started process (PID=25133) to work on /opt/airflow/dags/tmdb_pipeline_to_stage.py
[2026-04-04T20:19:08.958+0000] {processor.py:830} INFO - Processing file /opt/airflow/dags/tmdb_pipeline_to_stage.py for tasks to queue
[2026-04-04T20:19:08.959+0000] {logging_mixin.py:188} INFO - [2026-04-04T20:19:08.958+0000] {dagbag.py:545} INFO - Filling up the DagBag from /opt/airflow/dags/tmdb_pipeline_to_stage.py
[2026-04-04T20:19:08.984+0000] {processor.py:840} INFO - DAG(s) 'tmdb_stage_pipeline' retrieved from /opt/airflow/dags/tmdb_pipeline_to_stage.py
[2026-04-04T20:19:09.016+0000] {logging_mixin.py:188} INFO - [2026-04-04T20:19:09.016+0000] {dag.py:3096} INFO - Sync 1 DAGs
[2026-04-04T20:19:09.040+0000] {logging_mixin.py:188} INFO - [2026-04-04T20:19:09.039+0000] {dag.py:3954} INFO - Setting next_dagrun for tmdb_stage_pipeline to None, run_after=None
[2026-04-04T20:19:09.060+0000] {processor.py:183} INFO - Processing /opt/airflow/dags/tmdb_pipeline_to_stage.py took 0.124 seconds
[2026-04-04T20:19:39.557+0000] {processor.py:161} INFO - Started process (PID=25153) to work on /opt/airflow/dags/tmdb_pipeline_to_stage.py
[2026-04-04T20:19:39.561+0000] {processor.py:830} INFO - Processing file /opt/airflow/dags/tmdb_pipeline_to_stage.py for tasks to queue
[2026-04-04T20:19:39.563+0000] {logging_mixin.py:188} INFO - [2026-04-04T20:19:39.563+0000] {dagbag.py:545} INFO - Filling up the DagBag from /opt/airflow/dags/tmdb_pipeline_to_stage.py
[2026-04-04T20:19:39.578+0000] {processor.py:840} INFO - DAG(s) 'tmdb_stage_pipeline' retrieved from /opt/airflow/dags/tmdb_pipeline_to_stage.py
[2026-04-04T20:19:39.609+0000] {logging_mixin.py:188} INFO - [2026-04-04T20:19:39.608+0000] {dag.py:3096} INFO - Sync 1 DAGs
[2026-04-04T20:19:39.622+0000] {logging_mixin.py:188} INFO - [2026-04-04T20:19:39.622+0000] {dag.py:3954} INFO - Setting next_dagrun for tmdb_stage_pipeline to None, run_after=None
[2026-04-04T20:19:39.642+0000] {processor.py:183} INFO - Processing /opt/airflow/dags/tmdb_pipeline_to_stage.py took 0.094 seconds
[2026-04-04T20:20:10.049+0000] {processor.py:161} INFO - Started process (PID=25173) to work on /opt/airflow/dags/tmdb_pipeline_to_stage.py
[2026-04-04T20:20:10.052+0000] {processor.py:830} INFO - Processing file /opt/airflow/dags/tmdb_pipeline_to_stage.py for tasks to queue
[2026-04-04T20:20:10.053+0000] {logging_mixin.py:188} INFO - [2026-04-04T20:20:10.052+0000] {dagbag.py:545} INFO - Filling up the DagBag from /opt/airflow/dags/tmdb_pipeline_to_stage.py
[2026-04-04T20:20:10.070+0000] {processor.py:840} INFO - DAG(s) 'tmdb_stage_pipeline' retrieved from /opt/airflow/dags/tmdb_pipeline_to_stage.py
[2026-04-04T20:20:10.108+0000] {logging_mixin.py:188} INFO - [2026-04-04T20:20:10.108+0000] {dag.py:3096} INFO - Sync 1 DAGs
[2026-04-04T20:20:10.136+0000] {logging_mixin.py:188} INFO - [2026-04-04T20:20:10.136+0000] {dag.py:3954} INFO - Setting next_dagrun for tmdb_stage_pipeline to None, run_after=None
[2026-04-04T20:20:10.152+0000] {processor.py:183} INFO - Processing /opt/airflow/dags/tmdb_pipeline_to_stage.py took 0.124 seconds
[2026-04-04T20:20:40.600+0000] {processor.py:161} INFO - Started process (PID=25193) to work on /opt/airflow/dags/tmdb_pipeline_to_stage.py
[2026-04-04T20:20:40.604+0000] {processor.py:830} INFO - Processing file /opt/airflow/dags/tmdb_pipeline_to_stage.py for tasks to queue
[2026-04-04T20:20:40.606+0000] {logging_mixin.py:188} INFO - [2026-04-04T20:20:40.605+0000] {dagbag.py:545} INFO - Filling up the DagBag from /opt/airflow/dags/tmdb_pipeline_to_stage.py
[2026-04-04T20:20:40.626+0000] {processor.py:840} INFO - DAG(s) 'tmdb_stage_pipeline' retrieved from /opt/airflow/dags/tmdb_pipeline_to_stage.py
[2026-04-04T20:20:40.661+0000] {logging_mixin.py:188} INFO - [2026-04-04T20:20:40.661+0000] {dag.py:3096} INFO - Sync 1 DAGs
[2026-04-04T20:20:40.685+0000] {logging_mixin.py:188} INFO - [2026-04-04T20:20:40.685+0000] {dag.py:3954} INFO - Setting next_dagrun for tmdb_stage_pipeline to None, run_after=None
[2026-04-04T20:20:40.699+0000] {processor.py:183} INFO - Processing /opt/airflow/dags/tmdb_pipeline_to_stage.py took 0.115 seconds
[2026-04-04T20:21:11.091+0000] {processor.py:161} INFO - Started process (PID=25213) to work on /opt/airflow/dags/tmdb_pipeline_to_stage.py
[2026-04-04T20:21:11.094+0000] {processor.py:830} INFO - Processing file /opt/airflow/dags/tmdb_pipeline_to_stage.py for tasks to queue
[2026-04-04T20:21:11.095+0000] {logging_mixin.py:188} INFO - [2026-04-04T20:21:11.095+0000] {dagbag.py:545} INFO - Filling up the DagBag from /opt/airflow/dags/tmdb_pipeline_to_stage.py
[2026-04-04T20:21:11.112+0000] {processor.py:840} INFO - DAG(s) 'tmdb_stage_pipeline' retrieved from /opt/airflow/dags/tmdb_pipeline_to_stage.py
[2026-04-04T20:21:11.147+0000] {logging_mixin.py:188} INFO - [2026-04-04T20:21:11.147+0000] {dag.py:3096} INFO - Sync 1 DAGs
[2026-04-04T20:21:11.162+0000] {logging_mixin.py:188} INFO - [2026-04-04T20:21:11.162+0000] {dag.py:3954} INFO - Setting next_dagrun for tmdb_stage_pipeline to None, run_after=None
[2026-04-04T20:21:11.174+0000] {processor.py:183} INFO - Processing /opt/airflow/dags/tmdb_pipeline_to_stage.py took 0.097 seconds
[2026-04-04T20:21:41.634+0000] {processor.py:161} INFO - Started process (PID=25233) to work on /opt/airflow/dags/tmdb_pipeline_to_stage.py
[2026-04-04T20:21:41.637+0000] {processor.py:830} INFO - Processing file /opt/airflow/dags/tmdb_pipeline_to_stage.py for tasks to queue
[2026-04-04T20:21:41.639+0000] {logging_mixin.py:188} INFO - [2026-04-04T20:21:41.639+0000] {dagbag.py:545} INFO - Filling up the DagBag from /opt/airflow/dags/tmdb_pipeline_to_stage.py
[2026-04-04T20:21:41.656+0000] {processor.py:840} INFO - DAG(s) 'tmdb_stage_pipeline' retrieved from /opt/airflow/dags/tmdb_pipeline_to_stage.py
[2026-04-04T20:21:41.690+0000] {logging_mixin.py:188} INFO - [2026-04-04T20:21:41.690+0000] {dag.py:3096} INFO - Sync 1 DAGs
[2026-04-04T20:21:41.708+0000] {logging_mixin.py:188} INFO - [2026-04-04T20:21:41.708+0000] {dag.py:3954} INFO - Setting next_dagrun for tmdb_stage_pipeline to None, run_after=None
[2026-04-04T20:21:41.736+0000] {processor.py:183} INFO - Processing /opt/airflow/dags/tmdb_pipeline_to_stage.py took 0.114 seconds
[2026-04-04T20:22:12.142+0000] {processor.py:161} INFO - Started process (PID=25253) to work on /opt/airflow/dags/tmdb_pipeline_to_stage.py
[2026-04-04T20:22:12.145+0000] {processor.py:830} INFO - Processing file /opt/airflow/dags/tmdb_pipeline_to_stage.py for tasks to queue
[2026-04-04T20:22:12.147+0000] {logging_mixin.py:188} INFO - [2026-04-04T20:22:12.147+0000] {dagbag.py:545} INFO - Filling up the DagBag from /opt/airflow/dags/tmdb_pipeline_to_stage.py
[2026-04-04T20:22:12.164+0000] {processor.py:840} INFO - DAG(s) 'tmdb_stage_pipeline' retrieved from /opt/airflow/dags/tmdb_pipeline_to_stage.py
[2026-04-04T20:22:12.209+0000] {logging_mixin.py:188} INFO - [2026-04-04T20:22:12.209+0000] {dag.py:3096} INFO - Sync 1 DAGs
[2026-04-04T20:22:12.245+0000] {logging_mixin.py:188} INFO - [2026-04-04T20:22:12.245+0000] {dag.py:3954} INFO - Setting next_dagrun for tmdb_stage_pipeline to None, run_after=None
[2026-04-04T20:22:12.285+0000] {processor.py:183} INFO - Processing /opt/airflow/dags/tmdb_pipeline_to_stage.py took 0.151 seconds
[2026-04-04T20:22:42.838+0000] {processor.py:161} INFO - Started process (PID=25273) to work on /opt/airflow/dags/tmdb_pipeline_to_stage.py
[2026-04-04T20:22:42.842+0000] {processor.py:830} INFO - Processing file /opt/airflow/dags/tmdb_pipeline_to_stage.py for tasks to queue
[2026-04-04T20:22:42.844+0000] {logging_mixin.py:188} INFO - [2026-04-04T20:22:42.843+0000] {dagbag.py:545} INFO - Filling up the DagBag from /opt/airflow/dags/tmdb_pipeline_to_stage.py
[2026-04-04T20:22:42.872+0000] {processor.py:840} INFO - DAG(s) 'tmdb_stage_pipeline' retrieved from /opt/airflow/dags/tmdb_pipeline_to_stage.py
[2026-04-04T20:22:42.939+0000] {logging_mixin.py:188} INFO - [2026-04-04T20:22:42.939+0000] {dag.py:3096} INFO - Sync 1 DAGs
[2026-04-04T20:22:42.968+0000] {logging_mixin.py:188} INFO - [2026-04-04T20:22:42.967+0000] {dag.py:3954} INFO - Setting next_dagrun for tmdb_stage_pipeline to None, run_after=None
[2026-04-04T20:22:43.006+0000] {processor.py:183} INFO - Processing /opt/airflow/dags/tmdb_pipeline_to_stage.py took 0.195 seconds
[2026-04-04T20:23:13.657+0000] {processor.py:161} INFO - Started process (PID=25293) to work on /opt/airflow/dags/tmdb_pipeline_to_stage.py
[2026-04-04T20:23:13.660+0000] {processor.py:830} INFO - Processing file /opt/airflow/dags/tmdb_pipeline_to_stage.py for tasks to queue
[2026-04-04T20:23:13.661+0000] {logging_mixin.py:188} INFO - [2026-04-04T20:23:13.660+0000] {dagbag.py:545} INFO - Filling up the DagBag from /opt/airflow/dags/tmdb_pipeline_to_stage.py
[2026-04-04T20:23:13.690+0000] {processor.py:840} INFO - DAG(s) 'tmdb_stage_pipeline' retrieved from /opt/airflow/dags/tmdb_pipeline_to_stage.py
[2026-04-04T20:23:13.808+0000] {logging_mixin.py:188} INFO - [2026-04-04T20:23:13.808+0000] {dag.py:3096} INFO - Sync 1 DAGs
[2026-04-04T20:23:13.827+0000] {logging_mixin.py:188} INFO - [2026-04-04T20:23:13.827+0000] {dag.py:3954} INFO - Setting next_dagrun for tmdb_stage_pipeline to None, run_after=None
[2026-04-04T20:23:13.846+0000] {processor.py:183} INFO - Processing /opt/airflow/dags/tmdb_pipeline_to_stage.py took 0.203 seconds
[2026-04-04T20:23:44.301+0000] {processor.py:161} INFO - Started process (PID=25313) to work on /opt/airflow/dags/tmdb_pipeline_to_stage.py
[2026-04-04T20:23:44.303+0000] {processor.py:830} INFO - Processing file /opt/airflow/dags/tmdb_pipeline_to_stage.py for tasks to queue
[2026-04-04T20:23:44.306+0000] {logging_mixin.py:188} INFO - [2026-04-04T20:23:44.305+0000] {dagbag.py:545} INFO - Filling up the DagBag from /opt/airflow/dags/tmdb_pipeline_to_stage.py
[2026-04-04T20:23:44.336+0000] {processor.py:840} INFO - DAG(s) 'tmdb_stage_pipeline' retrieved from /opt/airflow/dags/tmdb_pipeline_to_stage.py
[2026-04-04T20:23:44.389+0000] {logging_mixin.py:188} INFO - [2026-04-04T20:23:44.389+0000] {dag.py:3096} INFO - Sync 1 DAGs
[2026-04-04T20:23:44.405+0000] {logging_mixin.py:188} INFO - [2026-04-04T20:23:44.405+0000] {dag.py:3954} INFO - Setting next_dagrun for tmdb_stage_pipeline to None, run_after=None
[2026-04-04T20:23:44.423+0000] {processor.py:183} INFO - Processing /opt/airflow/dags/tmdb_pipeline_to_stage.py took 0.140 seconds
[2026-04-04T20:24:14.840+0000] {processor.py:161} INFO - Started process (PID=25333) to work on /opt/airflow/dags/tmdb_pipeline_to_stage.py
[2026-04-04T20:24:14.843+0000] {processor.py:830} INFO - Processing file /opt/airflow/dags/tmdb_pipeline_to_stage.py for tasks to queue
[2026-04-04T20:24:14.844+0000] {logging_mixin.py:188} INFO - [2026-04-04T20:24:14.843+0000] {dagbag.py:545} INFO - Filling up the DagBag from /opt/airflow/dags/tmdb_pipeline_to_stage.py
[2026-04-04T20:24:14.865+0000] {processor.py:840} INFO - DAG(s) 'tmdb_stage_pipeline' retrieved from /opt/airflow/dags/tmdb_pipeline_to_stage.py
[2026-04-04T20:24:14.909+0000] {logging_mixin.py:188} INFO - [2026-04-04T20:24:14.909+0000] {dag.py:3096} INFO - Sync 1 DAGs
[2026-04-04T20:24:14.938+0000] {logging_mixin.py:188} INFO - [2026-04-04T20:24:14.937+0000] {dag.py:3954} INFO - Setting next_dagrun for tmdb_stage_pipeline to None, run_after=None
[2026-04-04T20:24:14.954+0000] {processor.py:183} INFO - Processing /opt/airflow/dags/tmdb_pipeline_to_stage.py took 0.129 seconds
[2026-04-04T20:24:45.466+0000] {processor.py:161} INFO - Started process (PID=25353) to work on /opt/airflow/dags/tmdb_pipeline_to_stage.py
[2026-04-04T20:24:45.472+0000] {processor.py:830} INFO - Processing file /opt/airflow/dags/tmdb_pipeline_to_stage.py for tasks to queue
[2026-04-04T20:24:45.477+0000] {logging_mixin.py:188} INFO - [2026-04-04T20:24:45.475+0000] {dagbag.py:545} INFO - Filling up the DagBag from /opt/airflow/dags/tmdb_pipeline_to_stage.py
[2026-04-04T20:24:45.503+0000] {processor.py:840} INFO - DAG(s) 'tmdb_stage_pipeline' retrieved from /opt/airflow/dags/tmdb_pipeline_to_stage.py
[2026-04-04T20:24:45.554+0000] {logging_mixin.py:188} INFO - [2026-04-04T20:24:45.554+0000] {dag.py:3096} INFO - Sync 1 DAGs
[2026-04-04T20:24:45.583+0000] {logging_mixin.py:188} INFO - [2026-04-04T20:24:45.583+0000] {dag.py:3954} INFO - Setting next_dagrun for tmdb_stage_pipeline to None, run_after=None
[2026-04-04T20:24:45.603+0000] {processor.py:183} INFO - Processing /opt/airflow/dags/tmdb_pipeline_to_stage.py took 0.156 seconds
[2026-04-04T20:25:16.026+0000] {processor.py:161} INFO - Started process (PID=25373) to work on /opt/airflow/dags/tmdb_pipeline_to_stage.py
[2026-04-04T20:25:16.028+0000] {processor.py:830} INFO - Processing file /opt/airflow/dags/tmdb_pipeline_to_stage.py for tasks to queue
[2026-04-04T20:25:16.029+0000] {logging_mixin.py:188} INFO - [2026-04-04T20:25:16.029+0000] {dagbag.py:545} INFO - Filling up the DagBag from /opt/airflow/dags/tmdb_pipeline_to_stage.py
[2026-04-04T20:25:16.043+0000] {processor.py:840} INFO - DAG(s) 'tmdb_stage_pipeline' retrieved from /opt/airflow/dags/tmdb_pipeline_to_stage.py
[2026-04-04T20:25:16.090+0000] {logging_mixin.py:188} INFO - [2026-04-04T20:25:16.090+0000] {dag.py:3096} INFO - Sync 1 DAGs
[2026-04-04T20:25:16.118+0000] {logging_mixin.py:188} INFO - [2026-04-04T20:25:16.117+0000] {dag.py:3954} INFO - Setting next_dagrun for tmdb_stage_pipeline to None, run_after=None
[2026-04-04T20:25:16.134+0000] {processor.py:183} INFO - Processing /opt/airflow/dags/tmdb_pipeline_to_stage.py took 0.122 seconds
[2026-04-04T20:25:46.549+0000] {processor.py:161} INFO - Started process (PID=25393) to work on /opt/airflow/dags/tmdb_pipeline_to_stage.py
[2026-04-04T20:25:46.553+0000] {processor.py:830} INFO - Processing file /opt/airflow/dags/tmdb_pipeline_to_stage.py for tasks to queue
[2026-04-04T20:25:46.554+0000] {logging_mixin.py:188} INFO - [2026-04-04T20:25:46.554+0000] {dagbag.py:545} INFO - Filling up the DagBag from /opt/airflow/dags/tmdb_pipeline_to_stage.py
[2026-04-04T20:25:46.570+0000] {processor.py:840} INFO - DAG(s) 'tmdb_stage_pipeline' retrieved from /opt/airflow/dags/tmdb_pipeline_to_stage.py
[2026-04-04T20:25:46.611+0000] {logging_mixin.py:188} INFO - [2026-04-04T20:25:46.611+0000] {dag.py:3096} INFO - Sync 1 DAGs
[2026-04-04T20:25:46.625+0000] {logging_mixin.py:188} INFO - [2026-04-04T20:25:46.625+0000] {dag.py:3954} INFO - Setting next_dagrun for tmdb_stage_pipeline to None, run_after=None
[2026-04-04T20:25:46.638+0000] {processor.py:183} INFO - Processing /opt/airflow/dags/tmdb_pipeline_to_stage.py took 0.104 seconds
[2026-04-04T20:26:17.005+0000] {processor.py:161} INFO - Started process (PID=25413) to work on /opt/airflow/dags/tmdb_pipeline_to_stage.py
[2026-04-04T20:26:17.008+0000] {processor.py:830} INFO - Processing file /opt/airflow/dags/tmdb_pipeline_to_stage.py for tasks to queue
[2026-04-04T20:26:17.010+0000] {logging_mixin.py:188} INFO - [2026-04-04T20:26:17.009+0000] {dagbag.py:545} INFO - Filling up the DagBag from /opt/airflow/dags/tmdb_pipeline_to_stage.py
[2026-04-04T20:26:17.025+0000] {processor.py:840} INFO - DAG(s) 'tmdb_stage_pipeline' retrieved from /opt/airflow/dags/tmdb_pipeline_to_stage.py
[2026-04-04T20:26:17.058+0000] {logging_mixin.py:188} INFO - [2026-04-04T20:26:17.058+0000] {dag.py:3096} INFO - Sync 1 DAGs
[2026-04-04T20:26:17.074+0000] {logging_mixin.py:188} INFO - [2026-04-04T20:26:17.074+0000] {dag.py:3954} INFO - Setting next_dagrun for tmdb_stage_pipeline to None, run_after=None
[2026-04-04T20:26:17.092+0000] {processor.py:183} INFO - Processing /opt/airflow/dags/tmdb_pipeline_to_stage.py took 0.101 seconds
[2026-04-04T20:26:47.400+0000] {processor.py:161} INFO - Started process (PID=25433) to work on /opt/airflow/dags/tmdb_pipeline_to_stage.py
[2026-04-04T20:26:47.406+0000] {processor.py:830} INFO - Processing file /opt/airflow/dags/tmdb_pipeline_to_stage.py for tasks to queue
[2026-04-04T20:26:47.409+0000] {logging_mixin.py:188} INFO - [2026-04-04T20:26:47.408+0000] {dagbag.py:545} INFO - Filling up the DagBag from /opt/airflow/dags/tmdb_pipeline_to_stage.py
[2026-04-04T20:26:47.435+0000] {processor.py:840} INFO - DAG(s) 'tmdb_stage_pipeline' retrieved from /opt/airflow/dags/tmdb_pipeline_to_stage.py
[2026-04-04T20:26:47.474+0000] {logging_mixin.py:188} INFO - [2026-04-04T20:26:47.474+0000] {dag.py:3096} INFO - Sync 1 DAGs
[2026-04-04T20:26:47.487+0000] {logging_mixin.py:188} INFO - [2026-04-04T20:26:47.487+0000] {dag.py:3954} INFO - Setting next_dagrun for tmdb_stage_pipeline to None, run_after=None
[2026-04-04T20:26:47.500+0000] {processor.py:183} INFO - Processing /opt/airflow/dags/tmdb_pipeline_to_stage.py took 0.115 seconds
[2026-04-04T20:27:17.816+0000] {processor.py:161} INFO - Started process (PID=25453) to work on /opt/airflow/dags/tmdb_pipeline_to_stage.py
[2026-04-04T20:27:17.819+0000] {processor.py:830} INFO - Processing file /opt/airflow/dags/tmdb_pipeline_to_stage.py for tasks to queue
[2026-04-04T20:27:17.821+0000] {logging_mixin.py:188} INFO - [2026-04-04T20:27:17.820+0000] {dagbag.py:545} INFO - Filling up the DagBag from /opt/airflow/dags/tmdb_pipeline_to_stage.py
[2026-04-04T20:27:17.832+0000] {processor.py:840} INFO - DAG(s) 'tmdb_stage_pipeline' retrieved from /opt/airflow/dags/tmdb_pipeline_to_stage.py
[2026-04-04T20:27:17.864+0000] {logging_mixin.py:188} INFO - [2026-04-04T20:27:17.863+0000] {dag.py:3096} INFO - Sync 1 DAGs
[2026-04-04T20:27:18.443+0000] {logging_mixin.py:188} INFO - [2026-04-04T20:27:18.443+0000] {dag.py:3954} INFO - Setting next_dagrun for tmdb_stage_pipeline to None, run_after=None
[2026-04-04T20:27:18.497+0000] {processor.py:183} INFO - Processing /opt/airflow/dags/tmdb_pipeline_to_stage.py took 0.690 seconds
[2026-04-04T20:27:49.274+0000] {processor.py:161} INFO - Started process (PID=25473) to work on /opt/airflow/dags/tmdb_pipeline_to_stage.py
[2026-04-04T20:27:49.277+0000] {processor.py:830} INFO - Processing file /opt/airflow/dags/tmdb_pipeline_to_stage.py for tasks to queue
[2026-04-04T20:27:49.278+0000] {logging_mixin.py:188} INFO - [2026-04-04T20:27:49.278+0000] {dagbag.py:545} INFO - Filling up the DagBag from /opt/airflow/dags/tmdb_pipeline_to_stage.py
[2026-04-04T20:27:49.296+0000] {processor.py:840} INFO - DAG(s) 'tmdb_stage_pipeline' retrieved from /opt/airflow/dags/tmdb_pipeline_to_stage.py
[2026-04-04T20:27:49.331+0000] {logging_mixin.py:188} INFO - [2026-04-04T20:27:49.331+0000] {dag.py:3096} INFO - Sync 1 DAGs
[2026-04-04T20:27:49.353+0000] {logging_mixin.py:188} INFO - [2026-04-04T20:27:49.353+0000] {dag.py:3954} INFO - Setting next_dagrun for tmdb_stage_pipeline to None, run_after=None
[2026-04-04T20:27:49.378+0000] {processor.py:183} INFO - Processing /opt/airflow/dags/tmdb_pipeline_to_stage.py took 0.115 seconds
[2026-04-04T20:28:19.932+0000] {processor.py:161} INFO - Started process (PID=25493) to work on /opt/airflow/dags/tmdb_pipeline_to_stage.py
[2026-04-04T20:28:19.937+0000] {processor.py:830} INFO - Processing file /opt/airflow/dags/tmdb_pipeline_to_stage.py for tasks to queue
[2026-04-04T20:28:19.939+0000] {logging_mixin.py:188} INFO - [2026-04-04T20:28:19.938+0000] {dagbag.py:545} INFO - Filling up the DagBag from /opt/airflow/dags/tmdb_pipeline_to_stage.py
[2026-04-04T20:28:19.956+0000] {processor.py:840} INFO - DAG(s) 'tmdb_stage_pipeline' retrieved from /opt/airflow/dags/tmdb_pipeline_to_stage.py
[2026-04-04T20:28:19.999+0000] {logging_mixin.py:188} INFO - [2026-04-04T20:28:19.999+0000] {dag.py:3096} INFO - Sync 1 DAGs
[2026-04-04T20:28:20.020+0000] {logging_mixin.py:188} INFO - [2026-04-04T20:28:20.020+0000] {dag.py:3954} INFO - Setting next_dagrun for tmdb_stage_pipeline to None, run_after=None
[2026-04-04T20:28:20.036+0000] {processor.py:183} INFO - Processing /opt/airflow/dags/tmdb_pipeline_to_stage.py took 0.135 seconds
[2026-04-04T20:28:50.399+0000] {processor.py:161} INFO - Started process (PID=25513) to work on /opt/airflow/dags/tmdb_pipeline_to_stage.py
[2026-04-04T20:28:50.402+0000] {processor.py:830} INFO - Processing file /opt/airflow/dags/tmdb_pipeline_to_stage.py for tasks to queue
[2026-04-04T20:28:50.404+0000] {logging_mixin.py:188} INFO - [2026-04-04T20:28:50.403+0000] {dagbag.py:545} INFO - Filling up the DagBag from /opt/airflow/dags/tmdb_pipeline_to_stage.py
[2026-04-04T20:28:50.417+0000] {processor.py:840} INFO - DAG(s) 'tmdb_stage_pipeline' retrieved from /opt/airflow/dags/tmdb_pipeline_to_stage.py
[2026-04-04T20:28:50.465+0000] {logging_mixin.py:188} INFO - [2026-04-04T20:28:50.464+0000] {dag.py:3096} INFO - Sync 1 DAGs
[2026-04-04T20:28:50.483+0000] {logging_mixin.py:188} INFO - [2026-04-04T20:28:50.483+0000] {dag.py:3954} INFO - Setting next_dagrun for tmdb_stage_pipeline to None, run_after=None
[2026-04-04T20:28:50.503+0000] {processor.py:183} INFO - Processing /opt/airflow/dags/tmdb_pipeline_to_stage.py took 0.120 seconds
[2026-04-04T20:29:21.063+0000] {processor.py:161} INFO - Started process (PID=25533) to work on /opt/airflow/dags/tmdb_pipeline_to_stage.py
[2026-04-04T20:29:21.067+0000] {processor.py:830} INFO - Processing file /opt/airflow/dags/tmdb_pipeline_to_stage.py for tasks to queue
[2026-04-04T20:29:21.069+0000] {logging_mixin.py:188} INFO - [2026-04-04T20:29:21.068+0000] {dagbag.py:545} INFO - Filling up the DagBag from /opt/airflow/dags/tmdb_pipeline_to_stage.py
[2026-04-04T20:29:21.102+0000] {processor.py:840} INFO - DAG(s) 'tmdb_stage_pipeline' retrieved from /opt/airflow/dags/tmdb_pipeline_to_stage.py
[2026-04-04T20:29:21.160+0000] {logging_mixin.py:188} INFO - [2026-04-04T20:29:21.160+0000] {dag.py:3096} INFO - Sync 1 DAGs
[2026-04-04T20:29:21.484+0000] {logging_mixin.py:188} INFO - [2026-04-04T20:29:21.484+0000] {dag.py:3954} INFO - Setting next_dagrun for tmdb_stage_pipeline to None, run_after=None
[2026-04-04T20:29:21.504+0000] {processor.py:183} INFO - Processing /opt/airflow/dags/tmdb_pipeline_to_stage.py took 0.485 seconds
[2026-04-04T20:29:52.002+0000] {processor.py:161} INFO - Started process (PID=25553) to work on /opt/airflow/dags/tmdb_pipeline_to_stage.py
[2026-04-04T20:29:52.006+0000] {processor.py:830} INFO - Processing file /opt/airflow/dags/tmdb_pipeline_to_stage.py for tasks to queue
[2026-04-04T20:29:52.007+0000] {logging_mixin.py:188} INFO - [2026-04-04T20:29:52.006+0000] {dagbag.py:545} INFO - Filling up the DagBag from /opt/airflow/dags/tmdb_pipeline_to_stage.py
[2026-04-04T20:29:52.023+0000] {processor.py:840} INFO - DAG(s) 'tmdb_stage_pipeline' retrieved from /opt/airflow/dags/tmdb_pipeline_to_stage.py
[2026-04-04T20:29:52.056+0000] {logging_mixin.py:188} INFO - [2026-04-04T20:29:52.056+0000] {dag.py:3096} INFO - Sync 1 DAGs
[2026-04-04T20:29:52.068+0000] {logging_mixin.py:188} INFO - [2026-04-04T20:29:52.068+0000] {dag.py:3954} INFO - Setting next_dagrun for tmdb_stage_pipeline to None, run_after=None
[2026-04-04T20:29:52.082+0000] {processor.py:183} INFO - Processing /opt/airflow/dags/tmdb_pipeline_to_stage.py took 0.089 seconds
[2026-04-04T20:30:22.489+0000] {processor.py:161} INFO - Started process (PID=25573) to work on /opt/airflow/dags/tmdb_pipeline_to_stage.py
[2026-04-04T20:30:22.492+0000] {processor.py:830} INFO - Processing file /opt/airflow/dags/tmdb_pipeline_to_stage.py for tasks to queue
[2026-04-04T20:30:22.493+0000] {logging_mixin.py:188} INFO - [2026-04-04T20:30:22.492+0000] {dagbag.py:545} INFO - Filling up the DagBag from /opt/airflow/dags/tmdb_pipeline_to_stage.py
[2026-04-04T20:30:22.513+0000] {processor.py:840} INFO - DAG(s) 'tmdb_stage_pipeline' retrieved from /opt/airflow/dags/tmdb_pipeline_to_stage.py
[2026-04-04T20:30:22.556+0000] {logging_mixin.py:188} INFO - [2026-04-04T20:30:22.556+0000] {dag.py:3096} INFO - Sync 1 DAGs
[2026-04-04T20:30:22.588+0000] {logging_mixin.py:188} INFO - [2026-04-04T20:30:22.588+0000] {dag.py:3954} INFO - Setting next_dagrun for tmdb_stage_pipeline to None, run_after=None
[2026-04-04T20:30:22.604+0000] {processor.py:183} INFO - Processing /opt/airflow/dags/tmdb_pipeline_to_stage.py took 0.144 seconds
[2026-04-04T20:30:53.028+0000] {processor.py:161} INFO - Started process (PID=25593) to work on /opt/airflow/dags/tmdb_pipeline_to_stage.py
[2026-04-04T20:30:53.031+0000] {processor.py:830} INFO - Processing file /opt/airflow/dags/tmdb_pipeline_to_stage.py for tasks to queue
[2026-04-04T20:30:53.032+0000] {logging_mixin.py:188} INFO - [2026-04-04T20:30:53.032+0000] {dagbag.py:545} INFO - Filling up the DagBag from /opt/airflow/dags/tmdb_pipeline_to_stage.py
[2026-04-04T20:30:53.049+0000] {processor.py:840} INFO - DAG(s) 'tmdb_stage_pipeline' retrieved from /opt/airflow/dags/tmdb_pipeline_to_stage.py
[2026-04-04T20:30:53.078+0000] {logging_mixin.py:188} INFO - [2026-04-04T20:30:53.078+0000] {dag.py:3096} INFO - Sync 1 DAGs
[2026-04-04T20:30:53.094+0000] {logging_mixin.py:188} INFO - [2026-04-04T20:30:53.094+0000] {dag.py:3954} INFO - Setting next_dagrun for tmdb_stage_pipeline to None, run_after=None
[2026-04-04T20:30:53.116+0000] {processor.py:183} INFO - Processing /opt/airflow/dags/tmdb_pipeline_to_stage.py took 0.100 seconds
[2026-04-04T20:31:23.596+0000] {processor.py:161} INFO - Started process (PID=25613) to work on /opt/airflow/dags/tmdb_pipeline_to_stage.py
[2026-04-04T20:31:23.599+0000] {processor.py:830} INFO - Processing file /opt/airflow/dags/tmdb_pipeline_to_stage.py for tasks to queue
[2026-04-04T20:31:23.600+0000] {logging_mixin.py:188} INFO - [2026-04-04T20:31:23.600+0000] {dagbag.py:545} INFO - Filling up the DagBag from /opt/airflow/dags/tmdb_pipeline_to_stage.py
[2026-04-04T20:31:23.614+0000] {processor.py:840} INFO - DAG(s) 'tmdb_stage_pipeline' retrieved from /opt/airflow/dags/tmdb_pipeline_to_stage.py
[2026-04-04T20:31:23.649+0000] {logging_mixin.py:188} INFO - [2026-04-04T20:31:23.649+0000] {dag.py:3096} INFO - Sync 1 DAGs
[2026-04-04T20:31:23.848+0000] {logging_mixin.py:188} INFO - [2026-04-04T20:31:23.848+0000] {dag.py:3954} INFO - Setting next_dagrun for tmdb_stage_pipeline to None, run_after=None
[2026-04-04T20:31:23.861+0000] {processor.py:183} INFO - Processing /opt/airflow/dags/tmdb_pipeline_to_stage.py took 0.273 seconds
[2026-04-04T20:31:54.207+0000] {processor.py:161} INFO - Started process (PID=25633) to work on /opt/airflow/dags/tmdb_pipeline_to_stage.py
[2026-04-04T20:31:54.210+0000] {processor.py:830} INFO - Processing file /opt/airflow/dags/tmdb_pipeline_to_stage.py for tasks to queue
[2026-04-04T20:31:54.211+0000] {logging_mixin.py:188} INFO - [2026-04-04T20:31:54.211+0000] {dagbag.py:545} INFO - Filling up the DagBag from /opt/airflow/dags/tmdb_pipeline_to_stage.py
[2026-04-04T20:31:54.235+0000] {processor.py:840} INFO - DAG(s) 'tmdb_stage_pipeline' retrieved from /opt/airflow/dags/tmdb_pipeline_to_stage.py
[2026-04-04T20:31:54.277+0000] {logging_mixin.py:188} INFO - [2026-04-04T20:31:54.277+0000] {dag.py:3096} INFO - Sync 1 DAGs
[2026-04-04T20:31:54.291+0000] {logging_mixin.py:188} INFO - [2026-04-04T20:31:54.291+0000] {dag.py:3954} INFO - Setting next_dagrun for tmdb_stage_pipeline to None, run_after=None
[2026-04-04T20:31:54.305+0000] {processor.py:183} INFO - Processing /opt/airflow/dags/tmdb_pipeline_to_stage.py took 0.109 seconds
[2026-04-04T20:32:24.710+0000] {processor.py:161} INFO - Started process (PID=25653) to work on /opt/airflow/dags/tmdb_pipeline_to_stage.py
[2026-04-04T20:32:24.713+0000] {processor.py:830} INFO - Processing file /opt/airflow/dags/tmdb_pipeline_to_stage.py for tasks to queue
[2026-04-04T20:32:24.716+0000] {logging_mixin.py:188} INFO - [2026-04-04T20:32:24.715+0000] {dagbag.py:545} INFO - Filling up the DagBag from /opt/airflow/dags/tmdb_pipeline_to_stage.py
[2026-04-04T20:32:24.749+0000] {processor.py:840} INFO - DAG(s) 'tmdb_stage_pipeline' retrieved from /opt/airflow/dags/tmdb_pipeline_to_stage.py
[2026-04-04T20:32:24.802+0000] {logging_mixin.py:188} INFO - [2026-04-04T20:32:24.802+0000] {dag.py:3096} INFO - Sync 1 DAGs
[2026-04-04T20:32:24.830+0000] {logging_mixin.py:188} INFO - [2026-04-04T20:32:24.830+0000] {dag.py:3954} INFO - Setting next_dagrun for tmdb_stage_pipeline to None, run_after=None
[2026-04-04T20:32:24.865+0000] {processor.py:183} INFO - Processing /opt/airflow/dags/tmdb_pipeline_to_stage.py took 0.175 seconds
[2026-04-04T20:32:55.415+0000] {processor.py:161} INFO - Started process (PID=25673) to work on /opt/airflow/dags/tmdb_pipeline_to_stage.py
[2026-04-04T20:32:55.418+0000] {processor.py:830} INFO - Processing file /opt/airflow/dags/tmdb_pipeline_to_stage.py for tasks to queue
[2026-04-04T20:32:55.420+0000] {logging_mixin.py:188} INFO - [2026-04-04T20:32:55.419+0000] {dagbag.py:545} INFO - Filling up the DagBag from /opt/airflow/dags/tmdb_pipeline_to_stage.py
[2026-04-04T20:32:55.438+0000] {processor.py:840} INFO - DAG(s) 'tmdb_stage_pipeline' retrieved from /opt/airflow/dags/tmdb_pipeline_to_stage.py
[2026-04-04T20:32:55.483+0000] {logging_mixin.py:188} INFO - [2026-04-04T20:32:55.483+0000] {dag.py:3096} INFO - Sync 1 DAGs
[2026-04-04T20:32:55.533+0000] {logging_mixin.py:188} INFO - [2026-04-04T20:32:55.532+0000] {dag.py:3954} INFO - Setting next_dagrun for tmdb_stage_pipeline to None, run_after=None
[2026-04-04T20:32:55.555+0000] {processor.py:183} INFO - Processing /opt/airflow/dags/tmdb_pipeline_to_stage.py took 0.153 seconds
[2026-04-04T20:33:26.131+0000] {processor.py:161} INFO - Started process (PID=25693) to work on /opt/airflow/dags/tmdb_pipeline_to_stage.py
[2026-04-04T20:33:26.135+0000] {processor.py:830} INFO - Processing file /opt/airflow/dags/tmdb_pipeline_to_stage.py for tasks to queue
[2026-04-04T20:33:26.136+0000] {logging_mixin.py:188} INFO - [2026-04-04T20:33:26.136+0000] {dagbag.py:545} INFO - Filling up the DagBag from /opt/airflow/dags/tmdb_pipeline_to_stage.py
[2026-04-04T20:33:26.153+0000] {processor.py:840} INFO - DAG(s) 'tmdb_stage_pipeline' retrieved from /opt/airflow/dags/tmdb_pipeline_to_stage.py
[2026-04-04T20:33:26.189+0000] {logging_mixin.py:188} INFO - [2026-04-04T20:33:26.189+0000] {dag.py:3096} INFO - Sync 1 DAGs
[2026-04-04T20:33:26.401+0000] {logging_mixin.py:188} INFO - [2026-04-04T20:33:26.401+0000] {dag.py:3954} INFO - Setting next_dagrun for tmdb_stage_pipeline to None, run_after=None
[2026-04-04T20:33:26.418+0000] {processor.py:183} INFO - Processing /opt/airflow/dags/tmdb_pipeline_to_stage.py took 0.309 seconds
[2026-04-04T20:33:56.956+0000] {processor.py:161} INFO - Started process (PID=25713) to work on /opt/airflow/dags/tmdb_pipeline_to_stage.py
[2026-04-04T20:33:56.960+0000] {processor.py:830} INFO - Processing file /opt/airflow/dags/tmdb_pipeline_to_stage.py for tasks to queue
[2026-04-04T20:33:56.961+0000] {logging_mixin.py:188} INFO - [2026-04-04T20:33:56.960+0000] {dagbag.py:545} INFO - Filling up the DagBag from /opt/airflow/dags/tmdb_pipeline_to_stage.py
[2026-04-04T20:33:56.986+0000] {processor.py:840} INFO - DAG(s) 'tmdb_stage_pipeline' retrieved from /opt/airflow/dags/tmdb_pipeline_to_stage.py
[2026-04-04T20:33:57.211+0000] {logging_mixin.py:188} INFO - [2026-04-04T20:33:57.211+0000] {dag.py:3096} INFO - Sync 1 DAGs
[2026-04-04T20:33:57.222+0000] {logging_mixin.py:188} INFO - [2026-04-04T20:33:57.222+0000] {dag.py:3954} INFO - Setting next_dagrun for tmdb_stage_pipeline to None, run_after=None
[2026-04-04T20:33:57.239+0000] {processor.py:183} INFO - Processing /opt/airflow/dags/tmdb_pipeline_to_stage.py took 0.297 seconds
[2026-04-04T20:34:28.149+0000] {processor.py:161} INFO - Started process (PID=25733) to work on /opt/airflow/dags/tmdb_pipeline_to_stage.py
[2026-04-04T20:34:28.154+0000] {processor.py:830} INFO - Processing file /opt/airflow/dags/tmdb_pipeline_to_stage.py for tasks to queue
[2026-04-04T20:34:28.158+0000] {logging_mixin.py:188} INFO - [2026-04-04T20:34:28.155+0000] {dagbag.py:545} INFO - Filling up the DagBag from /opt/airflow/dags/tmdb_pipeline_to_stage.py
[2026-04-04T20:34:28.172+0000] {processor.py:840} INFO - DAG(s) 'tmdb_stage_pipeline' retrieved from /opt/airflow/dags/tmdb_pipeline_to_stage.py
[2026-04-04T20:34:28.212+0000] {logging_mixin.py:188} INFO - [2026-04-04T20:34:28.212+0000] {dag.py:3096} INFO - Sync 1 DAGs
[2026-04-04T20:34:28.232+0000] {logging_mixin.py:188} INFO - [2026-04-04T20:34:28.231+0000] {dag.py:3954} INFO - Setting next_dagrun for tmdb_stage_pipeline to None, run_after=None
[2026-04-04T20:34:28.256+0000] {processor.py:183} INFO - Processing /opt/airflow/dags/tmdb_pipeline_to_stage.py took 0.115 seconds
[2026-04-04T20:34:58.688+0000] {processor.py:161} INFO - Started process (PID=25753) to work on /opt/airflow/dags/tmdb_pipeline_to_stage.py
[2026-04-04T20:34:58.691+0000] {processor.py:830} INFO - Processing file /opt/airflow/dags/tmdb_pipeline_to_stage.py for tasks to queue
[2026-04-04T20:34:58.692+0000] {logging_mixin.py:188} INFO - [2026-04-04T20:34:58.691+0000] {dagbag.py:545} INFO - Filling up the DagBag from /opt/airflow/dags/tmdb_pipeline_to_stage.py
[2026-04-04T20:34:58.710+0000] {processor.py:840} INFO - DAG(s) 'tmdb_stage_pipeline' retrieved from /opt/airflow/dags/tmdb_pipeline_to_stage.py
[2026-04-04T20:34:58.752+0000] {logging_mixin.py:188} INFO - [2026-04-04T20:34:58.752+0000] {dag.py:3096} INFO - Sync 1 DAGs
[2026-04-04T20:34:58.770+0000] {logging_mixin.py:188} INFO - [2026-04-04T20:34:58.769+0000] {dag.py:3954} INFO - Setting next_dagrun for tmdb_stage_pipeline to None, run_after=None
[2026-04-04T20:34:58.784+0000] {processor.py:183} INFO - Processing /opt/airflow/dags/tmdb_pipeline_to_stage.py took 0.117 seconds
[2026-04-04T20:35:29.278+0000] {processor.py:161} INFO - Started process (PID=25773) to work on /opt/airflow/dags/tmdb_pipeline_to_stage.py
[2026-04-04T20:35:29.281+0000] {processor.py:830} INFO - Processing file /opt/airflow/dags/tmdb_pipeline_to_stage.py for tasks to queue
[2026-04-04T20:35:29.282+0000] {logging_mixin.py:188} INFO - [2026-04-04T20:35:29.282+0000] {dagbag.py:545} INFO - Filling up the DagBag from /opt/airflow/dags/tmdb_pipeline_to_stage.py
[2026-04-04T20:35:29.298+0000] {processor.py:840} INFO - DAG(s) 'tmdb_stage_pipeline' retrieved from /opt/airflow/dags/tmdb_pipeline_to_stage.py
[2026-04-04T20:35:29.328+0000] {logging_mixin.py:188} INFO - [2026-04-04T20:35:29.327+0000] {dag.py:3096} INFO - Sync 1 DAGs
[2026-04-04T20:35:29.353+0000] {logging_mixin.py:188} INFO - [2026-04-04T20:35:29.353+0000] {dag.py:3954} INFO - Setting next_dagrun for tmdb_stage_pipeline to None, run_after=None
[2026-04-04T20:35:29.368+0000] {processor.py:183} INFO - Processing /opt/airflow/dags/tmdb_pipeline_to_stage.py took 0.101 seconds
[2026-04-04T20:35:59.771+0000] {processor.py:161} INFO - Started process (PID=25793) to work on /opt/airflow/dags/tmdb_pipeline_to_stage.py
[2026-04-04T20:35:59.775+0000] {processor.py:830} INFO - Processing file /opt/airflow/dags/tmdb_pipeline_to_stage.py for tasks to queue
[2026-04-04T20:35:59.776+0000] {logging_mixin.py:188} INFO - [2026-04-04T20:35:59.776+0000] {dagbag.py:545} INFO - Filling up the DagBag from /opt/airflow/dags/tmdb_pipeline_to_stage.py
[2026-04-04T20:35:59.790+0000] {processor.py:840} INFO - DAG(s) 'tmdb_stage_pipeline' retrieved from /opt/airflow/dags/tmdb_pipeline_to_stage.py
[2026-04-04T20:35:59.816+0000] {logging_mixin.py:188} INFO - [2026-04-04T20:35:59.816+0000] {dag.py:3096} INFO - Sync 1 DAGs
[2026-04-04T20:35:59.836+0000] {logging_mixin.py:188} INFO - [2026-04-04T20:35:59.836+0000] {dag.py:3954} INFO - Setting next_dagrun for tmdb_stage_pipeline to None, run_after=None
[2026-04-04T20:35:59.859+0000] {processor.py:183} INFO - Processing /opt/airflow/dags/tmdb_pipeline_to_stage.py took 0.097 seconds
[2026-04-04T20:36:30.255+0000] {processor.py:161} INFO - Started process (PID=25813) to work on /opt/airflow/dags/tmdb_pipeline_to_stage.py
[2026-04-04T20:36:30.259+0000] {processor.py:830} INFO - Processing file /opt/airflow/dags/tmdb_pipeline_to_stage.py for tasks to queue
[2026-04-04T20:36:30.261+0000] {logging_mixin.py:188} INFO - [2026-04-04T20:36:30.261+0000] {dagbag.py:545} INFO - Filling up the DagBag from /opt/airflow/dags/tmdb_pipeline_to_stage.py
[2026-04-04T20:36:30.282+0000] {processor.py:840} INFO - DAG(s) 'tmdb_stage_pipeline' retrieved from /opt/airflow/dags/tmdb_pipeline_to_stage.py
[2026-04-04T20:36:30.322+0000] {logging_mixin.py:188} INFO - [2026-04-04T20:36:30.322+0000] {dag.py:3096} INFO - Sync 1 DAGs
[2026-04-04T20:36:30.339+0000] {logging_mixin.py:188} INFO - [2026-04-04T20:36:30.339+0000] {dag.py:3954} INFO - Setting next_dagrun for tmdb_stage_pipeline to None, run_after=None
[2026-04-04T20:36:30.357+0000] {processor.py:183} INFO - Processing /opt/airflow/dags/tmdb_pipeline_to_stage.py took 0.118 seconds
[2026-04-04T20:37:00.746+0000] {processor.py:161} INFO - Started process (PID=25833) to work on /opt/airflow/dags/tmdb_pipeline_to_stage.py
[2026-04-04T20:37:00.749+0000] {processor.py:830} INFO - Processing file /opt/airflow/dags/tmdb_pipeline_to_stage.py for tasks to queue
[2026-04-04T20:37:00.750+0000] {logging_mixin.py:188} INFO - [2026-04-04T20:37:00.749+0000] {dagbag.py:545} INFO - Filling up the DagBag from /opt/airflow/dags/tmdb_pipeline_to_stage.py
[2026-04-04T20:37:00.775+0000] {processor.py:840} INFO - DAG(s) 'tmdb_stage_pipeline' retrieved from /opt/airflow/dags/tmdb_pipeline_to_stage.py
[2026-04-04T20:37:00.822+0000] {logging_mixin.py:188} INFO - [2026-04-04T20:37:00.821+0000] {dag.py:3096} INFO - Sync 1 DAGs
[2026-04-04T20:37:00.838+0000] {logging_mixin.py:188} INFO - [2026-04-04T20:37:00.838+0000] {dag.py:3954} INFO - Setting next_dagrun for tmdb_stage_pipeline to None, run_after=None
[2026-04-04T20:37:00.855+0000] {processor.py:183} INFO - Processing /opt/airflow/dags/tmdb_pipeline_to_stage.py took 0.125 seconds
[2026-04-04T20:37:31.252+0000] {processor.py:161} INFO - Started process (PID=25853) to work on /opt/airflow/dags/tmdb_pipeline_to_stage.py
[2026-04-04T20:37:31.255+0000] {processor.py:830} INFO - Processing file /opt/airflow/dags/tmdb_pipeline_to_stage.py for tasks to queue
[2026-04-04T20:37:31.257+0000] {logging_mixin.py:188} INFO - [2026-04-04T20:37:31.256+0000] {dagbag.py:545} INFO - Filling up the DagBag from /opt/airflow/dags/tmdb_pipeline_to_stage.py
[2026-04-04T20:37:31.284+0000] {processor.py:840} INFO - DAG(s) 'tmdb_stage_pipeline' retrieved from /opt/airflow/dags/tmdb_pipeline_to_stage.py
[2026-04-04T20:37:31.310+0000] {logging_mixin.py:188} INFO - [2026-04-04T20:37:31.310+0000] {dag.py:3096} INFO - Sync 1 DAGs
[2026-04-04T20:37:31.323+0000] {logging_mixin.py:188} INFO - [2026-04-04T20:37:31.323+0000] {dag.py:3954} INFO - Setting next_dagrun for tmdb_stage_pipeline to None, run_after=None
[2026-04-04T20:37:31.337+0000] {processor.py:183} INFO - Processing /opt/airflow/dags/tmdb_pipeline_to_stage.py took 0.096 seconds
[2026-04-04T20:38:01.707+0000] {processor.py:161} INFO - Started process (PID=25873) to work on /opt/airflow/dags/tmdb_pipeline_to_stage.py
[2026-04-04T20:38:01.711+0000] {processor.py:830} INFO - Processing file /opt/airflow/dags/tmdb_pipeline_to_stage.py for tasks to queue
[2026-04-04T20:38:01.712+0000] {logging_mixin.py:188} INFO - [2026-04-04T20:38:01.712+0000] {dagbag.py:545} INFO - Filling up the DagBag from /opt/airflow/dags/tmdb_pipeline_to_stage.py
[2026-04-04T20:38:01.730+0000] {processor.py:840} INFO - DAG(s) 'tmdb_stage_pipeline' retrieved from /opt/airflow/dags/tmdb_pipeline_to_stage.py
[2026-04-04T20:38:01.775+0000] {logging_mixin.py:188} INFO - [2026-04-04T20:38:01.775+0000] {dag.py:3096} INFO - Sync 1 DAGs
[2026-04-04T20:38:01.790+0000] {logging_mixin.py:188} INFO - [2026-04-04T20:38:01.790+0000] {dag.py:3954} INFO - Setting next_dagrun for tmdb_stage_pipeline to None, run_after=None
[2026-04-04T20:38:01.807+0000] {processor.py:183} INFO - Processing /opt/airflow/dags/tmdb_pipeline_to_stage.py took 0.123 seconds
[2026-04-04T20:38:32.256+0000] {processor.py:161} INFO - Started process (PID=25893) to work on /opt/airflow/dags/tmdb_pipeline_to_stage.py
[2026-04-04T20:38:32.261+0000] {processor.py:830} INFO - Processing file /opt/airflow/dags/tmdb_pipeline_to_stage.py for tasks to queue
[2026-04-04T20:38:32.263+0000] {logging_mixin.py:188} INFO - [2026-04-04T20:38:32.262+0000] {dagbag.py:545} INFO - Filling up the DagBag from /opt/airflow/dags/tmdb_pipeline_to_stage.py
[2026-04-04T20:38:32.279+0000] {processor.py:840} INFO - DAG(s) 'tmdb_stage_pipeline' retrieved from /opt/airflow/dags/tmdb_pipeline_to_stage.py
[2026-04-04T20:38:32.327+0000] {logging_mixin.py:188} INFO - [2026-04-04T20:38:32.327+0000] {dag.py:3096} INFO - Sync 1 DAGs
[2026-04-04T20:38:32.349+0000] {logging_mixin.py:188} INFO - [2026-04-04T20:38:32.349+0000] {dag.py:3954} INFO - Setting next_dagrun for tmdb_stage_pipeline to None, run_after=None
[2026-04-04T20:38:32.366+0000] {processor.py:183} INFO - Processing /opt/airflow/dags/tmdb_pipeline_to_stage.py took 0.123 seconds
[2026-04-04T20:39:02.767+0000] {processor.py:161} INFO - Started process (PID=25913) to work on /opt/airflow/dags/tmdb_pipeline_to_stage.py
[2026-04-04T20:39:02.770+0000] {processor.py:830} INFO - Processing file /opt/airflow/dags/tmdb_pipeline_to_stage.py for tasks to queue
[2026-04-04T20:39:02.772+0000] {logging_mixin.py:188} INFO - [2026-04-04T20:39:02.771+0000] {dagbag.py:545} INFO - Filling up the DagBag from /opt/airflow/dags/tmdb_pipeline_to_stage.py
[2026-04-04T20:39:02.802+0000] {processor.py:840} INFO - DAG(s) 'tmdb_stage_pipeline' retrieved from /opt/airflow/dags/tmdb_pipeline_to_stage.py
[2026-04-04T20:39:02.877+0000] {logging_mixin.py:188} INFO - [2026-04-04T20:39:02.877+0000] {dag.py:3096} INFO - Sync 1 DAGs
[2026-04-04T20:39:02.900+0000] {logging_mixin.py:188} INFO - [2026-04-04T20:39:02.900+0000] {dag.py:3954} INFO - Setting next_dagrun for tmdb_stage_pipeline to None, run_after=None
[2026-04-04T20:39:02.919+0000] {processor.py:183} INFO - Processing /opt/airflow/dags/tmdb_pipeline_to_stage.py took 0.176 seconds
[2026-04-04T20:39:33.309+0000] {processor.py:161} INFO - Started process (PID=25933) to work on /opt/airflow/dags/tmdb_pipeline_to_stage.py
[2026-04-04T20:39:33.313+0000] {processor.py:830} INFO - Processing file /opt/airflow/dags/tmdb_pipeline_to_stage.py for tasks to queue
[2026-04-04T20:39:33.315+0000] {logging_mixin.py:188} INFO - [2026-04-04T20:39:33.314+0000] {dagbag.py:545} INFO - Filling up the DagBag from /opt/airflow/dags/tmdb_pipeline_to_stage.py
[2026-04-04T20:39:33.333+0000] {processor.py:840} INFO - DAG(s) 'tmdb_stage_pipeline' retrieved from /opt/airflow/dags/tmdb_pipeline_to_stage.py
[2026-04-04T20:39:33.424+0000] {logging_mixin.py:188} INFO - [2026-04-04T20:39:33.424+0000] {dag.py:3096} INFO - Sync 1 DAGs
[2026-04-04T20:39:33.468+0000] {logging_mixin.py:188} INFO - [2026-04-04T20:39:33.468+0000] {dag.py:3954} INFO - Setting next_dagrun for tmdb_stage_pipeline to None, run_after=None
[2026-04-04T20:39:33.487+0000] {processor.py:183} INFO - Processing /opt/airflow/dags/tmdb_pipeline_to_stage.py took 0.187 seconds
[2026-04-04T20:40:04.022+0000] {processor.py:161} INFO - Started process (PID=25953) to work on /opt/airflow/dags/tmdb_pipeline_to_stage.py
[2026-04-04T20:40:04.029+0000] {processor.py:830} INFO - Processing file /opt/airflow/dags/tmdb_pipeline_to_stage.py for tasks to queue
[2026-04-04T20:40:04.030+0000] {logging_mixin.py:188} INFO - [2026-04-04T20:40:04.030+0000] {dagbag.py:545} INFO - Filling up the DagBag from /opt/airflow/dags/tmdb_pipeline_to_stage.py
[2026-04-04T20:40:04.061+0000] {processor.py:840} INFO - DAG(s) 'tmdb_stage_pipeline' retrieved from /opt/airflow/dags/tmdb_pipeline_to_stage.py
[2026-04-04T20:40:04.110+0000] {logging_mixin.py:188} INFO - [2026-04-04T20:40:04.110+0000] {dag.py:3096} INFO - Sync 1 DAGs
[2026-04-04T20:40:04.140+0000] {logging_mixin.py:188} INFO - [2026-04-04T20:40:04.140+0000] {dag.py:3954} INFO - Setting next_dagrun for tmdb_stage_pipeline to None, run_after=None
[2026-04-04T20:40:04.157+0000] {processor.py:183} INFO - Processing /opt/airflow/dags/tmdb_pipeline_to_stage.py took 0.158 seconds
[2026-04-04T20:40:34.638+0000] {processor.py:161} INFO - Started process (PID=25973) to work on /opt/airflow/dags/tmdb_pipeline_to_stage.py
[2026-04-04T20:40:34.642+0000] {processor.py:830} INFO - Processing file /opt/airflow/dags/tmdb_pipeline_to_stage.py for tasks to queue
[2026-04-04T20:40:34.643+0000] {logging_mixin.py:188} INFO - [2026-04-04T20:40:34.643+0000] {dagbag.py:545} INFO - Filling up the DagBag from /opt/airflow/dags/tmdb_pipeline_to_stage.py
[2026-04-04T20:40:34.658+0000] {processor.py:840} INFO - DAG(s) 'tmdb_stage_pipeline' retrieved from /opt/airflow/dags/tmdb_pipeline_to_stage.py
[2026-04-04T20:40:34.718+0000] {logging_mixin.py:188} INFO - [2026-04-04T20:40:34.718+0000] {dag.py:3096} INFO - Sync 1 DAGs
[2026-04-04T20:40:34.742+0000] {logging_mixin.py:188} INFO - [2026-04-04T20:40:34.741+0000] {dag.py:3954} INFO - Setting next_dagrun for tmdb_stage_pipeline to None, run_after=None
[2026-04-04T20:40:34.761+0000] {processor.py:183} INFO - Processing /opt/airflow/dags/tmdb_pipeline_to_stage.py took 0.134 seconds
[2026-04-04T20:41:05.173+0000] {processor.py:161} INFO - Started process (PID=25993) to work on /opt/airflow/dags/tmdb_pipeline_to_stage.py
[2026-04-04T20:41:05.176+0000] {processor.py:830} INFO - Processing file /opt/airflow/dags/tmdb_pipeline_to_stage.py for tasks to queue
[2026-04-04T20:41:05.177+0000] {logging_mixin.py:188} INFO - [2026-04-04T20:41:05.177+0000] {dagbag.py:545} INFO - Filling up the DagBag from /opt/airflow/dags/tmdb_pipeline_to_stage.py
[2026-04-04T20:41:05.193+0000] {processor.py:840} INFO - DAG(s) 'tmdb_stage_pipeline' retrieved from /opt/airflow/dags/tmdb_pipeline_to_stage.py
[2026-04-04T20:41:05.219+0000] {logging_mixin.py:188} INFO - [2026-04-04T20:41:05.218+0000] {dag.py:3096} INFO - Sync 1 DAGs
[2026-04-04T20:41:05.242+0000] {logging_mixin.py:188} INFO - [2026-04-04T20:41:05.242+0000] {dag.py:3954} INFO - Setting next_dagrun for tmdb_stage_pipeline to None, run_after=None
[2026-04-04T20:41:05.260+0000] {processor.py:183} INFO - Processing /opt/airflow/dags/tmdb_pipeline_to_stage.py took 0.096 seconds
[2026-04-04T20:41:35.736+0000] {processor.py:161} INFO - Started process (PID=26013) to work on /opt/airflow/dags/tmdb_pipeline_to_stage.py
[2026-04-04T20:41:35.749+0000] {processor.py:830} INFO - Processing file /opt/airflow/dags/tmdb_pipeline_to_stage.py for tasks to queue
[2026-04-04T20:41:35.752+0000] {logging_mixin.py:188} INFO - [2026-04-04T20:41:35.750+0000] {dagbag.py:545} INFO - Filling up the DagBag from /opt/airflow/dags/tmdb_pipeline_to_stage.py
[2026-04-04T20:41:35.777+0000] {processor.py:840} INFO - DAG(s) 'tmdb_stage_pipeline' retrieved from /opt/airflow/dags/tmdb_pipeline_to_stage.py
[2026-04-04T20:41:35.825+0000] {logging_mixin.py:188} INFO - [2026-04-04T20:41:35.825+0000] {dag.py:3096} INFO - Sync 1 DAGs
[2026-04-04T20:41:35.838+0000] {logging_mixin.py:188} INFO - [2026-04-04T20:41:35.838+0000] {dag.py:3954} INFO - Setting next_dagrun for tmdb_stage_pipeline to None, run_after=None
[2026-04-04T20:41:35.854+0000] {processor.py:183} INFO - Processing /opt/airflow/dags/tmdb_pipeline_to_stage.py took 0.152 seconds
[2026-04-04T20:42:06.259+0000] {processor.py:161} INFO - Started process (PID=26033) to work on /opt/airflow/dags/tmdb_pipeline_to_stage.py
[2026-04-04T20:42:06.262+0000] {processor.py:830} INFO - Processing file /opt/airflow/dags/tmdb_pipeline_to_stage.py for tasks to queue
[2026-04-04T20:42:06.264+0000] {logging_mixin.py:188} INFO - [2026-04-04T20:42:06.264+0000] {dagbag.py:545} INFO - Filling up the DagBag from /opt/airflow/dags/tmdb_pipeline_to_stage.py
[2026-04-04T20:42:06.279+0000] {processor.py:840} INFO - DAG(s) 'tmdb_stage_pipeline' retrieved from /opt/airflow/dags/tmdb_pipeline_to_stage.py
[2026-04-04T20:42:06.305+0000] {logging_mixin.py:188} INFO - [2026-04-04T20:42:06.305+0000] {dag.py:3096} INFO - Sync 1 DAGs
[2026-04-04T20:42:06.330+0000] {logging_mixin.py:188} INFO - [2026-04-04T20:42:06.330+0000] {dag.py:3954} INFO - Setting next_dagrun for tmdb_stage_pipeline to None, run_after=None
[2026-04-04T20:42:06.347+0000] {processor.py:183} INFO - Processing /opt/airflow/dags/tmdb_pipeline_to_stage.py took 0.097 seconds
[2026-04-04T20:42:37.041+0000] {processor.py:161} INFO - Started process (PID=26053) to work on /opt/airflow/dags/tmdb_pipeline_to_stage.py
[2026-04-04T20:42:37.048+0000] {processor.py:830} INFO - Processing file /opt/airflow/dags/tmdb_pipeline_to_stage.py for tasks to queue
[2026-04-04T20:42:37.050+0000] {logging_mixin.py:188} INFO - [2026-04-04T20:42:37.050+0000] {dagbag.py:545} INFO - Filling up the DagBag from /opt/airflow/dags/tmdb_pipeline_to_stage.py
[2026-04-04T20:42:37.069+0000] {processor.py:840} INFO - DAG(s) 'tmdb_stage_pipeline' retrieved from /opt/airflow/dags/tmdb_pipeline_to_stage.py
[2026-04-04T20:42:37.126+0000] {logging_mixin.py:188} INFO - [2026-04-04T20:42:37.126+0000] {dag.py:3096} INFO - Sync 1 DAGs
[2026-04-04T20:42:37.153+0000] {logging_mixin.py:188} INFO - [2026-04-04T20:42:37.153+0000] {dag.py:3954} INFO - Setting next_dagrun for tmdb_stage_pipeline to None, run_after=None
[2026-04-04T20:42:37.170+0000] {processor.py:183} INFO - Processing /opt/airflow/dags/tmdb_pipeline_to_stage.py took 0.149 seconds
[2026-04-04T20:43:07.569+0000] {processor.py:161} INFO - Started process (PID=26073) to work on /opt/airflow/dags/tmdb_pipeline_to_stage.py
[2026-04-04T20:43:07.576+0000] {processor.py:830} INFO - Processing file /opt/airflow/dags/tmdb_pipeline_to_stage.py for tasks to queue
[2026-04-04T20:43:07.577+0000] {logging_mixin.py:188} INFO - [2026-04-04T20:43:07.577+0000] {dagbag.py:545} INFO - Filling up the DagBag from /opt/airflow/dags/tmdb_pipeline_to_stage.py
[2026-04-04T20:43:07.604+0000] {processor.py:840} INFO - DAG(s) 'tmdb_stage_pipeline' retrieved from /opt/airflow/dags/tmdb_pipeline_to_stage.py
[2026-04-04T20:43:07.642+0000] {logging_mixin.py:188} INFO - [2026-04-04T20:43:07.641+0000] {dag.py:3096} INFO - Sync 1 DAGs
[2026-04-04T20:43:07.672+0000] {logging_mixin.py:188} INFO - [2026-04-04T20:43:07.672+0000] {dag.py:3954} INFO - Setting next_dagrun for tmdb_stage_pipeline to None, run_after=None
[2026-04-04T20:43:07.689+0000] {processor.py:183} INFO - Processing /opt/airflow/dags/tmdb_pipeline_to_stage.py took 0.136 seconds
[2026-04-04T20:43:38.173+0000] {processor.py:161} INFO - Started process (PID=26093) to work on /opt/airflow/dags/tmdb_pipeline_to_stage.py
[2026-04-04T20:43:38.177+0000] {processor.py:830} INFO - Processing file /opt/airflow/dags/tmdb_pipeline_to_stage.py for tasks to queue
[2026-04-04T20:43:38.178+0000] {logging_mixin.py:188} INFO - [2026-04-04T20:43:38.178+0000] {dagbag.py:545} INFO - Filling up the DagBag from /opt/airflow/dags/tmdb_pipeline_to_stage.py
[2026-04-04T20:43:38.193+0000] {processor.py:840} INFO - DAG(s) 'tmdb_stage_pipeline' retrieved from /opt/airflow/dags/tmdb_pipeline_to_stage.py
[2026-04-04T20:43:38.224+0000] {logging_mixin.py:188} INFO - [2026-04-04T20:43:38.224+0000] {dag.py:3096} INFO - Sync 1 DAGs
[2026-04-04T20:43:38.248+0000] {logging_mixin.py:188} INFO - [2026-04-04T20:43:38.248+0000] {dag.py:3954} INFO - Setting next_dagrun for tmdb_stage_pipeline to None, run_after=None
[2026-04-04T20:43:38.267+0000] {processor.py:183} INFO - Processing /opt/airflow/dags/tmdb_pipeline_to_stage.py took 0.116 seconds
[2026-04-04T20:44:08.634+0000] {processor.py:161} INFO - Started process (PID=26113) to work on /opt/airflow/dags/tmdb_pipeline_to_stage.py
[2026-04-04T20:44:08.637+0000] {processor.py:830} INFO - Processing file /opt/airflow/dags/tmdb_pipeline_to_stage.py for tasks to queue
[2026-04-04T20:44:08.640+0000] {logging_mixin.py:188} INFO - [2026-04-04T20:44:08.638+0000] {dagbag.py:545} INFO - Filling up the DagBag from /opt/airflow/dags/tmdb_pipeline_to_stage.py
[2026-04-04T20:44:08.660+0000] {processor.py:840} INFO - DAG(s) 'tmdb_stage_pipeline' retrieved from /opt/airflow/dags/tmdb_pipeline_to_stage.py
[2026-04-04T20:44:08.689+0000] {logging_mixin.py:188} INFO - [2026-04-04T20:44:08.689+0000] {dag.py:3096} INFO - Sync 1 DAGs
[2026-04-04T20:44:08.707+0000] {logging_mixin.py:188} INFO - [2026-04-04T20:44:08.707+0000] {dag.py:3954} INFO - Setting next_dagrun for tmdb_stage_pipeline to None, run_after=None
[2026-04-04T20:44:08.720+0000] {processor.py:183} INFO - Processing /opt/airflow/dags/tmdb_pipeline_to_stage.py took 0.095 seconds
[2026-04-04T20:44:39.054+0000] {processor.py:161} INFO - Started process (PID=26133) to work on /opt/airflow/dags/tmdb_pipeline_to_stage.py
[2026-04-04T20:44:39.058+0000] {processor.py:830} INFO - Processing file /opt/airflow/dags/tmdb_pipeline_to_stage.py for tasks to queue
[2026-04-04T20:44:39.059+0000] {logging_mixin.py:188} INFO - [2026-04-04T20:44:39.059+0000] {dagbag.py:545} INFO - Filling up the DagBag from /opt/airflow/dags/tmdb_pipeline_to_stage.py
[2026-04-04T20:44:39.074+0000] {processor.py:840} INFO - DAG(s) 'tmdb_stage_pipeline' retrieved from /opt/airflow/dags/tmdb_pipeline_to_stage.py
[2026-04-04T20:44:39.114+0000] {logging_mixin.py:188} INFO - [2026-04-04T20:44:39.114+0000] {dag.py:3096} INFO - Sync 1 DAGs
[2026-04-04T20:44:39.132+0000] {logging_mixin.py:188} INFO - [2026-04-04T20:44:39.132+0000] {dag.py:3954} INFO - Setting next_dagrun for tmdb_stage_pipeline to None, run_after=None
[2026-04-04T20:44:39.153+0000] {processor.py:183} INFO - Processing /opt/airflow/dags/tmdb_pipeline_to_stage.py took 0.109 seconds
[2026-04-04T20:45:09.602+0000] {processor.py:161} INFO - Started process (PID=26153) to work on /opt/airflow/dags/tmdb_pipeline_to_stage.py
[2026-04-04T20:45:09.609+0000] {processor.py:830} INFO - Processing file /opt/airflow/dags/tmdb_pipeline_to_stage.py for tasks to queue
[2026-04-04T20:45:09.612+0000] {logging_mixin.py:188} INFO - [2026-04-04T20:45:09.610+0000] {dagbag.py:545} INFO - Filling up the DagBag from /opt/airflow/dags/tmdb_pipeline_to_stage.py
[2026-04-04T20:45:09.677+0000] {processor.py:840} INFO - DAG(s) 'tmdb_stage_pipeline' retrieved from /opt/airflow/dags/tmdb_pipeline_to_stage.py
[2026-04-04T20:45:09.708+0000] {logging_mixin.py:188} INFO - [2026-04-04T20:45:09.708+0000] {dag.py:3096} INFO - Sync 1 DAGs
[2026-04-04T20:45:09.730+0000] {logging_mixin.py:188} INFO - [2026-04-04T20:45:09.730+0000] {dag.py:3954} INFO - Setting next_dagrun for tmdb_stage_pipeline to None, run_after=None
[2026-04-04T20:45:09.744+0000] {processor.py:183} INFO - Processing /opt/airflow/dags/tmdb_pipeline_to_stage.py took 0.197 seconds
[2026-04-04T20:45:40.245+0000] {processor.py:161} INFO - Started process (PID=26173) to work on /opt/airflow/dags/tmdb_pipeline_to_stage.py
[2026-04-04T20:45:40.251+0000] {processor.py:830} INFO - Processing file /opt/airflow/dags/tmdb_pipeline_to_stage.py for tasks to queue
[2026-04-04T20:45:40.256+0000] {logging_mixin.py:188} INFO - [2026-04-04T20:45:40.254+0000] {dagbag.py:545} INFO - Filling up the DagBag from /opt/airflow/dags/tmdb_pipeline_to_stage.py
[2026-04-04T20:45:40.286+0000] {processor.py:840} INFO - DAG(s) 'tmdb_stage_pipeline' retrieved from /opt/airflow/dags/tmdb_pipeline_to_stage.py
[2026-04-04T20:45:40.337+0000] {logging_mixin.py:188} INFO - [2026-04-04T20:45:40.337+0000] {dag.py:3096} INFO - Sync 1 DAGs
[2026-04-04T20:45:40.362+0000] {logging_mixin.py:188} INFO - [2026-04-04T20:45:40.361+0000] {dag.py:3954} INFO - Setting next_dagrun for tmdb_stage_pipeline to None, run_after=None
[2026-04-04T20:45:40.378+0000] {processor.py:183} INFO - Processing /opt/airflow/dags/tmdb_pipeline_to_stage.py took 0.157 seconds
[2026-04-04T20:46:10.879+0000] {processor.py:161} INFO - Started process (PID=26193) to work on /opt/airflow/dags/tmdb_pipeline_to_stage.py
[2026-04-04T20:46:10.886+0000] {processor.py:830} INFO - Processing file /opt/airflow/dags/tmdb_pipeline_to_stage.py for tasks to queue
[2026-04-04T20:46:10.889+0000] {logging_mixin.py:188} INFO - [2026-04-04T20:46:10.889+0000] {dagbag.py:545} INFO - Filling up the DagBag from /opt/airflow/dags/tmdb_pipeline_to_stage.py
[2026-04-04T20:46:10.912+0000] {processor.py:840} INFO - DAG(s) 'tmdb_stage_pipeline' retrieved from /opt/airflow/dags/tmdb_pipeline_to_stage.py
[2026-04-04T20:46:10.990+0000] {logging_mixin.py:188} INFO - [2026-04-04T20:46:10.990+0000] {dag.py:3096} INFO - Sync 1 DAGs
[2026-04-04T20:46:11.018+0000] {logging_mixin.py:188} INFO - [2026-04-04T20:46:11.017+0000] {dag.py:3954} INFO - Setting next_dagrun for tmdb_stage_pipeline to None, run_after=None
[2026-04-04T20:46:11.052+0000] {processor.py:183} INFO - Processing /opt/airflow/dags/tmdb_pipeline_to_stage.py took 0.206 seconds
[2026-04-04T20:46:41.533+0000] {processor.py:161} INFO - Started process (PID=26213) to work on /opt/airflow/dags/tmdb_pipeline_to_stage.py
[2026-04-04T20:46:41.537+0000] {processor.py:830} INFO - Processing file /opt/airflow/dags/tmdb_pipeline_to_stage.py for tasks to queue
[2026-04-04T20:46:41.538+0000] {logging_mixin.py:188} INFO - [2026-04-04T20:46:41.538+0000] {dagbag.py:545} INFO - Filling up the DagBag from /opt/airflow/dags/tmdb_pipeline_to_stage.py
[2026-04-04T20:46:41.555+0000] {processor.py:840} INFO - DAG(s) 'tmdb_stage_pipeline' retrieved from /opt/airflow/dags/tmdb_pipeline_to_stage.py
[2026-04-04T20:46:41.587+0000] {logging_mixin.py:188} INFO - [2026-04-04T20:46:41.587+0000] {dag.py:3096} INFO - Sync 1 DAGs
[2026-04-04T20:46:41.614+0000] {logging_mixin.py:188} INFO - [2026-04-04T20:46:41.614+0000] {dag.py:3954} INFO - Setting next_dagrun for tmdb_stage_pipeline to None, run_after=None
[2026-04-04T20:46:41.632+0000] {processor.py:183} INFO - Processing /opt/airflow/dags/tmdb_pipeline_to_stage.py took 0.109 seconds
[2026-04-04T20:47:12.039+0000] {processor.py:161} INFO - Started process (PID=26233) to work on /opt/airflow/dags/tmdb_pipeline_to_stage.py
[2026-04-04T20:47:12.043+0000] {processor.py:830} INFO - Processing file /opt/airflow/dags/tmdb_pipeline_to_stage.py for tasks to queue
[2026-04-04T20:47:12.045+0000] {logging_mixin.py:188} INFO - [2026-04-04T20:47:12.044+0000] {dagbag.py:545} INFO - Filling up the DagBag from /opt/airflow/dags/tmdb_pipeline_to_stage.py
[2026-04-04T20:47:12.076+0000] {processor.py:840} INFO - DAG(s) 'tmdb_stage_pipeline' retrieved from /opt/airflow/dags/tmdb_pipeline_to_stage.py
[2026-04-04T20:47:12.139+0000] {logging_mixin.py:188} INFO - [2026-04-04T20:47:12.139+0000] {dag.py:3096} INFO - Sync 1 DAGs
[2026-04-04T20:47:12.178+0000] {logging_mixin.py:188} INFO - [2026-04-04T20:47:12.177+0000] {dag.py:3954} INFO - Setting next_dagrun for tmdb_stage_pipeline to None, run_after=None
[2026-04-04T20:47:12.194+0000] {processor.py:183} INFO - Processing /opt/airflow/dags/tmdb_pipeline_to_stage.py took 0.175 seconds
[2026-04-04T20:47:42.575+0000] {processor.py:161} INFO - Started process (PID=26253) to work on /opt/airflow/dags/tmdb_pipeline_to_stage.py
[2026-04-04T20:47:42.578+0000] {processor.py:830} INFO - Processing file /opt/airflow/dags/tmdb_pipeline_to_stage.py for tasks to queue
[2026-04-04T20:47:42.579+0000] {logging_mixin.py:188} INFO - [2026-04-04T20:47:42.578+0000] {dagbag.py:545} INFO - Filling up the DagBag from /opt/airflow/dags/tmdb_pipeline_to_stage.py
[2026-04-04T20:47:42.596+0000] {processor.py:840} INFO - DAG(s) 'tmdb_stage_pipeline' retrieved from /opt/airflow/dags/tmdb_pipeline_to_stage.py
[2026-04-04T20:47:42.628+0000] {logging_mixin.py:188} INFO - [2026-04-04T20:47:42.628+0000] {dag.py:3096} INFO - Sync 1 DAGs
[2026-04-04T20:47:42.647+0000] {logging_mixin.py:188} INFO - [2026-04-04T20:47:42.647+0000] {dag.py:3954} INFO - Setting next_dagrun for tmdb_stage_pipeline to None, run_after=None
[2026-04-04T20:47:42.661+0000] {processor.py:183} INFO - Processing /opt/airflow/dags/tmdb_pipeline_to_stage.py took 0.100 seconds
[2026-04-04T20:48:13.026+0000] {processor.py:161} INFO - Started process (PID=26273) to work on /opt/airflow/dags/tmdb_pipeline_to_stage.py
[2026-04-04T20:48:13.031+0000] {processor.py:830} INFO - Processing file /opt/airflow/dags/tmdb_pipeline_to_stage.py for tasks to queue
[2026-04-04T20:48:13.033+0000] {logging_mixin.py:188} INFO - [2026-04-04T20:48:13.032+0000] {dagbag.py:545} INFO - Filling up the DagBag from /opt/airflow/dags/tmdb_pipeline_to_stage.py
[2026-04-04T20:48:13.049+0000] {processor.py:840} INFO - DAG(s) 'tmdb_stage_pipeline' retrieved from /opt/airflow/dags/tmdb_pipeline_to_stage.py
[2026-04-04T20:48:13.074+0000] {logging_mixin.py:188} INFO - [2026-04-04T20:48:13.074+0000] {dag.py:3096} INFO - Sync 1 DAGs
[2026-04-04T20:48:13.092+0000] {logging_mixin.py:188} INFO - [2026-04-04T20:48:13.092+0000] {dag.py:3954} INFO - Setting next_dagrun for tmdb_stage_pipeline to None, run_after=None
[2026-04-04T20:48:13.106+0000] {processor.py:183} INFO - Processing /opt/airflow/dags/tmdb_pipeline_to_stage.py took 0.092 seconds
[2026-04-04T20:48:43.450+0000] {processor.py:161} INFO - Started process (PID=26293) to work on /opt/airflow/dags/tmdb_pipeline_to_stage.py
[2026-04-04T20:48:43.453+0000] {processor.py:830} INFO - Processing file /opt/airflow/dags/tmdb_pipeline_to_stage.py for tasks to queue
[2026-04-04T20:48:43.454+0000] {logging_mixin.py:188} INFO - [2026-04-04T20:48:43.453+0000] {dagbag.py:545} INFO - Filling up the DagBag from /opt/airflow/dags/tmdb_pipeline_to_stage.py
[2026-04-04T20:48:43.474+0000] {processor.py:840} INFO - DAG(s) 'tmdb_stage_pipeline' retrieved from /opt/airflow/dags/tmdb_pipeline_to_stage.py
[2026-04-04T20:48:43.517+0000] {logging_mixin.py:188} INFO - [2026-04-04T20:48:43.517+0000] {dag.py:3096} INFO - Sync 1 DAGs
[2026-04-04T20:48:43.533+0000] {logging_mixin.py:188} INFO - [2026-04-04T20:48:43.533+0000] {dag.py:3954} INFO - Setting next_dagrun for tmdb_stage_pipeline to None, run_after=None
[2026-04-04T20:48:43.553+0000] {processor.py:183} INFO - Processing /opt/airflow/dags/tmdb_pipeline_to_stage.py took 0.117 seconds
[2026-04-04T20:49:13.949+0000] {processor.py:161} INFO - Started process (PID=26313) to work on /opt/airflow/dags/tmdb_pipeline_to_stage.py
[2026-04-04T20:49:13.955+0000] {processor.py:830} INFO - Processing file /opt/airflow/dags/tmdb_pipeline_to_stage.py for tasks to queue
[2026-04-04T20:49:13.957+0000] {logging_mixin.py:188} INFO - [2026-04-04T20:49:13.956+0000] {dagbag.py:545} INFO - Filling up the DagBag from /opt/airflow/dags/tmdb_pipeline_to_stage.py
[2026-04-04T20:49:13.977+0000] {processor.py:840} INFO - DAG(s) 'tmdb_stage_pipeline' retrieved from /opt/airflow/dags/tmdb_pipeline_to_stage.py
[2026-04-04T20:49:14.008+0000] {logging_mixin.py:188} INFO - [2026-04-04T20:49:14.008+0000] {dag.py:3096} INFO - Sync 1 DAGs
[2026-04-04T20:49:14.023+0000] {logging_mixin.py:188} INFO - [2026-04-04T20:49:14.023+0000] {dag.py:3954} INFO - Setting next_dagrun for tmdb_stage_pipeline to None, run_after=None
[2026-04-04T20:49:14.041+0000] {processor.py:183} INFO - Processing /opt/airflow/dags/tmdb_pipeline_to_stage.py took 0.110 seconds
[2026-04-04T20:49:44.474+0000] {processor.py:161} INFO - Started process (PID=26333) to work on /opt/airflow/dags/tmdb_pipeline_to_stage.py
[2026-04-04T20:49:44.477+0000] {processor.py:830} INFO - Processing file /opt/airflow/dags/tmdb_pipeline_to_stage.py for tasks to queue
[2026-04-04T20:49:44.479+0000] {logging_mixin.py:188} INFO - [2026-04-04T20:49:44.479+0000] {dagbag.py:545} INFO - Filling up the DagBag from /opt/airflow/dags/tmdb_pipeline_to_stage.py
[2026-04-04T20:49:44.497+0000] {processor.py:840} INFO - DAG(s) 'tmdb_stage_pipeline' retrieved from /opt/airflow/dags/tmdb_pipeline_to_stage.py
[2026-04-04T20:49:44.533+0000] {logging_mixin.py:188} INFO - [2026-04-04T20:49:44.533+0000] {dag.py:3096} INFO - Sync 1 DAGs
[2026-04-04T20:49:44.552+0000] {logging_mixin.py:188} INFO - [2026-04-04T20:49:44.552+0000] {dag.py:3954} INFO - Setting next_dagrun for tmdb_stage_pipeline to None, run_after=None
[2026-04-04T20:49:44.568+0000] {processor.py:183} INFO - Processing /opt/airflow/dags/tmdb_pipeline_to_stage.py took 0.108 seconds
[2026-04-04T20:50:14.917+0000] {processor.py:161} INFO - Started process (PID=26353) to work on /opt/airflow/dags/tmdb_pipeline_to_stage.py
[2026-04-04T20:50:14.923+0000] {processor.py:830} INFO - Processing file /opt/airflow/dags/tmdb_pipeline_to_stage.py for tasks to queue
[2026-04-04T20:50:14.924+0000] {logging_mixin.py:188} INFO - [2026-04-04T20:50:14.923+0000] {dagbag.py:545} INFO - Filling up the DagBag from /opt/airflow/dags/tmdb_pipeline_to_stage.py
[2026-04-04T20:50:14.952+0000] {processor.py:840} INFO - DAG(s) 'tmdb_stage_pipeline' retrieved from /opt/airflow/dags/tmdb_pipeline_to_stage.py
[2026-04-04T20:50:14.983+0000] {logging_mixin.py:188} INFO - [2026-04-04T20:50:14.983+0000] {dag.py:3096} INFO - Sync 1 DAGs
[2026-04-04T20:50:15.000+0000] {logging_mixin.py:188} INFO - [2026-04-04T20:50:15.000+0000] {dag.py:3954} INFO - Setting next_dagrun for tmdb_stage_pipeline to None, run_after=None
[2026-04-04T20:50:15.013+0000] {processor.py:183} INFO - Processing /opt/airflow/dags/tmdb_pipeline_to_stage.py took 0.111 seconds
[2026-04-04T20:50:45.448+0000] {processor.py:161} INFO - Started process (PID=26373) to work on /opt/airflow/dags/tmdb_pipeline_to_stage.py
[2026-04-04T20:50:45.451+0000] {processor.py:830} INFO - Processing file /opt/airflow/dags/tmdb_pipeline_to_stage.py for tasks to queue
[2026-04-04T20:50:45.452+0000] {logging_mixin.py:188} INFO - [2026-04-04T20:50:45.452+0000] {dagbag.py:545} INFO - Filling up the DagBag from /opt/airflow/dags/tmdb_pipeline_to_stage.py
[2026-04-04T20:50:45.467+0000] {processor.py:840} INFO - DAG(s) 'tmdb_stage_pipeline' retrieved from /opt/airflow/dags/tmdb_pipeline_to_stage.py
[2026-04-04T20:50:45.502+0000] {logging_mixin.py:188} INFO - [2026-04-04T20:50:45.502+0000] {dag.py:3096} INFO - Sync 1 DAGs
[2026-04-04T20:50:45.514+0000] {logging_mixin.py:188} INFO - [2026-04-04T20:50:45.514+0000] {dag.py:3954} INFO - Setting next_dagrun for tmdb_stage_pipeline to None, run_after=None
[2026-04-04T20:50:45.530+0000] {processor.py:183} INFO - Processing /opt/airflow/dags/tmdb_pipeline_to_stage.py took 0.090 seconds
[2026-04-04T20:51:15.928+0000] {processor.py:161} INFO - Started process (PID=26393) to work on /opt/airflow/dags/tmdb_pipeline_to_stage.py
[2026-04-04T20:51:15.932+0000] {processor.py:830} INFO - Processing file /opt/airflow/dags/tmdb_pipeline_to_stage.py for tasks to queue
[2026-04-04T20:51:15.933+0000] {logging_mixin.py:188} INFO - [2026-04-04T20:51:15.933+0000] {dagbag.py:545} INFO - Filling up the DagBag from /opt/airflow/dags/tmdb_pipeline_to_stage.py
[2026-04-04T20:51:15.953+0000] {processor.py:840} INFO - DAG(s) 'tmdb_stage_pipeline' retrieved from /opt/airflow/dags/tmdb_pipeline_to_stage.py
[2026-04-04T20:51:15.993+0000] {logging_mixin.py:188} INFO - [2026-04-04T20:51:15.993+0000] {dag.py:3096} INFO - Sync 1 DAGs
[2026-04-04T20:51:16.014+0000] {logging_mixin.py:188} INFO - [2026-04-04T20:51:16.014+0000] {dag.py:3954} INFO - Setting next_dagrun for tmdb_stage_pipeline to None, run_after=None
[2026-04-04T20:51:16.031+0000] {processor.py:183} INFO - Processing /opt/airflow/dags/tmdb_pipeline_to_stage.py took 0.117 seconds
[2026-04-04T20:51:46.407+0000] {processor.py:161} INFO - Started process (PID=26413) to work on /opt/airflow/dags/tmdb_pipeline_to_stage.py
[2026-04-04T20:51:46.413+0000] {processor.py:830} INFO - Processing file /opt/airflow/dags/tmdb_pipeline_to_stage.py for tasks to queue
[2026-04-04T20:51:46.414+0000] {logging_mixin.py:188} INFO - [2026-04-04T20:51:46.413+0000] {dagbag.py:545} INFO - Filling up the DagBag from /opt/airflow/dags/tmdb_pipeline_to_stage.py
[2026-04-04T20:51:46.434+0000] {processor.py:840} INFO - DAG(s) 'tmdb_stage_pipeline' retrieved from /opt/airflow/dags/tmdb_pipeline_to_stage.py
[2026-04-04T20:51:46.461+0000] {logging_mixin.py:188} INFO - [2026-04-04T20:51:46.461+0000] {dag.py:3096} INFO - Sync 1 DAGs
[2026-04-04T20:51:46.474+0000] {logging_mixin.py:188} INFO - [2026-04-04T20:51:46.473+0000] {dag.py:3954} INFO - Setting next_dagrun for tmdb_stage_pipeline to None, run_after=None
[2026-04-04T20:51:46.489+0000] {processor.py:183} INFO - Processing /opt/airflow/dags/tmdb_pipeline_to_stage.py took 0.090 seconds
[2026-04-04T20:52:16.904+0000] {processor.py:161} INFO - Started process (PID=26433) to work on /opt/airflow/dags/tmdb_pipeline_to_stage.py
[2026-04-04T20:52:16.908+0000] {processor.py:830} INFO - Processing file /opt/airflow/dags/tmdb_pipeline_to_stage.py for tasks to queue
[2026-04-04T20:52:16.909+0000] {logging_mixin.py:188} INFO - [2026-04-04T20:52:16.909+0000] {dagbag.py:545} INFO - Filling up the DagBag from /opt/airflow/dags/tmdb_pipeline_to_stage.py
[2026-04-04T20:52:16.932+0000] {processor.py:840} INFO - DAG(s) 'tmdb_stage_pipeline' retrieved from /opt/airflow/dags/tmdb_pipeline_to_stage.py
[2026-04-04T20:52:16.961+0000] {logging_mixin.py:188} INFO - [2026-04-04T20:52:16.961+0000] {dag.py:3096} INFO - Sync 1 DAGs
[2026-04-04T20:52:16.985+0000] {logging_mixin.py:188} INFO - [2026-04-04T20:52:16.985+0000] {dag.py:3954} INFO - Setting next_dagrun for tmdb_stage_pipeline to None, run_after=None
[2026-04-04T20:52:17.000+0000] {processor.py:183} INFO - Processing /opt/airflow/dags/tmdb_pipeline_to_stage.py took 0.106 seconds
[2026-04-04T20:52:47.490+0000] {processor.py:161} INFO - Started process (PID=26453) to work on /opt/airflow/dags/tmdb_pipeline_to_stage.py
[2026-04-04T20:52:47.496+0000] {processor.py:830} INFO - Processing file /opt/airflow/dags/tmdb_pipeline_to_stage.py for tasks to queue
[2026-04-04T20:52:47.497+0000] {logging_mixin.py:188} INFO - [2026-04-04T20:52:47.496+0000] {dagbag.py:545} INFO - Filling up the DagBag from /opt/airflow/dags/tmdb_pipeline_to_stage.py
[2026-04-04T20:52:47.529+0000] {processor.py:840} INFO - DAG(s) 'tmdb_stage_pipeline' retrieved from /opt/airflow/dags/tmdb_pipeline_to_stage.py
[2026-04-04T20:52:47.571+0000] {logging_mixin.py:188} INFO - [2026-04-04T20:52:47.571+0000] {dag.py:3096} INFO - Sync 1 DAGs
[2026-04-04T20:52:47.586+0000] {logging_mixin.py:188} INFO - [2026-04-04T20:52:47.586+0000] {dag.py:3954} INFO - Setting next_dagrun for tmdb_stage_pipeline to None, run_after=None
[2026-04-04T20:52:47.601+0000] {processor.py:183} INFO - Processing /opt/airflow/dags/tmdb_pipeline_to_stage.py took 0.141 seconds
[2026-04-04T20:53:17.968+0000] {processor.py:161} INFO - Started process (PID=26473) to work on /opt/airflow/dags/tmdb_pipeline_to_stage.py
[2026-04-04T20:53:17.972+0000] {processor.py:830} INFO - Processing file /opt/airflow/dags/tmdb_pipeline_to_stage.py for tasks to queue
[2026-04-04T20:53:17.973+0000] {logging_mixin.py:188} INFO - [2026-04-04T20:53:17.973+0000] {dagbag.py:545} INFO - Filling up the DagBag from /opt/airflow/dags/tmdb_pipeline_to_stage.py
[2026-04-04T20:53:17.989+0000] {processor.py:840} INFO - DAG(s) 'tmdb_stage_pipeline' retrieved from /opt/airflow/dags/tmdb_pipeline_to_stage.py
[2026-04-04T20:53:18.012+0000] {logging_mixin.py:188} INFO - [2026-04-04T20:53:18.012+0000] {dag.py:3096} INFO - Sync 1 DAGs
[2026-04-04T20:53:18.027+0000] {logging_mixin.py:188} INFO - [2026-04-04T20:53:18.027+0000] {dag.py:3954} INFO - Setting next_dagrun for tmdb_stage_pipeline to None, run_after=None
[2026-04-04T20:53:18.045+0000] {processor.py:183} INFO - Processing /opt/airflow/dags/tmdb_pipeline_to_stage.py took 0.089 seconds
[2026-04-04T20:53:48.445+0000] {processor.py:161} INFO - Started process (PID=26493) to work on /opt/airflow/dags/tmdb_pipeline_to_stage.py
[2026-04-04T20:53:48.449+0000] {processor.py:830} INFO - Processing file /opt/airflow/dags/tmdb_pipeline_to_stage.py for tasks to queue
[2026-04-04T20:53:48.450+0000] {logging_mixin.py:188} INFO - [2026-04-04T20:53:48.450+0000] {dagbag.py:545} INFO - Filling up the DagBag from /opt/airflow/dags/tmdb_pipeline_to_stage.py
[2026-04-04T20:53:48.465+0000] {processor.py:840} INFO - DAG(s) 'tmdb_stage_pipeline' retrieved from /opt/airflow/dags/tmdb_pipeline_to_stage.py
[2026-04-04T20:53:48.518+0000] {logging_mixin.py:188} INFO - [2026-04-04T20:53:48.518+0000] {dag.py:3096} INFO - Sync 1 DAGs
[2026-04-04T20:53:48.535+0000] {logging_mixin.py:188} INFO - [2026-04-04T20:53:48.534+0000] {dag.py:3954} INFO - Setting next_dagrun for tmdb_stage_pipeline to None, run_after=None
[2026-04-04T20:53:48.551+0000] {processor.py:183} INFO - Processing /opt/airflow/dags/tmdb_pipeline_to_stage.py took 0.118 seconds
[2026-04-04T20:54:18.914+0000] {processor.py:161} INFO - Started process (PID=26513) to work on /opt/airflow/dags/tmdb_pipeline_to_stage.py
[2026-04-04T20:54:18.918+0000] {processor.py:830} INFO - Processing file /opt/airflow/dags/tmdb_pipeline_to_stage.py for tasks to queue
[2026-04-04T20:54:18.920+0000] {logging_mixin.py:188} INFO - [2026-04-04T20:54:18.919+0000] {dagbag.py:545} INFO - Filling up the DagBag from /opt/airflow/dags/tmdb_pipeline_to_stage.py
[2026-04-04T20:54:18.931+0000] {processor.py:840} INFO - DAG(s) 'tmdb_stage_pipeline' retrieved from /opt/airflow/dags/tmdb_pipeline_to_stage.py
[2026-04-04T20:54:18.969+0000] {logging_mixin.py:188} INFO - [2026-04-04T20:54:18.969+0000] {dag.py:3096} INFO - Sync 1 DAGs
[2026-04-04T20:54:18.989+0000] {logging_mixin.py:188} INFO - [2026-04-04T20:54:18.989+0000] {dag.py:3954} INFO - Setting next_dagrun for tmdb_stage_pipeline to None, run_after=None
[2026-04-04T20:54:19.009+0000] {processor.py:183} INFO - Processing /opt/airflow/dags/tmdb_pipeline_to_stage.py took 0.102 seconds
[2026-04-04T20:54:49.407+0000] {processor.py:161} INFO - Started process (PID=26533) to work on /opt/airflow/dags/tmdb_pipeline_to_stage.py
[2026-04-04T20:54:49.412+0000] {processor.py:830} INFO - Processing file /opt/airflow/dags/tmdb_pipeline_to_stage.py for tasks to queue
[2026-04-04T20:54:49.414+0000] {logging_mixin.py:188} INFO - [2026-04-04T20:54:49.414+0000] {dagbag.py:545} INFO - Filling up the DagBag from /opt/airflow/dags/tmdb_pipeline_to_stage.py
[2026-04-04T20:54:49.441+0000] {processor.py:840} INFO - DAG(s) 'tmdb_stage_pipeline' retrieved from /opt/airflow/dags/tmdb_pipeline_to_stage.py
[2026-04-04T20:54:49.476+0000] {logging_mixin.py:188} INFO - [2026-04-04T20:54:49.476+0000] {dag.py:3096} INFO - Sync 1 DAGs
[2026-04-04T20:54:49.489+0000] {logging_mixin.py:188} INFO - [2026-04-04T20:54:49.488+0000] {dag.py:3954} INFO - Setting next_dagrun for tmdb_stage_pipeline to None, run_after=None
[2026-04-04T20:54:49.511+0000] {processor.py:183} INFO - Processing /opt/airflow/dags/tmdb_pipeline_to_stage.py took 0.119 seconds
[2026-04-04T20:55:19.980+0000] {processor.py:161} INFO - Started process (PID=26553) to work on /opt/airflow/dags/tmdb_pipeline_to_stage.py
[2026-04-04T20:55:19.985+0000] {processor.py:830} INFO - Processing file /opt/airflow/dags/tmdb_pipeline_to_stage.py for tasks to queue
[2026-04-04T20:55:19.986+0000] {logging_mixin.py:188} INFO - [2026-04-04T20:55:19.985+0000] {dagbag.py:545} INFO - Filling up the DagBag from /opt/airflow/dags/tmdb_pipeline_to_stage.py
[2026-04-04T20:55:20.012+0000] {processor.py:840} INFO - DAG(s) 'tmdb_stage_pipeline' retrieved from /opt/airflow/dags/tmdb_pipeline_to_stage.py
[2026-04-04T20:55:20.048+0000] {logging_mixin.py:188} INFO - [2026-04-04T20:55:20.048+0000] {dag.py:3096} INFO - Sync 1 DAGs
[2026-04-04T20:55:20.066+0000] {logging_mixin.py:188} INFO - [2026-04-04T20:55:20.066+0000] {dag.py:3954} INFO - Setting next_dagrun for tmdb_stage_pipeline to None, run_after=None
[2026-04-04T20:55:20.095+0000] {processor.py:183} INFO - Processing /opt/airflow/dags/tmdb_pipeline_to_stage.py took 0.132 seconds
[2026-04-04T20:55:50.489+0000] {processor.py:161} INFO - Started process (PID=26573) to work on /opt/airflow/dags/tmdb_pipeline_to_stage.py
[2026-04-04T20:55:50.493+0000] {processor.py:830} INFO - Processing file /opt/airflow/dags/tmdb_pipeline_to_stage.py for tasks to queue
[2026-04-04T20:55:50.495+0000] {logging_mixin.py:188} INFO - [2026-04-04T20:55:50.495+0000] {dagbag.py:545} INFO - Filling up the DagBag from /opt/airflow/dags/tmdb_pipeline_to_stage.py
[2026-04-04T20:55:50.509+0000] {processor.py:840} INFO - DAG(s) 'tmdb_stage_pipeline' retrieved from /opt/airflow/dags/tmdb_pipeline_to_stage.py
[2026-04-04T20:55:50.539+0000] {logging_mixin.py:188} INFO - [2026-04-04T20:55:50.538+0000] {dag.py:3096} INFO - Sync 1 DAGs
[2026-04-04T20:55:50.558+0000] {logging_mixin.py:188} INFO - [2026-04-04T20:55:50.558+0000] {dag.py:3954} INFO - Setting next_dagrun for tmdb_stage_pipeline to None, run_after=None
[2026-04-04T20:55:50.576+0000] {processor.py:183} INFO - Processing /opt/airflow/dags/tmdb_pipeline_to_stage.py took 0.105 seconds
[2026-04-04T20:56:20.998+0000] {processor.py:161} INFO - Started process (PID=26593) to work on /opt/airflow/dags/tmdb_pipeline_to_stage.py
[2026-04-04T20:56:21.003+0000] {processor.py:830} INFO - Processing file /opt/airflow/dags/tmdb_pipeline_to_stage.py for tasks to queue
[2026-04-04T20:56:21.006+0000] {logging_mixin.py:188} INFO - [2026-04-04T20:56:21.005+0000] {dagbag.py:545} INFO - Filling up the DagBag from /opt/airflow/dags/tmdb_pipeline_to_stage.py
[2026-04-04T20:56:21.035+0000] {processor.py:840} INFO - DAG(s) 'tmdb_stage_pipeline' retrieved from /opt/airflow/dags/tmdb_pipeline_to_stage.py
[2026-04-04T20:56:21.087+0000] {logging_mixin.py:188} INFO - [2026-04-04T20:56:21.086+0000] {dag.py:3096} INFO - Sync 1 DAGs
[2026-04-04T20:56:21.102+0000] {logging_mixin.py:188} INFO - [2026-04-04T20:56:21.102+0000] {dag.py:3954} INFO - Setting next_dagrun for tmdb_stage_pipeline to None, run_after=None
[2026-04-04T20:56:21.124+0000] {processor.py:183} INFO - Processing /opt/airflow/dags/tmdb_pipeline_to_stage.py took 0.142 seconds
[2026-04-04T20:56:51.521+0000] {processor.py:161} INFO - Started process (PID=26613) to work on /opt/airflow/dags/tmdb_pipeline_to_stage.py
[2026-04-04T20:56:51.527+0000] {processor.py:830} INFO - Processing file /opt/airflow/dags/tmdb_pipeline_to_stage.py for tasks to queue
[2026-04-04T20:56:51.529+0000] {logging_mixin.py:188} INFO - [2026-04-04T20:56:51.528+0000] {dagbag.py:545} INFO - Filling up the DagBag from /opt/airflow/dags/tmdb_pipeline_to_stage.py
[2026-04-04T20:56:51.565+0000] {processor.py:840} INFO - DAG(s) 'tmdb_stage_pipeline' retrieved from /opt/airflow/dags/tmdb_pipeline_to_stage.py
[2026-04-04T20:56:51.597+0000] {logging_mixin.py:188} INFO - [2026-04-04T20:56:51.597+0000] {dag.py:3096} INFO - Sync 1 DAGs
[2026-04-04T20:56:51.630+0000] {logging_mixin.py:188} INFO - [2026-04-04T20:56:51.630+0000] {dag.py:3954} INFO - Setting next_dagrun for tmdb_stage_pipeline to None, run_after=None
[2026-04-04T20:56:51.649+0000] {processor.py:183} INFO - Processing /opt/airflow/dags/tmdb_pipeline_to_stage.py took 0.141 seconds
[2026-04-04T20:57:22.095+0000] {processor.py:161} INFO - Started process (PID=26633) to work on /opt/airflow/dags/tmdb_pipeline_to_stage.py
[2026-04-04T20:57:22.100+0000] {processor.py:830} INFO - Processing file /opt/airflow/dags/tmdb_pipeline_to_stage.py for tasks to queue
[2026-04-04T20:57:22.102+0000] {logging_mixin.py:188} INFO - [2026-04-04T20:57:22.101+0000] {dagbag.py:545} INFO - Filling up the DagBag from /opt/airflow/dags/tmdb_pipeline_to_stage.py
[2026-04-04T20:57:22.149+0000] {processor.py:840} INFO - DAG(s) 'tmdb_stage_pipeline' retrieved from /opt/airflow/dags/tmdb_pipeline_to_stage.py
[2026-04-04T20:57:22.199+0000] {logging_mixin.py:188} INFO - [2026-04-04T20:57:22.199+0000] {dag.py:3096} INFO - Sync 1 DAGs
[2026-04-04T20:57:22.220+0000] {logging_mixin.py:188} INFO - [2026-04-04T20:57:22.220+0000] {dag.py:3954} INFO - Setting next_dagrun for tmdb_stage_pipeline to None, run_after=None
[2026-04-04T20:57:22.237+0000] {processor.py:183} INFO - Processing /opt/airflow/dags/tmdb_pipeline_to_stage.py took 0.177 seconds
[2026-04-04T20:57:52.607+0000] {processor.py:161} INFO - Started process (PID=26653) to work on /opt/airflow/dags/tmdb_pipeline_to_stage.py
[2026-04-04T20:57:52.612+0000] {processor.py:830} INFO - Processing file /opt/airflow/dags/tmdb_pipeline_to_stage.py for tasks to queue
[2026-04-04T20:57:52.613+0000] {logging_mixin.py:188} INFO - [2026-04-04T20:57:52.612+0000] {dagbag.py:545} INFO - Filling up the DagBag from /opt/airflow/dags/tmdb_pipeline_to_stage.py
[2026-04-04T20:57:52.635+0000] {processor.py:840} INFO - DAG(s) 'tmdb_stage_pipeline' retrieved from /opt/airflow/dags/tmdb_pipeline_to_stage.py
[2026-04-04T20:57:52.680+0000] {logging_mixin.py:188} INFO - [2026-04-04T20:57:52.680+0000] {dag.py:3096} INFO - Sync 1 DAGs
[2026-04-04T20:57:52.708+0000] {logging_mixin.py:188} INFO - [2026-04-04T20:57:52.708+0000] {dag.py:3954} INFO - Setting next_dagrun for tmdb_stage_pipeline to None, run_after=None
[2026-04-04T20:57:52.731+0000] {processor.py:183} INFO - Processing /opt/airflow/dags/tmdb_pipeline_to_stage.py took 0.137 seconds
[2026-04-04T20:58:23.167+0000] {processor.py:161} INFO - Started process (PID=26673) to work on /opt/airflow/dags/tmdb_pipeline_to_stage.py
[2026-04-04T20:58:23.172+0000] {processor.py:830} INFO - Processing file /opt/airflow/dags/tmdb_pipeline_to_stage.py for tasks to queue
[2026-04-04T20:58:23.173+0000] {logging_mixin.py:188} INFO - [2026-04-04T20:58:23.173+0000] {dagbag.py:545} INFO - Filling up the DagBag from /opt/airflow/dags/tmdb_pipeline_to_stage.py
[2026-04-04T20:58:23.191+0000] {processor.py:840} INFO - DAG(s) 'tmdb_stage_pipeline' retrieved from /opt/airflow/dags/tmdb_pipeline_to_stage.py
[2026-04-04T20:58:23.229+0000] {logging_mixin.py:188} INFO - [2026-04-04T20:58:23.229+0000] {dag.py:3096} INFO - Sync 1 DAGs
[2026-04-04T20:58:23.251+0000] {logging_mixin.py:188} INFO - [2026-04-04T20:58:23.251+0000] {dag.py:3954} INFO - Setting next_dagrun for tmdb_stage_pipeline to None, run_after=None
[2026-04-04T20:58:23.269+0000] {processor.py:183} INFO - Processing /opt/airflow/dags/tmdb_pipeline_to_stage.py took 0.123 seconds
[2026-04-04T20:58:53.608+0000] {processor.py:161} INFO - Started process (PID=26693) to work on /opt/airflow/dags/tmdb_pipeline_to_stage.py
[2026-04-04T20:58:53.612+0000] {processor.py:830} INFO - Processing file /opt/airflow/dags/tmdb_pipeline_to_stage.py for tasks to queue
[2026-04-04T20:58:53.614+0000] {logging_mixin.py:188} INFO - [2026-04-04T20:58:53.614+0000] {dagbag.py:545} INFO - Filling up the DagBag from /opt/airflow/dags/tmdb_pipeline_to_stage.py
[2026-04-04T20:58:53.630+0000] {processor.py:840} INFO - DAG(s) 'tmdb_stage_pipeline' retrieved from /opt/airflow/dags/tmdb_pipeline_to_stage.py
[2026-04-04T20:58:53.665+0000] {logging_mixin.py:188} INFO - [2026-04-04T20:58:53.665+0000] {dag.py:3096} INFO - Sync 1 DAGs
[2026-04-04T20:58:53.680+0000] {logging_mixin.py:188} INFO - [2026-04-04T20:58:53.680+0000] {dag.py:3954} INFO - Setting next_dagrun for tmdb_stage_pipeline to None, run_after=None
[2026-04-04T20:58:53.707+0000] {processor.py:183} INFO - Processing /opt/airflow/dags/tmdb_pipeline_to_stage.py took 0.107 seconds
[2026-04-04T20:59:24.101+0000] {processor.py:161} INFO - Started process (PID=26713) to work on /opt/airflow/dags/tmdb_pipeline_to_stage.py
[2026-04-04T20:59:24.104+0000] {processor.py:830} INFO - Processing file /opt/airflow/dags/tmdb_pipeline_to_stage.py for tasks to queue
[2026-04-04T20:59:24.106+0000] {logging_mixin.py:188} INFO - [2026-04-04T20:59:24.105+0000] {dagbag.py:545} INFO - Filling up the DagBag from /opt/airflow/dags/tmdb_pipeline_to_stage.py
[2026-04-04T20:59:24.131+0000] {processor.py:840} INFO - DAG(s) 'tmdb_stage_pipeline' retrieved from /opt/airflow/dags/tmdb_pipeline_to_stage.py
[2026-04-04T20:59:24.177+0000] {logging_mixin.py:188} INFO - [2026-04-04T20:59:24.177+0000] {dag.py:3096} INFO - Sync 1 DAGs
[2026-04-04T20:59:24.194+0000] {logging_mixin.py:188} INFO - [2026-04-04T20:59:24.194+0000] {dag.py:3954} INFO - Setting next_dagrun for tmdb_stage_pipeline to None, run_after=None
[2026-04-04T20:59:24.211+0000] {processor.py:183} INFO - Processing /opt/airflow/dags/tmdb_pipeline_to_stage.py took 0.120 seconds
[2026-04-04T20:59:54.583+0000] {processor.py:161} INFO - Started process (PID=26733) to work on /opt/airflow/dags/tmdb_pipeline_to_stage.py
[2026-04-04T20:59:54.589+0000] {processor.py:830} INFO - Processing file /opt/airflow/dags/tmdb_pipeline_to_stage.py for tasks to queue
[2026-04-04T20:59:54.590+0000] {logging_mixin.py:188} INFO - [2026-04-04T20:59:54.590+0000] {dagbag.py:545} INFO - Filling up the DagBag from /opt/airflow/dags/tmdb_pipeline_to_stage.py
[2026-04-04T20:59:54.605+0000] {processor.py:840} INFO - DAG(s) 'tmdb_stage_pipeline' retrieved from /opt/airflow/dags/tmdb_pipeline_to_stage.py
[2026-04-04T20:59:54.643+0000] {logging_mixin.py:188} INFO - [2026-04-04T20:59:54.642+0000] {dag.py:3096} INFO - Sync 1 DAGs
[2026-04-04T20:59:54.669+0000] {logging_mixin.py:188} INFO - [2026-04-04T20:59:54.669+0000] {dag.py:3954} INFO - Setting next_dagrun for tmdb_stage_pipeline to None, run_after=None
[2026-04-04T20:59:54.690+0000] {processor.py:183} INFO - Processing /opt/airflow/dags/tmdb_pipeline_to_stage.py took 0.117 seconds
[2026-04-04T21:00:25.112+0000] {processor.py:161} INFO - Started process (PID=26753) to work on /opt/airflow/dags/tmdb_pipeline_to_stage.py
[2026-04-04T21:00:25.117+0000] {processor.py:830} INFO - Processing file /opt/airflow/dags/tmdb_pipeline_to_stage.py for tasks to queue
[2026-04-04T21:00:25.118+0000] {logging_mixin.py:188} INFO - [2026-04-04T21:00:25.117+0000] {dagbag.py:545} INFO - Filling up the DagBag from /opt/airflow/dags/tmdb_pipeline_to_stage.py
[2026-04-04T21:00:25.141+0000] {processor.py:840} INFO - DAG(s) 'tmdb_stage_pipeline' retrieved from /opt/airflow/dags/tmdb_pipeline_to_stage.py
[2026-04-04T21:00:25.179+0000] {logging_mixin.py:188} INFO - [2026-04-04T21:00:25.179+0000] {dag.py:3096} INFO - Sync 1 DAGs
[2026-04-04T21:00:25.197+0000] {logging_mixin.py:188} INFO - [2026-04-04T21:00:25.197+0000] {dag.py:3954} INFO - Setting next_dagrun for tmdb_stage_pipeline to None, run_after=None
[2026-04-04T21:00:25.218+0000] {processor.py:183} INFO - Processing /opt/airflow/dags/tmdb_pipeline_to_stage.py took 0.122 seconds
[2026-04-04T21:00:55.611+0000] {processor.py:161} INFO - Started process (PID=26773) to work on /opt/airflow/dags/tmdb_pipeline_to_stage.py
[2026-04-04T21:00:55.615+0000] {processor.py:830} INFO - Processing file /opt/airflow/dags/tmdb_pipeline_to_stage.py for tasks to queue
[2026-04-04T21:00:55.618+0000] {logging_mixin.py:188} INFO - [2026-04-04T21:00:55.618+0000] {dagbag.py:545} INFO - Filling up the DagBag from /opt/airflow/dags/tmdb_pipeline_to_stage.py
[2026-04-04T21:00:55.639+0000] {processor.py:840} INFO - DAG(s) 'tmdb_stage_pipeline' retrieved from /opt/airflow/dags/tmdb_pipeline_to_stage.py
[2026-04-04T21:00:55.681+0000] {logging_mixin.py:188} INFO - [2026-04-04T21:00:55.680+0000] {dag.py:3096} INFO - Sync 1 DAGs
[2026-04-04T21:00:55.705+0000] {logging_mixin.py:188} INFO - [2026-04-04T21:00:55.705+0000] {dag.py:3954} INFO - Setting next_dagrun for tmdb_stage_pipeline to None, run_after=None
[2026-04-04T21:00:55.724+0000] {processor.py:183} INFO - Processing /opt/airflow/dags/tmdb_pipeline_to_stage.py took 0.123 seconds
[2026-04-04T21:01:26.122+0000] {processor.py:161} INFO - Started process (PID=26793) to work on /opt/airflow/dags/tmdb_pipeline_to_stage.py
[2026-04-04T21:01:26.126+0000] {processor.py:830} INFO - Processing file /opt/airflow/dags/tmdb_pipeline_to_stage.py for tasks to queue
[2026-04-04T21:01:26.127+0000] {logging_mixin.py:188} INFO - [2026-04-04T21:01:26.127+0000] {dagbag.py:545} INFO - Filling up the DagBag from /opt/airflow/dags/tmdb_pipeline_to_stage.py
[2026-04-04T21:01:26.139+0000] {processor.py:840} INFO - DAG(s) 'tmdb_stage_pipeline' retrieved from /opt/airflow/dags/tmdb_pipeline_to_stage.py
[2026-04-04T21:01:26.176+0000] {logging_mixin.py:188} INFO - [2026-04-04T21:01:26.176+0000] {dag.py:3096} INFO - Sync 1 DAGs
[2026-04-04T21:01:26.196+0000] {logging_mixin.py:188} INFO - [2026-04-04T21:01:26.196+0000] {dag.py:3954} INFO - Setting next_dagrun for tmdb_stage_pipeline to None, run_after=None
[2026-04-04T21:01:26.211+0000] {processor.py:183} INFO - Processing /opt/airflow/dags/tmdb_pipeline_to_stage.py took 0.107 seconds
[2026-04-04T21:01:56.580+0000] {processor.py:161} INFO - Started process (PID=26813) to work on /opt/airflow/dags/tmdb_pipeline_to_stage.py
[2026-04-04T21:01:56.582+0000] {processor.py:830} INFO - Processing file /opt/airflow/dags/tmdb_pipeline_to_stage.py for tasks to queue
[2026-04-04T21:01:56.585+0000] {logging_mixin.py:188} INFO - [2026-04-04T21:01:56.584+0000] {dagbag.py:545} INFO - Filling up the DagBag from /opt/airflow/dags/tmdb_pipeline_to_stage.py
[2026-04-04T21:01:56.615+0000] {processor.py:840} INFO - DAG(s) 'tmdb_stage_pipeline' retrieved from /opt/airflow/dags/tmdb_pipeline_to_stage.py
[2026-04-04T21:01:56.646+0000] {logging_mixin.py:188} INFO - [2026-04-04T21:01:56.646+0000] {dag.py:3096} INFO - Sync 1 DAGs
[2026-04-04T21:01:56.680+0000] {logging_mixin.py:188} INFO - [2026-04-04T21:01:56.680+0000] {dag.py:3954} INFO - Setting next_dagrun for tmdb_stage_pipeline to None, run_after=None
[2026-04-04T21:01:56.699+0000] {processor.py:183} INFO - Processing /opt/airflow/dags/tmdb_pipeline_to_stage.py took 0.131 seconds
[2026-04-04T21:02:27.104+0000] {processor.py:161} INFO - Started process (PID=26833) to work on /opt/airflow/dags/tmdb_pipeline_to_stage.py
[2026-04-04T21:02:27.109+0000] {processor.py:830} INFO - Processing file /opt/airflow/dags/tmdb_pipeline_to_stage.py for tasks to queue
[2026-04-04T21:02:27.112+0000] {logging_mixin.py:188} INFO - [2026-04-04T21:02:27.110+0000] {dagbag.py:545} INFO - Filling up the DagBag from /opt/airflow/dags/tmdb_pipeline_to_stage.py
[2026-04-04T21:02:27.136+0000] {processor.py:840} INFO - DAG(s) 'tmdb_stage_pipeline' retrieved from /opt/airflow/dags/tmdb_pipeline_to_stage.py
[2026-04-04T21:02:27.192+0000] {logging_mixin.py:188} INFO - [2026-04-04T21:02:27.192+0000] {dag.py:3096} INFO - Sync 1 DAGs
[2026-04-04T21:02:27.218+0000] {logging_mixin.py:188} INFO - [2026-04-04T21:02:27.218+0000] {dag.py:3954} INFO - Setting next_dagrun for tmdb_stage_pipeline to None, run_after=None
[2026-04-04T21:02:27.239+0000] {processor.py:183} INFO - Processing /opt/airflow/dags/tmdb_pipeline_to_stage.py took 0.157 seconds
[2026-04-04T21:02:57.654+0000] {processor.py:161} INFO - Started process (PID=26853) to work on /opt/airflow/dags/tmdb_pipeline_to_stage.py
[2026-04-04T21:02:57.678+0000] {processor.py:830} INFO - Processing file /opt/airflow/dags/tmdb_pipeline_to_stage.py for tasks to queue
[2026-04-04T21:02:57.680+0000] {logging_mixin.py:188} INFO - [2026-04-04T21:02:57.679+0000] {dagbag.py:545} INFO - Filling up the DagBag from /opt/airflow/dags/tmdb_pipeline_to_stage.py
[2026-04-04T21:02:57.724+0000] {processor.py:840} INFO - DAG(s) 'tmdb_stage_pipeline' retrieved from /opt/airflow/dags/tmdb_pipeline_to_stage.py
[2026-04-04T21:02:57.786+0000] {logging_mixin.py:188} INFO - [2026-04-04T21:02:57.785+0000] {dag.py:3096} INFO - Sync 1 DAGs
[2026-04-04T21:02:57.836+0000] {logging_mixin.py:188} INFO - [2026-04-04T21:02:57.836+0000] {dag.py:3954} INFO - Setting next_dagrun for tmdb_stage_pipeline to None, run_after=None
[2026-04-04T21:02:57.862+0000] {processor.py:183} INFO - Processing /opt/airflow/dags/tmdb_pipeline_to_stage.py took 0.222 seconds
[2026-04-04T21:03:28.279+0000] {processor.py:161} INFO - Started process (PID=26873) to work on /opt/airflow/dags/tmdb_pipeline_to_stage.py
[2026-04-04T21:03:28.285+0000] {processor.py:830} INFO - Processing file /opt/airflow/dags/tmdb_pipeline_to_stage.py for tasks to queue
[2026-04-04T21:03:28.286+0000] {logging_mixin.py:188} INFO - [2026-04-04T21:03:28.285+0000] {dagbag.py:545} INFO - Filling up the DagBag from /opt/airflow/dags/tmdb_pipeline_to_stage.py
[2026-04-04T21:03:28.308+0000] {processor.py:840} INFO - DAG(s) 'tmdb_stage_pipeline' retrieved from /opt/airflow/dags/tmdb_pipeline_to_stage.py
[2026-04-04T21:03:28.346+0000] {logging_mixin.py:188} INFO - [2026-04-04T21:03:28.346+0000] {dag.py:3096} INFO - Sync 1 DAGs
[2026-04-04T21:03:28.365+0000] {logging_mixin.py:188} INFO - [2026-04-04T21:03:28.365+0000] {dag.py:3954} INFO - Setting next_dagrun for tmdb_stage_pipeline to None, run_after=None
[2026-04-04T21:03:28.385+0000] {processor.py:183} INFO - Processing /opt/airflow/dags/tmdb_pipeline_to_stage.py took 0.120 seconds
[2026-04-04T21:03:58.755+0000] {processor.py:161} INFO - Started process (PID=26893) to work on /opt/airflow/dags/tmdb_pipeline_to_stage.py
[2026-04-04T21:03:58.758+0000] {processor.py:830} INFO - Processing file /opt/airflow/dags/tmdb_pipeline_to_stage.py for tasks to queue
[2026-04-04T21:03:58.760+0000] {logging_mixin.py:188} INFO - [2026-04-04T21:03:58.759+0000] {dagbag.py:545} INFO - Filling up the DagBag from /opt/airflow/dags/tmdb_pipeline_to_stage.py
[2026-04-04T21:03:58.787+0000] {processor.py:840} INFO - DAG(s) 'tmdb_stage_pipeline' retrieved from /opt/airflow/dags/tmdb_pipeline_to_stage.py
[2026-04-04T21:03:58.816+0000] {logging_mixin.py:188} INFO - [2026-04-04T21:03:58.816+0000] {dag.py:3096} INFO - Sync 1 DAGs
[2026-04-04T21:03:58.843+0000] {logging_mixin.py:188} INFO - [2026-04-04T21:03:58.843+0000] {dag.py:3954} INFO - Setting next_dagrun for tmdb_stage_pipeline to None, run_after=None
[2026-04-04T21:03:58.856+0000] {processor.py:183} INFO - Processing /opt/airflow/dags/tmdb_pipeline_to_stage.py took 0.113 seconds
[2026-04-04T21:04:29.255+0000] {processor.py:161} INFO - Started process (PID=26913) to work on /opt/airflow/dags/tmdb_pipeline_to_stage.py
[2026-04-04T21:04:29.259+0000] {processor.py:830} INFO - Processing file /opt/airflow/dags/tmdb_pipeline_to_stage.py for tasks to queue
[2026-04-04T21:04:29.260+0000] {logging_mixin.py:188} INFO - [2026-04-04T21:04:29.260+0000] {dagbag.py:545} INFO - Filling up the DagBag from /opt/airflow/dags/tmdb_pipeline_to_stage.py
[2026-04-04T21:04:29.276+0000] {processor.py:840} INFO - DAG(s) 'tmdb_stage_pipeline' retrieved from /opt/airflow/dags/tmdb_pipeline_to_stage.py
[2026-04-04T21:04:29.303+0000] {logging_mixin.py:188} INFO - [2026-04-04T21:04:29.303+0000] {dag.py:3096} INFO - Sync 1 DAGs
[2026-04-04T21:04:29.317+0000] {logging_mixin.py:188} INFO - [2026-04-04T21:04:29.317+0000] {dag.py:3954} INFO - Setting next_dagrun for tmdb_stage_pipeline to None, run_after=None
[2026-04-04T21:04:29.333+0000] {processor.py:183} INFO - Processing /opt/airflow/dags/tmdb_pipeline_to_stage.py took 0.087 seconds
[2026-04-04T21:04:59.684+0000] {processor.py:161} INFO - Started process (PID=26933) to work on /opt/airflow/dags/tmdb_pipeline_to_stage.py
[2026-04-04T21:04:59.687+0000] {processor.py:830} INFO - Processing file /opt/airflow/dags/tmdb_pipeline_to_stage.py for tasks to queue
[2026-04-04T21:04:59.689+0000] {logging_mixin.py:188} INFO - [2026-04-04T21:04:59.689+0000] {dagbag.py:545} INFO - Filling up the DagBag from /opt/airflow/dags/tmdb_pipeline_to_stage.py
[2026-04-04T21:04:59.710+0000] {processor.py:840} INFO - DAG(s) 'tmdb_stage_pipeline' retrieved from /opt/airflow/dags/tmdb_pipeline_to_stage.py
[2026-04-04T21:04:59.736+0000] {logging_mixin.py:188} INFO - [2026-04-04T21:04:59.735+0000] {dag.py:3096} INFO - Sync 1 DAGs
[2026-04-04T21:04:59.759+0000] {logging_mixin.py:188} INFO - [2026-04-04T21:04:59.759+0000] {dag.py:3954} INFO - Setting next_dagrun for tmdb_stage_pipeline to None, run_after=None
[2026-04-04T21:04:59.777+0000] {processor.py:183} INFO - Processing /opt/airflow/dags/tmdb_pipeline_to_stage.py took 0.104 seconds
[2026-04-04T21:05:30.148+0000] {processor.py:161} INFO - Started process (PID=26953) to work on /opt/airflow/dags/tmdb_pipeline_to_stage.py
[2026-04-04T21:05:30.152+0000] {processor.py:830} INFO - Processing file /opt/airflow/dags/tmdb_pipeline_to_stage.py for tasks to queue
[2026-04-04T21:05:30.154+0000] {logging_mixin.py:188} INFO - [2026-04-04T21:05:30.154+0000] {dagbag.py:545} INFO - Filling up the DagBag from /opt/airflow/dags/tmdb_pipeline_to_stage.py
[2026-04-04T21:05:30.171+0000] {processor.py:840} INFO - DAG(s) 'tmdb_stage_pipeline' retrieved from /opt/airflow/dags/tmdb_pipeline_to_stage.py
[2026-04-04T21:05:30.210+0000] {logging_mixin.py:188} INFO - [2026-04-04T21:05:30.210+0000] {dag.py:3096} INFO - Sync 1 DAGs
[2026-04-04T21:05:30.224+0000] {logging_mixin.py:188} INFO - [2026-04-04T21:05:30.224+0000] {dag.py:3954} INFO - Setting next_dagrun for tmdb_stage_pipeline to None, run_after=None
[2026-04-04T21:05:30.239+0000] {processor.py:183} INFO - Processing /opt/airflow/dags/tmdb_pipeline_to_stage.py took 0.102 seconds
[2026-04-04T21:06:00.629+0000] {processor.py:161} INFO - Started process (PID=26973) to work on /opt/airflow/dags/tmdb_pipeline_to_stage.py
[2026-04-04T21:06:00.633+0000] {processor.py:830} INFO - Processing file /opt/airflow/dags/tmdb_pipeline_to_stage.py for tasks to queue
[2026-04-04T21:06:00.635+0000] {logging_mixin.py:188} INFO - [2026-04-04T21:06:00.634+0000] {dagbag.py:545} INFO - Filling up the DagBag from /opt/airflow/dags/tmdb_pipeline_to_stage.py
[2026-04-04T21:06:00.666+0000] {processor.py:840} INFO - DAG(s) 'tmdb_stage_pipeline' retrieved from /opt/airflow/dags/tmdb_pipeline_to_stage.py
[2026-04-04T21:06:00.718+0000] {logging_mixin.py:188} INFO - [2026-04-04T21:06:00.718+0000] {dag.py:3096} INFO - Sync 1 DAGs
[2026-04-04T21:06:00.739+0000] {logging_mixin.py:188} INFO - [2026-04-04T21:06:00.739+0000] {dag.py:3954} INFO - Setting next_dagrun for tmdb_stage_pipeline to None, run_after=None
[2026-04-04T21:06:00.757+0000] {processor.py:183} INFO - Processing /opt/airflow/dags/tmdb_pipeline_to_stage.py took 0.140 seconds
[2026-04-04T21:06:31.185+0000] {processor.py:161} INFO - Started process (PID=26993) to work on /opt/airflow/dags/tmdb_pipeline_to_stage.py
[2026-04-04T21:06:31.190+0000] {processor.py:830} INFO - Processing file /opt/airflow/dags/tmdb_pipeline_to_stage.py for tasks to queue
[2026-04-04T21:06:31.191+0000] {logging_mixin.py:188} INFO - [2026-04-04T21:06:31.191+0000] {dagbag.py:545} INFO - Filling up the DagBag from /opt/airflow/dags/tmdb_pipeline_to_stage.py
[2026-04-04T21:06:31.208+0000] {processor.py:840} INFO - DAG(s) 'tmdb_stage_pipeline' retrieved from /opt/airflow/dags/tmdb_pipeline_to_stage.py
[2026-04-04T21:06:31.235+0000] {logging_mixin.py:188} INFO - [2026-04-04T21:06:31.235+0000] {dag.py:3096} INFO - Sync 1 DAGs
[2026-04-04T21:06:31.254+0000] {logging_mixin.py:188} INFO - [2026-04-04T21:06:31.254+0000] {dag.py:3954} INFO - Setting next_dagrun for tmdb_stage_pipeline to None, run_after=None
[2026-04-04T21:06:31.272+0000] {processor.py:183} INFO - Processing /opt/airflow/dags/tmdb_pipeline_to_stage.py took 0.098 seconds
[2026-04-04T21:07:01.589+0000] {processor.py:161} INFO - Started process (PID=27013) to work on /opt/airflow/dags/tmdb_pipeline_to_stage.py
[2026-04-04T21:07:01.595+0000] {processor.py:830} INFO - Processing file /opt/airflow/dags/tmdb_pipeline_to_stage.py for tasks to queue
[2026-04-04T21:07:01.596+0000] {logging_mixin.py:188} INFO - [2026-04-04T21:07:01.596+0000] {dagbag.py:545} INFO - Filling up the DagBag from /opt/airflow/dags/tmdb_pipeline_to_stage.py
[2026-04-04T21:07:01.621+0000] {processor.py:840} INFO - DAG(s) 'tmdb_stage_pipeline' retrieved from /opt/airflow/dags/tmdb_pipeline_to_stage.py
[2026-04-04T21:07:01.659+0000] {logging_mixin.py:188} INFO - [2026-04-04T21:07:01.659+0000] {dag.py:3096} INFO - Sync 1 DAGs
[2026-04-04T21:07:01.687+0000] {logging_mixin.py:188} INFO - [2026-04-04T21:07:01.687+0000] {dag.py:3954} INFO - Setting next_dagrun for tmdb_stage_pipeline to None, run_after=None
[2026-04-04T21:07:01.710+0000] {processor.py:183} INFO - Processing /opt/airflow/dags/tmdb_pipeline_to_stage.py took 0.134 seconds
[2026-04-04T21:07:32.153+0000] {processor.py:161} INFO - Started process (PID=27033) to work on /opt/airflow/dags/tmdb_pipeline_to_stage.py
[2026-04-04T21:07:32.158+0000] {processor.py:830} INFO - Processing file /opt/airflow/dags/tmdb_pipeline_to_stage.py for tasks to queue
[2026-04-04T21:07:32.159+0000] {logging_mixin.py:188} INFO - [2026-04-04T21:07:32.159+0000] {dagbag.py:545} INFO - Filling up the DagBag from /opt/airflow/dags/tmdb_pipeline_to_stage.py
[2026-04-04T21:07:32.174+0000] {processor.py:840} INFO - DAG(s) 'tmdb_stage_pipeline' retrieved from /opt/airflow/dags/tmdb_pipeline_to_stage.py
[2026-04-04T21:07:32.214+0000] {logging_mixin.py:188} INFO - [2026-04-04T21:07:32.214+0000] {dag.py:3096} INFO - Sync 1 DAGs
[2026-04-04T21:07:32.229+0000] {logging_mixin.py:188} INFO - [2026-04-04T21:07:32.229+0000] {dag.py:3954} INFO - Setting next_dagrun for tmdb_stage_pipeline to None, run_after=None
[2026-04-04T21:07:32.245+0000] {processor.py:183} INFO - Processing /opt/airflow/dags/tmdb_pipeline_to_stage.py took 0.101 seconds
[2026-04-04T21:08:02.616+0000] {processor.py:161} INFO - Started process (PID=27053) to work on /opt/airflow/dags/tmdb_pipeline_to_stage.py
[2026-04-04T21:08:02.621+0000] {processor.py:830} INFO - Processing file /opt/airflow/dags/tmdb_pipeline_to_stage.py for tasks to queue
[2026-04-04T21:08:02.621+0000] {logging_mixin.py:188} INFO - [2026-04-04T21:08:02.621+0000] {dagbag.py:545} INFO - Filling up the DagBag from /opt/airflow/dags/tmdb_pipeline_to_stage.py
[2026-04-04T21:08:02.636+0000] {processor.py:840} INFO - DAG(s) 'tmdb_stage_pipeline' retrieved from /opt/airflow/dags/tmdb_pipeline_to_stage.py
[2026-04-04T21:08:02.668+0000] {logging_mixin.py:188} INFO - [2026-04-04T21:08:02.668+0000] {dag.py:3096} INFO - Sync 1 DAGs
[2026-04-04T21:08:02.688+0000] {logging_mixin.py:188} INFO - [2026-04-04T21:08:02.688+0000] {dag.py:3954} INFO - Setting next_dagrun for tmdb_stage_pipeline to None, run_after=None
[2026-04-04T21:08:02.706+0000] {processor.py:183} INFO - Processing /opt/airflow/dags/tmdb_pipeline_to_stage.py took 0.099 seconds
[2026-04-04T21:08:33.156+0000] {processor.py:161} INFO - Started process (PID=27073) to work on /opt/airflow/dags/tmdb_pipeline_to_stage.py
[2026-04-04T21:08:33.163+0000] {processor.py:830} INFO - Processing file /opt/airflow/dags/tmdb_pipeline_to_stage.py for tasks to queue
[2026-04-04T21:08:33.164+0000] {logging_mixin.py:188} INFO - [2026-04-04T21:08:33.164+0000] {dagbag.py:545} INFO - Filling up the DagBag from /opt/airflow/dags/tmdb_pipeline_to_stage.py
[2026-04-04T21:08:33.186+0000] {processor.py:840} INFO - DAG(s) 'tmdb_stage_pipeline' retrieved from /opt/airflow/dags/tmdb_pipeline_to_stage.py
[2026-04-04T21:08:33.223+0000] {logging_mixin.py:188} INFO - [2026-04-04T21:08:33.223+0000] {dag.py:3096} INFO - Sync 1 DAGs
[2026-04-04T21:08:33.260+0000] {logging_mixin.py:188} INFO - [2026-04-04T21:08:33.260+0000] {dag.py:3954} INFO - Setting next_dagrun for tmdb_stage_pipeline to None, run_after=None
[2026-04-04T21:08:33.274+0000] {processor.py:183} INFO - Processing /opt/airflow/dags/tmdb_pipeline_to_stage.py took 0.152 seconds
[2026-04-04T21:09:03.637+0000] {processor.py:161} INFO - Started process (PID=27093) to work on /opt/airflow/dags/tmdb_pipeline_to_stage.py
[2026-04-04T21:09:03.642+0000] {processor.py:830} INFO - Processing file /opt/airflow/dags/tmdb_pipeline_to_stage.py for tasks to queue
[2026-04-04T21:09:03.643+0000] {logging_mixin.py:188} INFO - [2026-04-04T21:09:03.642+0000] {dagbag.py:545} INFO - Filling up the DagBag from /opt/airflow/dags/tmdb_pipeline_to_stage.py
[2026-04-04T21:09:03.666+0000] {processor.py:840} INFO - DAG(s) 'tmdb_stage_pipeline' retrieved from /opt/airflow/dags/tmdb_pipeline_to_stage.py
[2026-04-04T21:09:03.688+0000] {logging_mixin.py:188} INFO - [2026-04-04T21:09:03.688+0000] {dag.py:3096} INFO - Sync 1 DAGs
[2026-04-04T21:09:03.713+0000] {logging_mixin.py:188} INFO - [2026-04-04T21:09:03.713+0000] {dag.py:3954} INFO - Setting next_dagrun for tmdb_stage_pipeline to None, run_after=None
[2026-04-04T21:09:03.728+0000] {processor.py:183} INFO - Processing /opt/airflow/dags/tmdb_pipeline_to_stage.py took 0.099 seconds
[2026-04-04T21:09:34.147+0000] {processor.py:161} INFO - Started process (PID=27113) to work on /opt/airflow/dags/tmdb_pipeline_to_stage.py
[2026-04-04T21:09:34.151+0000] {processor.py:830} INFO - Processing file /opt/airflow/dags/tmdb_pipeline_to_stage.py for tasks to queue
[2026-04-04T21:09:34.152+0000] {logging_mixin.py:188} INFO - [2026-04-04T21:09:34.152+0000] {dagbag.py:545} INFO - Filling up the DagBag from /opt/airflow/dags/tmdb_pipeline_to_stage.py
[2026-04-04T21:09:34.171+0000] {processor.py:840} INFO - DAG(s) 'tmdb_stage_pipeline' retrieved from /opt/airflow/dags/tmdb_pipeline_to_stage.py
[2026-04-04T21:09:34.202+0000] {logging_mixin.py:188} INFO - [2026-04-04T21:09:34.202+0000] {dag.py:3096} INFO - Sync 1 DAGs
[2026-04-04T21:09:34.227+0000] {logging_mixin.py:188} INFO - [2026-04-04T21:09:34.227+0000] {dag.py:3954} INFO - Setting next_dagrun for tmdb_stage_pipeline to None, run_after=None
[2026-04-04T21:09:34.242+0000] {processor.py:183} INFO - Processing /opt/airflow/dags/tmdb_pipeline_to_stage.py took 0.108 seconds
[2026-04-04T21:10:04.551+0000] {processor.py:161} INFO - Started process (PID=27133) to work on /opt/airflow/dags/tmdb_pipeline_to_stage.py
[2026-04-04T21:10:04.554+0000] {processor.py:830} INFO - Processing file /opt/airflow/dags/tmdb_pipeline_to_stage.py for tasks to queue
[2026-04-04T21:10:04.556+0000] {logging_mixin.py:188} INFO - [2026-04-04T21:10:04.555+0000] {dagbag.py:545} INFO - Filling up the DagBag from /opt/airflow/dags/tmdb_pipeline_to_stage.py
[2026-04-04T21:10:04.574+0000] {processor.py:840} INFO - DAG(s) 'tmdb_stage_pipeline' retrieved from /opt/airflow/dags/tmdb_pipeline_to_stage.py
[2026-04-04T21:10:04.605+0000] {logging_mixin.py:188} INFO - [2026-04-04T21:10:04.604+0000] {dag.py:3096} INFO - Sync 1 DAGs
[2026-04-04T21:10:04.619+0000] {logging_mixin.py:188} INFO - [2026-04-04T21:10:04.618+0000] {dag.py:3954} INFO - Setting next_dagrun for tmdb_stage_pipeline to None, run_after=None
[2026-04-04T21:10:04.637+0000] {processor.py:183} INFO - Processing /opt/airflow/dags/tmdb_pipeline_to_stage.py took 0.094 seconds
[2026-04-04T21:10:35.092+0000] {processor.py:161} INFO - Started process (PID=27153) to work on /opt/airflow/dags/tmdb_pipeline_to_stage.py
[2026-04-04T21:10:35.096+0000] {processor.py:830} INFO - Processing file /opt/airflow/dags/tmdb_pipeline_to_stage.py for tasks to queue
[2026-04-04T21:10:35.097+0000] {logging_mixin.py:188} INFO - [2026-04-04T21:10:35.097+0000] {dagbag.py:545} INFO - Filling up the DagBag from /opt/airflow/dags/tmdb_pipeline_to_stage.py
[2026-04-04T21:10:35.114+0000] {processor.py:840} INFO - DAG(s) 'tmdb_stage_pipeline' retrieved from /opt/airflow/dags/tmdb_pipeline_to_stage.py
[2026-04-04T21:10:35.142+0000] {logging_mixin.py:188} INFO - [2026-04-04T21:10:35.142+0000] {dag.py:3096} INFO - Sync 1 DAGs
[2026-04-04T21:10:35.162+0000] {logging_mixin.py:188} INFO - [2026-04-04T21:10:35.162+0000] {dag.py:3954} INFO - Setting next_dagrun for tmdb_stage_pipeline to None, run_after=None
[2026-04-04T21:10:35.182+0000] {processor.py:183} INFO - Processing /opt/airflow/dags/tmdb_pipeline_to_stage.py took 0.100 seconds
[2026-04-04T21:11:05.511+0000] {processor.py:161} INFO - Started process (PID=27173) to work on /opt/airflow/dags/tmdb_pipeline_to_stage.py
[2026-04-04T21:11:05.514+0000] {processor.py:830} INFO - Processing file /opt/airflow/dags/tmdb_pipeline_to_stage.py for tasks to queue
[2026-04-04T21:11:05.516+0000] {logging_mixin.py:188} INFO - [2026-04-04T21:11:05.516+0000] {dagbag.py:545} INFO - Filling up the DagBag from /opt/airflow/dags/tmdb_pipeline_to_stage.py
[2026-04-04T21:11:05.542+0000] {processor.py:840} INFO - DAG(s) 'tmdb_stage_pipeline' retrieved from /opt/airflow/dags/tmdb_pipeline_to_stage.py
[2026-04-04T21:11:05.570+0000] {logging_mixin.py:188} INFO - [2026-04-04T21:11:05.570+0000] {dag.py:3096} INFO - Sync 1 DAGs
[2026-04-04T21:11:05.598+0000] {logging_mixin.py:188} INFO - [2026-04-04T21:11:05.598+0000] {dag.py:3954} INFO - Setting next_dagrun for tmdb_stage_pipeline to None, run_after=None
[2026-04-04T21:11:05.616+0000] {processor.py:183} INFO - Processing /opt/airflow/dags/tmdb_pipeline_to_stage.py took 0.115 seconds
[2026-04-04T21:11:36.010+0000] {processor.py:161} INFO - Started process (PID=27193) to work on /opt/airflow/dags/tmdb_pipeline_to_stage.py
[2026-04-04T21:11:36.017+0000] {processor.py:830} INFO - Processing file /opt/airflow/dags/tmdb_pipeline_to_stage.py for tasks to queue
[2026-04-04T21:11:36.018+0000] {logging_mixin.py:188} INFO - [2026-04-04T21:11:36.018+0000] {dagbag.py:545} INFO - Filling up the DagBag from /opt/airflow/dags/tmdb_pipeline_to_stage.py
[2026-04-04T21:11:36.035+0000] {processor.py:840} INFO - DAG(s) 'tmdb_stage_pipeline' retrieved from /opt/airflow/dags/tmdb_pipeline_to_stage.py
[2026-04-04T21:11:36.071+0000] {logging_mixin.py:188} INFO - [2026-04-04T21:11:36.071+0000] {dag.py:3096} INFO - Sync 1 DAGs
[2026-04-04T21:11:36.091+0000] {logging_mixin.py:188} INFO - [2026-04-04T21:11:36.090+0000] {dag.py:3954} INFO - Setting next_dagrun for tmdb_stage_pipeline to None, run_after=None
[2026-04-04T21:11:36.107+0000] {processor.py:183} INFO - Processing /opt/airflow/dags/tmdb_pipeline_to_stage.py took 0.115 seconds
[2026-04-04T21:12:06.458+0000] {processor.py:161} INFO - Started process (PID=27213) to work on /opt/airflow/dags/tmdb_pipeline_to_stage.py
[2026-04-04T21:12:06.460+0000] {processor.py:830} INFO - Processing file /opt/airflow/dags/tmdb_pipeline_to_stage.py for tasks to queue
[2026-04-04T21:12:06.462+0000] {logging_mixin.py:188} INFO - [2026-04-04T21:12:06.461+0000] {dagbag.py:545} INFO - Filling up the DagBag from /opt/airflow/dags/tmdb_pipeline_to_stage.py
[2026-04-04T21:12:06.487+0000] {processor.py:840} INFO - DAG(s) 'tmdb_stage_pipeline' retrieved from /opt/airflow/dags/tmdb_pipeline_to_stage.py
[2026-04-04T21:12:06.515+0000] {logging_mixin.py:188} INFO - [2026-04-04T21:12:06.514+0000] {dag.py:3096} INFO - Sync 1 DAGs
[2026-04-04T21:12:06.541+0000] {logging_mixin.py:188} INFO - [2026-04-04T21:12:06.541+0000] {dag.py:3954} INFO - Setting next_dagrun for tmdb_stage_pipeline to None, run_after=None
[2026-04-04T21:12:06.558+0000] {processor.py:183} INFO - Processing /opt/airflow/dags/tmdb_pipeline_to_stage.py took 0.111 seconds
[2026-04-04T21:12:36.939+0000] {processor.py:161} INFO - Started process (PID=27233) to work on /opt/airflow/dags/tmdb_pipeline_to_stage.py
[2026-04-04T21:12:36.944+0000] {processor.py:830} INFO - Processing file /opt/airflow/dags/tmdb_pipeline_to_stage.py for tasks to queue
[2026-04-04T21:12:36.945+0000] {logging_mixin.py:188} INFO - [2026-04-04T21:12:36.945+0000] {dagbag.py:545} INFO - Filling up the DagBag from /opt/airflow/dags/tmdb_pipeline_to_stage.py
[2026-04-04T21:12:36.966+0000] {processor.py:840} INFO - DAG(s) 'tmdb_stage_pipeline' retrieved from /opt/airflow/dags/tmdb_pipeline_to_stage.py
[2026-04-04T21:12:36.998+0000] {logging_mixin.py:188} INFO - [2026-04-04T21:12:36.998+0000] {dag.py:3096} INFO - Sync 1 DAGs
[2026-04-04T21:12:37.019+0000] {logging_mixin.py:188} INFO - [2026-04-04T21:12:37.019+0000] {dag.py:3954} INFO - Setting next_dagrun for tmdb_stage_pipeline to None, run_after=None
[2026-04-04T21:12:37.038+0000] {processor.py:183} INFO - Processing /opt/airflow/dags/tmdb_pipeline_to_stage.py took 0.113 seconds
[2026-04-04T21:13:07.380+0000] {processor.py:161} INFO - Started process (PID=27253) to work on /opt/airflow/dags/tmdb_pipeline_to_stage.py
[2026-04-04T21:13:07.388+0000] {processor.py:830} INFO - Processing file /opt/airflow/dags/tmdb_pipeline_to_stage.py for tasks to queue
[2026-04-04T21:13:07.389+0000] {logging_mixin.py:188} INFO - [2026-04-04T21:13:07.389+0000] {dagbag.py:545} INFO - Filling up the DagBag from /opt/airflow/dags/tmdb_pipeline_to_stage.py
[2026-04-04T21:13:07.427+0000] {processor.py:840} INFO - DAG(s) 'tmdb_stage_pipeline' retrieved from /opt/airflow/dags/tmdb_pipeline_to_stage.py
[2026-04-04T21:13:07.469+0000] {logging_mixin.py:188} INFO - [2026-04-04T21:13:07.469+0000] {dag.py:3096} INFO - Sync 1 DAGs
[2026-04-04T21:13:07.487+0000] {logging_mixin.py:188} INFO - [2026-04-04T21:13:07.487+0000] {dag.py:3954} INFO - Setting next_dagrun for tmdb_stage_pipeline to None, run_after=None
[2026-04-04T21:13:07.518+0000] {processor.py:183} INFO - Processing /opt/airflow/dags/tmdb_pipeline_to_stage.py took 0.148 seconds
[2026-04-04T21:13:37.991+0000] {processor.py:161} INFO - Started process (PID=27273) to work on /opt/airflow/dags/tmdb_pipeline_to_stage.py
[2026-04-04T21:13:37.994+0000] {processor.py:830} INFO - Processing file /opt/airflow/dags/tmdb_pipeline_to_stage.py for tasks to queue
[2026-04-04T21:13:37.996+0000] {logging_mixin.py:188} INFO - [2026-04-04T21:13:37.995+0000] {dagbag.py:545} INFO - Filling up the DagBag from /opt/airflow/dags/tmdb_pipeline_to_stage.py
[2026-04-04T21:13:38.028+0000] {processor.py:840} INFO - DAG(s) 'tmdb_stage_pipeline' retrieved from /opt/airflow/dags/tmdb_pipeline_to_stage.py
[2026-04-04T21:13:38.058+0000] {logging_mixin.py:188} INFO - [2026-04-04T21:13:38.058+0000] {dag.py:3096} INFO - Sync 1 DAGs
[2026-04-04T21:13:38.082+0000] {logging_mixin.py:188} INFO - [2026-04-04T21:13:38.081+0000] {dag.py:3954} INFO - Setting next_dagrun for tmdb_stage_pipeline to None, run_after=None
[2026-04-04T21:13:38.096+0000] {processor.py:183} INFO - Processing /opt/airflow/dags/tmdb_pipeline_to_stage.py took 0.115 seconds
[2026-04-04T21:14:08.493+0000] {processor.py:161} INFO - Started process (PID=27293) to work on /opt/airflow/dags/tmdb_pipeline_to_stage.py
[2026-04-04T21:14:08.499+0000] {processor.py:830} INFO - Processing file /opt/airflow/dags/tmdb_pipeline_to_stage.py for tasks to queue
[2026-04-04T21:14:08.501+0000] {logging_mixin.py:188} INFO - [2026-04-04T21:14:08.500+0000] {dagbag.py:545} INFO - Filling up the DagBag from /opt/airflow/dags/tmdb_pipeline_to_stage.py
[2026-04-04T21:14:08.532+0000] {processor.py:840} INFO - DAG(s) 'tmdb_stage_pipeline' retrieved from /opt/airflow/dags/tmdb_pipeline_to_stage.py
[2026-04-04T21:14:08.581+0000] {logging_mixin.py:188} INFO - [2026-04-04T21:14:08.581+0000] {dag.py:3096} INFO - Sync 1 DAGs
[2026-04-04T21:14:08.600+0000] {logging_mixin.py:188} INFO - [2026-04-04T21:14:08.600+0000] {dag.py:3954} INFO - Setting next_dagrun for tmdb_stage_pipeline to None, run_after=None
[2026-04-04T21:14:08.620+0000] {processor.py:183} INFO - Processing /opt/airflow/dags/tmdb_pipeline_to_stage.py took 0.145 seconds
[2026-04-04T21:14:39.066+0000] {processor.py:161} INFO - Started process (PID=27313) to work on /opt/airflow/dags/tmdb_pipeline_to_stage.py
[2026-04-04T21:14:39.070+0000] {processor.py:830} INFO - Processing file /opt/airflow/dags/tmdb_pipeline_to_stage.py for tasks to queue
[2026-04-04T21:14:39.073+0000] {logging_mixin.py:188} INFO - [2026-04-04T21:14:39.073+0000] {dagbag.py:545} INFO - Filling up the DagBag from /opt/airflow/dags/tmdb_pipeline_to_stage.py
[2026-04-04T21:14:39.100+0000] {processor.py:840} INFO - DAG(s) 'tmdb_stage_pipeline' retrieved from /opt/airflow/dags/tmdb_pipeline_to_stage.py
[2026-04-04T21:14:39.130+0000] {logging_mixin.py:188} INFO - [2026-04-04T21:14:39.130+0000] {dag.py:3096} INFO - Sync 1 DAGs
[2026-04-04T21:14:39.159+0000] {logging_mixin.py:188} INFO - [2026-04-04T21:14:39.159+0000] {dag.py:3954} INFO - Setting next_dagrun for tmdb_stage_pipeline to None, run_after=None
[2026-04-04T21:14:39.191+0000] {processor.py:183} INFO - Processing /opt/airflow/dags/tmdb_pipeline_to_stage.py took 0.134 seconds
[2026-04-04T21:15:09.565+0000] {processor.py:161} INFO - Started process (PID=27333) to work on /opt/airflow/dags/tmdb_pipeline_to_stage.py
[2026-04-04T21:15:09.568+0000] {processor.py:830} INFO - Processing file /opt/airflow/dags/tmdb_pipeline_to_stage.py for tasks to queue
[2026-04-04T21:15:09.569+0000] {logging_mixin.py:188} INFO - [2026-04-04T21:15:09.569+0000] {dagbag.py:545} INFO - Filling up the DagBag from /opt/airflow/dags/tmdb_pipeline_to_stage.py
[2026-04-04T21:15:09.583+0000] {processor.py:840} INFO - DAG(s) 'tmdb_stage_pipeline' retrieved from /opt/airflow/dags/tmdb_pipeline_to_stage.py
[2026-04-04T21:15:09.614+0000] {logging_mixin.py:188} INFO - [2026-04-04T21:15:09.614+0000] {dag.py:3096} INFO - Sync 1 DAGs
[2026-04-04T21:15:09.630+0000] {logging_mixin.py:188} INFO - [2026-04-04T21:15:09.630+0000] {dag.py:3954} INFO - Setting next_dagrun for tmdb_stage_pipeline to None, run_after=None
[2026-04-04T21:15:09.646+0000] {processor.py:183} INFO - Processing /opt/airflow/dags/tmdb_pipeline_to_stage.py took 0.091 seconds
[2026-04-04T21:15:40.047+0000] {processor.py:161} INFO - Started process (PID=27353) to work on /opt/airflow/dags/tmdb_pipeline_to_stage.py
[2026-04-04T21:15:40.051+0000] {processor.py:830} INFO - Processing file /opt/airflow/dags/tmdb_pipeline_to_stage.py for tasks to queue
[2026-04-04T21:15:40.053+0000] {logging_mixin.py:188} INFO - [2026-04-04T21:15:40.052+0000] {dagbag.py:545} INFO - Filling up the DagBag from /opt/airflow/dags/tmdb_pipeline_to_stage.py
[2026-04-04T21:15:40.067+0000] {processor.py:840} INFO - DAG(s) 'tmdb_stage_pipeline' retrieved from /opt/airflow/dags/tmdb_pipeline_to_stage.py
[2026-04-04T21:15:40.097+0000] {logging_mixin.py:188} INFO - [2026-04-04T21:15:40.097+0000] {dag.py:3096} INFO - Sync 1 DAGs
[2026-04-04T21:15:40.120+0000] {logging_mixin.py:188} INFO - [2026-04-04T21:15:40.120+0000] {dag.py:3954} INFO - Setting next_dagrun for tmdb_stage_pipeline to None, run_after=None
[2026-04-04T21:15:40.138+0000] {processor.py:183} INFO - Processing /opt/airflow/dags/tmdb_pipeline_to_stage.py took 0.099 seconds
[2026-04-04T21:16:10.497+0000] {processor.py:161} INFO - Started process (PID=27373) to work on /opt/airflow/dags/tmdb_pipeline_to_stage.py
[2026-04-04T21:16:10.503+0000] {processor.py:830} INFO - Processing file /opt/airflow/dags/tmdb_pipeline_to_stage.py for tasks to queue
[2026-04-04T21:16:10.505+0000] {logging_mixin.py:188} INFO - [2026-04-04T21:16:10.505+0000] {dagbag.py:545} INFO - Filling up the DagBag from /opt/airflow/dags/tmdb_pipeline_to_stage.py
[2026-04-04T21:16:10.523+0000] {processor.py:840} INFO - DAG(s) 'tmdb_stage_pipeline' retrieved from /opt/airflow/dags/tmdb_pipeline_to_stage.py
[2026-04-04T21:16:10.567+0000] {logging_mixin.py:188} INFO - [2026-04-04T21:16:10.566+0000] {dag.py:3096} INFO - Sync 1 DAGs
[2026-04-04T21:16:10.586+0000] {logging_mixin.py:188} INFO - [2026-04-04T21:16:10.585+0000] {dag.py:3954} INFO - Setting next_dagrun for tmdb_stage_pipeline to None, run_after=None
[2026-04-04T21:16:10.604+0000] {processor.py:183} INFO - Processing /opt/airflow/dags/tmdb_pipeline_to_stage.py took 0.122 seconds
[2026-04-04T21:16:41.020+0000] {processor.py:161} INFO - Started process (PID=27393) to work on /opt/airflow/dags/tmdb_pipeline_to_stage.py
[2026-04-04T21:16:41.025+0000] {processor.py:830} INFO - Processing file /opt/airflow/dags/tmdb_pipeline_to_stage.py for tasks to queue
[2026-04-04T21:16:41.026+0000] {logging_mixin.py:188} INFO - [2026-04-04T21:16:41.025+0000] {dagbag.py:545} INFO - Filling up the DagBag from /opt/airflow/dags/tmdb_pipeline_to_stage.py
[2026-04-04T21:16:41.039+0000] {processor.py:840} INFO - DAG(s) 'tmdb_stage_pipeline' retrieved from /opt/airflow/dags/tmdb_pipeline_to_stage.py
[2026-04-04T21:16:41.074+0000] {logging_mixin.py:188} INFO - [2026-04-04T21:16:41.074+0000] {dag.py:3096} INFO - Sync 1 DAGs
[2026-04-04T21:16:41.092+0000] {logging_mixin.py:188} INFO - [2026-04-04T21:16:41.091+0000] {dag.py:3954} INFO - Setting next_dagrun for tmdb_stage_pipeline to None, run_after=None
[2026-04-04T21:16:41.115+0000] {processor.py:183} INFO - Processing /opt/airflow/dags/tmdb_pipeline_to_stage.py took 0.105 seconds
[2026-04-04T21:17:11.479+0000] {processor.py:161} INFO - Started process (PID=27413) to work on /opt/airflow/dags/tmdb_pipeline_to_stage.py
[2026-04-04T21:17:11.483+0000] {processor.py:830} INFO - Processing file /opt/airflow/dags/tmdb_pipeline_to_stage.py for tasks to queue
[2026-04-04T21:17:11.487+0000] {logging_mixin.py:188} INFO - [2026-04-04T21:17:11.485+0000] {dagbag.py:545} INFO - Filling up the DagBag from /opt/airflow/dags/tmdb_pipeline_to_stage.py
[2026-04-04T21:17:11.544+0000] {processor.py:840} INFO - DAG(s) 'tmdb_stage_pipeline' retrieved from /opt/airflow/dags/tmdb_pipeline_to_stage.py
[2026-04-04T21:17:11.600+0000] {logging_mixin.py:188} INFO - [2026-04-04T21:17:11.600+0000] {dag.py:3096} INFO - Sync 1 DAGs
[2026-04-04T21:17:11.618+0000] {logging_mixin.py:188} INFO - [2026-04-04T21:17:11.618+0000] {dag.py:3954} INFO - Setting next_dagrun for tmdb_stage_pipeline to None, run_after=None
[2026-04-04T21:17:11.641+0000] {processor.py:183} INFO - Processing /opt/airflow/dags/tmdb_pipeline_to_stage.py took 0.176 seconds
[2026-04-04T21:17:42.140+0000] {processor.py:161} INFO - Started process (PID=27433) to work on /opt/airflow/dags/tmdb_pipeline_to_stage.py
[2026-04-04T21:17:42.143+0000] {processor.py:830} INFO - Processing file /opt/airflow/dags/tmdb_pipeline_to_stage.py for tasks to queue
[2026-04-04T21:17:42.145+0000] {logging_mixin.py:188} INFO - [2026-04-04T21:17:42.144+0000] {dagbag.py:545} INFO - Filling up the DagBag from /opt/airflow/dags/tmdb_pipeline_to_stage.py
[2026-04-04T21:17:42.160+0000] {processor.py:840} INFO - DAG(s) 'tmdb_stage_pipeline' retrieved from /opt/airflow/dags/tmdb_pipeline_to_stage.py
[2026-04-04T21:17:42.197+0000] {logging_mixin.py:188} INFO - [2026-04-04T21:17:42.197+0000] {dag.py:3096} INFO - Sync 1 DAGs
[2026-04-04T21:17:42.211+0000] {logging_mixin.py:188} INFO - [2026-04-04T21:17:42.211+0000] {dag.py:3954} INFO - Setting next_dagrun for tmdb_stage_pipeline to None, run_after=None
[2026-04-04T21:17:42.236+0000] {processor.py:183} INFO - Processing /opt/airflow/dags/tmdb_pipeline_to_stage.py took 0.104 seconds
[2026-04-04T21:18:12.670+0000] {processor.py:161} INFO - Started process (PID=27453) to work on /opt/airflow/dags/tmdb_pipeline_to_stage.py
[2026-04-04T21:18:12.682+0000] {processor.py:830} INFO - Processing file /opt/airflow/dags/tmdb_pipeline_to_stage.py for tasks to queue
[2026-04-04T21:18:12.690+0000] {logging_mixin.py:188} INFO - [2026-04-04T21:18:12.686+0000] {dagbag.py:545} INFO - Filling up the DagBag from /opt/airflow/dags/tmdb_pipeline_to_stage.py
[2026-04-04T21:18:12.722+0000] {processor.py:840} INFO - DAG(s) 'tmdb_stage_pipeline' retrieved from /opt/airflow/dags/tmdb_pipeline_to_stage.py
[2026-04-04T21:18:12.766+0000] {logging_mixin.py:188} INFO - [2026-04-04T21:18:12.766+0000] {dag.py:3096} INFO - Sync 1 DAGs
[2026-04-04T21:18:12.784+0000] {logging_mixin.py:188} INFO - [2026-04-04T21:18:12.784+0000] {dag.py:3954} INFO - Setting next_dagrun for tmdb_stage_pipeline to None, run_after=None
[2026-04-04T21:18:12.808+0000] {processor.py:183} INFO - Processing /opt/airflow/dags/tmdb_pipeline_to_stage.py took 0.155 seconds
[2026-04-04T21:18:43.289+0000] {processor.py:161} INFO - Started process (PID=27473) to work on /opt/airflow/dags/tmdb_pipeline_to_stage.py
[2026-04-04T21:18:43.293+0000] {processor.py:830} INFO - Processing file /opt/airflow/dags/tmdb_pipeline_to_stage.py for tasks to queue
[2026-04-04T21:18:43.294+0000] {logging_mixin.py:188} INFO - [2026-04-04T21:18:43.293+0000] {dagbag.py:545} INFO - Filling up the DagBag from /opt/airflow/dags/tmdb_pipeline_to_stage.py
[2026-04-04T21:18:43.312+0000] {processor.py:840} INFO - DAG(s) 'tmdb_stage_pipeline' retrieved from /opt/airflow/dags/tmdb_pipeline_to_stage.py
[2026-04-04T21:18:43.342+0000] {logging_mixin.py:188} INFO - [2026-04-04T21:18:43.342+0000] {dag.py:3096} INFO - Sync 1 DAGs
[2026-04-04T21:18:43.354+0000] {logging_mixin.py:188} INFO - [2026-04-04T21:18:43.353+0000] {dag.py:3954} INFO - Setting next_dagrun for tmdb_stage_pipeline to None, run_after=None
[2026-04-04T21:18:43.373+0000] {processor.py:183} INFO - Processing /opt/airflow/dags/tmdb_pipeline_to_stage.py took 0.092 seconds
[2026-04-04T21:19:13.802+0000] {processor.py:161} INFO - Started process (PID=27493) to work on /opt/airflow/dags/tmdb_pipeline_to_stage.py
[2026-04-04T21:19:13.805+0000] {processor.py:830} INFO - Processing file /opt/airflow/dags/tmdb_pipeline_to_stage.py for tasks to queue
[2026-04-04T21:19:13.810+0000] {logging_mixin.py:188} INFO - [2026-04-04T21:19:13.806+0000] {dagbag.py:545} INFO - Filling up the DagBag from /opt/airflow/dags/tmdb_pipeline_to_stage.py
[2026-04-04T21:19:13.833+0000] {processor.py:840} INFO - DAG(s) 'tmdb_stage_pipeline' retrieved from /opt/airflow/dags/tmdb_pipeline_to_stage.py
[2026-04-04T21:19:13.878+0000] {logging_mixin.py:188} INFO - [2026-04-04T21:19:13.878+0000] {dag.py:3096} INFO - Sync 1 DAGs
[2026-04-04T21:19:13.891+0000] {logging_mixin.py:188} INFO - [2026-04-04T21:19:13.891+0000] {dag.py:3954} INFO - Setting next_dagrun for tmdb_stage_pipeline to None, run_after=None
[2026-04-04T21:19:13.908+0000] {processor.py:183} INFO - Processing /opt/airflow/dags/tmdb_pipeline_to_stage.py took 0.119 seconds
[2026-04-04T21:19:44.354+0000] {processor.py:161} INFO - Started process (PID=27513) to work on /opt/airflow/dags/tmdb_pipeline_to_stage.py
[2026-04-04T21:19:44.358+0000] {processor.py:830} INFO - Processing file /opt/airflow/dags/tmdb_pipeline_to_stage.py for tasks to queue
[2026-04-04T21:19:44.361+0000] {logging_mixin.py:188} INFO - [2026-04-04T21:19:44.361+0000] {dagbag.py:545} INFO - Filling up the DagBag from /opt/airflow/dags/tmdb_pipeline_to_stage.py
[2026-04-04T21:19:44.391+0000] {processor.py:840} INFO - DAG(s) 'tmdb_stage_pipeline' retrieved from /opt/airflow/dags/tmdb_pipeline_to_stage.py
[2026-04-04T21:19:44.423+0000] {logging_mixin.py:188} INFO - [2026-04-04T21:19:44.423+0000] {dag.py:3096} INFO - Sync 1 DAGs
[2026-04-04T21:19:44.435+0000] {logging_mixin.py:188} INFO - [2026-04-04T21:19:44.435+0000] {dag.py:3954} INFO - Setting next_dagrun for tmdb_stage_pipeline to None, run_after=None
[2026-04-04T21:19:44.448+0000] {processor.py:183} INFO - Processing /opt/airflow/dags/tmdb_pipeline_to_stage.py took 0.102 seconds
[2026-04-04T21:20:14.812+0000] {processor.py:161} INFO - Started process (PID=27533) to work on /opt/airflow/dags/tmdb_pipeline_to_stage.py
[2026-04-04T21:20:14.815+0000] {processor.py:830} INFO - Processing file /opt/airflow/dags/tmdb_pipeline_to_stage.py for tasks to queue
[2026-04-04T21:20:14.816+0000] {logging_mixin.py:188} INFO - [2026-04-04T21:20:14.816+0000] {dagbag.py:545} INFO - Filling up the DagBag from /opt/airflow/dags/tmdb_pipeline_to_stage.py
[2026-04-04T21:20:14.841+0000] {processor.py:840} INFO - DAG(s) 'tmdb_stage_pipeline' retrieved from /opt/airflow/dags/tmdb_pipeline_to_stage.py
[2026-04-04T21:20:14.869+0000] {logging_mixin.py:188} INFO - [2026-04-04T21:20:14.869+0000] {dag.py:3096} INFO - Sync 1 DAGs
[2026-04-04T21:20:14.885+0000] {logging_mixin.py:188} INFO - [2026-04-04T21:20:14.885+0000] {dag.py:3954} INFO - Setting next_dagrun for tmdb_stage_pipeline to None, run_after=None
[2026-04-04T21:20:14.900+0000] {processor.py:183} INFO - Processing /opt/airflow/dags/tmdb_pipeline_to_stage.py took 0.099 seconds
[2026-04-04T21:20:45.359+0000] {processor.py:161} INFO - Started process (PID=27553) to work on /opt/airflow/dags/tmdb_pipeline_to_stage.py
[2026-04-04T21:20:45.364+0000] {processor.py:830} INFO - Processing file /opt/airflow/dags/tmdb_pipeline_to_stage.py for tasks to queue
[2026-04-04T21:20:45.369+0000] {logging_mixin.py:188} INFO - [2026-04-04T21:20:45.365+0000] {dagbag.py:545} INFO - Filling up the DagBag from /opt/airflow/dags/tmdb_pipeline_to_stage.py
[2026-04-04T21:20:45.393+0000] {processor.py:840} INFO - DAG(s) 'tmdb_stage_pipeline' retrieved from /opt/airflow/dags/tmdb_pipeline_to_stage.py
[2026-04-04T21:20:45.433+0000] {logging_mixin.py:188} INFO - [2026-04-04T21:20:45.433+0000] {dag.py:3096} INFO - Sync 1 DAGs
[2026-04-04T21:20:45.453+0000] {logging_mixin.py:188} INFO - [2026-04-04T21:20:45.452+0000] {dag.py:3954} INFO - Setting next_dagrun for tmdb_stage_pipeline to None, run_after=None
[2026-04-04T21:20:45.475+0000] {processor.py:183} INFO - Processing /opt/airflow/dags/tmdb_pipeline_to_stage.py took 0.138 seconds
[2026-04-04T21:21:15.861+0000] {processor.py:161} INFO - Started process (PID=27573) to work on /opt/airflow/dags/tmdb_pipeline_to_stage.py
[2026-04-04T21:21:15.865+0000] {processor.py:830} INFO - Processing file /opt/airflow/dags/tmdb_pipeline_to_stage.py for tasks to queue
[2026-04-04T21:21:15.868+0000] {logging_mixin.py:188} INFO - [2026-04-04T21:21:15.867+0000] {dagbag.py:545} INFO - Filling up the DagBag from /opt/airflow/dags/tmdb_pipeline_to_stage.py
[2026-04-04T21:21:15.896+0000] {processor.py:840} INFO - DAG(s) 'tmdb_stage_pipeline' retrieved from /opt/airflow/dags/tmdb_pipeline_to_stage.py
[2026-04-04T21:21:15.954+0000] {logging_mixin.py:188} INFO - [2026-04-04T21:21:15.954+0000] {dag.py:3096} INFO - Sync 1 DAGs
[2026-04-04T21:21:15.977+0000] {logging_mixin.py:188} INFO - [2026-04-04T21:21:15.977+0000] {dag.py:3954} INFO - Setting next_dagrun for tmdb_stage_pipeline to None, run_after=None
[2026-04-04T21:21:15.996+0000] {processor.py:183} INFO - Processing /opt/airflow/dags/tmdb_pipeline_to_stage.py took 0.151 seconds
[2026-04-04T21:21:46.383+0000] {processor.py:161} INFO - Started process (PID=27593) to work on /opt/airflow/dags/tmdb_pipeline_to_stage.py
[2026-04-04T21:21:46.388+0000] {processor.py:830} INFO - Processing file /opt/airflow/dags/tmdb_pipeline_to_stage.py for tasks to queue
[2026-04-04T21:21:46.390+0000] {logging_mixin.py:188} INFO - [2026-04-04T21:21:46.389+0000] {dagbag.py:545} INFO - Filling up the DagBag from /opt/airflow/dags/tmdb_pipeline_to_stage.py
[2026-04-04T21:21:46.433+0000] {processor.py:840} INFO - DAG(s) 'tmdb_stage_pipeline' retrieved from /opt/airflow/dags/tmdb_pipeline_to_stage.py
[2026-04-04T21:21:46.472+0000] {logging_mixin.py:188} INFO - [2026-04-04T21:21:46.472+0000] {dag.py:3096} INFO - Sync 1 DAGs
[2026-04-04T21:21:46.507+0000] {logging_mixin.py:188} INFO - [2026-04-04T21:21:46.507+0000] {dag.py:3954} INFO - Setting next_dagrun for tmdb_stage_pipeline to None, run_after=None
[2026-04-04T21:21:46.527+0000] {processor.py:183} INFO - Processing /opt/airflow/dags/tmdb_pipeline_to_stage.py took 0.158 seconds
[2026-04-04T21:22:16.869+0000] {processor.py:161} INFO - Started process (PID=27613) to work on /opt/airflow/dags/tmdb_pipeline_to_stage.py
[2026-04-04T21:22:16.873+0000] {processor.py:830} INFO - Processing file /opt/airflow/dags/tmdb_pipeline_to_stage.py for tasks to queue
[2026-04-04T21:22:16.875+0000] {logging_mixin.py:188} INFO - [2026-04-04T21:22:16.874+0000] {dagbag.py:545} INFO - Filling up the DagBag from /opt/airflow/dags/tmdb_pipeline_to_stage.py
[2026-04-04T21:22:16.917+0000] {processor.py:840} INFO - DAG(s) 'tmdb_stage_pipeline' retrieved from /opt/airflow/dags/tmdb_pipeline_to_stage.py
[2026-04-04T21:22:16.959+0000] {logging_mixin.py:188} INFO - [2026-04-04T21:22:16.958+0000] {dag.py:3096} INFO - Sync 1 DAGs
[2026-04-04T21:22:16.994+0000] {logging_mixin.py:188} INFO - [2026-04-04T21:22:16.993+0000] {dag.py:3954} INFO - Setting next_dagrun for tmdb_stage_pipeline to None, run_after=None
[2026-04-04T21:22:17.014+0000] {processor.py:183} INFO - Processing /opt/airflow/dags/tmdb_pipeline_to_stage.py took 0.170 seconds
[2026-04-04T21:22:47.417+0000] {processor.py:161} INFO - Started process (PID=27633) to work on /opt/airflow/dags/tmdb_pipeline_to_stage.py
[2026-04-04T21:22:47.422+0000] {processor.py:830} INFO - Processing file /opt/airflow/dags/tmdb_pipeline_to_stage.py for tasks to queue
[2026-04-04T21:22:47.423+0000] {logging_mixin.py:188} INFO - [2026-04-04T21:22:47.423+0000] {dagbag.py:545} INFO - Filling up the DagBag from /opt/airflow/dags/tmdb_pipeline_to_stage.py
[2026-04-04T21:22:47.453+0000] {processor.py:840} INFO - DAG(s) 'tmdb_stage_pipeline' retrieved from /opt/airflow/dags/tmdb_pipeline_to_stage.py
[2026-04-04T21:22:47.486+0000] {logging_mixin.py:188} INFO - [2026-04-04T21:22:47.486+0000] {dag.py:3096} INFO - Sync 1 DAGs
[2026-04-04T21:22:47.503+0000] {logging_mixin.py:188} INFO - [2026-04-04T21:22:47.502+0000] {dag.py:3954} INFO - Setting next_dagrun for tmdb_stage_pipeline to None, run_after=None
[2026-04-04T21:22:47.524+0000] {processor.py:183} INFO - Processing /opt/airflow/dags/tmdb_pipeline_to_stage.py took 0.118 seconds
[2026-04-04T21:23:17.969+0000] {processor.py:161} INFO - Started process (PID=27653) to work on /opt/airflow/dags/tmdb_pipeline_to_stage.py
[2026-04-04T21:23:17.973+0000] {processor.py:830} INFO - Processing file /opt/airflow/dags/tmdb_pipeline_to_stage.py for tasks to queue
[2026-04-04T21:23:17.977+0000] {logging_mixin.py:188} INFO - [2026-04-04T21:23:17.975+0000] {dagbag.py:545} INFO - Filling up the DagBag from /opt/airflow/dags/tmdb_pipeline_to_stage.py
[2026-04-04T21:23:18.010+0000] {processor.py:840} INFO - DAG(s) 'tmdb_stage_pipeline' retrieved from /opt/airflow/dags/tmdb_pipeline_to_stage.py
[2026-04-04T21:23:18.077+0000] {logging_mixin.py:188} INFO - [2026-04-04T21:23:18.076+0000] {dag.py:3096} INFO - Sync 1 DAGs
[2026-04-04T21:23:18.102+0000] {logging_mixin.py:188} INFO - [2026-04-04T21:23:18.102+0000] {dag.py:3954} INFO - Setting next_dagrun for tmdb_stage_pipeline to None, run_after=None
[2026-04-04T21:23:18.129+0000] {processor.py:183} INFO - Processing /opt/airflow/dags/tmdb_pipeline_to_stage.py took 0.177 seconds
[2026-04-04T21:23:48.635+0000] {processor.py:161} INFO - Started process (PID=27673) to work on /opt/airflow/dags/tmdb_pipeline_to_stage.py
[2026-04-04T21:23:48.645+0000] {processor.py:830} INFO - Processing file /opt/airflow/dags/tmdb_pipeline_to_stage.py for tasks to queue
[2026-04-04T21:23:48.652+0000] {logging_mixin.py:188} INFO - [2026-04-04T21:23:48.650+0000] {dagbag.py:545} INFO - Filling up the DagBag from /opt/airflow/dags/tmdb_pipeline_to_stage.py
[2026-04-04T21:23:48.685+0000] {processor.py:840} INFO - DAG(s) 'tmdb_stage_pipeline' retrieved from /opt/airflow/dags/tmdb_pipeline_to_stage.py
[2026-04-04T21:23:48.741+0000] {logging_mixin.py:188} INFO - [2026-04-04T21:23:48.740+0000] {dag.py:3096} INFO - Sync 1 DAGs
[2026-04-04T21:23:48.764+0000] {logging_mixin.py:188} INFO - [2026-04-04T21:23:48.764+0000] {dag.py:3954} INFO - Setting next_dagrun for tmdb_stage_pipeline to None, run_after=None
[2026-04-04T21:23:48.783+0000] {processor.py:183} INFO - Processing /opt/airflow/dags/tmdb_pipeline_to_stage.py took 0.178 seconds
[2026-04-04T21:24:19.211+0000] {processor.py:161} INFO - Started process (PID=27693) to work on /opt/airflow/dags/tmdb_pipeline_to_stage.py
[2026-04-04T21:24:19.216+0000] {processor.py:830} INFO - Processing file /opt/airflow/dags/tmdb_pipeline_to_stage.py for tasks to queue
[2026-04-04T21:24:19.219+0000] {logging_mixin.py:188} INFO - [2026-04-04T21:24:19.219+0000] {dagbag.py:545} INFO - Filling up the DagBag from /opt/airflow/dags/tmdb_pipeline_to_stage.py
[2026-04-04T21:24:19.348+0000] {processor.py:840} INFO - DAG(s) 'tmdb_stage_pipeline' retrieved from /opt/airflow/dags/tmdb_pipeline_to_stage.py
[2026-04-04T21:24:19.532+0000] {logging_mixin.py:188} INFO - [2026-04-04T21:24:19.532+0000] {dag.py:3096} INFO - Sync 1 DAGs
[2026-04-04T21:24:19.584+0000] {logging_mixin.py:188} INFO - [2026-04-04T21:24:19.584+0000] {dag.py:3954} INFO - Setting next_dagrun for tmdb_stage_pipeline to None, run_after=None
[2026-04-04T21:24:19.642+0000] {processor.py:183} INFO - Processing /opt/airflow/dags/tmdb_pipeline_to_stage.py took 0.447 seconds
[2026-04-04T21:24:50.109+0000] {processor.py:161} INFO - Started process (PID=27713) to work on /opt/airflow/dags/tmdb_pipeline_to_stage.py
[2026-04-04T21:24:50.113+0000] {processor.py:830} INFO - Processing file /opt/airflow/dags/tmdb_pipeline_to_stage.py for tasks to queue
[2026-04-04T21:24:50.115+0000] {logging_mixin.py:188} INFO - [2026-04-04T21:24:50.115+0000] {dagbag.py:545} INFO - Filling up the DagBag from /opt/airflow/dags/tmdb_pipeline_to_stage.py
[2026-04-04T21:24:50.135+0000] {processor.py:840} INFO - DAG(s) 'tmdb_stage_pipeline' retrieved from /opt/airflow/dags/tmdb_pipeline_to_stage.py
[2026-04-04T21:24:50.184+0000] {logging_mixin.py:188} INFO - [2026-04-04T21:24:50.184+0000] {dag.py:3096} INFO - Sync 1 DAGs
[2026-04-04T21:24:50.211+0000] {logging_mixin.py:188} INFO - [2026-04-04T21:24:50.210+0000] {dag.py:3954} INFO - Setting next_dagrun for tmdb_stage_pipeline to None, run_after=None
[2026-04-04T21:24:50.228+0000] {processor.py:183} INFO - Processing /opt/airflow/dags/tmdb_pipeline_to_stage.py took 0.127 seconds
[2026-04-04T21:25:20.737+0000] {processor.py:161} INFO - Started process (PID=27733) to work on /opt/airflow/dags/tmdb_pipeline_to_stage.py
[2026-04-04T21:25:20.740+0000] {processor.py:830} INFO - Processing file /opt/airflow/dags/tmdb_pipeline_to_stage.py for tasks to queue
[2026-04-04T21:25:20.743+0000] {logging_mixin.py:188} INFO - [2026-04-04T21:25:20.741+0000] {dagbag.py:545} INFO - Filling up the DagBag from /opt/airflow/dags/tmdb_pipeline_to_stage.py
[2026-04-04T21:25:20.773+0000] {processor.py:840} INFO - DAG(s) 'tmdb_stage_pipeline' retrieved from /opt/airflow/dags/tmdb_pipeline_to_stage.py
[2026-04-04T21:25:20.818+0000] {logging_mixin.py:188} INFO - [2026-04-04T21:25:20.818+0000] {dag.py:3096} INFO - Sync 1 DAGs
[2026-04-04T21:25:20.847+0000] {logging_mixin.py:188} INFO - [2026-04-04T21:25:20.847+0000] {dag.py:3954} INFO - Setting next_dagrun for tmdb_stage_pipeline to None, run_after=None
[2026-04-04T21:25:20.867+0000] {processor.py:183} INFO - Processing /opt/airflow/dags/tmdb_pipeline_to_stage.py took 0.139 seconds
[2026-04-04T21:25:51.287+0000] {processor.py:161} INFO - Started process (PID=27753) to work on /opt/airflow/dags/tmdb_pipeline_to_stage.py
[2026-04-04T21:25:51.292+0000] {processor.py:830} INFO - Processing file /opt/airflow/dags/tmdb_pipeline_to_stage.py for tasks to queue
[2026-04-04T21:25:51.294+0000] {logging_mixin.py:188} INFO - [2026-04-04T21:25:51.293+0000] {dagbag.py:545} INFO - Filling up the DagBag from /opt/airflow/dags/tmdb_pipeline_to_stage.py
[2026-04-04T21:25:51.318+0000] {processor.py:840} INFO - DAG(s) 'tmdb_stage_pipeline' retrieved from /opt/airflow/dags/tmdb_pipeline_to_stage.py
[2026-04-04T21:25:51.402+0000] {logging_mixin.py:188} INFO - [2026-04-04T21:25:51.402+0000] {dag.py:3096} INFO - Sync 1 DAGs
[2026-04-04T21:25:51.435+0000] {logging_mixin.py:188} INFO - [2026-04-04T21:25:51.435+0000] {dag.py:3954} INFO - Setting next_dagrun for tmdb_stage_pipeline to None, run_after=None
[2026-04-04T21:25:51.456+0000] {processor.py:183} INFO - Processing /opt/airflow/dags/tmdb_pipeline_to_stage.py took 0.186 seconds
[2026-04-04T21:26:21.877+0000] {processor.py:161} INFO - Started process (PID=27773) to work on /opt/airflow/dags/tmdb_pipeline_to_stage.py
[2026-04-04T21:26:21.881+0000] {processor.py:830} INFO - Processing file /opt/airflow/dags/tmdb_pipeline_to_stage.py for tasks to queue
[2026-04-04T21:26:21.883+0000] {logging_mixin.py:188} INFO - [2026-04-04T21:26:21.883+0000] {dagbag.py:545} INFO - Filling up the DagBag from /opt/airflow/dags/tmdb_pipeline_to_stage.py
[2026-04-04T21:26:21.930+0000] {processor.py:840} INFO - DAG(s) 'tmdb_stage_pipeline' retrieved from /opt/airflow/dags/tmdb_pipeline_to_stage.py
[2026-04-04T21:26:21.974+0000] {logging_mixin.py:188} INFO - [2026-04-04T21:26:21.974+0000] {dag.py:3096} INFO - Sync 1 DAGs
[2026-04-04T21:26:21.998+0000] {logging_mixin.py:188} INFO - [2026-04-04T21:26:21.998+0000] {dag.py:3954} INFO - Setting next_dagrun for tmdb_stage_pipeline to None, run_after=None
[2026-04-04T21:26:22.016+0000] {processor.py:183} INFO - Processing /opt/airflow/dags/tmdb_pipeline_to_stage.py took 0.151 seconds
[2026-04-04T21:26:52.408+0000] {processor.py:161} INFO - Started process (PID=27793) to work on /opt/airflow/dags/tmdb_pipeline_to_stage.py
[2026-04-04T21:26:52.412+0000] {processor.py:830} INFO - Processing file /opt/airflow/dags/tmdb_pipeline_to_stage.py for tasks to queue
[2026-04-04T21:26:52.414+0000] {logging_mixin.py:188} INFO - [2026-04-04T21:26:52.413+0000] {dagbag.py:545} INFO - Filling up the DagBag from /opt/airflow/dags/tmdb_pipeline_to_stage.py
[2026-04-04T21:26:52.447+0000] {processor.py:840} INFO - DAG(s) 'tmdb_stage_pipeline' retrieved from /opt/airflow/dags/tmdb_pipeline_to_stage.py
[2026-04-04T21:26:52.511+0000] {logging_mixin.py:188} INFO - [2026-04-04T21:26:52.511+0000] {dag.py:3096} INFO - Sync 1 DAGs
[2026-04-04T21:26:52.532+0000] {logging_mixin.py:188} INFO - [2026-04-04T21:26:52.532+0000] {dag.py:3954} INFO - Setting next_dagrun for tmdb_stage_pipeline to None, run_after=None
[2026-04-04T21:26:52.555+0000] {processor.py:183} INFO - Processing /opt/airflow/dags/tmdb_pipeline_to_stage.py took 0.173 seconds
[2026-04-04T21:27:23.041+0000] {processor.py:161} INFO - Started process (PID=27813) to work on /opt/airflow/dags/tmdb_pipeline_to_stage.py
[2026-04-04T21:27:23.048+0000] {processor.py:830} INFO - Processing file /opt/airflow/dags/tmdb_pipeline_to_stage.py for tasks to queue
[2026-04-04T21:27:23.050+0000] {logging_mixin.py:188} INFO - [2026-04-04T21:27:23.049+0000] {dagbag.py:545} INFO - Filling up the DagBag from /opt/airflow/dags/tmdb_pipeline_to_stage.py
[2026-04-04T21:27:23.076+0000] {processor.py:840} INFO - DAG(s) 'tmdb_stage_pipeline' retrieved from /opt/airflow/dags/tmdb_pipeline_to_stage.py
[2026-04-04T21:27:23.126+0000] {logging_mixin.py:188} INFO - [2026-04-04T21:27:23.126+0000] {dag.py:3096} INFO - Sync 1 DAGs
[2026-04-04T21:27:23.149+0000] {logging_mixin.py:188} INFO - [2026-04-04T21:27:23.149+0000] {dag.py:3954} INFO - Setting next_dagrun for tmdb_stage_pipeline to None, run_after=None
[2026-04-04T21:27:23.178+0000] {processor.py:183} INFO - Processing /opt/airflow/dags/tmdb_pipeline_to_stage.py took 0.171 seconds
[2026-04-04T21:27:53.546+0000] {processor.py:161} INFO - Started process (PID=27833) to work on /opt/airflow/dags/tmdb_pipeline_to_stage.py
[2026-04-04T21:27:53.550+0000] {processor.py:830} INFO - Processing file /opt/airflow/dags/tmdb_pipeline_to_stage.py for tasks to queue
[2026-04-04T21:27:53.552+0000] {logging_mixin.py:188} INFO - [2026-04-04T21:27:53.552+0000] {dagbag.py:545} INFO - Filling up the DagBag from /opt/airflow/dags/tmdb_pipeline_to_stage.py
[2026-04-04T21:27:53.599+0000] {processor.py:840} INFO - DAG(s) 'tmdb_stage_pipeline' retrieved from /opt/airflow/dags/tmdb_pipeline_to_stage.py
[2026-04-04T21:27:53.636+0000] {logging_mixin.py:188} INFO - [2026-04-04T21:27:53.635+0000] {dag.py:3096} INFO - Sync 1 DAGs
[2026-04-04T21:27:53.657+0000] {logging_mixin.py:188} INFO - [2026-04-04T21:27:53.657+0000] {dag.py:3954} INFO - Setting next_dagrun for tmdb_stage_pipeline to None, run_after=None
[2026-04-04T21:27:53.680+0000] {processor.py:183} INFO - Processing /opt/airflow/dags/tmdb_pipeline_to_stage.py took 0.151 seconds
[2026-04-04T21:28:24.173+0000] {processor.py:161} INFO - Started process (PID=27853) to work on /opt/airflow/dags/tmdb_pipeline_to_stage.py
[2026-04-04T21:28:24.186+0000] {processor.py:830} INFO - Processing file /opt/airflow/dags/tmdb_pipeline_to_stage.py for tasks to queue
[2026-04-04T21:28:24.196+0000] {logging_mixin.py:188} INFO - [2026-04-04T21:28:24.191+0000] {dagbag.py:545} INFO - Filling up the DagBag from /opt/airflow/dags/tmdb_pipeline_to_stage.py
[2026-04-04T21:28:24.226+0000] {processor.py:840} INFO - DAG(s) 'tmdb_stage_pipeline' retrieved from /opt/airflow/dags/tmdb_pipeline_to_stage.py
[2026-04-04T21:28:24.272+0000] {logging_mixin.py:188} INFO - [2026-04-04T21:28:24.272+0000] {dag.py:3096} INFO - Sync 1 DAGs
[2026-04-04T21:28:24.298+0000] {logging_mixin.py:188} INFO - [2026-04-04T21:28:24.295+0000] {dag.py:3954} INFO - Setting next_dagrun for tmdb_stage_pipeline to None, run_after=None
[2026-04-04T21:28:24.322+0000] {processor.py:183} INFO - Processing /opt/airflow/dags/tmdb_pipeline_to_stage.py took 0.166 seconds
[2026-04-04T21:28:54.749+0000] {processor.py:161} INFO - Started process (PID=27873) to work on /opt/airflow/dags/tmdb_pipeline_to_stage.py
[2026-04-04T21:28:54.759+0000] {processor.py:830} INFO - Processing file /opt/airflow/dags/tmdb_pipeline_to_stage.py for tasks to queue
[2026-04-04T21:28:54.763+0000] {logging_mixin.py:188} INFO - [2026-04-04T21:28:54.762+0000] {dagbag.py:545} INFO - Filling up the DagBag from /opt/airflow/dags/tmdb_pipeline_to_stage.py
[2026-04-04T21:28:54.807+0000] {processor.py:840} INFO - DAG(s) 'tmdb_stage_pipeline' retrieved from /opt/airflow/dags/tmdb_pipeline_to_stage.py
[2026-04-04T21:28:54.851+0000] {logging_mixin.py:188} INFO - [2026-04-04T21:28:54.851+0000] {dag.py:3096} INFO - Sync 1 DAGs
[2026-04-04T21:28:54.884+0000] {logging_mixin.py:188} INFO - [2026-04-04T21:28:54.883+0000] {dag.py:3954} INFO - Setting next_dagrun for tmdb_stage_pipeline to None, run_after=None
[2026-04-04T21:28:54.899+0000] {processor.py:183} INFO - Processing /opt/airflow/dags/tmdb_pipeline_to_stage.py took 0.187 seconds
[2026-04-04T21:29:25.361+0000] {processor.py:161} INFO - Started process (PID=27893) to work on /opt/airflow/dags/tmdb_pipeline_to_stage.py
[2026-04-04T21:29:25.365+0000] {processor.py:830} INFO - Processing file /opt/airflow/dags/tmdb_pipeline_to_stage.py for tasks to queue
[2026-04-04T21:29:25.367+0000] {logging_mixin.py:188} INFO - [2026-04-04T21:29:25.367+0000] {dagbag.py:545} INFO - Filling up the DagBag from /opt/airflow/dags/tmdb_pipeline_to_stage.py
[2026-04-04T21:29:25.386+0000] {processor.py:840} INFO - DAG(s) 'tmdb_stage_pipeline' retrieved from /opt/airflow/dags/tmdb_pipeline_to_stage.py
[2026-04-04T21:29:25.448+0000] {logging_mixin.py:188} INFO - [2026-04-04T21:29:25.447+0000] {dag.py:3096} INFO - Sync 1 DAGs
[2026-04-04T21:29:25.470+0000] {logging_mixin.py:188} INFO - [2026-04-04T21:29:25.470+0000] {dag.py:3954} INFO - Setting next_dagrun for tmdb_stage_pipeline to None, run_after=None
[2026-04-04T21:29:25.488+0000] {processor.py:183} INFO - Processing /opt/airflow/dags/tmdb_pipeline_to_stage.py took 0.141 seconds
[2026-04-04T21:29:55.878+0000] {processor.py:161} INFO - Started process (PID=27913) to work on /opt/airflow/dags/tmdb_pipeline_to_stage.py
[2026-04-04T21:29:55.884+0000] {processor.py:830} INFO - Processing file /opt/airflow/dags/tmdb_pipeline_to_stage.py for tasks to queue
[2026-04-04T21:29:55.886+0000] {logging_mixin.py:188} INFO - [2026-04-04T21:29:55.885+0000] {dagbag.py:545} INFO - Filling up the DagBag from /opt/airflow/dags/tmdb_pipeline_to_stage.py
[2026-04-04T21:29:55.916+0000] {processor.py:840} INFO - DAG(s) 'tmdb_stage_pipeline' retrieved from /opt/airflow/dags/tmdb_pipeline_to_stage.py
[2026-04-04T21:29:55.976+0000] {logging_mixin.py:188} INFO - [2026-04-04T21:29:55.976+0000] {dag.py:3096} INFO - Sync 1 DAGs
[2026-04-04T21:29:56.004+0000] {logging_mixin.py:188} INFO - [2026-04-04T21:29:56.004+0000] {dag.py:3954} INFO - Setting next_dagrun for tmdb_stage_pipeline to None, run_after=None
[2026-04-04T21:29:56.040+0000] {processor.py:183} INFO - Processing /opt/airflow/dags/tmdb_pipeline_to_stage.py took 0.188 seconds
[2026-04-04T21:30:26.438+0000] {processor.py:161} INFO - Started process (PID=27933) to work on /opt/airflow/dags/tmdb_pipeline_to_stage.py
[2026-04-04T21:30:26.442+0000] {processor.py:830} INFO - Processing file /opt/airflow/dags/tmdb_pipeline_to_stage.py for tasks to queue
[2026-04-04T21:30:26.444+0000] {logging_mixin.py:188} INFO - [2026-04-04T21:30:26.444+0000] {dagbag.py:545} INFO - Filling up the DagBag from /opt/airflow/dags/tmdb_pipeline_to_stage.py
[2026-04-04T21:30:26.469+0000] {processor.py:840} INFO - DAG(s) 'tmdb_stage_pipeline' retrieved from /opt/airflow/dags/tmdb_pipeline_to_stage.py
[2026-04-04T21:30:26.549+0000] {logging_mixin.py:188} INFO - [2026-04-04T21:30:26.548+0000] {dag.py:3096} INFO - Sync 1 DAGs
[2026-04-04T21:30:26.583+0000] {logging_mixin.py:188} INFO - [2026-04-04T21:30:26.582+0000] {dag.py:3954} INFO - Setting next_dagrun for tmdb_stage_pipeline to None, run_after=None
[2026-04-04T21:30:26.605+0000] {processor.py:183} INFO - Processing /opt/airflow/dags/tmdb_pipeline_to_stage.py took 0.181 seconds
[2026-04-04T21:30:57.007+0000] {processor.py:161} INFO - Started process (PID=27953) to work on /opt/airflow/dags/tmdb_pipeline_to_stage.py
[2026-04-04T21:30:57.015+0000] {processor.py:830} INFO - Processing file /opt/airflow/dags/tmdb_pipeline_to_stage.py for tasks to queue
[2026-04-04T21:30:57.017+0000] {logging_mixin.py:188} INFO - [2026-04-04T21:30:57.016+0000] {dagbag.py:545} INFO - Filling up the DagBag from /opt/airflow/dags/tmdb_pipeline_to_stage.py
[2026-04-04T21:30:57.054+0000] {processor.py:840} INFO - DAG(s) 'tmdb_stage_pipeline' retrieved from /opt/airflow/dags/tmdb_pipeline_to_stage.py
[2026-04-04T21:30:57.100+0000] {logging_mixin.py:188} INFO - [2026-04-04T21:30:57.100+0000] {dag.py:3096} INFO - Sync 1 DAGs
[2026-04-04T21:30:57.133+0000] {logging_mixin.py:188} INFO - [2026-04-04T21:30:57.133+0000] {dag.py:3954} INFO - Setting next_dagrun for tmdb_stage_pipeline to None, run_after=None
[2026-04-04T21:30:57.151+0000] {processor.py:183} INFO - Processing /opt/airflow/dags/tmdb_pipeline_to_stage.py took 0.164 seconds
[2026-04-04T21:31:27.620+0000] {processor.py:161} INFO - Started process (PID=27973) to work on /opt/airflow/dags/tmdb_pipeline_to_stage.py
[2026-04-04T21:31:27.625+0000] {processor.py:830} INFO - Processing file /opt/airflow/dags/tmdb_pipeline_to_stage.py for tasks to queue
[2026-04-04T21:31:27.628+0000] {logging_mixin.py:188} INFO - [2026-04-04T21:31:27.628+0000] {dagbag.py:545} INFO - Filling up the DagBag from /opt/airflow/dags/tmdb_pipeline_to_stage.py
[2026-04-04T21:31:27.670+0000] {processor.py:840} INFO - DAG(s) 'tmdb_stage_pipeline' retrieved from /opt/airflow/dags/tmdb_pipeline_to_stage.py
[2026-04-04T21:31:27.721+0000] {logging_mixin.py:188} INFO - [2026-04-04T21:31:27.721+0000] {dag.py:3096} INFO - Sync 1 DAGs
[2026-04-04T21:31:27.736+0000] {logging_mixin.py:188} INFO - [2026-04-04T21:31:27.736+0000] {dag.py:3954} INFO - Setting next_dagrun for tmdb_stage_pipeline to None, run_after=None
[2026-04-04T21:31:27.753+0000] {processor.py:183} INFO - Processing /opt/airflow/dags/tmdb_pipeline_to_stage.py took 0.149 seconds
[2026-04-04T21:31:58.180+0000] {processor.py:161} INFO - Started process (PID=27993) to work on /opt/airflow/dags/tmdb_pipeline_to_stage.py
[2026-04-04T21:31:58.185+0000] {processor.py:830} INFO - Processing file /opt/airflow/dags/tmdb_pipeline_to_stage.py for tasks to queue
[2026-04-04T21:31:58.186+0000] {logging_mixin.py:188} INFO - [2026-04-04T21:31:58.186+0000] {dagbag.py:545} INFO - Filling up the DagBag from /opt/airflow/dags/tmdb_pipeline_to_stage.py
[2026-04-04T21:31:58.226+0000] {processor.py:840} INFO - DAG(s) 'tmdb_stage_pipeline' retrieved from /opt/airflow/dags/tmdb_pipeline_to_stage.py
[2026-04-04T21:31:58.269+0000] {logging_mixin.py:188} INFO - [2026-04-04T21:31:58.269+0000] {dag.py:3096} INFO - Sync 1 DAGs
[2026-04-04T21:31:58.309+0000] {logging_mixin.py:188} INFO - [2026-04-04T21:31:58.309+0000] {dag.py:3954} INFO - Setting next_dagrun for tmdb_stage_pipeline to None, run_after=None
[2026-04-04T21:31:58.330+0000] {processor.py:183} INFO - Processing /opt/airflow/dags/tmdb_pipeline_to_stage.py took 0.175 seconds
[2026-04-04T21:32:28.754+0000] {processor.py:161} INFO - Started process (PID=28013) to work on /opt/airflow/dags/tmdb_pipeline_to_stage.py
[2026-04-04T21:32:28.759+0000] {processor.py:830} INFO - Processing file /opt/airflow/dags/tmdb_pipeline_to_stage.py for tasks to queue
[2026-04-04T21:32:28.762+0000] {logging_mixin.py:188} INFO - [2026-04-04T21:32:28.759+0000] {dagbag.py:545} INFO - Filling up the DagBag from /opt/airflow/dags/tmdb_pipeline_to_stage.py
[2026-04-04T21:32:28.794+0000] {processor.py:840} INFO - DAG(s) 'tmdb_stage_pipeline' retrieved from /opt/airflow/dags/tmdb_pipeline_to_stage.py
[2026-04-04T21:32:28.858+0000] {logging_mixin.py:188} INFO - [2026-04-04T21:32:28.857+0000] {dag.py:3096} INFO - Sync 1 DAGs
[2026-04-04T21:32:28.914+0000] {logging_mixin.py:188} INFO - [2026-04-04T21:32:28.914+0000] {dag.py:3954} INFO - Setting next_dagrun for tmdb_stage_pipeline to None, run_after=None
[2026-04-04T21:32:28.950+0000] {processor.py:183} INFO - Processing /opt/airflow/dags/tmdb_pipeline_to_stage.py took 0.210 seconds
[2026-04-04T21:32:59.486+0000] {processor.py:161} INFO - Started process (PID=28033) to work on /opt/airflow/dags/tmdb_pipeline_to_stage.py
[2026-04-04T21:32:59.496+0000] {processor.py:830} INFO - Processing file /opt/airflow/dags/tmdb_pipeline_to_stage.py for tasks to queue
[2026-04-04T21:32:59.498+0000] {logging_mixin.py:188} INFO - [2026-04-04T21:32:59.497+0000] {dagbag.py:545} INFO - Filling up the DagBag from /opt/airflow/dags/tmdb_pipeline_to_stage.py
[2026-04-04T21:32:59.530+0000] {processor.py:840} INFO - DAG(s) 'tmdb_stage_pipeline' retrieved from /opt/airflow/dags/tmdb_pipeline_to_stage.py
[2026-04-04T21:32:59.612+0000] {logging_mixin.py:188} INFO - [2026-04-04T21:32:59.612+0000] {dag.py:3096} INFO - Sync 1 DAGs
[2026-04-04T21:32:59.638+0000] {logging_mixin.py:188} INFO - [2026-04-04T21:32:59.638+0000] {dag.py:3954} INFO - Setting next_dagrun for tmdb_stage_pipeline to None, run_after=None
[2026-04-04T21:32:59.677+0000] {processor.py:183} INFO - Processing /opt/airflow/dags/tmdb_pipeline_to_stage.py took 0.218 seconds
[2026-04-04T21:33:30.126+0000] {processor.py:161} INFO - Started process (PID=28053) to work on /opt/airflow/dags/tmdb_pipeline_to_stage.py
[2026-04-04T21:33:30.130+0000] {processor.py:830} INFO - Processing file /opt/airflow/dags/tmdb_pipeline_to_stage.py for tasks to queue
[2026-04-04T21:33:30.132+0000] {logging_mixin.py:188} INFO - [2026-04-04T21:33:30.131+0000] {dagbag.py:545} INFO - Filling up the DagBag from /opt/airflow/dags/tmdb_pipeline_to_stage.py
[2026-04-04T21:33:30.151+0000] {processor.py:840} INFO - DAG(s) 'tmdb_stage_pipeline' retrieved from /opt/airflow/dags/tmdb_pipeline_to_stage.py
[2026-04-04T21:33:30.191+0000] {logging_mixin.py:188} INFO - [2026-04-04T21:33:30.191+0000] {dag.py:3096} INFO - Sync 1 DAGs
[2026-04-04T21:33:30.224+0000] {logging_mixin.py:188} INFO - [2026-04-04T21:33:30.224+0000] {dag.py:3954} INFO - Setting next_dagrun for tmdb_stage_pipeline to None, run_after=None
[2026-04-04T21:33:30.241+0000] {processor.py:183} INFO - Processing /opt/airflow/dags/tmdb_pipeline_to_stage.py took 0.142 seconds
[2026-04-04T21:34:00.636+0000] {processor.py:161} INFO - Started process (PID=28073) to work on /opt/airflow/dags/tmdb_pipeline_to_stage.py
[2026-04-04T21:34:00.643+0000] {processor.py:830} INFO - Processing file /opt/airflow/dags/tmdb_pipeline_to_stage.py for tasks to queue
[2026-04-04T21:34:00.645+0000] {logging_mixin.py:188} INFO - [2026-04-04T21:34:00.644+0000] {dagbag.py:545} INFO - Filling up the DagBag from /opt/airflow/dags/tmdb_pipeline_to_stage.py
[2026-04-04T21:34:00.692+0000] {processor.py:840} INFO - DAG(s) 'tmdb_stage_pipeline' retrieved from /opt/airflow/dags/tmdb_pipeline_to_stage.py
[2026-04-04T21:34:00.735+0000] {logging_mixin.py:188} INFO - [2026-04-04T21:34:00.735+0000] {dag.py:3096} INFO - Sync 1 DAGs
[2026-04-04T21:34:00.780+0000] {logging_mixin.py:188} INFO - [2026-04-04T21:34:00.780+0000] {dag.py:3954} INFO - Setting next_dagrun for tmdb_stage_pipeline to None, run_after=None
[2026-04-04T21:34:00.802+0000] {processor.py:183} INFO - Processing /opt/airflow/dags/tmdb_pipeline_to_stage.py took 0.184 seconds
[2026-04-04T21:34:31.203+0000] {processor.py:161} INFO - Started process (PID=28093) to work on /opt/airflow/dags/tmdb_pipeline_to_stage.py
[2026-04-04T21:34:31.211+0000] {processor.py:830} INFO - Processing file /opt/airflow/dags/tmdb_pipeline_to_stage.py for tasks to queue
[2026-04-04T21:34:31.212+0000] {logging_mixin.py:188} INFO - [2026-04-04T21:34:31.212+0000] {dagbag.py:545} INFO - Filling up the DagBag from /opt/airflow/dags/tmdb_pipeline_to_stage.py
[2026-04-04T21:34:31.240+0000] {processor.py:840} INFO - DAG(s) 'tmdb_stage_pipeline' retrieved from /opt/airflow/dags/tmdb_pipeline_to_stage.py
[2026-04-04T21:34:31.292+0000] {logging_mixin.py:188} INFO - [2026-04-04T21:34:31.292+0000] {dag.py:3096} INFO - Sync 1 DAGs
[2026-04-04T21:34:31.313+0000] {logging_mixin.py:188} INFO - [2026-04-04T21:34:31.313+0000] {dag.py:3954} INFO - Setting next_dagrun for tmdb_stage_pipeline to None, run_after=None
[2026-04-04T21:34:31.331+0000] {processor.py:183} INFO - Processing /opt/airflow/dags/tmdb_pipeline_to_stage.py took 0.151 seconds
[2026-04-04T21:35:01.701+0000] {processor.py:161} INFO - Started process (PID=28113) to work on /opt/airflow/dags/tmdb_pipeline_to_stage.py
[2026-04-04T21:35:01.706+0000] {processor.py:830} INFO - Processing file /opt/airflow/dags/tmdb_pipeline_to_stage.py for tasks to queue
[2026-04-04T21:35:01.707+0000] {logging_mixin.py:188} INFO - [2026-04-04T21:35:01.707+0000] {dagbag.py:545} INFO - Filling up the DagBag from /opt/airflow/dags/tmdb_pipeline_to_stage.py
[2026-04-04T21:35:01.737+0000] {processor.py:840} INFO - DAG(s) 'tmdb_stage_pipeline' retrieved from /opt/airflow/dags/tmdb_pipeline_to_stage.py
[2026-04-04T21:35:01.799+0000] {logging_mixin.py:188} INFO - [2026-04-04T21:35:01.798+0000] {dag.py:3096} INFO - Sync 1 DAGs
[2026-04-04T21:35:01.830+0000] {logging_mixin.py:188} INFO - [2026-04-04T21:35:01.829+0000] {dag.py:3954} INFO - Setting next_dagrun for tmdb_stage_pipeline to None, run_after=None
[2026-04-04T21:35:01.852+0000] {processor.py:183} INFO - Processing /opt/airflow/dags/tmdb_pipeline_to_stage.py took 0.171 seconds
[2026-04-04T21:35:32.304+0000] {processor.py:161} INFO - Started process (PID=28133) to work on /opt/airflow/dags/tmdb_pipeline_to_stage.py
[2026-04-04T21:35:32.309+0000] {processor.py:830} INFO - Processing file /opt/airflow/dags/tmdb_pipeline_to_stage.py for tasks to queue
[2026-04-04T21:35:32.312+0000] {logging_mixin.py:188} INFO - [2026-04-04T21:35:32.311+0000] {dagbag.py:545} INFO - Filling up the DagBag from /opt/airflow/dags/tmdb_pipeline_to_stage.py
[2026-04-04T21:35:32.341+0000] {processor.py:840} INFO - DAG(s) 'tmdb_stage_pipeline' retrieved from /opt/airflow/dags/tmdb_pipeline_to_stage.py
[2026-04-04T21:35:32.406+0000] {logging_mixin.py:188} INFO - [2026-04-04T21:35:32.406+0000] {dag.py:3096} INFO - Sync 1 DAGs
[2026-04-04T21:35:32.432+0000] {logging_mixin.py:188} INFO - [2026-04-04T21:35:32.432+0000] {dag.py:3954} INFO - Setting next_dagrun for tmdb_stage_pipeline to None, run_after=None
[2026-04-04T21:35:32.457+0000] {processor.py:183} INFO - Processing /opt/airflow/dags/tmdb_pipeline_to_stage.py took 0.171 seconds
[2026-04-04T21:36:02.854+0000] {processor.py:161} INFO - Started process (PID=28153) to work on /opt/airflow/dags/tmdb_pipeline_to_stage.py
[2026-04-04T21:36:02.862+0000] {processor.py:830} INFO - Processing file /opt/airflow/dags/tmdb_pipeline_to_stage.py for tasks to queue
[2026-04-04T21:36:02.864+0000] {logging_mixin.py:188} INFO - [2026-04-04T21:36:02.863+0000] {dagbag.py:545} INFO - Filling up the DagBag from /opt/airflow/dags/tmdb_pipeline_to_stage.py
[2026-04-04T21:36:02.883+0000] {processor.py:840} INFO - DAG(s) 'tmdb_stage_pipeline' retrieved from /opt/airflow/dags/tmdb_pipeline_to_stage.py
[2026-04-04T21:36:02.929+0000] {logging_mixin.py:188} INFO - [2026-04-04T21:36:02.929+0000] {dag.py:3096} INFO - Sync 1 DAGs
[2026-04-04T21:36:02.957+0000] {logging_mixin.py:188} INFO - [2026-04-04T21:36:02.956+0000] {dag.py:3954} INFO - Setting next_dagrun for tmdb_stage_pipeline to None, run_after=None
[2026-04-04T21:36:02.977+0000] {processor.py:183} INFO - Processing /opt/airflow/dags/tmdb_pipeline_to_stage.py took 0.144 seconds
[2026-04-04T21:36:33.457+0000] {processor.py:161} INFO - Started process (PID=28173) to work on /opt/airflow/dags/tmdb_pipeline_to_stage.py
[2026-04-04T21:36:33.464+0000] {processor.py:830} INFO - Processing file /opt/airflow/dags/tmdb_pipeline_to_stage.py for tasks to queue
[2026-04-04T21:36:33.470+0000] {logging_mixin.py:188} INFO - [2026-04-04T21:36:33.467+0000] {dagbag.py:545} INFO - Filling up the DagBag from /opt/airflow/dags/tmdb_pipeline_to_stage.py
[2026-04-04T21:36:33.499+0000] {processor.py:840} INFO - DAG(s) 'tmdb_stage_pipeline' retrieved from /opt/airflow/dags/tmdb_pipeline_to_stage.py
[2026-04-04T21:36:33.576+0000] {logging_mixin.py:188} INFO - [2026-04-04T21:36:33.576+0000] {dag.py:3096} INFO - Sync 1 DAGs
[2026-04-04T21:36:33.610+0000] {logging_mixin.py:188} INFO - [2026-04-04T21:36:33.610+0000] {dag.py:3954} INFO - Setting next_dagrun for tmdb_stage_pipeline to None, run_after=None
[2026-04-04T21:36:33.640+0000] {processor.py:183} INFO - Processing /opt/airflow/dags/tmdb_pipeline_to_stage.py took 0.219 seconds
[2026-04-04T21:37:04.036+0000] {processor.py:161} INFO - Started process (PID=28193) to work on /opt/airflow/dags/tmdb_pipeline_to_stage.py
[2026-04-04T21:37:04.047+0000] {processor.py:830} INFO - Processing file /opt/airflow/dags/tmdb_pipeline_to_stage.py for tasks to queue
[2026-04-04T21:37:04.048+0000] {logging_mixin.py:188} INFO - [2026-04-04T21:37:04.047+0000] {dagbag.py:545} INFO - Filling up the DagBag from /opt/airflow/dags/tmdb_pipeline_to_stage.py
[2026-04-04T21:37:04.094+0000] {processor.py:840} INFO - DAG(s) 'tmdb_stage_pipeline' retrieved from /opt/airflow/dags/tmdb_pipeline_to_stage.py
[2026-04-04T21:37:04.158+0000] {logging_mixin.py:188} INFO - [2026-04-04T21:37:04.157+0000] {dag.py:3096} INFO - Sync 1 DAGs
[2026-04-04T21:37:04.195+0000] {logging_mixin.py:188} INFO - [2026-04-04T21:37:04.195+0000] {dag.py:3954} INFO - Setting next_dagrun for tmdb_stage_pipeline to None, run_after=None
[2026-04-04T21:37:04.216+0000] {processor.py:183} INFO - Processing /opt/airflow/dags/tmdb_pipeline_to_stage.py took 0.204 seconds
[2026-04-04T21:37:34.687+0000] {processor.py:161} INFO - Started process (PID=28213) to work on /opt/airflow/dags/tmdb_pipeline_to_stage.py
[2026-04-04T21:37:34.694+0000] {processor.py:830} INFO - Processing file /opt/airflow/dags/tmdb_pipeline_to_stage.py for tasks to queue
[2026-04-04T21:37:34.696+0000] {logging_mixin.py:188} INFO - [2026-04-04T21:37:34.695+0000] {dagbag.py:545} INFO - Filling up the DagBag from /opt/airflow/dags/tmdb_pipeline_to_stage.py
[2026-04-04T21:37:34.733+0000] {processor.py:840} INFO - DAG(s) 'tmdb_stage_pipeline' retrieved from /opt/airflow/dags/tmdb_pipeline_to_stage.py
[2026-04-04T21:37:34.800+0000] {logging_mixin.py:188} INFO - [2026-04-04T21:37:34.799+0000] {dag.py:3096} INFO - Sync 1 DAGs
[2026-04-04T21:37:34.824+0000] {logging_mixin.py:188} INFO - [2026-04-04T21:37:34.824+0000] {dag.py:3954} INFO - Setting next_dagrun for tmdb_stage_pipeline to None, run_after=None
[2026-04-04T21:37:34.862+0000] {processor.py:183} INFO - Processing /opt/airflow/dags/tmdb_pipeline_to_stage.py took 0.196 seconds
[2026-04-04T21:38:05.221+0000] {processor.py:161} INFO - Started process (PID=28233) to work on /opt/airflow/dags/tmdb_pipeline_to_stage.py
[2026-04-04T21:38:05.227+0000] {processor.py:830} INFO - Processing file /opt/airflow/dags/tmdb_pipeline_to_stage.py for tasks to queue
[2026-04-04T21:38:05.230+0000] {logging_mixin.py:188} INFO - [2026-04-04T21:38:05.229+0000] {dagbag.py:545} INFO - Filling up the DagBag from /opt/airflow/dags/tmdb_pipeline_to_stage.py
[2026-04-04T21:38:05.261+0000] {processor.py:840} INFO - DAG(s) 'tmdb_stage_pipeline' retrieved from /opt/airflow/dags/tmdb_pipeline_to_stage.py
[2026-04-04T21:38:05.335+0000] {logging_mixin.py:188} INFO - [2026-04-04T21:38:05.335+0000] {dag.py:3096} INFO - Sync 1 DAGs
[2026-04-04T21:38:05.365+0000] {logging_mixin.py:188} INFO - [2026-04-04T21:38:05.365+0000] {dag.py:3954} INFO - Setting next_dagrun for tmdb_stage_pipeline to None, run_after=None
[2026-04-04T21:38:05.386+0000] {processor.py:183} INFO - Processing /opt/airflow/dags/tmdb_pipeline_to_stage.py took 0.180 seconds
[2026-04-04T21:38:35.863+0000] {processor.py:161} INFO - Started process (PID=28253) to work on /opt/airflow/dags/tmdb_pipeline_to_stage.py
[2026-04-04T21:38:35.869+0000] {processor.py:830} INFO - Processing file /opt/airflow/dags/tmdb_pipeline_to_stage.py for tasks to queue
[2026-04-04T21:38:35.870+0000] {logging_mixin.py:188} INFO - [2026-04-04T21:38:35.869+0000] {dagbag.py:545} INFO - Filling up the DagBag from /opt/airflow/dags/tmdb_pipeline_to_stage.py
[2026-04-04T21:38:35.898+0000] {processor.py:840} INFO - DAG(s) 'tmdb_stage_pipeline' retrieved from /opt/airflow/dags/tmdb_pipeline_to_stage.py
[2026-04-04T21:38:35.961+0000] {logging_mixin.py:188} INFO - [2026-04-04T21:38:35.960+0000] {dag.py:3096} INFO - Sync 1 DAGs
[2026-04-04T21:38:35.979+0000] {logging_mixin.py:188} INFO - [2026-04-04T21:38:35.979+0000] {dag.py:3954} INFO - Setting next_dagrun for tmdb_stage_pipeline to None, run_after=None
[2026-04-04T21:38:36.003+0000] {processor.py:183} INFO - Processing /opt/airflow/dags/tmdb_pipeline_to_stage.py took 0.162 seconds
[2026-04-04T21:39:06.409+0000] {processor.py:161} INFO - Started process (PID=28273) to work on /opt/airflow/dags/tmdb_pipeline_to_stage.py
[2026-04-04T21:39:06.413+0000] {processor.py:830} INFO - Processing file /opt/airflow/dags/tmdb_pipeline_to_stage.py for tasks to queue
[2026-04-04T21:39:06.419+0000] {logging_mixin.py:188} INFO - [2026-04-04T21:39:06.418+0000] {dagbag.py:545} INFO - Filling up the DagBag from /opt/airflow/dags/tmdb_pipeline_to_stage.py
[2026-04-04T21:39:06.445+0000] {processor.py:840} INFO - DAG(s) 'tmdb_stage_pipeline' retrieved from /opt/airflow/dags/tmdb_pipeline_to_stage.py
[2026-04-04T21:39:06.505+0000] {logging_mixin.py:188} INFO - [2026-04-04T21:39:06.505+0000] {dag.py:3096} INFO - Sync 1 DAGs
[2026-04-04T21:39:06.540+0000] {logging_mixin.py:188} INFO - [2026-04-04T21:39:06.540+0000] {dag.py:3954} INFO - Setting next_dagrun for tmdb_stage_pipeline to None, run_after=None
[2026-04-04T21:39:06.558+0000] {processor.py:183} INFO - Processing /opt/airflow/dags/tmdb_pipeline_to_stage.py took 0.161 seconds
[2026-04-04T21:39:37.026+0000] {processor.py:161} INFO - Started process (PID=28293) to work on /opt/airflow/dags/tmdb_pipeline_to_stage.py
[2026-04-04T21:39:37.032+0000] {processor.py:830} INFO - Processing file /opt/airflow/dags/tmdb_pipeline_to_stage.py for tasks to queue
[2026-04-04T21:39:37.033+0000] {logging_mixin.py:188} INFO - [2026-04-04T21:39:37.033+0000] {dagbag.py:545} INFO - Filling up the DagBag from /opt/airflow/dags/tmdb_pipeline_to_stage.py
[2026-04-04T21:39:37.056+0000] {processor.py:840} INFO - DAG(s) 'tmdb_stage_pipeline' retrieved from /opt/airflow/dags/tmdb_pipeline_to_stage.py
[2026-04-04T21:39:37.103+0000] {logging_mixin.py:188} INFO - [2026-04-04T21:39:37.103+0000] {dag.py:3096} INFO - Sync 1 DAGs
[2026-04-04T21:39:37.147+0000] {logging_mixin.py:188} INFO - [2026-04-04T21:39:37.147+0000] {dag.py:3954} INFO - Setting next_dagrun for tmdb_stage_pipeline to None, run_after=None
[2026-04-04T21:39:37.170+0000] {processor.py:183} INFO - Processing /opt/airflow/dags/tmdb_pipeline_to_stage.py took 0.159 seconds
[2026-04-04T21:40:07.592+0000] {processor.py:161} INFO - Started process (PID=28313) to work on /opt/airflow/dags/tmdb_pipeline_to_stage.py
[2026-04-04T21:40:07.597+0000] {processor.py:830} INFO - Processing file /opt/airflow/dags/tmdb_pipeline_to_stage.py for tasks to queue
[2026-04-04T21:40:07.598+0000] {logging_mixin.py:188} INFO - [2026-04-04T21:40:07.597+0000] {dagbag.py:545} INFO - Filling up the DagBag from /opt/airflow/dags/tmdb_pipeline_to_stage.py
[2026-04-04T21:40:07.627+0000] {processor.py:840} INFO - DAG(s) 'tmdb_stage_pipeline' retrieved from /opt/airflow/dags/tmdb_pipeline_to_stage.py
[2026-04-04T21:40:07.698+0000] {logging_mixin.py:188} INFO - [2026-04-04T21:40:07.698+0000] {dag.py:3096} INFO - Sync 1 DAGs
[2026-04-04T21:40:07.724+0000] {logging_mixin.py:188} INFO - [2026-04-04T21:40:07.724+0000] {dag.py:3954} INFO - Setting next_dagrun for tmdb_stage_pipeline to None, run_after=None
[2026-04-04T21:40:07.751+0000] {processor.py:183} INFO - Processing /opt/airflow/dags/tmdb_pipeline_to_stage.py took 0.181 seconds
[2026-04-04T21:40:38.206+0000] {processor.py:161} INFO - Started process (PID=28333) to work on /opt/airflow/dags/tmdb_pipeline_to_stage.py
[2026-04-04T21:40:38.211+0000] {processor.py:830} INFO - Processing file /opt/airflow/dags/tmdb_pipeline_to_stage.py for tasks to queue
[2026-04-04T21:40:38.213+0000] {logging_mixin.py:188} INFO - [2026-04-04T21:40:38.211+0000] {dagbag.py:545} INFO - Filling up the DagBag from /opt/airflow/dags/tmdb_pipeline_to_stage.py
[2026-04-04T21:40:38.238+0000] {processor.py:840} INFO - DAG(s) 'tmdb_stage_pipeline' retrieved from /opt/airflow/dags/tmdb_pipeline_to_stage.py
[2026-04-04T21:40:38.290+0000] {logging_mixin.py:188} INFO - [2026-04-04T21:40:38.289+0000] {dag.py:3096} INFO - Sync 1 DAGs
[2026-04-04T21:40:38.309+0000] {logging_mixin.py:188} INFO - [2026-04-04T21:40:38.309+0000] {dag.py:3954} INFO - Setting next_dagrun for tmdb_stage_pipeline to None, run_after=None
[2026-04-04T21:40:38.327+0000] {processor.py:183} INFO - Processing /opt/airflow/dags/tmdb_pipeline_to_stage.py took 0.157 seconds
[2026-04-04T21:41:08.709+0000] {processor.py:161} INFO - Started process (PID=28353) to work on /opt/airflow/dags/tmdb_pipeline_to_stage.py
[2026-04-04T21:41:08.715+0000] {processor.py:830} INFO - Processing file /opt/airflow/dags/tmdb_pipeline_to_stage.py for tasks to queue
[2026-04-04T21:41:08.718+0000] {logging_mixin.py:188} INFO - [2026-04-04T21:41:08.718+0000] {dagbag.py:545} INFO - Filling up the DagBag from /opt/airflow/dags/tmdb_pipeline_to_stage.py
[2026-04-04T21:41:08.763+0000] {processor.py:840} INFO - DAG(s) 'tmdb_stage_pipeline' retrieved from /opt/airflow/dags/tmdb_pipeline_to_stage.py
[2026-04-04T21:41:08.810+0000] {logging_mixin.py:188} INFO - [2026-04-04T21:41:08.810+0000] {dag.py:3096} INFO - Sync 1 DAGs
[2026-04-04T21:41:08.850+0000] {logging_mixin.py:188} INFO - [2026-04-04T21:41:08.849+0000] {dag.py:3954} INFO - Setting next_dagrun for tmdb_stage_pipeline to None, run_after=None
[2026-04-04T21:41:08.870+0000] {processor.py:183} INFO - Processing /opt/airflow/dags/tmdb_pipeline_to_stage.py took 0.188 seconds
[2026-04-04T21:41:39.279+0000] {processor.py:161} INFO - Started process (PID=28373) to work on /opt/airflow/dags/tmdb_pipeline_to_stage.py
[2026-04-04T21:41:39.284+0000] {processor.py:830} INFO - Processing file /opt/airflow/dags/tmdb_pipeline_to_stage.py for tasks to queue
[2026-04-04T21:41:39.285+0000] {logging_mixin.py:188} INFO - [2026-04-04T21:41:39.285+0000] {dagbag.py:545} INFO - Filling up the DagBag from /opt/airflow/dags/tmdb_pipeline_to_stage.py
[2026-04-04T21:41:39.312+0000] {processor.py:840} INFO - DAG(s) 'tmdb_stage_pipeline' retrieved from /opt/airflow/dags/tmdb_pipeline_to_stage.py
[2026-04-04T21:41:39.375+0000] {logging_mixin.py:188} INFO - [2026-04-04T21:41:39.375+0000] {dag.py:3096} INFO - Sync 1 DAGs
[2026-04-04T21:41:39.400+0000] {logging_mixin.py:188} INFO - [2026-04-04T21:41:39.400+0000] {dag.py:3954} INFO - Setting next_dagrun for tmdb_stage_pipeline to None, run_after=None
[2026-04-04T21:41:39.425+0000] {processor.py:183} INFO - Processing /opt/airflow/dags/tmdb_pipeline_to_stage.py took 0.161 seconds
[2026-04-04T21:42:09.847+0000] {processor.py:161} INFO - Started process (PID=28393) to work on /opt/airflow/dags/tmdb_pipeline_to_stage.py
[2026-04-04T21:42:09.853+0000] {processor.py:830} INFO - Processing file /opt/airflow/dags/tmdb_pipeline_to_stage.py for tasks to queue
[2026-04-04T21:42:09.856+0000] {logging_mixin.py:188} INFO - [2026-04-04T21:42:09.855+0000] {dagbag.py:545} INFO - Filling up the DagBag from /opt/airflow/dags/tmdb_pipeline_to_stage.py
[2026-04-04T21:42:09.886+0000] {processor.py:840} INFO - DAG(s) 'tmdb_stage_pipeline' retrieved from /opt/airflow/dags/tmdb_pipeline_to_stage.py
[2026-04-04T21:42:09.932+0000] {logging_mixin.py:188} INFO - [2026-04-04T21:42:09.932+0000] {dag.py:3096} INFO - Sync 1 DAGs
[2026-04-04T21:42:09.957+0000] {logging_mixin.py:188} INFO - [2026-04-04T21:42:09.957+0000] {dag.py:3954} INFO - Setting next_dagrun for tmdb_stage_pipeline to None, run_after=None
[2026-04-04T21:42:09.973+0000] {processor.py:183} INFO - Processing /opt/airflow/dags/tmdb_pipeline_to_stage.py took 0.146 seconds
[2026-04-04T21:42:40.395+0000] {processor.py:161} INFO - Started process (PID=28413) to work on /opt/airflow/dags/tmdb_pipeline_to_stage.py
[2026-04-04T21:42:40.397+0000] {processor.py:830} INFO - Processing file /opt/airflow/dags/tmdb_pipeline_to_stage.py for tasks to queue
[2026-04-04T21:42:40.398+0000] {logging_mixin.py:188} INFO - [2026-04-04T21:42:40.398+0000] {dagbag.py:545} INFO - Filling up the DagBag from /opt/airflow/dags/tmdb_pipeline_to_stage.py
[2026-04-04T21:42:40.419+0000] {processor.py:840} INFO - DAG(s) 'tmdb_stage_pipeline' retrieved from /opt/airflow/dags/tmdb_pipeline_to_stage.py
[2026-04-04T21:42:40.458+0000] {logging_mixin.py:188} INFO - [2026-04-04T21:42:40.458+0000] {dag.py:3096} INFO - Sync 1 DAGs
[2026-04-04T21:42:40.475+0000] {logging_mixin.py:188} INFO - [2026-04-04T21:42:40.475+0000] {dag.py:3954} INFO - Setting next_dagrun for tmdb_stage_pipeline to None, run_after=None
[2026-04-04T21:42:40.499+0000] {processor.py:183} INFO - Processing /opt/airflow/dags/tmdb_pipeline_to_stage.py took 0.124 seconds
[2026-04-04T21:43:10.852+0000] {processor.py:161} INFO - Started process (PID=28433) to work on /opt/airflow/dags/tmdb_pipeline_to_stage.py
[2026-04-04T21:43:10.857+0000] {processor.py:830} INFO - Processing file /opt/airflow/dags/tmdb_pipeline_to_stage.py for tasks to queue
[2026-04-04T21:43:10.858+0000] {logging_mixin.py:188} INFO - [2026-04-04T21:43:10.857+0000] {dagbag.py:545} INFO - Filling up the DagBag from /opt/airflow/dags/tmdb_pipeline_to_stage.py
[2026-04-04T21:43:10.884+0000] {processor.py:840} INFO - DAG(s) 'tmdb_stage_pipeline' retrieved from /opt/airflow/dags/tmdb_pipeline_to_stage.py
[2026-04-04T21:43:10.920+0000] {logging_mixin.py:188} INFO - [2026-04-04T21:43:10.920+0000] {dag.py:3096} INFO - Sync 1 DAGs
[2026-04-04T21:43:10.962+0000] {logging_mixin.py:188} INFO - [2026-04-04T21:43:10.962+0000] {dag.py:3954} INFO - Setting next_dagrun for tmdb_stage_pipeline to None, run_after=None
[2026-04-04T21:43:10.980+0000] {processor.py:183} INFO - Processing /opt/airflow/dags/tmdb_pipeline_to_stage.py took 0.146 seconds
[2026-04-04T21:43:41.477+0000] {processor.py:161} INFO - Started process (PID=28453) to work on /opt/airflow/dags/tmdb_pipeline_to_stage.py
[2026-04-04T21:43:41.482+0000] {processor.py:830} INFO - Processing file /opt/airflow/dags/tmdb_pipeline_to_stage.py for tasks to queue
[2026-04-04T21:43:41.484+0000] {logging_mixin.py:188} INFO - [2026-04-04T21:43:41.483+0000] {dagbag.py:545} INFO - Filling up the DagBag from /opt/airflow/dags/tmdb_pipeline_to_stage.py
[2026-04-04T21:43:41.508+0000] {processor.py:840} INFO - DAG(s) 'tmdb_stage_pipeline' retrieved from /opt/airflow/dags/tmdb_pipeline_to_stage.py
[2026-04-04T21:43:41.569+0000] {logging_mixin.py:188} INFO - [2026-04-04T21:43:41.569+0000] {dag.py:3096} INFO - Sync 1 DAGs
[2026-04-04T21:43:41.589+0000] {logging_mixin.py:188} INFO - [2026-04-04T21:43:41.589+0000] {dag.py:3954} INFO - Setting next_dagrun for tmdb_stage_pipeline to None, run_after=None
[2026-04-04T21:43:41.607+0000] {processor.py:183} INFO - Processing /opt/airflow/dags/tmdb_pipeline_to_stage.py took 0.144 seconds
[2026-04-04T21:44:12.003+0000] {processor.py:161} INFO - Started process (PID=28473) to work on /opt/airflow/dags/tmdb_pipeline_to_stage.py
[2026-04-04T21:44:12.009+0000] {processor.py:830} INFO - Processing file /opt/airflow/dags/tmdb_pipeline_to_stage.py for tasks to queue
[2026-04-04T21:44:12.011+0000] {logging_mixin.py:188} INFO - [2026-04-04T21:44:12.011+0000] {dagbag.py:545} INFO - Filling up the DagBag from /opt/airflow/dags/tmdb_pipeline_to_stage.py
[2026-04-04T21:44:12.035+0000] {processor.py:840} INFO - DAG(s) 'tmdb_stage_pipeline' retrieved from /opt/airflow/dags/tmdb_pipeline_to_stage.py
[2026-04-04T21:44:12.107+0000] {logging_mixin.py:188} INFO - [2026-04-04T21:44:12.107+0000] {dag.py:3096} INFO - Sync 1 DAGs
[2026-04-04T21:44:12.138+0000] {logging_mixin.py:188} INFO - [2026-04-04T21:44:12.138+0000] {dag.py:3954} INFO - Setting next_dagrun for tmdb_stage_pipeline to None, run_after=None
[2026-04-04T21:44:12.178+0000] {processor.py:183} INFO - Processing /opt/airflow/dags/tmdb_pipeline_to_stage.py took 0.191 seconds
[2026-04-04T21:44:42.623+0000] {processor.py:161} INFO - Started process (PID=28493) to work on /opt/airflow/dags/tmdb_pipeline_to_stage.py
[2026-04-04T21:44:42.627+0000] {processor.py:830} INFO - Processing file /opt/airflow/dags/tmdb_pipeline_to_stage.py for tasks to queue
[2026-04-04T21:44:42.630+0000] {logging_mixin.py:188} INFO - [2026-04-04T21:44:42.629+0000] {dagbag.py:545} INFO - Filling up the DagBag from /opt/airflow/dags/tmdb_pipeline_to_stage.py
[2026-04-04T21:44:42.664+0000] {processor.py:840} INFO - DAG(s) 'tmdb_stage_pipeline' retrieved from /opt/airflow/dags/tmdb_pipeline_to_stage.py
[2026-04-04T21:44:42.727+0000] {logging_mixin.py:188} INFO - [2026-04-04T21:44:42.727+0000] {dag.py:3096} INFO - Sync 1 DAGs
[2026-04-04T21:44:42.757+0000] {logging_mixin.py:188} INFO - [2026-04-04T21:44:42.757+0000] {dag.py:3954} INFO - Setting next_dagrun for tmdb_stage_pipeline to None, run_after=None
[2026-04-04T21:44:42.776+0000] {processor.py:183} INFO - Processing /opt/airflow/dags/tmdb_pipeline_to_stage.py took 0.177 seconds
[2026-04-04T21:45:13.179+0000] {processor.py:161} INFO - Started process (PID=28513) to work on /opt/airflow/dags/tmdb_pipeline_to_stage.py
[2026-04-04T21:45:13.183+0000] {processor.py:830} INFO - Processing file /opt/airflow/dags/tmdb_pipeline_to_stage.py for tasks to queue
[2026-04-04T21:45:13.186+0000] {logging_mixin.py:188} INFO - [2026-04-04T21:45:13.185+0000] {dagbag.py:545} INFO - Filling up the DagBag from /opt/airflow/dags/tmdb_pipeline_to_stage.py
[2026-04-04T21:45:13.221+0000] {processor.py:840} INFO - DAG(s) 'tmdb_stage_pipeline' retrieved from /opt/airflow/dags/tmdb_pipeline_to_stage.py
[2026-04-04T21:45:13.278+0000] {logging_mixin.py:188} INFO - [2026-04-04T21:45:13.278+0000] {dag.py:3096} INFO - Sync 1 DAGs
[2026-04-04T21:45:13.305+0000] {logging_mixin.py:188} INFO - [2026-04-04T21:45:13.305+0000] {dag.py:3954} INFO - Setting next_dagrun for tmdb_stage_pipeline to None, run_after=None
[2026-04-04T21:45:13.341+0000] {processor.py:183} INFO - Processing /opt/airflow/dags/tmdb_pipeline_to_stage.py took 0.182 seconds
[2026-04-04T21:45:43.746+0000] {processor.py:161} INFO - Started process (PID=28533) to work on /opt/airflow/dags/tmdb_pipeline_to_stage.py
[2026-04-04T21:45:43.753+0000] {processor.py:830} INFO - Processing file /opt/airflow/dags/tmdb_pipeline_to_stage.py for tasks to queue
[2026-04-04T21:45:43.756+0000] {logging_mixin.py:188} INFO - [2026-04-04T21:45:43.756+0000] {dagbag.py:545} INFO - Filling up the DagBag from /opt/airflow/dags/tmdb_pipeline_to_stage.py
[2026-04-04T21:45:43.789+0000] {processor.py:840} INFO - DAG(s) 'tmdb_stage_pipeline' retrieved from /opt/airflow/dags/tmdb_pipeline_to_stage.py
[2026-04-04T21:45:43.857+0000] {logging_mixin.py:188} INFO - [2026-04-04T21:45:43.857+0000] {dag.py:3096} INFO - Sync 1 DAGs
[2026-04-04T21:45:43.878+0000] {logging_mixin.py:188} INFO - [2026-04-04T21:45:43.878+0000] {dag.py:3954} INFO - Setting next_dagrun for tmdb_stage_pipeline to None, run_after=None
[2026-04-04T21:45:43.898+0000] {processor.py:183} INFO - Processing /opt/airflow/dags/tmdb_pipeline_to_stage.py took 0.173 seconds
[2026-04-04T21:46:14.338+0000] {processor.py:161} INFO - Started process (PID=28553) to work on /opt/airflow/dags/tmdb_pipeline_to_stage.py
[2026-04-04T21:46:14.343+0000] {processor.py:830} INFO - Processing file /opt/airflow/dags/tmdb_pipeline_to_stage.py for tasks to queue
[2026-04-04T21:46:14.346+0000] {logging_mixin.py:188} INFO - [2026-04-04T21:46:14.345+0000] {dagbag.py:545} INFO - Filling up the DagBag from /opt/airflow/dags/tmdb_pipeline_to_stage.py
[2026-04-04T21:46:14.389+0000] {processor.py:840} INFO - DAG(s) 'tmdb_stage_pipeline' retrieved from /opt/airflow/dags/tmdb_pipeline_to_stage.py
[2026-04-04T21:46:14.467+0000] {logging_mixin.py:188} INFO - [2026-04-04T21:46:14.466+0000] {dag.py:3096} INFO - Sync 1 DAGs
[2026-04-04T21:46:14.498+0000] {logging_mixin.py:188} INFO - [2026-04-04T21:46:14.498+0000] {dag.py:3954} INFO - Setting next_dagrun for tmdb_stage_pipeline to None, run_after=None
[2026-04-04T21:46:14.520+0000] {processor.py:183} INFO - Processing /opt/airflow/dags/tmdb_pipeline_to_stage.py took 0.207 seconds
[2026-04-04T21:46:45.028+0000] {processor.py:161} INFO - Started process (PID=28573) to work on /opt/airflow/dags/tmdb_pipeline_to_stage.py
[2026-04-04T21:46:45.034+0000] {processor.py:830} INFO - Processing file /opt/airflow/dags/tmdb_pipeline_to_stage.py for tasks to queue
[2026-04-04T21:46:45.036+0000] {logging_mixin.py:188} INFO - [2026-04-04T21:46:45.036+0000] {dagbag.py:545} INFO - Filling up the DagBag from /opt/airflow/dags/tmdb_pipeline_to_stage.py
[2026-04-04T21:46:45.065+0000] {processor.py:840} INFO - DAG(s) 'tmdb_stage_pipeline' retrieved from /opt/airflow/dags/tmdb_pipeline_to_stage.py
[2026-04-04T21:46:45.128+0000] {logging_mixin.py:188} INFO - [2026-04-04T21:46:45.127+0000] {dag.py:3096} INFO - Sync 1 DAGs
[2026-04-04T21:46:45.174+0000] {logging_mixin.py:188} INFO - [2026-04-04T21:46:45.173+0000] {dag.py:3954} INFO - Setting next_dagrun for tmdb_stage_pipeline to None, run_after=None
[2026-04-04T21:46:45.214+0000] {processor.py:183} INFO - Processing /opt/airflow/dags/tmdb_pipeline_to_stage.py took 0.199 seconds
[2026-04-04T21:47:15.819+0000] {processor.py:161} INFO - Started process (PID=28593) to work on /opt/airflow/dags/tmdb_pipeline_to_stage.py
[2026-04-04T21:47:15.828+0000] {processor.py:830} INFO - Processing file /opt/airflow/dags/tmdb_pipeline_to_stage.py for tasks to queue
[2026-04-04T21:47:15.829+0000] {logging_mixin.py:188} INFO - [2026-04-04T21:47:15.829+0000] {dagbag.py:545} INFO - Filling up the DagBag from /opt/airflow/dags/tmdb_pipeline_to_stage.py
[2026-04-04T21:47:15.868+0000] {processor.py:840} INFO - DAG(s) 'tmdb_stage_pipeline' retrieved from /opt/airflow/dags/tmdb_pipeline_to_stage.py
[2026-04-04T21:47:15.979+0000] {logging_mixin.py:188} INFO - [2026-04-04T21:47:15.979+0000] {dag.py:3096} INFO - Sync 1 DAGs
[2026-04-04T21:47:16.009+0000] {logging_mixin.py:188} INFO - [2026-04-04T21:47:16.009+0000] {dag.py:3954} INFO - Setting next_dagrun for tmdb_stage_pipeline to None, run_after=None
[2026-04-04T21:47:16.029+0000] {processor.py:183} INFO - Processing /opt/airflow/dags/tmdb_pipeline_to_stage.py took 0.232 seconds
[2026-04-04T21:47:46.515+0000] {processor.py:161} INFO - Started process (PID=28613) to work on /opt/airflow/dags/tmdb_pipeline_to_stage.py
[2026-04-04T21:47:46.520+0000] {processor.py:830} INFO - Processing file /opt/airflow/dags/tmdb_pipeline_to_stage.py for tasks to queue
[2026-04-04T21:47:46.523+0000] {logging_mixin.py:188} INFO - [2026-04-04T21:47:46.522+0000] {dagbag.py:545} INFO - Filling up the DagBag from /opt/airflow/dags/tmdb_pipeline_to_stage.py
[2026-04-04T21:47:46.545+0000] {processor.py:840} INFO - DAG(s) 'tmdb_stage_pipeline' retrieved from /opt/airflow/dags/tmdb_pipeline_to_stage.py
[2026-04-04T21:47:46.600+0000] {logging_mixin.py:188} INFO - [2026-04-04T21:47:46.600+0000] {dag.py:3096} INFO - Sync 1 DAGs
[2026-04-04T21:47:46.624+0000] {logging_mixin.py:188} INFO - [2026-04-04T21:47:46.624+0000] {dag.py:3954} INFO - Setting next_dagrun for tmdb_stage_pipeline to None, run_after=None
[2026-04-04T21:47:46.639+0000] {processor.py:183} INFO - Processing /opt/airflow/dags/tmdb_pipeline_to_stage.py took 0.140 seconds
[2026-04-04T21:48:17.006+0000] {processor.py:161} INFO - Started process (PID=28633) to work on /opt/airflow/dags/tmdb_pipeline_to_stage.py
[2026-04-04T21:48:17.012+0000] {processor.py:830} INFO - Processing file /opt/airflow/dags/tmdb_pipeline_to_stage.py for tasks to queue
[2026-04-04T21:48:17.017+0000] {logging_mixin.py:188} INFO - [2026-04-04T21:48:17.015+0000] {dagbag.py:545} INFO - Filling up the DagBag from /opt/airflow/dags/tmdb_pipeline_to_stage.py
[2026-04-04T21:48:17.067+0000] {processor.py:840} INFO - DAG(s) 'tmdb_stage_pipeline' retrieved from /opt/airflow/dags/tmdb_pipeline_to_stage.py
[2026-04-04T21:48:17.117+0000] {logging_mixin.py:188} INFO - [2026-04-04T21:48:17.116+0000] {dag.py:3096} INFO - Sync 1 DAGs
[2026-04-04T21:48:17.155+0000] {logging_mixin.py:188} INFO - [2026-04-04T21:48:17.155+0000] {dag.py:3954} INFO - Setting next_dagrun for tmdb_stage_pipeline to None, run_after=None
[2026-04-04T21:48:17.185+0000] {processor.py:183} INFO - Processing /opt/airflow/dags/tmdb_pipeline_to_stage.py took 0.197 seconds
[2026-04-04T21:48:47.660+0000] {processor.py:161} INFO - Started process (PID=28653) to work on /opt/airflow/dags/tmdb_pipeline_to_stage.py
[2026-04-04T21:48:47.666+0000] {processor.py:830} INFO - Processing file /opt/airflow/dags/tmdb_pipeline_to_stage.py for tasks to queue
[2026-04-04T21:48:47.667+0000] {logging_mixin.py:188} INFO - [2026-04-04T21:48:47.666+0000] {dagbag.py:545} INFO - Filling up the DagBag from /opt/airflow/dags/tmdb_pipeline_to_stage.py
[2026-04-04T21:48:47.691+0000] {processor.py:840} INFO - DAG(s) 'tmdb_stage_pipeline' retrieved from /opt/airflow/dags/tmdb_pipeline_to_stage.py
[2026-04-04T21:48:47.757+0000] {logging_mixin.py:188} INFO - [2026-04-04T21:48:47.757+0000] {dag.py:3096} INFO - Sync 1 DAGs
[2026-04-04T21:48:47.782+0000] {logging_mixin.py:188} INFO - [2026-04-04T21:48:47.782+0000] {dag.py:3954} INFO - Setting next_dagrun for tmdb_stage_pipeline to None, run_after=None
[2026-04-04T21:48:47.804+0000] {processor.py:183} INFO - Processing /opt/airflow/dags/tmdb_pipeline_to_stage.py took 0.160 seconds
[2026-04-04T21:49:18.271+0000] {processor.py:161} INFO - Started process (PID=28673) to work on /opt/airflow/dags/tmdb_pipeline_to_stage.py
[2026-04-04T21:49:18.282+0000] {processor.py:830} INFO - Processing file /opt/airflow/dags/tmdb_pipeline_to_stage.py for tasks to queue
[2026-04-04T21:49:18.285+0000] {logging_mixin.py:188} INFO - [2026-04-04T21:49:18.285+0000] {dagbag.py:545} INFO - Filling up the DagBag from /opt/airflow/dags/tmdb_pipeline_to_stage.py
[2026-04-04T21:49:18.339+0000] {processor.py:840} INFO - DAG(s) 'tmdb_stage_pipeline' retrieved from /opt/airflow/dags/tmdb_pipeline_to_stage.py
[2026-04-04T21:49:18.389+0000] {logging_mixin.py:188} INFO - [2026-04-04T21:49:18.388+0000] {dag.py:3096} INFO - Sync 1 DAGs
[2026-04-04T21:49:18.427+0000] {logging_mixin.py:188} INFO - [2026-04-04T21:49:18.427+0000] {dag.py:3954} INFO - Setting next_dagrun for tmdb_stage_pipeline to None, run_after=None
[2026-04-04T21:49:18.449+0000] {processor.py:183} INFO - Processing /opt/airflow/dags/tmdb_pipeline_to_stage.py took 0.214 seconds
[2026-04-04T21:49:48.886+0000] {processor.py:161} INFO - Started process (PID=28693) to work on /opt/airflow/dags/tmdb_pipeline_to_stage.py
[2026-04-04T21:49:48.891+0000] {processor.py:830} INFO - Processing file /opt/airflow/dags/tmdb_pipeline_to_stage.py for tasks to queue
[2026-04-04T21:49:48.892+0000] {logging_mixin.py:188} INFO - [2026-04-04T21:49:48.892+0000] {dagbag.py:545} INFO - Filling up the DagBag from /opt/airflow/dags/tmdb_pipeline_to_stage.py
[2026-04-04T21:49:48.923+0000] {processor.py:840} INFO - DAG(s) 'tmdb_stage_pipeline' retrieved from /opt/airflow/dags/tmdb_pipeline_to_stage.py
[2026-04-04T21:49:48.983+0000] {logging_mixin.py:188} INFO - [2026-04-04T21:49:48.982+0000] {dag.py:3096} INFO - Sync 1 DAGs
[2026-04-04T21:49:49.012+0000] {logging_mixin.py:188} INFO - [2026-04-04T21:49:49.011+0000] {dag.py:3954} INFO - Setting next_dagrun for tmdb_stage_pipeline to None, run_after=None
[2026-04-04T21:49:49.034+0000] {processor.py:183} INFO - Processing /opt/airflow/dags/tmdb_pipeline_to_stage.py took 0.167 seconds
[2026-04-04T21:50:19.553+0000] {processor.py:161} INFO - Started process (PID=28713) to work on /opt/airflow/dags/tmdb_pipeline_to_stage.py
[2026-04-04T21:50:19.561+0000] {processor.py:830} INFO - Processing file /opt/airflow/dags/tmdb_pipeline_to_stage.py for tasks to queue
[2026-04-04T21:50:19.568+0000] {logging_mixin.py:188} INFO - [2026-04-04T21:50:19.566+0000] {dagbag.py:545} INFO - Filling up the DagBag from /opt/airflow/dags/tmdb_pipeline_to_stage.py
[2026-04-04T21:50:19.632+0000] {processor.py:840} INFO - DAG(s) 'tmdb_stage_pipeline' retrieved from /opt/airflow/dags/tmdb_pipeline_to_stage.py
[2026-04-04T21:50:19.730+0000] {logging_mixin.py:188} INFO - [2026-04-04T21:50:19.730+0000] {dag.py:3096} INFO - Sync 1 DAGs
[2026-04-04T21:50:19.779+0000] {logging_mixin.py:188} INFO - [2026-04-04T21:50:19.779+0000] {dag.py:3954} INFO - Setting next_dagrun for tmdb_stage_pipeline to None, run_after=None
[2026-04-04T21:50:19.817+0000] {processor.py:183} INFO - Processing /opt/airflow/dags/tmdb_pipeline_to_stage.py took 0.328 seconds
[2026-04-04T21:50:50.489+0000] {processor.py:161} INFO - Started process (PID=28733) to work on /opt/airflow/dags/tmdb_pipeline_to_stage.py
[2026-04-04T21:50:50.493+0000] {processor.py:830} INFO - Processing file /opt/airflow/dags/tmdb_pipeline_to_stage.py for tasks to queue
[2026-04-04T21:50:50.494+0000] {logging_mixin.py:188} INFO - [2026-04-04T21:50:50.493+0000] {dagbag.py:545} INFO - Filling up the DagBag from /opt/airflow/dags/tmdb_pipeline_to_stage.py
[2026-04-04T21:50:50.518+0000] {processor.py:840} INFO - DAG(s) 'tmdb_stage_pipeline' retrieved from /opt/airflow/dags/tmdb_pipeline_to_stage.py
[2026-04-04T21:50:50.569+0000] {logging_mixin.py:188} INFO - [2026-04-04T21:50:50.568+0000] {dag.py:3096} INFO - Sync 1 DAGs
[2026-04-04T21:50:50.599+0000] {logging_mixin.py:188} INFO - [2026-04-04T21:50:50.599+0000] {dag.py:3954} INFO - Setting next_dagrun for tmdb_stage_pipeline to None, run_after=None
[2026-04-04T21:50:50.626+0000] {processor.py:183} INFO - Processing /opt/airflow/dags/tmdb_pipeline_to_stage.py took 0.154 seconds
[2026-04-04T21:51:21.038+0000] {processor.py:161} INFO - Started process (PID=28753) to work on /opt/airflow/dags/tmdb_pipeline_to_stage.py
[2026-04-04T21:51:21.041+0000] {processor.py:830} INFO - Processing file /opt/airflow/dags/tmdb_pipeline_to_stage.py for tasks to queue
[2026-04-04T21:51:21.045+0000] {logging_mixin.py:188} INFO - [2026-04-04T21:51:21.043+0000] {dagbag.py:545} INFO - Filling up the DagBag from /opt/airflow/dags/tmdb_pipeline_to_stage.py
[2026-04-04T21:51:21.064+0000] {processor.py:840} INFO - DAG(s) 'tmdb_stage_pipeline' retrieved from /opt/airflow/dags/tmdb_pipeline_to_stage.py
[2026-04-04T21:51:21.107+0000] {logging_mixin.py:188} INFO - [2026-04-04T21:51:21.107+0000] {dag.py:3096} INFO - Sync 1 DAGs
[2026-04-04T21:51:21.125+0000] {logging_mixin.py:188} INFO - [2026-04-04T21:51:21.124+0000] {dag.py:3954} INFO - Setting next_dagrun for tmdb_stage_pipeline to None, run_after=None
[2026-04-04T21:51:21.146+0000] {processor.py:183} INFO - Processing /opt/airflow/dags/tmdb_pipeline_to_stage.py took 0.124 seconds
[2026-04-04T21:51:51.584+0000] {processor.py:161} INFO - Started process (PID=28773) to work on /opt/airflow/dags/tmdb_pipeline_to_stage.py
[2026-04-04T21:51:51.591+0000] {processor.py:830} INFO - Processing file /opt/airflow/dags/tmdb_pipeline_to_stage.py for tasks to queue
[2026-04-04T21:51:51.593+0000] {logging_mixin.py:188} INFO - [2026-04-04T21:51:51.592+0000] {dagbag.py:545} INFO - Filling up the DagBag from /opt/airflow/dags/tmdb_pipeline_to_stage.py
[2026-04-04T21:51:51.618+0000] {processor.py:840} INFO - DAG(s) 'tmdb_stage_pipeline' retrieved from /opt/airflow/dags/tmdb_pipeline_to_stage.py
[2026-04-04T21:51:51.659+0000] {logging_mixin.py:188} INFO - [2026-04-04T21:51:51.659+0000] {dag.py:3096} INFO - Sync 1 DAGs
[2026-04-04T21:51:51.675+0000] {logging_mixin.py:188} INFO - [2026-04-04T21:51:51.675+0000] {dag.py:3954} INFO - Setting next_dagrun for tmdb_stage_pipeline to None, run_after=None
[2026-04-04T21:51:51.689+0000] {processor.py:183} INFO - Processing /opt/airflow/dags/tmdb_pipeline_to_stage.py took 0.124 seconds
[2026-04-04T21:52:22.061+0000] {processor.py:161} INFO - Started process (PID=28793) to work on /opt/airflow/dags/tmdb_pipeline_to_stage.py
[2026-04-04T21:52:22.076+0000] {processor.py:830} INFO - Processing file /opt/airflow/dags/tmdb_pipeline_to_stage.py for tasks to queue
[2026-04-04T21:52:22.079+0000] {logging_mixin.py:188} INFO - [2026-04-04T21:52:22.078+0000] {dagbag.py:545} INFO - Filling up the DagBag from /opt/airflow/dags/tmdb_pipeline_to_stage.py
[2026-04-04T21:52:22.103+0000] {processor.py:840} INFO - DAG(s) 'tmdb_stage_pipeline' retrieved from /opt/airflow/dags/tmdb_pipeline_to_stage.py
[2026-04-04T21:52:22.147+0000] {logging_mixin.py:188} INFO - [2026-04-04T21:52:22.146+0000] {dag.py:3096} INFO - Sync 1 DAGs
[2026-04-04T21:52:22.179+0000] {logging_mixin.py:188} INFO - [2026-04-04T21:52:22.178+0000] {dag.py:3954} INFO - Setting next_dagrun for tmdb_stage_pipeline to None, run_after=None
[2026-04-04T21:52:22.195+0000] {processor.py:183} INFO - Processing /opt/airflow/dags/tmdb_pipeline_to_stage.py took 0.145 seconds
[2026-04-04T21:52:52.574+0000] {processor.py:161} INFO - Started process (PID=28813) to work on /opt/airflow/dags/tmdb_pipeline_to_stage.py
[2026-04-04T21:52:52.578+0000] {processor.py:830} INFO - Processing file /opt/airflow/dags/tmdb_pipeline_to_stage.py for tasks to queue
[2026-04-04T21:52:52.581+0000] {logging_mixin.py:188} INFO - [2026-04-04T21:52:52.580+0000] {dagbag.py:545} INFO - Filling up the DagBag from /opt/airflow/dags/tmdb_pipeline_to_stage.py
[2026-04-04T21:52:52.606+0000] {processor.py:840} INFO - DAG(s) 'tmdb_stage_pipeline' retrieved from /opt/airflow/dags/tmdb_pipeline_to_stage.py
[2026-04-04T21:52:52.639+0000] {logging_mixin.py:188} INFO - [2026-04-04T21:52:52.639+0000] {dag.py:3096} INFO - Sync 1 DAGs
[2026-04-04T21:52:52.670+0000] {logging_mixin.py:188} INFO - [2026-04-04T21:52:52.669+0000] {dag.py:3954} INFO - Setting next_dagrun for tmdb_stage_pipeline to None, run_after=None
[2026-04-04T21:52:52.688+0000] {processor.py:183} INFO - Processing /opt/airflow/dags/tmdb_pipeline_to_stage.py took 0.126 seconds
[2026-04-04T21:53:23.051+0000] {processor.py:161} INFO - Started process (PID=28833) to work on /opt/airflow/dags/tmdb_pipeline_to_stage.py
[2026-04-04T21:53:23.054+0000] {processor.py:830} INFO - Processing file /opt/airflow/dags/tmdb_pipeline_to_stage.py for tasks to queue
[2026-04-04T21:53:23.055+0000] {logging_mixin.py:188} INFO - [2026-04-04T21:53:23.054+0000] {dagbag.py:545} INFO - Filling up the DagBag from /opt/airflow/dags/tmdb_pipeline_to_stage.py
[2026-04-04T21:53:23.071+0000] {processor.py:840} INFO - DAG(s) 'tmdb_stage_pipeline' retrieved from /opt/airflow/dags/tmdb_pipeline_to_stage.py
[2026-04-04T21:53:23.114+0000] {logging_mixin.py:188} INFO - [2026-04-04T21:53:23.113+0000] {dag.py:3096} INFO - Sync 1 DAGs
[2026-04-04T21:53:23.133+0000] {logging_mixin.py:188} INFO - [2026-04-04T21:53:23.133+0000] {dag.py:3954} INFO - Setting next_dagrun for tmdb_stage_pipeline to None, run_after=None
[2026-04-04T21:53:23.151+0000] {processor.py:183} INFO - Processing /opt/airflow/dags/tmdb_pipeline_to_stage.py took 0.121 seconds
[2026-04-04T21:53:53.599+0000] {processor.py:161} INFO - Started process (PID=28853) to work on /opt/airflow/dags/tmdb_pipeline_to_stage.py
[2026-04-04T21:53:53.604+0000] {processor.py:830} INFO - Processing file /opt/airflow/dags/tmdb_pipeline_to_stage.py for tasks to queue
[2026-04-04T21:53:53.605+0000] {logging_mixin.py:188} INFO - [2026-04-04T21:53:53.605+0000] {dagbag.py:545} INFO - Filling up the DagBag from /opt/airflow/dags/tmdb_pipeline_to_stage.py
[2026-04-04T21:53:53.652+0000] {processor.py:840} INFO - DAG(s) 'tmdb_stage_pipeline' retrieved from /opt/airflow/dags/tmdb_pipeline_to_stage.py
[2026-04-04T21:53:53.714+0000] {logging_mixin.py:188} INFO - [2026-04-04T21:53:53.714+0000] {dag.py:3096} INFO - Sync 1 DAGs
[2026-04-04T21:53:53.732+0000] {logging_mixin.py:188} INFO - [2026-04-04T21:53:53.732+0000] {dag.py:3954} INFO - Setting next_dagrun for tmdb_stage_pipeline to None, run_after=None
[2026-04-04T21:53:53.750+0000] {processor.py:183} INFO - Processing /opt/airflow/dags/tmdb_pipeline_to_stage.py took 0.173 seconds
[2026-04-04T21:54:24.158+0000] {processor.py:161} INFO - Started process (PID=28873) to work on /opt/airflow/dags/tmdb_pipeline_to_stage.py
[2026-04-04T21:54:24.167+0000] {processor.py:830} INFO - Processing file /opt/airflow/dags/tmdb_pipeline_to_stage.py for tasks to queue
[2026-04-04T21:54:24.168+0000] {logging_mixin.py:188} INFO - [2026-04-04T21:54:24.168+0000] {dagbag.py:545} INFO - Filling up the DagBag from /opt/airflow/dags/tmdb_pipeline_to_stage.py
[2026-04-04T21:54:24.184+0000] {processor.py:840} INFO - DAG(s) 'tmdb_stage_pipeline' retrieved from /opt/airflow/dags/tmdb_pipeline_to_stage.py
[2026-04-04T21:54:24.233+0000] {logging_mixin.py:188} INFO - [2026-04-04T21:54:24.233+0000] {dag.py:3096} INFO - Sync 1 DAGs
[2026-04-04T21:54:24.252+0000] {logging_mixin.py:188} INFO - [2026-04-04T21:54:24.252+0000] {dag.py:3954} INFO - Setting next_dagrun for tmdb_stage_pipeline to None, run_after=None
[2026-04-04T21:54:24.268+0000] {processor.py:183} INFO - Processing /opt/airflow/dags/tmdb_pipeline_to_stage.py took 0.139 seconds
[2026-04-04T21:54:54.663+0000] {processor.py:161} INFO - Started process (PID=28893) to work on /opt/airflow/dags/tmdb_pipeline_to_stage.py
[2026-04-04T21:54:54.668+0000] {processor.py:830} INFO - Processing file /opt/airflow/dags/tmdb_pipeline_to_stage.py for tasks to queue
[2026-04-04T21:54:54.669+0000] {logging_mixin.py:188} INFO - [2026-04-04T21:54:54.669+0000] {dagbag.py:545} INFO - Filling up the DagBag from /opt/airflow/dags/tmdb_pipeline_to_stage.py
[2026-04-04T21:54:54.698+0000] {processor.py:840} INFO - DAG(s) 'tmdb_stage_pipeline' retrieved from /opt/airflow/dags/tmdb_pipeline_to_stage.py
[2026-04-04T21:54:54.736+0000] {logging_mixin.py:188} INFO - [2026-04-04T21:54:54.736+0000] {dag.py:3096} INFO - Sync 1 DAGs
[2026-04-04T21:54:54.764+0000] {logging_mixin.py:188} INFO - [2026-04-04T21:54:54.764+0000] {dag.py:3954} INFO - Setting next_dagrun for tmdb_stage_pipeline to None, run_after=None
[2026-04-04T21:54:54.780+0000] {processor.py:183} INFO - Processing /opt/airflow/dags/tmdb_pipeline_to_stage.py took 0.130 seconds
[2026-04-04T21:55:25.138+0000] {processor.py:161} INFO - Started process (PID=28913) to work on /opt/airflow/dags/tmdb_pipeline_to_stage.py
[2026-04-04T21:55:25.144+0000] {processor.py:830} INFO - Processing file /opt/airflow/dags/tmdb_pipeline_to_stage.py for tasks to queue
[2026-04-04T21:55:25.146+0000] {logging_mixin.py:188} INFO - [2026-04-04T21:55:25.145+0000] {dagbag.py:545} INFO - Filling up the DagBag from /opt/airflow/dags/tmdb_pipeline_to_stage.py
[2026-04-04T21:55:25.178+0000] {processor.py:840} INFO - DAG(s) 'tmdb_stage_pipeline' retrieved from /opt/airflow/dags/tmdb_pipeline_to_stage.py
[2026-04-04T21:55:25.242+0000] {logging_mixin.py:188} INFO - [2026-04-04T21:55:25.242+0000] {dag.py:3096} INFO - Sync 1 DAGs
[2026-04-04T21:55:25.267+0000] {logging_mixin.py:188} INFO - [2026-04-04T21:55:25.266+0000] {dag.py:3954} INFO - Setting next_dagrun for tmdb_stage_pipeline to None, run_after=None
[2026-04-04T21:55:25.293+0000] {processor.py:183} INFO - Processing /opt/airflow/dags/tmdb_pipeline_to_stage.py took 0.183 seconds
[2026-04-04T21:55:55.689+0000] {processor.py:161} INFO - Started process (PID=28933) to work on /opt/airflow/dags/tmdb_pipeline_to_stage.py
[2026-04-04T21:55:55.694+0000] {processor.py:830} INFO - Processing file /opt/airflow/dags/tmdb_pipeline_to_stage.py for tasks to queue
[2026-04-04T21:55:55.697+0000] {logging_mixin.py:188} INFO - [2026-04-04T21:55:55.696+0000] {dagbag.py:545} INFO - Filling up the DagBag from /opt/airflow/dags/tmdb_pipeline_to_stage.py
[2026-04-04T21:55:55.718+0000] {processor.py:840} INFO - DAG(s) 'tmdb_stage_pipeline' retrieved from /opt/airflow/dags/tmdb_pipeline_to_stage.py
[2026-04-04T21:55:55.775+0000] {logging_mixin.py:188} INFO - [2026-04-04T21:55:55.775+0000] {dag.py:3096} INFO - Sync 1 DAGs
[2026-04-04T21:55:55.804+0000] {logging_mixin.py:188} INFO - [2026-04-04T21:55:55.804+0000] {dag.py:3954} INFO - Setting next_dagrun for tmdb_stage_pipeline to None, run_after=None
[2026-04-04T21:55:55.824+0000] {processor.py:183} INFO - Processing /opt/airflow/dags/tmdb_pipeline_to_stage.py took 0.151 seconds
[2026-04-04T21:56:26.226+0000] {processor.py:161} INFO - Started process (PID=28953) to work on /opt/airflow/dags/tmdb_pipeline_to_stage.py
[2026-04-04T21:56:26.235+0000] {processor.py:830} INFO - Processing file /opt/airflow/dags/tmdb_pipeline_to_stage.py for tasks to queue
[2026-04-04T21:56:26.241+0000] {logging_mixin.py:188} INFO - [2026-04-04T21:56:26.238+0000] {dagbag.py:545} INFO - Filling up the DagBag from /opt/airflow/dags/tmdb_pipeline_to_stage.py
[2026-04-04T21:56:26.267+0000] {processor.py:840} INFO - DAG(s) 'tmdb_stage_pipeline' retrieved from /opt/airflow/dags/tmdb_pipeline_to_stage.py
[2026-04-04T21:56:26.322+0000] {logging_mixin.py:188} INFO - [2026-04-04T21:56:26.322+0000] {dag.py:3096} INFO - Sync 1 DAGs
[2026-04-04T21:56:26.353+0000] {logging_mixin.py:188} INFO - [2026-04-04T21:56:26.353+0000] {dag.py:3954} INFO - Setting next_dagrun for tmdb_stage_pipeline to None, run_after=None
[2026-04-04T21:56:26.384+0000] {processor.py:183} INFO - Processing /opt/airflow/dags/tmdb_pipeline_to_stage.py took 0.179 seconds
[2026-04-04T21:56:56.844+0000] {processor.py:161} INFO - Started process (PID=28973) to work on /opt/airflow/dags/tmdb_pipeline_to_stage.py
[2026-04-04T21:56:56.849+0000] {processor.py:830} INFO - Processing file /opt/airflow/dags/tmdb_pipeline_to_stage.py for tasks to queue
[2026-04-04T21:56:56.850+0000] {logging_mixin.py:188} INFO - [2026-04-04T21:56:56.849+0000] {dagbag.py:545} INFO - Filling up the DagBag from /opt/airflow/dags/tmdb_pipeline_to_stage.py
[2026-04-04T21:56:56.877+0000] {processor.py:840} INFO - DAG(s) 'tmdb_stage_pipeline' retrieved from /opt/airflow/dags/tmdb_pipeline_to_stage.py
[2026-04-04T21:56:56.924+0000] {logging_mixin.py:188} INFO - [2026-04-04T21:56:56.924+0000] {dag.py:3096} INFO - Sync 1 DAGs
[2026-04-04T21:56:56.942+0000] {logging_mixin.py:188} INFO - [2026-04-04T21:56:56.942+0000] {dag.py:3954} INFO - Setting next_dagrun for tmdb_stage_pipeline to None, run_after=None
[2026-04-04T21:56:56.970+0000] {processor.py:183} INFO - Processing /opt/airflow/dags/tmdb_pipeline_to_stage.py took 0.140 seconds
[2026-04-04T21:57:27.401+0000] {processor.py:161} INFO - Started process (PID=28993) to work on /opt/airflow/dags/tmdb_pipeline_to_stage.py
[2026-04-04T21:57:27.405+0000] {processor.py:830} INFO - Processing file /opt/airflow/dags/tmdb_pipeline_to_stage.py for tasks to queue
[2026-04-04T21:57:27.406+0000] {logging_mixin.py:188} INFO - [2026-04-04T21:57:27.406+0000] {dagbag.py:545} INFO - Filling up the DagBag from /opt/airflow/dags/tmdb_pipeline_to_stage.py
[2026-04-04T21:57:27.429+0000] {processor.py:840} INFO - DAG(s) 'tmdb_stage_pipeline' retrieved from /opt/airflow/dags/tmdb_pipeline_to_stage.py
[2026-04-04T21:57:27.490+0000] {logging_mixin.py:188} INFO - [2026-04-04T21:57:27.490+0000] {dag.py:3096} INFO - Sync 1 DAGs
[2026-04-04T21:57:27.527+0000] {logging_mixin.py:188} INFO - [2026-04-04T21:57:27.527+0000] {dag.py:3954} INFO - Setting next_dagrun for tmdb_stage_pipeline to None, run_after=None
[2026-04-04T21:57:27.560+0000] {processor.py:183} INFO - Processing /opt/airflow/dags/tmdb_pipeline_to_stage.py took 0.173 seconds
[2026-04-04T21:57:58.064+0000] {processor.py:161} INFO - Started process (PID=29013) to work on /opt/airflow/dags/tmdb_pipeline_to_stage.py
[2026-04-04T21:57:58.070+0000] {processor.py:830} INFO - Processing file /opt/airflow/dags/tmdb_pipeline_to_stage.py for tasks to queue
[2026-04-04T21:57:58.078+0000] {logging_mixin.py:188} INFO - [2026-04-04T21:57:58.071+0000] {dagbag.py:545} INFO - Filling up the DagBag from /opt/airflow/dags/tmdb_pipeline_to_stage.py
[2026-04-04T21:57:58.108+0000] {processor.py:840} INFO - DAG(s) 'tmdb_stage_pipeline' retrieved from /opt/airflow/dags/tmdb_pipeline_to_stage.py
[2026-04-04T21:57:58.195+0000] {logging_mixin.py:188} INFO - [2026-04-04T21:57:58.195+0000] {dag.py:3096} INFO - Sync 1 DAGs
[2026-04-04T21:57:58.225+0000] {logging_mixin.py:188} INFO - [2026-04-04T21:57:58.225+0000] {dag.py:3954} INFO - Setting next_dagrun for tmdb_stage_pipeline to None, run_after=None
[2026-04-04T21:57:58.246+0000] {processor.py:183} INFO - Processing /opt/airflow/dags/tmdb_pipeline_to_stage.py took 0.207 seconds
[2026-04-04T21:58:28.950+0000] {processor.py:161} INFO - Started process (PID=29033) to work on /opt/airflow/dags/tmdb_pipeline_to_stage.py
[2026-04-04T21:58:28.957+0000] {processor.py:830} INFO - Processing file /opt/airflow/dags/tmdb_pipeline_to_stage.py for tasks to queue
[2026-04-04T21:58:28.959+0000] {logging_mixin.py:188} INFO - [2026-04-04T21:58:28.958+0000] {dagbag.py:545} INFO - Filling up the DagBag from /opt/airflow/dags/tmdb_pipeline_to_stage.py
[2026-04-04T21:58:28.989+0000] {processor.py:840} INFO - DAG(s) 'tmdb_stage_pipeline' retrieved from /opt/airflow/dags/tmdb_pipeline_to_stage.py
[2026-04-04T21:58:29.056+0000] {logging_mixin.py:188} INFO - [2026-04-04T21:58:29.056+0000] {dag.py:3096} INFO - Sync 1 DAGs
[2026-04-04T21:58:29.084+0000] {logging_mixin.py:188} INFO - [2026-04-04T21:58:29.084+0000] {dag.py:3954} INFO - Setting next_dagrun for tmdb_stage_pipeline to None, run_after=None
[2026-04-04T21:58:29.114+0000] {processor.py:183} INFO - Processing /opt/airflow/dags/tmdb_pipeline_to_stage.py took 0.182 seconds
[2026-04-04T21:58:59.483+0000] {processor.py:161} INFO - Started process (PID=29053) to work on /opt/airflow/dags/tmdb_pipeline_to_stage.py
[2026-04-04T21:58:59.487+0000] {processor.py:830} INFO - Processing file /opt/airflow/dags/tmdb_pipeline_to_stage.py for tasks to queue
[2026-04-04T21:58:59.488+0000] {logging_mixin.py:188} INFO - [2026-04-04T21:58:59.487+0000] {dagbag.py:545} INFO - Filling up the DagBag from /opt/airflow/dags/tmdb_pipeline_to_stage.py
[2026-04-04T21:58:59.521+0000] {processor.py:840} INFO - DAG(s) 'tmdb_stage_pipeline' retrieved from /opt/airflow/dags/tmdb_pipeline_to_stage.py
[2026-04-04T21:58:59.575+0000] {logging_mixin.py:188} INFO - [2026-04-04T21:58:59.575+0000] {dag.py:3096} INFO - Sync 1 DAGs
[2026-04-04T21:58:59.601+0000] {logging_mixin.py:188} INFO - [2026-04-04T21:58:59.601+0000] {dag.py:3954} INFO - Setting next_dagrun for tmdb_stage_pipeline to None, run_after=None
[2026-04-04T21:58:59.622+0000] {processor.py:183} INFO - Processing /opt/airflow/dags/tmdb_pipeline_to_stage.py took 0.149 seconds
[2026-04-04T21:59:30.003+0000] {processor.py:161} INFO - Started process (PID=29073) to work on /opt/airflow/dags/tmdb_pipeline_to_stage.py
[2026-04-04T21:59:30.007+0000] {processor.py:830} INFO - Processing file /opt/airflow/dags/tmdb_pipeline_to_stage.py for tasks to queue
[2026-04-04T21:59:30.009+0000] {logging_mixin.py:188} INFO - [2026-04-04T21:59:30.008+0000] {dagbag.py:545} INFO - Filling up the DagBag from /opt/airflow/dags/tmdb_pipeline_to_stage.py
[2026-04-04T21:59:30.029+0000] {processor.py:840} INFO - DAG(s) 'tmdb_stage_pipeline' retrieved from /opt/airflow/dags/tmdb_pipeline_to_stage.py
[2026-04-04T21:59:30.062+0000] {logging_mixin.py:188} INFO - [2026-04-04T21:59:30.062+0000] {dag.py:3096} INFO - Sync 1 DAGs
[2026-04-04T21:59:30.079+0000] {logging_mixin.py:188} INFO - [2026-04-04T21:59:30.078+0000] {dag.py:3954} INFO - Setting next_dagrun for tmdb_stage_pipeline to None, run_after=None
[2026-04-04T21:59:30.094+0000] {processor.py:183} INFO - Processing /opt/airflow/dags/tmdb_pipeline_to_stage.py took 0.103 seconds
[2026-04-04T22:00:00.523+0000] {processor.py:161} INFO - Started process (PID=29093) to work on /opt/airflow/dags/tmdb_pipeline_to_stage.py
[2026-04-04T22:00:00.527+0000] {processor.py:830} INFO - Processing file /opt/airflow/dags/tmdb_pipeline_to_stage.py for tasks to queue
[2026-04-04T22:00:00.528+0000] {logging_mixin.py:188} INFO - [2026-04-04T22:00:00.527+0000] {dagbag.py:545} INFO - Filling up the DagBag from /opt/airflow/dags/tmdb_pipeline_to_stage.py
[2026-04-04T22:00:00.551+0000] {processor.py:840} INFO - DAG(s) 'tmdb_stage_pipeline' retrieved from /opt/airflow/dags/tmdb_pipeline_to_stage.py
[2026-04-04T22:00:00.598+0000] {logging_mixin.py:188} INFO - [2026-04-04T22:00:00.597+0000] {dag.py:3096} INFO - Sync 1 DAGs
[2026-04-04T22:00:00.615+0000] {logging_mixin.py:188} INFO - [2026-04-04T22:00:00.615+0000] {dag.py:3954} INFO - Setting next_dagrun for tmdb_stage_pipeline to None, run_after=None
[2026-04-04T22:00:00.635+0000] {processor.py:183} INFO - Processing /opt/airflow/dags/tmdb_pipeline_to_stage.py took 0.132 seconds
[2026-04-04T22:00:31.004+0000] {processor.py:161} INFO - Started process (PID=29113) to work on /opt/airflow/dags/tmdb_pipeline_to_stage.py
[2026-04-04T22:00:31.009+0000] {processor.py:830} INFO - Processing file /opt/airflow/dags/tmdb_pipeline_to_stage.py for tasks to queue
[2026-04-04T22:00:31.011+0000] {logging_mixin.py:188} INFO - [2026-04-04T22:00:31.010+0000] {dagbag.py:545} INFO - Filling up the DagBag from /opt/airflow/dags/tmdb_pipeline_to_stage.py
[2026-04-04T22:00:31.046+0000] {processor.py:840} INFO - DAG(s) 'tmdb_stage_pipeline' retrieved from /opt/airflow/dags/tmdb_pipeline_to_stage.py
[2026-04-04T22:00:31.095+0000] {logging_mixin.py:188} INFO - [2026-04-04T22:00:31.095+0000] {dag.py:3096} INFO - Sync 1 DAGs
[2026-04-04T22:00:31.108+0000] {logging_mixin.py:188} INFO - [2026-04-04T22:00:31.108+0000] {dag.py:3954} INFO - Setting next_dagrun for tmdb_stage_pipeline to None, run_after=None
[2026-04-04T22:00:31.126+0000] {processor.py:183} INFO - Processing /opt/airflow/dags/tmdb_pipeline_to_stage.py took 0.139 seconds
[2026-04-04T22:01:01.500+0000] {processor.py:161} INFO - Started process (PID=29133) to work on /opt/airflow/dags/tmdb_pipeline_to_stage.py
[2026-04-04T22:01:01.507+0000] {processor.py:830} INFO - Processing file /opt/airflow/dags/tmdb_pipeline_to_stage.py for tasks to queue
[2026-04-04T22:01:01.508+0000] {logging_mixin.py:188} INFO - [2026-04-04T22:01:01.508+0000] {dagbag.py:545} INFO - Filling up the DagBag from /opt/airflow/dags/tmdb_pipeline_to_stage.py
[2026-04-04T22:01:01.528+0000] {processor.py:840} INFO - DAG(s) 'tmdb_stage_pipeline' retrieved from /opt/airflow/dags/tmdb_pipeline_to_stage.py
[2026-04-04T22:01:01.567+0000] {logging_mixin.py:188} INFO - [2026-04-04T22:01:01.567+0000] {dag.py:3096} INFO - Sync 1 DAGs
[2026-04-04T22:01:01.591+0000] {logging_mixin.py:188} INFO - [2026-04-04T22:01:01.591+0000] {dag.py:3954} INFO - Setting next_dagrun for tmdb_stage_pipeline to None, run_after=None
[2026-04-04T22:01:01.607+0000] {processor.py:183} INFO - Processing /opt/airflow/dags/tmdb_pipeline_to_stage.py took 0.119 seconds
[2026-04-04T22:01:32.056+0000] {processor.py:161} INFO - Started process (PID=29153) to work on /opt/airflow/dags/tmdb_pipeline_to_stage.py
[2026-04-04T22:01:32.060+0000] {processor.py:830} INFO - Processing file /opt/airflow/dags/tmdb_pipeline_to_stage.py for tasks to queue
[2026-04-04T22:01:32.062+0000] {logging_mixin.py:188} INFO - [2026-04-04T22:01:32.061+0000] {dagbag.py:545} INFO - Filling up the DagBag from /opt/airflow/dags/tmdb_pipeline_to_stage.py
[2026-04-04T22:01:32.084+0000] {processor.py:840} INFO - DAG(s) 'tmdb_stage_pipeline' retrieved from /opt/airflow/dags/tmdb_pipeline_to_stage.py
[2026-04-04T22:01:32.121+0000] {logging_mixin.py:188} INFO - [2026-04-04T22:01:32.121+0000] {dag.py:3096} INFO - Sync 1 DAGs
[2026-04-04T22:01:32.137+0000] {logging_mixin.py:188} INFO - [2026-04-04T22:01:32.137+0000] {dag.py:3954} INFO - Setting next_dagrun for tmdb_stage_pipeline to None, run_after=None
[2026-04-04T22:01:32.158+0000] {processor.py:183} INFO - Processing /opt/airflow/dags/tmdb_pipeline_to_stage.py took 0.114 seconds
[2026-04-04T22:02:02.552+0000] {processor.py:161} INFO - Started process (PID=29173) to work on /opt/airflow/dags/tmdb_pipeline_to_stage.py
[2026-04-04T22:02:02.555+0000] {processor.py:830} INFO - Processing file /opt/airflow/dags/tmdb_pipeline_to_stage.py for tasks to queue
[2026-04-04T22:02:02.557+0000] {logging_mixin.py:188} INFO - [2026-04-04T22:02:02.556+0000] {dagbag.py:545} INFO - Filling up the DagBag from /opt/airflow/dags/tmdb_pipeline_to_stage.py
[2026-04-04T22:02:02.572+0000] {processor.py:840} INFO - DAG(s) 'tmdb_stage_pipeline' retrieved from /opt/airflow/dags/tmdb_pipeline_to_stage.py
[2026-04-04T22:02:02.610+0000] {logging_mixin.py:188} INFO - [2026-04-04T22:02:02.610+0000] {dag.py:3096} INFO - Sync 1 DAGs
[2026-04-04T22:02:02.627+0000] {logging_mixin.py:188} INFO - [2026-04-04T22:02:02.626+0000] {dag.py:3954} INFO - Setting next_dagrun for tmdb_stage_pipeline to None, run_after=None
[2026-04-04T22:02:02.643+0000] {processor.py:183} INFO - Processing /opt/airflow/dags/tmdb_pipeline_to_stage.py took 0.103 seconds
[2026-04-04T22:02:33.170+0000] {processor.py:161} INFO - Started process (PID=29193) to work on /opt/airflow/dags/tmdb_pipeline_to_stage.py
[2026-04-04T22:02:33.176+0000] {processor.py:830} INFO - Processing file /opt/airflow/dags/tmdb_pipeline_to_stage.py for tasks to queue
[2026-04-04T22:02:33.180+0000] {logging_mixin.py:188} INFO - [2026-04-04T22:02:33.179+0000] {dagbag.py:545} INFO - Filling up the DagBag from /opt/airflow/dags/tmdb_pipeline_to_stage.py
[2026-04-04T22:02:33.213+0000] {processor.py:840} INFO - DAG(s) 'tmdb_stage_pipeline' retrieved from /opt/airflow/dags/tmdb_pipeline_to_stage.py
[2026-04-04T22:02:33.278+0000] {logging_mixin.py:188} INFO - [2026-04-04T22:02:33.277+0000] {dag.py:3096} INFO - Sync 1 DAGs
[2026-04-04T22:02:33.307+0000] {logging_mixin.py:188} INFO - [2026-04-04T22:02:33.307+0000] {dag.py:3954} INFO - Setting next_dagrun for tmdb_stage_pipeline to None, run_after=None
[2026-04-04T22:02:33.332+0000] {processor.py:183} INFO - Processing /opt/airflow/dags/tmdb_pipeline_to_stage.py took 0.182 seconds
[2026-04-04T22:03:03.859+0000] {processor.py:161} INFO - Started process (PID=29213) to work on /opt/airflow/dags/tmdb_pipeline_to_stage.py
[2026-04-04T22:03:03.864+0000] {processor.py:830} INFO - Processing file /opt/airflow/dags/tmdb_pipeline_to_stage.py for tasks to queue
[2026-04-04T22:03:03.866+0000] {logging_mixin.py:188} INFO - [2026-04-04T22:03:03.866+0000] {dagbag.py:545} INFO - Filling up the DagBag from /opt/airflow/dags/tmdb_pipeline_to_stage.py
[2026-04-04T22:03:03.898+0000] {processor.py:840} INFO - DAG(s) 'tmdb_stage_pipeline' retrieved from /opt/airflow/dags/tmdb_pipeline_to_stage.py
[2026-04-04T22:03:03.932+0000] {logging_mixin.py:188} INFO - [2026-04-04T22:03:03.932+0000] {dag.py:3096} INFO - Sync 1 DAGs
[2026-04-04T22:03:03.953+0000] {logging_mixin.py:188} INFO - [2026-04-04T22:03:03.953+0000] {dag.py:3954} INFO - Setting next_dagrun for tmdb_stage_pipeline to None, run_after=None
[2026-04-04T22:03:03.985+0000] {processor.py:183} INFO - Processing /opt/airflow/dags/tmdb_pipeline_to_stage.py took 0.140 seconds
[2026-04-04T22:03:34.816+0000] {processor.py:161} INFO - Started process (PID=29233) to work on /opt/airflow/dags/tmdb_pipeline_to_stage.py
[2026-04-04T22:03:34.823+0000] {processor.py:830} INFO - Processing file /opt/airflow/dags/tmdb_pipeline_to_stage.py for tasks to queue
[2026-04-04T22:03:34.826+0000] {logging_mixin.py:188} INFO - [2026-04-04T22:03:34.825+0000] {dagbag.py:545} INFO - Filling up the DagBag from /opt/airflow/dags/tmdb_pipeline_to_stage.py
[2026-04-04T22:03:34.908+0000] {processor.py:840} INFO - DAG(s) 'tmdb_stage_pipeline' retrieved from /opt/airflow/dags/tmdb_pipeline_to_stage.py
[2026-04-04T22:03:34.988+0000] {logging_mixin.py:188} INFO - [2026-04-04T22:03:34.988+0000] {dag.py:3096} INFO - Sync 1 DAGs
[2026-04-04T22:03:35.023+0000] {logging_mixin.py:188} INFO - [2026-04-04T22:03:35.023+0000] {dag.py:3954} INFO - Setting next_dagrun for tmdb_stage_pipeline to None, run_after=None
[2026-04-04T22:03:35.057+0000] {processor.py:183} INFO - Processing /opt/airflow/dags/tmdb_pipeline_to_stage.py took 0.294 seconds
[2026-04-04T22:04:05.523+0000] {processor.py:161} INFO - Started process (PID=29253) to work on /opt/airflow/dags/tmdb_pipeline_to_stage.py
[2026-04-04T22:04:05.529+0000] {processor.py:830} INFO - Processing file /opt/airflow/dags/tmdb_pipeline_to_stage.py for tasks to queue
[2026-04-04T22:04:05.531+0000] {logging_mixin.py:188} INFO - [2026-04-04T22:04:05.530+0000] {dagbag.py:545} INFO - Filling up the DagBag from /opt/airflow/dags/tmdb_pipeline_to_stage.py
[2026-04-04T22:04:05.557+0000] {processor.py:840} INFO - DAG(s) 'tmdb_stage_pipeline' retrieved from /opt/airflow/dags/tmdb_pipeline_to_stage.py
[2026-04-04T22:04:05.623+0000] {logging_mixin.py:188} INFO - [2026-04-04T22:04:05.623+0000] {dag.py:3096} INFO - Sync 1 DAGs
[2026-04-04T22:04:05.647+0000] {logging_mixin.py:188} INFO - [2026-04-04T22:04:05.647+0000] {dag.py:3954} INFO - Setting next_dagrun for tmdb_stage_pipeline to None, run_after=None
[2026-04-04T22:04:05.672+0000] {processor.py:183} INFO - Processing /opt/airflow/dags/tmdb_pipeline_to_stage.py took 0.174 seconds
[2026-04-04T22:04:36.099+0000] {processor.py:161} INFO - Started process (PID=29273) to work on /opt/airflow/dags/tmdb_pipeline_to_stage.py
[2026-04-04T22:04:36.105+0000] {processor.py:830} INFO - Processing file /opt/airflow/dags/tmdb_pipeline_to_stage.py for tasks to queue
[2026-04-04T22:04:36.107+0000] {logging_mixin.py:188} INFO - [2026-04-04T22:04:36.107+0000] {dagbag.py:545} INFO - Filling up the DagBag from /opt/airflow/dags/tmdb_pipeline_to_stage.py
[2026-04-04T22:04:36.155+0000] {processor.py:840} INFO - DAG(s) 'tmdb_stage_pipeline' retrieved from /opt/airflow/dags/tmdb_pipeline_to_stage.py
[2026-04-04T22:04:36.214+0000] {logging_mixin.py:188} INFO - [2026-04-04T22:04:36.214+0000] {dag.py:3096} INFO - Sync 1 DAGs
[2026-04-04T22:04:36.233+0000] {logging_mixin.py:188} INFO - [2026-04-04T22:04:36.233+0000] {dag.py:3954} INFO - Setting next_dagrun for tmdb_stage_pipeline to None, run_after=None
[2026-04-04T22:04:36.253+0000] {processor.py:183} INFO - Processing /opt/airflow/dags/tmdb_pipeline_to_stage.py took 0.168 seconds
[2026-04-04T22:05:06.688+0000] {processor.py:161} INFO - Started process (PID=29293) to work on /opt/airflow/dags/tmdb_pipeline_to_stage.py
[2026-04-04T22:05:06.694+0000] {processor.py:830} INFO - Processing file /opt/airflow/dags/tmdb_pipeline_to_stage.py for tasks to queue
[2026-04-04T22:05:06.697+0000] {logging_mixin.py:188} INFO - [2026-04-04T22:05:06.697+0000] {dagbag.py:545} INFO - Filling up the DagBag from /opt/airflow/dags/tmdb_pipeline_to_stage.py
[2026-04-04T22:05:06.720+0000] {processor.py:840} INFO - DAG(s) 'tmdb_stage_pipeline' retrieved from /opt/airflow/dags/tmdb_pipeline_to_stage.py
[2026-04-04T22:05:06.775+0000] {logging_mixin.py:188} INFO - [2026-04-04T22:05:06.775+0000] {dag.py:3096} INFO - Sync 1 DAGs
[2026-04-04T22:05:06.803+0000] {logging_mixin.py:188} INFO - [2026-04-04T22:05:06.802+0000] {dag.py:3954} INFO - Setting next_dagrun for tmdb_stage_pipeline to None, run_after=None
[2026-04-04T22:05:06.823+0000] {processor.py:183} INFO - Processing /opt/airflow/dags/tmdb_pipeline_to_stage.py took 0.154 seconds
[2026-04-04T22:05:37.324+0000] {processor.py:161} INFO - Started process (PID=29313) to work on /opt/airflow/dags/tmdb_pipeline_to_stage.py
[2026-04-04T22:05:37.329+0000] {processor.py:830} INFO - Processing file /opt/airflow/dags/tmdb_pipeline_to_stage.py for tasks to queue
[2026-04-04T22:05:37.331+0000] {logging_mixin.py:188} INFO - [2026-04-04T22:05:37.330+0000] {dagbag.py:545} INFO - Filling up the DagBag from /opt/airflow/dags/tmdb_pipeline_to_stage.py
[2026-04-04T22:05:37.363+0000] {processor.py:840} INFO - DAG(s) 'tmdb_stage_pipeline' retrieved from /opt/airflow/dags/tmdb_pipeline_to_stage.py
[2026-04-04T22:05:37.409+0000] {logging_mixin.py:188} INFO - [2026-04-04T22:05:37.409+0000] {dag.py:3096} INFO - Sync 1 DAGs
[2026-04-04T22:05:37.430+0000] {logging_mixin.py:188} INFO - [2026-04-04T22:05:37.429+0000] {dag.py:3954} INFO - Setting next_dagrun for tmdb_stage_pipeline to None, run_after=None
[2026-04-04T22:05:37.450+0000] {processor.py:183} INFO - Processing /opt/airflow/dags/tmdb_pipeline_to_stage.py took 0.158 seconds
[2026-04-04T22:06:07.991+0000] {processor.py:161} INFO - Started process (PID=29333) to work on /opt/airflow/dags/tmdb_pipeline_to_stage.py
[2026-04-04T22:06:07.995+0000] {processor.py:830} INFO - Processing file /opt/airflow/dags/tmdb_pipeline_to_stage.py for tasks to queue
[2026-04-04T22:06:07.998+0000] {logging_mixin.py:188} INFO - [2026-04-04T22:06:07.998+0000] {dagbag.py:545} INFO - Filling up the DagBag from /opt/airflow/dags/tmdb_pipeline_to_stage.py
[2026-04-04T22:06:08.019+0000] {processor.py:840} INFO - DAG(s) 'tmdb_stage_pipeline' retrieved from /opt/airflow/dags/tmdb_pipeline_to_stage.py
[2026-04-04T22:06:08.077+0000] {logging_mixin.py:188} INFO - [2026-04-04T22:06:08.076+0000] {dag.py:3096} INFO - Sync 1 DAGs
[2026-04-04T22:06:08.111+0000] {logging_mixin.py:188} INFO - [2026-04-04T22:06:08.107+0000] {dag.py:3954} INFO - Setting next_dagrun for tmdb_stage_pipeline to None, run_after=None
[2026-04-04T22:06:08.133+0000] {processor.py:183} INFO - Processing /opt/airflow/dags/tmdb_pipeline_to_stage.py took 0.176 seconds
[2026-04-04T22:06:38.577+0000] {processor.py:161} INFO - Started process (PID=29353) to work on /opt/airflow/dags/tmdb_pipeline_to_stage.py
[2026-04-04T22:06:38.582+0000] {processor.py:830} INFO - Processing file /opt/airflow/dags/tmdb_pipeline_to_stage.py for tasks to queue
[2026-04-04T22:06:38.584+0000] {logging_mixin.py:188} INFO - [2026-04-04T22:06:38.584+0000] {dagbag.py:545} INFO - Filling up the DagBag from /opt/airflow/dags/tmdb_pipeline_to_stage.py
[2026-04-04T22:06:38.614+0000] {processor.py:840} INFO - DAG(s) 'tmdb_stage_pipeline' retrieved from /opt/airflow/dags/tmdb_pipeline_to_stage.py
[2026-04-04T22:06:38.668+0000] {logging_mixin.py:188} INFO - [2026-04-04T22:06:38.668+0000] {dag.py:3096} INFO - Sync 1 DAGs
[2026-04-04T22:06:38.688+0000] {logging_mixin.py:188} INFO - [2026-04-04T22:06:38.688+0000] {dag.py:3954} INFO - Setting next_dagrun for tmdb_stage_pipeline to None, run_after=None
[2026-04-04T22:06:38.708+0000] {processor.py:183} INFO - Processing /opt/airflow/dags/tmdb_pipeline_to_stage.py took 0.161 seconds
[2026-04-04T22:07:09.115+0000] {processor.py:161} INFO - Started process (PID=29373) to work on /opt/airflow/dags/tmdb_pipeline_to_stage.py
[2026-04-04T22:07:09.119+0000] {processor.py:830} INFO - Processing file /opt/airflow/dags/tmdb_pipeline_to_stage.py for tasks to queue
[2026-04-04T22:07:09.120+0000] {logging_mixin.py:188} INFO - [2026-04-04T22:07:09.120+0000] {dagbag.py:545} INFO - Filling up the DagBag from /opt/airflow/dags/tmdb_pipeline_to_stage.py
[2026-04-04T22:07:09.139+0000] {processor.py:840} INFO - DAG(s) 'tmdb_stage_pipeline' retrieved from /opt/airflow/dags/tmdb_pipeline_to_stage.py
[2026-04-04T22:07:09.189+0000] {logging_mixin.py:188} INFO - [2026-04-04T22:07:09.189+0000] {dag.py:3096} INFO - Sync 1 DAGs
[2026-04-04T22:07:09.211+0000] {logging_mixin.py:188} INFO - [2026-04-04T22:07:09.211+0000] {dag.py:3954} INFO - Setting next_dagrun for tmdb_stage_pipeline to None, run_after=None
[2026-04-04T22:07:09.233+0000] {processor.py:183} INFO - Processing /opt/airflow/dags/tmdb_pipeline_to_stage.py took 0.127 seconds
[2026-04-04T22:07:39.692+0000] {processor.py:161} INFO - Started process (PID=29393) to work on /opt/airflow/dags/tmdb_pipeline_to_stage.py
[2026-04-04T22:07:39.696+0000] {processor.py:830} INFO - Processing file /opt/airflow/dags/tmdb_pipeline_to_stage.py for tasks to queue
[2026-04-04T22:07:39.697+0000] {logging_mixin.py:188} INFO - [2026-04-04T22:07:39.697+0000] {dagbag.py:545} INFO - Filling up the DagBag from /opt/airflow/dags/tmdb_pipeline_to_stage.py
[2026-04-04T22:07:39.725+0000] {processor.py:840} INFO - DAG(s) 'tmdb_stage_pipeline' retrieved from /opt/airflow/dags/tmdb_pipeline_to_stage.py
[2026-04-04T22:07:39.762+0000] {logging_mixin.py:188} INFO - [2026-04-04T22:07:39.762+0000] {dag.py:3096} INFO - Sync 1 DAGs
[2026-04-04T22:07:39.781+0000] {logging_mixin.py:188} INFO - [2026-04-04T22:07:39.781+0000] {dag.py:3954} INFO - Setting next_dagrun for tmdb_stage_pipeline to None, run_after=None
[2026-04-04T22:07:39.797+0000] {processor.py:183} INFO - Processing /opt/airflow/dags/tmdb_pipeline_to_stage.py took 0.119 seconds
[2026-04-04T22:08:10.261+0000] {processor.py:161} INFO - Started process (PID=29413) to work on /opt/airflow/dags/tmdb_pipeline_to_stage.py
[2026-04-04T22:08:10.273+0000] {processor.py:830} INFO - Processing file /opt/airflow/dags/tmdb_pipeline_to_stage.py for tasks to queue
[2026-04-04T22:08:10.275+0000] {logging_mixin.py:188} INFO - [2026-04-04T22:08:10.274+0000] {dagbag.py:545} INFO - Filling up the DagBag from /opt/airflow/dags/tmdb_pipeline_to_stage.py
[2026-04-04T22:08:10.299+0000] {processor.py:840} INFO - DAG(s) 'tmdb_stage_pipeline' retrieved from /opt/airflow/dags/tmdb_pipeline_to_stage.py
[2026-04-04T22:08:10.351+0000] {logging_mixin.py:188} INFO - [2026-04-04T22:08:10.351+0000] {dag.py:3096} INFO - Sync 1 DAGs
[2026-04-04T22:08:10.372+0000] {logging_mixin.py:188} INFO - [2026-04-04T22:08:10.372+0000] {dag.py:3954} INFO - Setting next_dagrun for tmdb_stage_pipeline to None, run_after=None
[2026-04-04T22:08:10.388+0000] {processor.py:183} INFO - Processing /opt/airflow/dags/tmdb_pipeline_to_stage.py took 0.154 seconds
[2026-04-04T22:08:40.890+0000] {processor.py:161} INFO - Started process (PID=29433) to work on /opt/airflow/dags/tmdb_pipeline_to_stage.py
[2026-04-04T22:08:40.898+0000] {processor.py:830} INFO - Processing file /opt/airflow/dags/tmdb_pipeline_to_stage.py for tasks to queue
[2026-04-04T22:08:40.902+0000] {logging_mixin.py:188} INFO - [2026-04-04T22:08:40.899+0000] {dagbag.py:545} INFO - Filling up the DagBag from /opt/airflow/dags/tmdb_pipeline_to_stage.py
[2026-04-04T22:08:40.926+0000] {processor.py:840} INFO - DAG(s) 'tmdb_stage_pipeline' retrieved from /opt/airflow/dags/tmdb_pipeline_to_stage.py
[2026-04-04T22:08:40.973+0000] {logging_mixin.py:188} INFO - [2026-04-04T22:08:40.973+0000] {dag.py:3096} INFO - Sync 1 DAGs
[2026-04-04T22:08:40.994+0000] {logging_mixin.py:188} INFO - [2026-04-04T22:08:40.994+0000] {dag.py:3954} INFO - Setting next_dagrun for tmdb_stage_pipeline to None, run_after=None
[2026-04-04T22:08:41.012+0000] {processor.py:183} INFO - Processing /opt/airflow/dags/tmdb_pipeline_to_stage.py took 0.137 seconds
[2026-04-04T22:09:11.393+0000] {processor.py:161} INFO - Started process (PID=29453) to work on /opt/airflow/dags/tmdb_pipeline_to_stage.py
[2026-04-04T22:09:11.398+0000] {processor.py:830} INFO - Processing file /opt/airflow/dags/tmdb_pipeline_to_stage.py for tasks to queue
[2026-04-04T22:09:11.400+0000] {logging_mixin.py:188} INFO - [2026-04-04T22:09:11.400+0000] {dagbag.py:545} INFO - Filling up the DagBag from /opt/airflow/dags/tmdb_pipeline_to_stage.py
[2026-04-04T22:09:11.420+0000] {processor.py:840} INFO - DAG(s) 'tmdb_stage_pipeline' retrieved from /opt/airflow/dags/tmdb_pipeline_to_stage.py
[2026-04-04T22:09:11.455+0000] {logging_mixin.py:188} INFO - [2026-04-04T22:09:11.455+0000] {dag.py:3096} INFO - Sync 1 DAGs
[2026-04-04T22:09:11.478+0000] {logging_mixin.py:188} INFO - [2026-04-04T22:09:11.478+0000] {dag.py:3954} INFO - Setting next_dagrun for tmdb_stage_pipeline to None, run_after=None
[2026-04-04T22:09:11.497+0000] {processor.py:183} INFO - Processing /opt/airflow/dags/tmdb_pipeline_to_stage.py took 0.123 seconds
[2026-04-04T22:09:42.078+0000] {processor.py:161} INFO - Started process (PID=29473) to work on /opt/airflow/dags/tmdb_pipeline_to_stage.py
[2026-04-04T22:09:42.084+0000] {processor.py:830} INFO - Processing file /opt/airflow/dags/tmdb_pipeline_to_stage.py for tasks to queue
[2026-04-04T22:09:42.085+0000] {logging_mixin.py:188} INFO - [2026-04-04T22:09:42.084+0000] {dagbag.py:545} INFO - Filling up the DagBag from /opt/airflow/dags/tmdb_pipeline_to_stage.py
[2026-04-04T22:09:42.103+0000] {processor.py:840} INFO - DAG(s) 'tmdb_stage_pipeline' retrieved from /opt/airflow/dags/tmdb_pipeline_to_stage.py
[2026-04-04T22:09:42.134+0000] {logging_mixin.py:188} INFO - [2026-04-04T22:09:42.133+0000] {dag.py:3096} INFO - Sync 1 DAGs
[2026-04-04T22:09:42.146+0000] {logging_mixin.py:188} INFO - [2026-04-04T22:09:42.146+0000] {dag.py:3954} INFO - Setting next_dagrun for tmdb_stage_pipeline to None, run_after=None
[2026-04-04T22:09:42.162+0000] {processor.py:183} INFO - Processing /opt/airflow/dags/tmdb_pipeline_to_stage.py took 0.096 seconds
[2026-04-04T22:10:12.537+0000] {processor.py:161} INFO - Started process (PID=29493) to work on /opt/airflow/dags/tmdb_pipeline_to_stage.py
[2026-04-04T22:10:12.542+0000] {processor.py:830} INFO - Processing file /opt/airflow/dags/tmdb_pipeline_to_stage.py for tasks to queue
[2026-04-04T22:10:12.543+0000] {logging_mixin.py:188} INFO - [2026-04-04T22:10:12.543+0000] {dagbag.py:545} INFO - Filling up the DagBag from /opt/airflow/dags/tmdb_pipeline_to_stage.py
[2026-04-04T22:10:12.561+0000] {processor.py:840} INFO - DAG(s) 'tmdb_stage_pipeline' retrieved from /opt/airflow/dags/tmdb_pipeline_to_stage.py
[2026-04-04T22:10:12.590+0000] {logging_mixin.py:188} INFO - [2026-04-04T22:10:12.590+0000] {dag.py:3096} INFO - Sync 1 DAGs
[2026-04-04T22:10:12.619+0000] {logging_mixin.py:188} INFO - [2026-04-04T22:10:12.619+0000] {dag.py:3954} INFO - Setting next_dagrun for tmdb_stage_pipeline to None, run_after=None
[2026-04-04T22:10:12.637+0000] {processor.py:183} INFO - Processing /opt/airflow/dags/tmdb_pipeline_to_stage.py took 0.113 seconds
[2026-04-04T22:10:43.107+0000] {processor.py:161} INFO - Started process (PID=29513) to work on /opt/airflow/dags/tmdb_pipeline_to_stage.py
[2026-04-04T22:10:43.113+0000] {processor.py:830} INFO - Processing file /opt/airflow/dags/tmdb_pipeline_to_stage.py for tasks to queue
[2026-04-04T22:10:43.115+0000] {logging_mixin.py:188} INFO - [2026-04-04T22:10:43.115+0000] {dagbag.py:545} INFO - Filling up the DagBag from /opt/airflow/dags/tmdb_pipeline_to_stage.py
[2026-04-04T22:10:43.148+0000] {processor.py:840} INFO - DAG(s) 'tmdb_stage_pipeline' retrieved from /opt/airflow/dags/tmdb_pipeline_to_stage.py
[2026-04-04T22:10:43.222+0000] {logging_mixin.py:188} INFO - [2026-04-04T22:10:43.222+0000] {dag.py:3096} INFO - Sync 1 DAGs
[2026-04-04T22:10:43.241+0000] {logging_mixin.py:188} INFO - [2026-04-04T22:10:43.241+0000] {dag.py:3954} INFO - Setting next_dagrun for tmdb_stage_pipeline to None, run_after=None
[2026-04-04T22:10:43.332+0000] {processor.py:183} INFO - Processing /opt/airflow/dags/tmdb_pipeline_to_stage.py took 0.249 seconds
[2026-04-04T22:11:13.745+0000] {processor.py:161} INFO - Started process (PID=29533) to work on /opt/airflow/dags/tmdb_pipeline_to_stage.py
[2026-04-04T22:11:13.751+0000] {processor.py:830} INFO - Processing file /opt/airflow/dags/tmdb_pipeline_to_stage.py for tasks to queue
[2026-04-04T22:11:13.752+0000] {logging_mixin.py:188} INFO - [2026-04-04T22:11:13.751+0000] {dagbag.py:545} INFO - Filling up the DagBag from /opt/airflow/dags/tmdb_pipeline_to_stage.py
[2026-04-04T22:11:13.779+0000] {processor.py:840} INFO - DAG(s) 'tmdb_stage_pipeline' retrieved from /opt/airflow/dags/tmdb_pipeline_to_stage.py
[2026-04-04T22:11:13.831+0000] {logging_mixin.py:188} INFO - [2026-04-04T22:11:13.830+0000] {dag.py:3096} INFO - Sync 1 DAGs
[2026-04-04T22:11:13.857+0000] {logging_mixin.py:188} INFO - [2026-04-04T22:11:13.857+0000] {dag.py:3954} INFO - Setting next_dagrun for tmdb_stage_pipeline to None, run_after=None
[2026-04-04T22:11:13.880+0000] {processor.py:183} INFO - Processing /opt/airflow/dags/tmdb_pipeline_to_stage.py took 0.160 seconds
[2026-04-04T22:11:44.362+0000] {processor.py:161} INFO - Started process (PID=29553) to work on /opt/airflow/dags/tmdb_pipeline_to_stage.py
[2026-04-04T22:11:44.366+0000] {processor.py:830} INFO - Processing file /opt/airflow/dags/tmdb_pipeline_to_stage.py for tasks to queue
[2026-04-04T22:11:44.373+0000] {logging_mixin.py:188} INFO - [2026-04-04T22:11:44.369+0000] {dagbag.py:545} INFO - Filling up the DagBag from /opt/airflow/dags/tmdb_pipeline_to_stage.py
[2026-04-04T22:11:44.408+0000] {processor.py:840} INFO - DAG(s) 'tmdb_stage_pipeline' retrieved from /opt/airflow/dags/tmdb_pipeline_to_stage.py
[2026-04-04T22:11:44.444+0000] {logging_mixin.py:188} INFO - [2026-04-04T22:11:44.444+0000] {dag.py:3096} INFO - Sync 1 DAGs
[2026-04-04T22:11:44.459+0000] {logging_mixin.py:188} INFO - [2026-04-04T22:11:44.459+0000] {dag.py:3954} INFO - Setting next_dagrun for tmdb_stage_pipeline to None, run_after=None
[2026-04-04T22:11:44.478+0000] {processor.py:183} INFO - Processing /opt/airflow/dags/tmdb_pipeline_to_stage.py took 0.136 seconds
[2026-04-04T22:12:14.843+0000] {processor.py:161} INFO - Started process (PID=29573) to work on /opt/airflow/dags/tmdb_pipeline_to_stage.py
[2026-04-04T22:12:14.848+0000] {processor.py:830} INFO - Processing file /opt/airflow/dags/tmdb_pipeline_to_stage.py for tasks to queue
[2026-04-04T22:12:14.851+0000] {logging_mixin.py:188} INFO - [2026-04-04T22:12:14.850+0000] {dagbag.py:545} INFO - Filling up the DagBag from /opt/airflow/dags/tmdb_pipeline_to_stage.py
[2026-04-04T22:12:14.887+0000] {processor.py:840} INFO - DAG(s) 'tmdb_stage_pipeline' retrieved from /opt/airflow/dags/tmdb_pipeline_to_stage.py
[2026-04-04T22:12:14.938+0000] {logging_mixin.py:188} INFO - [2026-04-04T22:12:14.938+0000] {dag.py:3096} INFO - Sync 1 DAGs
[2026-04-04T22:12:14.958+0000] {logging_mixin.py:188} INFO - [2026-04-04T22:12:14.958+0000] {dag.py:3954} INFO - Setting next_dagrun for tmdb_stage_pipeline to None, run_after=None
[2026-04-04T22:12:14.978+0000] {processor.py:183} INFO - Processing /opt/airflow/dags/tmdb_pipeline_to_stage.py took 0.151 seconds
[2026-04-04T22:12:45.455+0000] {processor.py:161} INFO - Started process (PID=29593) to work on /opt/airflow/dags/tmdb_pipeline_to_stage.py
[2026-04-04T22:12:45.460+0000] {processor.py:830} INFO - Processing file /opt/airflow/dags/tmdb_pipeline_to_stage.py for tasks to queue
[2026-04-04T22:12:45.463+0000] {logging_mixin.py:188} INFO - [2026-04-04T22:12:45.462+0000] {dagbag.py:545} INFO - Filling up the DagBag from /opt/airflow/dags/tmdb_pipeline_to_stage.py
[2026-04-04T22:12:45.493+0000] {processor.py:840} INFO - DAG(s) 'tmdb_stage_pipeline' retrieved from /opt/airflow/dags/tmdb_pipeline_to_stage.py
[2026-04-04T22:12:45.533+0000] {logging_mixin.py:188} INFO - [2026-04-04T22:12:45.533+0000] {dag.py:3096} INFO - Sync 1 DAGs
[2026-04-04T22:12:45.558+0000] {logging_mixin.py:188} INFO - [2026-04-04T22:12:45.558+0000] {dag.py:3954} INFO - Setting next_dagrun for tmdb_stage_pipeline to None, run_after=None
[2026-04-04T22:12:45.587+0000] {processor.py:183} INFO - Processing /opt/airflow/dags/tmdb_pipeline_to_stage.py took 0.147 seconds
[2026-04-04T22:13:16.058+0000] {processor.py:161} INFO - Started process (PID=29613) to work on /opt/airflow/dags/tmdb_pipeline_to_stage.py
[2026-04-04T22:13:16.063+0000] {processor.py:830} INFO - Processing file /opt/airflow/dags/tmdb_pipeline_to_stage.py for tasks to queue
[2026-04-04T22:13:16.066+0000] {logging_mixin.py:188} INFO - [2026-04-04T22:13:16.066+0000] {dagbag.py:545} INFO - Filling up the DagBag from /opt/airflow/dags/tmdb_pipeline_to_stage.py
[2026-04-04T22:13:16.104+0000] {processor.py:840} INFO - DAG(s) 'tmdb_stage_pipeline' retrieved from /opt/airflow/dags/tmdb_pipeline_to_stage.py
[2026-04-04T22:13:16.159+0000] {logging_mixin.py:188} INFO - [2026-04-04T22:13:16.159+0000] {dag.py:3096} INFO - Sync 1 DAGs
[2026-04-04T22:13:16.181+0000] {logging_mixin.py:188} INFO - [2026-04-04T22:13:16.181+0000] {dag.py:3954} INFO - Setting next_dagrun for tmdb_stage_pipeline to None, run_after=None
[2026-04-04T22:13:16.201+0000] {processor.py:183} INFO - Processing /opt/airflow/dags/tmdb_pipeline_to_stage.py took 0.184 seconds
[2026-04-04T22:13:46.704+0000] {processor.py:161} INFO - Started process (PID=29633) to work on /opt/airflow/dags/tmdb_pipeline_to_stage.py
[2026-04-04T22:13:46.711+0000] {processor.py:830} INFO - Processing file /opt/airflow/dags/tmdb_pipeline_to_stage.py for tasks to queue
[2026-04-04T22:13:46.713+0000] {logging_mixin.py:188} INFO - [2026-04-04T22:13:46.712+0000] {dagbag.py:545} INFO - Filling up the DagBag from /opt/airflow/dags/tmdb_pipeline_to_stage.py
[2026-04-04T22:13:46.737+0000] {processor.py:840} INFO - DAG(s) 'tmdb_stage_pipeline' retrieved from /opt/airflow/dags/tmdb_pipeline_to_stage.py
[2026-04-04T22:13:46.769+0000] {logging_mixin.py:188} INFO - [2026-04-04T22:13:46.769+0000] {dag.py:3096} INFO - Sync 1 DAGs
[2026-04-04T22:13:46.784+0000] {logging_mixin.py:188} INFO - [2026-04-04T22:13:46.784+0000] {dag.py:3954} INFO - Setting next_dagrun for tmdb_stage_pipeline to None, run_after=None
[2026-04-04T22:13:46.799+0000] {processor.py:183} INFO - Processing /opt/airflow/dags/tmdb_pipeline_to_stage.py took 0.116 seconds
[2026-04-04T22:14:17.214+0000] {processor.py:161} INFO - Started process (PID=29653) to work on /opt/airflow/dags/tmdb_pipeline_to_stage.py
[2026-04-04T22:14:17.218+0000] {processor.py:830} INFO - Processing file /opt/airflow/dags/tmdb_pipeline_to_stage.py for tasks to queue
[2026-04-04T22:14:17.220+0000] {logging_mixin.py:188} INFO - [2026-04-04T22:14:17.220+0000] {dagbag.py:545} INFO - Filling up the DagBag from /opt/airflow/dags/tmdb_pipeline_to_stage.py
[2026-04-04T22:14:17.249+0000] {processor.py:840} INFO - DAG(s) 'tmdb_stage_pipeline' retrieved from /opt/airflow/dags/tmdb_pipeline_to_stage.py
[2026-04-04T22:14:17.277+0000] {logging_mixin.py:188} INFO - [2026-04-04T22:14:17.277+0000] {dag.py:3096} INFO - Sync 1 DAGs
[2026-04-04T22:14:17.293+0000] {logging_mixin.py:188} INFO - [2026-04-04T22:14:17.293+0000] {dag.py:3954} INFO - Setting next_dagrun for tmdb_stage_pipeline to None, run_after=None
[2026-04-04T22:14:17.308+0000] {processor.py:183} INFO - Processing /opt/airflow/dags/tmdb_pipeline_to_stage.py took 0.107 seconds
[2026-04-04T22:14:47.724+0000] {processor.py:161} INFO - Started process (PID=29673) to work on /opt/airflow/dags/tmdb_pipeline_to_stage.py
[2026-04-04T22:14:47.729+0000] {processor.py:830} INFO - Processing file /opt/airflow/dags/tmdb_pipeline_to_stage.py for tasks to queue
[2026-04-04T22:14:47.731+0000] {logging_mixin.py:188} INFO - [2026-04-04T22:14:47.730+0000] {dagbag.py:545} INFO - Filling up the DagBag from /opt/airflow/dags/tmdb_pipeline_to_stage.py
[2026-04-04T22:14:47.748+0000] {processor.py:840} INFO - DAG(s) 'tmdb_stage_pipeline' retrieved from /opt/airflow/dags/tmdb_pipeline_to_stage.py
[2026-04-04T22:14:47.776+0000] {logging_mixin.py:188} INFO - [2026-04-04T22:14:47.776+0000] {dag.py:3096} INFO - Sync 1 DAGs
[2026-04-04T22:14:47.796+0000] {logging_mixin.py:188} INFO - [2026-04-04T22:14:47.796+0000] {dag.py:3954} INFO - Setting next_dagrun for tmdb_stage_pipeline to None, run_after=None
[2026-04-04T22:14:47.814+0000] {processor.py:183} INFO - Processing /opt/airflow/dags/tmdb_pipeline_to_stage.py took 0.099 seconds
[2026-04-04T22:15:18.208+0000] {processor.py:161} INFO - Started process (PID=29693) to work on /opt/airflow/dags/tmdb_pipeline_to_stage.py
[2026-04-04T22:15:18.212+0000] {processor.py:830} INFO - Processing file /opt/airflow/dags/tmdb_pipeline_to_stage.py for tasks to queue
[2026-04-04T22:15:18.214+0000] {logging_mixin.py:188} INFO - [2026-04-04T22:15:18.214+0000] {dagbag.py:545} INFO - Filling up the DagBag from /opt/airflow/dags/tmdb_pipeline_to_stage.py
[2026-04-04T22:15:18.227+0000] {processor.py:840} INFO - DAG(s) 'tmdb_stage_pipeline' retrieved from /opt/airflow/dags/tmdb_pipeline_to_stage.py
[2026-04-04T22:15:18.273+0000] {logging_mixin.py:188} INFO - [2026-04-04T22:15:18.273+0000] {dag.py:3096} INFO - Sync 1 DAGs
[2026-04-04T22:15:18.300+0000] {logging_mixin.py:188} INFO - [2026-04-04T22:15:18.300+0000] {dag.py:3954} INFO - Setting next_dagrun for tmdb_stage_pipeline to None, run_after=None
[2026-04-04T22:15:18.316+0000] {processor.py:183} INFO - Processing /opt/airflow/dags/tmdb_pipeline_to_stage.py took 0.125 seconds
[2026-04-04T22:15:48.719+0000] {processor.py:161} INFO - Started process (PID=29713) to work on /opt/airflow/dags/tmdb_pipeline_to_stage.py
[2026-04-04T22:15:48.722+0000] {processor.py:830} INFO - Processing file /opt/airflow/dags/tmdb_pipeline_to_stage.py for tasks to queue
[2026-04-04T22:15:48.724+0000] {logging_mixin.py:188} INFO - [2026-04-04T22:15:48.723+0000] {dagbag.py:545} INFO - Filling up the DagBag from /opt/airflow/dags/tmdb_pipeline_to_stage.py
[2026-04-04T22:15:48.751+0000] {processor.py:840} INFO - DAG(s) 'tmdb_stage_pipeline' retrieved from /opt/airflow/dags/tmdb_pipeline_to_stage.py
[2026-04-04T22:15:48.781+0000] {logging_mixin.py:188} INFO - [2026-04-04T22:15:48.781+0000] {dag.py:3096} INFO - Sync 1 DAGs
[2026-04-04T22:15:48.805+0000] {logging_mixin.py:188} INFO - [2026-04-04T22:15:48.804+0000] {dag.py:3954} INFO - Setting next_dagrun for tmdb_stage_pipeline to None, run_after=None
[2026-04-04T22:15:48.824+0000] {processor.py:183} INFO - Processing /opt/airflow/dags/tmdb_pipeline_to_stage.py took 0.120 seconds
[2026-04-04T22:16:19.245+0000] {processor.py:161} INFO - Started process (PID=29733) to work on /opt/airflow/dags/tmdb_pipeline_to_stage.py
[2026-04-04T22:16:19.249+0000] {processor.py:830} INFO - Processing file /opt/airflow/dags/tmdb_pipeline_to_stage.py for tasks to queue
[2026-04-04T22:16:19.251+0000] {logging_mixin.py:188} INFO - [2026-04-04T22:16:19.250+0000] {dagbag.py:545} INFO - Filling up the DagBag from /opt/airflow/dags/tmdb_pipeline_to_stage.py
[2026-04-04T22:16:19.287+0000] {processor.py:840} INFO - DAG(s) 'tmdb_stage_pipeline' retrieved from /opt/airflow/dags/tmdb_pipeline_to_stage.py
[2026-04-04T22:16:19.634+0000] {logging_mixin.py:188} INFO - [2026-04-04T22:16:19.633+0000] {dag.py:3096} INFO - Sync 1 DAGs
[2026-04-04T22:16:19.745+0000] {logging_mixin.py:188} INFO - [2026-04-04T22:16:19.744+0000] {dag.py:3954} INFO - Setting next_dagrun for tmdb_stage_pipeline to None, run_after=None
[2026-04-04T22:16:19.839+0000] {processor.py:183} INFO - Processing /opt/airflow/dags/tmdb_pipeline_to_stage.py took 0.627 seconds
[2026-04-04T22:16:50.542+0000] {processor.py:161} INFO - Started process (PID=29753) to work on /opt/airflow/dags/tmdb_pipeline_to_stage.py
[2026-04-04T22:16:50.549+0000] {processor.py:830} INFO - Processing file /opt/airflow/dags/tmdb_pipeline_to_stage.py for tasks to queue
[2026-04-04T22:16:50.551+0000] {logging_mixin.py:188} INFO - [2026-04-04T22:16:50.550+0000] {dagbag.py:545} INFO - Filling up the DagBag from /opt/airflow/dags/tmdb_pipeline_to_stage.py
[2026-04-04T22:16:50.582+0000] {processor.py:840} INFO - DAG(s) 'tmdb_stage_pipeline' retrieved from /opt/airflow/dags/tmdb_pipeline_to_stage.py
[2026-04-04T22:16:50.625+0000] {logging_mixin.py:188} INFO - [2026-04-04T22:16:50.625+0000] {dag.py:3096} INFO - Sync 1 DAGs
[2026-04-04T22:16:50.639+0000] {logging_mixin.py:188} INFO - [2026-04-04T22:16:50.639+0000] {dag.py:3954} INFO - Setting next_dagrun for tmdb_stage_pipeline to None, run_after=None
[2026-04-04T22:16:50.665+0000] {processor.py:183} INFO - Processing /opt/airflow/dags/tmdb_pipeline_to_stage.py took 0.142 seconds
[2026-04-04T22:17:21.180+0000] {processor.py:161} INFO - Started process (PID=29773) to work on /opt/airflow/dags/tmdb_pipeline_to_stage.py
[2026-04-04T22:17:21.186+0000] {processor.py:830} INFO - Processing file /opt/airflow/dags/tmdb_pipeline_to_stage.py for tasks to queue
[2026-04-04T22:17:21.187+0000] {logging_mixin.py:188} INFO - [2026-04-04T22:17:21.187+0000] {dagbag.py:545} INFO - Filling up the DagBag from /opt/airflow/dags/tmdb_pipeline_to_stage.py
[2026-04-04T22:17:21.206+0000] {processor.py:840} INFO - DAG(s) 'tmdb_stage_pipeline' retrieved from /opt/airflow/dags/tmdb_pipeline_to_stage.py
[2026-04-04T22:17:21.259+0000] {logging_mixin.py:188} INFO - [2026-04-04T22:17:21.259+0000] {dag.py:3096} INFO - Sync 1 DAGs
[2026-04-04T22:17:21.275+0000] {logging_mixin.py:188} INFO - [2026-04-04T22:17:21.274+0000] {dag.py:3954} INFO - Setting next_dagrun for tmdb_stage_pipeline to None, run_after=None
[2026-04-04T22:17:21.287+0000] {processor.py:183} INFO - Processing /opt/airflow/dags/tmdb_pipeline_to_stage.py took 0.122 seconds
[2026-04-04T22:17:51.629+0000] {processor.py:161} INFO - Started process (PID=29793) to work on /opt/airflow/dags/tmdb_pipeline_to_stage.py
[2026-04-04T22:17:51.635+0000] {processor.py:830} INFO - Processing file /opt/airflow/dags/tmdb_pipeline_to_stage.py for tasks to queue
[2026-04-04T22:17:51.638+0000] {logging_mixin.py:188} INFO - [2026-04-04T22:17:51.637+0000] {dagbag.py:545} INFO - Filling up the DagBag from /opt/airflow/dags/tmdb_pipeline_to_stage.py
[2026-04-04T22:17:51.664+0000] {processor.py:840} INFO - DAG(s) 'tmdb_stage_pipeline' retrieved from /opt/airflow/dags/tmdb_pipeline_to_stage.py
[2026-04-04T22:17:51.695+0000] {logging_mixin.py:188} INFO - [2026-04-04T22:17:51.695+0000] {dag.py:3096} INFO - Sync 1 DAGs
[2026-04-04T22:17:51.720+0000] {logging_mixin.py:188} INFO - [2026-04-04T22:17:51.720+0000] {dag.py:3954} INFO - Setting next_dagrun for tmdb_stage_pipeline to None, run_after=None
[2026-04-04T22:17:51.739+0000] {processor.py:183} INFO - Processing /opt/airflow/dags/tmdb_pipeline_to_stage.py took 0.121 seconds
[2026-04-04T22:18:22.195+0000] {processor.py:161} INFO - Started process (PID=29813) to work on /opt/airflow/dags/tmdb_pipeline_to_stage.py
[2026-04-04T22:18:22.200+0000] {processor.py:830} INFO - Processing file /opt/airflow/dags/tmdb_pipeline_to_stage.py for tasks to queue
[2026-04-04T22:18:22.201+0000] {logging_mixin.py:188} INFO - [2026-04-04T22:18:22.201+0000] {dagbag.py:545} INFO - Filling up the DagBag from /opt/airflow/dags/tmdb_pipeline_to_stage.py
[2026-04-04T22:18:22.242+0000] {processor.py:840} INFO - DAG(s) 'tmdb_stage_pipeline' retrieved from /opt/airflow/dags/tmdb_pipeline_to_stage.py
[2026-04-04T22:18:22.286+0000] {logging_mixin.py:188} INFO - [2026-04-04T22:18:22.286+0000] {dag.py:3096} INFO - Sync 1 DAGs
[2026-04-04T22:18:22.306+0000] {logging_mixin.py:188} INFO - [2026-04-04T22:18:22.306+0000] {dag.py:3954} INFO - Setting next_dagrun for tmdb_stage_pipeline to None, run_after=None
[2026-04-04T22:18:22.337+0000] {processor.py:183} INFO - Processing /opt/airflow/dags/tmdb_pipeline_to_stage.py took 0.155 seconds
[2026-04-04T22:18:52.738+0000] {processor.py:161} INFO - Started process (PID=29833) to work on /opt/airflow/dags/tmdb_pipeline_to_stage.py
[2026-04-04T22:18:52.744+0000] {processor.py:830} INFO - Processing file /opt/airflow/dags/tmdb_pipeline_to_stage.py for tasks to queue
[2026-04-04T22:18:52.746+0000] {logging_mixin.py:188} INFO - [2026-04-04T22:18:52.745+0000] {dagbag.py:545} INFO - Filling up the DagBag from /opt/airflow/dags/tmdb_pipeline_to_stage.py
[2026-04-04T22:18:52.769+0000] {processor.py:840} INFO - DAG(s) 'tmdb_stage_pipeline' retrieved from /opt/airflow/dags/tmdb_pipeline_to_stage.py
[2026-04-04T22:18:52.811+0000] {logging_mixin.py:188} INFO - [2026-04-04T22:18:52.811+0000] {dag.py:3096} INFO - Sync 1 DAGs
[2026-04-04T22:18:52.836+0000] {logging_mixin.py:188} INFO - [2026-04-04T22:18:52.836+0000] {dag.py:3954} INFO - Setting next_dagrun for tmdb_stage_pipeline to None, run_after=None
[2026-04-04T22:18:52.870+0000] {processor.py:183} INFO - Processing /opt/airflow/dags/tmdb_pipeline_to_stage.py took 0.155 seconds
[2026-04-04T22:19:23.239+0000] {processor.py:161} INFO - Started process (PID=29853) to work on /opt/airflow/dags/tmdb_pipeline_to_stage.py
[2026-04-04T22:19:23.242+0000] {processor.py:830} INFO - Processing file /opt/airflow/dags/tmdb_pipeline_to_stage.py for tasks to queue
[2026-04-04T22:19:23.244+0000] {logging_mixin.py:188} INFO - [2026-04-04T22:19:23.244+0000] {dagbag.py:545} INFO - Filling up the DagBag from /opt/airflow/dags/tmdb_pipeline_to_stage.py
[2026-04-04T22:19:23.261+0000] {processor.py:840} INFO - DAG(s) 'tmdb_stage_pipeline' retrieved from /opt/airflow/dags/tmdb_pipeline_to_stage.py
[2026-04-04T22:19:23.303+0000] {logging_mixin.py:188} INFO - [2026-04-04T22:19:23.303+0000] {dag.py:3096} INFO - Sync 1 DAGs
[2026-04-04T22:19:23.324+0000] {logging_mixin.py:188} INFO - [2026-04-04T22:19:23.324+0000] {dag.py:3954} INFO - Setting next_dagrun for tmdb_stage_pipeline to None, run_after=None
[2026-04-04T22:19:23.342+0000] {processor.py:183} INFO - Processing /opt/airflow/dags/tmdb_pipeline_to_stage.py took 0.115 seconds
[2026-04-04T22:19:53.740+0000] {processor.py:161} INFO - Started process (PID=29873) to work on /opt/airflow/dags/tmdb_pipeline_to_stage.py
[2026-04-04T22:19:53.746+0000] {processor.py:830} INFO - Processing file /opt/airflow/dags/tmdb_pipeline_to_stage.py for tasks to queue
[2026-04-04T22:19:53.747+0000] {logging_mixin.py:188} INFO - [2026-04-04T22:19:53.747+0000] {dagbag.py:545} INFO - Filling up the DagBag from /opt/airflow/dags/tmdb_pipeline_to_stage.py
[2026-04-04T22:19:53.765+0000] {processor.py:840} INFO - DAG(s) 'tmdb_stage_pipeline' retrieved from /opt/airflow/dags/tmdb_pipeline_to_stage.py
[2026-04-04T22:19:53.814+0000] {logging_mixin.py:188} INFO - [2026-04-04T22:19:53.813+0000] {dag.py:3096} INFO - Sync 1 DAGs
[2026-04-04T22:19:53.839+0000] {logging_mixin.py:188} INFO - [2026-04-04T22:19:53.839+0000] {dag.py:3954} INFO - Setting next_dagrun for tmdb_stage_pipeline to None, run_after=None
[2026-04-04T22:19:53.861+0000] {processor.py:183} INFO - Processing /opt/airflow/dags/tmdb_pipeline_to_stage.py took 0.130 seconds
[2026-04-04T22:20:24.325+0000] {processor.py:161} INFO - Started process (PID=29893) to work on /opt/airflow/dags/tmdb_pipeline_to_stage.py
[2026-04-04T22:20:24.332+0000] {processor.py:830} INFO - Processing file /opt/airflow/dags/tmdb_pipeline_to_stage.py for tasks to queue
[2026-04-04T22:20:24.335+0000] {logging_mixin.py:188} INFO - [2026-04-04T22:20:24.334+0000] {dagbag.py:545} INFO - Filling up the DagBag from /opt/airflow/dags/tmdb_pipeline_to_stage.py
[2026-04-04T22:20:24.353+0000] {processor.py:840} INFO - DAG(s) 'tmdb_stage_pipeline' retrieved from /opt/airflow/dags/tmdb_pipeline_to_stage.py
[2026-04-04T22:20:24.412+0000] {logging_mixin.py:188} INFO - [2026-04-04T22:20:24.412+0000] {dag.py:3096} INFO - Sync 1 DAGs
[2026-04-04T22:20:24.436+0000] {logging_mixin.py:188} INFO - [2026-04-04T22:20:24.436+0000] {dag.py:3954} INFO - Setting next_dagrun for tmdb_stage_pipeline to None, run_after=None
[2026-04-04T22:20:24.458+0000] {processor.py:183} INFO - Processing /opt/airflow/dags/tmdb_pipeline_to_stage.py took 0.156 seconds
[2026-04-04T22:20:54.852+0000] {processor.py:161} INFO - Started process (PID=29913) to work on /opt/airflow/dags/tmdb_pipeline_to_stage.py
[2026-04-04T22:20:54.859+0000] {processor.py:830} INFO - Processing file /opt/airflow/dags/tmdb_pipeline_to_stage.py for tasks to queue
[2026-04-04T22:20:54.861+0000] {logging_mixin.py:188} INFO - [2026-04-04T22:20:54.860+0000] {dagbag.py:545} INFO - Filling up the DagBag from /opt/airflow/dags/tmdb_pipeline_to_stage.py
[2026-04-04T22:20:54.890+0000] {processor.py:840} INFO - DAG(s) 'tmdb_stage_pipeline' retrieved from /opt/airflow/dags/tmdb_pipeline_to_stage.py
[2026-04-04T22:20:54.923+0000] {logging_mixin.py:188} INFO - [2026-04-04T22:20:54.923+0000] {dag.py:3096} INFO - Sync 1 DAGs
[2026-04-04T22:20:54.955+0000] {logging_mixin.py:188} INFO - [2026-04-04T22:20:54.955+0000] {dag.py:3954} INFO - Setting next_dagrun for tmdb_stage_pipeline to None, run_after=None
[2026-04-04T22:20:54.975+0000] {processor.py:183} INFO - Processing /opt/airflow/dags/tmdb_pipeline_to_stage.py took 0.135 seconds
[2026-04-04T22:21:25.432+0000] {processor.py:161} INFO - Started process (PID=29933) to work on /opt/airflow/dags/tmdb_pipeline_to_stage.py
[2026-04-04T22:21:25.437+0000] {processor.py:830} INFO - Processing file /opt/airflow/dags/tmdb_pipeline_to_stage.py for tasks to queue
[2026-04-04T22:21:25.438+0000] {logging_mixin.py:188} INFO - [2026-04-04T22:21:25.437+0000] {dagbag.py:545} INFO - Filling up the DagBag from /opt/airflow/dags/tmdb_pipeline_to_stage.py
[2026-04-04T22:21:25.453+0000] {processor.py:840} INFO - DAG(s) 'tmdb_stage_pipeline' retrieved from /opt/airflow/dags/tmdb_pipeline_to_stage.py
[2026-04-04T22:21:25.483+0000] {logging_mixin.py:188} INFO - [2026-04-04T22:21:25.483+0000] {dag.py:3096} INFO - Sync 1 DAGs
[2026-04-04T22:21:25.509+0000] {logging_mixin.py:188} INFO - [2026-04-04T22:21:25.509+0000] {dag.py:3954} INFO - Setting next_dagrun for tmdb_stage_pipeline to None, run_after=None
[2026-04-04T22:21:25.526+0000] {processor.py:183} INFO - Processing /opt/airflow/dags/tmdb_pipeline_to_stage.py took 0.119 seconds
[2026-04-04T22:21:55.876+0000] {processor.py:161} INFO - Started process (PID=29953) to work on /opt/airflow/dags/tmdb_pipeline_to_stage.py
[2026-04-04T22:21:55.881+0000] {processor.py:830} INFO - Processing file /opt/airflow/dags/tmdb_pipeline_to_stage.py for tasks to queue
[2026-04-04T22:21:55.888+0000] {logging_mixin.py:188} INFO - [2026-04-04T22:21:55.884+0000] {dagbag.py:545} INFO - Filling up the DagBag from /opt/airflow/dags/tmdb_pipeline_to_stage.py
[2026-04-04T22:21:55.907+0000] {processor.py:840} INFO - DAG(s) 'tmdb_stage_pipeline' retrieved from /opt/airflow/dags/tmdb_pipeline_to_stage.py
[2026-04-04T22:21:55.948+0000] {logging_mixin.py:188} INFO - [2026-04-04T22:21:55.947+0000] {dag.py:3096} INFO - Sync 1 DAGs
[2026-04-04T22:21:55.969+0000] {logging_mixin.py:188} INFO - [2026-04-04T22:21:55.968+0000] {dag.py:3954} INFO - Setting next_dagrun for tmdb_stage_pipeline to None, run_after=None
[2026-04-04T22:21:56.008+0000] {processor.py:183} INFO - Processing /opt/airflow/dags/tmdb_pipeline_to_stage.py took 0.150 seconds
[2026-04-04T22:22:26.497+0000] {processor.py:161} INFO - Started process (PID=29973) to work on /opt/airflow/dags/tmdb_pipeline_to_stage.py
[2026-04-04T22:22:26.504+0000] {processor.py:830} INFO - Processing file /opt/airflow/dags/tmdb_pipeline_to_stage.py for tasks to queue
[2026-04-04T22:22:26.506+0000] {logging_mixin.py:188} INFO - [2026-04-04T22:22:26.505+0000] {dagbag.py:545} INFO - Filling up the DagBag from /opt/airflow/dags/tmdb_pipeline_to_stage.py
[2026-04-04T22:22:26.535+0000] {processor.py:840} INFO - DAG(s) 'tmdb_stage_pipeline' retrieved from /opt/airflow/dags/tmdb_pipeline_to_stage.py
[2026-04-04T22:22:26.581+0000] {logging_mixin.py:188} INFO - [2026-04-04T22:22:26.581+0000] {dag.py:3096} INFO - Sync 1 DAGs
[2026-04-04T22:22:26.598+0000] {logging_mixin.py:188} INFO - [2026-04-04T22:22:26.598+0000] {dag.py:3954} INFO - Setting next_dagrun for tmdb_stage_pipeline to None, run_after=None
[2026-04-04T22:22:26.616+0000] {processor.py:183} INFO - Processing /opt/airflow/dags/tmdb_pipeline_to_stage.py took 0.129 seconds
[2026-04-04T22:22:57.006+0000] {processor.py:161} INFO - Started process (PID=29993) to work on /opt/airflow/dags/tmdb_pipeline_to_stage.py
[2026-04-04T22:22:57.011+0000] {processor.py:830} INFO - Processing file /opt/airflow/dags/tmdb_pipeline_to_stage.py for tasks to queue
[2026-04-04T22:22:57.013+0000] {logging_mixin.py:188} INFO - [2026-04-04T22:22:57.013+0000] {dagbag.py:545} INFO - Filling up the DagBag from /opt/airflow/dags/tmdb_pipeline_to_stage.py
[2026-04-04T22:22:57.036+0000] {processor.py:840} INFO - DAG(s) 'tmdb_stage_pipeline' retrieved from /opt/airflow/dags/tmdb_pipeline_to_stage.py
[2026-04-04T22:22:57.087+0000] {logging_mixin.py:188} INFO - [2026-04-04T22:22:57.086+0000] {dag.py:3096} INFO - Sync 1 DAGs
[2026-04-04T22:22:57.108+0000] {logging_mixin.py:188} INFO - [2026-04-04T22:22:57.107+0000] {dag.py:3954} INFO - Setting next_dagrun for tmdb_stage_pipeline to None, run_after=None
[2026-04-04T22:22:57.124+0000] {processor.py:183} INFO - Processing /opt/airflow/dags/tmdb_pipeline_to_stage.py took 0.134 seconds
[2026-04-04T22:23:27.576+0000] {processor.py:161} INFO - Started process (PID=30013) to work on /opt/airflow/dags/tmdb_pipeline_to_stage.py
[2026-04-04T22:23:27.580+0000] {processor.py:830} INFO - Processing file /opt/airflow/dags/tmdb_pipeline_to_stage.py for tasks to queue
[2026-04-04T22:23:27.584+0000] {logging_mixin.py:188} INFO - [2026-04-04T22:23:27.582+0000] {dagbag.py:545} INFO - Filling up the DagBag from /opt/airflow/dags/tmdb_pipeline_to_stage.py
[2026-04-04T22:23:27.614+0000] {processor.py:840} INFO - DAG(s) 'tmdb_stage_pipeline' retrieved from /opt/airflow/dags/tmdb_pipeline_to_stage.py
[2026-04-04T22:23:27.658+0000] {logging_mixin.py:188} INFO - [2026-04-04T22:23:27.658+0000] {dag.py:3096} INFO - Sync 1 DAGs
[2026-04-04T22:23:27.684+0000] {logging_mixin.py:188} INFO - [2026-04-04T22:23:27.684+0000] {dag.py:3954} INFO - Setting next_dagrun for tmdb_stage_pipeline to None, run_after=None
[2026-04-04T22:23:27.705+0000] {processor.py:183} INFO - Processing /opt/airflow/dags/tmdb_pipeline_to_stage.py took 0.154 seconds
[2026-04-04T22:23:58.150+0000] {processor.py:161} INFO - Started process (PID=30033) to work on /opt/airflow/dags/tmdb_pipeline_to_stage.py
[2026-04-04T22:23:58.158+0000] {processor.py:830} INFO - Processing file /opt/airflow/dags/tmdb_pipeline_to_stage.py for tasks to queue
[2026-04-04T22:23:58.160+0000] {logging_mixin.py:188} INFO - [2026-04-04T22:23:58.159+0000] {dagbag.py:545} INFO - Filling up the DagBag from /opt/airflow/dags/tmdb_pipeline_to_stage.py
[2026-04-04T22:23:58.186+0000] {processor.py:840} INFO - DAG(s) 'tmdb_stage_pipeline' retrieved from /opt/airflow/dags/tmdb_pipeline_to_stage.py
[2026-04-04T22:23:58.236+0000] {logging_mixin.py:188} INFO - [2026-04-04T22:23:58.236+0000] {dag.py:3096} INFO - Sync 1 DAGs
[2026-04-04T22:23:58.265+0000] {logging_mixin.py:188} INFO - [2026-04-04T22:23:58.264+0000] {dag.py:3954} INFO - Setting next_dagrun for tmdb_stage_pipeline to None, run_after=None
[2026-04-04T22:23:58.288+0000] {processor.py:183} INFO - Processing /opt/airflow/dags/tmdb_pipeline_to_stage.py took 0.153 seconds
[2026-04-04T22:24:28.754+0000] {processor.py:161} INFO - Started process (PID=30053) to work on /opt/airflow/dags/tmdb_pipeline_to_stage.py
[2026-04-04T22:24:28.778+0000] {processor.py:830} INFO - Processing file /opt/airflow/dags/tmdb_pipeline_to_stage.py for tasks to queue
[2026-04-04T22:24:28.779+0000] {logging_mixin.py:188} INFO - [2026-04-04T22:24:28.778+0000] {dagbag.py:545} INFO - Filling up the DagBag from /opt/airflow/dags/tmdb_pipeline_to_stage.py
[2026-04-04T22:24:28.800+0000] {processor.py:840} INFO - DAG(s) 'tmdb_stage_pipeline' retrieved from /opt/airflow/dags/tmdb_pipeline_to_stage.py
[2026-04-04T22:24:28.847+0000] {logging_mixin.py:188} INFO - [2026-04-04T22:24:28.846+0000] {dag.py:3096} INFO - Sync 1 DAGs
[2026-04-04T22:24:28.882+0000] {logging_mixin.py:188} INFO - [2026-04-04T22:24:28.882+0000] {dag.py:3954} INFO - Setting next_dagrun for tmdb_stage_pipeline to None, run_after=None
[2026-04-04T22:24:28.905+0000] {processor.py:183} INFO - Processing /opt/airflow/dags/tmdb_pipeline_to_stage.py took 0.184 seconds
[2026-04-04T22:24:59.337+0000] {processor.py:161} INFO - Started process (PID=30073) to work on /opt/airflow/dags/tmdb_pipeline_to_stage.py
[2026-04-04T22:24:59.344+0000] {processor.py:830} INFO - Processing file /opt/airflow/dags/tmdb_pipeline_to_stage.py for tasks to queue
[2026-04-04T22:24:59.345+0000] {logging_mixin.py:188} INFO - [2026-04-04T22:24:59.344+0000] {dagbag.py:545} INFO - Filling up the DagBag from /opt/airflow/dags/tmdb_pipeline_to_stage.py
[2026-04-04T22:24:59.372+0000] {processor.py:840} INFO - DAG(s) 'tmdb_stage_pipeline' retrieved from /opt/airflow/dags/tmdb_pipeline_to_stage.py
[2026-04-04T22:24:59.420+0000] {logging_mixin.py:188} INFO - [2026-04-04T22:24:59.420+0000] {dag.py:3096} INFO - Sync 1 DAGs
[2026-04-04T22:24:59.439+0000] {logging_mixin.py:188} INFO - [2026-04-04T22:24:59.439+0000] {dag.py:3954} INFO - Setting next_dagrun for tmdb_stage_pipeline to None, run_after=None
[2026-04-04T22:24:59.457+0000] {processor.py:183} INFO - Processing /opt/airflow/dags/tmdb_pipeline_to_stage.py took 0.158 seconds
[2026-04-04T22:25:29.860+0000] {processor.py:161} INFO - Started process (PID=30093) to work on /opt/airflow/dags/tmdb_pipeline_to_stage.py
[2026-04-04T22:25:29.864+0000] {processor.py:830} INFO - Processing file /opt/airflow/dags/tmdb_pipeline_to_stage.py for tasks to queue
[2026-04-04T22:25:29.866+0000] {logging_mixin.py:188} INFO - [2026-04-04T22:25:29.865+0000] {dagbag.py:545} INFO - Filling up the DagBag from /opt/airflow/dags/tmdb_pipeline_to_stage.py
[2026-04-04T22:25:29.882+0000] {processor.py:840} INFO - DAG(s) 'tmdb_stage_pipeline' retrieved from /opt/airflow/dags/tmdb_pipeline_to_stage.py
[2026-04-04T22:25:29.915+0000] {logging_mixin.py:188} INFO - [2026-04-04T22:25:29.915+0000] {dag.py:3096} INFO - Sync 1 DAGs
[2026-04-04T22:25:29.931+0000] {logging_mixin.py:188} INFO - [2026-04-04T22:25:29.931+0000] {dag.py:3954} INFO - Setting next_dagrun for tmdb_stage_pipeline to None, run_after=None
[2026-04-04T22:25:29.946+0000] {processor.py:183} INFO - Processing /opt/airflow/dags/tmdb_pipeline_to_stage.py took 0.095 seconds
[2026-04-04T22:26:00.350+0000] {processor.py:161} INFO - Started process (PID=30113) to work on /opt/airflow/dags/tmdb_pipeline_to_stage.py
[2026-04-04T22:26:00.355+0000] {processor.py:830} INFO - Processing file /opt/airflow/dags/tmdb_pipeline_to_stage.py for tasks to queue
[2026-04-04T22:26:00.357+0000] {logging_mixin.py:188} INFO - [2026-04-04T22:26:00.356+0000] {dagbag.py:545} INFO - Filling up the DagBag from /opt/airflow/dags/tmdb_pipeline_to_stage.py
[2026-04-04T22:26:00.379+0000] {processor.py:840} INFO - DAG(s) 'tmdb_stage_pipeline' retrieved from /opt/airflow/dags/tmdb_pipeline_to_stage.py
[2026-04-04T22:26:00.423+0000] {logging_mixin.py:188} INFO - [2026-04-04T22:26:00.422+0000] {dag.py:3096} INFO - Sync 1 DAGs
[2026-04-04T22:26:00.438+0000] {logging_mixin.py:188} INFO - [2026-04-04T22:26:00.437+0000] {dag.py:3954} INFO - Setting next_dagrun for tmdb_stage_pipeline to None, run_after=None
[2026-04-04T22:26:00.459+0000] {processor.py:183} INFO - Processing /opt/airflow/dags/tmdb_pipeline_to_stage.py took 0.140 seconds
[2026-04-04T22:26:30.878+0000] {processor.py:161} INFO - Started process (PID=30133) to work on /opt/airflow/dags/tmdb_pipeline_to_stage.py
[2026-04-04T22:26:30.885+0000] {processor.py:830} INFO - Processing file /opt/airflow/dags/tmdb_pipeline_to_stage.py for tasks to queue
[2026-04-04T22:26:30.886+0000] {logging_mixin.py:188} INFO - [2026-04-04T22:26:30.885+0000] {dagbag.py:545} INFO - Filling up the DagBag from /opt/airflow/dags/tmdb_pipeline_to_stage.py
[2026-04-04T22:26:30.901+0000] {processor.py:840} INFO - DAG(s) 'tmdb_stage_pipeline' retrieved from /opt/airflow/dags/tmdb_pipeline_to_stage.py
[2026-04-04T22:26:30.928+0000] {logging_mixin.py:188} INFO - [2026-04-04T22:26:30.927+0000] {dag.py:3096} INFO - Sync 1 DAGs
[2026-04-04T22:26:30.945+0000] {logging_mixin.py:188} INFO - [2026-04-04T22:26:30.945+0000] {dag.py:3954} INFO - Setting next_dagrun for tmdb_stage_pipeline to None, run_after=None
[2026-04-04T22:26:30.966+0000] {processor.py:183} INFO - Processing /opt/airflow/dags/tmdb_pipeline_to_stage.py took 0.109 seconds
[2026-04-04T22:27:01.371+0000] {processor.py:161} INFO - Started process (PID=30153) to work on /opt/airflow/dags/tmdb_pipeline_to_stage.py
[2026-04-04T22:27:01.381+0000] {processor.py:830} INFO - Processing file /opt/airflow/dags/tmdb_pipeline_to_stage.py for tasks to queue
[2026-04-04T22:27:01.382+0000] {logging_mixin.py:188} INFO - [2026-04-04T22:27:01.381+0000] {dagbag.py:545} INFO - Filling up the DagBag from /opt/airflow/dags/tmdb_pipeline_to_stage.py
[2026-04-04T22:27:01.410+0000] {processor.py:840} INFO - DAG(s) 'tmdb_stage_pipeline' retrieved from /opt/airflow/dags/tmdb_pipeline_to_stage.py
[2026-04-04T22:27:01.481+0000] {logging_mixin.py:188} INFO - [2026-04-04T22:27:01.481+0000] {dag.py:3096} INFO - Sync 1 DAGs
[2026-04-04T22:27:01.531+0000] {logging_mixin.py:188} INFO - [2026-04-04T22:27:01.531+0000] {dag.py:3954} INFO - Setting next_dagrun for tmdb_stage_pipeline to None, run_after=None
[2026-04-04T22:27:01.555+0000] {processor.py:183} INFO - Processing /opt/airflow/dags/tmdb_pipeline_to_stage.py took 0.199 seconds
[2026-04-04T22:27:32.008+0000] {processor.py:161} INFO - Started process (PID=30173) to work on /opt/airflow/dags/tmdb_pipeline_to_stage.py
[2026-04-04T22:27:32.013+0000] {processor.py:830} INFO - Processing file /opt/airflow/dags/tmdb_pipeline_to_stage.py for tasks to queue
[2026-04-04T22:27:32.014+0000] {logging_mixin.py:188} INFO - [2026-04-04T22:27:32.014+0000] {dagbag.py:545} INFO - Filling up the DagBag from /opt/airflow/dags/tmdb_pipeline_to_stage.py
[2026-04-04T22:27:32.046+0000] {processor.py:840} INFO - DAG(s) 'tmdb_stage_pipeline' retrieved from /opt/airflow/dags/tmdb_pipeline_to_stage.py
[2026-04-04T22:27:32.078+0000] {logging_mixin.py:188} INFO - [2026-04-04T22:27:32.078+0000] {dag.py:3096} INFO - Sync 1 DAGs
[2026-04-04T22:27:32.103+0000] {logging_mixin.py:188} INFO - [2026-04-04T22:27:32.103+0000] {dag.py:3954} INFO - Setting next_dagrun for tmdb_stage_pipeline to None, run_after=None
[2026-04-04T22:27:32.119+0000] {processor.py:183} INFO - Processing /opt/airflow/dags/tmdb_pipeline_to_stage.py took 0.124 seconds
[2026-04-04T22:28:02.495+0000] {processor.py:161} INFO - Started process (PID=30193) to work on /opt/airflow/dags/tmdb_pipeline_to_stage.py
[2026-04-04T22:28:02.500+0000] {processor.py:830} INFO - Processing file /opt/airflow/dags/tmdb_pipeline_to_stage.py for tasks to queue
[2026-04-04T22:28:02.507+0000] {logging_mixin.py:188} INFO - [2026-04-04T22:28:02.502+0000] {dagbag.py:545} INFO - Filling up the DagBag from /opt/airflow/dags/tmdb_pipeline_to_stage.py
[2026-04-04T22:28:02.525+0000] {processor.py:840} INFO - DAG(s) 'tmdb_stage_pipeline' retrieved from /opt/airflow/dags/tmdb_pipeline_to_stage.py
[2026-04-04T22:28:02.572+0000] {logging_mixin.py:188} INFO - [2026-04-04T22:28:02.572+0000] {dag.py:3096} INFO - Sync 1 DAGs
[2026-04-04T22:28:02.590+0000] {logging_mixin.py:188} INFO - [2026-04-04T22:28:02.590+0000] {dag.py:3954} INFO - Setting next_dagrun for tmdb_stage_pipeline to None, run_after=None
[2026-04-04T22:28:02.607+0000] {processor.py:183} INFO - Processing /opt/airflow/dags/tmdb_pipeline_to_stage.py took 0.139 seconds
[2026-04-04T22:28:33.067+0000] {processor.py:161} INFO - Started process (PID=30213) to work on /opt/airflow/dags/tmdb_pipeline_to_stage.py
[2026-04-04T22:28:33.074+0000] {processor.py:830} INFO - Processing file /opt/airflow/dags/tmdb_pipeline_to_stage.py for tasks to queue
[2026-04-04T22:28:33.076+0000] {logging_mixin.py:188} INFO - [2026-04-04T22:28:33.075+0000] {dagbag.py:545} INFO - Filling up the DagBag from /opt/airflow/dags/tmdb_pipeline_to_stage.py
[2026-04-04T22:28:33.113+0000] {processor.py:840} INFO - DAG(s) 'tmdb_stage_pipeline' retrieved from /opt/airflow/dags/tmdb_pipeline_to_stage.py
[2026-04-04T22:28:33.151+0000] {logging_mixin.py:188} INFO - [2026-04-04T22:28:33.151+0000] {dag.py:3096} INFO - Sync 1 DAGs
[2026-04-04T22:28:33.174+0000] {logging_mixin.py:188} INFO - [2026-04-04T22:28:33.174+0000] {dag.py:3954} INFO - Setting next_dagrun for tmdb_stage_pipeline to None, run_after=None
[2026-04-04T22:28:33.188+0000] {processor.py:183} INFO - Processing /opt/airflow/dags/tmdb_pipeline_to_stage.py took 0.135 seconds
[2026-04-04T22:29:03.574+0000] {processor.py:161} INFO - Started process (PID=30233) to work on /opt/airflow/dags/tmdb_pipeline_to_stage.py
[2026-04-04T22:29:03.578+0000] {processor.py:830} INFO - Processing file /opt/airflow/dags/tmdb_pipeline_to_stage.py for tasks to queue
[2026-04-04T22:29:03.580+0000] {logging_mixin.py:188} INFO - [2026-04-04T22:29:03.580+0000] {dagbag.py:545} INFO - Filling up the DagBag from /opt/airflow/dags/tmdb_pipeline_to_stage.py
[2026-04-04T22:29:03.602+0000] {processor.py:840} INFO - DAG(s) 'tmdb_stage_pipeline' retrieved from /opt/airflow/dags/tmdb_pipeline_to_stage.py
[2026-04-04T22:29:03.655+0000] {logging_mixin.py:188} INFO - [2026-04-04T22:29:03.654+0000] {dag.py:3096} INFO - Sync 1 DAGs
[2026-04-04T22:29:03.686+0000] {logging_mixin.py:188} INFO - [2026-04-04T22:29:03.686+0000] {dag.py:3954} INFO - Setting next_dagrun for tmdb_stage_pipeline to None, run_after=None
[2026-04-04T22:29:03.709+0000] {processor.py:183} INFO - Processing /opt/airflow/dags/tmdb_pipeline_to_stage.py took 0.149 seconds
[2026-04-04T22:29:34.170+0000] {processor.py:161} INFO - Started process (PID=30253) to work on /opt/airflow/dags/tmdb_pipeline_to_stage.py
[2026-04-04T22:29:34.175+0000] {processor.py:830} INFO - Processing file /opt/airflow/dags/tmdb_pipeline_to_stage.py for tasks to queue
[2026-04-04T22:29:34.177+0000] {logging_mixin.py:188} INFO - [2026-04-04T22:29:34.177+0000] {dagbag.py:545} INFO - Filling up the DagBag from /opt/airflow/dags/tmdb_pipeline_to_stage.py
[2026-04-04T22:29:34.202+0000] {processor.py:840} INFO - DAG(s) 'tmdb_stage_pipeline' retrieved from /opt/airflow/dags/tmdb_pipeline_to_stage.py
[2026-04-04T22:29:34.244+0000] {logging_mixin.py:188} INFO - [2026-04-04T22:29:34.244+0000] {dag.py:3096} INFO - Sync 1 DAGs
[2026-04-04T22:29:34.275+0000] {logging_mixin.py:188} INFO - [2026-04-04T22:29:34.275+0000] {dag.py:3954} INFO - Setting next_dagrun for tmdb_stage_pipeline to None, run_after=None
[2026-04-04T22:29:34.294+0000] {processor.py:183} INFO - Processing /opt/airflow/dags/tmdb_pipeline_to_stage.py took 0.159 seconds
[2026-04-04T22:30:04.737+0000] {processor.py:161} INFO - Started process (PID=30273) to work on /opt/airflow/dags/tmdb_pipeline_to_stage.py
[2026-04-04T22:30:04.743+0000] {processor.py:830} INFO - Processing file /opt/airflow/dags/tmdb_pipeline_to_stage.py for tasks to queue
[2026-04-04T22:30:04.747+0000] {logging_mixin.py:188} INFO - [2026-04-04T22:30:04.746+0000] {dagbag.py:545} INFO - Filling up the DagBag from /opt/airflow/dags/tmdb_pipeline_to_stage.py
[2026-04-04T22:30:04.784+0000] {processor.py:840} INFO - DAG(s) 'tmdb_stage_pipeline' retrieved from /opt/airflow/dags/tmdb_pipeline_to_stage.py
[2026-04-04T22:30:04.846+0000] {logging_mixin.py:188} INFO - [2026-04-04T22:30:04.846+0000] {dag.py:3096} INFO - Sync 1 DAGs
[2026-04-04T22:30:04.867+0000] {logging_mixin.py:188} INFO - [2026-04-04T22:30:04.866+0000] {dag.py:3954} INFO - Setting next_dagrun for tmdb_stage_pipeline to None, run_after=None
[2026-04-04T22:30:04.886+0000] {processor.py:183} INFO - Processing /opt/airflow/dags/tmdb_pipeline_to_stage.py took 0.161 seconds
[2026-04-04T22:30:35.279+0000] {processor.py:161} INFO - Started process (PID=30293) to work on /opt/airflow/dags/tmdb_pipeline_to_stage.py
[2026-04-04T22:30:35.284+0000] {processor.py:830} INFO - Processing file /opt/airflow/dags/tmdb_pipeline_to_stage.py for tasks to queue
[2026-04-04T22:30:35.285+0000] {logging_mixin.py:188} INFO - [2026-04-04T22:30:35.285+0000] {dagbag.py:545} INFO - Filling up the DagBag from /opt/airflow/dags/tmdb_pipeline_to_stage.py
[2026-04-04T22:30:35.313+0000] {processor.py:840} INFO - DAG(s) 'tmdb_stage_pipeline' retrieved from /opt/airflow/dags/tmdb_pipeline_to_stage.py
[2026-04-04T22:30:35.350+0000] {logging_mixin.py:188} INFO - [2026-04-04T22:30:35.350+0000] {dag.py:3096} INFO - Sync 1 DAGs
[2026-04-04T22:30:35.379+0000] {logging_mixin.py:188} INFO - [2026-04-04T22:30:35.379+0000] {dag.py:3954} INFO - Setting next_dagrun for tmdb_stage_pipeline to None, run_after=None
[2026-04-04T22:30:35.399+0000] {processor.py:183} INFO - Processing /opt/airflow/dags/tmdb_pipeline_to_stage.py took 0.130 seconds
[2026-04-04T22:31:05.834+0000] {processor.py:161} INFO - Started process (PID=30313) to work on /opt/airflow/dags/tmdb_pipeline_to_stage.py
[2026-04-04T22:31:05.840+0000] {processor.py:830} INFO - Processing file /opt/airflow/dags/tmdb_pipeline_to_stage.py for tasks to queue
[2026-04-04T22:31:05.842+0000] {logging_mixin.py:188} INFO - [2026-04-04T22:31:05.841+0000] {dagbag.py:545} INFO - Filling up the DagBag from /opt/airflow/dags/tmdb_pipeline_to_stage.py
[2026-04-04T22:31:05.867+0000] {processor.py:840} INFO - DAG(s) 'tmdb_stage_pipeline' retrieved from /opt/airflow/dags/tmdb_pipeline_to_stage.py
[2026-04-04T22:31:05.921+0000] {logging_mixin.py:188} INFO - [2026-04-04T22:31:05.921+0000] {dag.py:3096} INFO - Sync 1 DAGs
[2026-04-04T22:31:05.939+0000] {logging_mixin.py:188} INFO - [2026-04-04T22:31:05.939+0000] {dag.py:3954} INFO - Setting next_dagrun for tmdb_stage_pipeline to None, run_after=None
[2026-04-04T22:31:05.956+0000] {processor.py:183} INFO - Processing /opt/airflow/dags/tmdb_pipeline_to_stage.py took 0.154 seconds
[2026-04-04T22:31:36.330+0000] {processor.py:161} INFO - Started process (PID=30333) to work on /opt/airflow/dags/tmdb_pipeline_to_stage.py
[2026-04-04T22:31:36.343+0000] {processor.py:830} INFO - Processing file /opt/airflow/dags/tmdb_pipeline_to_stage.py for tasks to queue
[2026-04-04T22:31:36.346+0000] {logging_mixin.py:188} INFO - [2026-04-04T22:31:36.345+0000] {dagbag.py:545} INFO - Filling up the DagBag from /opt/airflow/dags/tmdb_pipeline_to_stage.py
[2026-04-04T22:31:36.363+0000] {processor.py:840} INFO - DAG(s) 'tmdb_stage_pipeline' retrieved from /opt/airflow/dags/tmdb_pipeline_to_stage.py
[2026-04-04T22:31:36.396+0000] {logging_mixin.py:188} INFO - [2026-04-04T22:31:36.396+0000] {dag.py:3096} INFO - Sync 1 DAGs
[2026-04-04T22:31:36.412+0000] {logging_mixin.py:188} INFO - [2026-04-04T22:31:36.412+0000] {dag.py:3954} INFO - Setting next_dagrun for tmdb_stage_pipeline to None, run_after=None
[2026-04-04T22:31:36.431+0000] {processor.py:183} INFO - Processing /opt/airflow/dags/tmdb_pipeline_to_stage.py took 0.115 seconds
[2026-04-04T22:32:06.819+0000] {processor.py:161} INFO - Started process (PID=30353) to work on /opt/airflow/dags/tmdb_pipeline_to_stage.py
[2026-04-04T22:32:06.825+0000] {processor.py:830} INFO - Processing file /opt/airflow/dags/tmdb_pipeline_to_stage.py for tasks to queue
[2026-04-04T22:32:06.827+0000] {logging_mixin.py:188} INFO - [2026-04-04T22:32:06.827+0000] {dagbag.py:545} INFO - Filling up the DagBag from /opt/airflow/dags/tmdb_pipeline_to_stage.py
[2026-04-04T22:32:06.844+0000] {processor.py:840} INFO - DAG(s) 'tmdb_stage_pipeline' retrieved from /opt/airflow/dags/tmdb_pipeline_to_stage.py
[2026-04-04T22:32:06.888+0000] {logging_mixin.py:188} INFO - [2026-04-04T22:32:06.888+0000] {dag.py:3096} INFO - Sync 1 DAGs
[2026-04-04T22:32:06.903+0000] {logging_mixin.py:188} INFO - [2026-04-04T22:32:06.903+0000] {dag.py:3954} INFO - Setting next_dagrun for tmdb_stage_pipeline to None, run_after=None
[2026-04-04T22:32:06.918+0000] {processor.py:183} INFO - Processing /opt/airflow/dags/tmdb_pipeline_to_stage.py took 0.121 seconds
[2026-04-04T22:32:37.263+0000] {processor.py:161} INFO - Started process (PID=30373) to work on /opt/airflow/dags/tmdb_pipeline_to_stage.py
[2026-04-04T22:32:37.269+0000] {processor.py:830} INFO - Processing file /opt/airflow/dags/tmdb_pipeline_to_stage.py for tasks to queue
[2026-04-04T22:32:37.270+0000] {logging_mixin.py:188} INFO - [2026-04-04T22:32:37.270+0000] {dagbag.py:545} INFO - Filling up the DagBag from /opt/airflow/dags/tmdb_pipeline_to_stage.py
[2026-04-04T22:32:37.301+0000] {processor.py:840} INFO - DAG(s) 'tmdb_stage_pipeline' retrieved from /opt/airflow/dags/tmdb_pipeline_to_stage.py
[2026-04-04T22:32:37.333+0000] {logging_mixin.py:188} INFO - [2026-04-04T22:32:37.332+0000] {dag.py:3096} INFO - Sync 1 DAGs
[2026-04-04T22:32:37.350+0000] {logging_mixin.py:188} INFO - [2026-04-04T22:32:37.350+0000] {dag.py:3954} INFO - Setting next_dagrun for tmdb_stage_pipeline to None, run_after=None
[2026-04-04T22:32:37.370+0000] {processor.py:183} INFO - Processing /opt/airflow/dags/tmdb_pipeline_to_stage.py took 0.115 seconds
[2026-04-04T22:33:07.759+0000] {processor.py:161} INFO - Started process (PID=30393) to work on /opt/airflow/dags/tmdb_pipeline_to_stage.py
[2026-04-04T22:33:07.763+0000] {processor.py:830} INFO - Processing file /opt/airflow/dags/tmdb_pipeline_to_stage.py for tasks to queue
[2026-04-04T22:33:07.765+0000] {logging_mixin.py:188} INFO - [2026-04-04T22:33:07.765+0000] {dagbag.py:545} INFO - Filling up the DagBag from /opt/airflow/dags/tmdb_pipeline_to_stage.py
[2026-04-04T22:33:07.786+0000] {processor.py:840} INFO - DAG(s) 'tmdb_stage_pipeline' retrieved from /opt/airflow/dags/tmdb_pipeline_to_stage.py
[2026-04-04T22:33:07.826+0000] {logging_mixin.py:188} INFO - [2026-04-04T22:33:07.826+0000] {dag.py:3096} INFO - Sync 1 DAGs
[2026-04-04T22:33:07.845+0000] {logging_mixin.py:188} INFO - [2026-04-04T22:33:07.845+0000] {dag.py:3954} INFO - Setting next_dagrun for tmdb_stage_pipeline to None, run_after=None
[2026-04-04T22:33:07.872+0000] {processor.py:183} INFO - Processing /opt/airflow/dags/tmdb_pipeline_to_stage.py took 0.122 seconds
[2026-04-04T22:33:38.282+0000] {processor.py:161} INFO - Started process (PID=30413) to work on /opt/airflow/dags/tmdb_pipeline_to_stage.py
[2026-04-04T22:33:38.286+0000] {processor.py:830} INFO - Processing file /opt/airflow/dags/tmdb_pipeline_to_stage.py for tasks to queue
[2026-04-04T22:33:38.289+0000] {logging_mixin.py:188} INFO - [2026-04-04T22:33:38.288+0000] {dagbag.py:545} INFO - Filling up the DagBag from /opt/airflow/dags/tmdb_pipeline_to_stage.py
[2026-04-04T22:33:38.307+0000] {processor.py:840} INFO - DAG(s) 'tmdb_stage_pipeline' retrieved from /opt/airflow/dags/tmdb_pipeline_to_stage.py
[2026-04-04T22:33:38.346+0000] {logging_mixin.py:188} INFO - [2026-04-04T22:33:38.346+0000] {dag.py:3096} INFO - Sync 1 DAGs
[2026-04-04T22:33:38.366+0000] {logging_mixin.py:188} INFO - [2026-04-04T22:33:38.366+0000] {dag.py:3954} INFO - Setting next_dagrun for tmdb_stage_pipeline to None, run_after=None
[2026-04-04T22:33:38.387+0000] {processor.py:183} INFO - Processing /opt/airflow/dags/tmdb_pipeline_to_stage.py took 0.138 seconds
[2026-04-04T22:34:08.737+0000] {processor.py:161} INFO - Started process (PID=30433) to work on /opt/airflow/dags/tmdb_pipeline_to_stage.py
[2026-04-04T22:34:08.743+0000] {processor.py:830} INFO - Processing file /opt/airflow/dags/tmdb_pipeline_to_stage.py for tasks to queue
[2026-04-04T22:34:08.746+0000] {logging_mixin.py:188} INFO - [2026-04-04T22:34:08.745+0000] {dagbag.py:545} INFO - Filling up the DagBag from /opt/airflow/dags/tmdb_pipeline_to_stage.py
[2026-04-04T22:34:08.781+0000] {processor.py:840} INFO - DAG(s) 'tmdb_stage_pipeline' retrieved from /opt/airflow/dags/tmdb_pipeline_to_stage.py
[2026-04-04T22:34:08.831+0000] {logging_mixin.py:188} INFO - [2026-04-04T22:34:08.831+0000] {dag.py:3096} INFO - Sync 1 DAGs
[2026-04-04T22:34:08.850+0000] {logging_mixin.py:188} INFO - [2026-04-04T22:34:08.850+0000] {dag.py:3954} INFO - Setting next_dagrun for tmdb_stage_pipeline to None, run_after=None
[2026-04-04T22:34:08.872+0000] {processor.py:183} INFO - Processing /opt/airflow/dags/tmdb_pipeline_to_stage.py took 0.151 seconds
[2026-04-04T22:34:39.220+0000] {processor.py:161} INFO - Started process (PID=30453) to work on /opt/airflow/dags/tmdb_pipeline_to_stage.py
[2026-04-04T22:34:39.226+0000] {processor.py:830} INFO - Processing file /opt/airflow/dags/tmdb_pipeline_to_stage.py for tasks to queue
[2026-04-04T22:34:39.228+0000] {logging_mixin.py:188} INFO - [2026-04-04T22:34:39.228+0000] {dagbag.py:545} INFO - Filling up the DagBag from /opt/airflow/dags/tmdb_pipeline_to_stage.py
[2026-04-04T22:34:39.245+0000] {processor.py:840} INFO - DAG(s) 'tmdb_stage_pipeline' retrieved from /opt/airflow/dags/tmdb_pipeline_to_stage.py
[2026-04-04T22:34:39.280+0000] {logging_mixin.py:188} INFO - [2026-04-04T22:34:39.280+0000] {dag.py:3096} INFO - Sync 1 DAGs
[2026-04-04T22:34:39.296+0000] {logging_mixin.py:188} INFO - [2026-04-04T22:34:39.296+0000] {dag.py:3954} INFO - Setting next_dagrun for tmdb_stage_pipeline to None, run_after=None
[2026-04-04T22:34:39.311+0000] {processor.py:183} INFO - Processing /opt/airflow/dags/tmdb_pipeline_to_stage.py took 0.102 seconds
[2026-04-04T22:35:09.734+0000] {processor.py:161} INFO - Started process (PID=30473) to work on /opt/airflow/dags/tmdb_pipeline_to_stage.py
[2026-04-04T22:35:09.739+0000] {processor.py:830} INFO - Processing file /opt/airflow/dags/tmdb_pipeline_to_stage.py for tasks to queue
[2026-04-04T22:35:09.741+0000] {logging_mixin.py:188} INFO - [2026-04-04T22:35:09.741+0000] {dagbag.py:545} INFO - Filling up the DagBag from /opt/airflow/dags/tmdb_pipeline_to_stage.py
[2026-04-04T22:35:09.761+0000] {processor.py:840} INFO - DAG(s) 'tmdb_stage_pipeline' retrieved from /opt/airflow/dags/tmdb_pipeline_to_stage.py
[2026-04-04T22:35:09.802+0000] {logging_mixin.py:188} INFO - [2026-04-04T22:35:09.802+0000] {dag.py:3096} INFO - Sync 1 DAGs
[2026-04-04T22:35:09.831+0000] {logging_mixin.py:188} INFO - [2026-04-04T22:35:09.830+0000] {dag.py:3954} INFO - Setting next_dagrun for tmdb_stage_pipeline to None, run_after=None
[2026-04-04T22:35:09.848+0000] {processor.py:183} INFO - Processing /opt/airflow/dags/tmdb_pipeline_to_stage.py took 0.127 seconds
[2026-04-04T22:35:40.270+0000] {processor.py:161} INFO - Started process (PID=30493) to work on /opt/airflow/dags/tmdb_pipeline_to_stage.py
[2026-04-04T22:35:40.276+0000] {processor.py:830} INFO - Processing file /opt/airflow/dags/tmdb_pipeline_to_stage.py for tasks to queue
[2026-04-04T22:35:40.277+0000] {logging_mixin.py:188} INFO - [2026-04-04T22:35:40.276+0000] {dagbag.py:545} INFO - Filling up the DagBag from /opt/airflow/dags/tmdb_pipeline_to_stage.py
[2026-04-04T22:35:40.299+0000] {processor.py:840} INFO - DAG(s) 'tmdb_stage_pipeline' retrieved from /opt/airflow/dags/tmdb_pipeline_to_stage.py
[2026-04-04T22:35:40.340+0000] {logging_mixin.py:188} INFO - [2026-04-04T22:35:40.340+0000] {dag.py:3096} INFO - Sync 1 DAGs
[2026-04-04T22:35:40.362+0000] {logging_mixin.py:188} INFO - [2026-04-04T22:35:40.361+0000] {dag.py:3954} INFO - Setting next_dagrun for tmdb_stage_pipeline to None, run_after=None
[2026-04-04T22:35:40.379+0000] {processor.py:183} INFO - Processing /opt/airflow/dags/tmdb_pipeline_to_stage.py took 0.120 seconds
[2026-04-04T22:36:10.787+0000] {processor.py:161} INFO - Started process (PID=30513) to work on /opt/airflow/dags/tmdb_pipeline_to_stage.py
[2026-04-04T22:36:10.792+0000] {processor.py:830} INFO - Processing file /opt/airflow/dags/tmdb_pipeline_to_stage.py for tasks to queue
[2026-04-04T22:36:10.793+0000] {logging_mixin.py:188} INFO - [2026-04-04T22:36:10.792+0000] {dagbag.py:545} INFO - Filling up the DagBag from /opt/airflow/dags/tmdb_pipeline_to_stage.py
[2026-04-04T22:36:10.827+0000] {processor.py:840} INFO - DAG(s) 'tmdb_stage_pipeline' retrieved from /opt/airflow/dags/tmdb_pipeline_to_stage.py
[2026-04-04T22:36:10.858+0000] {logging_mixin.py:188} INFO - [2026-04-04T22:36:10.858+0000] {dag.py:3096} INFO - Sync 1 DAGs
[2026-04-04T22:36:10.883+0000] {logging_mixin.py:188} INFO - [2026-04-04T22:36:10.883+0000] {dag.py:3954} INFO - Setting next_dagrun for tmdb_stage_pipeline to None, run_after=None
[2026-04-04T22:36:10.900+0000] {processor.py:183} INFO - Processing /opt/airflow/dags/tmdb_pipeline_to_stage.py took 0.128 seconds
[2026-04-04T22:36:41.299+0000] {processor.py:161} INFO - Started process (PID=30533) to work on /opt/airflow/dags/tmdb_pipeline_to_stage.py
[2026-04-04T22:36:41.304+0000] {processor.py:830} INFO - Processing file /opt/airflow/dags/tmdb_pipeline_to_stage.py for tasks to queue
[2026-04-04T22:36:41.306+0000] {logging_mixin.py:188} INFO - [2026-04-04T22:36:41.306+0000] {dagbag.py:545} INFO - Filling up the DagBag from /opt/airflow/dags/tmdb_pipeline_to_stage.py
[2026-04-04T22:36:41.332+0000] {processor.py:840} INFO - DAG(s) 'tmdb_stage_pipeline' retrieved from /opt/airflow/dags/tmdb_pipeline_to_stage.py
[2026-04-04T22:36:41.371+0000] {logging_mixin.py:188} INFO - [2026-04-04T22:36:41.371+0000] {dag.py:3096} INFO - Sync 1 DAGs
[2026-04-04T22:36:41.380+0000] {logging_mixin.py:188} INFO - [2026-04-04T22:36:41.380+0000] {dag.py:3954} INFO - Setting next_dagrun for tmdb_stage_pipeline to None, run_after=None
[2026-04-04T22:36:41.396+0000] {processor.py:183} INFO - Processing /opt/airflow/dags/tmdb_pipeline_to_stage.py took 0.108 seconds
[2026-04-04T22:37:11.824+0000] {processor.py:161} INFO - Started process (PID=30553) to work on /opt/airflow/dags/tmdb_pipeline_to_stage.py
[2026-04-04T22:37:11.831+0000] {processor.py:830} INFO - Processing file /opt/airflow/dags/tmdb_pipeline_to_stage.py for tasks to queue
[2026-04-04T22:37:11.832+0000] {logging_mixin.py:188} INFO - [2026-04-04T22:37:11.832+0000] {dagbag.py:545} INFO - Filling up the DagBag from /opt/airflow/dags/tmdb_pipeline_to_stage.py
[2026-04-04T22:37:11.866+0000] {processor.py:840} INFO - DAG(s) 'tmdb_stage_pipeline' retrieved from /opt/airflow/dags/tmdb_pipeline_to_stage.py
[2026-04-04T22:37:11.899+0000] {logging_mixin.py:188} INFO - [2026-04-04T22:37:11.899+0000] {dag.py:3096} INFO - Sync 1 DAGs
[2026-04-04T22:37:11.914+0000] {logging_mixin.py:188} INFO - [2026-04-04T22:37:11.914+0000] {dag.py:3954} INFO - Setting next_dagrun for tmdb_stage_pipeline to None, run_after=None
[2026-04-04T22:37:11.963+0000] {processor.py:183} INFO - Processing /opt/airflow/dags/tmdb_pipeline_to_stage.py took 0.152 seconds
[2026-04-04T22:37:42.382+0000] {processor.py:161} INFO - Started process (PID=30573) to work on /opt/airflow/dags/tmdb_pipeline_to_stage.py
[2026-04-04T22:37:42.388+0000] {processor.py:830} INFO - Processing file /opt/airflow/dags/tmdb_pipeline_to_stage.py for tasks to queue
[2026-04-04T22:37:42.389+0000] {logging_mixin.py:188} INFO - [2026-04-04T22:37:42.388+0000] {dagbag.py:545} INFO - Filling up the DagBag from /opt/airflow/dags/tmdb_pipeline_to_stage.py
[2026-04-04T22:37:42.410+0000] {processor.py:840} INFO - DAG(s) 'tmdb_stage_pipeline' retrieved from /opt/airflow/dags/tmdb_pipeline_to_stage.py
[2026-04-04T22:37:42.447+0000] {logging_mixin.py:188} INFO - [2026-04-04T22:37:42.447+0000] {dag.py:3096} INFO - Sync 1 DAGs
[2026-04-04T22:37:42.466+0000] {logging_mixin.py:188} INFO - [2026-04-04T22:37:42.465+0000] {dag.py:3954} INFO - Setting next_dagrun for tmdb_stage_pipeline to None, run_after=None
[2026-04-04T22:37:42.484+0000] {processor.py:183} INFO - Processing /opt/airflow/dags/tmdb_pipeline_to_stage.py took 0.124 seconds
[2026-04-04T22:38:12.935+0000] {processor.py:161} INFO - Started process (PID=30593) to work on /opt/airflow/dags/tmdb_pipeline_to_stage.py
[2026-04-04T22:38:12.940+0000] {processor.py:830} INFO - Processing file /opt/airflow/dags/tmdb_pipeline_to_stage.py for tasks to queue
[2026-04-04T22:38:12.941+0000] {logging_mixin.py:188} INFO - [2026-04-04T22:38:12.941+0000] {dagbag.py:545} INFO - Filling up the DagBag from /opt/airflow/dags/tmdb_pipeline_to_stage.py
[2026-04-04T22:38:12.968+0000] {processor.py:840} INFO - DAG(s) 'tmdb_stage_pipeline' retrieved from /opt/airflow/dags/tmdb_pipeline_to_stage.py
[2026-04-04T22:38:13.011+0000] {logging_mixin.py:188} INFO - [2026-04-04T22:38:13.010+0000] {dag.py:3096} INFO - Sync 1 DAGs
[2026-04-04T22:38:13.036+0000] {logging_mixin.py:188} INFO - [2026-04-04T22:38:13.036+0000] {dag.py:3954} INFO - Setting next_dagrun for tmdb_stage_pipeline to None, run_after=None
[2026-04-04T22:38:13.055+0000] {processor.py:183} INFO - Processing /opt/airflow/dags/tmdb_pipeline_to_stage.py took 0.140 seconds
[2026-04-04T22:38:43.429+0000] {processor.py:161} INFO - Started process (PID=30613) to work on /opt/airflow/dags/tmdb_pipeline_to_stage.py
[2026-04-04T22:38:43.433+0000] {processor.py:830} INFO - Processing file /opt/airflow/dags/tmdb_pipeline_to_stage.py for tasks to queue
[2026-04-04T22:38:43.436+0000] {logging_mixin.py:188} INFO - [2026-04-04T22:38:43.436+0000] {dagbag.py:545} INFO - Filling up the DagBag from /opt/airflow/dags/tmdb_pipeline_to_stage.py
[2026-04-04T22:38:43.454+0000] {processor.py:840} INFO - DAG(s) 'tmdb_stage_pipeline' retrieved from /opt/airflow/dags/tmdb_pipeline_to_stage.py
[2026-04-04T22:38:43.491+0000] {logging_mixin.py:188} INFO - [2026-04-04T22:38:43.491+0000] {dag.py:3096} INFO - Sync 1 DAGs
[2026-04-04T22:38:43.506+0000] {logging_mixin.py:188} INFO - [2026-04-04T22:38:43.506+0000] {dag.py:3954} INFO - Setting next_dagrun for tmdb_stage_pipeline to None, run_after=None
[2026-04-04T22:38:43.528+0000] {processor.py:183} INFO - Processing /opt/airflow/dags/tmdb_pipeline_to_stage.py took 0.109 seconds
[2026-04-04T22:39:13.979+0000] {processor.py:161} INFO - Started process (PID=30633) to work on /opt/airflow/dags/tmdb_pipeline_to_stage.py
[2026-04-04T22:39:13.984+0000] {processor.py:830} INFO - Processing file /opt/airflow/dags/tmdb_pipeline_to_stage.py for tasks to queue
[2026-04-04T22:39:13.986+0000] {logging_mixin.py:188} INFO - [2026-04-04T22:39:13.985+0000] {dagbag.py:545} INFO - Filling up the DagBag from /opt/airflow/dags/tmdb_pipeline_to_stage.py
[2026-04-04T22:39:14.028+0000] {processor.py:840} INFO - DAG(s) 'tmdb_stage_pipeline' retrieved from /opt/airflow/dags/tmdb_pipeline_to_stage.py
[2026-04-04T22:39:14.094+0000] {logging_mixin.py:188} INFO - [2026-04-04T22:39:14.094+0000] {dag.py:3096} INFO - Sync 1 DAGs
[2026-04-04T22:39:14.116+0000] {logging_mixin.py:188} INFO - [2026-04-04T22:39:14.116+0000] {dag.py:3954} INFO - Setting next_dagrun for tmdb_stage_pipeline to None, run_after=None
[2026-04-04T22:39:14.130+0000] {processor.py:183} INFO - Processing /opt/airflow/dags/tmdb_pipeline_to_stage.py took 0.163 seconds
[2026-04-04T22:39:44.644+0000] {processor.py:161} INFO - Started process (PID=30653) to work on /opt/airflow/dags/tmdb_pipeline_to_stage.py
[2026-04-04T22:39:44.648+0000] {processor.py:830} INFO - Processing file /opt/airflow/dags/tmdb_pipeline_to_stage.py for tasks to queue
[2026-04-04T22:39:44.650+0000] {logging_mixin.py:188} INFO - [2026-04-04T22:39:44.650+0000] {dagbag.py:545} INFO - Filling up the DagBag from /opt/airflow/dags/tmdb_pipeline_to_stage.py
[2026-04-04T22:39:44.666+0000] {processor.py:840} INFO - DAG(s) 'tmdb_stage_pipeline' retrieved from /opt/airflow/dags/tmdb_pipeline_to_stage.py
[2026-04-04T22:39:44.698+0000] {logging_mixin.py:188} INFO - [2026-04-04T22:39:44.697+0000] {dag.py:3096} INFO - Sync 1 DAGs
[2026-04-04T22:39:44.715+0000] {logging_mixin.py:188} INFO - [2026-04-04T22:39:44.715+0000] {dag.py:3954} INFO - Setting next_dagrun for tmdb_stage_pipeline to None, run_after=None
[2026-04-04T22:39:44.729+0000] {processor.py:183} INFO - Processing /opt/airflow/dags/tmdb_pipeline_to_stage.py took 0.099 seconds
[2026-04-04T22:40:15.055+0000] {processor.py:161} INFO - Started process (PID=30673) to work on /opt/airflow/dags/tmdb_pipeline_to_stage.py
[2026-04-04T22:40:15.060+0000] {processor.py:830} INFO - Processing file /opt/airflow/dags/tmdb_pipeline_to_stage.py for tasks to queue
[2026-04-04T22:40:15.062+0000] {logging_mixin.py:188} INFO - [2026-04-04T22:40:15.062+0000] {dagbag.py:545} INFO - Filling up the DagBag from /opt/airflow/dags/tmdb_pipeline_to_stage.py
[2026-04-04T22:40:15.084+0000] {processor.py:840} INFO - DAG(s) 'tmdb_stage_pipeline' retrieved from /opt/airflow/dags/tmdb_pipeline_to_stage.py
[2026-04-04T22:40:15.128+0000] {logging_mixin.py:188} INFO - [2026-04-04T22:40:15.128+0000] {dag.py:3096} INFO - Sync 1 DAGs
[2026-04-04T22:40:15.156+0000] {logging_mixin.py:188} INFO - [2026-04-04T22:40:15.156+0000] {dag.py:3954} INFO - Setting next_dagrun for tmdb_stage_pipeline to None, run_after=None
[2026-04-04T22:40:15.172+0000] {processor.py:183} INFO - Processing /opt/airflow/dags/tmdb_pipeline_to_stage.py took 0.128 seconds
[2026-04-04T22:40:45.660+0000] {processor.py:161} INFO - Started process (PID=30693) to work on /opt/airflow/dags/tmdb_pipeline_to_stage.py
[2026-04-04T22:40:45.664+0000] {processor.py:830} INFO - Processing file /opt/airflow/dags/tmdb_pipeline_to_stage.py for tasks to queue
[2026-04-04T22:40:45.672+0000] {logging_mixin.py:188} INFO - [2026-04-04T22:40:45.667+0000] {dagbag.py:545} INFO - Filling up the DagBag from /opt/airflow/dags/tmdb_pipeline_to_stage.py
[2026-04-04T22:40:45.700+0000] {processor.py:840} INFO - DAG(s) 'tmdb_stage_pipeline' retrieved from /opt/airflow/dags/tmdb_pipeline_to_stage.py
[2026-04-04T22:40:45.751+0000] {logging_mixin.py:188} INFO - [2026-04-04T22:40:45.750+0000] {dag.py:3096} INFO - Sync 1 DAGs
[2026-04-04T22:40:45.767+0000] {logging_mixin.py:188} INFO - [2026-04-04T22:40:45.767+0000] {dag.py:3954} INFO - Setting next_dagrun for tmdb_stage_pipeline to None, run_after=None
[2026-04-04T22:40:45.784+0000] {processor.py:183} INFO - Processing /opt/airflow/dags/tmdb_pipeline_to_stage.py took 0.140 seconds
[2026-04-04T22:41:16.185+0000] {processor.py:161} INFO - Started process (PID=30713) to work on /opt/airflow/dags/tmdb_pipeline_to_stage.py
[2026-04-04T22:41:16.190+0000] {processor.py:830} INFO - Processing file /opt/airflow/dags/tmdb_pipeline_to_stage.py for tasks to queue
[2026-04-04T22:41:16.192+0000] {logging_mixin.py:188} INFO - [2026-04-04T22:41:16.192+0000] {dagbag.py:545} INFO - Filling up the DagBag from /opt/airflow/dags/tmdb_pipeline_to_stage.py
[2026-04-04T22:41:16.227+0000] {processor.py:840} INFO - DAG(s) 'tmdb_stage_pipeline' retrieved from /opt/airflow/dags/tmdb_pipeline_to_stage.py
[2026-04-04T22:41:16.267+0000] {logging_mixin.py:188} INFO - [2026-04-04T22:41:16.267+0000] {dag.py:3096} INFO - Sync 1 DAGs
[2026-04-04T22:41:16.300+0000] {logging_mixin.py:188} INFO - [2026-04-04T22:41:16.300+0000] {dag.py:3954} INFO - Setting next_dagrun for tmdb_stage_pipeline to None, run_after=None
[2026-04-04T22:41:16.319+0000] {processor.py:183} INFO - Processing /opt/airflow/dags/tmdb_pipeline_to_stage.py took 0.146 seconds
[2026-04-04T22:41:46.714+0000] {processor.py:161} INFO - Started process (PID=30733) to work on /opt/airflow/dags/tmdb_pipeline_to_stage.py
[2026-04-04T22:41:46.720+0000] {processor.py:830} INFO - Processing file /opt/airflow/dags/tmdb_pipeline_to_stage.py for tasks to queue
[2026-04-04T22:41:46.721+0000] {logging_mixin.py:188} INFO - [2026-04-04T22:41:46.721+0000] {dagbag.py:545} INFO - Filling up the DagBag from /opt/airflow/dags/tmdb_pipeline_to_stage.py
[2026-04-04T22:41:46.746+0000] {processor.py:840} INFO - DAG(s) 'tmdb_stage_pipeline' retrieved from /opt/airflow/dags/tmdb_pipeline_to_stage.py
[2026-04-04T22:41:46.786+0000] {logging_mixin.py:188} INFO - [2026-04-04T22:41:46.786+0000] {dag.py:3096} INFO - Sync 1 DAGs
[2026-04-04T22:41:46.805+0000] {logging_mixin.py:188} INFO - [2026-04-04T22:41:46.805+0000] {dag.py:3954} INFO - Setting next_dagrun for tmdb_stage_pipeline to None, run_after=None
[2026-04-04T22:41:46.819+0000] {processor.py:183} INFO - Processing /opt/airflow/dags/tmdb_pipeline_to_stage.py took 0.119 seconds
[2026-04-04T22:42:17.167+0000] {processor.py:161} INFO - Started process (PID=30753) to work on /opt/airflow/dags/tmdb_pipeline_to_stage.py
[2026-04-04T22:42:17.172+0000] {processor.py:830} INFO - Processing file /opt/airflow/dags/tmdb_pipeline_to_stage.py for tasks to queue
[2026-04-04T22:42:17.175+0000] {logging_mixin.py:188} INFO - [2026-04-04T22:42:17.174+0000] {dagbag.py:545} INFO - Filling up the DagBag from /opt/airflow/dags/tmdb_pipeline_to_stage.py
[2026-04-04T22:42:17.199+0000] {processor.py:840} INFO - DAG(s) 'tmdb_stage_pipeline' retrieved from /opt/airflow/dags/tmdb_pipeline_to_stage.py
[2026-04-04T22:42:17.240+0000] {logging_mixin.py:188} INFO - [2026-04-04T22:42:17.240+0000] {dag.py:3096} INFO - Sync 1 DAGs
[2026-04-04T22:42:17.260+0000] {logging_mixin.py:188} INFO - [2026-04-04T22:42:17.260+0000] {dag.py:3954} INFO - Setting next_dagrun for tmdb_stage_pipeline to None, run_after=None
[2026-04-04T22:42:17.280+0000] {processor.py:183} INFO - Processing /opt/airflow/dags/tmdb_pipeline_to_stage.py took 0.126 seconds
[2026-04-04T22:42:47.677+0000] {processor.py:161} INFO - Started process (PID=30773) to work on /opt/airflow/dags/tmdb_pipeline_to_stage.py
[2026-04-04T22:42:47.681+0000] {processor.py:830} INFO - Processing file /opt/airflow/dags/tmdb_pipeline_to_stage.py for tasks to queue
[2026-04-04T22:42:47.684+0000] {logging_mixin.py:188} INFO - [2026-04-04T22:42:47.684+0000] {dagbag.py:545} INFO - Filling up the DagBag from /opt/airflow/dags/tmdb_pipeline_to_stage.py
[2026-04-04T22:42:47.704+0000] {processor.py:840} INFO - DAG(s) 'tmdb_stage_pipeline' retrieved from /opt/airflow/dags/tmdb_pipeline_to_stage.py
[2026-04-04T22:42:47.749+0000] {logging_mixin.py:188} INFO - [2026-04-04T22:42:47.749+0000] {dag.py:3096} INFO - Sync 1 DAGs
[2026-04-04T22:42:47.763+0000] {logging_mixin.py:188} INFO - [2026-04-04T22:42:47.763+0000] {dag.py:3954} INFO - Setting next_dagrun for tmdb_stage_pipeline to None, run_after=None
[2026-04-04T22:42:47.780+0000] {processor.py:183} INFO - Processing /opt/airflow/dags/tmdb_pipeline_to_stage.py took 0.117 seconds
[2026-04-04T22:43:18.259+0000] {processor.py:161} INFO - Started process (PID=30793) to work on /opt/airflow/dags/tmdb_pipeline_to_stage.py
[2026-04-04T22:43:18.264+0000] {processor.py:830} INFO - Processing file /opt/airflow/dags/tmdb_pipeline_to_stage.py for tasks to queue
[2026-04-04T22:43:18.273+0000] {logging_mixin.py:188} INFO - [2026-04-04T22:43:18.272+0000] {dagbag.py:545} INFO - Filling up the DagBag from /opt/airflow/dags/tmdb_pipeline_to_stage.py
[2026-04-04T22:43:18.317+0000] {processor.py:840} INFO - DAG(s) 'tmdb_stage_pipeline' retrieved from /opt/airflow/dags/tmdb_pipeline_to_stage.py
[2026-04-04T22:43:18.349+0000] {logging_mixin.py:188} INFO - [2026-04-04T22:43:18.349+0000] {dag.py:3096} INFO - Sync 1 DAGs
[2026-04-04T22:43:18.370+0000] {logging_mixin.py:188} INFO - [2026-04-04T22:43:18.370+0000] {dag.py:3954} INFO - Setting next_dagrun for tmdb_stage_pipeline to None, run_after=None
[2026-04-04T22:43:18.390+0000] {processor.py:183} INFO - Processing /opt/airflow/dags/tmdb_pipeline_to_stage.py took 0.151 seconds
[2026-04-04T22:43:48.904+0000] {processor.py:161} INFO - Started process (PID=30813) to work on /opt/airflow/dags/tmdb_pipeline_to_stage.py
[2026-04-04T22:43:48.910+0000] {processor.py:830} INFO - Processing file /opt/airflow/dags/tmdb_pipeline_to_stage.py for tasks to queue
[2026-04-04T22:43:48.913+0000] {logging_mixin.py:188} INFO - [2026-04-04T22:43:48.911+0000] {dagbag.py:545} INFO - Filling up the DagBag from /opt/airflow/dags/tmdb_pipeline_to_stage.py
[2026-04-04T22:43:48.944+0000] {processor.py:840} INFO - DAG(s) 'tmdb_stage_pipeline' retrieved from /opt/airflow/dags/tmdb_pipeline_to_stage.py
[2026-04-04T22:43:48.978+0000] {logging_mixin.py:188} INFO - [2026-04-04T22:43:48.978+0000] {dag.py:3096} INFO - Sync 1 DAGs
[2026-04-04T22:43:49.001+0000] {logging_mixin.py:188} INFO - [2026-04-04T22:43:49.000+0000] {dag.py:3954} INFO - Setting next_dagrun for tmdb_stage_pipeline to None, run_after=None
[2026-04-04T22:43:49.027+0000] {processor.py:183} INFO - Processing /opt/airflow/dags/tmdb_pipeline_to_stage.py took 0.145 seconds
[2026-04-04T22:44:19.572+0000] {processor.py:161} INFO - Started process (PID=30833) to work on /opt/airflow/dags/tmdb_pipeline_to_stage.py
[2026-04-04T22:44:19.585+0000] {processor.py:830} INFO - Processing file /opt/airflow/dags/tmdb_pipeline_to_stage.py for tasks to queue
[2026-04-04T22:44:19.594+0000] {logging_mixin.py:188} INFO - [2026-04-04T22:44:19.591+0000] {dagbag.py:545} INFO - Filling up the DagBag from /opt/airflow/dags/tmdb_pipeline_to_stage.py
[2026-04-04T22:44:19.754+0000] {processor.py:840} INFO - DAG(s) 'tmdb_stage_pipeline' retrieved from /opt/airflow/dags/tmdb_pipeline_to_stage.py
[2026-04-04T22:44:19.839+0000] {logging_mixin.py:188} INFO - [2026-04-04T22:44:19.838+0000] {dag.py:3096} INFO - Sync 1 DAGs
[2026-04-04T22:44:19.917+0000] {logging_mixin.py:188} INFO - [2026-04-04T22:44:19.917+0000] {dag.py:3954} INFO - Setting next_dagrun for tmdb_stage_pipeline to None, run_after=None
[2026-04-04T22:44:19.972+0000] {processor.py:183} INFO - Processing /opt/airflow/dags/tmdb_pipeline_to_stage.py took 0.481 seconds
[2026-04-04T22:44:50.605+0000] {processor.py:161} INFO - Started process (PID=30853) to work on /opt/airflow/dags/tmdb_pipeline_to_stage.py
[2026-04-04T22:44:50.611+0000] {processor.py:830} INFO - Processing file /opt/airflow/dags/tmdb_pipeline_to_stage.py for tasks to queue
[2026-04-04T22:44:50.612+0000] {logging_mixin.py:188} INFO - [2026-04-04T22:44:50.612+0000] {dagbag.py:545} INFO - Filling up the DagBag from /opt/airflow/dags/tmdb_pipeline_to_stage.py
[2026-04-04T22:44:50.642+0000] {processor.py:840} INFO - DAG(s) 'tmdb_stage_pipeline' retrieved from /opt/airflow/dags/tmdb_pipeline_to_stage.py
[2026-04-04T22:44:50.684+0000] {logging_mixin.py:188} INFO - [2026-04-04T22:44:50.683+0000] {dag.py:3096} INFO - Sync 1 DAGs
[2026-04-04T22:44:50.709+0000] {logging_mixin.py:188} INFO - [2026-04-04T22:44:50.709+0000] {dag.py:3954} INFO - Setting next_dagrun for tmdb_stage_pipeline to None, run_after=None
[2026-04-04T22:44:50.729+0000] {processor.py:183} INFO - Processing /opt/airflow/dags/tmdb_pipeline_to_stage.py took 0.139 seconds
[2026-04-04T22:45:21.265+0000] {processor.py:161} INFO - Started process (PID=30873) to work on /opt/airflow/dags/tmdb_pipeline_to_stage.py
[2026-04-04T22:45:21.270+0000] {processor.py:830} INFO - Processing file /opt/airflow/dags/tmdb_pipeline_to_stage.py for tasks to queue
[2026-04-04T22:45:21.273+0000] {logging_mixin.py:188} INFO - [2026-04-04T22:45:21.272+0000] {dagbag.py:545} INFO - Filling up the DagBag from /opt/airflow/dags/tmdb_pipeline_to_stage.py
[2026-04-04T22:45:21.300+0000] {processor.py:840} INFO - DAG(s) 'tmdb_stage_pipeline' retrieved from /opt/airflow/dags/tmdb_pipeline_to_stage.py
[2026-04-04T22:45:21.350+0000] {logging_mixin.py:188} INFO - [2026-04-04T22:45:21.350+0000] {dag.py:3096} INFO - Sync 1 DAGs
[2026-04-04T22:45:21.375+0000] {logging_mixin.py:188} INFO - [2026-04-04T22:45:21.374+0000] {dag.py:3954} INFO - Setting next_dagrun for tmdb_stage_pipeline to None, run_after=None
[2026-04-04T22:45:21.390+0000] {processor.py:183} INFO - Processing /opt/airflow/dags/tmdb_pipeline_to_stage.py took 0.155 seconds
[2026-04-04T22:45:51.896+0000] {processor.py:161} INFO - Started process (PID=30893) to work on /opt/airflow/dags/tmdb_pipeline_to_stage.py
[2026-04-04T22:45:51.901+0000] {processor.py:830} INFO - Processing file /opt/airflow/dags/tmdb_pipeline_to_stage.py for tasks to queue
[2026-04-04T22:45:51.904+0000] {logging_mixin.py:188} INFO - [2026-04-04T22:45:51.903+0000] {dagbag.py:545} INFO - Filling up the DagBag from /opt/airflow/dags/tmdb_pipeline_to_stage.py
[2026-04-04T22:45:51.919+0000] {processor.py:840} INFO - DAG(s) 'tmdb_stage_pipeline' retrieved from /opt/airflow/dags/tmdb_pipeline_to_stage.py
[2026-04-04T22:45:51.971+0000] {logging_mixin.py:188} INFO - [2026-04-04T22:45:51.971+0000] {dag.py:3096} INFO - Sync 1 DAGs
[2026-04-04T22:45:51.986+0000] {logging_mixin.py:188} INFO - [2026-04-04T22:45:51.986+0000] {dag.py:3954} INFO - Setting next_dagrun for tmdb_stage_pipeline to None, run_after=None
[2026-04-04T22:45:52.013+0000] {processor.py:183} INFO - Processing /opt/airflow/dags/tmdb_pipeline_to_stage.py took 0.136 seconds
[2026-04-04T22:46:22.429+0000] {processor.py:161} INFO - Started process (PID=30913) to work on /opt/airflow/dags/tmdb_pipeline_to_stage.py
[2026-04-04T22:46:22.435+0000] {processor.py:830} INFO - Processing file /opt/airflow/dags/tmdb_pipeline_to_stage.py for tasks to queue
[2026-04-04T22:46:22.436+0000] {logging_mixin.py:188} INFO - [2026-04-04T22:46:22.435+0000] {dagbag.py:545} INFO - Filling up the DagBag from /opt/airflow/dags/tmdb_pipeline_to_stage.py
[2026-04-04T22:46:22.455+0000] {processor.py:840} INFO - DAG(s) 'tmdb_stage_pipeline' retrieved from /opt/airflow/dags/tmdb_pipeline_to_stage.py
[2026-04-04T22:46:22.491+0000] {logging_mixin.py:188} INFO - [2026-04-04T22:46:22.490+0000] {dag.py:3096} INFO - Sync 1 DAGs
[2026-04-04T22:46:22.508+0000] {logging_mixin.py:188} INFO - [2026-04-04T22:46:22.508+0000] {dag.py:3954} INFO - Setting next_dagrun for tmdb_stage_pipeline to None, run_after=None
[2026-04-04T22:46:22.526+0000] {processor.py:183} INFO - Processing /opt/airflow/dags/tmdb_pipeline_to_stage.py took 0.110 seconds
[2026-04-04T22:46:52.939+0000] {processor.py:161} INFO - Started process (PID=30933) to work on /opt/airflow/dags/tmdb_pipeline_to_stage.py
[2026-04-04T22:46:52.946+0000] {processor.py:830} INFO - Processing file /opt/airflow/dags/tmdb_pipeline_to_stage.py for tasks to queue
[2026-04-04T22:46:52.950+0000] {logging_mixin.py:188} INFO - [2026-04-04T22:46:52.949+0000] {dagbag.py:545} INFO - Filling up the DagBag from /opt/airflow/dags/tmdb_pipeline_to_stage.py
[2026-04-04T22:46:52.991+0000] {processor.py:840} INFO - DAG(s) 'tmdb_stage_pipeline' retrieved from /opt/airflow/dags/tmdb_pipeline_to_stage.py
[2026-04-04T22:46:53.045+0000] {logging_mixin.py:188} INFO - [2026-04-04T22:46:53.045+0000] {dag.py:3096} INFO - Sync 1 DAGs
[2026-04-04T22:46:53.069+0000] {logging_mixin.py:188} INFO - [2026-04-04T22:46:53.068+0000] {dag.py:3954} INFO - Setting next_dagrun for tmdb_stage_pipeline to None, run_after=None
[2026-04-04T22:46:53.094+0000] {processor.py:183} INFO - Processing /opt/airflow/dags/tmdb_pipeline_to_stage.py took 0.179 seconds
[2026-04-04T22:47:23.567+0000] {processor.py:161} INFO - Started process (PID=30953) to work on /opt/airflow/dags/tmdb_pipeline_to_stage.py
[2026-04-04T22:47:23.572+0000] {processor.py:830} INFO - Processing file /opt/airflow/dags/tmdb_pipeline_to_stage.py for tasks to queue
[2026-04-04T22:47:23.573+0000] {logging_mixin.py:188} INFO - [2026-04-04T22:47:23.572+0000] {dagbag.py:545} INFO - Filling up the DagBag from /opt/airflow/dags/tmdb_pipeline_to_stage.py
[2026-04-04T22:47:23.605+0000] {processor.py:840} INFO - DAG(s) 'tmdb_stage_pipeline' retrieved from /opt/airflow/dags/tmdb_pipeline_to_stage.py
[2026-04-04T22:47:23.653+0000] {logging_mixin.py:188} INFO - [2026-04-04T22:47:23.653+0000] {dag.py:3096} INFO - Sync 1 DAGs
[2026-04-04T22:47:23.680+0000] {logging_mixin.py:188} INFO - [2026-04-04T22:47:23.680+0000] {dag.py:3954} INFO - Setting next_dagrun for tmdb_stage_pipeline to None, run_after=None
[2026-04-04T22:47:23.701+0000] {processor.py:183} INFO - Processing /opt/airflow/dags/tmdb_pipeline_to_stage.py took 0.150 seconds
[2026-04-04T22:47:54.090+0000] {processor.py:161} INFO - Started process (PID=30973) to work on /opt/airflow/dags/tmdb_pipeline_to_stage.py
[2026-04-04T22:47:54.096+0000] {processor.py:830} INFO - Processing file /opt/airflow/dags/tmdb_pipeline_to_stage.py for tasks to queue
[2026-04-04T22:47:54.097+0000] {logging_mixin.py:188} INFO - [2026-04-04T22:47:54.097+0000] {dagbag.py:545} INFO - Filling up the DagBag from /opt/airflow/dags/tmdb_pipeline_to_stage.py
[2026-04-04T22:47:54.116+0000] {processor.py:840} INFO - DAG(s) 'tmdb_stage_pipeline' retrieved from /opt/airflow/dags/tmdb_pipeline_to_stage.py
[2026-04-04T22:47:54.148+0000] {logging_mixin.py:188} INFO - [2026-04-04T22:47:54.148+0000] {dag.py:3096} INFO - Sync 1 DAGs
[2026-04-04T22:47:54.177+0000] {logging_mixin.py:188} INFO - [2026-04-04T22:47:54.177+0000] {dag.py:3954} INFO - Setting next_dagrun for tmdb_stage_pipeline to None, run_after=None
[2026-04-04T22:47:54.194+0000] {processor.py:183} INFO - Processing /opt/airflow/dags/tmdb_pipeline_to_stage.py took 0.116 seconds
[2026-04-04T22:48:24.674+0000] {processor.py:161} INFO - Started process (PID=30993) to work on /opt/airflow/dags/tmdb_pipeline_to_stage.py
[2026-04-04T22:48:24.679+0000] {processor.py:830} INFO - Processing file /opt/airflow/dags/tmdb_pipeline_to_stage.py for tasks to queue
[2026-04-04T22:48:24.680+0000] {logging_mixin.py:188} INFO - [2026-04-04T22:48:24.679+0000] {dagbag.py:545} INFO - Filling up the DagBag from /opt/airflow/dags/tmdb_pipeline_to_stage.py
[2026-04-04T22:48:24.691+0000] {processor.py:840} INFO - DAG(s) 'tmdb_stage_pipeline' retrieved from /opt/airflow/dags/tmdb_pipeline_to_stage.py
[2026-04-04T22:48:24.738+0000] {logging_mixin.py:188} INFO - [2026-04-04T22:48:24.738+0000] {dag.py:3096} INFO - Sync 1 DAGs
[2026-04-04T22:48:24.754+0000] {logging_mixin.py:188} INFO - [2026-04-04T22:48:24.754+0000] {dag.py:3954} INFO - Setting next_dagrun for tmdb_stage_pipeline to None, run_after=None
[2026-04-04T22:48:24.775+0000] {processor.py:183} INFO - Processing /opt/airflow/dags/tmdb_pipeline_to_stage.py took 0.123 seconds
[2026-04-04T22:48:55.142+0000] {processor.py:161} INFO - Started process (PID=31013) to work on /opt/airflow/dags/tmdb_pipeline_to_stage.py
[2026-04-04T22:48:55.154+0000] {processor.py:830} INFO - Processing file /opt/airflow/dags/tmdb_pipeline_to_stage.py for tasks to queue
[2026-04-04T22:48:55.156+0000] {logging_mixin.py:188} INFO - [2026-04-04T22:48:55.155+0000] {dagbag.py:545} INFO - Filling up the DagBag from /opt/airflow/dags/tmdb_pipeline_to_stage.py
[2026-04-04T22:48:55.177+0000] {processor.py:840} INFO - DAG(s) 'tmdb_stage_pipeline' retrieved from /opt/airflow/dags/tmdb_pipeline_to_stage.py
[2026-04-04T22:48:55.238+0000] {logging_mixin.py:188} INFO - [2026-04-04T22:48:55.238+0000] {dag.py:3096} INFO - Sync 1 DAGs
[2026-04-04T22:48:55.263+0000] {logging_mixin.py:188} INFO - [2026-04-04T22:48:55.263+0000] {dag.py:3954} INFO - Setting next_dagrun for tmdb_stage_pipeline to None, run_after=None
[2026-04-04T22:48:55.285+0000] {processor.py:183} INFO - Processing /opt/airflow/dags/tmdb_pipeline_to_stage.py took 0.160 seconds
[2026-04-04T22:49:25.680+0000] {processor.py:161} INFO - Started process (PID=31033) to work on /opt/airflow/dags/tmdb_pipeline_to_stage.py
[2026-04-04T22:49:25.687+0000] {processor.py:830} INFO - Processing file /opt/airflow/dags/tmdb_pipeline_to_stage.py for tasks to queue
[2026-04-04T22:49:25.688+0000] {logging_mixin.py:188} INFO - [2026-04-04T22:49:25.687+0000] {dagbag.py:545} INFO - Filling up the DagBag from /opt/airflow/dags/tmdb_pipeline_to_stage.py
[2026-04-04T22:49:25.718+0000] {processor.py:840} INFO - DAG(s) 'tmdb_stage_pipeline' retrieved from /opt/airflow/dags/tmdb_pipeline_to_stage.py
[2026-04-04T22:49:25.763+0000] {logging_mixin.py:188} INFO - [2026-04-04T22:49:25.763+0000] {dag.py:3096} INFO - Sync 1 DAGs
[2026-04-04T22:49:25.793+0000] {logging_mixin.py:188} INFO - [2026-04-04T22:49:25.793+0000] {dag.py:3954} INFO - Setting next_dagrun for tmdb_stage_pipeline to None, run_after=None
[2026-04-04T22:49:25.816+0000] {processor.py:183} INFO - Processing /opt/airflow/dags/tmdb_pipeline_to_stage.py took 0.163 seconds
[2026-04-04T22:49:56.275+0000] {processor.py:161} INFO - Started process (PID=31053) to work on /opt/airflow/dags/tmdb_pipeline_to_stage.py
[2026-04-04T22:49:56.286+0000] {processor.py:830} INFO - Processing file /opt/airflow/dags/tmdb_pipeline_to_stage.py for tasks to queue
[2026-04-04T22:49:56.287+0000] {logging_mixin.py:188} INFO - [2026-04-04T22:49:56.287+0000] {dagbag.py:545} INFO - Filling up the DagBag from /opt/airflow/dags/tmdb_pipeline_to_stage.py
[2026-04-04T22:49:56.302+0000] {processor.py:840} INFO - DAG(s) 'tmdb_stage_pipeline' retrieved from /opt/airflow/dags/tmdb_pipeline_to_stage.py
[2026-04-04T22:49:56.342+0000] {logging_mixin.py:188} INFO - [2026-04-04T22:49:56.342+0000] {dag.py:3096} INFO - Sync 1 DAGs
[2026-04-04T22:49:56.373+0000] {logging_mixin.py:188} INFO - [2026-04-04T22:49:56.373+0000] {dag.py:3954} INFO - Setting next_dagrun for tmdb_stage_pipeline to None, run_after=None
[2026-04-04T22:49:56.394+0000] {processor.py:183} INFO - Processing /opt/airflow/dags/tmdb_pipeline_to_stage.py took 0.129 seconds
[2026-04-04T22:50:26.863+0000] {processor.py:161} INFO - Started process (PID=31073) to work on /opt/airflow/dags/tmdb_pipeline_to_stage.py
[2026-04-04T22:50:26.868+0000] {processor.py:830} INFO - Processing file /opt/airflow/dags/tmdb_pipeline_to_stage.py for tasks to queue
[2026-04-04T22:50:26.869+0000] {logging_mixin.py:188} INFO - [2026-04-04T22:50:26.868+0000] {dagbag.py:545} INFO - Filling up the DagBag from /opt/airflow/dags/tmdb_pipeline_to_stage.py
[2026-04-04T22:50:26.903+0000] {processor.py:840} INFO - DAG(s) 'tmdb_stage_pipeline' retrieved from /opt/airflow/dags/tmdb_pipeline_to_stage.py
[2026-04-04T22:50:26.949+0000] {logging_mixin.py:188} INFO - [2026-04-04T22:50:26.949+0000] {dag.py:3096} INFO - Sync 1 DAGs
[2026-04-04T22:50:26.965+0000] {logging_mixin.py:188} INFO - [2026-04-04T22:50:26.964+0000] {dag.py:3954} INFO - Setting next_dagrun for tmdb_stage_pipeline to None, run_after=None
[2026-04-04T22:50:26.986+0000] {processor.py:183} INFO - Processing /opt/airflow/dags/tmdb_pipeline_to_stage.py took 0.136 seconds
[2026-04-04T22:50:57.349+0000] {processor.py:161} INFO - Started process (PID=31093) to work on /opt/airflow/dags/tmdb_pipeline_to_stage.py
[2026-04-04T22:50:57.353+0000] {processor.py:830} INFO - Processing file /opt/airflow/dags/tmdb_pipeline_to_stage.py for tasks to queue
[2026-04-04T22:50:57.354+0000] {logging_mixin.py:188} INFO - [2026-04-04T22:50:57.354+0000] {dagbag.py:545} INFO - Filling up the DagBag from /opt/airflow/dags/tmdb_pipeline_to_stage.py
[2026-04-04T22:50:57.388+0000] {processor.py:840} INFO - DAG(s) 'tmdb_stage_pipeline' retrieved from /opt/airflow/dags/tmdb_pipeline_to_stage.py
[2026-04-04T22:50:57.417+0000] {logging_mixin.py:188} INFO - [2026-04-04T22:50:57.416+0000] {dag.py:3096} INFO - Sync 1 DAGs
[2026-04-04T22:50:57.447+0000] {logging_mixin.py:188} INFO - [2026-04-04T22:50:57.446+0000] {dag.py:3954} INFO - Setting next_dagrun for tmdb_stage_pipeline to None, run_after=None
[2026-04-04T22:50:57.510+0000] {processor.py:183} INFO - Processing /opt/airflow/dags/tmdb_pipeline_to_stage.py took 0.173 seconds
[2026-04-04T22:51:27.962+0000] {processor.py:161} INFO - Started process (PID=31113) to work on /opt/airflow/dags/tmdb_pipeline_to_stage.py
[2026-04-04T22:51:27.966+0000] {processor.py:830} INFO - Processing file /opt/airflow/dags/tmdb_pipeline_to_stage.py for tasks to queue
[2026-04-04T22:51:27.968+0000] {logging_mixin.py:188} INFO - [2026-04-04T22:51:27.967+0000] {dagbag.py:545} INFO - Filling up the DagBag from /opt/airflow/dags/tmdb_pipeline_to_stage.py
[2026-04-04T22:51:27.988+0000] {processor.py:840} INFO - DAG(s) 'tmdb_stage_pipeline' retrieved from /opt/airflow/dags/tmdb_pipeline_to_stage.py
[2026-04-04T22:51:28.034+0000] {logging_mixin.py:188} INFO - [2026-04-04T22:51:28.034+0000] {dag.py:3096} INFO - Sync 1 DAGs
[2026-04-04T22:51:28.053+0000] {logging_mixin.py:188} INFO - [2026-04-04T22:51:28.053+0000] {dag.py:3954} INFO - Setting next_dagrun for tmdb_stage_pipeline to None, run_after=None
[2026-04-04T22:51:28.071+0000] {processor.py:183} INFO - Processing /opt/airflow/dags/tmdb_pipeline_to_stage.py took 0.119 seconds
[2026-04-04T22:51:58.419+0000] {processor.py:161} INFO - Started process (PID=31133) to work on /opt/airflow/dags/tmdb_pipeline_to_stage.py
[2026-04-04T22:51:58.424+0000] {processor.py:830} INFO - Processing file /opt/airflow/dags/tmdb_pipeline_to_stage.py for tasks to queue
[2026-04-04T22:51:58.426+0000] {logging_mixin.py:188} INFO - [2026-04-04T22:51:58.425+0000] {dagbag.py:545} INFO - Filling up the DagBag from /opt/airflow/dags/tmdb_pipeline_to_stage.py
[2026-04-04T22:51:58.449+0000] {processor.py:840} INFO - DAG(s) 'tmdb_stage_pipeline' retrieved from /opt/airflow/dags/tmdb_pipeline_to_stage.py
[2026-04-04T22:51:58.497+0000] {logging_mixin.py:188} INFO - [2026-04-04T22:51:58.497+0000] {dag.py:3096} INFO - Sync 1 DAGs
[2026-04-04T22:51:58.518+0000] {logging_mixin.py:188} INFO - [2026-04-04T22:51:58.518+0000] {dag.py:3954} INFO - Setting next_dagrun for tmdb_stage_pipeline to None, run_after=None
[2026-04-04T22:51:58.534+0000] {processor.py:183} INFO - Processing /opt/airflow/dags/tmdb_pipeline_to_stage.py took 0.127 seconds
[2026-04-04T22:52:28.991+0000] {processor.py:161} INFO - Started process (PID=31153) to work on /opt/airflow/dags/tmdb_pipeline_to_stage.py
[2026-04-04T22:52:28.997+0000] {processor.py:830} INFO - Processing file /opt/airflow/dags/tmdb_pipeline_to_stage.py for tasks to queue
[2026-04-04T22:52:28.999+0000] {logging_mixin.py:188} INFO - [2026-04-04T22:52:28.999+0000] {dagbag.py:545} INFO - Filling up the DagBag from /opt/airflow/dags/tmdb_pipeline_to_stage.py
[2026-04-04T22:52:29.029+0000] {processor.py:840} INFO - DAG(s) 'tmdb_stage_pipeline' retrieved from /opt/airflow/dags/tmdb_pipeline_to_stage.py
[2026-04-04T22:52:29.067+0000] {logging_mixin.py:188} INFO - [2026-04-04T22:52:29.067+0000] {dag.py:3096} INFO - Sync 1 DAGs
[2026-04-04T22:52:29.102+0000] {logging_mixin.py:188} INFO - [2026-04-04T22:52:29.102+0000] {dag.py:3954} INFO - Setting next_dagrun for tmdb_stage_pipeline to None, run_after=None
[2026-04-04T22:52:29.124+0000] {processor.py:183} INFO - Processing /opt/airflow/dags/tmdb_pipeline_to_stage.py took 0.145 seconds
[2026-04-04T22:52:59.459+0000] {processor.py:161} INFO - Started process (PID=31173) to work on /opt/airflow/dags/tmdb_pipeline_to_stage.py
[2026-04-04T22:52:59.465+0000] {processor.py:830} INFO - Processing file /opt/airflow/dags/tmdb_pipeline_to_stage.py for tasks to queue
[2026-04-04T22:52:59.466+0000] {logging_mixin.py:188} INFO - [2026-04-04T22:52:59.465+0000] {dagbag.py:545} INFO - Filling up the DagBag from /opt/airflow/dags/tmdb_pipeline_to_stage.py
[2026-04-04T22:52:59.482+0000] {processor.py:840} INFO - DAG(s) 'tmdb_stage_pipeline' retrieved from /opt/airflow/dags/tmdb_pipeline_to_stage.py
[2026-04-04T22:52:59.519+0000] {logging_mixin.py:188} INFO - [2026-04-04T22:52:59.519+0000] {dag.py:3096} INFO - Sync 1 DAGs
[2026-04-04T22:52:59.537+0000] {logging_mixin.py:188} INFO - [2026-04-04T22:52:59.537+0000] {dag.py:3954} INFO - Setting next_dagrun for tmdb_stage_pipeline to None, run_after=None
[2026-04-04T22:52:59.556+0000] {processor.py:183} INFO - Processing /opt/airflow/dags/tmdb_pipeline_to_stage.py took 0.119 seconds
[2026-04-04T22:53:29.990+0000] {processor.py:161} INFO - Started process (PID=31193) to work on /opt/airflow/dags/tmdb_pipeline_to_stage.py
[2026-04-04T22:53:29.995+0000] {processor.py:830} INFO - Processing file /opt/airflow/dags/tmdb_pipeline_to_stage.py for tasks to queue
[2026-04-04T22:53:29.997+0000] {logging_mixin.py:188} INFO - [2026-04-04T22:53:29.997+0000] {dagbag.py:545} INFO - Filling up the DagBag from /opt/airflow/dags/tmdb_pipeline_to_stage.py
[2026-04-04T22:53:30.015+0000] {processor.py:840} INFO - DAG(s) 'tmdb_stage_pipeline' retrieved from /opt/airflow/dags/tmdb_pipeline_to_stage.py
[2026-04-04T22:53:30.049+0000] {logging_mixin.py:188} INFO - [2026-04-04T22:53:30.049+0000] {dag.py:3096} INFO - Sync 1 DAGs
[2026-04-04T22:53:30.064+0000] {logging_mixin.py:188} INFO - [2026-04-04T22:53:30.064+0000] {dag.py:3954} INFO - Setting next_dagrun for tmdb_stage_pipeline to None, run_after=None
[2026-04-04T22:53:30.083+0000] {processor.py:183} INFO - Processing /opt/airflow/dags/tmdb_pipeline_to_stage.py took 0.103 seconds
[2026-04-04T22:54:00.485+0000] {processor.py:161} INFO - Started process (PID=31213) to work on /opt/airflow/dags/tmdb_pipeline_to_stage.py
[2026-04-04T22:54:00.502+0000] {processor.py:830} INFO - Processing file /opt/airflow/dags/tmdb_pipeline_to_stage.py for tasks to queue
[2026-04-04T22:54:00.504+0000] {logging_mixin.py:188} INFO - [2026-04-04T22:54:00.504+0000] {dagbag.py:545} INFO - Filling up the DagBag from /opt/airflow/dags/tmdb_pipeline_to_stage.py
[2026-04-04T22:54:00.527+0000] {processor.py:840} INFO - DAG(s) 'tmdb_stage_pipeline' retrieved from /opt/airflow/dags/tmdb_pipeline_to_stage.py
[2026-04-04T22:54:00.584+0000] {logging_mixin.py:188} INFO - [2026-04-04T22:54:00.584+0000] {dag.py:3096} INFO - Sync 1 DAGs
[2026-04-04T22:54:00.601+0000] {logging_mixin.py:188} INFO - [2026-04-04T22:54:00.601+0000] {dag.py:3954} INFO - Setting next_dagrun for tmdb_stage_pipeline to None, run_after=None
[2026-04-04T22:54:00.620+0000] {processor.py:183} INFO - Processing /opt/airflow/dags/tmdb_pipeline_to_stage.py took 0.163 seconds
[2026-04-04T22:54:31.018+0000] {processor.py:161} INFO - Started process (PID=31233) to work on /opt/airflow/dags/tmdb_pipeline_to_stage.py
[2026-04-04T22:54:31.022+0000] {processor.py:830} INFO - Processing file /opt/airflow/dags/tmdb_pipeline_to_stage.py for tasks to queue
[2026-04-04T22:54:31.023+0000] {logging_mixin.py:188} INFO - [2026-04-04T22:54:31.023+0000] {dagbag.py:545} INFO - Filling up the DagBag from /opt/airflow/dags/tmdb_pipeline_to_stage.py
[2026-04-04T22:54:31.042+0000] {processor.py:840} INFO - DAG(s) 'tmdb_stage_pipeline' retrieved from /opt/airflow/dags/tmdb_pipeline_to_stage.py
[2026-04-04T22:54:31.094+0000] {logging_mixin.py:188} INFO - [2026-04-04T22:54:31.094+0000] {dag.py:3096} INFO - Sync 1 DAGs
[2026-04-04T22:54:31.114+0000] {logging_mixin.py:188} INFO - [2026-04-04T22:54:31.114+0000] {dag.py:3954} INFO - Setting next_dagrun for tmdb_stage_pipeline to None, run_after=None
[2026-04-04T22:54:31.132+0000] {processor.py:183} INFO - Processing /opt/airflow/dags/tmdb_pipeline_to_stage.py took 0.123 seconds
[2026-04-04T22:55:01.626+0000] {processor.py:161} INFO - Started process (PID=31253) to work on /opt/airflow/dags/tmdb_pipeline_to_stage.py
[2026-04-04T22:55:01.632+0000] {processor.py:830} INFO - Processing file /opt/airflow/dags/tmdb_pipeline_to_stage.py for tasks to queue
[2026-04-04T22:55:01.634+0000] {logging_mixin.py:188} INFO - [2026-04-04T22:55:01.633+0000] {dagbag.py:545} INFO - Filling up the DagBag from /opt/airflow/dags/tmdb_pipeline_to_stage.py
[2026-04-04T22:55:01.656+0000] {processor.py:840} INFO - DAG(s) 'tmdb_stage_pipeline' retrieved from /opt/airflow/dags/tmdb_pipeline_to_stage.py
[2026-04-04T22:55:01.701+0000] {logging_mixin.py:188} INFO - [2026-04-04T22:55:01.701+0000] {dag.py:3096} INFO - Sync 1 DAGs
[2026-04-04T22:55:01.718+0000] {logging_mixin.py:188} INFO - [2026-04-04T22:55:01.717+0000] {dag.py:3954} INFO - Setting next_dagrun for tmdb_stage_pipeline to None, run_after=None
[2026-04-04T22:55:01.744+0000] {processor.py:183} INFO - Processing /opt/airflow/dags/tmdb_pipeline_to_stage.py took 0.131 seconds
[2026-04-04T22:55:32.145+0000] {processor.py:161} INFO - Started process (PID=31273) to work on /opt/airflow/dags/tmdb_pipeline_to_stage.py
[2026-04-04T22:55:32.149+0000] {processor.py:830} INFO - Processing file /opt/airflow/dags/tmdb_pipeline_to_stage.py for tasks to queue
[2026-04-04T22:55:32.150+0000] {logging_mixin.py:188} INFO - [2026-04-04T22:55:32.150+0000] {dagbag.py:545} INFO - Filling up the DagBag from /opt/airflow/dags/tmdb_pipeline_to_stage.py
[2026-04-04T22:55:32.168+0000] {processor.py:840} INFO - DAG(s) 'tmdb_stage_pipeline' retrieved from /opt/airflow/dags/tmdb_pipeline_to_stage.py
[2026-04-04T22:55:32.207+0000] {logging_mixin.py:188} INFO - [2026-04-04T22:55:32.207+0000] {dag.py:3096} INFO - Sync 1 DAGs
[2026-04-04T22:55:32.224+0000] {logging_mixin.py:188} INFO - [2026-04-04T22:55:32.223+0000] {dag.py:3954} INFO - Setting next_dagrun for tmdb_stage_pipeline to None, run_after=None
[2026-04-04T22:55:32.251+0000] {processor.py:183} INFO - Processing /opt/airflow/dags/tmdb_pipeline_to_stage.py took 0.121 seconds
[2026-04-04T22:56:02.763+0000] {processor.py:161} INFO - Started process (PID=31293) to work on /opt/airflow/dags/tmdb_pipeline_to_stage.py
[2026-04-04T22:56:02.771+0000] {processor.py:830} INFO - Processing file /opt/airflow/dags/tmdb_pipeline_to_stage.py for tasks to queue
[2026-04-04T22:56:02.773+0000] {logging_mixin.py:188} INFO - [2026-04-04T22:56:02.772+0000] {dagbag.py:545} INFO - Filling up the DagBag from /opt/airflow/dags/tmdb_pipeline_to_stage.py
[2026-04-04T22:56:02.815+0000] {processor.py:840} INFO - DAG(s) 'tmdb_stage_pipeline' retrieved from /opt/airflow/dags/tmdb_pipeline_to_stage.py
[2026-04-04T22:56:02.885+0000] {logging_mixin.py:188} INFO - [2026-04-04T22:56:02.885+0000] {dag.py:3096} INFO - Sync 1 DAGs
[2026-04-04T22:56:02.909+0000] {logging_mixin.py:188} INFO - [2026-04-04T22:56:02.908+0000] {dag.py:3954} INFO - Setting next_dagrun for tmdb_stage_pipeline to None, run_after=None
[2026-04-04T22:56:02.930+0000] {processor.py:183} INFO - Processing /opt/airflow/dags/tmdb_pipeline_to_stage.py took 0.181 seconds
[2026-04-04T22:56:33.346+0000] {processor.py:161} INFO - Started process (PID=31313) to work on /opt/airflow/dags/tmdb_pipeline_to_stage.py
[2026-04-04T22:56:33.355+0000] {processor.py:830} INFO - Processing file /opt/airflow/dags/tmdb_pipeline_to_stage.py for tasks to queue
[2026-04-04T22:56:33.357+0000] {logging_mixin.py:188} INFO - [2026-04-04T22:56:33.356+0000] {dagbag.py:545} INFO - Filling up the DagBag from /opt/airflow/dags/tmdb_pipeline_to_stage.py
[2026-04-04T22:56:33.383+0000] {processor.py:840} INFO - DAG(s) 'tmdb_stage_pipeline' retrieved from /opt/airflow/dags/tmdb_pipeline_to_stage.py
[2026-04-04T22:56:33.425+0000] {logging_mixin.py:188} INFO - [2026-04-04T22:56:33.425+0000] {dag.py:3096} INFO - Sync 1 DAGs
[2026-04-04T22:56:33.452+0000] {logging_mixin.py:188} INFO - [2026-04-04T22:56:33.452+0000] {dag.py:3954} INFO - Setting next_dagrun for tmdb_stage_pipeline to None, run_after=None
[2026-04-04T22:56:33.478+0000] {processor.py:183} INFO - Processing /opt/airflow/dags/tmdb_pipeline_to_stage.py took 0.145 seconds
[2026-04-04T22:57:03.870+0000] {processor.py:161} INFO - Started process (PID=31333) to work on /opt/airflow/dags/tmdb_pipeline_to_stage.py
[2026-04-04T22:57:03.876+0000] {processor.py:830} INFO - Processing file /opt/airflow/dags/tmdb_pipeline_to_stage.py for tasks to queue
[2026-04-04T22:57:03.877+0000] {logging_mixin.py:188} INFO - [2026-04-04T22:57:03.877+0000] {dagbag.py:545} INFO - Filling up the DagBag from /opt/airflow/dags/tmdb_pipeline_to_stage.py
[2026-04-04T22:57:03.894+0000] {processor.py:840} INFO - DAG(s) 'tmdb_stage_pipeline' retrieved from /opt/airflow/dags/tmdb_pipeline_to_stage.py
[2026-04-04T22:57:03.924+0000] {logging_mixin.py:188} INFO - [2026-04-04T22:57:03.924+0000] {dag.py:3096} INFO - Sync 1 DAGs
[2026-04-04T22:57:03.940+0000] {logging_mixin.py:188} INFO - [2026-04-04T22:57:03.940+0000] {dag.py:3954} INFO - Setting next_dagrun for tmdb_stage_pipeline to None, run_after=None
[2026-04-04T22:57:03.967+0000] {processor.py:183} INFO - Processing /opt/airflow/dags/tmdb_pipeline_to_stage.py took 0.108 seconds
[2026-04-04T22:57:34.310+0000] {processor.py:161} INFO - Started process (PID=31353) to work on /opt/airflow/dags/tmdb_pipeline_to_stage.py
[2026-04-04T22:57:34.316+0000] {processor.py:830} INFO - Processing file /opt/airflow/dags/tmdb_pipeline_to_stage.py for tasks to queue
[2026-04-04T22:57:34.318+0000] {logging_mixin.py:188} INFO - [2026-04-04T22:57:34.318+0000] {dagbag.py:545} INFO - Filling up the DagBag from /opt/airflow/dags/tmdb_pipeline_to_stage.py
[2026-04-04T22:57:34.334+0000] {processor.py:840} INFO - DAG(s) 'tmdb_stage_pipeline' retrieved from /opt/airflow/dags/tmdb_pipeline_to_stage.py
[2026-04-04T22:57:34.359+0000] {logging_mixin.py:188} INFO - [2026-04-04T22:57:34.359+0000] {dag.py:3096} INFO - Sync 1 DAGs
[2026-04-04T22:57:34.386+0000] {logging_mixin.py:188} INFO - [2026-04-04T22:57:34.386+0000] {dag.py:3954} INFO - Setting next_dagrun for tmdb_stage_pipeline to None, run_after=None
[2026-04-04T22:57:34.417+0000] {processor.py:183} INFO - Processing /opt/airflow/dags/tmdb_pipeline_to_stage.py took 0.119 seconds
[2026-04-04T22:58:04.848+0000] {processor.py:161} INFO - Started process (PID=31373) to work on /opt/airflow/dags/tmdb_pipeline_to_stage.py
[2026-04-04T22:58:04.854+0000] {processor.py:830} INFO - Processing file /opt/airflow/dags/tmdb_pipeline_to_stage.py for tasks to queue
[2026-04-04T22:58:04.855+0000] {logging_mixin.py:188} INFO - [2026-04-04T22:58:04.855+0000] {dagbag.py:545} INFO - Filling up the DagBag from /opt/airflow/dags/tmdb_pipeline_to_stage.py
[2026-04-04T22:58:04.871+0000] {processor.py:840} INFO - DAG(s) 'tmdb_stage_pipeline' retrieved from /opt/airflow/dags/tmdb_pipeline_to_stage.py
[2026-04-04T22:58:04.923+0000] {logging_mixin.py:188} INFO - [2026-04-04T22:58:04.923+0000] {dag.py:3096} INFO - Sync 1 DAGs
[2026-04-04T22:58:04.954+0000] {logging_mixin.py:188} INFO - [2026-04-04T22:58:04.954+0000] {dag.py:3954} INFO - Setting next_dagrun for tmdb_stage_pipeline to None, run_after=None
[2026-04-04T22:58:04.972+0000] {processor.py:183} INFO - Processing /opt/airflow/dags/tmdb_pipeline_to_stage.py took 0.160 seconds
[2026-04-04T22:58:35.451+0000] {processor.py:161} INFO - Started process (PID=31393) to work on /opt/airflow/dags/tmdb_pipeline_to_stage.py
[2026-04-04T22:58:35.458+0000] {processor.py:830} INFO - Processing file /opt/airflow/dags/tmdb_pipeline_to_stage.py for tasks to queue
[2026-04-04T22:58:35.460+0000] {logging_mixin.py:188} INFO - [2026-04-04T22:58:35.458+0000] {dagbag.py:545} INFO - Filling up the DagBag from /opt/airflow/dags/tmdb_pipeline_to_stage.py
[2026-04-04T22:58:35.500+0000] {processor.py:840} INFO - DAG(s) 'tmdb_stage_pipeline' retrieved from /opt/airflow/dags/tmdb_pipeline_to_stage.py
[2026-04-04T22:58:35.567+0000] {logging_mixin.py:188} INFO - [2026-04-04T22:58:35.567+0000] {dag.py:3096} INFO - Sync 1 DAGs
[2026-04-04T22:58:35.589+0000] {logging_mixin.py:188} INFO - [2026-04-04T22:58:35.588+0000] {dag.py:3954} INFO - Setting next_dagrun for tmdb_stage_pipeline to None, run_after=None
[2026-04-04T22:58:35.606+0000] {processor.py:183} INFO - Processing /opt/airflow/dags/tmdb_pipeline_to_stage.py took 0.167 seconds
[2026-04-04T22:59:06.008+0000] {processor.py:161} INFO - Started process (PID=31413) to work on /opt/airflow/dags/tmdb_pipeline_to_stage.py
[2026-04-04T22:59:06.015+0000] {processor.py:830} INFO - Processing file /opt/airflow/dags/tmdb_pipeline_to_stage.py for tasks to queue
[2026-04-04T22:59:06.016+0000] {logging_mixin.py:188} INFO - [2026-04-04T22:59:06.016+0000] {dagbag.py:545} INFO - Filling up the DagBag from /opt/airflow/dags/tmdb_pipeline_to_stage.py
[2026-04-04T22:59:06.032+0000] {processor.py:840} INFO - DAG(s) 'tmdb_stage_pipeline' retrieved from /opt/airflow/dags/tmdb_pipeline_to_stage.py
[2026-04-04T22:59:06.075+0000] {logging_mixin.py:188} INFO - [2026-04-04T22:59:06.075+0000] {dag.py:3096} INFO - Sync 1 DAGs
[2026-04-04T22:59:06.090+0000] {logging_mixin.py:188} INFO - [2026-04-04T22:59:06.089+0000] {dag.py:3954} INFO - Setting next_dagrun for tmdb_stage_pipeline to None, run_after=None
[2026-04-04T22:59:06.110+0000] {processor.py:183} INFO - Processing /opt/airflow/dags/tmdb_pipeline_to_stage.py took 0.112 seconds
[2026-04-04T22:59:36.613+0000] {processor.py:161} INFO - Started process (PID=31433) to work on /opt/airflow/dags/tmdb_pipeline_to_stage.py
[2026-04-04T22:59:36.717+0000] {processor.py:830} INFO - Processing file /opt/airflow/dags/tmdb_pipeline_to_stage.py for tasks to queue
[2026-04-04T22:59:36.724+0000] {logging_mixin.py:188} INFO - [2026-04-04T22:59:36.723+0000] {dagbag.py:545} INFO - Filling up the DagBag from /opt/airflow/dags/tmdb_pipeline_to_stage.py
[2026-04-04T22:59:36.742+0000] {processor.py:840} INFO - DAG(s) 'tmdb_stage_pipeline' retrieved from /opt/airflow/dags/tmdb_pipeline_to_stage.py
[2026-04-04T22:59:36.786+0000] {logging_mixin.py:188} INFO - [2026-04-04T22:59:36.786+0000] {dag.py:3096} INFO - Sync 1 DAGs
[2026-04-04T22:59:36.808+0000] {logging_mixin.py:188} INFO - [2026-04-04T22:59:36.808+0000] {dag.py:3954} INFO - Setting next_dagrun for tmdb_stage_pipeline to None, run_after=None
[2026-04-04T22:59:36.833+0000] {processor.py:183} INFO - Processing /opt/airflow/dags/tmdb_pipeline_to_stage.py took 0.243 seconds
[2026-04-04T23:00:07.260+0000] {processor.py:161} INFO - Started process (PID=31453) to work on /opt/airflow/dags/tmdb_pipeline_to_stage.py
[2026-04-04T23:00:07.285+0000] {processor.py:830} INFO - Processing file /opt/airflow/dags/tmdb_pipeline_to_stage.py for tasks to queue
[2026-04-04T23:00:07.286+0000] {logging_mixin.py:188} INFO - [2026-04-04T23:00:07.286+0000] {dagbag.py:545} INFO - Filling up the DagBag from /opt/airflow/dags/tmdb_pipeline_to_stage.py
[2026-04-04T23:00:07.308+0000] {processor.py:840} INFO - DAG(s) 'tmdb_stage_pipeline' retrieved from /opt/airflow/dags/tmdb_pipeline_to_stage.py
[2026-04-04T23:00:07.341+0000] {logging_mixin.py:188} INFO - [2026-04-04T23:00:07.341+0000] {dag.py:3096} INFO - Sync 1 DAGs
[2026-04-04T23:00:07.374+0000] {logging_mixin.py:188} INFO - [2026-04-04T23:00:07.373+0000] {dag.py:3954} INFO - Setting next_dagrun for tmdb_stage_pipeline to None, run_after=None
[2026-04-04T23:00:07.393+0000] {processor.py:183} INFO - Processing /opt/airflow/dags/tmdb_pipeline_to_stage.py took 0.151 seconds
[2026-04-04T23:00:37.802+0000] {processor.py:161} INFO - Started process (PID=31473) to work on /opt/airflow/dags/tmdb_pipeline_to_stage.py
[2026-04-04T23:00:37.809+0000] {processor.py:830} INFO - Processing file /opt/airflow/dags/tmdb_pipeline_to_stage.py for tasks to queue
[2026-04-04T23:00:37.810+0000] {logging_mixin.py:188} INFO - [2026-04-04T23:00:37.810+0000] {dagbag.py:545} INFO - Filling up the DagBag from /opt/airflow/dags/tmdb_pipeline_to_stage.py
[2026-04-04T23:00:37.838+0000] {processor.py:840} INFO - DAG(s) 'tmdb_stage_pipeline' retrieved from /opt/airflow/dags/tmdb_pipeline_to_stage.py
[2026-04-04T23:00:37.887+0000] {logging_mixin.py:188} INFO - [2026-04-04T23:00:37.887+0000] {dag.py:3096} INFO - Sync 1 DAGs
[2026-04-04T23:00:37.901+0000] {logging_mixin.py:188} INFO - [2026-04-04T23:00:37.900+0000] {dag.py:3954} INFO - Setting next_dagrun for tmdb_stage_pipeline to None, run_after=None
[2026-04-04T23:00:37.918+0000] {processor.py:183} INFO - Processing /opt/airflow/dags/tmdb_pipeline_to_stage.py took 0.137 seconds
[2026-04-04T23:01:08.409+0000] {processor.py:161} INFO - Started process (PID=31493) to work on /opt/airflow/dags/tmdb_pipeline_to_stage.py
[2026-04-04T23:01:08.425+0000] {processor.py:830} INFO - Processing file /opt/airflow/dags/tmdb_pipeline_to_stage.py for tasks to queue
[2026-04-04T23:01:08.427+0000] {logging_mixin.py:188} INFO - [2026-04-04T23:01:08.427+0000] {dagbag.py:545} INFO - Filling up the DagBag from /opt/airflow/dags/tmdb_pipeline_to_stage.py
[2026-04-04T23:01:08.456+0000] {processor.py:840} INFO - DAG(s) 'tmdb_stage_pipeline' retrieved from /opt/airflow/dags/tmdb_pipeline_to_stage.py
[2026-04-04T23:01:08.504+0000] {logging_mixin.py:188} INFO - [2026-04-04T23:01:08.503+0000] {dag.py:3096} INFO - Sync 1 DAGs
[2026-04-04T23:01:08.545+0000] {logging_mixin.py:188} INFO - [2026-04-04T23:01:08.545+0000] {dag.py:3954} INFO - Setting next_dagrun for tmdb_stage_pipeline to None, run_after=None
[2026-04-04T23:01:08.567+0000] {processor.py:183} INFO - Processing /opt/airflow/dags/tmdb_pipeline_to_stage.py took 0.216 seconds
[2026-04-04T23:01:39.421+0000] {processor.py:161} INFO - Started process (PID=31513) to work on /opt/airflow/dags/tmdb_pipeline_to_stage.py
[2026-04-04T23:01:39.427+0000] {processor.py:830} INFO - Processing file /opt/airflow/dags/tmdb_pipeline_to_stage.py for tasks to queue
[2026-04-04T23:01:39.430+0000] {logging_mixin.py:188} INFO - [2026-04-04T23:01:39.429+0000] {dagbag.py:545} INFO - Filling up the DagBag from /opt/airflow/dags/tmdb_pipeline_to_stage.py
[2026-04-04T23:01:39.458+0000] {processor.py:840} INFO - DAG(s) 'tmdb_stage_pipeline' retrieved from /opt/airflow/dags/tmdb_pipeline_to_stage.py
[2026-04-04T23:01:39.509+0000] {logging_mixin.py:188} INFO - [2026-04-04T23:01:39.509+0000] {dag.py:3096} INFO - Sync 1 DAGs
[2026-04-04T23:01:39.554+0000] {logging_mixin.py:188} INFO - [2026-04-04T23:01:39.553+0000] {dag.py:3954} INFO - Setting next_dagrun for tmdb_stage_pipeline to None, run_after=None
[2026-04-04T23:01:39.588+0000] {processor.py:183} INFO - Processing /opt/airflow/dags/tmdb_pipeline_to_stage.py took 0.195 seconds
[2026-04-04T23:02:10.069+0000] {processor.py:161} INFO - Started process (PID=31533) to work on /opt/airflow/dags/tmdb_pipeline_to_stage.py
[2026-04-04T23:02:10.077+0000] {processor.py:830} INFO - Processing file /opt/airflow/dags/tmdb_pipeline_to_stage.py for tasks to queue
[2026-04-04T23:02:10.078+0000] {logging_mixin.py:188} INFO - [2026-04-04T23:02:10.078+0000] {dagbag.py:545} INFO - Filling up the DagBag from /opt/airflow/dags/tmdb_pipeline_to_stage.py
[2026-04-04T23:02:10.095+0000] {processor.py:840} INFO - DAG(s) 'tmdb_stage_pipeline' retrieved from /opt/airflow/dags/tmdb_pipeline_to_stage.py
[2026-04-04T23:02:10.128+0000] {logging_mixin.py:188} INFO - [2026-04-04T23:02:10.127+0000] {dag.py:3096} INFO - Sync 1 DAGs
[2026-04-04T23:02:10.146+0000] {logging_mixin.py:188} INFO - [2026-04-04T23:02:10.146+0000] {dag.py:3954} INFO - Setting next_dagrun for tmdb_stage_pipeline to None, run_after=None
[2026-04-04T23:02:10.179+0000] {processor.py:183} INFO - Processing /opt/airflow/dags/tmdb_pipeline_to_stage.py took 0.148 seconds
[2026-04-04T23:02:40.841+0000] {processor.py:161} INFO - Started process (PID=31553) to work on /opt/airflow/dags/tmdb_pipeline_to_stage.py
[2026-04-04T23:02:40.851+0000] {processor.py:830} INFO - Processing file /opt/airflow/dags/tmdb_pipeline_to_stage.py for tasks to queue
[2026-04-04T23:02:40.853+0000] {logging_mixin.py:188} INFO - [2026-04-04T23:02:40.853+0000] {dagbag.py:545} INFO - Filling up the DagBag from /opt/airflow/dags/tmdb_pipeline_to_stage.py
[2026-04-04T23:02:40.875+0000] {processor.py:840} INFO - DAG(s) 'tmdb_stage_pipeline' retrieved from /opt/airflow/dags/tmdb_pipeline_to_stage.py
[2026-04-04T23:02:40.925+0000] {logging_mixin.py:188} INFO - [2026-04-04T23:02:40.924+0000] {dag.py:3096} INFO - Sync 1 DAGs
[2026-04-04T23:02:40.942+0000] {logging_mixin.py:188} INFO - [2026-04-04T23:02:40.942+0000] {dag.py:3954} INFO - Setting next_dagrun for tmdb_stage_pipeline to None, run_after=None
[2026-04-04T23:02:40.962+0000] {processor.py:183} INFO - Processing /opt/airflow/dags/tmdb_pipeline_to_stage.py took 0.149 seconds
[2026-04-04T23:03:11.334+0000] {processor.py:161} INFO - Started process (PID=31573) to work on /opt/airflow/dags/tmdb_pipeline_to_stage.py
[2026-04-04T23:03:11.341+0000] {processor.py:830} INFO - Processing file /opt/airflow/dags/tmdb_pipeline_to_stage.py for tasks to queue
[2026-04-04T23:03:11.343+0000] {logging_mixin.py:188} INFO - [2026-04-04T23:03:11.342+0000] {dagbag.py:545} INFO - Filling up the DagBag from /opt/airflow/dags/tmdb_pipeline_to_stage.py
[2026-04-04T23:03:11.368+0000] {processor.py:840} INFO - DAG(s) 'tmdb_stage_pipeline' retrieved from /opt/airflow/dags/tmdb_pipeline_to_stage.py
[2026-04-04T23:03:11.426+0000] {logging_mixin.py:188} INFO - [2026-04-04T23:03:11.425+0000] {dag.py:3096} INFO - Sync 1 DAGs
[2026-04-04T23:03:11.457+0000] {logging_mixin.py:188} INFO - [2026-04-04T23:03:11.457+0000] {dag.py:3954} INFO - Setting next_dagrun for tmdb_stage_pipeline to None, run_after=None
[2026-04-04T23:03:11.497+0000] {processor.py:183} INFO - Processing /opt/airflow/dags/tmdb_pipeline_to_stage.py took 0.194 seconds
[2026-04-04T23:03:42.261+0000] {processor.py:161} INFO - Started process (PID=31593) to work on /opt/airflow/dags/tmdb_pipeline_to_stage.py
[2026-04-04T23:03:42.264+0000] {processor.py:830} INFO - Processing file /opt/airflow/dags/tmdb_pipeline_to_stage.py for tasks to queue
[2026-04-04T23:03:42.265+0000] {logging_mixin.py:188} INFO - [2026-04-04T23:03:42.265+0000] {dagbag.py:545} INFO - Filling up the DagBag from /opt/airflow/dags/tmdb_pipeline_to_stage.py
[2026-04-04T23:03:42.297+0000] {processor.py:840} INFO - DAG(s) 'tmdb_stage_pipeline' retrieved from /opt/airflow/dags/tmdb_pipeline_to_stage.py
[2026-04-04T23:03:42.346+0000] {logging_mixin.py:188} INFO - [2026-04-04T23:03:42.346+0000] {dag.py:3096} INFO - Sync 1 DAGs
[2026-04-04T23:03:42.384+0000] {logging_mixin.py:188} INFO - [2026-04-04T23:03:42.384+0000] {dag.py:3954} INFO - Setting next_dagrun for tmdb_stage_pipeline to None, run_after=None
[2026-04-04T23:03:42.408+0000] {processor.py:183} INFO - Processing /opt/airflow/dags/tmdb_pipeline_to_stage.py took 0.162 seconds
[2026-04-04T23:04:12.767+0000] {processor.py:161} INFO - Started process (PID=31613) to work on /opt/airflow/dags/tmdb_pipeline_to_stage.py
[2026-04-04T23:04:12.775+0000] {processor.py:830} INFO - Processing file /opt/airflow/dags/tmdb_pipeline_to_stage.py for tasks to queue
[2026-04-04T23:04:12.776+0000] {logging_mixin.py:188} INFO - [2026-04-04T23:04:12.776+0000] {dagbag.py:545} INFO - Filling up the DagBag from /opt/airflow/dags/tmdb_pipeline_to_stage.py
[2026-04-04T23:04:12.809+0000] {processor.py:840} INFO - DAG(s) 'tmdb_stage_pipeline' retrieved from /opt/airflow/dags/tmdb_pipeline_to_stage.py
[2026-04-04T23:04:12.847+0000] {logging_mixin.py:188} INFO - [2026-04-04T23:04:12.847+0000] {dag.py:3096} INFO - Sync 1 DAGs
[2026-04-04T23:04:12.867+0000] {logging_mixin.py:188} INFO - [2026-04-04T23:04:12.866+0000] {dag.py:3954} INFO - Setting next_dagrun for tmdb_stage_pipeline to None, run_after=None
[2026-04-04T23:04:12.897+0000] {processor.py:183} INFO - Processing /opt/airflow/dags/tmdb_pipeline_to_stage.py took 0.142 seconds
[2026-04-04T23:04:43.354+0000] {processor.py:161} INFO - Started process (PID=31633) to work on /opt/airflow/dags/tmdb_pipeline_to_stage.py
[2026-04-04T23:04:43.360+0000] {processor.py:830} INFO - Processing file /opt/airflow/dags/tmdb_pipeline_to_stage.py for tasks to queue
[2026-04-04T23:04:43.362+0000] {logging_mixin.py:188} INFO - [2026-04-04T23:04:43.362+0000] {dagbag.py:545} INFO - Filling up the DagBag from /opt/airflow/dags/tmdb_pipeline_to_stage.py
[2026-04-04T23:04:43.388+0000] {processor.py:840} INFO - DAG(s) 'tmdb_stage_pipeline' retrieved from /opt/airflow/dags/tmdb_pipeline_to_stage.py
[2026-04-04T23:04:43.427+0000] {logging_mixin.py:188} INFO - [2026-04-04T23:04:43.426+0000] {dag.py:3096} INFO - Sync 1 DAGs
[2026-04-04T23:04:43.452+0000] {logging_mixin.py:188} INFO - [2026-04-04T23:04:43.452+0000] {dag.py:3954} INFO - Setting next_dagrun for tmdb_stage_pipeline to None, run_after=None
[2026-04-04T23:04:43.473+0000] {processor.py:183} INFO - Processing /opt/airflow/dags/tmdb_pipeline_to_stage.py took 0.137 seconds
[2026-04-04T23:05:13.849+0000] {processor.py:161} INFO - Started process (PID=31653) to work on /opt/airflow/dags/tmdb_pipeline_to_stage.py
[2026-04-04T23:05:13.856+0000] {processor.py:830} INFO - Processing file /opt/airflow/dags/tmdb_pipeline_to_stage.py for tasks to queue
[2026-04-04T23:05:13.859+0000] {logging_mixin.py:188} INFO - [2026-04-04T23:05:13.858+0000] {dagbag.py:545} INFO - Filling up the DagBag from /opt/airflow/dags/tmdb_pipeline_to_stage.py
[2026-04-04T23:05:13.888+0000] {processor.py:840} INFO - DAG(s) 'tmdb_stage_pipeline' retrieved from /opt/airflow/dags/tmdb_pipeline_to_stage.py
[2026-04-04T23:05:13.936+0000] {logging_mixin.py:188} INFO - [2026-04-04T23:05:13.936+0000] {dag.py:3096} INFO - Sync 1 DAGs
[2026-04-04T23:05:13.968+0000] {logging_mixin.py:188} INFO - [2026-04-04T23:05:13.968+0000] {dag.py:3954} INFO - Setting next_dagrun for tmdb_stage_pipeline to None, run_after=None
[2026-04-04T23:05:13.987+0000] {processor.py:183} INFO - Processing /opt/airflow/dags/tmdb_pipeline_to_stage.py took 0.156 seconds
[2026-04-04T23:05:44.364+0000] {processor.py:161} INFO - Started process (PID=31673) to work on /opt/airflow/dags/tmdb_pipeline_to_stage.py
[2026-04-04T23:05:44.372+0000] {processor.py:830} INFO - Processing file /opt/airflow/dags/tmdb_pipeline_to_stage.py for tasks to queue
[2026-04-04T23:05:44.374+0000] {logging_mixin.py:188} INFO - [2026-04-04T23:05:44.374+0000] {dagbag.py:545} INFO - Filling up the DagBag from /opt/airflow/dags/tmdb_pipeline_to_stage.py
[2026-04-04T23:05:44.388+0000] {processor.py:840} INFO - DAG(s) 'tmdb_stage_pipeline' retrieved from /opt/airflow/dags/tmdb_pipeline_to_stage.py
[2026-04-04T23:05:44.424+0000] {logging_mixin.py:188} INFO - [2026-04-04T23:05:44.424+0000] {dag.py:3096} INFO - Sync 1 DAGs
[2026-04-04T23:05:44.437+0000] {logging_mixin.py:188} INFO - [2026-04-04T23:05:44.437+0000] {dag.py:3954} INFO - Setting next_dagrun for tmdb_stage_pipeline to None, run_after=None
[2026-04-04T23:05:44.460+0000] {processor.py:183} INFO - Processing /opt/airflow/dags/tmdb_pipeline_to_stage.py took 0.108 seconds
[2026-04-04T23:06:14.852+0000] {processor.py:161} INFO - Started process (PID=31693) to work on /opt/airflow/dags/tmdb_pipeline_to_stage.py
[2026-04-04T23:06:14.861+0000] {processor.py:830} INFO - Processing file /opt/airflow/dags/tmdb_pipeline_to_stage.py for tasks to queue
[2026-04-04T23:06:14.873+0000] {logging_mixin.py:188} INFO - [2026-04-04T23:06:14.866+0000] {dagbag.py:545} INFO - Filling up the DagBag from /opt/airflow/dags/tmdb_pipeline_to_stage.py
[2026-04-04T23:06:14.896+0000] {processor.py:840} INFO - DAG(s) 'tmdb_stage_pipeline' retrieved from /opt/airflow/dags/tmdb_pipeline_to_stage.py
[2026-04-04T23:06:14.944+0000] {logging_mixin.py:188} INFO - [2026-04-04T23:06:14.944+0000] {dag.py:3096} INFO - Sync 1 DAGs
[2026-04-04T23:06:14.969+0000] {logging_mixin.py:188} INFO - [2026-04-04T23:06:14.969+0000] {dag.py:3954} INFO - Setting next_dagrun for tmdb_stage_pipeline to None, run_after=None
[2026-04-04T23:06:14.992+0000] {processor.py:183} INFO - Processing /opt/airflow/dags/tmdb_pipeline_to_stage.py took 0.158 seconds
[2026-04-04T23:06:45.409+0000] {processor.py:161} INFO - Started process (PID=31713) to work on /opt/airflow/dags/tmdb_pipeline_to_stage.py
[2026-04-04T23:06:45.425+0000] {processor.py:830} INFO - Processing file /opt/airflow/dags/tmdb_pipeline_to_stage.py for tasks to queue
[2026-04-04T23:06:45.428+0000] {logging_mixin.py:188} INFO - [2026-04-04T23:06:45.427+0000] {dagbag.py:545} INFO - Filling up the DagBag from /opt/airflow/dags/tmdb_pipeline_to_stage.py
[2026-04-04T23:06:45.459+0000] {processor.py:840} INFO - DAG(s) 'tmdb_stage_pipeline' retrieved from /opt/airflow/dags/tmdb_pipeline_to_stage.py
[2026-04-04T23:06:45.516+0000] {logging_mixin.py:188} INFO - [2026-04-04T23:06:45.516+0000] {dag.py:3096} INFO - Sync 1 DAGs
[2026-04-04T23:06:45.544+0000] {logging_mixin.py:188} INFO - [2026-04-04T23:06:45.543+0000] {dag.py:3954} INFO - Setting next_dagrun for tmdb_stage_pipeline to None, run_after=None
[2026-04-04T23:06:45.563+0000] {processor.py:183} INFO - Processing /opt/airflow/dags/tmdb_pipeline_to_stage.py took 0.177 seconds
[2026-04-04T23:07:15.967+0000] {processor.py:161} INFO - Started process (PID=31733) to work on /opt/airflow/dags/tmdb_pipeline_to_stage.py
[2026-04-04T23:07:15.971+0000] {processor.py:830} INFO - Processing file /opt/airflow/dags/tmdb_pipeline_to_stage.py for tasks to queue
[2026-04-04T23:07:15.973+0000] {logging_mixin.py:188} INFO - [2026-04-04T23:07:15.972+0000] {dagbag.py:545} INFO - Filling up the DagBag from /opt/airflow/dags/tmdb_pipeline_to_stage.py
[2026-04-04T23:07:15.991+0000] {processor.py:840} INFO - DAG(s) 'tmdb_stage_pipeline' retrieved from /opt/airflow/dags/tmdb_pipeline_to_stage.py
[2026-04-04T23:07:16.034+0000] {logging_mixin.py:188} INFO - [2026-04-04T23:07:16.034+0000] {dag.py:3096} INFO - Sync 1 DAGs
[2026-04-04T23:07:16.051+0000] {logging_mixin.py:188} INFO - [2026-04-04T23:07:16.051+0000] {dag.py:3954} INFO - Setting next_dagrun for tmdb_stage_pipeline to None, run_after=None
[2026-04-04T23:07:16.067+0000] {processor.py:183} INFO - Processing /opt/airflow/dags/tmdb_pipeline_to_stage.py took 0.111 seconds
[2026-04-04T23:07:46.508+0000] {processor.py:161} INFO - Started process (PID=31753) to work on /opt/airflow/dags/tmdb_pipeline_to_stage.py
[2026-04-04T23:07:46.514+0000] {processor.py:830} INFO - Processing file /opt/airflow/dags/tmdb_pipeline_to_stage.py for tasks to queue
[2026-04-04T23:07:46.515+0000] {logging_mixin.py:188} INFO - [2026-04-04T23:07:46.514+0000] {dagbag.py:545} INFO - Filling up the DagBag from /opt/airflow/dags/tmdb_pipeline_to_stage.py
[2026-04-04T23:07:46.536+0000] {processor.py:840} INFO - DAG(s) 'tmdb_stage_pipeline' retrieved from /opt/airflow/dags/tmdb_pipeline_to_stage.py
[2026-04-04T23:07:46.568+0000] {logging_mixin.py:188} INFO - [2026-04-04T23:07:46.568+0000] {dag.py:3096} INFO - Sync 1 DAGs
[2026-04-04T23:07:46.586+0000] {logging_mixin.py:188} INFO - [2026-04-04T23:07:46.586+0000] {dag.py:3954} INFO - Setting next_dagrun for tmdb_stage_pipeline to None, run_after=None
[2026-04-04T23:07:46.601+0000] {processor.py:183} INFO - Processing /opt/airflow/dags/tmdb_pipeline_to_stage.py took 0.103 seconds
[2026-04-04T23:08:16.967+0000] {processor.py:161} INFO - Started process (PID=31773) to work on /opt/airflow/dags/tmdb_pipeline_to_stage.py
[2026-04-04T23:08:16.971+0000] {processor.py:830} INFO - Processing file /opt/airflow/dags/tmdb_pipeline_to_stage.py for tasks to queue
[2026-04-04T23:08:16.973+0000] {logging_mixin.py:188} INFO - [2026-04-04T23:08:16.972+0000] {dagbag.py:545} INFO - Filling up the DagBag from /opt/airflow/dags/tmdb_pipeline_to_stage.py
[2026-04-04T23:08:17.001+0000] {processor.py:840} INFO - DAG(s) 'tmdb_stage_pipeline' retrieved from /opt/airflow/dags/tmdb_pipeline_to_stage.py
[2026-04-04T23:08:17.037+0000] {logging_mixin.py:188} INFO - [2026-04-04T23:08:17.037+0000] {dag.py:3096} INFO - Sync 1 DAGs
[2026-04-04T23:08:17.064+0000] {logging_mixin.py:188} INFO - [2026-04-04T23:08:17.064+0000] {dag.py:3954} INFO - Setting next_dagrun for tmdb_stage_pipeline to None, run_after=None
[2026-04-04T23:08:17.080+0000] {processor.py:183} INFO - Processing /opt/airflow/dags/tmdb_pipeline_to_stage.py took 0.129 seconds
[2026-04-04T23:08:47.528+0000] {processor.py:161} INFO - Started process (PID=31793) to work on /opt/airflow/dags/tmdb_pipeline_to_stage.py
[2026-04-04T23:08:47.533+0000] {processor.py:830} INFO - Processing file /opt/airflow/dags/tmdb_pipeline_to_stage.py for tasks to queue
[2026-04-04T23:08:47.534+0000] {logging_mixin.py:188} INFO - [2026-04-04T23:08:47.534+0000] {dagbag.py:545} INFO - Filling up the DagBag from /opt/airflow/dags/tmdb_pipeline_to_stage.py
[2026-04-04T23:08:47.551+0000] {processor.py:840} INFO - DAG(s) 'tmdb_stage_pipeline' retrieved from /opt/airflow/dags/tmdb_pipeline_to_stage.py
[2026-04-04T23:08:47.591+0000] {logging_mixin.py:188} INFO - [2026-04-04T23:08:47.591+0000] {dag.py:3096} INFO - Sync 1 DAGs
[2026-04-04T23:08:47.609+0000] {logging_mixin.py:188} INFO - [2026-04-04T23:08:47.609+0000] {dag.py:3954} INFO - Setting next_dagrun for tmdb_stage_pipeline to None, run_after=None
[2026-04-04T23:08:47.627+0000] {processor.py:183} INFO - Processing /opt/airflow/dags/tmdb_pipeline_to_stage.py took 0.124 seconds
[2026-04-04T23:09:17.944+0000] {processor.py:161} INFO - Started process (PID=31813) to work on /opt/airflow/dags/tmdb_pipeline_to_stage.py
[2026-04-04T23:09:17.951+0000] {processor.py:830} INFO - Processing file /opt/airflow/dags/tmdb_pipeline_to_stage.py for tasks to queue
[2026-04-04T23:09:17.952+0000] {logging_mixin.py:188} INFO - [2026-04-04T23:09:17.952+0000] {dagbag.py:545} INFO - Filling up the DagBag from /opt/airflow/dags/tmdb_pipeline_to_stage.py
[2026-04-04T23:09:17.969+0000] {processor.py:840} INFO - DAG(s) 'tmdb_stage_pipeline' retrieved from /opt/airflow/dags/tmdb_pipeline_to_stage.py
[2026-04-04T23:09:18.006+0000] {logging_mixin.py:188} INFO - [2026-04-04T23:09:18.005+0000] {dag.py:3096} INFO - Sync 1 DAGs
[2026-04-04T23:09:18.024+0000] {logging_mixin.py:188} INFO - [2026-04-04T23:09:18.024+0000] {dag.py:3954} INFO - Setting next_dagrun for tmdb_stage_pipeline to None, run_after=None
[2026-04-04T23:09:18.044+0000] {processor.py:183} INFO - Processing /opt/airflow/dags/tmdb_pipeline_to_stage.py took 0.125 seconds
[2026-04-04T23:09:48.439+0000] {processor.py:161} INFO - Started process (PID=31833) to work on /opt/airflow/dags/tmdb_pipeline_to_stage.py
[2026-04-04T23:09:48.444+0000] {processor.py:830} INFO - Processing file /opt/airflow/dags/tmdb_pipeline_to_stage.py for tasks to queue
[2026-04-04T23:09:48.445+0000] {logging_mixin.py:188} INFO - [2026-04-04T23:09:48.445+0000] {dagbag.py:545} INFO - Filling up the DagBag from /opt/airflow/dags/tmdb_pipeline_to_stage.py
[2026-04-04T23:09:48.472+0000] {processor.py:840} INFO - DAG(s) 'tmdb_stage_pipeline' retrieved from /opt/airflow/dags/tmdb_pipeline_to_stage.py
[2026-04-04T23:09:48.514+0000] {logging_mixin.py:188} INFO - [2026-04-04T23:09:48.514+0000] {dag.py:3096} INFO - Sync 1 DAGs
[2026-04-04T23:09:48.534+0000] {logging_mixin.py:188} INFO - [2026-04-04T23:09:48.534+0000] {dag.py:3954} INFO - Setting next_dagrun for tmdb_stage_pipeline to None, run_after=None
[2026-04-04T23:09:48.554+0000] {processor.py:183} INFO - Processing /opt/airflow/dags/tmdb_pipeline_to_stage.py took 0.132 seconds
[2026-04-04T23:10:18.899+0000] {processor.py:161} INFO - Started process (PID=31853) to work on /opt/airflow/dags/tmdb_pipeline_to_stage.py
[2026-04-04T23:10:18.904+0000] {processor.py:830} INFO - Processing file /opt/airflow/dags/tmdb_pipeline_to_stage.py for tasks to queue
[2026-04-04T23:10:18.905+0000] {logging_mixin.py:188} INFO - [2026-04-04T23:10:18.904+0000] {dagbag.py:545} INFO - Filling up the DagBag from /opt/airflow/dags/tmdb_pipeline_to_stage.py
[2026-04-04T23:10:18.923+0000] {processor.py:840} INFO - DAG(s) 'tmdb_stage_pipeline' retrieved from /opt/airflow/dags/tmdb_pipeline_to_stage.py
[2026-04-04T23:10:18.960+0000] {logging_mixin.py:188} INFO - [2026-04-04T23:10:18.960+0000] {dag.py:3096} INFO - Sync 1 DAGs
[2026-04-04T23:10:18.978+0000] {logging_mixin.py:188} INFO - [2026-04-04T23:10:18.978+0000] {dag.py:3954} INFO - Setting next_dagrun for tmdb_stage_pipeline to None, run_after=None
[2026-04-04T23:10:18.996+0000] {processor.py:183} INFO - Processing /opt/airflow/dags/tmdb_pipeline_to_stage.py took 0.111 seconds
[2026-04-04T23:10:49.405+0000] {processor.py:161} INFO - Started process (PID=31873) to work on /opt/airflow/dags/tmdb_pipeline_to_stage.py
[2026-04-04T23:10:49.410+0000] {processor.py:830} INFO - Processing file /opt/airflow/dags/tmdb_pipeline_to_stage.py for tasks to queue
[2026-04-04T23:10:49.412+0000] {logging_mixin.py:188} INFO - [2026-04-04T23:10:49.411+0000] {dagbag.py:545} INFO - Filling up the DagBag from /opt/airflow/dags/tmdb_pipeline_to_stage.py
[2026-04-04T23:10:49.440+0000] {processor.py:840} INFO - DAG(s) 'tmdb_stage_pipeline' retrieved from /opt/airflow/dags/tmdb_pipeline_to_stage.py
[2026-04-04T23:10:49.475+0000] {logging_mixin.py:188} INFO - [2026-04-04T23:10:49.475+0000] {dag.py:3096} INFO - Sync 1 DAGs
[2026-04-04T23:10:49.498+0000] {logging_mixin.py:188} INFO - [2026-04-04T23:10:49.498+0000] {dag.py:3954} INFO - Setting next_dagrun for tmdb_stage_pipeline to None, run_after=None
[2026-04-04T23:10:49.525+0000] {processor.py:183} INFO - Processing /opt/airflow/dags/tmdb_pipeline_to_stage.py took 0.139 seconds
[2026-04-04T23:11:20.087+0000] {processor.py:161} INFO - Started process (PID=31893) to work on /opt/airflow/dags/tmdb_pipeline_to_stage.py
[2026-04-04T23:11:20.093+0000] {processor.py:830} INFO - Processing file /opt/airflow/dags/tmdb_pipeline_to_stage.py for tasks to queue
[2026-04-04T23:11:20.094+0000] {logging_mixin.py:188} INFO - [2026-04-04T23:11:20.094+0000] {dagbag.py:545} INFO - Filling up the DagBag from /opt/airflow/dags/tmdb_pipeline_to_stage.py
[2026-04-04T23:11:20.112+0000] {processor.py:840} INFO - DAG(s) 'tmdb_stage_pipeline' retrieved from /opt/airflow/dags/tmdb_pipeline_to_stage.py
[2026-04-04T23:11:20.164+0000] {logging_mixin.py:188} INFO - [2026-04-04T23:11:20.164+0000] {dag.py:3096} INFO - Sync 1 DAGs
[2026-04-04T23:11:20.194+0000] {logging_mixin.py:188} INFO - [2026-04-04T23:11:20.193+0000] {dag.py:3954} INFO - Setting next_dagrun for tmdb_stage_pipeline to None, run_after=None
[2026-04-04T23:11:20.209+0000] {processor.py:183} INFO - Processing /opt/airflow/dags/tmdb_pipeline_to_stage.py took 0.150 seconds
[2026-04-04T23:11:50.705+0000] {processor.py:161} INFO - Started process (PID=31913) to work on /opt/airflow/dags/tmdb_pipeline_to_stage.py
[2026-04-04T23:11:50.710+0000] {processor.py:830} INFO - Processing file /opt/airflow/dags/tmdb_pipeline_to_stage.py for tasks to queue
[2026-04-04T23:11:50.712+0000] {logging_mixin.py:188} INFO - [2026-04-04T23:11:50.712+0000] {dagbag.py:545} INFO - Filling up the DagBag from /opt/airflow/dags/tmdb_pipeline_to_stage.py
[2026-04-04T23:11:50.742+0000] {processor.py:840} INFO - DAG(s) 'tmdb_stage_pipeline' retrieved from /opt/airflow/dags/tmdb_pipeline_to_stage.py
[2026-04-04T23:11:50.777+0000] {logging_mixin.py:188} INFO - [2026-04-04T23:11:50.777+0000] {dag.py:3096} INFO - Sync 1 DAGs
[2026-04-04T23:11:50.807+0000] {logging_mixin.py:188} INFO - [2026-04-04T23:11:50.807+0000] {dag.py:3954} INFO - Setting next_dagrun for tmdb_stage_pipeline to None, run_after=None
[2026-04-04T23:11:50.828+0000] {processor.py:183} INFO - Processing /opt/airflow/dags/tmdb_pipeline_to_stage.py took 0.137 seconds
[2026-04-04T23:12:21.271+0000] {processor.py:161} INFO - Started process (PID=31933) to work on /opt/airflow/dags/tmdb_pipeline_to_stage.py
[2026-04-04T23:12:21.276+0000] {processor.py:830} INFO - Processing file /opt/airflow/dags/tmdb_pipeline_to_stage.py for tasks to queue
[2026-04-04T23:12:21.278+0000] {logging_mixin.py:188} INFO - [2026-04-04T23:12:21.277+0000] {dagbag.py:545} INFO - Filling up the DagBag from /opt/airflow/dags/tmdb_pipeline_to_stage.py
[2026-04-04T23:12:21.306+0000] {processor.py:840} INFO - DAG(s) 'tmdb_stage_pipeline' retrieved from /opt/airflow/dags/tmdb_pipeline_to_stage.py
[2026-04-04T23:12:21.349+0000] {logging_mixin.py:188} INFO - [2026-04-04T23:12:21.349+0000] {dag.py:3096} INFO - Sync 1 DAGs
[2026-04-04T23:12:21.379+0000] {logging_mixin.py:188} INFO - [2026-04-04T23:12:21.379+0000] {dag.py:3954} INFO - Setting next_dagrun for tmdb_stage_pipeline to None, run_after=None
[2026-04-04T23:12:21.396+0000] {processor.py:183} INFO - Processing /opt/airflow/dags/tmdb_pipeline_to_stage.py took 0.141 seconds
[2026-04-04T23:12:51.803+0000] {processor.py:161} INFO - Started process (PID=31953) to work on /opt/airflow/dags/tmdb_pipeline_to_stage.py
[2026-04-04T23:12:51.810+0000] {processor.py:830} INFO - Processing file /opt/airflow/dags/tmdb_pipeline_to_stage.py for tasks to queue
[2026-04-04T23:12:51.812+0000] {logging_mixin.py:188} INFO - [2026-04-04T23:12:51.811+0000] {dagbag.py:545} INFO - Filling up the DagBag from /opt/airflow/dags/tmdb_pipeline_to_stage.py
[2026-04-04T23:12:51.844+0000] {processor.py:840} INFO - DAG(s) 'tmdb_stage_pipeline' retrieved from /opt/airflow/dags/tmdb_pipeline_to_stage.py
[2026-04-04T23:12:51.930+0000] {logging_mixin.py:188} INFO - [2026-04-04T23:12:51.929+0000] {dag.py:3096} INFO - Sync 1 DAGs
[2026-04-04T23:12:51.948+0000] {logging_mixin.py:188} INFO - [2026-04-04T23:12:51.948+0000] {dag.py:3954} INFO - Setting next_dagrun for tmdb_stage_pipeline to None, run_after=None
[2026-04-04T23:12:51.981+0000] {processor.py:183} INFO - Processing /opt/airflow/dags/tmdb_pipeline_to_stage.py took 0.194 seconds
[2026-04-04T23:13:22.426+0000] {processor.py:161} INFO - Started process (PID=31973) to work on /opt/airflow/dags/tmdb_pipeline_to_stage.py
[2026-04-04T23:13:22.434+0000] {processor.py:830} INFO - Processing file /opt/airflow/dags/tmdb_pipeline_to_stage.py for tasks to queue
[2026-04-04T23:13:22.443+0000] {logging_mixin.py:188} INFO - [2026-04-04T23:13:22.439+0000] {dagbag.py:545} INFO - Filling up the DagBag from /opt/airflow/dags/tmdb_pipeline_to_stage.py
[2026-04-04T23:13:22.465+0000] {processor.py:840} INFO - DAG(s) 'tmdb_stage_pipeline' retrieved from /opt/airflow/dags/tmdb_pipeline_to_stage.py
[2026-04-04T23:13:22.514+0000] {logging_mixin.py:188} INFO - [2026-04-04T23:13:22.514+0000] {dag.py:3096} INFO - Sync 1 DAGs
[2026-04-04T23:13:22.535+0000] {logging_mixin.py:188} INFO - [2026-04-04T23:13:22.535+0000] {dag.py:3954} INFO - Setting next_dagrun for tmdb_stage_pipeline to None, run_after=None
[2026-04-04T23:13:22.553+0000] {processor.py:183} INFO - Processing /opt/airflow/dags/tmdb_pipeline_to_stage.py took 0.140 seconds
[2026-04-04T23:13:53.024+0000] {processor.py:161} INFO - Started process (PID=31993) to work on /opt/airflow/dags/tmdb_pipeline_to_stage.py
[2026-04-04T23:13:53.030+0000] {processor.py:830} INFO - Processing file /opt/airflow/dags/tmdb_pipeline_to_stage.py for tasks to queue
[2026-04-04T23:13:53.031+0000] {logging_mixin.py:188} INFO - [2026-04-04T23:13:53.031+0000] {dagbag.py:545} INFO - Filling up the DagBag from /opt/airflow/dags/tmdb_pipeline_to_stage.py
[2026-04-04T23:13:53.061+0000] {processor.py:840} INFO - DAG(s) 'tmdb_stage_pipeline' retrieved from /opt/airflow/dags/tmdb_pipeline_to_stage.py
[2026-04-04T23:13:53.110+0000] {logging_mixin.py:188} INFO - [2026-04-04T23:13:53.110+0000] {dag.py:3096} INFO - Sync 1 DAGs
[2026-04-04T23:13:53.126+0000] {logging_mixin.py:188} INFO - [2026-04-04T23:13:53.126+0000] {dag.py:3954} INFO - Setting next_dagrun for tmdb_stage_pipeline to None, run_after=None
[2026-04-04T23:13:53.149+0000] {processor.py:183} INFO - Processing /opt/airflow/dags/tmdb_pipeline_to_stage.py took 0.136 seconds
[2026-04-04T23:14:23.610+0000] {processor.py:161} INFO - Started process (PID=32013) to work on /opt/airflow/dags/tmdb_pipeline_to_stage.py
[2026-04-04T23:14:23.619+0000] {processor.py:830} INFO - Processing file /opt/airflow/dags/tmdb_pipeline_to_stage.py for tasks to queue
[2026-04-04T23:14:23.621+0000] {logging_mixin.py:188} INFO - [2026-04-04T23:14:23.620+0000] {dagbag.py:545} INFO - Filling up the DagBag from /opt/airflow/dags/tmdb_pipeline_to_stage.py
[2026-04-04T23:14:23.666+0000] {processor.py:840} INFO - DAG(s) 'tmdb_stage_pipeline' retrieved from /opt/airflow/dags/tmdb_pipeline_to_stage.py
[2026-04-04T23:14:23.706+0000] {logging_mixin.py:188} INFO - [2026-04-04T23:14:23.706+0000] {dag.py:3096} INFO - Sync 1 DAGs
[2026-04-04T23:14:23.733+0000] {logging_mixin.py:188} INFO - [2026-04-04T23:14:23.733+0000] {dag.py:3954} INFO - Setting next_dagrun for tmdb_stage_pipeline to None, run_after=None
[2026-04-04T23:14:23.751+0000] {processor.py:183} INFO - Processing /opt/airflow/dags/tmdb_pipeline_to_stage.py took 0.170 seconds
[2026-04-04T23:14:54.070+0000] {processor.py:161} INFO - Started process (PID=32033) to work on /opt/airflow/dags/tmdb_pipeline_to_stage.py
[2026-04-04T23:14:54.075+0000] {processor.py:830} INFO - Processing file /opt/airflow/dags/tmdb_pipeline_to_stage.py for tasks to queue
[2026-04-04T23:14:54.076+0000] {logging_mixin.py:188} INFO - [2026-04-04T23:14:54.075+0000] {dagbag.py:545} INFO - Filling up the DagBag from /opt/airflow/dags/tmdb_pipeline_to_stage.py
[2026-04-04T23:14:54.095+0000] {processor.py:840} INFO - DAG(s) 'tmdb_stage_pipeline' retrieved from /opt/airflow/dags/tmdb_pipeline_to_stage.py
[2026-04-04T23:14:54.128+0000] {logging_mixin.py:188} INFO - [2026-04-04T23:14:54.127+0000] {dag.py:3096} INFO - Sync 1 DAGs
[2026-04-04T23:14:54.148+0000] {logging_mixin.py:188} INFO - [2026-04-04T23:14:54.148+0000] {dag.py:3954} INFO - Setting next_dagrun for tmdb_stage_pipeline to None, run_after=None
[2026-04-04T23:14:54.166+0000] {processor.py:183} INFO - Processing /opt/airflow/dags/tmdb_pipeline_to_stage.py took 0.106 seconds
[2026-04-04T23:15:24.578+0000] {processor.py:161} INFO - Started process (PID=32053) to work on /opt/airflow/dags/tmdb_pipeline_to_stage.py
[2026-04-04T23:15:24.583+0000] {processor.py:830} INFO - Processing file /opt/airflow/dags/tmdb_pipeline_to_stage.py for tasks to queue
[2026-04-04T23:15:24.587+0000] {logging_mixin.py:188} INFO - [2026-04-04T23:15:24.586+0000] {dagbag.py:545} INFO - Filling up the DagBag from /opt/airflow/dags/tmdb_pipeline_to_stage.py
[2026-04-04T23:15:24.603+0000] {processor.py:840} INFO - DAG(s) 'tmdb_stage_pipeline' retrieved from /opt/airflow/dags/tmdb_pipeline_to_stage.py
[2026-04-04T23:15:24.638+0000] {logging_mixin.py:188} INFO - [2026-04-04T23:15:24.638+0000] {dag.py:3096} INFO - Sync 1 DAGs
[2026-04-04T23:15:24.655+0000] {logging_mixin.py:188} INFO - [2026-04-04T23:15:24.655+0000] {dag.py:3954} INFO - Setting next_dagrun for tmdb_stage_pipeline to None, run_after=None
[2026-04-04T23:15:24.673+0000] {processor.py:183} INFO - Processing /opt/airflow/dags/tmdb_pipeline_to_stage.py took 0.106 seconds
[2026-04-04T23:15:55.044+0000] {processor.py:161} INFO - Started process (PID=32073) to work on /opt/airflow/dags/tmdb_pipeline_to_stage.py
[2026-04-04T23:15:55.050+0000] {processor.py:830} INFO - Processing file /opt/airflow/dags/tmdb_pipeline_to_stage.py for tasks to queue
[2026-04-04T23:15:55.051+0000] {logging_mixin.py:188} INFO - [2026-04-04T23:15:55.051+0000] {dagbag.py:545} INFO - Filling up the DagBag from /opt/airflow/dags/tmdb_pipeline_to_stage.py
[2026-04-04T23:15:55.065+0000] {processor.py:840} INFO - DAG(s) 'tmdb_stage_pipeline' retrieved from /opt/airflow/dags/tmdb_pipeline_to_stage.py
[2026-04-04T23:15:55.101+0000] {logging_mixin.py:188} INFO - [2026-04-04T23:15:55.101+0000] {dag.py:3096} INFO - Sync 1 DAGs
[2026-04-04T23:15:55.123+0000] {logging_mixin.py:188} INFO - [2026-04-04T23:15:55.122+0000] {dag.py:3954} INFO - Setting next_dagrun for tmdb_stage_pipeline to None, run_after=None
[2026-04-04T23:15:55.145+0000] {processor.py:183} INFO - Processing /opt/airflow/dags/tmdb_pipeline_to_stage.py took 0.112 seconds
[2026-04-04T23:16:25.695+0000] {processor.py:161} INFO - Started process (PID=32093) to work on /opt/airflow/dags/tmdb_pipeline_to_stage.py
[2026-04-04T23:16:25.701+0000] {processor.py:830} INFO - Processing file /opt/airflow/dags/tmdb_pipeline_to_stage.py for tasks to queue
[2026-04-04T23:16:25.703+0000] {logging_mixin.py:188} INFO - [2026-04-04T23:16:25.703+0000] {dagbag.py:545} INFO - Filling up the DagBag from /opt/airflow/dags/tmdb_pipeline_to_stage.py
[2026-04-04T23:16:25.748+0000] {processor.py:840} INFO - DAG(s) 'tmdb_stage_pipeline' retrieved from /opt/airflow/dags/tmdb_pipeline_to_stage.py
[2026-04-04T23:16:25.830+0000] {logging_mixin.py:188} INFO - [2026-04-04T23:16:25.830+0000] {dag.py:3096} INFO - Sync 1 DAGs
[2026-04-04T23:16:25.850+0000] {logging_mixin.py:188} INFO - [2026-04-04T23:16:25.850+0000] {dag.py:3954} INFO - Setting next_dagrun for tmdb_stage_pipeline to None, run_after=None
[2026-04-04T23:16:25.873+0000] {processor.py:183} INFO - Processing /opt/airflow/dags/tmdb_pipeline_to_stage.py took 0.193 seconds
[2026-04-04T23:16:56.298+0000] {processor.py:161} INFO - Started process (PID=32113) to work on /opt/airflow/dags/tmdb_pipeline_to_stage.py
[2026-04-04T23:16:56.304+0000] {processor.py:830} INFO - Processing file /opt/airflow/dags/tmdb_pipeline_to_stage.py for tasks to queue
[2026-04-04T23:16:56.305+0000] {logging_mixin.py:188} INFO - [2026-04-04T23:16:56.304+0000] {dagbag.py:545} INFO - Filling up the DagBag from /opt/airflow/dags/tmdb_pipeline_to_stage.py
[2026-04-04T23:16:56.337+0000] {processor.py:840} INFO - DAG(s) 'tmdb_stage_pipeline' retrieved from /opt/airflow/dags/tmdb_pipeline_to_stage.py
[2026-04-04T23:16:56.370+0000] {logging_mixin.py:188} INFO - [2026-04-04T23:16:56.370+0000] {dag.py:3096} INFO - Sync 1 DAGs
[2026-04-04T23:16:56.402+0000] {logging_mixin.py:188} INFO - [2026-04-04T23:16:56.401+0000] {dag.py:3954} INFO - Setting next_dagrun for tmdb_stage_pipeline to None, run_after=None
[2026-04-04T23:16:56.426+0000] {processor.py:183} INFO - Processing /opt/airflow/dags/tmdb_pipeline_to_stage.py took 0.142 seconds
[2026-04-04T23:17:26.842+0000] {processor.py:161} INFO - Started process (PID=32133) to work on /opt/airflow/dags/tmdb_pipeline_to_stage.py
[2026-04-04T23:17:26.854+0000] {processor.py:830} INFO - Processing file /opt/airflow/dags/tmdb_pipeline_to_stage.py for tasks to queue
[2026-04-04T23:17:26.874+0000] {logging_mixin.py:188} INFO - [2026-04-04T23:17:26.861+0000] {dagbag.py:545} INFO - Filling up the DagBag from /opt/airflow/dags/tmdb_pipeline_to_stage.py
[2026-04-04T23:17:26.919+0000] {processor.py:840} INFO - DAG(s) 'tmdb_stage_pipeline' retrieved from /opt/airflow/dags/tmdb_pipeline_to_stage.py
[2026-04-04T23:17:26.967+0000] {logging_mixin.py:188} INFO - [2026-04-04T23:17:26.967+0000] {dag.py:3096} INFO - Sync 1 DAGs
[2026-04-04T23:17:26.989+0000] {logging_mixin.py:188} INFO - [2026-04-04T23:17:26.989+0000] {dag.py:3954} INFO - Setting next_dagrun for tmdb_stage_pipeline to None, run_after=None
[2026-04-04T23:17:27.011+0000] {processor.py:183} INFO - Processing /opt/airflow/dags/tmdb_pipeline_to_stage.py took 0.189 seconds
[2026-04-04T23:17:57.344+0000] {processor.py:161} INFO - Started process (PID=32153) to work on /opt/airflow/dags/tmdb_pipeline_to_stage.py
[2026-04-04T23:17:57.350+0000] {processor.py:830} INFO - Processing file /opt/airflow/dags/tmdb_pipeline_to_stage.py for tasks to queue
[2026-04-04T23:17:57.352+0000] {logging_mixin.py:188} INFO - [2026-04-04T23:17:57.352+0000] {dagbag.py:545} INFO - Filling up the DagBag from /opt/airflow/dags/tmdb_pipeline_to_stage.py
[2026-04-04T23:17:57.372+0000] {processor.py:840} INFO - DAG(s) 'tmdb_stage_pipeline' retrieved from /opt/airflow/dags/tmdb_pipeline_to_stage.py
[2026-04-04T23:17:57.415+0000] {logging_mixin.py:188} INFO - [2026-04-04T23:17:57.415+0000] {dag.py:3096} INFO - Sync 1 DAGs
[2026-04-04T23:17:57.431+0000] {logging_mixin.py:188} INFO - [2026-04-04T23:17:57.431+0000] {dag.py:3954} INFO - Setting next_dagrun for tmdb_stage_pipeline to None, run_after=None
[2026-04-04T23:17:57.449+0000] {processor.py:183} INFO - Processing /opt/airflow/dags/tmdb_pipeline_to_stage.py took 0.119 seconds
[2026-04-04T23:18:27.903+0000] {processor.py:161} INFO - Started process (PID=32173) to work on /opt/airflow/dags/tmdb_pipeline_to_stage.py
[2026-04-04T23:18:27.911+0000] {processor.py:830} INFO - Processing file /opt/airflow/dags/tmdb_pipeline_to_stage.py for tasks to queue
[2026-04-04T23:18:27.912+0000] {logging_mixin.py:188} INFO - [2026-04-04T23:18:27.911+0000] {dagbag.py:545} INFO - Filling up the DagBag from /opt/airflow/dags/tmdb_pipeline_to_stage.py
[2026-04-04T23:18:27.936+0000] {processor.py:840} INFO - DAG(s) 'tmdb_stage_pipeline' retrieved from /opt/airflow/dags/tmdb_pipeline_to_stage.py
[2026-04-04T23:18:27.995+0000] {logging_mixin.py:188} INFO - [2026-04-04T23:18:27.995+0000] {dag.py:3096} INFO - Sync 1 DAGs
[2026-04-04T23:18:28.008+0000] {logging_mixin.py:188} INFO - [2026-04-04T23:18:28.008+0000] {dag.py:3954} INFO - Setting next_dagrun for tmdb_stage_pipeline to None, run_after=None
[2026-04-04T23:18:28.024+0000] {processor.py:183} INFO - Processing /opt/airflow/dags/tmdb_pipeline_to_stage.py took 0.136 seconds
[2026-04-04T23:18:58.440+0000] {processor.py:161} INFO - Started process (PID=32193) to work on /opt/airflow/dags/tmdb_pipeline_to_stage.py
[2026-04-04T23:18:58.447+0000] {processor.py:830} INFO - Processing file /opt/airflow/dags/tmdb_pipeline_to_stage.py for tasks to queue
[2026-04-04T23:18:58.454+0000] {logging_mixin.py:188} INFO - [2026-04-04T23:18:58.450+0000] {dagbag.py:545} INFO - Filling up the DagBag from /opt/airflow/dags/tmdb_pipeline_to_stage.py
[2026-04-04T23:18:58.478+0000] {processor.py:840} INFO - DAG(s) 'tmdb_stage_pipeline' retrieved from /opt/airflow/dags/tmdb_pipeline_to_stage.py
[2026-04-04T23:18:58.547+0000] {logging_mixin.py:188} INFO - [2026-04-04T23:18:58.547+0000] {dag.py:3096} INFO - Sync 1 DAGs
[2026-04-04T23:18:58.582+0000] {logging_mixin.py:188} INFO - [2026-04-04T23:18:58.582+0000] {dag.py:3954} INFO - Setting next_dagrun for tmdb_stage_pipeline to None, run_after=None
[2026-04-04T23:18:58.611+0000] {processor.py:183} INFO - Processing /opt/airflow/dags/tmdb_pipeline_to_stage.py took 0.187 seconds
[2026-04-04T23:19:29.068+0000] {processor.py:161} INFO - Started process (PID=32213) to work on /opt/airflow/dags/tmdb_pipeline_to_stage.py
[2026-04-04T23:19:29.090+0000] {processor.py:830} INFO - Processing file /opt/airflow/dags/tmdb_pipeline_to_stage.py for tasks to queue
[2026-04-04T23:19:29.091+0000] {logging_mixin.py:188} INFO - [2026-04-04T23:19:29.090+0000] {dagbag.py:545} INFO - Filling up the DagBag from /opt/airflow/dags/tmdb_pipeline_to_stage.py
[2026-04-04T23:19:29.120+0000] {processor.py:840} INFO - DAG(s) 'tmdb_stage_pipeline' retrieved from /opt/airflow/dags/tmdb_pipeline_to_stage.py
[2026-04-04T23:19:29.162+0000] {logging_mixin.py:188} INFO - [2026-04-04T23:19:29.162+0000] {dag.py:3096} INFO - Sync 1 DAGs
[2026-04-04T23:19:29.177+0000] {logging_mixin.py:188} INFO - [2026-04-04T23:19:29.177+0000] {dag.py:3954} INFO - Setting next_dagrun for tmdb_stage_pipeline to None, run_after=None
[2026-04-04T23:19:29.200+0000] {processor.py:183} INFO - Processing /opt/airflow/dags/tmdb_pipeline_to_stage.py took 0.150 seconds
[2026-04-04T23:19:59.563+0000] {processor.py:161} INFO - Started process (PID=32233) to work on /opt/airflow/dags/tmdb_pipeline_to_stage.py
[2026-04-04T23:19:59.571+0000] {processor.py:830} INFO - Processing file /opt/airflow/dags/tmdb_pipeline_to_stage.py for tasks to queue
[2026-04-04T23:19:59.573+0000] {logging_mixin.py:188} INFO - [2026-04-04T23:19:59.571+0000] {dagbag.py:545} INFO - Filling up the DagBag from /opt/airflow/dags/tmdb_pipeline_to_stage.py
[2026-04-04T23:19:59.605+0000] {processor.py:840} INFO - DAG(s) 'tmdb_stage_pipeline' retrieved from /opt/airflow/dags/tmdb_pipeline_to_stage.py
[2026-04-04T23:19:59.910+0000] {logging_mixin.py:188} INFO - [2026-04-04T23:19:59.909+0000] {dag.py:3096} INFO - Sync 1 DAGs
[2026-04-04T23:19:59.933+0000] {logging_mixin.py:188} INFO - [2026-04-04T23:19:59.933+0000] {dag.py:3954} INFO - Setting next_dagrun for tmdb_stage_pipeline to None, run_after=None
[2026-04-04T23:19:59.954+0000] {processor.py:183} INFO - Processing /opt/airflow/dags/tmdb_pipeline_to_stage.py took 0.416 seconds
[2026-04-04T23:20:30.433+0000] {processor.py:161} INFO - Started process (PID=32253) to work on /opt/airflow/dags/tmdb_pipeline_to_stage.py
[2026-04-04T23:20:30.438+0000] {processor.py:830} INFO - Processing file /opt/airflow/dags/tmdb_pipeline_to_stage.py for tasks to queue
[2026-04-04T23:20:30.440+0000] {logging_mixin.py:188} INFO - [2026-04-04T23:20:30.439+0000] {dagbag.py:545} INFO - Filling up the DagBag from /opt/airflow/dags/tmdb_pipeline_to_stage.py
[2026-04-04T23:20:30.467+0000] {processor.py:840} INFO - DAG(s) 'tmdb_stage_pipeline' retrieved from /opt/airflow/dags/tmdb_pipeline_to_stage.py
[2026-04-04T23:20:30.503+0000] {logging_mixin.py:188} INFO - [2026-04-04T23:20:30.503+0000] {dag.py:3096} INFO - Sync 1 DAGs
[2026-04-04T23:20:30.526+0000] {logging_mixin.py:188} INFO - [2026-04-04T23:20:30.526+0000] {dag.py:3954} INFO - Setting next_dagrun for tmdb_stage_pipeline to None, run_after=None
[2026-04-04T23:20:30.544+0000] {processor.py:183} INFO - Processing /opt/airflow/dags/tmdb_pipeline_to_stage.py took 0.124 seconds
[2026-04-04T23:21:00.907+0000] {processor.py:161} INFO - Started process (PID=32273) to work on /opt/airflow/dags/tmdb_pipeline_to_stage.py
[2026-04-04T23:21:00.918+0000] {processor.py:830} INFO - Processing file /opt/airflow/dags/tmdb_pipeline_to_stage.py for tasks to queue
[2026-04-04T23:21:00.925+0000] {logging_mixin.py:188} INFO - [2026-04-04T23:21:00.922+0000] {dagbag.py:545} INFO - Filling up the DagBag from /opt/airflow/dags/tmdb_pipeline_to_stage.py
[2026-04-04T23:21:00.941+0000] {processor.py:840} INFO - DAG(s) 'tmdb_stage_pipeline' retrieved from /opt/airflow/dags/tmdb_pipeline_to_stage.py
[2026-04-04T23:21:00.975+0000] {logging_mixin.py:188} INFO - [2026-04-04T23:21:00.975+0000] {dag.py:3096} INFO - Sync 1 DAGs
[2026-04-04T23:21:01.001+0000] {logging_mixin.py:188} INFO - [2026-04-04T23:21:01.000+0000] {dag.py:3954} INFO - Setting next_dagrun for tmdb_stage_pipeline to None, run_after=None
[2026-04-04T23:21:01.019+0000] {processor.py:183} INFO - Processing /opt/airflow/dags/tmdb_pipeline_to_stage.py took 0.129 seconds
[2026-04-04T23:21:31.453+0000] {processor.py:161} INFO - Started process (PID=32293) to work on /opt/airflow/dags/tmdb_pipeline_to_stage.py
[2026-04-04T23:21:31.458+0000] {processor.py:830} INFO - Processing file /opt/airflow/dags/tmdb_pipeline_to_stage.py for tasks to queue
[2026-04-04T23:21:31.460+0000] {logging_mixin.py:188} INFO - [2026-04-04T23:21:31.459+0000] {dagbag.py:545} INFO - Filling up the DagBag from /opt/airflow/dags/tmdb_pipeline_to_stage.py
[2026-04-04T23:21:31.487+0000] {processor.py:840} INFO - DAG(s) 'tmdb_stage_pipeline' retrieved from /opt/airflow/dags/tmdb_pipeline_to_stage.py
[2026-04-04T23:21:31.530+0000] {logging_mixin.py:188} INFO - [2026-04-04T23:21:31.530+0000] {dag.py:3096} INFO - Sync 1 DAGs
[2026-04-04T23:21:31.552+0000] {logging_mixin.py:188} INFO - [2026-04-04T23:21:31.552+0000] {dag.py:3954} INFO - Setting next_dagrun for tmdb_stage_pipeline to None, run_after=None
[2026-04-04T23:21:31.568+0000] {processor.py:183} INFO - Processing /opt/airflow/dags/tmdb_pipeline_to_stage.py took 0.129 seconds
[2026-04-04T23:22:02.004+0000] {processor.py:161} INFO - Started process (PID=32313) to work on /opt/airflow/dags/tmdb_pipeline_to_stage.py
[2026-04-04T23:22:02.026+0000] {processor.py:830} INFO - Processing file /opt/airflow/dags/tmdb_pipeline_to_stage.py for tasks to queue
[2026-04-04T23:22:02.027+0000] {logging_mixin.py:188} INFO - [2026-04-04T23:22:02.027+0000] {dagbag.py:545} INFO - Filling up the DagBag from /opt/airflow/dags/tmdb_pipeline_to_stage.py
[2026-04-04T23:22:02.056+0000] {processor.py:840} INFO - DAG(s) 'tmdb_stage_pipeline' retrieved from /opt/airflow/dags/tmdb_pipeline_to_stage.py
[2026-04-04T23:22:02.086+0000] {logging_mixin.py:188} INFO - [2026-04-04T23:22:02.086+0000] {dag.py:3096} INFO - Sync 1 DAGs
[2026-04-04T23:22:02.120+0000] {logging_mixin.py:188} INFO - [2026-04-04T23:22:02.120+0000] {dag.py:3954} INFO - Setting next_dagrun for tmdb_stage_pipeline to None, run_after=None
[2026-04-04T23:22:02.143+0000] {processor.py:183} INFO - Processing /opt/airflow/dags/tmdb_pipeline_to_stage.py took 0.153 seconds
[2026-04-04T23:22:32.555+0000] {processor.py:161} INFO - Started process (PID=32333) to work on /opt/airflow/dags/tmdb_pipeline_to_stage.py
[2026-04-04T23:22:32.560+0000] {processor.py:830} INFO - Processing file /opt/airflow/dags/tmdb_pipeline_to_stage.py for tasks to queue
[2026-04-04T23:22:32.562+0000] {logging_mixin.py:188} INFO - [2026-04-04T23:22:32.561+0000] {dagbag.py:545} INFO - Filling up the DagBag from /opt/airflow/dags/tmdb_pipeline_to_stage.py
[2026-04-04T23:22:32.595+0000] {processor.py:840} INFO - DAG(s) 'tmdb_stage_pipeline' retrieved from /opt/airflow/dags/tmdb_pipeline_to_stage.py
[2026-04-04T23:22:32.629+0000] {logging_mixin.py:188} INFO - [2026-04-04T23:22:32.629+0000] {dag.py:3096} INFO - Sync 1 DAGs
[2026-04-04T23:22:32.661+0000] {logging_mixin.py:188} INFO - [2026-04-04T23:22:32.661+0000] {dag.py:3954} INFO - Setting next_dagrun for tmdb_stage_pipeline to None, run_after=None
[2026-04-04T23:22:32.682+0000] {processor.py:183} INFO - Processing /opt/airflow/dags/tmdb_pipeline_to_stage.py took 0.145 seconds
[2026-04-04T23:23:03.118+0000] {processor.py:161} INFO - Started process (PID=32353) to work on /opt/airflow/dags/tmdb_pipeline_to_stage.py
[2026-04-04T23:23:03.125+0000] {processor.py:830} INFO - Processing file /opt/airflow/dags/tmdb_pipeline_to_stage.py for tasks to queue
[2026-04-04T23:23:03.126+0000] {logging_mixin.py:188} INFO - [2026-04-04T23:23:03.126+0000] {dagbag.py:545} INFO - Filling up the DagBag from /opt/airflow/dags/tmdb_pipeline_to_stage.py
[2026-04-04T23:23:03.155+0000] {processor.py:840} INFO - DAG(s) 'tmdb_stage_pipeline' retrieved from /opt/airflow/dags/tmdb_pipeline_to_stage.py
[2026-04-04T23:23:03.186+0000] {logging_mixin.py:188} INFO - [2026-04-04T23:23:03.186+0000] {dag.py:3096} INFO - Sync 1 DAGs
[2026-04-04T23:23:03.209+0000] {logging_mixin.py:188} INFO - [2026-04-04T23:23:03.209+0000] {dag.py:3954} INFO - Setting next_dagrun for tmdb_stage_pipeline to None, run_after=None
[2026-04-04T23:23:03.227+0000] {processor.py:183} INFO - Processing /opt/airflow/dags/tmdb_pipeline_to_stage.py took 0.129 seconds
[2026-04-04T23:23:33.736+0000] {processor.py:161} INFO - Started process (PID=32373) to work on /opt/airflow/dags/tmdb_pipeline_to_stage.py
[2026-04-04T23:23:33.741+0000] {processor.py:830} INFO - Processing file /opt/airflow/dags/tmdb_pipeline_to_stage.py for tasks to queue
[2026-04-04T23:23:33.745+0000] {logging_mixin.py:188} INFO - [2026-04-04T23:23:33.742+0000] {dagbag.py:545} INFO - Filling up the DagBag from /opt/airflow/dags/tmdb_pipeline_to_stage.py
[2026-04-04T23:23:33.778+0000] {processor.py:840} INFO - DAG(s) 'tmdb_stage_pipeline' retrieved from /opt/airflow/dags/tmdb_pipeline_to_stage.py
[2026-04-04T23:23:33.817+0000] {logging_mixin.py:188} INFO - [2026-04-04T23:23:33.817+0000] {dag.py:3096} INFO - Sync 1 DAGs
[2026-04-04T23:23:33.840+0000] {logging_mixin.py:188} INFO - [2026-04-04T23:23:33.839+0000] {dag.py:3954} INFO - Setting next_dagrun for tmdb_stage_pipeline to None, run_after=None
[2026-04-04T23:23:33.860+0000] {processor.py:183} INFO - Processing /opt/airflow/dags/tmdb_pipeline_to_stage.py took 0.145 seconds
[2026-04-04T23:24:04.311+0000] {processor.py:161} INFO - Started process (PID=32393) to work on /opt/airflow/dags/tmdb_pipeline_to_stage.py
[2026-04-04T23:24:04.317+0000] {processor.py:830} INFO - Processing file /opt/airflow/dags/tmdb_pipeline_to_stage.py for tasks to queue
[2026-04-04T23:24:04.320+0000] {logging_mixin.py:188} INFO - [2026-04-04T23:24:04.319+0000] {dagbag.py:545} INFO - Filling up the DagBag from /opt/airflow/dags/tmdb_pipeline_to_stage.py
[2026-04-04T23:24:04.343+0000] {processor.py:840} INFO - DAG(s) 'tmdb_stage_pipeline' retrieved from /opt/airflow/dags/tmdb_pipeline_to_stage.py
[2026-04-04T23:24:04.404+0000] {logging_mixin.py:188} INFO - [2026-04-04T23:24:04.404+0000] {dag.py:3096} INFO - Sync 1 DAGs
[2026-04-04T23:24:04.424+0000] {logging_mixin.py:188} INFO - [2026-04-04T23:24:04.424+0000] {dag.py:3954} INFO - Setting next_dagrun for tmdb_stage_pipeline to None, run_after=None
[2026-04-04T23:24:04.452+0000] {processor.py:183} INFO - Processing /opt/airflow/dags/tmdb_pipeline_to_stage.py took 0.152 seconds
[2026-04-04T23:24:34.905+0000] {processor.py:161} INFO - Started process (PID=32413) to work on /opt/airflow/dags/tmdb_pipeline_to_stage.py
[2026-04-04T23:24:34.936+0000] {processor.py:830} INFO - Processing file /opt/airflow/dags/tmdb_pipeline_to_stage.py for tasks to queue
[2026-04-04T23:24:34.937+0000] {logging_mixin.py:188} INFO - [2026-04-04T23:24:34.937+0000] {dagbag.py:545} INFO - Filling up the DagBag from /opt/airflow/dags/tmdb_pipeline_to_stage.py
[2026-04-04T23:24:34.964+0000] {processor.py:840} INFO - DAG(s) 'tmdb_stage_pipeline' retrieved from /opt/airflow/dags/tmdb_pipeline_to_stage.py
[2026-04-04T23:24:34.995+0000] {logging_mixin.py:188} INFO - [2026-04-04T23:24:34.994+0000] {dag.py:3096} INFO - Sync 1 DAGs
[2026-04-04T23:24:35.015+0000] {logging_mixin.py:188} INFO - [2026-04-04T23:24:35.015+0000] {dag.py:3954} INFO - Setting next_dagrun for tmdb_stage_pipeline to None, run_after=None
[2026-04-04T23:24:35.034+0000] {processor.py:183} INFO - Processing /opt/airflow/dags/tmdb_pipeline_to_stage.py took 0.142 seconds
[2026-04-04T23:25:05.438+0000] {processor.py:161} INFO - Started process (PID=32433) to work on /opt/airflow/dags/tmdb_pipeline_to_stage.py
[2026-04-04T23:25:05.465+0000] {processor.py:830} INFO - Processing file /opt/airflow/dags/tmdb_pipeline_to_stage.py for tasks to queue
[2026-04-04T23:25:05.468+0000] {logging_mixin.py:188} INFO - [2026-04-04T23:25:05.467+0000] {dagbag.py:545} INFO - Filling up the DagBag from /opt/airflow/dags/tmdb_pipeline_to_stage.py
[2026-04-04T23:25:05.494+0000] {processor.py:840} INFO - DAG(s) 'tmdb_stage_pipeline' retrieved from /opt/airflow/dags/tmdb_pipeline_to_stage.py
[2026-04-04T23:25:05.544+0000] {logging_mixin.py:188} INFO - [2026-04-04T23:25:05.544+0000] {dag.py:3096} INFO - Sync 1 DAGs
[2026-04-04T23:25:05.567+0000] {logging_mixin.py:188} INFO - [2026-04-04T23:25:05.567+0000] {dag.py:3954} INFO - Setting next_dagrun for tmdb_stage_pipeline to None, run_after=None
[2026-04-04T23:25:05.589+0000] {processor.py:183} INFO - Processing /opt/airflow/dags/tmdb_pipeline_to_stage.py took 0.168 seconds
[2026-04-04T23:25:36.119+0000] {processor.py:161} INFO - Started process (PID=32453) to work on /opt/airflow/dags/tmdb_pipeline_to_stage.py
[2026-04-04T23:25:36.126+0000] {processor.py:830} INFO - Processing file /opt/airflow/dags/tmdb_pipeline_to_stage.py for tasks to queue
[2026-04-04T23:25:36.128+0000] {logging_mixin.py:188} INFO - [2026-04-04T23:25:36.127+0000] {dagbag.py:545} INFO - Filling up the DagBag from /opt/airflow/dags/tmdb_pipeline_to_stage.py
[2026-04-04T23:25:36.148+0000] {processor.py:840} INFO - DAG(s) 'tmdb_stage_pipeline' retrieved from /opt/airflow/dags/tmdb_pipeline_to_stage.py
[2026-04-04T23:25:36.191+0000] {logging_mixin.py:188} INFO - [2026-04-04T23:25:36.191+0000] {dag.py:3096} INFO - Sync 1 DAGs
[2026-04-04T23:25:36.213+0000] {logging_mixin.py:188} INFO - [2026-04-04T23:25:36.212+0000] {dag.py:3954} INFO - Setting next_dagrun for tmdb_stage_pipeline to None, run_after=None
[2026-04-04T23:25:36.226+0000] {processor.py:183} INFO - Processing /opt/airflow/dags/tmdb_pipeline_to_stage.py took 0.119 seconds
[2026-04-04T23:26:06.679+0000] {processor.py:161} INFO - Started process (PID=32473) to work on /opt/airflow/dags/tmdb_pipeline_to_stage.py
[2026-04-04T23:26:06.687+0000] {processor.py:830} INFO - Processing file /opt/airflow/dags/tmdb_pipeline_to_stage.py for tasks to queue
[2026-04-04T23:26:06.693+0000] {logging_mixin.py:188} INFO - [2026-04-04T23:26:06.690+0000] {dagbag.py:545} INFO - Filling up the DagBag from /opt/airflow/dags/tmdb_pipeline_to_stage.py
[2026-04-04T23:26:06.715+0000] {processor.py:840} INFO - DAG(s) 'tmdb_stage_pipeline' retrieved from /opt/airflow/dags/tmdb_pipeline_to_stage.py
[2026-04-04T23:26:06.756+0000] {logging_mixin.py:188} INFO - [2026-04-04T23:26:06.756+0000] {dag.py:3096} INFO - Sync 1 DAGs
[2026-04-04T23:26:06.773+0000] {logging_mixin.py:188} INFO - [2026-04-04T23:26:06.773+0000] {dag.py:3954} INFO - Setting next_dagrun for tmdb_stage_pipeline to None, run_after=None
[2026-04-04T23:26:06.794+0000] {processor.py:183} INFO - Processing /opt/airflow/dags/tmdb_pipeline_to_stage.py took 0.134 seconds
[2026-04-04T23:26:37.265+0000] {processor.py:161} INFO - Started process (PID=32493) to work on /opt/airflow/dags/tmdb_pipeline_to_stage.py
[2026-04-04T23:26:37.271+0000] {processor.py:830} INFO - Processing file /opt/airflow/dags/tmdb_pipeline_to_stage.py for tasks to queue
[2026-04-04T23:26:37.278+0000] {logging_mixin.py:188} INFO - [2026-04-04T23:26:37.274+0000] {dagbag.py:545} INFO - Filling up the DagBag from /opt/airflow/dags/tmdb_pipeline_to_stage.py
[2026-04-04T23:26:37.301+0000] {processor.py:840} INFO - DAG(s) 'tmdb_stage_pipeline' retrieved from /opt/airflow/dags/tmdb_pipeline_to_stage.py
[2026-04-04T23:26:37.344+0000] {logging_mixin.py:188} INFO - [2026-04-04T23:26:37.343+0000] {dag.py:3096} INFO - Sync 1 DAGs
[2026-04-04T23:26:37.365+0000] {logging_mixin.py:188} INFO - [2026-04-04T23:26:37.365+0000] {dag.py:3954} INFO - Setting next_dagrun for tmdb_stage_pipeline to None, run_after=None
[2026-04-04T23:26:37.382+0000] {processor.py:183} INFO - Processing /opt/airflow/dags/tmdb_pipeline_to_stage.py took 0.130 seconds
[2026-04-04T23:27:07.772+0000] {processor.py:161} INFO - Started process (PID=32513) to work on /opt/airflow/dags/tmdb_pipeline_to_stage.py
[2026-04-04T23:27:07.781+0000] {processor.py:830} INFO - Processing file /opt/airflow/dags/tmdb_pipeline_to_stage.py for tasks to queue
[2026-04-04T23:27:07.782+0000] {logging_mixin.py:188} INFO - [2026-04-04T23:27:07.781+0000] {dagbag.py:545} INFO - Filling up the DagBag from /opt/airflow/dags/tmdb_pipeline_to_stage.py
[2026-04-04T23:27:07.802+0000] {processor.py:840} INFO - DAG(s) 'tmdb_stage_pipeline' retrieved from /opt/airflow/dags/tmdb_pipeline_to_stage.py
[2026-04-04T23:27:07.841+0000] {logging_mixin.py:188} INFO - [2026-04-04T23:27:07.841+0000] {dag.py:3096} INFO - Sync 1 DAGs
[2026-04-04T23:27:07.858+0000] {logging_mixin.py:188} INFO - [2026-04-04T23:27:07.858+0000] {dag.py:3954} INFO - Setting next_dagrun for tmdb_stage_pipeline to None, run_after=None
[2026-04-04T23:27:07.872+0000] {processor.py:183} INFO - Processing /opt/airflow/dags/tmdb_pipeline_to_stage.py took 0.119 seconds
[2026-04-04T23:27:38.347+0000] {processor.py:161} INFO - Started process (PID=32533) to work on /opt/airflow/dags/tmdb_pipeline_to_stage.py
[2026-04-04T23:27:38.353+0000] {processor.py:830} INFO - Processing file /opt/airflow/dags/tmdb_pipeline_to_stage.py for tasks to queue
[2026-04-04T23:27:38.354+0000] {logging_mixin.py:188} INFO - [2026-04-04T23:27:38.354+0000] {dagbag.py:545} INFO - Filling up the DagBag from /opt/airflow/dags/tmdb_pipeline_to_stage.py
[2026-04-04T23:27:38.374+0000] {processor.py:840} INFO - DAG(s) 'tmdb_stage_pipeline' retrieved from /opt/airflow/dags/tmdb_pipeline_to_stage.py
[2026-04-04T23:27:38.420+0000] {logging_mixin.py:188} INFO - [2026-04-04T23:27:38.420+0000] {dag.py:3096} INFO - Sync 1 DAGs
[2026-04-04T23:27:38.437+0000] {logging_mixin.py:188} INFO - [2026-04-04T23:27:38.437+0000] {dag.py:3954} INFO - Setting next_dagrun for tmdb_stage_pipeline to None, run_after=None
[2026-04-04T23:27:38.457+0000] {processor.py:183} INFO - Processing /opt/airflow/dags/tmdb_pipeline_to_stage.py took 0.122 seconds
[2026-04-04T23:28:08.845+0000] {processor.py:161} INFO - Started process (PID=32553) to work on /opt/airflow/dags/tmdb_pipeline_to_stage.py
[2026-04-04T23:28:08.852+0000] {processor.py:830} INFO - Processing file /opt/airflow/dags/tmdb_pipeline_to_stage.py for tasks to queue
[2026-04-04T23:28:08.853+0000] {logging_mixin.py:188} INFO - [2026-04-04T23:28:08.852+0000] {dagbag.py:545} INFO - Filling up the DagBag from /opt/airflow/dags/tmdb_pipeline_to_stage.py
[2026-04-04T23:28:08.875+0000] {processor.py:840} INFO - DAG(s) 'tmdb_stage_pipeline' retrieved from /opt/airflow/dags/tmdb_pipeline_to_stage.py
[2026-04-04T23:28:08.911+0000] {logging_mixin.py:188} INFO - [2026-04-04T23:28:08.910+0000] {dag.py:3096} INFO - Sync 1 DAGs
[2026-04-04T23:28:08.928+0000] {logging_mixin.py:188} INFO - [2026-04-04T23:28:08.928+0000] {dag.py:3954} INFO - Setting next_dagrun for tmdb_stage_pipeline to None, run_after=None
[2026-04-04T23:28:08.944+0000] {processor.py:183} INFO - Processing /opt/airflow/dags/tmdb_pipeline_to_stage.py took 0.113 seconds
[2026-04-04T23:28:39.411+0000] {processor.py:161} INFO - Started process (PID=32573) to work on /opt/airflow/dags/tmdb_pipeline_to_stage.py
[2026-04-04T23:28:39.421+0000] {processor.py:830} INFO - Processing file /opt/airflow/dags/tmdb_pipeline_to_stage.py for tasks to queue
[2026-04-04T23:28:39.423+0000] {logging_mixin.py:188} INFO - [2026-04-04T23:28:39.422+0000] {dagbag.py:545} INFO - Filling up the DagBag from /opt/airflow/dags/tmdb_pipeline_to_stage.py
[2026-04-04T23:28:39.451+0000] {processor.py:840} INFO - DAG(s) 'tmdb_stage_pipeline' retrieved from /opt/airflow/dags/tmdb_pipeline_to_stage.py
[2026-04-04T23:28:39.517+0000] {logging_mixin.py:188} INFO - [2026-04-04T23:28:39.517+0000] {dag.py:3096} INFO - Sync 1 DAGs
[2026-04-04T23:28:39.535+0000] {logging_mixin.py:188} INFO - [2026-04-04T23:28:39.535+0000] {dag.py:3954} INFO - Setting next_dagrun for tmdb_stage_pipeline to None, run_after=None
[2026-04-04T23:28:39.554+0000] {processor.py:183} INFO - Processing /opt/airflow/dags/tmdb_pipeline_to_stage.py took 0.175 seconds
[2026-04-04T23:29:09.976+0000] {processor.py:161} INFO - Started process (PID=32593) to work on /opt/airflow/dags/tmdb_pipeline_to_stage.py
[2026-04-04T23:29:09.981+0000] {processor.py:830} INFO - Processing file /opt/airflow/dags/tmdb_pipeline_to_stage.py for tasks to queue
[2026-04-04T23:29:09.983+0000] {logging_mixin.py:188} INFO - [2026-04-04T23:29:09.982+0000] {dagbag.py:545} INFO - Filling up the DagBag from /opt/airflow/dags/tmdb_pipeline_to_stage.py
[2026-04-04T23:29:10.012+0000] {processor.py:840} INFO - DAG(s) 'tmdb_stage_pipeline' retrieved from /opt/airflow/dags/tmdb_pipeline_to_stage.py
[2026-04-04T23:29:10.064+0000] {logging_mixin.py:188} INFO - [2026-04-04T23:29:10.063+0000] {dag.py:3096} INFO - Sync 1 DAGs
[2026-04-04T23:29:10.085+0000] {logging_mixin.py:188} INFO - [2026-04-04T23:29:10.085+0000] {dag.py:3954} INFO - Setting next_dagrun for tmdb_stage_pipeline to None, run_after=None
[2026-04-04T23:29:10.113+0000] {processor.py:183} INFO - Processing /opt/airflow/dags/tmdb_pipeline_to_stage.py took 0.151 seconds
[2026-04-04T23:29:40.510+0000] {processor.py:161} INFO - Started process (PID=32613) to work on /opt/airflow/dags/tmdb_pipeline_to_stage.py
[2026-04-04T23:29:40.516+0000] {processor.py:830} INFO - Processing file /opt/airflow/dags/tmdb_pipeline_to_stage.py for tasks to queue
[2026-04-04T23:29:40.517+0000] {logging_mixin.py:188} INFO - [2026-04-04T23:29:40.517+0000] {dagbag.py:545} INFO - Filling up the DagBag from /opt/airflow/dags/tmdb_pipeline_to_stage.py
[2026-04-04T23:29:40.536+0000] {processor.py:840} INFO - DAG(s) 'tmdb_stage_pipeline' retrieved from /opt/airflow/dags/tmdb_pipeline_to_stage.py
[2026-04-04T23:29:40.572+0000] {logging_mixin.py:188} INFO - [2026-04-04T23:29:40.572+0000] {dag.py:3096} INFO - Sync 1 DAGs
[2026-04-04T23:29:40.593+0000] {logging_mixin.py:188} INFO - [2026-04-04T23:29:40.593+0000] {dag.py:3954} INFO - Setting next_dagrun for tmdb_stage_pipeline to None, run_after=None
[2026-04-04T23:29:40.617+0000] {processor.py:183} INFO - Processing /opt/airflow/dags/tmdb_pipeline_to_stage.py took 0.118 seconds
[2026-04-04T23:30:11.067+0000] {processor.py:161} INFO - Started process (PID=32633) to work on /opt/airflow/dags/tmdb_pipeline_to_stage.py
[2026-04-04T23:30:11.077+0000] {processor.py:830} INFO - Processing file /opt/airflow/dags/tmdb_pipeline_to_stage.py for tasks to queue
[2026-04-04T23:30:11.082+0000] {logging_mixin.py:188} INFO - [2026-04-04T23:30:11.080+0000] {dagbag.py:545} INFO - Filling up the DagBag from /opt/airflow/dags/tmdb_pipeline_to_stage.py
[2026-04-04T23:30:11.099+0000] {processor.py:840} INFO - DAG(s) 'tmdb_stage_pipeline' retrieved from /opt/airflow/dags/tmdb_pipeline_to_stage.py
[2026-04-04T23:30:11.147+0000] {logging_mixin.py:188} INFO - [2026-04-04T23:30:11.147+0000] {dag.py:3096} INFO - Sync 1 DAGs
[2026-04-04T23:30:11.164+0000] {logging_mixin.py:188} INFO - [2026-04-04T23:30:11.164+0000] {dag.py:3954} INFO - Setting next_dagrun for tmdb_stage_pipeline to None, run_after=None
[2026-04-04T23:30:11.182+0000] {processor.py:183} INFO - Processing /opt/airflow/dags/tmdb_pipeline_to_stage.py took 0.133 seconds
[2026-04-04T23:30:41.538+0000] {processor.py:161} INFO - Started process (PID=32653) to work on /opt/airflow/dags/tmdb_pipeline_to_stage.py
[2026-04-04T23:30:41.543+0000] {processor.py:830} INFO - Processing file /opt/airflow/dags/tmdb_pipeline_to_stage.py for tasks to queue
[2026-04-04T23:30:41.546+0000] {logging_mixin.py:188} INFO - [2026-04-04T23:30:41.545+0000] {dagbag.py:545} INFO - Filling up the DagBag from /opt/airflow/dags/tmdb_pipeline_to_stage.py
[2026-04-04T23:30:41.563+0000] {processor.py:840} INFO - DAG(s) 'tmdb_stage_pipeline' retrieved from /opt/airflow/dags/tmdb_pipeline_to_stage.py
[2026-04-04T23:30:41.597+0000] {logging_mixin.py:188} INFO - [2026-04-04T23:30:41.597+0000] {dag.py:3096} INFO - Sync 1 DAGs
[2026-04-04T23:30:41.616+0000] {logging_mixin.py:188} INFO - [2026-04-04T23:30:41.616+0000] {dag.py:3954} INFO - Setting next_dagrun for tmdb_stage_pipeline to None, run_after=None
[2026-04-04T23:30:41.634+0000] {processor.py:183} INFO - Processing /opt/airflow/dags/tmdb_pipeline_to_stage.py took 0.107 seconds
[2026-04-04T23:31:12.043+0000] {processor.py:161} INFO - Started process (PID=32673) to work on /opt/airflow/dags/tmdb_pipeline_to_stage.py
[2026-04-04T23:31:12.047+0000] {processor.py:830} INFO - Processing file /opt/airflow/dags/tmdb_pipeline_to_stage.py for tasks to queue
[2026-04-04T23:31:12.050+0000] {logging_mixin.py:188} INFO - [2026-04-04T23:31:12.049+0000] {dagbag.py:545} INFO - Filling up the DagBag from /opt/airflow/dags/tmdb_pipeline_to_stage.py
[2026-04-04T23:31:12.082+0000] {processor.py:840} INFO - DAG(s) 'tmdb_stage_pipeline' retrieved from /opt/airflow/dags/tmdb_pipeline_to_stage.py
[2026-04-04T23:31:12.122+0000] {logging_mixin.py:188} INFO - [2026-04-04T23:31:12.122+0000] {dag.py:3096} INFO - Sync 1 DAGs
[2026-04-04T23:31:12.141+0000] {logging_mixin.py:188} INFO - [2026-04-04T23:31:12.141+0000] {dag.py:3954} INFO - Setting next_dagrun for tmdb_stage_pipeline to None, run_after=None
[2026-04-04T23:31:12.157+0000] {processor.py:183} INFO - Processing /opt/airflow/dags/tmdb_pipeline_to_stage.py took 0.132 seconds
[2026-04-04T23:31:42.593+0000] {processor.py:161} INFO - Started process (PID=32693) to work on /opt/airflow/dags/tmdb_pipeline_to_stage.py
[2026-04-04T23:31:42.600+0000] {processor.py:830} INFO - Processing file /opt/airflow/dags/tmdb_pipeline_to_stage.py for tasks to queue
[2026-04-04T23:31:42.602+0000] {logging_mixin.py:188} INFO - [2026-04-04T23:31:42.601+0000] {dagbag.py:545} INFO - Filling up the DagBag from /opt/airflow/dags/tmdb_pipeline_to_stage.py
[2026-04-04T23:31:42.626+0000] {processor.py:840} INFO - DAG(s) 'tmdb_stage_pipeline' retrieved from /opt/airflow/dags/tmdb_pipeline_to_stage.py
[2026-04-04T23:31:42.655+0000] {logging_mixin.py:188} INFO - [2026-04-04T23:31:42.655+0000] {dag.py:3096} INFO - Sync 1 DAGs
[2026-04-04T23:31:42.671+0000] {logging_mixin.py:188} INFO - [2026-04-04T23:31:42.671+0000] {dag.py:3954} INFO - Setting next_dagrun for tmdb_stage_pipeline to None, run_after=None
[2026-04-04T23:31:42.690+0000] {processor.py:183} INFO - Processing /opt/airflow/dags/tmdb_pipeline_to_stage.py took 0.111 seconds
[2026-04-04T23:32:13.071+0000] {processor.py:161} INFO - Started process (PID=32713) to work on /opt/airflow/dags/tmdb_pipeline_to_stage.py
[2026-04-04T23:32:13.076+0000] {processor.py:830} INFO - Processing file /opt/airflow/dags/tmdb_pipeline_to_stage.py for tasks to queue
[2026-04-04T23:32:13.077+0000] {logging_mixin.py:188} INFO - [2026-04-04T23:32:13.077+0000] {dagbag.py:545} INFO - Filling up the DagBag from /opt/airflow/dags/tmdb_pipeline_to_stage.py
[2026-04-04T23:32:13.096+0000] {processor.py:840} INFO - DAG(s) 'tmdb_stage_pipeline' retrieved from /opt/airflow/dags/tmdb_pipeline_to_stage.py
[2026-04-04T23:32:13.135+0000] {logging_mixin.py:188} INFO - [2026-04-04T23:32:13.135+0000] {dag.py:3096} INFO - Sync 1 DAGs
[2026-04-04T23:32:13.161+0000] {logging_mixin.py:188} INFO - [2026-04-04T23:32:13.161+0000] {dag.py:3954} INFO - Setting next_dagrun for tmdb_stage_pipeline to None, run_after=None
[2026-04-04T23:32:13.178+0000] {processor.py:183} INFO - Processing /opt/airflow/dags/tmdb_pipeline_to_stage.py took 0.126 seconds
[2026-04-04T23:32:43.646+0000] {processor.py:161} INFO - Started process (PID=32733) to work on /opt/airflow/dags/tmdb_pipeline_to_stage.py
[2026-04-04T23:32:43.652+0000] {processor.py:830} INFO - Processing file /opt/airflow/dags/tmdb_pipeline_to_stage.py for tasks to queue
[2026-04-04T23:32:43.653+0000] {logging_mixin.py:188} INFO - [2026-04-04T23:32:43.652+0000] {dagbag.py:545} INFO - Filling up the DagBag from /opt/airflow/dags/tmdb_pipeline_to_stage.py
[2026-04-04T23:32:43.669+0000] {processor.py:840} INFO - DAG(s) 'tmdb_stage_pipeline' retrieved from /opt/airflow/dags/tmdb_pipeline_to_stage.py
[2026-04-04T23:32:43.707+0000] {logging_mixin.py:188} INFO - [2026-04-04T23:32:43.707+0000] {dag.py:3096} INFO - Sync 1 DAGs
[2026-04-04T23:32:43.717+0000] {logging_mixin.py:188} INFO - [2026-04-04T23:32:43.717+0000] {dag.py:3954} INFO - Setting next_dagrun for tmdb_stage_pipeline to None, run_after=None
[2026-04-04T23:32:43.732+0000] {processor.py:183} INFO - Processing /opt/airflow/dags/tmdb_pipeline_to_stage.py took 0.099 seconds
[2026-04-04T23:33:14.096+0000] {processor.py:161} INFO - Started process (PID=32753) to work on /opt/airflow/dags/tmdb_pipeline_to_stage.py
[2026-04-04T23:33:14.103+0000] {processor.py:830} INFO - Processing file /opt/airflow/dags/tmdb_pipeline_to_stage.py for tasks to queue
[2026-04-04T23:33:14.109+0000] {logging_mixin.py:188} INFO - [2026-04-04T23:33:14.105+0000] {dagbag.py:545} INFO - Filling up the DagBag from /opt/airflow/dags/tmdb_pipeline_to_stage.py
[2026-04-04T23:33:14.165+0000] {processor.py:840} INFO - DAG(s) 'tmdb_stage_pipeline' retrieved from /opt/airflow/dags/tmdb_pipeline_to_stage.py
[2026-04-04T23:33:14.223+0000] {logging_mixin.py:188} INFO - [2026-04-04T23:33:14.223+0000] {dag.py:3096} INFO - Sync 1 DAGs
[2026-04-04T23:33:14.249+0000] {logging_mixin.py:188} INFO - [2026-04-04T23:33:14.249+0000] {dag.py:3954} INFO - Setting next_dagrun for tmdb_stage_pipeline to None, run_after=None
[2026-04-04T23:33:14.270+0000] {processor.py:183} INFO - Processing /opt/airflow/dags/tmdb_pipeline_to_stage.py took 0.190 seconds
[2026-04-04T23:33:44.804+0000] {processor.py:161} INFO - Started process (PID=32773) to work on /opt/airflow/dags/tmdb_pipeline_to_stage.py
[2026-04-04T23:33:44.811+0000] {processor.py:830} INFO - Processing file /opt/airflow/dags/tmdb_pipeline_to_stage.py for tasks to queue
[2026-04-04T23:33:44.813+0000] {logging_mixin.py:188} INFO - [2026-04-04T23:33:44.812+0000] {dagbag.py:545} INFO - Filling up the DagBag from /opt/airflow/dags/tmdb_pipeline_to_stage.py
[2026-04-04T23:33:44.835+0000] {processor.py:840} INFO - DAG(s) 'tmdb_stage_pipeline' retrieved from /opt/airflow/dags/tmdb_pipeline_to_stage.py
[2026-04-04T23:33:44.870+0000] {logging_mixin.py:188} INFO - [2026-04-04T23:33:44.870+0000] {dag.py:3096} INFO - Sync 1 DAGs
[2026-04-04T23:33:44.889+0000] {logging_mixin.py:188} INFO - [2026-04-04T23:33:44.888+0000] {dag.py:3954} INFO - Setting next_dagrun for tmdb_stage_pipeline to None, run_after=None
[2026-04-04T23:33:44.906+0000] {processor.py:183} INFO - Processing /opt/airflow/dags/tmdb_pipeline_to_stage.py took 0.134 seconds
[2026-04-04T23:34:15.313+0000] {processor.py:161} INFO - Started process (PID=32793) to work on /opt/airflow/dags/tmdb_pipeline_to_stage.py
[2026-04-04T23:34:15.322+0000] {processor.py:830} INFO - Processing file /opt/airflow/dags/tmdb_pipeline_to_stage.py for tasks to queue
[2026-04-04T23:34:15.327+0000] {logging_mixin.py:188} INFO - [2026-04-04T23:34:15.326+0000] {dagbag.py:545} INFO - Filling up the DagBag from /opt/airflow/dags/tmdb_pipeline_to_stage.py
[2026-04-04T23:34:15.341+0000] {processor.py:840} INFO - DAG(s) 'tmdb_stage_pipeline' retrieved from /opt/airflow/dags/tmdb_pipeline_to_stage.py
[2026-04-04T23:34:15.382+0000] {logging_mixin.py:188} INFO - [2026-04-04T23:34:15.382+0000] {dag.py:3096} INFO - Sync 1 DAGs
[2026-04-04T23:34:15.402+0000] {logging_mixin.py:188} INFO - [2026-04-04T23:34:15.402+0000] {dag.py:3954} INFO - Setting next_dagrun for tmdb_stage_pipeline to None, run_after=None
[2026-04-04T23:34:15.423+0000] {processor.py:183} INFO - Processing /opt/airflow/dags/tmdb_pipeline_to_stage.py took 0.126 seconds
[2026-04-04T23:34:45.827+0000] {processor.py:161} INFO - Started process (PID=32813) to work on /opt/airflow/dags/tmdb_pipeline_to_stage.py
[2026-04-04T23:34:45.833+0000] {processor.py:830} INFO - Processing file /opt/airflow/dags/tmdb_pipeline_to_stage.py for tasks to queue
[2026-04-04T23:34:45.835+0000] {logging_mixin.py:188} INFO - [2026-04-04T23:34:45.835+0000] {dagbag.py:545} INFO - Filling up the DagBag from /opt/airflow/dags/tmdb_pipeline_to_stage.py
[2026-04-04T23:34:45.869+0000] {processor.py:840} INFO - DAG(s) 'tmdb_stage_pipeline' retrieved from /opt/airflow/dags/tmdb_pipeline_to_stage.py
[2026-04-04T23:34:45.910+0000] {logging_mixin.py:188} INFO - [2026-04-04T23:34:45.910+0000] {dag.py:3096} INFO - Sync 1 DAGs
[2026-04-04T23:34:45.923+0000] {logging_mixin.py:188} INFO - [2026-04-04T23:34:45.923+0000] {dag.py:3954} INFO - Setting next_dagrun for tmdb_stage_pipeline to None, run_after=None
[2026-04-04T23:34:45.939+0000] {processor.py:183} INFO - Processing /opt/airflow/dags/tmdb_pipeline_to_stage.py took 0.124 seconds
[2026-04-04T23:35:16.347+0000] {processor.py:161} INFO - Started process (PID=32833) to work on /opt/airflow/dags/tmdb_pipeline_to_stage.py
[2026-04-04T23:35:16.353+0000] {processor.py:830} INFO - Processing file /opt/airflow/dags/tmdb_pipeline_to_stage.py for tasks to queue
[2026-04-04T23:35:16.354+0000] {logging_mixin.py:188} INFO - [2026-04-04T23:35:16.353+0000] {dagbag.py:545} INFO - Filling up the DagBag from /opt/airflow/dags/tmdb_pipeline_to_stage.py
[2026-04-04T23:35:16.379+0000] {processor.py:840} INFO - DAG(s) 'tmdb_stage_pipeline' retrieved from /opt/airflow/dags/tmdb_pipeline_to_stage.py
[2026-04-04T23:35:16.417+0000] {logging_mixin.py:188} INFO - [2026-04-04T23:35:16.416+0000] {dag.py:3096} INFO - Sync 1 DAGs
[2026-04-04T23:35:16.436+0000] {logging_mixin.py:188} INFO - [2026-04-04T23:35:16.436+0000] {dag.py:3954} INFO - Setting next_dagrun for tmdb_stage_pipeline to None, run_after=None
[2026-04-04T23:35:16.455+0000] {processor.py:183} INFO - Processing /opt/airflow/dags/tmdb_pipeline_to_stage.py took 0.127 seconds
[2026-04-04T23:35:46.786+0000] {processor.py:161} INFO - Started process (PID=32853) to work on /opt/airflow/dags/tmdb_pipeline_to_stage.py
[2026-04-04T23:35:46.792+0000] {processor.py:830} INFO - Processing file /opt/airflow/dags/tmdb_pipeline_to_stage.py for tasks to queue
[2026-04-04T23:35:46.793+0000] {logging_mixin.py:188} INFO - [2026-04-04T23:35:46.792+0000] {dagbag.py:545} INFO - Filling up the DagBag from /opt/airflow/dags/tmdb_pipeline_to_stage.py
[2026-04-04T23:35:46.815+0000] {processor.py:840} INFO - DAG(s) 'tmdb_stage_pipeline' retrieved from /opt/airflow/dags/tmdb_pipeline_to_stage.py
[2026-04-04T23:35:46.860+0000] {logging_mixin.py:188} INFO - [2026-04-04T23:35:46.860+0000] {dag.py:3096} INFO - Sync 1 DAGs
[2026-04-04T23:35:46.872+0000] {logging_mixin.py:188} INFO - [2026-04-04T23:35:46.872+0000] {dag.py:3954} INFO - Setting next_dagrun for tmdb_stage_pipeline to None, run_after=None
[2026-04-04T23:35:46.888+0000] {processor.py:183} INFO - Processing /opt/airflow/dags/tmdb_pipeline_to_stage.py took 0.117 seconds
[2026-04-04T23:36:17.272+0000] {processor.py:161} INFO - Started process (PID=32873) to work on /opt/airflow/dags/tmdb_pipeline_to_stage.py
[2026-04-04T23:36:17.277+0000] {processor.py:830} INFO - Processing file /opt/airflow/dags/tmdb_pipeline_to_stage.py for tasks to queue
[2026-04-04T23:36:17.278+0000] {logging_mixin.py:188} INFO - [2026-04-04T23:36:17.278+0000] {dagbag.py:545} INFO - Filling up the DagBag from /opt/airflow/dags/tmdb_pipeline_to_stage.py
[2026-04-04T23:36:17.302+0000] {processor.py:840} INFO - DAG(s) 'tmdb_stage_pipeline' retrieved from /opt/airflow/dags/tmdb_pipeline_to_stage.py
[2026-04-04T23:36:17.342+0000] {logging_mixin.py:188} INFO - [2026-04-04T23:36:17.342+0000] {dag.py:3096} INFO - Sync 1 DAGs
[2026-04-04T23:36:17.359+0000] {logging_mixin.py:188} INFO - [2026-04-04T23:36:17.359+0000] {dag.py:3954} INFO - Setting next_dagrun for tmdb_stage_pipeline to None, run_after=None
[2026-04-04T23:36:17.371+0000] {processor.py:183} INFO - Processing /opt/airflow/dags/tmdb_pipeline_to_stage.py took 0.109 seconds
[2026-04-04T23:36:47.913+0000] {processor.py:161} INFO - Started process (PID=32893) to work on /opt/airflow/dags/tmdb_pipeline_to_stage.py
[2026-04-04T23:36:47.924+0000] {processor.py:830} INFO - Processing file /opt/airflow/dags/tmdb_pipeline_to_stage.py for tasks to queue
[2026-04-04T23:36:47.933+0000] {logging_mixin.py:188} INFO - [2026-04-04T23:36:47.931+0000] {dagbag.py:545} INFO - Filling up the DagBag from /opt/airflow/dags/tmdb_pipeline_to_stage.py
[2026-04-04T23:36:47.954+0000] {processor.py:840} INFO - DAG(s) 'tmdb_stage_pipeline' retrieved from /opt/airflow/dags/tmdb_pipeline_to_stage.py
[2026-04-04T23:36:47.997+0000] {logging_mixin.py:188} INFO - [2026-04-04T23:36:47.997+0000] {dag.py:3096} INFO - Sync 1 DAGs
[2026-04-04T23:36:48.043+0000] {logging_mixin.py:188} INFO - [2026-04-04T23:36:48.043+0000] {dag.py:3954} INFO - Setting next_dagrun for tmdb_stage_pipeline to None, run_after=None
[2026-04-04T23:36:48.080+0000] {processor.py:183} INFO - Processing /opt/airflow/dags/tmdb_pipeline_to_stage.py took 0.244 seconds
[2026-04-04T23:37:18.453+0000] {processor.py:161} INFO - Started process (PID=32913) to work on /opt/airflow/dags/tmdb_pipeline_to_stage.py
[2026-04-04T23:37:18.461+0000] {processor.py:830} INFO - Processing file /opt/airflow/dags/tmdb_pipeline_to_stage.py for tasks to queue
[2026-04-04T23:37:18.464+0000] {logging_mixin.py:188} INFO - [2026-04-04T23:37:18.464+0000] {dagbag.py:545} INFO - Filling up the DagBag from /opt/airflow/dags/tmdb_pipeline_to_stage.py
[2026-04-04T23:37:18.489+0000] {processor.py:840} INFO - DAG(s) 'tmdb_stage_pipeline' retrieved from /opt/airflow/dags/tmdb_pipeline_to_stage.py
[2026-04-04T23:37:18.584+0000] {logging_mixin.py:188} INFO - [2026-04-04T23:37:18.584+0000] {dag.py:3096} INFO - Sync 1 DAGs
[2026-04-04T23:37:18.597+0000] {logging_mixin.py:188} INFO - [2026-04-04T23:37:18.597+0000] {dag.py:3954} INFO - Setting next_dagrun for tmdb_stage_pipeline to None, run_after=None
[2026-04-04T23:37:18.617+0000] {processor.py:183} INFO - Processing /opt/airflow/dags/tmdb_pipeline_to_stage.py took 0.182 seconds
[2026-04-04T23:37:49.064+0000] {processor.py:161} INFO - Started process (PID=32933) to work on /opt/airflow/dags/tmdb_pipeline_to_stage.py
[2026-04-04T23:37:49.070+0000] {processor.py:830} INFO - Processing file /opt/airflow/dags/tmdb_pipeline_to_stage.py for tasks to queue
[2026-04-04T23:37:49.071+0000] {logging_mixin.py:188} INFO - [2026-04-04T23:37:49.071+0000] {dagbag.py:545} INFO - Filling up the DagBag from /opt/airflow/dags/tmdb_pipeline_to_stage.py
[2026-04-04T23:37:49.087+0000] {processor.py:840} INFO - DAG(s) 'tmdb_stage_pipeline' retrieved from /opt/airflow/dags/tmdb_pipeline_to_stage.py
[2026-04-04T23:37:49.130+0000] {logging_mixin.py:188} INFO - [2026-04-04T23:37:49.130+0000] {dag.py:3096} INFO - Sync 1 DAGs
[2026-04-04T23:37:49.148+0000] {logging_mixin.py:188} INFO - [2026-04-04T23:37:49.148+0000] {dag.py:3954} INFO - Setting next_dagrun for tmdb_stage_pipeline to None, run_after=None
[2026-04-04T23:37:49.162+0000] {processor.py:183} INFO - Processing /opt/airflow/dags/tmdb_pipeline_to_stage.py took 0.120 seconds
[2026-04-04T23:38:19.613+0000] {processor.py:161} INFO - Started process (PID=32953) to work on /opt/airflow/dags/tmdb_pipeline_to_stage.py
[2026-04-04T23:38:19.621+0000] {processor.py:830} INFO - Processing file /opt/airflow/dags/tmdb_pipeline_to_stage.py for tasks to queue
[2026-04-04T23:38:19.625+0000] {logging_mixin.py:188} INFO - [2026-04-04T23:38:19.623+0000] {dagbag.py:545} INFO - Filling up the DagBag from /opt/airflow/dags/tmdb_pipeline_to_stage.py
[2026-04-04T23:38:19.663+0000] {processor.py:840} INFO - DAG(s) 'tmdb_stage_pipeline' retrieved from /opt/airflow/dags/tmdb_pipeline_to_stage.py
[2026-04-04T23:38:19.765+0000] {logging_mixin.py:188} INFO - [2026-04-04T23:38:19.764+0000] {dag.py:3096} INFO - Sync 1 DAGs
[2026-04-04T23:38:19.807+0000] {logging_mixin.py:188} INFO - [2026-04-04T23:38:19.807+0000] {dag.py:3954} INFO - Setting next_dagrun for tmdb_stage_pipeline to None, run_after=None
[2026-04-04T23:38:19.840+0000] {processor.py:183} INFO - Processing /opt/airflow/dags/tmdb_pipeline_to_stage.py took 0.261 seconds
[2026-04-04T23:38:50.341+0000] {processor.py:161} INFO - Started process (PID=32973) to work on /opt/airflow/dags/tmdb_pipeline_to_stage.py
[2026-04-04T23:38:50.347+0000] {processor.py:830} INFO - Processing file /opt/airflow/dags/tmdb_pipeline_to_stage.py for tasks to queue
[2026-04-04T23:38:50.348+0000] {logging_mixin.py:188} INFO - [2026-04-04T23:38:50.348+0000] {dagbag.py:545} INFO - Filling up the DagBag from /opt/airflow/dags/tmdb_pipeline_to_stage.py
[2026-04-04T23:38:50.373+0000] {processor.py:840} INFO - DAG(s) 'tmdb_stage_pipeline' retrieved from /opt/airflow/dags/tmdb_pipeline_to_stage.py
[2026-04-04T23:38:50.405+0000] {logging_mixin.py:188} INFO - [2026-04-04T23:38:50.405+0000] {dag.py:3096} INFO - Sync 1 DAGs
[2026-04-04T23:38:50.426+0000] {logging_mixin.py:188} INFO - [2026-04-04T23:38:50.426+0000] {dag.py:3954} INFO - Setting next_dagrun for tmdb_stage_pipeline to None, run_after=None
[2026-04-04T23:38:50.445+0000] {processor.py:183} INFO - Processing /opt/airflow/dags/tmdb_pipeline_to_stage.py took 0.120 seconds
[2026-04-04T23:39:20.933+0000] {processor.py:161} INFO - Started process (PID=32993) to work on /opt/airflow/dags/tmdb_pipeline_to_stage.py
[2026-04-04T23:39:20.940+0000] {processor.py:830} INFO - Processing file /opt/airflow/dags/tmdb_pipeline_to_stage.py for tasks to queue
[2026-04-04T23:39:20.941+0000] {logging_mixin.py:188} INFO - [2026-04-04T23:39:20.940+0000] {dagbag.py:545} INFO - Filling up the DagBag from /opt/airflow/dags/tmdb_pipeline_to_stage.py
[2026-04-04T23:39:20.974+0000] {processor.py:840} INFO - DAG(s) 'tmdb_stage_pipeline' retrieved from /opt/airflow/dags/tmdb_pipeline_to_stage.py
[2026-04-04T23:39:21.036+0000] {logging_mixin.py:188} INFO - [2026-04-04T23:39:21.036+0000] {dag.py:3096} INFO - Sync 1 DAGs
[2026-04-04T23:39:21.060+0000] {logging_mixin.py:188} INFO - [2026-04-04T23:39:21.060+0000] {dag.py:3954} INFO - Setting next_dagrun for tmdb_stage_pipeline to None, run_after=None
[2026-04-04T23:39:21.077+0000] {processor.py:183} INFO - Processing /opt/airflow/dags/tmdb_pipeline_to_stage.py took 0.171 seconds
[2026-04-04T23:39:51.476+0000] {processor.py:161} INFO - Started process (PID=33013) to work on /opt/airflow/dags/tmdb_pipeline_to_stage.py
[2026-04-04T23:39:51.482+0000] {processor.py:830} INFO - Processing file /opt/airflow/dags/tmdb_pipeline_to_stage.py for tasks to queue
[2026-04-04T23:39:51.484+0000] {logging_mixin.py:188} INFO - [2026-04-04T23:39:51.484+0000] {dagbag.py:545} INFO - Filling up the DagBag from /opt/airflow/dags/tmdb_pipeline_to_stage.py
[2026-04-04T23:39:51.501+0000] {processor.py:840} INFO - DAG(s) 'tmdb_stage_pipeline' retrieved from /opt/airflow/dags/tmdb_pipeline_to_stage.py
[2026-04-04T23:39:51.550+0000] {logging_mixin.py:188} INFO - [2026-04-04T23:39:51.550+0000] {dag.py:3096} INFO - Sync 1 DAGs
[2026-04-04T23:39:51.566+0000] {logging_mixin.py:188} INFO - [2026-04-04T23:39:51.566+0000] {dag.py:3954} INFO - Setting next_dagrun for tmdb_stage_pipeline to None, run_after=None
[2026-04-04T23:39:51.585+0000] {processor.py:183} INFO - Processing /opt/airflow/dags/tmdb_pipeline_to_stage.py took 0.123 seconds
[2026-04-04T23:40:22.042+0000] {processor.py:161} INFO - Started process (PID=33033) to work on /opt/airflow/dags/tmdb_pipeline_to_stage.py
[2026-04-04T23:40:22.049+0000] {processor.py:830} INFO - Processing file /opt/airflow/dags/tmdb_pipeline_to_stage.py for tasks to queue
[2026-04-04T23:40:22.051+0000] {logging_mixin.py:188} INFO - [2026-04-04T23:40:22.050+0000] {dagbag.py:545} INFO - Filling up the DagBag from /opt/airflow/dags/tmdb_pipeline_to_stage.py
[2026-04-04T23:40:22.099+0000] {processor.py:840} INFO - DAG(s) 'tmdb_stage_pipeline' retrieved from /opt/airflow/dags/tmdb_pipeline_to_stage.py
[2026-04-04T23:40:22.154+0000] {logging_mixin.py:188} INFO - [2026-04-04T23:40:22.154+0000] {dag.py:3096} INFO - Sync 1 DAGs
[2026-04-04T23:40:22.179+0000] {logging_mixin.py:188} INFO - [2026-04-04T23:40:22.179+0000] {dag.py:3954} INFO - Setting next_dagrun for tmdb_stage_pipeline to None, run_after=None
[2026-04-04T23:40:22.200+0000] {processor.py:183} INFO - Processing /opt/airflow/dags/tmdb_pipeline_to_stage.py took 0.184 seconds
[2026-04-04T23:40:52.538+0000] {processor.py:161} INFO - Started process (PID=33053) to work on /opt/airflow/dags/tmdb_pipeline_to_stage.py
[2026-04-04T23:40:52.546+0000] {processor.py:830} INFO - Processing file /opt/airflow/dags/tmdb_pipeline_to_stage.py for tasks to queue
[2026-04-04T23:40:52.547+0000] {logging_mixin.py:188} INFO - [2026-04-04T23:40:52.547+0000] {dagbag.py:545} INFO - Filling up the DagBag from /opt/airflow/dags/tmdb_pipeline_to_stage.py
[2026-04-04T23:40:52.568+0000] {processor.py:840} INFO - DAG(s) 'tmdb_stage_pipeline' retrieved from /opt/airflow/dags/tmdb_pipeline_to_stage.py
[2026-04-04T23:40:52.615+0000] {logging_mixin.py:188} INFO - [2026-04-04T23:40:52.615+0000] {dag.py:3096} INFO - Sync 1 DAGs
[2026-04-04T23:40:52.634+0000] {logging_mixin.py:188} INFO - [2026-04-04T23:40:52.634+0000] {dag.py:3954} INFO - Setting next_dagrun for tmdb_stage_pipeline to None, run_after=None
[2026-04-04T23:40:52.656+0000] {processor.py:183} INFO - Processing /opt/airflow/dags/tmdb_pipeline_to_stage.py took 0.135 seconds
[2026-04-04T23:41:23.075+0000] {processor.py:161} INFO - Started process (PID=33073) to work on /opt/airflow/dags/tmdb_pipeline_to_stage.py
[2026-04-04T23:41:23.081+0000] {processor.py:830} INFO - Processing file /opt/airflow/dags/tmdb_pipeline_to_stage.py for tasks to queue
[2026-04-04T23:41:23.082+0000] {logging_mixin.py:188} INFO - [2026-04-04T23:41:23.081+0000] {dagbag.py:545} INFO - Filling up the DagBag from /opt/airflow/dags/tmdb_pipeline_to_stage.py
[2026-04-04T23:41:23.104+0000] {processor.py:840} INFO - DAG(s) 'tmdb_stage_pipeline' retrieved from /opt/airflow/dags/tmdb_pipeline_to_stage.py
[2026-04-04T23:41:23.156+0000] {logging_mixin.py:188} INFO - [2026-04-04T23:41:23.156+0000] {dag.py:3096} INFO - Sync 1 DAGs
[2026-04-04T23:41:23.175+0000] {logging_mixin.py:188} INFO - [2026-04-04T23:41:23.175+0000] {dag.py:3954} INFO - Setting next_dagrun for tmdb_stage_pipeline to None, run_after=None
[2026-04-04T23:41:23.195+0000] {processor.py:183} INFO - Processing /opt/airflow/dags/tmdb_pipeline_to_stage.py took 0.131 seconds
[2026-04-04T23:41:53.546+0000] {processor.py:161} INFO - Started process (PID=33093) to work on /opt/airflow/dags/tmdb_pipeline_to_stage.py
[2026-04-04T23:41:53.551+0000] {processor.py:830} INFO - Processing file /opt/airflow/dags/tmdb_pipeline_to_stage.py for tasks to queue
[2026-04-04T23:41:53.553+0000] {logging_mixin.py:188} INFO - [2026-04-04T23:41:53.553+0000] {dagbag.py:545} INFO - Filling up the DagBag from /opt/airflow/dags/tmdb_pipeline_to_stage.py
[2026-04-04T23:41:53.573+0000] {processor.py:840} INFO - DAG(s) 'tmdb_stage_pipeline' retrieved from /opt/airflow/dags/tmdb_pipeline_to_stage.py
[2026-04-04T23:41:53.620+0000] {logging_mixin.py:188} INFO - [2026-04-04T23:41:53.620+0000] {dag.py:3096} INFO - Sync 1 DAGs
[2026-04-04T23:41:53.634+0000] {logging_mixin.py:188} INFO - [2026-04-04T23:41:53.634+0000] {dag.py:3954} INFO - Setting next_dagrun for tmdb_stage_pipeline to None, run_after=None
[2026-04-04T23:41:53.656+0000] {processor.py:183} INFO - Processing /opt/airflow/dags/tmdb_pipeline_to_stage.py took 0.122 seconds
[2026-04-04T23:42:24.133+0000] {processor.py:161} INFO - Started process (PID=33113) to work on /opt/airflow/dags/tmdb_pipeline_to_stage.py
[2026-04-04T23:42:24.138+0000] {processor.py:830} INFO - Processing file /opt/airflow/dags/tmdb_pipeline_to_stage.py for tasks to queue
[2026-04-04T23:42:24.140+0000] {logging_mixin.py:188} INFO - [2026-04-04T23:42:24.139+0000] {dagbag.py:545} INFO - Filling up the DagBag from /opt/airflow/dags/tmdb_pipeline_to_stage.py
[2026-04-04T23:42:24.166+0000] {processor.py:840} INFO - DAG(s) 'tmdb_stage_pipeline' retrieved from /opt/airflow/dags/tmdb_pipeline_to_stage.py
[2026-04-04T23:42:24.211+0000] {logging_mixin.py:188} INFO - [2026-04-04T23:42:24.211+0000] {dag.py:3096} INFO - Sync 1 DAGs
[2026-04-04T23:42:24.239+0000] {logging_mixin.py:188} INFO - [2026-04-04T23:42:24.238+0000] {dag.py:3954} INFO - Setting next_dagrun for tmdb_stage_pipeline to None, run_after=None
[2026-04-04T23:42:24.275+0000] {processor.py:183} INFO - Processing /opt/airflow/dags/tmdb_pipeline_to_stage.py took 0.158 seconds
[2026-04-04T23:42:54.814+0000] {processor.py:161} INFO - Started process (PID=33133) to work on /opt/airflow/dags/tmdb_pipeline_to_stage.py
[2026-04-04T23:42:54.825+0000] {processor.py:830} INFO - Processing file /opt/airflow/dags/tmdb_pipeline_to_stage.py for tasks to queue
[2026-04-04T23:42:54.827+0000] {logging_mixin.py:188} INFO - [2026-04-04T23:42:54.826+0000] {dagbag.py:545} INFO - Filling up the DagBag from /opt/airflow/dags/tmdb_pipeline_to_stage.py
[2026-04-04T23:42:54.860+0000] {processor.py:840} INFO - DAG(s) 'tmdb_stage_pipeline' retrieved from /opt/airflow/dags/tmdb_pipeline_to_stage.py
[2026-04-04T23:42:54.922+0000] {logging_mixin.py:188} INFO - [2026-04-04T23:42:54.922+0000] {dag.py:3096} INFO - Sync 1 DAGs
[2026-04-04T23:42:54.964+0000] {logging_mixin.py:188} INFO - [2026-04-04T23:42:54.964+0000] {dag.py:3954} INFO - Setting next_dagrun for tmdb_stage_pipeline to None, run_after=None
[2026-04-04T23:42:54.983+0000] {processor.py:183} INFO - Processing /opt/airflow/dags/tmdb_pipeline_to_stage.py took 0.192 seconds
[2026-04-04T23:43:25.412+0000] {processor.py:161} INFO - Started process (PID=33153) to work on /opt/airflow/dags/tmdb_pipeline_to_stage.py
[2026-04-04T23:43:25.418+0000] {processor.py:830} INFO - Processing file /opt/airflow/dags/tmdb_pipeline_to_stage.py for tasks to queue
[2026-04-04T23:43:25.420+0000] {logging_mixin.py:188} INFO - [2026-04-04T23:43:25.420+0000] {dagbag.py:545} INFO - Filling up the DagBag from /opt/airflow/dags/tmdb_pipeline_to_stage.py
[2026-04-04T23:43:25.434+0000] {processor.py:840} INFO - DAG(s) 'tmdb_stage_pipeline' retrieved from /opt/airflow/dags/tmdb_pipeline_to_stage.py
[2026-04-04T23:43:25.486+0000] {logging_mixin.py:188} INFO - [2026-04-04T23:43:25.486+0000] {dag.py:3096} INFO - Sync 1 DAGs
[2026-04-04T23:43:25.505+0000] {logging_mixin.py:188} INFO - [2026-04-04T23:43:25.505+0000] {dag.py:3954} INFO - Setting next_dagrun for tmdb_stage_pipeline to None, run_after=None
[2026-04-04T23:43:25.527+0000] {processor.py:183} INFO - Processing /opt/airflow/dags/tmdb_pipeline_to_stage.py took 0.142 seconds
[2026-04-04T23:43:55.893+0000] {processor.py:161} INFO - Started process (PID=33173) to work on /opt/airflow/dags/tmdb_pipeline_to_stage.py
[2026-04-04T23:43:55.899+0000] {processor.py:830} INFO - Processing file /opt/airflow/dags/tmdb_pipeline_to_stage.py for tasks to queue
[2026-04-04T23:43:55.901+0000] {logging_mixin.py:188} INFO - [2026-04-04T23:43:55.901+0000] {dagbag.py:545} INFO - Filling up the DagBag from /opt/airflow/dags/tmdb_pipeline_to_stage.py
[2026-04-04T23:43:55.916+0000] {processor.py:840} INFO - DAG(s) 'tmdb_stage_pipeline' retrieved from /opt/airflow/dags/tmdb_pipeline_to_stage.py
[2026-04-04T23:43:55.959+0000] {logging_mixin.py:188} INFO - [2026-04-04T23:43:55.959+0000] {dag.py:3096} INFO - Sync 1 DAGs
[2026-04-04T23:43:55.981+0000] {logging_mixin.py:188} INFO - [2026-04-04T23:43:55.981+0000] {dag.py:3954} INFO - Setting next_dagrun for tmdb_stage_pipeline to None, run_after=None
[2026-04-04T23:43:55.997+0000] {processor.py:183} INFO - Processing /opt/airflow/dags/tmdb_pipeline_to_stage.py took 0.117 seconds
[2026-04-04T23:44:26.448+0000] {processor.py:161} INFO - Started process (PID=33193) to work on /opt/airflow/dags/tmdb_pipeline_to_stage.py
[2026-04-04T23:44:26.453+0000] {processor.py:830} INFO - Processing file /opt/airflow/dags/tmdb_pipeline_to_stage.py for tasks to queue
[2026-04-04T23:44:26.455+0000] {logging_mixin.py:188} INFO - [2026-04-04T23:44:26.454+0000] {dagbag.py:545} INFO - Filling up the DagBag from /opt/airflow/dags/tmdb_pipeline_to_stage.py
[2026-04-04T23:44:26.500+0000] {processor.py:840} INFO - DAG(s) 'tmdb_stage_pipeline' retrieved from /opt/airflow/dags/tmdb_pipeline_to_stage.py
[2026-04-04T23:44:26.542+0000] {logging_mixin.py:188} INFO - [2026-04-04T23:44:26.542+0000] {dag.py:3096} INFO - Sync 1 DAGs
[2026-04-04T23:44:26.562+0000] {logging_mixin.py:188} INFO - [2026-04-04T23:44:26.562+0000] {dag.py:3954} INFO - Setting next_dagrun for tmdb_stage_pipeline to None, run_after=None
[2026-04-04T23:44:26.581+0000] {processor.py:183} INFO - Processing /opt/airflow/dags/tmdb_pipeline_to_stage.py took 0.149 seconds
[2026-04-04T23:44:56.967+0000] {processor.py:161} INFO - Started process (PID=33213) to work on /opt/airflow/dags/tmdb_pipeline_to_stage.py
[2026-04-04T23:44:56.973+0000] {processor.py:830} INFO - Processing file /opt/airflow/dags/tmdb_pipeline_to_stage.py for tasks to queue
[2026-04-04T23:44:56.975+0000] {logging_mixin.py:188} INFO - [2026-04-04T23:44:56.974+0000] {dagbag.py:545} INFO - Filling up the DagBag from /opt/airflow/dags/tmdb_pipeline_to_stage.py
[2026-04-04T23:44:57.008+0000] {processor.py:840} INFO - DAG(s) 'tmdb_stage_pipeline' retrieved from /opt/airflow/dags/tmdb_pipeline_to_stage.py
[2026-04-04T23:44:57.060+0000] {logging_mixin.py:188} INFO - [2026-04-04T23:44:57.059+0000] {dag.py:3096} INFO - Sync 1 DAGs
[2026-04-04T23:44:57.079+0000] {logging_mixin.py:188} INFO - [2026-04-04T23:44:57.079+0000] {dag.py:3954} INFO - Setting next_dagrun for tmdb_stage_pipeline to None, run_after=None
[2026-04-04T23:44:57.111+0000] {processor.py:183} INFO - Processing /opt/airflow/dags/tmdb_pipeline_to_stage.py took 0.164 seconds
[2026-04-04T23:45:27.694+0000] {processor.py:161} INFO - Started process (PID=33233) to work on /opt/airflow/dags/tmdb_pipeline_to_stage.py
[2026-04-04T23:45:27.702+0000] {processor.py:830} INFO - Processing file /opt/airflow/dags/tmdb_pipeline_to_stage.py for tasks to queue
[2026-04-04T23:45:27.704+0000] {logging_mixin.py:188} INFO - [2026-04-04T23:45:27.703+0000] {dagbag.py:545} INFO - Filling up the DagBag from /opt/airflow/dags/tmdb_pipeline_to_stage.py
[2026-04-04T23:45:27.750+0000] {processor.py:840} INFO - DAG(s) 'tmdb_stage_pipeline' retrieved from /opt/airflow/dags/tmdb_pipeline_to_stage.py
[2026-04-04T23:45:27.825+0000] {logging_mixin.py:188} INFO - [2026-04-04T23:45:27.819+0000] {dag.py:3096} INFO - Sync 1 DAGs
[2026-04-04T23:45:27.883+0000] {logging_mixin.py:188} INFO - [2026-04-04T23:45:27.882+0000] {dag.py:3954} INFO - Setting next_dagrun for tmdb_stage_pipeline to None, run_after=None
[2026-04-04T23:45:27.929+0000] {processor.py:183} INFO - Processing /opt/airflow/dags/tmdb_pipeline_to_stage.py took 0.251 seconds
[2026-04-04T23:45:58.437+0000] {processor.py:161} INFO - Started process (PID=33253) to work on /opt/airflow/dags/tmdb_pipeline_to_stage.py
[2026-04-04T23:45:58.461+0000] {processor.py:830} INFO - Processing file /opt/airflow/dags/tmdb_pipeline_to_stage.py for tasks to queue
[2026-04-04T23:45:58.466+0000] {logging_mixin.py:188} INFO - [2026-04-04T23:45:58.464+0000] {dagbag.py:545} INFO - Filling up the DagBag from /opt/airflow/dags/tmdb_pipeline_to_stage.py
[2026-04-04T23:45:58.499+0000] {processor.py:840} INFO - DAG(s) 'tmdb_stage_pipeline' retrieved from /opt/airflow/dags/tmdb_pipeline_to_stage.py
[2026-04-04T23:45:58.562+0000] {logging_mixin.py:188} INFO - [2026-04-04T23:45:58.562+0000] {dag.py:3096} INFO - Sync 1 DAGs
[2026-04-04T23:45:58.602+0000] {logging_mixin.py:188} INFO - [2026-04-04T23:45:58.601+0000] {dag.py:3954} INFO - Setting next_dagrun for tmdb_stage_pipeline to None, run_after=None
[2026-04-04T23:45:58.631+0000] {processor.py:183} INFO - Processing /opt/airflow/dags/tmdb_pipeline_to_stage.py took 0.218 seconds
[2026-04-04T23:46:29.098+0000] {processor.py:161} INFO - Started process (PID=33273) to work on /opt/airflow/dags/tmdb_pipeline_to_stage.py
[2026-04-04T23:46:29.104+0000] {processor.py:830} INFO - Processing file /opt/airflow/dags/tmdb_pipeline_to_stage.py for tasks to queue
[2026-04-04T23:46:29.106+0000] {logging_mixin.py:188} INFO - [2026-04-04T23:46:29.106+0000] {dagbag.py:545} INFO - Filling up the DagBag from /opt/airflow/dags/tmdb_pipeline_to_stage.py
[2026-04-04T23:46:29.132+0000] {processor.py:840} INFO - DAG(s) 'tmdb_stage_pipeline' retrieved from /opt/airflow/dags/tmdb_pipeline_to_stage.py
[2026-04-04T23:46:29.178+0000] {logging_mixin.py:188} INFO - [2026-04-04T23:46:29.177+0000] {dag.py:3096} INFO - Sync 1 DAGs
[2026-04-04T23:46:29.208+0000] {logging_mixin.py:188} INFO - [2026-04-04T23:46:29.208+0000] {dag.py:3954} INFO - Setting next_dagrun for tmdb_stage_pipeline to None, run_after=None
[2026-04-04T23:46:29.241+0000] {processor.py:183} INFO - Processing /opt/airflow/dags/tmdb_pipeline_to_stage.py took 0.164 seconds
[2026-04-04T23:46:59.635+0000] {processor.py:161} INFO - Started process (PID=33293) to work on /opt/airflow/dags/tmdb_pipeline_to_stage.py
[2026-04-04T23:46:59.643+0000] {processor.py:830} INFO - Processing file /opt/airflow/dags/tmdb_pipeline_to_stage.py for tasks to queue
[2026-04-04T23:46:59.644+0000] {logging_mixin.py:188} INFO - [2026-04-04T23:46:59.644+0000] {dagbag.py:545} INFO - Filling up the DagBag from /opt/airflow/dags/tmdb_pipeline_to_stage.py
[2026-04-04T23:46:59.673+0000] {processor.py:840} INFO - DAG(s) 'tmdb_stage_pipeline' retrieved from /opt/airflow/dags/tmdb_pipeline_to_stage.py
[2026-04-04T23:46:59.705+0000] {logging_mixin.py:188} INFO - [2026-04-04T23:46:59.705+0000] {dag.py:3096} INFO - Sync 1 DAGs
[2026-04-04T23:46:59.725+0000] {logging_mixin.py:188} INFO - [2026-04-04T23:46:59.725+0000] {dag.py:3954} INFO - Setting next_dagrun for tmdb_stage_pipeline to None, run_after=None
[2026-04-04T23:46:59.746+0000] {processor.py:183} INFO - Processing /opt/airflow/dags/tmdb_pipeline_to_stage.py took 0.131 seconds
[2026-04-04T23:47:30.156+0000] {processor.py:161} INFO - Started process (PID=33313) to work on /opt/airflow/dags/tmdb_pipeline_to_stage.py
[2026-04-04T23:47:30.165+0000] {processor.py:830} INFO - Processing file /opt/airflow/dags/tmdb_pipeline_to_stage.py for tasks to queue
[2026-04-04T23:47:30.167+0000] {logging_mixin.py:188} INFO - [2026-04-04T23:47:30.166+0000] {dagbag.py:545} INFO - Filling up the DagBag from /opt/airflow/dags/tmdb_pipeline_to_stage.py
[2026-04-04T23:47:30.190+0000] {processor.py:840} INFO - DAG(s) 'tmdb_stage_pipeline' retrieved from /opt/airflow/dags/tmdb_pipeline_to_stage.py
[2026-04-04T23:47:30.259+0000] {logging_mixin.py:188} INFO - [2026-04-04T23:47:30.259+0000] {dag.py:3096} INFO - Sync 1 DAGs
[2026-04-04T23:47:30.288+0000] {logging_mixin.py:188} INFO - [2026-04-04T23:47:30.288+0000] {dag.py:3954} INFO - Setting next_dagrun for tmdb_stage_pipeline to None, run_after=None
[2026-04-04T23:47:30.313+0000] {processor.py:183} INFO - Processing /opt/airflow/dags/tmdb_pipeline_to_stage.py took 0.185 seconds
[2026-04-04T23:48:00.725+0000] {processor.py:161} INFO - Started process (PID=33333) to work on /opt/airflow/dags/tmdb_pipeline_to_stage.py
[2026-04-04T23:48:00.734+0000] {processor.py:830} INFO - Processing file /opt/airflow/dags/tmdb_pipeline_to_stage.py for tasks to queue
[2026-04-04T23:48:00.735+0000] {logging_mixin.py:188} INFO - [2026-04-04T23:48:00.734+0000] {dagbag.py:545} INFO - Filling up the DagBag from /opt/airflow/dags/tmdb_pipeline_to_stage.py
[2026-04-04T23:48:00.760+0000] {processor.py:840} INFO - DAG(s) 'tmdb_stage_pipeline' retrieved from /opt/airflow/dags/tmdb_pipeline_to_stage.py
[2026-04-04T23:48:00.806+0000] {logging_mixin.py:188} INFO - [2026-04-04T23:48:00.806+0000] {dag.py:3096} INFO - Sync 1 DAGs
[2026-04-04T23:48:00.834+0000] {logging_mixin.py:188} INFO - [2026-04-04T23:48:00.833+0000] {dag.py:3954} INFO - Setting next_dagrun for tmdb_stage_pipeline to None, run_after=None
[2026-04-04T23:48:00.865+0000] {processor.py:183} INFO - Processing /opt/airflow/dags/tmdb_pipeline_to_stage.py took 0.158 seconds
[2026-04-04T23:48:31.310+0000] {processor.py:161} INFO - Started process (PID=33353) to work on /opt/airflow/dags/tmdb_pipeline_to_stage.py
[2026-04-04T23:48:31.316+0000] {processor.py:830} INFO - Processing file /opt/airflow/dags/tmdb_pipeline_to_stage.py for tasks to queue
[2026-04-04T23:48:31.318+0000] {logging_mixin.py:188} INFO - [2026-04-04T23:48:31.317+0000] {dagbag.py:545} INFO - Filling up the DagBag from /opt/airflow/dags/tmdb_pipeline_to_stage.py
[2026-04-04T23:48:31.337+0000] {processor.py:840} INFO - DAG(s) 'tmdb_stage_pipeline' retrieved from /opt/airflow/dags/tmdb_pipeline_to_stage.py
[2026-04-04T23:48:31.387+0000] {logging_mixin.py:188} INFO - [2026-04-04T23:48:31.387+0000] {dag.py:3096} INFO - Sync 1 DAGs
[2026-04-04T23:48:31.401+0000] {logging_mixin.py:188} INFO - [2026-04-04T23:48:31.401+0000] {dag.py:3954} INFO - Setting next_dagrun for tmdb_stage_pipeline to None, run_after=None
[2026-04-04T23:48:31.415+0000] {processor.py:183} INFO - Processing /opt/airflow/dags/tmdb_pipeline_to_stage.py took 0.135 seconds
[2026-04-04T23:49:01.786+0000] {processor.py:161} INFO - Started process (PID=33373) to work on /opt/airflow/dags/tmdb_pipeline_to_stage.py
[2026-04-04T23:49:01.790+0000] {processor.py:830} INFO - Processing file /opt/airflow/dags/tmdb_pipeline_to_stage.py for tasks to queue
[2026-04-04T23:49:01.793+0000] {logging_mixin.py:188} INFO - [2026-04-04T23:49:01.792+0000] {dagbag.py:545} INFO - Filling up the DagBag from /opt/airflow/dags/tmdb_pipeline_to_stage.py
[2026-04-04T23:49:01.811+0000] {processor.py:840} INFO - DAG(s) 'tmdb_stage_pipeline' retrieved from /opt/airflow/dags/tmdb_pipeline_to_stage.py
[2026-04-04T23:49:01.848+0000] {logging_mixin.py:188} INFO - [2026-04-04T23:49:01.848+0000] {dag.py:3096} INFO - Sync 1 DAGs
[2026-04-04T23:49:01.868+0000] {logging_mixin.py:188} INFO - [2026-04-04T23:49:01.867+0000] {dag.py:3954} INFO - Setting next_dagrun for tmdb_stage_pipeline to None, run_after=None
[2026-04-04T23:49:01.884+0000] {processor.py:183} INFO - Processing /opt/airflow/dags/tmdb_pipeline_to_stage.py took 0.109 seconds
[2026-04-04T23:49:32.305+0000] {processor.py:161} INFO - Started process (PID=33393) to work on /opt/airflow/dags/tmdb_pipeline_to_stage.py
[2026-04-04T23:49:32.312+0000] {processor.py:830} INFO - Processing file /opt/airflow/dags/tmdb_pipeline_to_stage.py for tasks to queue
[2026-04-04T23:49:32.315+0000] {logging_mixin.py:188} INFO - [2026-04-04T23:49:32.314+0000] {dagbag.py:545} INFO - Filling up the DagBag from /opt/airflow/dags/tmdb_pipeline_to_stage.py
[2026-04-04T23:49:32.361+0000] {processor.py:840} INFO - DAG(s) 'tmdb_stage_pipeline' retrieved from /opt/airflow/dags/tmdb_pipeline_to_stage.py
[2026-04-04T23:49:32.429+0000] {logging_mixin.py:188} INFO - [2026-04-04T23:49:32.428+0000] {dag.py:3096} INFO - Sync 1 DAGs
[2026-04-04T23:49:32.472+0000] {logging_mixin.py:188} INFO - [2026-04-04T23:49:32.472+0000] {dag.py:3954} INFO - Setting next_dagrun for tmdb_stage_pipeline to None, run_after=None
[2026-04-04T23:49:32.493+0000] {processor.py:183} INFO - Processing /opt/airflow/dags/tmdb_pipeline_to_stage.py took 0.201 seconds
[2026-04-04T23:50:02.994+0000] {processor.py:161} INFO - Started process (PID=33413) to work on /opt/airflow/dags/tmdb_pipeline_to_stage.py
[2026-04-04T23:50:03.000+0000] {processor.py:830} INFO - Processing file /opt/airflow/dags/tmdb_pipeline_to_stage.py for tasks to queue
[2026-04-04T23:50:03.001+0000] {logging_mixin.py:188} INFO - [2026-04-04T23:50:03.000+0000] {dagbag.py:545} INFO - Filling up the DagBag from /opt/airflow/dags/tmdb_pipeline_to_stage.py
[2026-04-04T23:50:03.016+0000] {processor.py:840} INFO - DAG(s) 'tmdb_stage_pipeline' retrieved from /opt/airflow/dags/tmdb_pipeline_to_stage.py
[2026-04-04T23:50:03.048+0000] {logging_mixin.py:188} INFO - [2026-04-04T23:50:03.047+0000] {dag.py:3096} INFO - Sync 1 DAGs
[2026-04-04T23:50:03.063+0000] {logging_mixin.py:188} INFO - [2026-04-04T23:50:03.063+0000] {dag.py:3954} INFO - Setting next_dagrun for tmdb_stage_pipeline to None, run_after=None
[2026-04-04T23:50:03.074+0000] {processor.py:183} INFO - Processing /opt/airflow/dags/tmdb_pipeline_to_stage.py took 0.091 seconds
[2026-04-04T23:50:33.490+0000] {processor.py:161} INFO - Started process (PID=33433) to work on /opt/airflow/dags/tmdb_pipeline_to_stage.py
[2026-04-04T23:50:33.497+0000] {processor.py:830} INFO - Processing file /opt/airflow/dags/tmdb_pipeline_to_stage.py for tasks to queue
[2026-04-04T23:50:33.498+0000] {logging_mixin.py:188} INFO - [2026-04-04T23:50:33.498+0000] {dagbag.py:545} INFO - Filling up the DagBag from /opt/airflow/dags/tmdb_pipeline_to_stage.py
[2026-04-04T23:50:33.513+0000] {processor.py:840} INFO - DAG(s) 'tmdb_stage_pipeline' retrieved from /opt/airflow/dags/tmdb_pipeline_to_stage.py
[2026-04-04T23:50:33.565+0000] {logging_mixin.py:188} INFO - [2026-04-04T23:50:33.565+0000] {dag.py:3096} INFO - Sync 1 DAGs
[2026-04-04T23:50:33.593+0000] {logging_mixin.py:188} INFO - [2026-04-04T23:50:33.593+0000] {dag.py:3954} INFO - Setting next_dagrun for tmdb_stage_pipeline to None, run_after=None
[2026-04-04T23:50:33.614+0000] {processor.py:183} INFO - Processing /opt/airflow/dags/tmdb_pipeline_to_stage.py took 0.135 seconds
[2026-04-04T23:51:04.074+0000] {processor.py:161} INFO - Started process (PID=33453) to work on /opt/airflow/dags/tmdb_pipeline_to_stage.py
[2026-04-04T23:51:04.084+0000] {processor.py:830} INFO - Processing file /opt/airflow/dags/tmdb_pipeline_to_stage.py for tasks to queue
[2026-04-04T23:51:04.087+0000] {logging_mixin.py:188} INFO - [2026-04-04T23:51:04.086+0000] {dagbag.py:545} INFO - Filling up the DagBag from /opt/airflow/dags/tmdb_pipeline_to_stage.py
[2026-04-04T23:51:04.148+0000] {processor.py:840} INFO - DAG(s) 'tmdb_stage_pipeline' retrieved from /opt/airflow/dags/tmdb_pipeline_to_stage.py
[2026-04-04T23:51:04.190+0000] {logging_mixin.py:188} INFO - [2026-04-04T23:51:04.190+0000] {dag.py:3096} INFO - Sync 1 DAGs
[2026-04-04T23:51:04.208+0000] {logging_mixin.py:188} INFO - [2026-04-04T23:51:04.208+0000] {dag.py:3954} INFO - Setting next_dagrun for tmdb_stage_pipeline to None, run_after=None
[2026-04-04T23:51:04.225+0000] {processor.py:183} INFO - Processing /opt/airflow/dags/tmdb_pipeline_to_stage.py took 0.193 seconds
[2026-04-04T23:51:34.811+0000] {processor.py:161} INFO - Started process (PID=33473) to work on /opt/airflow/dags/tmdb_pipeline_to_stage.py
[2026-04-04T23:51:34.817+0000] {processor.py:830} INFO - Processing file /opt/airflow/dags/tmdb_pipeline_to_stage.py for tasks to queue
[2026-04-04T23:51:34.819+0000] {logging_mixin.py:188} INFO - [2026-04-04T23:51:34.818+0000] {dagbag.py:545} INFO - Filling up the DagBag from /opt/airflow/dags/tmdb_pipeline_to_stage.py
[2026-04-04T23:51:34.841+0000] {processor.py:840} INFO - DAG(s) 'tmdb_stage_pipeline' retrieved from /opt/airflow/dags/tmdb_pipeline_to_stage.py
[2026-04-04T23:51:34.874+0000] {logging_mixin.py:188} INFO - [2026-04-04T23:51:34.874+0000] {dag.py:3096} INFO - Sync 1 DAGs
[2026-04-04T23:51:34.919+0000] {logging_mixin.py:188} INFO - [2026-04-04T23:51:34.918+0000] {dag.py:3954} INFO - Setting next_dagrun for tmdb_stage_pipeline to None, run_after=None
[2026-04-04T23:51:34.946+0000] {processor.py:183} INFO - Processing /opt/airflow/dags/tmdb_pipeline_to_stage.py took 0.168 seconds
[2026-04-04T23:52:05.385+0000] {processor.py:161} INFO - Started process (PID=33493) to work on /opt/airflow/dags/tmdb_pipeline_to_stage.py
[2026-04-04T23:52:05.391+0000] {processor.py:830} INFO - Processing file /opt/airflow/dags/tmdb_pipeline_to_stage.py for tasks to queue
[2026-04-04T23:52:05.396+0000] {logging_mixin.py:188} INFO - [2026-04-04T23:52:05.394+0000] {dagbag.py:545} INFO - Filling up the DagBag from /opt/airflow/dags/tmdb_pipeline_to_stage.py
[2026-04-04T23:52:05.418+0000] {processor.py:840} INFO - DAG(s) 'tmdb_stage_pipeline' retrieved from /opt/airflow/dags/tmdb_pipeline_to_stage.py
[2026-04-04T23:52:05.483+0000] {logging_mixin.py:188} INFO - [2026-04-04T23:52:05.482+0000] {dag.py:3096} INFO - Sync 1 DAGs
[2026-04-04T23:52:05.505+0000] {logging_mixin.py:188} INFO - [2026-04-04T23:52:05.505+0000] {dag.py:3954} INFO - Setting next_dagrun for tmdb_stage_pipeline to None, run_after=None
[2026-04-04T23:52:05.527+0000] {processor.py:183} INFO - Processing /opt/airflow/dags/tmdb_pipeline_to_stage.py took 0.186 seconds
[2026-04-04T23:52:35.947+0000] {processor.py:161} INFO - Started process (PID=33513) to work on /opt/airflow/dags/tmdb_pipeline_to_stage.py
[2026-04-04T23:52:35.956+0000] {processor.py:830} INFO - Processing file /opt/airflow/dags/tmdb_pipeline_to_stage.py for tasks to queue
[2026-04-04T23:52:35.958+0000] {logging_mixin.py:188} INFO - [2026-04-04T23:52:35.957+0000] {dagbag.py:545} INFO - Filling up the DagBag from /opt/airflow/dags/tmdb_pipeline_to_stage.py
[2026-04-04T23:52:36.004+0000] {processor.py:840} INFO - DAG(s) 'tmdb_stage_pipeline' retrieved from /opt/airflow/dags/tmdb_pipeline_to_stage.py
[2026-04-04T23:52:36.070+0000] {logging_mixin.py:188} INFO - [2026-04-04T23:52:36.070+0000] {dag.py:3096} INFO - Sync 1 DAGs
[2026-04-04T23:52:36.093+0000] {logging_mixin.py:188} INFO - [2026-04-04T23:52:36.093+0000] {dag.py:3954} INFO - Setting next_dagrun for tmdb_stage_pipeline to None, run_after=None
[2026-04-04T23:52:36.113+0000] {processor.py:183} INFO - Processing /opt/airflow/dags/tmdb_pipeline_to_stage.py took 0.181 seconds
[2026-04-04T23:53:06.510+0000] {processor.py:161} INFO - Started process (PID=33533) to work on /opt/airflow/dags/tmdb_pipeline_to_stage.py
[2026-04-04T23:53:06.517+0000] {processor.py:830} INFO - Processing file /opt/airflow/dags/tmdb_pipeline_to_stage.py for tasks to queue
[2026-04-04T23:53:06.518+0000] {logging_mixin.py:188} INFO - [2026-04-04T23:53:06.517+0000] {dagbag.py:545} INFO - Filling up the DagBag from /opt/airflow/dags/tmdb_pipeline_to_stage.py
[2026-04-04T23:53:06.566+0000] {processor.py:840} INFO - DAG(s) 'tmdb_stage_pipeline' retrieved from /opt/airflow/dags/tmdb_pipeline_to_stage.py
[2026-04-04T23:53:06.627+0000] {logging_mixin.py:188} INFO - [2026-04-04T23:53:06.626+0000] {dag.py:3096} INFO - Sync 1 DAGs
[2026-04-04T23:53:06.662+0000] {logging_mixin.py:188} INFO - [2026-04-04T23:53:06.661+0000] {dag.py:3954} INFO - Setting next_dagrun for tmdb_stage_pipeline to None, run_after=None
[2026-04-04T23:53:06.685+0000] {processor.py:183} INFO - Processing /opt/airflow/dags/tmdb_pipeline_to_stage.py took 0.187 seconds
[2026-04-04T23:53:37.138+0000] {processor.py:161} INFO - Started process (PID=33553) to work on /opt/airflow/dags/tmdb_pipeline_to_stage.py
[2026-04-04T23:53:37.145+0000] {processor.py:830} INFO - Processing file /opt/airflow/dags/tmdb_pipeline_to_stage.py for tasks to queue
[2026-04-04T23:53:37.155+0000] {logging_mixin.py:188} INFO - [2026-04-04T23:53:37.149+0000] {dagbag.py:545} INFO - Filling up the DagBag from /opt/airflow/dags/tmdb_pipeline_to_stage.py
[2026-04-04T23:53:37.175+0000] {processor.py:840} INFO - DAG(s) 'tmdb_stage_pipeline' retrieved from /opt/airflow/dags/tmdb_pipeline_to_stage.py
[2026-04-04T23:53:37.206+0000] {logging_mixin.py:188} INFO - [2026-04-04T23:53:37.206+0000] {dag.py:3096} INFO - Sync 1 DAGs
[2026-04-04T23:53:37.225+0000] {logging_mixin.py:188} INFO - [2026-04-04T23:53:37.225+0000] {dag.py:3954} INFO - Setting next_dagrun for tmdb_stage_pipeline to None, run_after=None
[2026-04-04T23:53:37.246+0000] {processor.py:183} INFO - Processing /opt/airflow/dags/tmdb_pipeline_to_stage.py took 0.117 seconds
[2026-04-04T23:54:07.649+0000] {processor.py:161} INFO - Started process (PID=33573) to work on /opt/airflow/dags/tmdb_pipeline_to_stage.py
[2026-04-04T23:54:07.655+0000] {processor.py:830} INFO - Processing file /opt/airflow/dags/tmdb_pipeline_to_stage.py for tasks to queue
[2026-04-04T23:54:07.657+0000] {logging_mixin.py:188} INFO - [2026-04-04T23:54:07.657+0000] {dagbag.py:545} INFO - Filling up the DagBag from /opt/airflow/dags/tmdb_pipeline_to_stage.py
[2026-04-04T23:54:07.672+0000] {processor.py:840} INFO - DAG(s) 'tmdb_stage_pipeline' retrieved from /opt/airflow/dags/tmdb_pipeline_to_stage.py
[2026-04-04T23:54:07.710+0000] {logging_mixin.py:188} INFO - [2026-04-04T23:54:07.709+0000] {dag.py:3096} INFO - Sync 1 DAGs
[2026-04-04T23:54:07.726+0000] {logging_mixin.py:188} INFO - [2026-04-04T23:54:07.726+0000] {dag.py:3954} INFO - Setting next_dagrun for tmdb_stage_pipeline to None, run_after=None
[2026-04-04T23:54:07.752+0000] {processor.py:183} INFO - Processing /opt/airflow/dags/tmdb_pipeline_to_stage.py took 0.112 seconds
[2026-04-04T23:54:38.167+0000] {processor.py:161} INFO - Started process (PID=33593) to work on /opt/airflow/dags/tmdb_pipeline_to_stage.py
[2026-04-04T23:54:38.173+0000] {processor.py:830} INFO - Processing file /opt/airflow/dags/tmdb_pipeline_to_stage.py for tasks to queue
[2026-04-04T23:54:38.174+0000] {logging_mixin.py:188} INFO - [2026-04-04T23:54:38.173+0000] {dagbag.py:545} INFO - Filling up the DagBag from /opt/airflow/dags/tmdb_pipeline_to_stage.py
[2026-04-04T23:54:38.198+0000] {processor.py:840} INFO - DAG(s) 'tmdb_stage_pipeline' retrieved from /opt/airflow/dags/tmdb_pipeline_to_stage.py
[2026-04-04T23:54:38.222+0000] {logging_mixin.py:188} INFO - [2026-04-04T23:54:38.222+0000] {dag.py:3096} INFO - Sync 1 DAGs
[2026-04-04T23:54:38.243+0000] {logging_mixin.py:188} INFO - [2026-04-04T23:54:38.243+0000] {dag.py:3954} INFO - Setting next_dagrun for tmdb_stage_pipeline to None, run_after=None
[2026-04-04T23:54:38.265+0000] {processor.py:183} INFO - Processing /opt/airflow/dags/tmdb_pipeline_to_stage.py took 0.107 seconds
[2026-04-04T23:55:08.608+0000] {processor.py:161} INFO - Started process (PID=33613) to work on /opt/airflow/dags/tmdb_pipeline_to_stage.py
[2026-04-04T23:55:08.615+0000] {processor.py:830} INFO - Processing file /opt/airflow/dags/tmdb_pipeline_to_stage.py for tasks to queue
[2026-04-04T23:55:08.616+0000] {logging_mixin.py:188} INFO - [2026-04-04T23:55:08.615+0000] {dagbag.py:545} INFO - Filling up the DagBag from /opt/airflow/dags/tmdb_pipeline_to_stage.py
[2026-04-04T23:55:08.639+0000] {processor.py:840} INFO - DAG(s) 'tmdb_stage_pipeline' retrieved from /opt/airflow/dags/tmdb_pipeline_to_stage.py
[2026-04-04T23:55:08.694+0000] {logging_mixin.py:188} INFO - [2026-04-04T23:55:08.694+0000] {dag.py:3096} INFO - Sync 1 DAGs
[2026-04-04T23:55:08.715+0000] {logging_mixin.py:188} INFO - [2026-04-04T23:55:08.714+0000] {dag.py:3954} INFO - Setting next_dagrun for tmdb_stage_pipeline to None, run_after=None
[2026-04-04T23:55:08.744+0000] {processor.py:183} INFO - Processing /opt/airflow/dags/tmdb_pipeline_to_stage.py took 0.149 seconds
[2026-04-04T23:55:39.121+0000] {processor.py:161} INFO - Started process (PID=33633) to work on /opt/airflow/dags/tmdb_pipeline_to_stage.py
[2026-04-04T23:55:39.128+0000] {processor.py:830} INFO - Processing file /opt/airflow/dags/tmdb_pipeline_to_stage.py for tasks to queue
[2026-04-04T23:55:39.129+0000] {logging_mixin.py:188} INFO - [2026-04-04T23:55:39.129+0000] {dagbag.py:545} INFO - Filling up the DagBag from /opt/airflow/dags/tmdb_pipeline_to_stage.py
[2026-04-04T23:55:39.150+0000] {processor.py:840} INFO - DAG(s) 'tmdb_stage_pipeline' retrieved from /opt/airflow/dags/tmdb_pipeline_to_stage.py
[2026-04-04T23:55:39.181+0000] {logging_mixin.py:188} INFO - [2026-04-04T23:55:39.180+0000] {dag.py:3096} INFO - Sync 1 DAGs
[2026-04-04T23:55:39.198+0000] {logging_mixin.py:188} INFO - [2026-04-04T23:55:39.197+0000] {dag.py:3954} INFO - Setting next_dagrun for tmdb_stage_pipeline to None, run_after=None
[2026-04-04T23:55:39.214+0000] {processor.py:183} INFO - Processing /opt/airflow/dags/tmdb_pipeline_to_stage.py took 0.101 seconds
[2026-04-04T23:56:09.607+0000] {processor.py:161} INFO - Started process (PID=33653) to work on /opt/airflow/dags/tmdb_pipeline_to_stage.py
[2026-04-04T23:56:09.613+0000] {processor.py:830} INFO - Processing file /opt/airflow/dags/tmdb_pipeline_to_stage.py for tasks to queue
[2026-04-04T23:56:09.614+0000] {logging_mixin.py:188} INFO - [2026-04-04T23:56:09.614+0000] {dagbag.py:545} INFO - Filling up the DagBag from /opt/airflow/dags/tmdb_pipeline_to_stage.py
[2026-04-04T23:56:09.644+0000] {processor.py:840} INFO - DAG(s) 'tmdb_stage_pipeline' retrieved from /opt/airflow/dags/tmdb_pipeline_to_stage.py
[2026-04-04T23:56:09.685+0000] {logging_mixin.py:188} INFO - [2026-04-04T23:56:09.684+0000] {dag.py:3096} INFO - Sync 1 DAGs
[2026-04-04T23:56:09.705+0000] {logging_mixin.py:188} INFO - [2026-04-04T23:56:09.705+0000] {dag.py:3954} INFO - Setting next_dagrun for tmdb_stage_pipeline to None, run_after=None
[2026-04-04T23:56:09.728+0000] {processor.py:183} INFO - Processing /opt/airflow/dags/tmdb_pipeline_to_stage.py took 0.134 seconds
[2026-04-04T23:56:40.237+0000] {processor.py:161} INFO - Started process (PID=33673) to work on /opt/airflow/dags/tmdb_pipeline_to_stage.py
[2026-04-04T23:56:40.245+0000] {processor.py:830} INFO - Processing file /opt/airflow/dags/tmdb_pipeline_to_stage.py for tasks to queue
[2026-04-04T23:56:40.249+0000] {logging_mixin.py:188} INFO - [2026-04-04T23:56:40.247+0000] {dagbag.py:545} INFO - Filling up the DagBag from /opt/airflow/dags/tmdb_pipeline_to_stage.py
[2026-04-04T23:56:40.278+0000] {processor.py:840} INFO - DAG(s) 'tmdb_stage_pipeline' retrieved from /opt/airflow/dags/tmdb_pipeline_to_stage.py
[2026-04-04T23:56:40.356+0000] {logging_mixin.py:188} INFO - [2026-04-04T23:56:40.356+0000] {dag.py:3096} INFO - Sync 1 DAGs
[2026-04-04T23:56:40.382+0000] {logging_mixin.py:188} INFO - [2026-04-04T23:56:40.382+0000] {dag.py:3954} INFO - Setting next_dagrun for tmdb_stage_pipeline to None, run_after=None
[2026-04-04T23:56:40.416+0000] {processor.py:183} INFO - Processing /opt/airflow/dags/tmdb_pipeline_to_stage.py took 0.199 seconds
[2026-04-04T23:57:10.828+0000] {processor.py:161} INFO - Started process (PID=33693) to work on /opt/airflow/dags/tmdb_pipeline_to_stage.py
[2026-04-04T23:57:10.833+0000] {processor.py:830} INFO - Processing file /opt/airflow/dags/tmdb_pipeline_to_stage.py for tasks to queue
[2026-04-04T23:57:10.834+0000] {logging_mixin.py:188} INFO - [2026-04-04T23:57:10.834+0000] {dagbag.py:545} INFO - Filling up the DagBag from /opt/airflow/dags/tmdb_pipeline_to_stage.py
[2026-04-04T23:57:10.849+0000] {processor.py:840} INFO - DAG(s) 'tmdb_stage_pipeline' retrieved from /opt/airflow/dags/tmdb_pipeline_to_stage.py
[2026-04-04T23:57:10.906+0000] {logging_mixin.py:188} INFO - [2026-04-04T23:57:10.906+0000] {dag.py:3096} INFO - Sync 1 DAGs
[2026-04-04T23:57:10.921+0000] {logging_mixin.py:188} INFO - [2026-04-04T23:57:10.920+0000] {dag.py:3954} INFO - Setting next_dagrun for tmdb_stage_pipeline to None, run_after=None
[2026-04-04T23:57:10.938+0000] {processor.py:183} INFO - Processing /opt/airflow/dags/tmdb_pipeline_to_stage.py took 0.120 seconds
[2026-04-04T23:57:41.344+0000] {processor.py:161} INFO - Started process (PID=33713) to work on /opt/airflow/dags/tmdb_pipeline_to_stage.py
[2026-04-04T23:57:41.352+0000] {processor.py:830} INFO - Processing file /opt/airflow/dags/tmdb_pipeline_to_stage.py for tasks to queue
[2026-04-04T23:57:41.353+0000] {logging_mixin.py:188} INFO - [2026-04-04T23:57:41.353+0000] {dagbag.py:545} INFO - Filling up the DagBag from /opt/airflow/dags/tmdb_pipeline_to_stage.py
[2026-04-04T23:57:41.374+0000] {processor.py:840} INFO - DAG(s) 'tmdb_stage_pipeline' retrieved from /opt/airflow/dags/tmdb_pipeline_to_stage.py
[2026-04-04T23:57:41.417+0000] {logging_mixin.py:188} INFO - [2026-04-04T23:57:41.417+0000] {dag.py:3096} INFO - Sync 1 DAGs
[2026-04-04T23:57:41.435+0000] {logging_mixin.py:188} INFO - [2026-04-04T23:57:41.435+0000] {dag.py:3954} INFO - Setting next_dagrun for tmdb_stage_pipeline to None, run_after=None
[2026-04-04T23:57:41.454+0000] {processor.py:183} INFO - Processing /opt/airflow/dags/tmdb_pipeline_to_stage.py took 0.122 seconds
[2026-04-04T23:58:11.887+0000] {processor.py:161} INFO - Started process (PID=33733) to work on /opt/airflow/dags/tmdb_pipeline_to_stage.py
[2026-04-04T23:58:11.895+0000] {processor.py:830} INFO - Processing file /opt/airflow/dags/tmdb_pipeline_to_stage.py for tasks to queue
[2026-04-04T23:58:11.901+0000] {logging_mixin.py:188} INFO - [2026-04-04T23:58:11.899+0000] {dagbag.py:545} INFO - Filling up the DagBag from /opt/airflow/dags/tmdb_pipeline_to_stage.py
[2026-04-04T23:58:11.942+0000] {processor.py:840} INFO - DAG(s) 'tmdb_stage_pipeline' retrieved from /opt/airflow/dags/tmdb_pipeline_to_stage.py
[2026-04-04T23:58:12.020+0000] {logging_mixin.py:188} INFO - [2026-04-04T23:58:12.020+0000] {dag.py:3096} INFO - Sync 1 DAGs
[2026-04-04T23:58:12.036+0000] {logging_mixin.py:188} INFO - [2026-04-04T23:58:12.036+0000] {dag.py:3954} INFO - Setting next_dagrun for tmdb_stage_pipeline to None, run_after=None
[2026-04-04T23:58:12.054+0000] {processor.py:183} INFO - Processing /opt/airflow/dags/tmdb_pipeline_to_stage.py took 0.190 seconds
[2026-04-04T23:58:42.445+0000] {processor.py:161} INFO - Started process (PID=33753) to work on /opt/airflow/dags/tmdb_pipeline_to_stage.py
[2026-04-04T23:58:42.452+0000] {processor.py:830} INFO - Processing file /opt/airflow/dags/tmdb_pipeline_to_stage.py for tasks to queue
[2026-04-04T23:58:42.455+0000] {logging_mixin.py:188} INFO - [2026-04-04T23:58:42.455+0000] {dagbag.py:545} INFO - Filling up the DagBag from /opt/airflow/dags/tmdb_pipeline_to_stage.py
[2026-04-04T23:58:42.473+0000] {processor.py:840} INFO - DAG(s) 'tmdb_stage_pipeline' retrieved from /opt/airflow/dags/tmdb_pipeline_to_stage.py
[2026-04-04T23:58:42.518+0000] {logging_mixin.py:188} INFO - [2026-04-04T23:58:42.518+0000] {dag.py:3096} INFO - Sync 1 DAGs
[2026-04-04T23:58:42.544+0000] {logging_mixin.py:188} INFO - [2026-04-04T23:58:42.543+0000] {dag.py:3954} INFO - Setting next_dagrun for tmdb_stage_pipeline to None, run_after=None
[2026-04-04T23:58:42.562+0000] {processor.py:183} INFO - Processing /opt/airflow/dags/tmdb_pipeline_to_stage.py took 0.129 seconds
[2026-04-04T23:59:12.927+0000] {processor.py:161} INFO - Started process (PID=33773) to work on /opt/airflow/dags/tmdb_pipeline_to_stage.py
[2026-04-04T23:59:12.935+0000] {processor.py:830} INFO - Processing file /opt/airflow/dags/tmdb_pipeline_to_stage.py for tasks to queue
[2026-04-04T23:59:12.942+0000] {logging_mixin.py:188} INFO - [2026-04-04T23:59:12.938+0000] {dagbag.py:545} INFO - Filling up the DagBag from /opt/airflow/dags/tmdb_pipeline_to_stage.py
[2026-04-04T23:59:12.959+0000] {processor.py:840} INFO - DAG(s) 'tmdb_stage_pipeline' retrieved from /opt/airflow/dags/tmdb_pipeline_to_stage.py
[2026-04-04T23:59:13.003+0000] {logging_mixin.py:188} INFO - [2026-04-04T23:59:13.002+0000] {dag.py:3096} INFO - Sync 1 DAGs
[2026-04-04T23:59:13.024+0000] {logging_mixin.py:188} INFO - [2026-04-04T23:59:13.024+0000] {dag.py:3954} INFO - Setting next_dagrun for tmdb_stage_pipeline to None, run_after=None
[2026-04-04T23:59:13.046+0000] {processor.py:183} INFO - Processing /opt/airflow/dags/tmdb_pipeline_to_stage.py took 0.130 seconds
[2026-04-04T23:59:43.552+0000] {processor.py:161} INFO - Started process (PID=33793) to work on /opt/airflow/dags/tmdb_pipeline_to_stage.py
[2026-04-04T23:59:43.561+0000] {processor.py:830} INFO - Processing file /opt/airflow/dags/tmdb_pipeline_to_stage.py for tasks to queue
[2026-04-04T23:59:43.569+0000] {logging_mixin.py:188} INFO - [2026-04-04T23:59:43.564+0000] {dagbag.py:545} INFO - Filling up the DagBag from /opt/airflow/dags/tmdb_pipeline_to_stage.py
[2026-04-04T23:59:43.590+0000] {processor.py:840} INFO - DAG(s) 'tmdb_stage_pipeline' retrieved from /opt/airflow/dags/tmdb_pipeline_to_stage.py
[2026-04-04T23:59:43.638+0000] {logging_mixin.py:188} INFO - [2026-04-04T23:59:43.637+0000] {dag.py:3096} INFO - Sync 1 DAGs
[2026-04-04T23:59:43.662+0000] {logging_mixin.py:188} INFO - [2026-04-04T23:59:43.661+0000] {dag.py:3954} INFO - Setting next_dagrun for tmdb_stage_pipeline to None, run_after=None
[2026-04-04T23:59:43.683+0000] {processor.py:183} INFO - Processing /opt/airflow/dags/tmdb_pipeline_to_stage.py took 0.152 seconds
