[2026-03-23T00:29:46.600+0000] {processor.py:161} INFO - Started process (PID=8875) to work on /opt/airflow/dags/tmdb_daily_dag.py
[2026-03-23T00:29:46.601+0000] {processor.py:830} INFO - Processing file /opt/airflow/dags/tmdb_daily_dag.py for tasks to queue
[2026-03-23T00:29:46.601+0000] {logging_mixin.py:188} INFO - [2026-03-23T00:29:46.601+0000] {dagbag.py:545} INFO - Filling up the DagBag from /opt/airflow/dags/tmdb_daily_dag.py
[2026-03-23T00:29:46.608+0000] {processor.py:840} INFO - DAG(s) 'tmdb_raw_pipeline' retrieved from /opt/airflow/dags/tmdb_daily_dag.py
[2026-03-23T00:29:46.619+0000] {logging_mixin.py:188} INFO - [2026-03-23T00:29:46.619+0000] {dag.py:3096} INFO - Sync 1 DAGs
[2026-03-23T00:29:46.629+0000] {logging_mixin.py:188} INFO - [2026-03-23T00:29:46.628+0000] {dag.py:3954} INFO - Setting next_dagrun for tmdb_raw_pipeline to 2026-03-22 00:00:00+00:00, run_after=2026-03-23 00:00:00+00:00
[2026-03-23T00:29:46.634+0000] {processor.py:183} INFO - Processing /opt/airflow/dags/tmdb_daily_dag.py took 0.037 seconds
[2026-03-23T01:32:17.084+0000] {processor.py:161} INFO - Started process (PID=8897) to work on /opt/airflow/dags/tmdb_daily_dag.py
[2026-03-23T01:32:17.085+0000] {processor.py:830} INFO - Processing file /opt/airflow/dags/tmdb_daily_dag.py for tasks to queue
[2026-03-23T01:32:17.085+0000] {logging_mixin.py:188} INFO - [2026-03-23T01:32:17.085+0000] {dagbag.py:545} INFO - Filling up the DagBag from /opt/airflow/dags/tmdb_daily_dag.py
[2026-03-23T01:32:17.092+0000] {processor.py:840} INFO - DAG(s) 'tmdb_raw_pipeline' retrieved from /opt/airflow/dags/tmdb_daily_dag.py
[2026-03-23T01:32:17.103+0000] {logging_mixin.py:188} INFO - [2026-03-23T01:32:17.103+0000] {dag.py:3096} INFO - Sync 1 DAGs
[2026-03-23T01:32:17.113+0000] {logging_mixin.py:188} INFO - [2026-03-23T01:32:17.113+0000] {dag.py:3954} INFO - Setting next_dagrun for tmdb_raw_pipeline to 2026-03-23 00:00:00+00:00, run_after=2026-03-24 00:00:00+00:00
[2026-03-23T01:32:17.120+0000] {processor.py:183} INFO - Processing /opt/airflow/dags/tmdb_daily_dag.py took 0.038 seconds
[2026-03-23T01:48:38.303+0000] {processor.py:161} INFO - Started process (PID=8917) to work on /opt/airflow/dags/tmdb_daily_dag.py
[2026-03-23T01:48:38.303+0000] {processor.py:830} INFO - Processing file /opt/airflow/dags/tmdb_daily_dag.py for tasks to queue
[2026-03-23T01:48:38.304+0000] {logging_mixin.py:188} INFO - [2026-03-23T01:48:38.304+0000] {dagbag.py:545} INFO - Filling up the DagBag from /opt/airflow/dags/tmdb_daily_dag.py
[2026-03-23T01:48:38.310+0000] {processor.py:840} INFO - DAG(s) 'tmdb_raw_pipeline' retrieved from /opt/airflow/dags/tmdb_daily_dag.py
[2026-03-23T01:48:38.320+0000] {logging_mixin.py:188} INFO - [2026-03-23T01:48:38.320+0000] {dag.py:3096} INFO - Sync 1 DAGs
[2026-03-23T01:48:38.329+0000] {logging_mixin.py:188} INFO - [2026-03-23T01:48:38.329+0000] {dag.py:3954} INFO - Setting next_dagrun for tmdb_raw_pipeline to 2026-03-23 00:00:00+00:00, run_after=2026-03-24 00:00:00+00:00
[2026-03-23T01:48:38.335+0000] {processor.py:183} INFO - Processing /opt/airflow/dags/tmdb_daily_dag.py took 0.036 seconds
[2026-03-23T02:46:46.718+0000] {processor.py:161} INFO - Started process (PID=8937) to work on /opt/airflow/dags/tmdb_daily_dag.py
[2026-03-23T02:46:46.719+0000] {processor.py:830} INFO - Processing file /opt/airflow/dags/tmdb_daily_dag.py for tasks to queue
[2026-03-23T02:46:46.719+0000] {logging_mixin.py:188} INFO - [2026-03-23T02:46:46.719+0000] {dagbag.py:545} INFO - Filling up the DagBag from /opt/airflow/dags/tmdb_daily_dag.py
[2026-03-23T02:46:46.726+0000] {processor.py:840} INFO - DAG(s) 'tmdb_raw_pipeline' retrieved from /opt/airflow/dags/tmdb_daily_dag.py
[2026-03-23T02:46:46.738+0000] {logging_mixin.py:188} INFO - [2026-03-23T02:46:46.738+0000] {dag.py:3096} INFO - Sync 1 DAGs
[2026-03-23T02:46:46.748+0000] {logging_mixin.py:188} INFO - [2026-03-23T02:46:46.748+0000] {dag.py:3954} INFO - Setting next_dagrun for tmdb_raw_pipeline to 2026-03-23 00:00:00+00:00, run_after=2026-03-24 00:00:00+00:00
[2026-03-23T02:46:46.755+0000] {processor.py:183} INFO - Processing /opt/airflow/dags/tmdb_daily_dag.py took 0.041 seconds
[2026-03-23T03:33:29.577+0000] {processor.py:161} INFO - Started process (PID=8957) to work on /opt/airflow/dags/tmdb_daily_dag.py
[2026-03-23T03:33:29.578+0000] {processor.py:830} INFO - Processing file /opt/airflow/dags/tmdb_daily_dag.py for tasks to queue
[2026-03-23T03:33:29.578+0000] {logging_mixin.py:188} INFO - [2026-03-23T03:33:29.578+0000] {dagbag.py:545} INFO - Filling up the DagBag from /opt/airflow/dags/tmdb_daily_dag.py
[2026-03-23T03:33:29.587+0000] {processor.py:840} INFO - DAG(s) 'tmdb_raw_pipeline' retrieved from /opt/airflow/dags/tmdb_daily_dag.py
[2026-03-23T03:33:29.601+0000] {logging_mixin.py:188} INFO - [2026-03-23T03:33:29.601+0000] {dag.py:3096} INFO - Sync 1 DAGs
[2026-03-23T03:33:29.727+0000] {logging_mixin.py:188} INFO - [2026-03-23T03:33:29.726+0000] {dag.py:3954} INFO - Setting next_dagrun for tmdb_raw_pipeline to 2026-03-23 00:00:00+00:00, run_after=2026-03-24 00:00:00+00:00
[2026-03-23T03:33:29.837+0000] {processor.py:183} INFO - Processing /opt/airflow/dags/tmdb_daily_dag.py took 0.263 seconds
[2026-03-23T04:34:27.734+0000] {processor.py:161} INFO - Started process (PID=8977) to work on /opt/airflow/dags/tmdb_daily_dag.py
[2026-03-23T04:34:27.734+0000] {processor.py:830} INFO - Processing file /opt/airflow/dags/tmdb_daily_dag.py for tasks to queue
[2026-03-23T04:34:27.735+0000] {logging_mixin.py:188} INFO - [2026-03-23T04:34:27.735+0000] {dagbag.py:545} INFO - Filling up the DagBag from /opt/airflow/dags/tmdb_daily_dag.py
[2026-03-23T04:34:27.741+0000] {processor.py:840} INFO - DAG(s) 'tmdb_raw_pipeline' retrieved from /opt/airflow/dags/tmdb_daily_dag.py
[2026-03-23T04:34:27.749+0000] {logging_mixin.py:188} INFO - [2026-03-23T04:34:27.749+0000] {dag.py:3096} INFO - Sync 1 DAGs
[2026-03-23T04:34:27.757+0000] {logging_mixin.py:188} INFO - [2026-03-23T04:34:27.757+0000] {dag.py:3954} INFO - Setting next_dagrun for tmdb_raw_pipeline to 2026-03-23 00:00:00+00:00, run_after=2026-03-24 00:00:00+00:00
[2026-03-23T04:34:27.763+0000] {processor.py:183} INFO - Processing /opt/airflow/dags/tmdb_daily_dag.py took 0.032 seconds
[2026-03-23T05:09:07.156+0000] {processor.py:161} INFO - Started process (PID=8997) to work on /opt/airflow/dags/tmdb_daily_dag.py
[2026-03-23T05:09:07.156+0000] {processor.py:830} INFO - Processing file /opt/airflow/dags/tmdb_daily_dag.py for tasks to queue
[2026-03-23T05:09:07.157+0000] {logging_mixin.py:188} INFO - [2026-03-23T05:09:07.157+0000] {dagbag.py:545} INFO - Filling up the DagBag from /opt/airflow/dags/tmdb_daily_dag.py
[2026-03-23T05:09:07.165+0000] {processor.py:840} INFO - DAG(s) 'tmdb_raw_pipeline' retrieved from /opt/airflow/dags/tmdb_daily_dag.py
[2026-03-23T05:09:07.178+0000] {logging_mixin.py:188} INFO - [2026-03-23T05:09:07.178+0000] {dag.py:3096} INFO - Sync 1 DAGs
[2026-03-23T05:09:07.187+0000] {logging_mixin.py:188} INFO - [2026-03-23T05:09:07.187+0000] {dag.py:3954} INFO - Setting next_dagrun for tmdb_raw_pipeline to 2026-03-23 00:00:00+00:00, run_after=2026-03-24 00:00:00+00:00
[2026-03-23T05:09:07.193+0000] {processor.py:183} INFO - Processing /opt/airflow/dags/tmdb_daily_dag.py took 0.041 seconds
[2026-03-23T05:35:25.495+0000] {processor.py:161} INFO - Started process (PID=9017) to work on /opt/airflow/dags/tmdb_daily_dag.py
[2026-03-23T05:35:25.496+0000] {processor.py:830} INFO - Processing file /opt/airflow/dags/tmdb_daily_dag.py for tasks to queue
[2026-03-23T05:35:25.497+0000] {logging_mixin.py:188} INFO - [2026-03-23T05:35:25.496+0000] {dagbag.py:545} INFO - Filling up the DagBag from /opt/airflow/dags/tmdb_daily_dag.py
[2026-03-23T05:35:25.505+0000] {processor.py:840} INFO - DAG(s) 'tmdb_raw_pipeline' retrieved from /opt/airflow/dags/tmdb_daily_dag.py
[2026-03-23T05:35:25.521+0000] {logging_mixin.py:188} INFO - [2026-03-23T05:35:25.520+0000] {dag.py:3096} INFO - Sync 1 DAGs
[2026-03-23T05:35:25.535+0000] {logging_mixin.py:188} INFO - [2026-03-23T05:35:25.535+0000] {dag.py:3954} INFO - Setting next_dagrun for tmdb_raw_pipeline to 2026-03-23 00:00:00+00:00, run_after=2026-03-24 00:00:00+00:00
[2026-03-23T05:35:25.541+0000] {processor.py:183} INFO - Processing /opt/airflow/dags/tmdb_daily_dag.py took 0.049 seconds
[2026-03-23T06:36:27.109+0000] {processor.py:161} INFO - Started process (PID=9037) to work on /opt/airflow/dags/tmdb_daily_dag.py
[2026-03-23T06:36:27.110+0000] {processor.py:830} INFO - Processing file /opt/airflow/dags/tmdb_daily_dag.py for tasks to queue
[2026-03-23T06:36:27.111+0000] {logging_mixin.py:188} INFO - [2026-03-23T06:36:27.111+0000] {dagbag.py:545} INFO - Filling up the DagBag from /opt/airflow/dags/tmdb_daily_dag.py
[2026-03-23T06:36:27.118+0000] {processor.py:840} INFO - DAG(s) 'tmdb_raw_pipeline' retrieved from /opt/airflow/dags/tmdb_daily_dag.py
[2026-03-23T06:36:27.130+0000] {logging_mixin.py:188} INFO - [2026-03-23T06:36:27.130+0000] {dag.py:3096} INFO - Sync 1 DAGs
[2026-03-23T06:36:27.141+0000] {logging_mixin.py:188} INFO - [2026-03-23T06:36:27.141+0000] {dag.py:3954} INFO - Setting next_dagrun for tmdb_raw_pipeline to 2026-03-23 00:00:00+00:00, run_after=2026-03-24 00:00:00+00:00
[2026-03-23T06:36:27.149+0000] {processor.py:183} INFO - Processing /opt/airflow/dags/tmdb_daily_dag.py took 0.044 seconds
[2026-03-23T06:39:03.305+0000] {processor.py:161} INFO - Started process (PID=9057) to work on /opt/airflow/dags/tmdb_daily_dag.py
[2026-03-23T06:39:03.306+0000] {processor.py:830} INFO - Processing file /opt/airflow/dags/tmdb_daily_dag.py for tasks to queue
[2026-03-23T06:39:03.306+0000] {logging_mixin.py:188} INFO - [2026-03-23T06:39:03.306+0000] {dagbag.py:545} INFO - Filling up the DagBag from /opt/airflow/dags/tmdb_daily_dag.py
[2026-03-23T06:39:03.312+0000] {processor.py:840} INFO - DAG(s) 'tmdb_raw_pipeline' retrieved from /opt/airflow/dags/tmdb_daily_dag.py
[2026-03-23T06:39:03.322+0000] {logging_mixin.py:188} INFO - [2026-03-23T06:39:03.322+0000] {dag.py:3096} INFO - Sync 1 DAGs
[2026-03-23T06:39:03.330+0000] {logging_mixin.py:188} INFO - [2026-03-23T06:39:03.330+0000] {dag.py:3954} INFO - Setting next_dagrun for tmdb_raw_pipeline to 2026-03-23 00:00:00+00:00, run_after=2026-03-24 00:00:00+00:00
[2026-03-23T06:39:03.336+0000] {processor.py:183} INFO - Processing /opt/airflow/dags/tmdb_daily_dag.py took 0.033 seconds
[2026-03-23T06:39:33.881+0000] {processor.py:161} INFO - Started process (PID=9077) to work on /opt/airflow/dags/tmdb_daily_dag.py
[2026-03-23T06:39:33.881+0000] {processor.py:830} INFO - Processing file /opt/airflow/dags/tmdb_daily_dag.py for tasks to queue
[2026-03-23T06:39:33.882+0000] {logging_mixin.py:188} INFO - [2026-03-23T06:39:33.882+0000] {dagbag.py:545} INFO - Filling up the DagBag from /opt/airflow/dags/tmdb_daily_dag.py
[2026-03-23T06:39:33.888+0000] {processor.py:840} INFO - DAG(s) 'tmdb_raw_pipeline' retrieved from /opt/airflow/dags/tmdb_daily_dag.py
[2026-03-23T06:39:33.900+0000] {logging_mixin.py:188} INFO - [2026-03-23T06:39:33.900+0000] {dag.py:3096} INFO - Sync 1 DAGs
[2026-03-23T06:39:33.909+0000] {logging_mixin.py:188} INFO - [2026-03-23T06:39:33.909+0000] {dag.py:3954} INFO - Setting next_dagrun for tmdb_raw_pipeline to 2026-03-23 00:00:00+00:00, run_after=2026-03-24 00:00:00+00:00
[2026-03-23T06:39:33.916+0000] {processor.py:183} INFO - Processing /opt/airflow/dags/tmdb_daily_dag.py took 0.038 seconds
[2026-03-23T06:40:04.338+0000] {processor.py:161} INFO - Started process (PID=9097) to work on /opt/airflow/dags/tmdb_daily_dag.py
[2026-03-23T06:40:04.339+0000] {processor.py:830} INFO - Processing file /opt/airflow/dags/tmdb_daily_dag.py for tasks to queue
[2026-03-23T06:40:04.339+0000] {logging_mixin.py:188} INFO - [2026-03-23T06:40:04.339+0000] {dagbag.py:545} INFO - Filling up the DagBag from /opt/airflow/dags/tmdb_daily_dag.py
[2026-03-23T06:40:04.345+0000] {processor.py:840} INFO - DAG(s) 'tmdb_raw_pipeline' retrieved from /opt/airflow/dags/tmdb_daily_dag.py
[2026-03-23T06:40:04.355+0000] {logging_mixin.py:188} INFO - [2026-03-23T06:40:04.355+0000] {dag.py:3096} INFO - Sync 1 DAGs
[2026-03-23T06:40:04.364+0000] {logging_mixin.py:188} INFO - [2026-03-23T06:40:04.364+0000] {dag.py:3954} INFO - Setting next_dagrun for tmdb_raw_pipeline to 2026-03-23 00:00:00+00:00, run_after=2026-03-24 00:00:00+00:00
[2026-03-23T06:40:04.369+0000] {processor.py:183} INFO - Processing /opt/airflow/dags/tmdb_daily_dag.py took 0.033 seconds
[2026-03-23T06:40:35.035+0000] {processor.py:161} INFO - Started process (PID=9117) to work on /opt/airflow/dags/tmdb_daily_dag.py
[2026-03-23T06:40:35.036+0000] {processor.py:830} INFO - Processing file /opt/airflow/dags/tmdb_daily_dag.py for tasks to queue
[2026-03-23T06:40:35.037+0000] {logging_mixin.py:188} INFO - [2026-03-23T06:40:35.036+0000] {dagbag.py:545} INFO - Filling up the DagBag from /opt/airflow/dags/tmdb_daily_dag.py
[2026-03-23T06:40:35.043+0000] {processor.py:840} INFO - DAG(s) 'tmdb_raw_pipeline' retrieved from /opt/airflow/dags/tmdb_daily_dag.py
[2026-03-23T06:40:35.055+0000] {logging_mixin.py:188} INFO - [2026-03-23T06:40:35.055+0000] {dag.py:3096} INFO - Sync 1 DAGs
[2026-03-23T06:40:35.064+0000] {logging_mixin.py:188} INFO - [2026-03-23T06:40:35.064+0000] {dag.py:3954} INFO - Setting next_dagrun for tmdb_raw_pipeline to 2026-03-23 00:00:00+00:00, run_after=2026-03-24 00:00:00+00:00
[2026-03-23T06:40:35.071+0000] {processor.py:183} INFO - Processing /opt/airflow/dags/tmdb_daily_dag.py took 0.039 seconds
[2026-03-23T06:41:05.546+0000] {processor.py:161} INFO - Started process (PID=9137) to work on /opt/airflow/dags/tmdb_daily_dag.py
[2026-03-23T06:41:05.547+0000] {processor.py:830} INFO - Processing file /opt/airflow/dags/tmdb_daily_dag.py for tasks to queue
[2026-03-23T06:41:05.547+0000] {logging_mixin.py:188} INFO - [2026-03-23T06:41:05.547+0000] {dagbag.py:545} INFO - Filling up the DagBag from /opt/airflow/dags/tmdb_daily_dag.py
[2026-03-23T06:41:05.553+0000] {processor.py:840} INFO - DAG(s) 'tmdb_raw_pipeline' retrieved from /opt/airflow/dags/tmdb_daily_dag.py
[2026-03-23T06:41:05.563+0000] {logging_mixin.py:188} INFO - [2026-03-23T06:41:05.563+0000] {dag.py:3096} INFO - Sync 1 DAGs
[2026-03-23T06:41:05.574+0000] {logging_mixin.py:188} INFO - [2026-03-23T06:41:05.574+0000] {dag.py:3954} INFO - Setting next_dagrun for tmdb_raw_pipeline to 2026-03-23 00:00:00+00:00, run_after=2026-03-24 00:00:00+00:00
[2026-03-23T06:41:05.580+0000] {processor.py:183} INFO - Processing /opt/airflow/dags/tmdb_daily_dag.py took 0.039 seconds
[2026-03-23T06:41:36.100+0000] {processor.py:161} INFO - Started process (PID=9157) to work on /opt/airflow/dags/tmdb_daily_dag.py
[2026-03-23T06:41:36.101+0000] {processor.py:830} INFO - Processing file /opt/airflow/dags/tmdb_daily_dag.py for tasks to queue
[2026-03-23T06:41:36.101+0000] {logging_mixin.py:188} INFO - [2026-03-23T06:41:36.101+0000] {dagbag.py:545} INFO - Filling up the DagBag from /opt/airflow/dags/tmdb_daily_dag.py
[2026-03-23T06:41:36.107+0000] {processor.py:840} INFO - DAG(s) 'tmdb_raw_pipeline' retrieved from /opt/airflow/dags/tmdb_daily_dag.py
[2026-03-23T06:41:36.117+0000] {logging_mixin.py:188} INFO - [2026-03-23T06:41:36.116+0000] {dag.py:3096} INFO - Sync 1 DAGs
[2026-03-23T06:41:36.125+0000] {logging_mixin.py:188} INFO - [2026-03-23T06:41:36.125+0000] {dag.py:3954} INFO - Setting next_dagrun for tmdb_raw_pipeline to 2026-03-23 00:00:00+00:00, run_after=2026-03-24 00:00:00+00:00
[2026-03-23T06:41:36.132+0000] {processor.py:183} INFO - Processing /opt/airflow/dags/tmdb_daily_dag.py took 0.036 seconds
[2026-03-23T06:42:06.659+0000] {processor.py:161} INFO - Started process (PID=9177) to work on /opt/airflow/dags/tmdb_daily_dag.py
[2026-03-23T06:42:06.660+0000] {processor.py:830} INFO - Processing file /opt/airflow/dags/tmdb_daily_dag.py for tasks to queue
[2026-03-23T06:42:06.660+0000] {logging_mixin.py:188} INFO - [2026-03-23T06:42:06.660+0000] {dagbag.py:545} INFO - Filling up the DagBag from /opt/airflow/dags/tmdb_daily_dag.py
[2026-03-23T06:42:06.668+0000] {processor.py:840} INFO - DAG(s) 'tmdb_raw_pipeline' retrieved from /opt/airflow/dags/tmdb_daily_dag.py
[2026-03-23T06:42:06.679+0000] {logging_mixin.py:188} INFO - [2026-03-23T06:42:06.678+0000] {dag.py:3096} INFO - Sync 1 DAGs
[2026-03-23T06:42:06.691+0000] {logging_mixin.py:188} INFO - [2026-03-23T06:42:06.691+0000] {dag.py:3954} INFO - Setting next_dagrun for tmdb_raw_pipeline to 2026-03-23 00:00:00+00:00, run_after=2026-03-24 00:00:00+00:00
[2026-03-23T06:42:06.698+0000] {processor.py:183} INFO - Processing /opt/airflow/dags/tmdb_daily_dag.py took 0.041 seconds
[2026-03-23T06:42:37.078+0000] {processor.py:161} INFO - Started process (PID=9197) to work on /opt/airflow/dags/tmdb_daily_dag.py
[2026-03-23T06:42:37.078+0000] {processor.py:830} INFO - Processing file /opt/airflow/dags/tmdb_daily_dag.py for tasks to queue
[2026-03-23T06:42:37.079+0000] {logging_mixin.py:188} INFO - [2026-03-23T06:42:37.079+0000] {dagbag.py:545} INFO - Filling up the DagBag from /opt/airflow/dags/tmdb_daily_dag.py
[2026-03-23T06:42:37.084+0000] {processor.py:840} INFO - DAG(s) 'tmdb_raw_pipeline' retrieved from /opt/airflow/dags/tmdb_daily_dag.py
[2026-03-23T06:42:37.094+0000] {logging_mixin.py:188} INFO - [2026-03-23T06:42:37.094+0000] {dag.py:3096} INFO - Sync 1 DAGs
[2026-03-23T06:42:37.101+0000] {logging_mixin.py:188} INFO - [2026-03-23T06:42:37.101+0000] {dag.py:3954} INFO - Setting next_dagrun for tmdb_raw_pipeline to 2026-03-23 00:00:00+00:00, run_after=2026-03-24 00:00:00+00:00
[2026-03-23T06:42:37.107+0000] {processor.py:183} INFO - Processing /opt/airflow/dags/tmdb_daily_dag.py took 0.032 seconds
[2026-03-23T06:43:07.573+0000] {processor.py:161} INFO - Started process (PID=9217) to work on /opt/airflow/dags/tmdb_daily_dag.py
[2026-03-23T06:43:07.574+0000] {processor.py:830} INFO - Processing file /opt/airflow/dags/tmdb_daily_dag.py for tasks to queue
[2026-03-23T06:43:07.574+0000] {logging_mixin.py:188} INFO - [2026-03-23T06:43:07.574+0000] {dagbag.py:545} INFO - Filling up the DagBag from /opt/airflow/dags/tmdb_daily_dag.py
[2026-03-23T06:43:07.580+0000] {processor.py:840} INFO - DAG(s) 'tmdb_raw_pipeline' retrieved from /opt/airflow/dags/tmdb_daily_dag.py
[2026-03-23T06:43:07.589+0000] {logging_mixin.py:188} INFO - [2026-03-23T06:43:07.588+0000] {dag.py:3096} INFO - Sync 1 DAGs
[2026-03-23T06:43:07.597+0000] {logging_mixin.py:188} INFO - [2026-03-23T06:43:07.597+0000] {dag.py:3954} INFO - Setting next_dagrun for tmdb_raw_pipeline to 2026-03-23 00:00:00+00:00, run_after=2026-03-24 00:00:00+00:00
[2026-03-23T06:43:07.602+0000] {processor.py:183} INFO - Processing /opt/airflow/dags/tmdb_daily_dag.py took 0.033 seconds
[2026-03-23T06:43:38.052+0000] {processor.py:161} INFO - Started process (PID=9237) to work on /opt/airflow/dags/tmdb_daily_dag.py
[2026-03-23T06:43:38.052+0000] {processor.py:830} INFO - Processing file /opt/airflow/dags/tmdb_daily_dag.py for tasks to queue
[2026-03-23T06:43:38.053+0000] {logging_mixin.py:188} INFO - [2026-03-23T06:43:38.053+0000] {dagbag.py:545} INFO - Filling up the DagBag from /opt/airflow/dags/tmdb_daily_dag.py
[2026-03-23T06:43:38.059+0000] {processor.py:840} INFO - DAG(s) 'tmdb_raw_pipeline' retrieved from /opt/airflow/dags/tmdb_daily_dag.py
[2026-03-23T06:43:38.069+0000] {logging_mixin.py:188} INFO - [2026-03-23T06:43:38.068+0000] {dag.py:3096} INFO - Sync 1 DAGs
[2026-03-23T06:43:38.077+0000] {logging_mixin.py:188} INFO - [2026-03-23T06:43:38.077+0000] {dag.py:3954} INFO - Setting next_dagrun for tmdb_raw_pipeline to 2026-03-23 00:00:00+00:00, run_after=2026-03-24 00:00:00+00:00
[2026-03-23T06:43:38.083+0000] {processor.py:183} INFO - Processing /opt/airflow/dags/tmdb_daily_dag.py took 0.036 seconds
[2026-03-23T06:44:08.539+0000] {processor.py:161} INFO - Started process (PID=9257) to work on /opt/airflow/dags/tmdb_daily_dag.py
[2026-03-23T06:44:08.540+0000] {processor.py:830} INFO - Processing file /opt/airflow/dags/tmdb_daily_dag.py for tasks to queue
[2026-03-23T06:44:08.540+0000] {logging_mixin.py:188} INFO - [2026-03-23T06:44:08.540+0000] {dagbag.py:545} INFO - Filling up the DagBag from /opt/airflow/dags/tmdb_daily_dag.py
[2026-03-23T06:44:08.546+0000] {processor.py:840} INFO - DAG(s) 'tmdb_raw_pipeline' retrieved from /opt/airflow/dags/tmdb_daily_dag.py
[2026-03-23T06:44:08.555+0000] {logging_mixin.py:188} INFO - [2026-03-23T06:44:08.555+0000] {dag.py:3096} INFO - Sync 1 DAGs
[2026-03-23T06:44:08.564+0000] {logging_mixin.py:188} INFO - [2026-03-23T06:44:08.564+0000] {dag.py:3954} INFO - Setting next_dagrun for tmdb_raw_pipeline to 2026-03-23 00:00:00+00:00, run_after=2026-03-24 00:00:00+00:00
[2026-03-23T06:44:08.569+0000] {processor.py:183} INFO - Processing /opt/airflow/dags/tmdb_daily_dag.py took 0.032 seconds
[2026-03-23T06:44:39.008+0000] {processor.py:161} INFO - Started process (PID=9277) to work on /opt/airflow/dags/tmdb_daily_dag.py
[2026-03-23T06:44:39.008+0000] {processor.py:830} INFO - Processing file /opt/airflow/dags/tmdb_daily_dag.py for tasks to queue
[2026-03-23T06:44:39.008+0000] {logging_mixin.py:188} INFO - [2026-03-23T06:44:39.008+0000] {dagbag.py:545} INFO - Filling up the DagBag from /opt/airflow/dags/tmdb_daily_dag.py
[2026-03-23T06:44:39.015+0000] {processor.py:840} INFO - DAG(s) 'tmdb_raw_pipeline' retrieved from /opt/airflow/dags/tmdb_daily_dag.py
[2026-03-23T06:44:39.026+0000] {logging_mixin.py:188} INFO - [2026-03-23T06:44:39.026+0000] {dag.py:3096} INFO - Sync 1 DAGs
[2026-03-23T06:44:39.034+0000] {logging_mixin.py:188} INFO - [2026-03-23T06:44:39.034+0000] {dag.py:3954} INFO - Setting next_dagrun for tmdb_raw_pipeline to 2026-03-23 00:00:00+00:00, run_after=2026-03-24 00:00:00+00:00
[2026-03-23T06:44:39.041+0000] {processor.py:183} INFO - Processing /opt/airflow/dags/tmdb_daily_dag.py took 0.036 seconds
[2026-03-23T06:45:09.619+0000] {processor.py:161} INFO - Started process (PID=9297) to work on /opt/airflow/dags/tmdb_daily_dag.py
[2026-03-23T06:45:09.620+0000] {processor.py:830} INFO - Processing file /opt/airflow/dags/tmdb_daily_dag.py for tasks to queue
[2026-03-23T06:45:09.621+0000] {logging_mixin.py:188} INFO - [2026-03-23T06:45:09.621+0000] {dagbag.py:545} INFO - Filling up the DagBag from /opt/airflow/dags/tmdb_daily_dag.py
[2026-03-23T06:45:09.628+0000] {processor.py:840} INFO - DAG(s) 'tmdb_raw_pipeline' retrieved from /opt/airflow/dags/tmdb_daily_dag.py
[2026-03-23T06:45:09.639+0000] {logging_mixin.py:188} INFO - [2026-03-23T06:45:09.639+0000] {dag.py:3096} INFO - Sync 1 DAGs
[2026-03-23T06:45:09.649+0000] {logging_mixin.py:188} INFO - [2026-03-23T06:45:09.648+0000] {dag.py:3954} INFO - Setting next_dagrun for tmdb_raw_pipeline to 2026-03-23 00:00:00+00:00, run_after=2026-03-24 00:00:00+00:00
[2026-03-23T06:45:09.654+0000] {processor.py:183} INFO - Processing /opt/airflow/dags/tmdb_daily_dag.py took 0.039 seconds
[2026-03-23T06:45:40.020+0000] {processor.py:161} INFO - Started process (PID=9317) to work on /opt/airflow/dags/tmdb_daily_dag.py
[2026-03-23T06:45:40.021+0000] {processor.py:830} INFO - Processing file /opt/airflow/dags/tmdb_daily_dag.py for tasks to queue
[2026-03-23T06:45:40.021+0000] {logging_mixin.py:188} INFO - [2026-03-23T06:45:40.021+0000] {dagbag.py:545} INFO - Filling up the DagBag from /opt/airflow/dags/tmdb_daily_dag.py
[2026-03-23T06:45:40.026+0000] {processor.py:840} INFO - DAG(s) 'tmdb_raw_pipeline' retrieved from /opt/airflow/dags/tmdb_daily_dag.py
[2026-03-23T06:45:40.035+0000] {logging_mixin.py:188} INFO - [2026-03-23T06:45:40.035+0000] {dag.py:3096} INFO - Sync 1 DAGs
[2026-03-23T06:45:40.043+0000] {logging_mixin.py:188} INFO - [2026-03-23T06:45:40.043+0000] {dag.py:3954} INFO - Setting next_dagrun for tmdb_raw_pipeline to 2026-03-23 00:00:00+00:00, run_after=2026-03-24 00:00:00+00:00
[2026-03-23T06:45:40.048+0000] {processor.py:183} INFO - Processing /opt/airflow/dags/tmdb_daily_dag.py took 0.031 seconds
[2026-03-23T06:46:10.542+0000] {processor.py:161} INFO - Started process (PID=9337) to work on /opt/airflow/dags/tmdb_daily_dag.py
[2026-03-23T06:46:10.542+0000] {processor.py:830} INFO - Processing file /opt/airflow/dags/tmdb_daily_dag.py for tasks to queue
[2026-03-23T06:46:10.543+0000] {logging_mixin.py:188} INFO - [2026-03-23T06:46:10.542+0000] {dagbag.py:545} INFO - Filling up the DagBag from /opt/airflow/dags/tmdb_daily_dag.py
[2026-03-23T06:46:10.548+0000] {processor.py:840} INFO - DAG(s) 'tmdb_raw_pipeline' retrieved from /opt/airflow/dags/tmdb_daily_dag.py
[2026-03-23T06:46:10.558+0000] {logging_mixin.py:188} INFO - [2026-03-23T06:46:10.558+0000] {dag.py:3096} INFO - Sync 1 DAGs
[2026-03-23T06:46:10.567+0000] {logging_mixin.py:188} INFO - [2026-03-23T06:46:10.567+0000] {dag.py:3954} INFO - Setting next_dagrun for tmdb_raw_pipeline to 2026-03-23 00:00:00+00:00, run_after=2026-03-24 00:00:00+00:00
[2026-03-23T06:46:10.573+0000] {processor.py:183} INFO - Processing /opt/airflow/dags/tmdb_daily_dag.py took 0.034 seconds
[2026-03-23T06:46:41.037+0000] {processor.py:161} INFO - Started process (PID=9357) to work on /opt/airflow/dags/tmdb_daily_dag.py
[2026-03-23T06:46:41.038+0000] {processor.py:830} INFO - Processing file /opt/airflow/dags/tmdb_daily_dag.py for tasks to queue
[2026-03-23T06:46:41.038+0000] {logging_mixin.py:188} INFO - [2026-03-23T06:46:41.038+0000] {dagbag.py:545} INFO - Filling up the DagBag from /opt/airflow/dags/tmdb_daily_dag.py
[2026-03-23T06:46:41.044+0000] {processor.py:840} INFO - DAG(s) 'tmdb_raw_pipeline' retrieved from /opt/airflow/dags/tmdb_daily_dag.py
[2026-03-23T06:46:41.055+0000] {logging_mixin.py:188} INFO - [2026-03-23T06:46:41.055+0000] {dag.py:3096} INFO - Sync 1 DAGs
[2026-03-23T06:46:41.064+0000] {logging_mixin.py:188} INFO - [2026-03-23T06:46:41.064+0000] {dag.py:3954} INFO - Setting next_dagrun for tmdb_raw_pipeline to 2026-03-23 00:00:00+00:00, run_after=2026-03-24 00:00:00+00:00
[2026-03-23T06:46:41.070+0000] {processor.py:183} INFO - Processing /opt/airflow/dags/tmdb_daily_dag.py took 0.036 seconds
[2026-03-23T06:47:11.520+0000] {processor.py:161} INFO - Started process (PID=9377) to work on /opt/airflow/dags/tmdb_daily_dag.py
[2026-03-23T06:47:11.521+0000] {processor.py:830} INFO - Processing file /opt/airflow/dags/tmdb_daily_dag.py for tasks to queue
[2026-03-23T06:47:11.521+0000] {logging_mixin.py:188} INFO - [2026-03-23T06:47:11.521+0000] {dagbag.py:545} INFO - Filling up the DagBag from /opt/airflow/dags/tmdb_daily_dag.py
[2026-03-23T06:47:11.527+0000] {processor.py:840} INFO - DAG(s) 'tmdb_raw_pipeline' retrieved from /opt/airflow/dags/tmdb_daily_dag.py
[2026-03-23T06:47:11.536+0000] {logging_mixin.py:188} INFO - [2026-03-23T06:47:11.536+0000] {dag.py:3096} INFO - Sync 1 DAGs
[2026-03-23T06:47:11.544+0000] {logging_mixin.py:188} INFO - [2026-03-23T06:47:11.544+0000] {dag.py:3954} INFO - Setting next_dagrun for tmdb_raw_pipeline to 2026-03-23 00:00:00+00:00, run_after=2026-03-24 00:00:00+00:00
[2026-03-23T06:47:11.551+0000] {processor.py:183} INFO - Processing /opt/airflow/dags/tmdb_daily_dag.py took 0.033 seconds
[2026-03-23T06:47:42.007+0000] {processor.py:161} INFO - Started process (PID=9397) to work on /opt/airflow/dags/tmdb_daily_dag.py
[2026-03-23T06:47:42.008+0000] {processor.py:830} INFO - Processing file /opt/airflow/dags/tmdb_daily_dag.py for tasks to queue
[2026-03-23T06:47:42.008+0000] {logging_mixin.py:188} INFO - [2026-03-23T06:47:42.008+0000] {dagbag.py:545} INFO - Filling up the DagBag from /opt/airflow/dags/tmdb_daily_dag.py
[2026-03-23T06:47:42.014+0000] {processor.py:840} INFO - DAG(s) 'tmdb_raw_pipeline' retrieved from /opt/airflow/dags/tmdb_daily_dag.py
[2026-03-23T06:47:42.023+0000] {logging_mixin.py:188} INFO - [2026-03-23T06:47:42.023+0000] {dag.py:3096} INFO - Sync 1 DAGs
[2026-03-23T06:47:42.031+0000] {logging_mixin.py:188} INFO - [2026-03-23T06:47:42.031+0000] {dag.py:3954} INFO - Setting next_dagrun for tmdb_raw_pipeline to 2026-03-23 00:00:00+00:00, run_after=2026-03-24 00:00:00+00:00
[2026-03-23T06:47:42.037+0000] {processor.py:183} INFO - Processing /opt/airflow/dags/tmdb_daily_dag.py took 0.032 seconds
[2026-03-23T06:48:12.522+0000] {processor.py:161} INFO - Started process (PID=9417) to work on /opt/airflow/dags/tmdb_daily_dag.py
[2026-03-23T06:48:12.522+0000] {processor.py:830} INFO - Processing file /opt/airflow/dags/tmdb_daily_dag.py for tasks to queue
[2026-03-23T06:48:12.522+0000] {logging_mixin.py:188} INFO - [2026-03-23T06:48:12.522+0000] {dagbag.py:545} INFO - Filling up the DagBag from /opt/airflow/dags/tmdb_daily_dag.py
[2026-03-23T06:48:12.528+0000] {processor.py:840} INFO - DAG(s) 'tmdb_raw_pipeline' retrieved from /opt/airflow/dags/tmdb_daily_dag.py
[2026-03-23T06:48:12.537+0000] {logging_mixin.py:188} INFO - [2026-03-23T06:48:12.537+0000] {dag.py:3096} INFO - Sync 1 DAGs
[2026-03-23T06:48:12.546+0000] {logging_mixin.py:188} INFO - [2026-03-23T06:48:12.546+0000] {dag.py:3954} INFO - Setting next_dagrun for tmdb_raw_pipeline to 2026-03-23 00:00:00+00:00, run_after=2026-03-24 00:00:00+00:00
[2026-03-23T06:48:12.552+0000] {processor.py:183} INFO - Processing /opt/airflow/dags/tmdb_daily_dag.py took 0.033 seconds
[2026-03-23T06:48:43.001+0000] {processor.py:161} INFO - Started process (PID=9437) to work on /opt/airflow/dags/tmdb_daily_dag.py
[2026-03-23T06:48:43.002+0000] {processor.py:830} INFO - Processing file /opt/airflow/dags/tmdb_daily_dag.py for tasks to queue
[2026-03-23T06:48:43.002+0000] {logging_mixin.py:188} INFO - [2026-03-23T06:48:43.002+0000] {dagbag.py:545} INFO - Filling up the DagBag from /opt/airflow/dags/tmdb_daily_dag.py
[2026-03-23T06:48:43.008+0000] {processor.py:840} INFO - DAG(s) 'tmdb_raw_pipeline' retrieved from /opt/airflow/dags/tmdb_daily_dag.py
[2026-03-23T06:48:43.019+0000] {logging_mixin.py:188} INFO - [2026-03-23T06:48:43.018+0000] {dag.py:3096} INFO - Sync 1 DAGs
[2026-03-23T06:48:43.027+0000] {logging_mixin.py:188} INFO - [2026-03-23T06:48:43.027+0000] {dag.py:3954} INFO - Setting next_dagrun for tmdb_raw_pipeline to 2026-03-23 00:00:00+00:00, run_after=2026-03-24 00:00:00+00:00
[2026-03-23T06:48:43.033+0000] {processor.py:183} INFO - Processing /opt/airflow/dags/tmdb_daily_dag.py took 0.035 seconds
[2026-03-23T06:49:13.486+0000] {processor.py:161} INFO - Started process (PID=9457) to work on /opt/airflow/dags/tmdb_daily_dag.py
[2026-03-23T06:49:13.486+0000] {processor.py:830} INFO - Processing file /opt/airflow/dags/tmdb_daily_dag.py for tasks to queue
[2026-03-23T06:49:13.487+0000] {logging_mixin.py:188} INFO - [2026-03-23T06:49:13.486+0000] {dagbag.py:545} INFO - Filling up the DagBag from /opt/airflow/dags/tmdb_daily_dag.py
[2026-03-23T06:49:13.492+0000] {processor.py:840} INFO - DAG(s) 'tmdb_raw_pipeline' retrieved from /opt/airflow/dags/tmdb_daily_dag.py
[2026-03-23T06:49:13.501+0000] {logging_mixin.py:188} INFO - [2026-03-23T06:49:13.501+0000] {dag.py:3096} INFO - Sync 1 DAGs
[2026-03-23T06:49:13.509+0000] {logging_mixin.py:188} INFO - [2026-03-23T06:49:13.509+0000] {dag.py:3954} INFO - Setting next_dagrun for tmdb_raw_pipeline to 2026-03-23 00:00:00+00:00, run_after=2026-03-24 00:00:00+00:00
[2026-03-23T06:49:13.514+0000] {processor.py:183} INFO - Processing /opt/airflow/dags/tmdb_daily_dag.py took 0.031 seconds
[2026-03-23T06:49:43.979+0000] {processor.py:161} INFO - Started process (PID=9477) to work on /opt/airflow/dags/tmdb_daily_dag.py
[2026-03-23T06:49:43.980+0000] {processor.py:830} INFO - Processing file /opt/airflow/dags/tmdb_daily_dag.py for tasks to queue
[2026-03-23T06:49:43.980+0000] {logging_mixin.py:188} INFO - [2026-03-23T06:49:43.980+0000] {dagbag.py:545} INFO - Filling up the DagBag from /opt/airflow/dags/tmdb_daily_dag.py
[2026-03-23T06:49:43.990+0000] {processor.py:840} INFO - DAG(s) 'tmdb_raw_pipeline' retrieved from /opt/airflow/dags/tmdb_daily_dag.py
[2026-03-23T06:49:44.001+0000] {logging_mixin.py:188} INFO - [2026-03-23T06:49:44.001+0000] {dag.py:3096} INFO - Sync 1 DAGs
[2026-03-23T06:49:44.009+0000] {logging_mixin.py:188} INFO - [2026-03-23T06:49:44.009+0000] {dag.py:3954} INFO - Setting next_dagrun for tmdb_raw_pipeline to 2026-03-23 00:00:00+00:00, run_after=2026-03-24 00:00:00+00:00
[2026-03-23T06:49:44.015+0000] {processor.py:183} INFO - Processing /opt/airflow/dags/tmdb_daily_dag.py took 0.040 seconds
[2026-03-23T06:50:14.492+0000] {processor.py:161} INFO - Started process (PID=9497) to work on /opt/airflow/dags/tmdb_daily_dag.py
[2026-03-23T06:50:14.493+0000] {processor.py:830} INFO - Processing file /opt/airflow/dags/tmdb_daily_dag.py for tasks to queue
[2026-03-23T06:50:14.493+0000] {logging_mixin.py:188} INFO - [2026-03-23T06:50:14.493+0000] {dagbag.py:545} INFO - Filling up the DagBag from /opt/airflow/dags/tmdb_daily_dag.py
[2026-03-23T06:50:14.501+0000] {processor.py:840} INFO - DAG(s) 'tmdb_raw_pipeline' retrieved from /opt/airflow/dags/tmdb_daily_dag.py
[2026-03-23T06:50:14.512+0000] {logging_mixin.py:188} INFO - [2026-03-23T06:50:14.512+0000] {dag.py:3096} INFO - Sync 1 DAGs
[2026-03-23T06:50:14.522+0000] {logging_mixin.py:188} INFO - [2026-03-23T06:50:14.521+0000] {dag.py:3954} INFO - Setting next_dagrun for tmdb_raw_pipeline to 2026-03-23 00:00:00+00:00, run_after=2026-03-24 00:00:00+00:00
[2026-03-23T06:50:14.528+0000] {processor.py:183} INFO - Processing /opt/airflow/dags/tmdb_daily_dag.py took 0.039 seconds
[2026-03-23T06:50:45.022+0000] {processor.py:161} INFO - Started process (PID=9517) to work on /opt/airflow/dags/tmdb_daily_dag.py
[2026-03-23T06:50:45.023+0000] {processor.py:830} INFO - Processing file /opt/airflow/dags/tmdb_daily_dag.py for tasks to queue
[2026-03-23T06:50:45.023+0000] {logging_mixin.py:188} INFO - [2026-03-23T06:50:45.023+0000] {dagbag.py:545} INFO - Filling up the DagBag from /opt/airflow/dags/tmdb_daily_dag.py
[2026-03-23T06:50:45.029+0000] {processor.py:840} INFO - DAG(s) 'tmdb_raw_pipeline' retrieved from /opt/airflow/dags/tmdb_daily_dag.py
[2026-03-23T06:50:45.040+0000] {logging_mixin.py:188} INFO - [2026-03-23T06:50:45.040+0000] {dag.py:3096} INFO - Sync 1 DAGs
[2026-03-23T06:50:45.048+0000] {logging_mixin.py:188} INFO - [2026-03-23T06:50:45.048+0000] {dag.py:3954} INFO - Setting next_dagrun for tmdb_raw_pipeline to 2026-03-23 00:00:00+00:00, run_after=2026-03-24 00:00:00+00:00
[2026-03-23T06:50:45.054+0000] {processor.py:183} INFO - Processing /opt/airflow/dags/tmdb_daily_dag.py took 0.036 seconds
[2026-03-23T06:51:15.513+0000] {processor.py:161} INFO - Started process (PID=9537) to work on /opt/airflow/dags/tmdb_daily_dag.py
[2026-03-23T06:51:15.513+0000] {processor.py:830} INFO - Processing file /opt/airflow/dags/tmdb_daily_dag.py for tasks to queue
[2026-03-23T06:51:15.514+0000] {logging_mixin.py:188} INFO - [2026-03-23T06:51:15.513+0000] {dagbag.py:545} INFO - Filling up the DagBag from /opt/airflow/dags/tmdb_daily_dag.py
[2026-03-23T06:51:15.519+0000] {processor.py:840} INFO - DAG(s) 'tmdb_raw_pipeline' retrieved from /opt/airflow/dags/tmdb_daily_dag.py
[2026-03-23T06:51:15.529+0000] {logging_mixin.py:188} INFO - [2026-03-23T06:51:15.529+0000] {dag.py:3096} INFO - Sync 1 DAGs
[2026-03-23T06:51:15.538+0000] {logging_mixin.py:188} INFO - [2026-03-23T06:51:15.538+0000] {dag.py:3954} INFO - Setting next_dagrun for tmdb_raw_pipeline to 2026-03-23 00:00:00+00:00, run_after=2026-03-24 00:00:00+00:00
[2026-03-23T06:51:15.544+0000] {processor.py:183} INFO - Processing /opt/airflow/dags/tmdb_daily_dag.py took 0.034 seconds
[2026-03-23T06:51:46.042+0000] {processor.py:161} INFO - Started process (PID=9557) to work on /opt/airflow/dags/tmdb_daily_dag.py
[2026-03-23T06:51:46.042+0000] {processor.py:830} INFO - Processing file /opt/airflow/dags/tmdb_daily_dag.py for tasks to queue
[2026-03-23T06:51:46.042+0000] {logging_mixin.py:188} INFO - [2026-03-23T06:51:46.042+0000] {dagbag.py:545} INFO - Filling up the DagBag from /opt/airflow/dags/tmdb_daily_dag.py
[2026-03-23T06:51:46.048+0000] {processor.py:840} INFO - DAG(s) 'tmdb_raw_pipeline' retrieved from /opt/airflow/dags/tmdb_daily_dag.py
[2026-03-23T06:51:46.057+0000] {logging_mixin.py:188} INFO - [2026-03-23T06:51:46.057+0000] {dag.py:3096} INFO - Sync 1 DAGs
[2026-03-23T06:51:46.066+0000] {logging_mixin.py:188} INFO - [2026-03-23T06:51:46.066+0000] {dag.py:3954} INFO - Setting next_dagrun for tmdb_raw_pipeline to 2026-03-23 00:00:00+00:00, run_after=2026-03-24 00:00:00+00:00
[2026-03-23T06:51:46.071+0000] {processor.py:183} INFO - Processing /opt/airflow/dags/tmdb_daily_dag.py took 0.032 seconds
[2026-03-23T06:52:16.537+0000] {processor.py:161} INFO - Started process (PID=9577) to work on /opt/airflow/dags/tmdb_daily_dag.py
[2026-03-23T06:52:16.537+0000] {processor.py:830} INFO - Processing file /opt/airflow/dags/tmdb_daily_dag.py for tasks to queue
[2026-03-23T06:52:16.538+0000] {logging_mixin.py:188} INFO - [2026-03-23T06:52:16.538+0000] {dagbag.py:545} INFO - Filling up the DagBag from /opt/airflow/dags/tmdb_daily_dag.py
[2026-03-23T06:52:16.544+0000] {processor.py:840} INFO - DAG(s) 'tmdb_raw_pipeline' retrieved from /opt/airflow/dags/tmdb_daily_dag.py
[2026-03-23T06:52:16.553+0000] {logging_mixin.py:188} INFO - [2026-03-23T06:52:16.553+0000] {dag.py:3096} INFO - Sync 1 DAGs
[2026-03-23T06:52:16.562+0000] {logging_mixin.py:188} INFO - [2026-03-23T06:52:16.562+0000] {dag.py:3954} INFO - Setting next_dagrun for tmdb_raw_pipeline to 2026-03-23 00:00:00+00:00, run_after=2026-03-24 00:00:00+00:00
[2026-03-23T06:52:16.569+0000] {processor.py:183} INFO - Processing /opt/airflow/dags/tmdb_daily_dag.py took 0.037 seconds
[2026-03-23T06:52:47.053+0000] {processor.py:161} INFO - Started process (PID=9597) to work on /opt/airflow/dags/tmdb_daily_dag.py
[2026-03-23T06:52:47.054+0000] {processor.py:830} INFO - Processing file /opt/airflow/dags/tmdb_daily_dag.py for tasks to queue
[2026-03-23T06:52:47.054+0000] {logging_mixin.py:188} INFO - [2026-03-23T06:52:47.054+0000] {dagbag.py:545} INFO - Filling up the DagBag from /opt/airflow/dags/tmdb_daily_dag.py
[2026-03-23T06:52:47.060+0000] {processor.py:840} INFO - DAG(s) 'tmdb_raw_pipeline' retrieved from /opt/airflow/dags/tmdb_daily_dag.py
[2026-03-23T06:52:47.070+0000] {logging_mixin.py:188} INFO - [2026-03-23T06:52:47.070+0000] {dag.py:3096} INFO - Sync 1 DAGs
[2026-03-23T06:52:47.078+0000] {logging_mixin.py:188} INFO - [2026-03-23T06:52:47.078+0000] {dag.py:3954} INFO - Setting next_dagrun for tmdb_raw_pipeline to 2026-03-23 00:00:00+00:00, run_after=2026-03-24 00:00:00+00:00
[2026-03-23T06:52:47.084+0000] {processor.py:183} INFO - Processing /opt/airflow/dags/tmdb_daily_dag.py took 0.033 seconds
[2026-03-23T06:53:17.497+0000] {processor.py:161} INFO - Started process (PID=9617) to work on /opt/airflow/dags/tmdb_daily_dag.py
[2026-03-23T06:53:17.498+0000] {processor.py:830} INFO - Processing file /opt/airflow/dags/tmdb_daily_dag.py for tasks to queue
[2026-03-23T06:53:17.498+0000] {logging_mixin.py:188} INFO - [2026-03-23T06:53:17.498+0000] {dagbag.py:545} INFO - Filling up the DagBag from /opt/airflow/dags/tmdb_daily_dag.py
[2026-03-23T06:53:17.504+0000] {processor.py:840} INFO - DAG(s) 'tmdb_raw_pipeline' retrieved from /opt/airflow/dags/tmdb_daily_dag.py
[2026-03-23T06:53:17.514+0000] {logging_mixin.py:188} INFO - [2026-03-23T06:53:17.514+0000] {dag.py:3096} INFO - Sync 1 DAGs
[2026-03-23T06:53:17.522+0000] {logging_mixin.py:188} INFO - [2026-03-23T06:53:17.522+0000] {dag.py:3954} INFO - Setting next_dagrun for tmdb_raw_pipeline to 2026-03-23 00:00:00+00:00, run_after=2026-03-24 00:00:00+00:00
[2026-03-23T06:53:17.528+0000] {processor.py:183} INFO - Processing /opt/airflow/dags/tmdb_daily_dag.py took 0.033 seconds
[2026-03-23T06:53:47.978+0000] {processor.py:161} INFO - Started process (PID=9637) to work on /opt/airflow/dags/tmdb_daily_dag.py
[2026-03-23T06:53:47.979+0000] {processor.py:830} INFO - Processing file /opt/airflow/dags/tmdb_daily_dag.py for tasks to queue
[2026-03-23T06:53:47.979+0000] {logging_mixin.py:188} INFO - [2026-03-23T06:53:47.979+0000] {dagbag.py:545} INFO - Filling up the DagBag from /opt/airflow/dags/tmdb_daily_dag.py
[2026-03-23T06:53:47.985+0000] {processor.py:840} INFO - DAG(s) 'tmdb_raw_pipeline' retrieved from /opt/airflow/dags/tmdb_daily_dag.py
[2026-03-23T06:53:47.997+0000] {logging_mixin.py:188} INFO - [2026-03-23T06:53:47.996+0000] {dag.py:3096} INFO - Sync 1 DAGs
[2026-03-23T06:53:48.005+0000] {logging_mixin.py:188} INFO - [2026-03-23T06:53:48.005+0000] {dag.py:3954} INFO - Setting next_dagrun for tmdb_raw_pipeline to 2026-03-23 00:00:00+00:00, run_after=2026-03-24 00:00:00+00:00
[2026-03-23T06:53:48.011+0000] {processor.py:183} INFO - Processing /opt/airflow/dags/tmdb_daily_dag.py took 0.035 seconds
[2026-03-23T06:54:18.610+0000] {processor.py:161} INFO - Started process (PID=9657) to work on /opt/airflow/dags/tmdb_daily_dag.py
[2026-03-23T06:54:18.611+0000] {processor.py:830} INFO - Processing file /opt/airflow/dags/tmdb_daily_dag.py for tasks to queue
[2026-03-23T06:54:18.611+0000] {logging_mixin.py:188} INFO - [2026-03-23T06:54:18.611+0000] {dagbag.py:545} INFO - Filling up the DagBag from /opt/airflow/dags/tmdb_daily_dag.py
[2026-03-23T06:54:18.616+0000] {processor.py:840} INFO - DAG(s) 'tmdb_raw_pipeline' retrieved from /opt/airflow/dags/tmdb_daily_dag.py
[2026-03-23T06:54:18.626+0000] {logging_mixin.py:188} INFO - [2026-03-23T06:54:18.626+0000] {dag.py:3096} INFO - Sync 1 DAGs
[2026-03-23T06:54:18.634+0000] {logging_mixin.py:188} INFO - [2026-03-23T06:54:18.634+0000] {dag.py:3954} INFO - Setting next_dagrun for tmdb_raw_pipeline to 2026-03-23 00:00:00+00:00, run_after=2026-03-24 00:00:00+00:00
[2026-03-23T06:54:18.639+0000] {processor.py:183} INFO - Processing /opt/airflow/dags/tmdb_daily_dag.py took 0.032 seconds
[2026-03-23T06:54:49.077+0000] {processor.py:161} INFO - Started process (PID=9677) to work on /opt/airflow/dags/tmdb_daily_dag.py
[2026-03-23T06:54:49.078+0000] {processor.py:830} INFO - Processing file /opt/airflow/dags/tmdb_daily_dag.py for tasks to queue
[2026-03-23T06:54:49.078+0000] {logging_mixin.py:188} INFO - [2026-03-23T06:54:49.078+0000] {dagbag.py:545} INFO - Filling up the DagBag from /opt/airflow/dags/tmdb_daily_dag.py
[2026-03-23T06:54:49.085+0000] {processor.py:840} INFO - DAG(s) 'tmdb_raw_pipeline' retrieved from /opt/airflow/dags/tmdb_daily_dag.py
[2026-03-23T06:54:49.095+0000] {logging_mixin.py:188} INFO - [2026-03-23T06:54:49.095+0000] {dag.py:3096} INFO - Sync 1 DAGs
[2026-03-23T06:54:49.104+0000] {logging_mixin.py:188} INFO - [2026-03-23T06:54:49.104+0000] {dag.py:3954} INFO - Setting next_dagrun for tmdb_raw_pipeline to 2026-03-23 00:00:00+00:00, run_after=2026-03-24 00:00:00+00:00
[2026-03-23T06:54:49.110+0000] {processor.py:183} INFO - Processing /opt/airflow/dags/tmdb_daily_dag.py took 0.035 seconds
[2026-03-23T06:55:19.622+0000] {processor.py:161} INFO - Started process (PID=9697) to work on /opt/airflow/dags/tmdb_daily_dag.py
[2026-03-23T06:55:19.623+0000] {processor.py:830} INFO - Processing file /opt/airflow/dags/tmdb_daily_dag.py for tasks to queue
[2026-03-23T06:55:19.623+0000] {logging_mixin.py:188} INFO - [2026-03-23T06:55:19.623+0000] {dagbag.py:545} INFO - Filling up the DagBag from /opt/airflow/dags/tmdb_daily_dag.py
[2026-03-23T06:55:19.631+0000] {processor.py:840} INFO - DAG(s) 'tmdb_raw_pipeline' retrieved from /opt/airflow/dags/tmdb_daily_dag.py
[2026-03-23T06:55:19.643+0000] {logging_mixin.py:188} INFO - [2026-03-23T06:55:19.643+0000] {dag.py:3096} INFO - Sync 1 DAGs
[2026-03-23T06:55:19.652+0000] {logging_mixin.py:188} INFO - [2026-03-23T06:55:19.652+0000] {dag.py:3954} INFO - Setting next_dagrun for tmdb_raw_pipeline to 2026-03-23 00:00:00+00:00, run_after=2026-03-24 00:00:00+00:00
[2026-03-23T06:55:19.659+0000] {processor.py:183} INFO - Processing /opt/airflow/dags/tmdb_daily_dag.py took 0.040 seconds
[2026-03-23T06:55:50.061+0000] {processor.py:161} INFO - Started process (PID=9717) to work on /opt/airflow/dags/tmdb_daily_dag.py
[2026-03-23T06:55:50.061+0000] {processor.py:830} INFO - Processing file /opt/airflow/dags/tmdb_daily_dag.py for tasks to queue
[2026-03-23T06:55:50.062+0000] {logging_mixin.py:188} INFO - [2026-03-23T06:55:50.062+0000] {dagbag.py:545} INFO - Filling up the DagBag from /opt/airflow/dags/tmdb_daily_dag.py
[2026-03-23T06:55:50.066+0000] {processor.py:840} INFO - DAG(s) 'tmdb_raw_pipeline' retrieved from /opt/airflow/dags/tmdb_daily_dag.py
[2026-03-23T06:55:50.076+0000] {logging_mixin.py:188} INFO - [2026-03-23T06:55:50.076+0000] {dag.py:3096} INFO - Sync 1 DAGs
[2026-03-23T06:55:50.083+0000] {logging_mixin.py:188} INFO - [2026-03-23T06:55:50.083+0000] {dag.py:3954} INFO - Setting next_dagrun for tmdb_raw_pipeline to 2026-03-23 00:00:00+00:00, run_after=2026-03-24 00:00:00+00:00
[2026-03-23T06:55:50.089+0000] {processor.py:183} INFO - Processing /opt/airflow/dags/tmdb_daily_dag.py took 0.031 seconds
[2026-03-23T06:56:20.523+0000] {processor.py:161} INFO - Started process (PID=9737) to work on /opt/airflow/dags/tmdb_daily_dag.py
[2026-03-23T06:56:20.524+0000] {processor.py:830} INFO - Processing file /opt/airflow/dags/tmdb_daily_dag.py for tasks to queue
[2026-03-23T06:56:20.524+0000] {logging_mixin.py:188} INFO - [2026-03-23T06:56:20.524+0000] {dagbag.py:545} INFO - Filling up the DagBag from /opt/airflow/dags/tmdb_daily_dag.py
[2026-03-23T06:56:20.529+0000] {processor.py:840} INFO - DAG(s) 'tmdb_raw_pipeline' retrieved from /opt/airflow/dags/tmdb_daily_dag.py
[2026-03-23T06:56:20.538+0000] {logging_mixin.py:188} INFO - [2026-03-23T06:56:20.538+0000] {dag.py:3096} INFO - Sync 1 DAGs
[2026-03-23T06:56:20.547+0000] {logging_mixin.py:188} INFO - [2026-03-23T06:56:20.547+0000] {dag.py:3954} INFO - Setting next_dagrun for tmdb_raw_pipeline to 2026-03-23 00:00:00+00:00, run_after=2026-03-24 00:00:00+00:00
[2026-03-23T06:56:20.899+0000] {processor.py:183} INFO - Processing /opt/airflow/dags/tmdb_daily_dag.py took 0.379 seconds
[2026-03-23T06:56:51.322+0000] {processor.py:161} INFO - Started process (PID=9757) to work on /opt/airflow/dags/tmdb_daily_dag.py
[2026-03-23T06:56:51.323+0000] {processor.py:830} INFO - Processing file /opt/airflow/dags/tmdb_daily_dag.py for tasks to queue
[2026-03-23T06:56:51.323+0000] {logging_mixin.py:188} INFO - [2026-03-23T06:56:51.323+0000] {dagbag.py:545} INFO - Filling up the DagBag from /opt/airflow/dags/tmdb_daily_dag.py
[2026-03-23T06:56:51.328+0000] {processor.py:840} INFO - DAG(s) 'tmdb_raw_pipeline' retrieved from /opt/airflow/dags/tmdb_daily_dag.py
[2026-03-23T06:56:51.337+0000] {logging_mixin.py:188} INFO - [2026-03-23T06:56:51.337+0000] {dag.py:3096} INFO - Sync 1 DAGs
[2026-03-23T06:56:51.344+0000] {logging_mixin.py:188} INFO - [2026-03-23T06:56:51.344+0000] {dag.py:3954} INFO - Setting next_dagrun for tmdb_raw_pipeline to 2026-03-23 00:00:00+00:00, run_after=2026-03-24 00:00:00+00:00
[2026-03-23T06:56:51.349+0000] {processor.py:183} INFO - Processing /opt/airflow/dags/tmdb_daily_dag.py took 0.030 seconds
[2026-03-23T06:57:21.806+0000] {processor.py:161} INFO - Started process (PID=9777) to work on /opt/airflow/dags/tmdb_daily_dag.py
[2026-03-23T06:57:21.806+0000] {processor.py:830} INFO - Processing file /opt/airflow/dags/tmdb_daily_dag.py for tasks to queue
[2026-03-23T06:57:21.807+0000] {logging_mixin.py:188} INFO - [2026-03-23T06:57:21.807+0000] {dagbag.py:545} INFO - Filling up the DagBag from /opt/airflow/dags/tmdb_daily_dag.py
[2026-03-23T06:57:21.812+0000] {processor.py:840} INFO - DAG(s) 'tmdb_raw_pipeline' retrieved from /opt/airflow/dags/tmdb_daily_dag.py
[2026-03-23T06:57:21.822+0000] {logging_mixin.py:188} INFO - [2026-03-23T06:57:21.822+0000] {dag.py:3096} INFO - Sync 1 DAGs
[2026-03-23T06:57:21.830+0000] {logging_mixin.py:188} INFO - [2026-03-23T06:57:21.830+0000] {dag.py:3954} INFO - Setting next_dagrun for tmdb_raw_pipeline to 2026-03-23 00:00:00+00:00, run_after=2026-03-24 00:00:00+00:00
[2026-03-23T06:57:21.836+0000] {processor.py:183} INFO - Processing /opt/airflow/dags/tmdb_daily_dag.py took 0.032 seconds
[2026-03-23T06:57:52.280+0000] {processor.py:161} INFO - Started process (PID=9797) to work on /opt/airflow/dags/tmdb_daily_dag.py
[2026-03-23T06:57:52.281+0000] {processor.py:830} INFO - Processing file /opt/airflow/dags/tmdb_daily_dag.py for tasks to queue
[2026-03-23T06:57:52.281+0000] {logging_mixin.py:188} INFO - [2026-03-23T06:57:52.281+0000] {dagbag.py:545} INFO - Filling up the DagBag from /opt/airflow/dags/tmdb_daily_dag.py
[2026-03-23T06:57:52.287+0000] {processor.py:840} INFO - DAG(s) 'tmdb_raw_pipeline' retrieved from /opt/airflow/dags/tmdb_daily_dag.py
[2026-03-23T06:57:52.296+0000] {logging_mixin.py:188} INFO - [2026-03-23T06:57:52.296+0000] {dag.py:3096} INFO - Sync 1 DAGs
[2026-03-23T06:57:52.304+0000] {logging_mixin.py:188} INFO - [2026-03-23T06:57:52.304+0000] {dag.py:3954} INFO - Setting next_dagrun for tmdb_raw_pipeline to 2026-03-23 00:00:00+00:00, run_after=2026-03-24 00:00:00+00:00
[2026-03-23T06:57:52.309+0000] {processor.py:183} INFO - Processing /opt/airflow/dags/tmdb_daily_dag.py took 0.032 seconds
[2026-03-23T06:58:22.702+0000] {processor.py:161} INFO - Started process (PID=9817) to work on /opt/airflow/dags/tmdb_daily_dag.py
[2026-03-23T06:58:22.703+0000] {processor.py:830} INFO - Processing file /opt/airflow/dags/tmdb_daily_dag.py for tasks to queue
[2026-03-23T06:58:22.703+0000] {logging_mixin.py:188} INFO - [2026-03-23T06:58:22.703+0000] {dagbag.py:545} INFO - Filling up the DagBag from /opt/airflow/dags/tmdb_daily_dag.py
[2026-03-23T06:58:22.708+0000] {processor.py:840} INFO - DAG(s) 'tmdb_raw_pipeline' retrieved from /opt/airflow/dags/tmdb_daily_dag.py
[2026-03-23T06:58:22.718+0000] {logging_mixin.py:188} INFO - [2026-03-23T06:58:22.718+0000] {dag.py:3096} INFO - Sync 1 DAGs
[2026-03-23T06:58:22.725+0000] {logging_mixin.py:188} INFO - [2026-03-23T06:58:22.725+0000] {dag.py:3954} INFO - Setting next_dagrun for tmdb_raw_pipeline to 2026-03-23 00:00:00+00:00, run_after=2026-03-24 00:00:00+00:00
[2026-03-23T06:58:22.832+0000] {processor.py:183} INFO - Processing /opt/airflow/dags/tmdb_daily_dag.py took 0.133 seconds
[2026-03-23T06:58:53.480+0000] {processor.py:161} INFO - Started process (PID=9837) to work on /opt/airflow/dags/tmdb_daily_dag.py
[2026-03-23T06:58:53.481+0000] {processor.py:830} INFO - Processing file /opt/airflow/dags/tmdb_daily_dag.py for tasks to queue
[2026-03-23T06:58:53.481+0000] {logging_mixin.py:188} INFO - [2026-03-23T06:58:53.481+0000] {dagbag.py:545} INFO - Filling up the DagBag from /opt/airflow/dags/tmdb_daily_dag.py
[2026-03-23T06:58:53.487+0000] {processor.py:840} INFO - DAG(s) 'tmdb_raw_pipeline' retrieved from /opt/airflow/dags/tmdb_daily_dag.py
[2026-03-23T06:58:53.496+0000] {logging_mixin.py:188} INFO - [2026-03-23T06:58:53.496+0000] {dag.py:3096} INFO - Sync 1 DAGs
[2026-03-23T06:58:53.504+0000] {logging_mixin.py:188} INFO - [2026-03-23T06:58:53.504+0000] {dag.py:3954} INFO - Setting next_dagrun for tmdb_raw_pipeline to 2026-03-23 00:00:00+00:00, run_after=2026-03-24 00:00:00+00:00
[2026-03-23T06:58:53.509+0000] {processor.py:183} INFO - Processing /opt/airflow/dags/tmdb_daily_dag.py took 0.032 seconds
[2026-03-23T06:59:23.955+0000] {processor.py:161} INFO - Started process (PID=9857) to work on /opt/airflow/dags/tmdb_daily_dag.py
[2026-03-23T06:59:23.956+0000] {processor.py:830} INFO - Processing file /opt/airflow/dags/tmdb_daily_dag.py for tasks to queue
[2026-03-23T06:59:23.956+0000] {logging_mixin.py:188} INFO - [2026-03-23T06:59:23.956+0000] {dagbag.py:545} INFO - Filling up the DagBag from /opt/airflow/dags/tmdb_daily_dag.py
[2026-03-23T06:59:23.961+0000] {processor.py:840} INFO - DAG(s) 'tmdb_raw_pipeline' retrieved from /opt/airflow/dags/tmdb_daily_dag.py
[2026-03-23T06:59:23.970+0000] {logging_mixin.py:188} INFO - [2026-03-23T06:59:23.970+0000] {dag.py:3096} INFO - Sync 1 DAGs
[2026-03-23T06:59:23.977+0000] {logging_mixin.py:188} INFO - [2026-03-23T06:59:23.977+0000] {dag.py:3954} INFO - Setting next_dagrun for tmdb_raw_pipeline to 2026-03-23 00:00:00+00:00, run_after=2026-03-24 00:00:00+00:00
[2026-03-23T06:59:23.983+0000] {processor.py:183} INFO - Processing /opt/airflow/dags/tmdb_daily_dag.py took 0.030 seconds
[2026-03-23T06:59:54.440+0000] {processor.py:161} INFO - Started process (PID=9877) to work on /opt/airflow/dags/tmdb_daily_dag.py
[2026-03-23T06:59:54.441+0000] {processor.py:830} INFO - Processing file /opt/airflow/dags/tmdb_daily_dag.py for tasks to queue
[2026-03-23T06:59:54.441+0000] {logging_mixin.py:188} INFO - [2026-03-23T06:59:54.441+0000] {dagbag.py:545} INFO - Filling up the DagBag from /opt/airflow/dags/tmdb_daily_dag.py
[2026-03-23T06:59:54.451+0000] {processor.py:840} INFO - DAG(s) 'tmdb_raw_pipeline' retrieved from /opt/airflow/dags/tmdb_daily_dag.py
[2026-03-23T06:59:54.466+0000] {logging_mixin.py:188} INFO - [2026-03-23T06:59:54.466+0000] {dag.py:3096} INFO - Sync 1 DAGs
[2026-03-23T06:59:54.477+0000] {logging_mixin.py:188} INFO - [2026-03-23T06:59:54.477+0000] {dag.py:3954} INFO - Setting next_dagrun for tmdb_raw_pipeline to 2026-03-23 00:00:00+00:00, run_after=2026-03-24 00:00:00+00:00
[2026-03-23T06:59:54.485+0000] {processor.py:183} INFO - Processing /opt/airflow/dags/tmdb_daily_dag.py took 0.048 seconds
[2026-03-23T07:00:24.896+0000] {processor.py:161} INFO - Started process (PID=9897) to work on /opt/airflow/dags/tmdb_daily_dag.py
[2026-03-23T07:00:24.897+0000] {processor.py:830} INFO - Processing file /opt/airflow/dags/tmdb_daily_dag.py for tasks to queue
[2026-03-23T07:00:24.897+0000] {logging_mixin.py:188} INFO - [2026-03-23T07:00:24.897+0000] {dagbag.py:545} INFO - Filling up the DagBag from /opt/airflow/dags/tmdb_daily_dag.py
[2026-03-23T07:00:24.906+0000] {processor.py:840} INFO - DAG(s) 'tmdb_raw_pipeline' retrieved from /opt/airflow/dags/tmdb_daily_dag.py
[2026-03-23T07:00:24.917+0000] {logging_mixin.py:188} INFO - [2026-03-23T07:00:24.917+0000] {dag.py:3096} INFO - Sync 1 DAGs
[2026-03-23T07:00:24.927+0000] {logging_mixin.py:188} INFO - [2026-03-23T07:00:24.927+0000] {dag.py:3954} INFO - Setting next_dagrun for tmdb_raw_pipeline to 2026-03-23 00:00:00+00:00, run_after=2026-03-24 00:00:00+00:00
[2026-03-23T07:00:25.064+0000] {processor.py:183} INFO - Processing /opt/airflow/dags/tmdb_daily_dag.py took 0.171 seconds
[2026-03-23T07:00:55.689+0000] {processor.py:161} INFO - Started process (PID=9917) to work on /opt/airflow/dags/tmdb_daily_dag.py
[2026-03-23T07:00:55.690+0000] {processor.py:830} INFO - Processing file /opt/airflow/dags/tmdb_daily_dag.py for tasks to queue
[2026-03-23T07:00:55.690+0000] {logging_mixin.py:188} INFO - [2026-03-23T07:00:55.690+0000] {dagbag.py:545} INFO - Filling up the DagBag from /opt/airflow/dags/tmdb_daily_dag.py
[2026-03-23T07:00:55.696+0000] {processor.py:840} INFO - DAG(s) 'tmdb_raw_pipeline' retrieved from /opt/airflow/dags/tmdb_daily_dag.py
[2026-03-23T07:00:55.706+0000] {logging_mixin.py:188} INFO - [2026-03-23T07:00:55.706+0000] {dag.py:3096} INFO - Sync 1 DAGs
[2026-03-23T07:00:55.781+0000] {logging_mixin.py:188} INFO - [2026-03-23T07:00:55.781+0000] {dag.py:3954} INFO - Setting next_dagrun for tmdb_raw_pipeline to 2026-03-23 00:00:00+00:00, run_after=2026-03-24 00:00:00+00:00
[2026-03-23T07:00:55.787+0000] {processor.py:183} INFO - Processing /opt/airflow/dags/tmdb_daily_dag.py took 0.101 seconds
[2026-03-23T07:01:26.226+0000] {processor.py:161} INFO - Started process (PID=9937) to work on /opt/airflow/dags/tmdb_daily_dag.py
[2026-03-23T07:01:26.226+0000] {processor.py:830} INFO - Processing file /opt/airflow/dags/tmdb_daily_dag.py for tasks to queue
[2026-03-23T07:01:26.226+0000] {logging_mixin.py:188} INFO - [2026-03-23T07:01:26.226+0000] {dagbag.py:545} INFO - Filling up the DagBag from /opt/airflow/dags/tmdb_daily_dag.py
[2026-03-23T07:01:26.232+0000] {processor.py:840} INFO - DAG(s) 'tmdb_raw_pipeline' retrieved from /opt/airflow/dags/tmdb_daily_dag.py
[2026-03-23T07:01:26.244+0000] {logging_mixin.py:188} INFO - [2026-03-23T07:01:26.244+0000] {dag.py:3096} INFO - Sync 1 DAGs
[2026-03-23T07:01:26.253+0000] {logging_mixin.py:188} INFO - [2026-03-23T07:01:26.253+0000] {dag.py:3954} INFO - Setting next_dagrun for tmdb_raw_pipeline to 2026-03-23 00:00:00+00:00, run_after=2026-03-24 00:00:00+00:00
[2026-03-23T07:01:26.259+0000] {processor.py:183} INFO - Processing /opt/airflow/dags/tmdb_daily_dag.py took 0.036 seconds
[2026-03-23T07:01:56.739+0000] {processor.py:161} INFO - Started process (PID=9957) to work on /opt/airflow/dags/tmdb_daily_dag.py
[2026-03-23T07:01:56.739+0000] {processor.py:830} INFO - Processing file /opt/airflow/dags/tmdb_daily_dag.py for tasks to queue
[2026-03-23T07:01:56.740+0000] {logging_mixin.py:188} INFO - [2026-03-23T07:01:56.739+0000] {dagbag.py:545} INFO - Filling up the DagBag from /opt/airflow/dags/tmdb_daily_dag.py
[2026-03-23T07:01:56.749+0000] {processor.py:840} INFO - DAG(s) 'tmdb_raw_pipeline' retrieved from /opt/airflow/dags/tmdb_daily_dag.py
[2026-03-23T07:01:56.761+0000] {logging_mixin.py:188} INFO - [2026-03-23T07:01:56.761+0000] {dag.py:3096} INFO - Sync 1 DAGs
[2026-03-23T07:01:56.770+0000] {logging_mixin.py:188} INFO - [2026-03-23T07:01:56.770+0000] {dag.py:3954} INFO - Setting next_dagrun for tmdb_raw_pipeline to 2026-03-23 00:00:00+00:00, run_after=2026-03-24 00:00:00+00:00
[2026-03-23T07:01:56.776+0000] {processor.py:183} INFO - Processing /opt/airflow/dags/tmdb_daily_dag.py took 0.040 seconds
[2026-03-23T07:02:27.227+0000] {processor.py:161} INFO - Started process (PID=9977) to work on /opt/airflow/dags/tmdb_daily_dag.py
[2026-03-23T07:02:27.229+0000] {processor.py:830} INFO - Processing file /opt/airflow/dags/tmdb_daily_dag.py for tasks to queue
[2026-03-23T07:02:27.230+0000] {logging_mixin.py:188} INFO - [2026-03-23T07:02:27.230+0000] {dagbag.py:545} INFO - Filling up the DagBag from /opt/airflow/dags/tmdb_daily_dag.py
[2026-03-23T07:02:27.235+0000] {processor.py:840} INFO - DAG(s) 'tmdb_raw_pipeline' retrieved from /opt/airflow/dags/tmdb_daily_dag.py
[2026-03-23T07:02:27.246+0000] {logging_mixin.py:188} INFO - [2026-03-23T07:02:27.246+0000] {dag.py:3096} INFO - Sync 1 DAGs
[2026-03-23T07:02:27.254+0000] {logging_mixin.py:188} INFO - [2026-03-23T07:02:27.253+0000] {dag.py:3954} INFO - Setting next_dagrun for tmdb_raw_pipeline to 2026-03-23 00:00:00+00:00, run_after=2026-03-24 00:00:00+00:00
[2026-03-23T07:02:27.390+0000] {processor.py:183} INFO - Processing /opt/airflow/dags/tmdb_daily_dag.py took 0.166 seconds
[2026-03-23T07:02:58.057+0000] {processor.py:161} INFO - Started process (PID=9997) to work on /opt/airflow/dags/tmdb_daily_dag.py
[2026-03-23T07:02:58.058+0000] {processor.py:830} INFO - Processing file /opt/airflow/dags/tmdb_daily_dag.py for tasks to queue
[2026-03-23T07:02:58.058+0000] {logging_mixin.py:188} INFO - [2026-03-23T07:02:58.058+0000] {dagbag.py:545} INFO - Filling up the DagBag from /opt/airflow/dags/tmdb_daily_dag.py
[2026-03-23T07:02:58.064+0000] {processor.py:840} INFO - DAG(s) 'tmdb_raw_pipeline' retrieved from /opt/airflow/dags/tmdb_daily_dag.py
[2026-03-23T07:02:58.073+0000] {logging_mixin.py:188} INFO - [2026-03-23T07:02:58.073+0000] {dag.py:3096} INFO - Sync 1 DAGs
[2026-03-23T07:02:58.139+0000] {logging_mixin.py:188} INFO - [2026-03-23T07:02:58.139+0000] {dag.py:3954} INFO - Setting next_dagrun for tmdb_raw_pipeline to 2026-03-23 00:00:00+00:00, run_after=2026-03-24 00:00:00+00:00
[2026-03-23T07:02:58.145+0000] {processor.py:183} INFO - Processing /opt/airflow/dags/tmdb_daily_dag.py took 0.090 seconds
[2026-03-23T07:03:28.588+0000] {processor.py:161} INFO - Started process (PID=10017) to work on /opt/airflow/dags/tmdb_daily_dag.py
[2026-03-23T07:03:28.589+0000] {processor.py:830} INFO - Processing file /opt/airflow/dags/tmdb_daily_dag.py for tasks to queue
[2026-03-23T07:03:28.589+0000] {logging_mixin.py:188} INFO - [2026-03-23T07:03:28.589+0000] {dagbag.py:545} INFO - Filling up the DagBag from /opt/airflow/dags/tmdb_daily_dag.py
[2026-03-23T07:03:28.595+0000] {processor.py:840} INFO - DAG(s) 'tmdb_raw_pipeline' retrieved from /opt/airflow/dags/tmdb_daily_dag.py
[2026-03-23T07:03:28.604+0000] {logging_mixin.py:188} INFO - [2026-03-23T07:03:28.604+0000] {dag.py:3096} INFO - Sync 1 DAGs
[2026-03-23T07:03:28.612+0000] {logging_mixin.py:188} INFO - [2026-03-23T07:03:28.612+0000] {dag.py:3954} INFO - Setting next_dagrun for tmdb_raw_pipeline to 2026-03-23 00:00:00+00:00, run_after=2026-03-24 00:00:00+00:00
[2026-03-23T07:03:28.618+0000] {processor.py:183} INFO - Processing /opt/airflow/dags/tmdb_daily_dag.py took 0.032 seconds
[2026-03-23T07:03:59.098+0000] {processor.py:161} INFO - Started process (PID=10037) to work on /opt/airflow/dags/tmdb_daily_dag.py
[2026-03-23T07:03:59.098+0000] {processor.py:830} INFO - Processing file /opt/airflow/dags/tmdb_daily_dag.py for tasks to queue
[2026-03-23T07:03:59.099+0000] {logging_mixin.py:188} INFO - [2026-03-23T07:03:59.099+0000] {dagbag.py:545} INFO - Filling up the DagBag from /opt/airflow/dags/tmdb_daily_dag.py
[2026-03-23T07:03:59.106+0000] {processor.py:840} INFO - DAG(s) 'tmdb_raw_pipeline' retrieved from /opt/airflow/dags/tmdb_daily_dag.py
[2026-03-23T07:03:59.117+0000] {logging_mixin.py:188} INFO - [2026-03-23T07:03:59.117+0000] {dag.py:3096} INFO - Sync 1 DAGs
[2026-03-23T07:03:59.127+0000] {logging_mixin.py:188} INFO - [2026-03-23T07:03:59.127+0000] {dag.py:3954} INFO - Setting next_dagrun for tmdb_raw_pipeline to 2026-03-23 00:00:00+00:00, run_after=2026-03-24 00:00:00+00:00
[2026-03-23T07:03:59.133+0000] {processor.py:183} INFO - Processing /opt/airflow/dags/tmdb_daily_dag.py took 0.039 seconds
[2026-03-23T07:04:29.628+0000] {processor.py:161} INFO - Started process (PID=10057) to work on /opt/airflow/dags/tmdb_daily_dag.py
[2026-03-23T07:04:29.629+0000] {processor.py:830} INFO - Processing file /opt/airflow/dags/tmdb_daily_dag.py for tasks to queue
[2026-03-23T07:04:29.629+0000] {logging_mixin.py:188} INFO - [2026-03-23T07:04:29.629+0000] {dagbag.py:545} INFO - Filling up the DagBag from /opt/airflow/dags/tmdb_daily_dag.py
[2026-03-23T07:04:29.635+0000] {processor.py:840} INFO - DAG(s) 'tmdb_raw_pipeline' retrieved from /opt/airflow/dags/tmdb_daily_dag.py
[2026-03-23T07:04:29.650+0000] {logging_mixin.py:188} INFO - [2026-03-23T07:04:29.649+0000] {dag.py:3096} INFO - Sync 1 DAGs
[2026-03-23T07:04:29.663+0000] {logging_mixin.py:188} INFO - [2026-03-23T07:04:29.663+0000] {dag.py:3954} INFO - Setting next_dagrun for tmdb_raw_pipeline to 2026-03-23 00:00:00+00:00, run_after=2026-03-24 00:00:00+00:00
[2026-03-23T07:04:29.792+0000] {processor.py:183} INFO - Processing /opt/airflow/dags/tmdb_daily_dag.py took 0.166 seconds
[2026-03-23T07:05:00.442+0000] {processor.py:161} INFO - Started process (PID=10077) to work on /opt/airflow/dags/tmdb_daily_dag.py
[2026-03-23T07:05:00.444+0000] {processor.py:830} INFO - Processing file /opt/airflow/dags/tmdb_daily_dag.py for tasks to queue
[2026-03-23T07:05:00.444+0000] {logging_mixin.py:188} INFO - [2026-03-23T07:05:00.444+0000] {dagbag.py:545} INFO - Filling up the DagBag from /opt/airflow/dags/tmdb_daily_dag.py
[2026-03-23T07:05:00.450+0000] {processor.py:840} INFO - DAG(s) 'tmdb_raw_pipeline' retrieved from /opt/airflow/dags/tmdb_daily_dag.py
[2026-03-23T07:05:00.463+0000] {logging_mixin.py:188} INFO - [2026-03-23T07:05:00.463+0000] {dag.py:3096} INFO - Sync 1 DAGs
[2026-03-23T07:05:00.536+0000] {logging_mixin.py:188} INFO - [2026-03-23T07:05:00.536+0000] {dag.py:3954} INFO - Setting next_dagrun for tmdb_raw_pipeline to 2026-03-23 00:00:00+00:00, run_after=2026-03-24 00:00:00+00:00
[2026-03-23T07:05:00.543+0000] {processor.py:183} INFO - Processing /opt/airflow/dags/tmdb_daily_dag.py took 0.104 seconds
[2026-03-23T07:05:31.338+0000] {processor.py:161} INFO - Started process (PID=10097) to work on /opt/airflow/dags/tmdb_daily_dag.py
[2026-03-23T07:05:31.339+0000] {processor.py:830} INFO - Processing file /opt/airflow/dags/tmdb_daily_dag.py for tasks to queue
[2026-03-23T07:05:31.339+0000] {logging_mixin.py:188} INFO - [2026-03-23T07:05:31.339+0000] {dagbag.py:545} INFO - Filling up the DagBag from /opt/airflow/dags/tmdb_daily_dag.py
[2026-03-23T07:05:31.414+0000] {processor.py:840} INFO - DAG(s) 'tmdb_raw_pipeline' retrieved from /opt/airflow/dags/tmdb_daily_dag.py
[2026-03-23T07:05:31.423+0000] {logging_mixin.py:188} INFO - [2026-03-23T07:05:31.423+0000] {dag.py:3096} INFO - Sync 1 DAGs
[2026-03-23T07:05:31.430+0000] {logging_mixin.py:188} INFO - [2026-03-23T07:05:31.430+0000] {dag.py:3954} INFO - Setting next_dagrun for tmdb_raw_pipeline to 2026-03-23 00:00:00+00:00, run_after=2026-03-24 00:00:00+00:00
[2026-03-23T07:05:31.435+0000] {processor.py:183} INFO - Processing /opt/airflow/dags/tmdb_daily_dag.py took 0.101 seconds
[2026-03-23T07:06:02.040+0000] {processor.py:161} INFO - Started process (PID=10117) to work on /opt/airflow/dags/tmdb_daily_dag.py
[2026-03-23T07:06:02.041+0000] {processor.py:830} INFO - Processing file /opt/airflow/dags/tmdb_daily_dag.py for tasks to queue
[2026-03-23T07:06:02.042+0000] {logging_mixin.py:188} INFO - [2026-03-23T07:06:02.041+0000] {dagbag.py:545} INFO - Filling up the DagBag from /opt/airflow/dags/tmdb_daily_dag.py
[2026-03-23T07:06:02.050+0000] {processor.py:840} INFO - DAG(s) 'tmdb_raw_pipeline' retrieved from /opt/airflow/dags/tmdb_daily_dag.py
[2026-03-23T07:06:02.061+0000] {logging_mixin.py:188} INFO - [2026-03-23T07:06:02.061+0000] {dag.py:3096} INFO - Sync 1 DAGs
[2026-03-23T07:06:02.070+0000] {logging_mixin.py:188} INFO - [2026-03-23T07:06:02.070+0000] {dag.py:3954} INFO - Setting next_dagrun for tmdb_raw_pipeline to 2026-03-23 00:00:00+00:00, run_after=2026-03-24 00:00:00+00:00
[2026-03-23T07:06:02.076+0000] {processor.py:183} INFO - Processing /opt/airflow/dags/tmdb_daily_dag.py took 0.040 seconds
[2026-03-23T07:06:32.548+0000] {processor.py:161} INFO - Started process (PID=10137) to work on /opt/airflow/dags/tmdb_daily_dag.py
[2026-03-23T07:06:32.549+0000] {processor.py:830} INFO - Processing file /opt/airflow/dags/tmdb_daily_dag.py for tasks to queue
[2026-03-23T07:06:32.549+0000] {logging_mixin.py:188} INFO - [2026-03-23T07:06:32.549+0000] {dagbag.py:545} INFO - Filling up the DagBag from /opt/airflow/dags/tmdb_daily_dag.py
[2026-03-23T07:06:32.558+0000] {processor.py:840} INFO - DAG(s) 'tmdb_raw_pipeline' retrieved from /opt/airflow/dags/tmdb_daily_dag.py
[2026-03-23T07:06:32.572+0000] {logging_mixin.py:188} INFO - [2026-03-23T07:06:32.572+0000] {dag.py:3096} INFO - Sync 1 DAGs
[2026-03-23T07:06:32.582+0000] {logging_mixin.py:188} INFO - [2026-03-23T07:06:32.582+0000] {dag.py:3954} INFO - Setting next_dagrun for tmdb_raw_pipeline to 2026-03-23 00:00:00+00:00, run_after=2026-03-24 00:00:00+00:00
[2026-03-23T07:06:32.590+0000] {processor.py:183} INFO - Processing /opt/airflow/dags/tmdb_daily_dag.py took 0.047 seconds
[2026-03-23T07:07:03.089+0000] {processor.py:161} INFO - Started process (PID=10157) to work on /opt/airflow/dags/tmdb_daily_dag.py
[2026-03-23T07:07:03.089+0000] {processor.py:830} INFO - Processing file /opt/airflow/dags/tmdb_daily_dag.py for tasks to queue
[2026-03-23T07:07:03.090+0000] {logging_mixin.py:188} INFO - [2026-03-23T07:07:03.089+0000] {dagbag.py:545} INFO - Filling up the DagBag from /opt/airflow/dags/tmdb_daily_dag.py
[2026-03-23T07:07:03.095+0000] {processor.py:840} INFO - DAG(s) 'tmdb_raw_pipeline' retrieved from /opt/airflow/dags/tmdb_daily_dag.py
[2026-03-23T07:07:03.106+0000] {logging_mixin.py:188} INFO - [2026-03-23T07:07:03.106+0000] {dag.py:3096} INFO - Sync 1 DAGs
[2026-03-23T07:07:03.116+0000] {logging_mixin.py:188} INFO - [2026-03-23T07:07:03.116+0000] {dag.py:3954} INFO - Setting next_dagrun for tmdb_raw_pipeline to 2026-03-23 00:00:00+00:00, run_after=2026-03-24 00:00:00+00:00
[2026-03-23T07:07:03.123+0000] {processor.py:183} INFO - Processing /opt/airflow/dags/tmdb_daily_dag.py took 0.037 seconds
[2026-03-23T07:07:33.574+0000] {processor.py:161} INFO - Started process (PID=10177) to work on /opt/airflow/dags/tmdb_daily_dag.py
[2026-03-23T07:07:33.574+0000] {processor.py:830} INFO - Processing file /opt/airflow/dags/tmdb_daily_dag.py for tasks to queue
[2026-03-23T07:07:33.574+0000] {logging_mixin.py:188} INFO - [2026-03-23T07:07:33.574+0000] {dagbag.py:545} INFO - Filling up the DagBag from /opt/airflow/dags/tmdb_daily_dag.py
[2026-03-23T07:07:33.580+0000] {processor.py:840} INFO - DAG(s) 'tmdb_raw_pipeline' retrieved from /opt/airflow/dags/tmdb_daily_dag.py
[2026-03-23T07:07:33.589+0000] {logging_mixin.py:188} INFO - [2026-03-23T07:07:33.589+0000] {dag.py:3096} INFO - Sync 1 DAGs
[2026-03-23T07:07:33.597+0000] {logging_mixin.py:188} INFO - [2026-03-23T07:07:33.597+0000] {dag.py:3954} INFO - Setting next_dagrun for tmdb_raw_pipeline to 2026-03-23 00:00:00+00:00, run_after=2026-03-24 00:00:00+00:00
[2026-03-23T07:07:33.602+0000] {processor.py:183} INFO - Processing /opt/airflow/dags/tmdb_daily_dag.py took 0.031 seconds
[2026-03-23T07:08:04.013+0000] {processor.py:161} INFO - Started process (PID=10197) to work on /opt/airflow/dags/tmdb_daily_dag.py
[2026-03-23T07:08:04.014+0000] {processor.py:830} INFO - Processing file /opt/airflow/dags/tmdb_daily_dag.py for tasks to queue
[2026-03-23T07:08:04.014+0000] {logging_mixin.py:188} INFO - [2026-03-23T07:08:04.014+0000] {dagbag.py:545} INFO - Filling up the DagBag from /opt/airflow/dags/tmdb_daily_dag.py
[2026-03-23T07:08:04.020+0000] {processor.py:840} INFO - DAG(s) 'tmdb_raw_pipeline' retrieved from /opt/airflow/dags/tmdb_daily_dag.py
[2026-03-23T07:08:04.030+0000] {logging_mixin.py:188} INFO - [2026-03-23T07:08:04.030+0000] {dag.py:3096} INFO - Sync 1 DAGs
[2026-03-23T07:08:04.038+0000] {logging_mixin.py:188} INFO - [2026-03-23T07:08:04.038+0000] {dag.py:3954} INFO - Setting next_dagrun for tmdb_raw_pipeline to 2026-03-23 00:00:00+00:00, run_after=2026-03-24 00:00:00+00:00
[2026-03-23T07:08:04.044+0000] {processor.py:183} INFO - Processing /opt/airflow/dags/tmdb_daily_dag.py took 0.033 seconds
[2026-03-23T07:08:34.479+0000] {processor.py:161} INFO - Started process (PID=10217) to work on /opt/airflow/dags/tmdb_daily_dag.py
[2026-03-23T07:08:34.480+0000] {processor.py:830} INFO - Processing file /opt/airflow/dags/tmdb_daily_dag.py for tasks to queue
[2026-03-23T07:08:34.480+0000] {logging_mixin.py:188} INFO - [2026-03-23T07:08:34.480+0000] {dagbag.py:545} INFO - Filling up the DagBag from /opt/airflow/dags/tmdb_daily_dag.py
[2026-03-23T07:08:34.486+0000] {processor.py:840} INFO - DAG(s) 'tmdb_raw_pipeline' retrieved from /opt/airflow/dags/tmdb_daily_dag.py
[2026-03-23T07:08:34.496+0000] {logging_mixin.py:188} INFO - [2026-03-23T07:08:34.496+0000] {dag.py:3096} INFO - Sync 1 DAGs
[2026-03-23T07:08:34.504+0000] {logging_mixin.py:188} INFO - [2026-03-23T07:08:34.504+0000] {dag.py:3954} INFO - Setting next_dagrun for tmdb_raw_pipeline to 2026-03-23 00:00:00+00:00, run_after=2026-03-24 00:00:00+00:00
[2026-03-23T07:08:34.512+0000] {processor.py:183} INFO - Processing /opt/airflow/dags/tmdb_daily_dag.py took 0.035 seconds
[2026-03-23T07:09:05.010+0000] {processor.py:161} INFO - Started process (PID=10237) to work on /opt/airflow/dags/tmdb_daily_dag.py
[2026-03-23T07:09:05.010+0000] {processor.py:830} INFO - Processing file /opt/airflow/dags/tmdb_daily_dag.py for tasks to queue
[2026-03-23T07:09:05.011+0000] {logging_mixin.py:188} INFO - [2026-03-23T07:09:05.011+0000] {dagbag.py:545} INFO - Filling up the DagBag from /opt/airflow/dags/tmdb_daily_dag.py
[2026-03-23T07:09:05.017+0000] {processor.py:840} INFO - DAG(s) 'tmdb_raw_pipeline' retrieved from /opt/airflow/dags/tmdb_daily_dag.py
[2026-03-23T07:09:05.028+0000] {logging_mixin.py:188} INFO - [2026-03-23T07:09:05.027+0000] {dag.py:3096} INFO - Sync 1 DAGs
[2026-03-23T07:09:05.038+0000] {logging_mixin.py:188} INFO - [2026-03-23T07:09:05.038+0000] {dag.py:3954} INFO - Setting next_dagrun for tmdb_raw_pipeline to 2026-03-23 00:00:00+00:00, run_after=2026-03-24 00:00:00+00:00
[2026-03-23T07:09:05.045+0000] {processor.py:183} INFO - Processing /opt/airflow/dags/tmdb_daily_dag.py took 0.037 seconds
[2026-03-23T07:09:35.453+0000] {processor.py:161} INFO - Started process (PID=10257) to work on /opt/airflow/dags/tmdb_daily_dag.py
[2026-03-23T07:09:35.453+0000] {processor.py:830} INFO - Processing file /opt/airflow/dags/tmdb_daily_dag.py for tasks to queue
[2026-03-23T07:09:35.454+0000] {logging_mixin.py:188} INFO - [2026-03-23T07:09:35.453+0000] {dagbag.py:545} INFO - Filling up the DagBag from /opt/airflow/dags/tmdb_daily_dag.py
[2026-03-23T07:09:35.460+0000] {processor.py:840} INFO - DAG(s) 'tmdb_raw_pipeline' retrieved from /opt/airflow/dags/tmdb_daily_dag.py
[2026-03-23T07:09:35.469+0000] {logging_mixin.py:188} INFO - [2026-03-23T07:09:35.469+0000] {dag.py:3096} INFO - Sync 1 DAGs
[2026-03-23T07:09:35.477+0000] {logging_mixin.py:188} INFO - [2026-03-23T07:09:35.477+0000] {dag.py:3954} INFO - Setting next_dagrun for tmdb_raw_pipeline to 2026-03-23 00:00:00+00:00, run_after=2026-03-24 00:00:00+00:00
[2026-03-23T07:09:35.483+0000] {processor.py:183} INFO - Processing /opt/airflow/dags/tmdb_daily_dag.py took 0.033 seconds
[2026-03-23T07:10:05.952+0000] {processor.py:161} INFO - Started process (PID=10277) to work on /opt/airflow/dags/tmdb_daily_dag.py
[2026-03-23T07:10:05.952+0000] {processor.py:830} INFO - Processing file /opt/airflow/dags/tmdb_daily_dag.py for tasks to queue
[2026-03-23T07:10:05.953+0000] {logging_mixin.py:188} INFO - [2026-03-23T07:10:05.953+0000] {dagbag.py:545} INFO - Filling up the DagBag from /opt/airflow/dags/tmdb_daily_dag.py
[2026-03-23T07:10:05.958+0000] {processor.py:840} INFO - DAG(s) 'tmdb_raw_pipeline' retrieved from /opt/airflow/dags/tmdb_daily_dag.py
[2026-03-23T07:10:05.967+0000] {logging_mixin.py:188} INFO - [2026-03-23T07:10:05.967+0000] {dag.py:3096} INFO - Sync 1 DAGs
[2026-03-23T07:10:05.975+0000] {logging_mixin.py:188} INFO - [2026-03-23T07:10:05.975+0000] {dag.py:3954} INFO - Setting next_dagrun for tmdb_raw_pipeline to 2026-03-23 00:00:00+00:00, run_after=2026-03-24 00:00:00+00:00
[2026-03-23T07:10:05.981+0000] {processor.py:183} INFO - Processing /opt/airflow/dags/tmdb_daily_dag.py took 0.032 seconds
[2026-03-23T07:10:36.373+0000] {processor.py:161} INFO - Started process (PID=10297) to work on /opt/airflow/dags/tmdb_daily_dag.py
[2026-03-23T07:10:36.374+0000] {processor.py:830} INFO - Processing file /opt/airflow/dags/tmdb_daily_dag.py for tasks to queue
[2026-03-23T07:10:36.374+0000] {logging_mixin.py:188} INFO - [2026-03-23T07:10:36.374+0000] {dagbag.py:545} INFO - Filling up the DagBag from /opt/airflow/dags/tmdb_daily_dag.py
[2026-03-23T07:10:36.384+0000] {processor.py:840} INFO - DAG(s) 'tmdb_raw_pipeline' retrieved from /opt/airflow/dags/tmdb_daily_dag.py
[2026-03-23T07:10:36.395+0000] {logging_mixin.py:188} INFO - [2026-03-23T07:10:36.395+0000] {dag.py:3096} INFO - Sync 1 DAGs
[2026-03-23T07:10:36.405+0000] {logging_mixin.py:188} INFO - [2026-03-23T07:10:36.405+0000] {dag.py:3954} INFO - Setting next_dagrun for tmdb_raw_pipeline to 2026-03-23 00:00:00+00:00, run_after=2026-03-24 00:00:00+00:00
[2026-03-23T07:10:36.414+0000] {processor.py:183} INFO - Processing /opt/airflow/dags/tmdb_daily_dag.py took 0.043 seconds
[2026-03-23T07:11:06.961+0000] {processor.py:161} INFO - Started process (PID=10317) to work on /opt/airflow/dags/tmdb_daily_dag.py
[2026-03-23T07:11:06.961+0000] {processor.py:830} INFO - Processing file /opt/airflow/dags/tmdb_daily_dag.py for tasks to queue
[2026-03-23T07:11:06.962+0000] {logging_mixin.py:188} INFO - [2026-03-23T07:11:06.961+0000] {dagbag.py:545} INFO - Filling up the DagBag from /opt/airflow/dags/tmdb_daily_dag.py
[2026-03-23T07:11:06.968+0000] {processor.py:840} INFO - DAG(s) 'tmdb_raw_pipeline' retrieved from /opt/airflow/dags/tmdb_daily_dag.py
[2026-03-23T07:11:06.979+0000] {logging_mixin.py:188} INFO - [2026-03-23T07:11:06.979+0000] {dag.py:3096} INFO - Sync 1 DAGs
[2026-03-23T07:11:06.990+0000] {logging_mixin.py:188} INFO - [2026-03-23T07:11:06.990+0000] {dag.py:3954} INFO - Setting next_dagrun for tmdb_raw_pipeline to 2026-03-23 00:00:00+00:00, run_after=2026-03-24 00:00:00+00:00
[2026-03-23T07:11:06.997+0000] {processor.py:183} INFO - Processing /opt/airflow/dags/tmdb_daily_dag.py took 0.039 seconds
[2026-03-23T07:11:37.462+0000] {processor.py:161} INFO - Started process (PID=10337) to work on /opt/airflow/dags/tmdb_daily_dag.py
[2026-03-23T07:11:37.463+0000] {processor.py:830} INFO - Processing file /opt/airflow/dags/tmdb_daily_dag.py for tasks to queue
[2026-03-23T07:11:37.463+0000] {logging_mixin.py:188} INFO - [2026-03-23T07:11:37.463+0000] {dagbag.py:545} INFO - Filling up the DagBag from /opt/airflow/dags/tmdb_daily_dag.py
[2026-03-23T07:11:37.468+0000] {processor.py:840} INFO - DAG(s) 'tmdb_raw_pipeline' retrieved from /opt/airflow/dags/tmdb_daily_dag.py
[2026-03-23T07:11:37.477+0000] {logging_mixin.py:188} INFO - [2026-03-23T07:11:37.477+0000] {dag.py:3096} INFO - Sync 1 DAGs
[2026-03-23T07:11:37.486+0000] {logging_mixin.py:188} INFO - [2026-03-23T07:11:37.485+0000] {dag.py:3954} INFO - Setting next_dagrun for tmdb_raw_pipeline to 2026-03-23 00:00:00+00:00, run_after=2026-03-24 00:00:00+00:00
[2026-03-23T07:11:37.492+0000] {processor.py:183} INFO - Processing /opt/airflow/dags/tmdb_daily_dag.py took 0.032 seconds
[2026-03-23T07:12:07.996+0000] {processor.py:161} INFO - Started process (PID=10357) to work on /opt/airflow/dags/tmdb_daily_dag.py
[2026-03-23T07:12:07.997+0000] {processor.py:830} INFO - Processing file /opt/airflow/dags/tmdb_daily_dag.py for tasks to queue
[2026-03-23T07:12:07.997+0000] {logging_mixin.py:188} INFO - [2026-03-23T07:12:07.997+0000] {dagbag.py:545} INFO - Filling up the DagBag from /opt/airflow/dags/tmdb_daily_dag.py
[2026-03-23T07:12:08.003+0000] {processor.py:840} INFO - DAG(s) 'tmdb_raw_pipeline' retrieved from /opt/airflow/dags/tmdb_daily_dag.py
[2026-03-23T07:12:08.013+0000] {logging_mixin.py:188} INFO - [2026-03-23T07:12:08.013+0000] {dag.py:3096} INFO - Sync 1 DAGs
[2026-03-23T07:12:08.021+0000] {logging_mixin.py:188} INFO - [2026-03-23T07:12:08.021+0000] {dag.py:3954} INFO - Setting next_dagrun for tmdb_raw_pipeline to 2026-03-23 00:00:00+00:00, run_after=2026-03-24 00:00:00+00:00
[2026-03-23T07:12:08.028+0000] {processor.py:183} INFO - Processing /opt/airflow/dags/tmdb_daily_dag.py took 0.034 seconds
[2026-03-23T07:12:38.442+0000] {processor.py:161} INFO - Started process (PID=10377) to work on /opt/airflow/dags/tmdb_daily_dag.py
[2026-03-23T07:12:38.443+0000] {processor.py:830} INFO - Processing file /opt/airflow/dags/tmdb_daily_dag.py for tasks to queue
[2026-03-23T07:12:38.444+0000] {logging_mixin.py:188} INFO - [2026-03-23T07:12:38.444+0000] {dagbag.py:545} INFO - Filling up the DagBag from /opt/airflow/dags/tmdb_daily_dag.py
[2026-03-23T07:12:38.450+0000] {processor.py:840} INFO - DAG(s) 'tmdb_raw_pipeline' retrieved from /opt/airflow/dags/tmdb_daily_dag.py
[2026-03-23T07:12:38.462+0000] {logging_mixin.py:188} INFO - [2026-03-23T07:12:38.462+0000] {dag.py:3096} INFO - Sync 1 DAGs
[2026-03-23T07:12:38.472+0000] {logging_mixin.py:188} INFO - [2026-03-23T07:12:38.472+0000] {dag.py:3954} INFO - Setting next_dagrun for tmdb_raw_pipeline to 2026-03-23 00:00:00+00:00, run_after=2026-03-24 00:00:00+00:00
[2026-03-23T07:12:38.480+0000] {processor.py:183} INFO - Processing /opt/airflow/dags/tmdb_daily_dag.py took 0.040 seconds
[2026-03-23T07:13:08.962+0000] {processor.py:161} INFO - Started process (PID=10397) to work on /opt/airflow/dags/tmdb_daily_dag.py
[2026-03-23T07:13:08.963+0000] {processor.py:830} INFO - Processing file /opt/airflow/dags/tmdb_daily_dag.py for tasks to queue
[2026-03-23T07:13:08.963+0000] {logging_mixin.py:188} INFO - [2026-03-23T07:13:08.963+0000] {dagbag.py:545} INFO - Filling up the DagBag from /opt/airflow/dags/tmdb_daily_dag.py
[2026-03-23T07:13:08.978+0000] {processor.py:840} INFO - DAG(s) 'tmdb_raw_pipeline' retrieved from /opt/airflow/dags/tmdb_daily_dag.py
[2026-03-23T07:13:08.992+0000] {logging_mixin.py:188} INFO - [2026-03-23T07:13:08.992+0000] {dag.py:3096} INFO - Sync 1 DAGs
[2026-03-23T07:13:09.002+0000] {logging_mixin.py:188} INFO - [2026-03-23T07:13:09.002+0000] {dag.py:3954} INFO - Setting next_dagrun for tmdb_raw_pipeline to 2026-03-23 00:00:00+00:00, run_after=2026-03-24 00:00:00+00:00
[2026-03-23T07:13:09.009+0000] {processor.py:183} INFO - Processing /opt/airflow/dags/tmdb_daily_dag.py took 0.051 seconds
[2026-03-23T07:13:39.498+0000] {processor.py:161} INFO - Started process (PID=10417) to work on /opt/airflow/dags/tmdb_daily_dag.py
[2026-03-23T07:13:39.498+0000] {processor.py:830} INFO - Processing file /opt/airflow/dags/tmdb_daily_dag.py for tasks to queue
[2026-03-23T07:13:39.499+0000] {logging_mixin.py:188} INFO - [2026-03-23T07:13:39.499+0000] {dagbag.py:545} INFO - Filling up the DagBag from /opt/airflow/dags/tmdb_daily_dag.py
[2026-03-23T07:13:39.506+0000] {processor.py:840} INFO - DAG(s) 'tmdb_raw_pipeline' retrieved from /opt/airflow/dags/tmdb_daily_dag.py
[2026-03-23T07:13:39.517+0000] {logging_mixin.py:188} INFO - [2026-03-23T07:13:39.517+0000] {dag.py:3096} INFO - Sync 1 DAGs
[2026-03-23T07:13:39.526+0000] {logging_mixin.py:188} INFO - [2026-03-23T07:13:39.526+0000] {dag.py:3954} INFO - Setting next_dagrun for tmdb_raw_pipeline to 2026-03-23 00:00:00+00:00, run_after=2026-03-24 00:00:00+00:00
[2026-03-23T07:13:39.532+0000] {processor.py:183} INFO - Processing /opt/airflow/dags/tmdb_daily_dag.py took 0.037 seconds
[2026-03-23T07:14:10.047+0000] {processor.py:161} INFO - Started process (PID=10437) to work on /opt/airflow/dags/tmdb_daily_dag.py
[2026-03-23T07:14:10.048+0000] {processor.py:830} INFO - Processing file /opt/airflow/dags/tmdb_daily_dag.py for tasks to queue
[2026-03-23T07:14:10.048+0000] {logging_mixin.py:188} INFO - [2026-03-23T07:14:10.048+0000] {dagbag.py:545} INFO - Filling up the DagBag from /opt/airflow/dags/tmdb_daily_dag.py
[2026-03-23T07:14:10.055+0000] {processor.py:840} INFO - DAG(s) 'tmdb_raw_pipeline' retrieved from /opt/airflow/dags/tmdb_daily_dag.py
[2026-03-23T07:14:10.064+0000] {logging_mixin.py:188} INFO - [2026-03-23T07:14:10.064+0000] {dag.py:3096} INFO - Sync 1 DAGs
[2026-03-23T07:14:10.073+0000] {logging_mixin.py:188} INFO - [2026-03-23T07:14:10.072+0000] {dag.py:3954} INFO - Setting next_dagrun for tmdb_raw_pipeline to 2026-03-23 00:00:00+00:00, run_after=2026-03-24 00:00:00+00:00
[2026-03-23T07:14:10.079+0000] {processor.py:183} INFO - Processing /opt/airflow/dags/tmdb_daily_dag.py took 0.035 seconds
[2026-03-23T07:14:40.498+0000] {processor.py:161} INFO - Started process (PID=10457) to work on /opt/airflow/dags/tmdb_daily_dag.py
[2026-03-23T07:14:40.499+0000] {processor.py:830} INFO - Processing file /opt/airflow/dags/tmdb_daily_dag.py for tasks to queue
[2026-03-23T07:14:40.499+0000] {logging_mixin.py:188} INFO - [2026-03-23T07:14:40.499+0000] {dagbag.py:545} INFO - Filling up the DagBag from /opt/airflow/dags/tmdb_daily_dag.py
[2026-03-23T07:14:40.506+0000] {processor.py:840} INFO - DAG(s) 'tmdb_raw_pipeline' retrieved from /opt/airflow/dags/tmdb_daily_dag.py
[2026-03-23T07:14:40.517+0000] {logging_mixin.py:188} INFO - [2026-03-23T07:14:40.517+0000] {dag.py:3096} INFO - Sync 1 DAGs
[2026-03-23T07:14:40.527+0000] {logging_mixin.py:188} INFO - [2026-03-23T07:14:40.527+0000] {dag.py:3954} INFO - Setting next_dagrun for tmdb_raw_pipeline to 2026-03-23 00:00:00+00:00, run_after=2026-03-24 00:00:00+00:00
[2026-03-23T07:14:40.535+0000] {processor.py:183} INFO - Processing /opt/airflow/dags/tmdb_daily_dag.py took 0.039 seconds
[2026-03-23T07:15:10.966+0000] {processor.py:161} INFO - Started process (PID=10477) to work on /opt/airflow/dags/tmdb_daily_dag.py
[2026-03-23T07:15:10.967+0000] {processor.py:830} INFO - Processing file /opt/airflow/dags/tmdb_daily_dag.py for tasks to queue
[2026-03-23T07:15:10.967+0000] {logging_mixin.py:188} INFO - [2026-03-23T07:15:10.967+0000] {dagbag.py:545} INFO - Filling up the DagBag from /opt/airflow/dags/tmdb_daily_dag.py
[2026-03-23T07:15:10.973+0000] {processor.py:840} INFO - DAG(s) 'tmdb_raw_pipeline' retrieved from /opt/airflow/dags/tmdb_daily_dag.py
[2026-03-23T07:15:10.982+0000] {logging_mixin.py:188} INFO - [2026-03-23T07:15:10.981+0000] {dag.py:3096} INFO - Sync 1 DAGs
[2026-03-23T07:15:10.990+0000] {logging_mixin.py:188} INFO - [2026-03-23T07:15:10.990+0000] {dag.py:3954} INFO - Setting next_dagrun for tmdb_raw_pipeline to 2026-03-23 00:00:00+00:00, run_after=2026-03-24 00:00:00+00:00
[2026-03-23T07:15:10.996+0000] {processor.py:183} INFO - Processing /opt/airflow/dags/tmdb_daily_dag.py took 0.032 seconds
[2026-03-23T07:15:41.597+0000] {processor.py:161} INFO - Started process (PID=10497) to work on /opt/airflow/dags/tmdb_daily_dag.py
[2026-03-23T07:15:41.598+0000] {processor.py:830} INFO - Processing file /opt/airflow/dags/tmdb_daily_dag.py for tasks to queue
[2026-03-23T07:15:41.598+0000] {logging_mixin.py:188} INFO - [2026-03-23T07:15:41.598+0000] {dagbag.py:545} INFO - Filling up the DagBag from /opt/airflow/dags/tmdb_daily_dag.py
[2026-03-23T07:15:41.606+0000] {processor.py:840} INFO - DAG(s) 'tmdb_raw_pipeline' retrieved from /opt/airflow/dags/tmdb_daily_dag.py
[2026-03-23T07:15:41.633+0000] {logging_mixin.py:188} INFO - [2026-03-23T07:15:41.632+0000] {dag.py:3096} INFO - Sync 1 DAGs
[2026-03-23T07:15:41.644+0000] {logging_mixin.py:188} INFO - [2026-03-23T07:15:41.644+0000] {dag.py:3954} INFO - Setting next_dagrun for tmdb_raw_pipeline to 2026-03-23 00:00:00+00:00, run_after=2026-03-24 00:00:00+00:00
[2026-03-23T07:15:41.651+0000] {processor.py:183} INFO - Processing /opt/airflow/dags/tmdb_daily_dag.py took 0.066 seconds
[2026-03-23T07:16:12.222+0000] {processor.py:161} INFO - Started process (PID=10517) to work on /opt/airflow/dags/tmdb_daily_dag.py
[2026-03-23T07:16:12.223+0000] {processor.py:830} INFO - Processing file /opt/airflow/dags/tmdb_daily_dag.py for tasks to queue
[2026-03-23T07:16:12.223+0000] {logging_mixin.py:188} INFO - [2026-03-23T07:16:12.223+0000] {dagbag.py:545} INFO - Filling up the DagBag from /opt/airflow/dags/tmdb_daily_dag.py
[2026-03-23T07:16:12.231+0000] {processor.py:840} INFO - DAG(s) 'tmdb_raw_pipeline' retrieved from /opt/airflow/dags/tmdb_daily_dag.py
[2026-03-23T07:16:12.242+0000] {logging_mixin.py:188} INFO - [2026-03-23T07:16:12.242+0000] {dag.py:3096} INFO - Sync 1 DAGs
[2026-03-23T07:16:12.251+0000] {logging_mixin.py:188} INFO - [2026-03-23T07:16:12.251+0000] {dag.py:3954} INFO - Setting next_dagrun for tmdb_raw_pipeline to 2026-03-23 00:00:00+00:00, run_after=2026-03-24 00:00:00+00:00
[2026-03-23T07:16:12.257+0000] {processor.py:183} INFO - Processing /opt/airflow/dags/tmdb_daily_dag.py took 0.039 seconds
[2026-03-23T07:16:42.822+0000] {processor.py:161} INFO - Started process (PID=10537) to work on /opt/airflow/dags/tmdb_daily_dag.py
[2026-03-23T07:16:42.823+0000] {processor.py:830} INFO - Processing file /opt/airflow/dags/tmdb_daily_dag.py for tasks to queue
[2026-03-23T07:16:42.823+0000] {logging_mixin.py:188} INFO - [2026-03-23T07:16:42.823+0000] {dagbag.py:545} INFO - Filling up the DagBag from /opt/airflow/dags/tmdb_daily_dag.py
[2026-03-23T07:16:42.830+0000] {processor.py:840} INFO - DAG(s) 'tmdb_raw_pipeline' retrieved from /opt/airflow/dags/tmdb_daily_dag.py
[2026-03-23T07:16:42.842+0000] {logging_mixin.py:188} INFO - [2026-03-23T07:16:42.842+0000] {dag.py:3096} INFO - Sync 1 DAGs
[2026-03-23T07:16:42.852+0000] {logging_mixin.py:188} INFO - [2026-03-23T07:16:42.852+0000] {dag.py:3954} INFO - Setting next_dagrun for tmdb_raw_pipeline to 2026-03-23 00:00:00+00:00, run_after=2026-03-24 00:00:00+00:00
[2026-03-23T07:16:42.859+0000] {processor.py:183} INFO - Processing /opt/airflow/dags/tmdb_daily_dag.py took 0.042 seconds
[2026-03-23T07:17:13.341+0000] {processor.py:161} INFO - Started process (PID=10557) to work on /opt/airflow/dags/tmdb_daily_dag.py
[2026-03-23T07:17:13.342+0000] {processor.py:830} INFO - Processing file /opt/airflow/dags/tmdb_daily_dag.py for tasks to queue
[2026-03-23T07:17:13.342+0000] {logging_mixin.py:188} INFO - [2026-03-23T07:17:13.342+0000] {dagbag.py:545} INFO - Filling up the DagBag from /opt/airflow/dags/tmdb_daily_dag.py
[2026-03-23T07:17:13.348+0000] {processor.py:840} INFO - DAG(s) 'tmdb_raw_pipeline' retrieved from /opt/airflow/dags/tmdb_daily_dag.py
[2026-03-23T07:17:13.357+0000] {logging_mixin.py:188} INFO - [2026-03-23T07:17:13.357+0000] {dag.py:3096} INFO - Sync 1 DAGs
[2026-03-23T07:17:13.366+0000] {logging_mixin.py:188} INFO - [2026-03-23T07:17:13.366+0000] {dag.py:3954} INFO - Setting next_dagrun for tmdb_raw_pipeline to 2026-03-23 00:00:00+00:00, run_after=2026-03-24 00:00:00+00:00
[2026-03-23T07:17:13.372+0000] {processor.py:183} INFO - Processing /opt/airflow/dags/tmdb_daily_dag.py took 0.033 seconds
[2026-03-23T07:17:43.959+0000] {processor.py:161} INFO - Started process (PID=10577) to work on /opt/airflow/dags/tmdb_daily_dag.py
[2026-03-23T07:17:43.959+0000] {processor.py:830} INFO - Processing file /opt/airflow/dags/tmdb_daily_dag.py for tasks to queue
[2026-03-23T07:17:43.960+0000] {logging_mixin.py:188} INFO - [2026-03-23T07:17:43.960+0000] {dagbag.py:545} INFO - Filling up the DagBag from /opt/airflow/dags/tmdb_daily_dag.py
[2026-03-23T07:17:43.966+0000] {processor.py:840} INFO - DAG(s) 'tmdb_raw_pipeline' retrieved from /opt/airflow/dags/tmdb_daily_dag.py
[2026-03-23T07:17:43.977+0000] {logging_mixin.py:188} INFO - [2026-03-23T07:17:43.977+0000] {dag.py:3096} INFO - Sync 1 DAGs
[2026-03-23T07:17:43.986+0000] {logging_mixin.py:188} INFO - [2026-03-23T07:17:43.986+0000] {dag.py:3954} INFO - Setting next_dagrun for tmdb_raw_pipeline to 2026-03-23 00:00:00+00:00, run_after=2026-03-24 00:00:00+00:00
[2026-03-23T07:17:43.993+0000] {processor.py:183} INFO - Processing /opt/airflow/dags/tmdb_daily_dag.py took 0.037 seconds
[2026-03-23T07:18:14.540+0000] {processor.py:161} INFO - Started process (PID=10597) to work on /opt/airflow/dags/tmdb_daily_dag.py
[2026-03-23T07:18:14.541+0000] {processor.py:830} INFO - Processing file /opt/airflow/dags/tmdb_daily_dag.py for tasks to queue
[2026-03-23T07:18:14.541+0000] {logging_mixin.py:188} INFO - [2026-03-23T07:18:14.541+0000] {dagbag.py:545} INFO - Filling up the DagBag from /opt/airflow/dags/tmdb_daily_dag.py
[2026-03-23T07:18:14.549+0000] {processor.py:840} INFO - DAG(s) 'tmdb_raw_pipeline' retrieved from /opt/airflow/dags/tmdb_daily_dag.py
[2026-03-23T07:18:14.560+0000] {logging_mixin.py:188} INFO - [2026-03-23T07:18:14.560+0000] {dag.py:3096} INFO - Sync 1 DAGs
[2026-03-23T07:18:14.570+0000] {logging_mixin.py:188} INFO - [2026-03-23T07:18:14.570+0000] {dag.py:3954} INFO - Setting next_dagrun for tmdb_raw_pipeline to 2026-03-23 00:00:00+00:00, run_after=2026-03-24 00:00:00+00:00
[2026-03-23T07:18:14.577+0000] {processor.py:183} INFO - Processing /opt/airflow/dags/tmdb_daily_dag.py took 0.041 seconds
[2026-03-23T07:18:45.165+0000] {processor.py:161} INFO - Started process (PID=10617) to work on /opt/airflow/dags/tmdb_daily_dag.py
[2026-03-23T07:18:45.166+0000] {processor.py:830} INFO - Processing file /opt/airflow/dags/tmdb_daily_dag.py for tasks to queue
[2026-03-23T07:18:45.167+0000] {logging_mixin.py:188} INFO - [2026-03-23T07:18:45.166+0000] {dagbag.py:545} INFO - Filling up the DagBag from /opt/airflow/dags/tmdb_daily_dag.py
[2026-03-23T07:18:45.175+0000] {processor.py:840} INFO - DAG(s) 'tmdb_raw_pipeline' retrieved from /opt/airflow/dags/tmdb_daily_dag.py
[2026-03-23T07:18:45.187+0000] {logging_mixin.py:188} INFO - [2026-03-23T07:18:45.186+0000] {dag.py:3096} INFO - Sync 1 DAGs
[2026-03-23T07:18:45.197+0000] {logging_mixin.py:188} INFO - [2026-03-23T07:18:45.197+0000] {dag.py:3954} INFO - Setting next_dagrun for tmdb_raw_pipeline to 2026-03-23 00:00:00+00:00, run_after=2026-03-24 00:00:00+00:00
[2026-03-23T07:18:45.204+0000] {processor.py:183} INFO - Processing /opt/airflow/dags/tmdb_daily_dag.py took 0.043 seconds
[2026-03-23T07:19:15.731+0000] {processor.py:161} INFO - Started process (PID=10637) to work on /opt/airflow/dags/tmdb_daily_dag.py
[2026-03-23T07:19:15.731+0000] {processor.py:830} INFO - Processing file /opt/airflow/dags/tmdb_daily_dag.py for tasks to queue
[2026-03-23T07:19:15.732+0000] {logging_mixin.py:188} INFO - [2026-03-23T07:19:15.731+0000] {dagbag.py:545} INFO - Filling up the DagBag from /opt/airflow/dags/tmdb_daily_dag.py
[2026-03-23T07:19:15.738+0000] {processor.py:840} INFO - DAG(s) 'tmdb_raw_pipeline' retrieved from /opt/airflow/dags/tmdb_daily_dag.py
[2026-03-23T07:19:15.749+0000] {logging_mixin.py:188} INFO - [2026-03-23T07:19:15.749+0000] {dag.py:3096} INFO - Sync 1 DAGs
[2026-03-23T07:19:15.759+0000] {logging_mixin.py:188} INFO - [2026-03-23T07:19:15.759+0000] {dag.py:3954} INFO - Setting next_dagrun for tmdb_raw_pipeline to 2026-03-23 00:00:00+00:00, run_after=2026-03-24 00:00:00+00:00
[2026-03-23T07:19:15.765+0000] {processor.py:183} INFO - Processing /opt/airflow/dags/tmdb_daily_dag.py took 0.037 seconds
[2026-03-23T07:19:46.272+0000] {processor.py:161} INFO - Started process (PID=10657) to work on /opt/airflow/dags/tmdb_daily_dag.py
[2026-03-23T07:19:46.272+0000] {processor.py:830} INFO - Processing file /opt/airflow/dags/tmdb_daily_dag.py for tasks to queue
[2026-03-23T07:19:46.273+0000] {logging_mixin.py:188} INFO - [2026-03-23T07:19:46.272+0000] {dagbag.py:545} INFO - Filling up the DagBag from /opt/airflow/dags/tmdb_daily_dag.py
[2026-03-23T07:19:46.278+0000] {processor.py:840} INFO - DAG(s) 'tmdb_raw_pipeline' retrieved from /opt/airflow/dags/tmdb_daily_dag.py
[2026-03-23T07:19:46.287+0000] {logging_mixin.py:188} INFO - [2026-03-23T07:19:46.287+0000] {dag.py:3096} INFO - Sync 1 DAGs
[2026-03-23T07:19:46.295+0000] {logging_mixin.py:188} INFO - [2026-03-23T07:19:46.295+0000] {dag.py:3954} INFO - Setting next_dagrun for tmdb_raw_pipeline to 2026-03-23 00:00:00+00:00, run_after=2026-03-24 00:00:00+00:00
[2026-03-23T07:19:46.301+0000] {processor.py:183} INFO - Processing /opt/airflow/dags/tmdb_daily_dag.py took 0.032 seconds
[2026-03-23T07:20:16.884+0000] {processor.py:161} INFO - Started process (PID=10677) to work on /opt/airflow/dags/tmdb_daily_dag.py
[2026-03-23T07:20:16.886+0000] {processor.py:830} INFO - Processing file /opt/airflow/dags/tmdb_daily_dag.py for tasks to queue
[2026-03-23T07:20:16.886+0000] {logging_mixin.py:188} INFO - [2026-03-23T07:20:16.886+0000] {dagbag.py:545} INFO - Filling up the DagBag from /opt/airflow/dags/tmdb_daily_dag.py
[2026-03-23T07:20:16.894+0000] {processor.py:840} INFO - DAG(s) 'tmdb_raw_pipeline' retrieved from /opt/airflow/dags/tmdb_daily_dag.py
[2026-03-23T07:20:16.905+0000] {logging_mixin.py:188} INFO - [2026-03-23T07:20:16.905+0000] {dag.py:3096} INFO - Sync 1 DAGs
[2026-03-23T07:20:16.914+0000] {logging_mixin.py:188} INFO - [2026-03-23T07:20:16.914+0000] {dag.py:3954} INFO - Setting next_dagrun for tmdb_raw_pipeline to 2026-03-23 00:00:00+00:00, run_after=2026-03-24 00:00:00+00:00
[2026-03-23T07:20:16.921+0000] {processor.py:183} INFO - Processing /opt/airflow/dags/tmdb_daily_dag.py took 0.041 seconds
[2026-03-23T07:20:47.387+0000] {processor.py:161} INFO - Started process (PID=10697) to work on /opt/airflow/dags/tmdb_daily_dag.py
[2026-03-23T07:20:47.388+0000] {processor.py:830} INFO - Processing file /opt/airflow/dags/tmdb_daily_dag.py for tasks to queue
[2026-03-23T07:20:47.388+0000] {logging_mixin.py:188} INFO - [2026-03-23T07:20:47.388+0000] {dagbag.py:545} INFO - Filling up the DagBag from /opt/airflow/dags/tmdb_daily_dag.py
[2026-03-23T07:20:47.394+0000] {processor.py:840} INFO - DAG(s) 'tmdb_raw_pipeline' retrieved from /opt/airflow/dags/tmdb_daily_dag.py
[2026-03-23T07:20:47.406+0000] {logging_mixin.py:188} INFO - [2026-03-23T07:20:47.405+0000] {dag.py:3096} INFO - Sync 1 DAGs
[2026-03-23T07:20:47.414+0000] {logging_mixin.py:188} INFO - [2026-03-23T07:20:47.414+0000] {dag.py:3954} INFO - Setting next_dagrun for tmdb_raw_pipeline to 2026-03-23 00:00:00+00:00, run_after=2026-03-24 00:00:00+00:00
[2026-03-23T07:20:47.420+0000] {processor.py:183} INFO - Processing /opt/airflow/dags/tmdb_daily_dag.py took 0.035 seconds
[2026-03-23T07:21:17.892+0000] {processor.py:161} INFO - Started process (PID=10717) to work on /opt/airflow/dags/tmdb_daily_dag.py
[2026-03-23T07:21:17.893+0000] {processor.py:830} INFO - Processing file /opt/airflow/dags/tmdb_daily_dag.py for tasks to queue
[2026-03-23T07:21:17.893+0000] {logging_mixin.py:188} INFO - [2026-03-23T07:21:17.893+0000] {dagbag.py:545} INFO - Filling up the DagBag from /opt/airflow/dags/tmdb_daily_dag.py
[2026-03-23T07:21:17.898+0000] {processor.py:840} INFO - DAG(s) 'tmdb_raw_pipeline' retrieved from /opt/airflow/dags/tmdb_daily_dag.py
[2026-03-23T07:21:17.908+0000] {logging_mixin.py:188} INFO - [2026-03-23T07:21:17.908+0000] {dag.py:3096} INFO - Sync 1 DAGs
[2026-03-23T07:21:17.916+0000] {logging_mixin.py:188} INFO - [2026-03-23T07:21:17.916+0000] {dag.py:3954} INFO - Setting next_dagrun for tmdb_raw_pipeline to 2026-03-23 00:00:00+00:00, run_after=2026-03-24 00:00:00+00:00
[2026-03-23T07:21:17.922+0000] {processor.py:183} INFO - Processing /opt/airflow/dags/tmdb_daily_dag.py took 0.033 seconds
[2026-03-23T07:21:48.390+0000] {processor.py:161} INFO - Started process (PID=10737) to work on /opt/airflow/dags/tmdb_daily_dag.py
[2026-03-23T07:21:48.391+0000] {processor.py:830} INFO - Processing file /opt/airflow/dags/tmdb_daily_dag.py for tasks to queue
[2026-03-23T07:21:48.391+0000] {logging_mixin.py:188} INFO - [2026-03-23T07:21:48.391+0000] {dagbag.py:545} INFO - Filling up the DagBag from /opt/airflow/dags/tmdb_daily_dag.py
[2026-03-23T07:21:48.396+0000] {processor.py:840} INFO - DAG(s) 'tmdb_raw_pipeline' retrieved from /opt/airflow/dags/tmdb_daily_dag.py
[2026-03-23T07:21:48.406+0000] {logging_mixin.py:188} INFO - [2026-03-23T07:21:48.406+0000] {dag.py:3096} INFO - Sync 1 DAGs
[2026-03-23T07:21:48.414+0000] {logging_mixin.py:188} INFO - [2026-03-23T07:21:48.414+0000] {dag.py:3954} INFO - Setting next_dagrun for tmdb_raw_pipeline to 2026-03-23 00:00:00+00:00, run_after=2026-03-24 00:00:00+00:00
[2026-03-23T07:21:48.420+0000] {processor.py:183} INFO - Processing /opt/airflow/dags/tmdb_daily_dag.py took 0.032 seconds
[2026-03-23T07:22:18.933+0000] {processor.py:161} INFO - Started process (PID=10757) to work on /opt/airflow/dags/tmdb_daily_dag.py
[2026-03-23T07:22:18.934+0000] {processor.py:830} INFO - Processing file /opt/airflow/dags/tmdb_daily_dag.py for tasks to queue
[2026-03-23T07:22:18.934+0000] {logging_mixin.py:188} INFO - [2026-03-23T07:22:18.934+0000] {dagbag.py:545} INFO - Filling up the DagBag from /opt/airflow/dags/tmdb_daily_dag.py
[2026-03-23T07:22:18.941+0000] {processor.py:840} INFO - DAG(s) 'tmdb_raw_pipeline' retrieved from /opt/airflow/dags/tmdb_daily_dag.py
[2026-03-23T07:22:18.952+0000] {logging_mixin.py:188} INFO - [2026-03-23T07:22:18.952+0000] {dag.py:3096} INFO - Sync 1 DAGs
[2026-03-23T07:22:18.961+0000] {logging_mixin.py:188} INFO - [2026-03-23T07:22:18.961+0000] {dag.py:3954} INFO - Setting next_dagrun for tmdb_raw_pipeline to 2026-03-23 00:00:00+00:00, run_after=2026-03-24 00:00:00+00:00
[2026-03-23T07:22:18.969+0000] {processor.py:183} INFO - Processing /opt/airflow/dags/tmdb_daily_dag.py took 0.039 seconds
[2026-03-23T07:22:49.417+0000] {processor.py:161} INFO - Started process (PID=10777) to work on /opt/airflow/dags/tmdb_daily_dag.py
[2026-03-23T07:22:49.418+0000] {processor.py:830} INFO - Processing file /opt/airflow/dags/tmdb_daily_dag.py for tasks to queue
[2026-03-23T07:22:49.418+0000] {logging_mixin.py:188} INFO - [2026-03-23T07:22:49.418+0000] {dagbag.py:545} INFO - Filling up the DagBag from /opt/airflow/dags/tmdb_daily_dag.py
[2026-03-23T07:22:49.424+0000] {processor.py:840} INFO - DAG(s) 'tmdb_raw_pipeline' retrieved from /opt/airflow/dags/tmdb_daily_dag.py
[2026-03-23T07:22:49.434+0000] {logging_mixin.py:188} INFO - [2026-03-23T07:22:49.434+0000] {dag.py:3096} INFO - Sync 1 DAGs
[2026-03-23T07:22:49.443+0000] {logging_mixin.py:188} INFO - [2026-03-23T07:22:49.443+0000] {dag.py:3954} INFO - Setting next_dagrun for tmdb_raw_pipeline to 2026-03-23 00:00:00+00:00, run_after=2026-03-24 00:00:00+00:00
[2026-03-23T07:22:49.449+0000] {processor.py:183} INFO - Processing /opt/airflow/dags/tmdb_daily_dag.py took 0.037 seconds
[2026-03-23T07:23:19.944+0000] {processor.py:161} INFO - Started process (PID=10797) to work on /opt/airflow/dags/tmdb_daily_dag.py
[2026-03-23T07:23:19.944+0000] {processor.py:830} INFO - Processing file /opt/airflow/dags/tmdb_daily_dag.py for tasks to queue
[2026-03-23T07:23:19.944+0000] {logging_mixin.py:188} INFO - [2026-03-23T07:23:19.944+0000] {dagbag.py:545} INFO - Filling up the DagBag from /opt/airflow/dags/tmdb_daily_dag.py
[2026-03-23T07:23:19.951+0000] {processor.py:840} INFO - DAG(s) 'tmdb_raw_pipeline' retrieved from /opt/airflow/dags/tmdb_daily_dag.py
[2026-03-23T07:23:19.962+0000] {logging_mixin.py:188} INFO - [2026-03-23T07:23:19.961+0000] {dag.py:3096} INFO - Sync 1 DAGs
[2026-03-23T07:23:19.971+0000] {logging_mixin.py:188} INFO - [2026-03-23T07:23:19.971+0000] {dag.py:3954} INFO - Setting next_dagrun for tmdb_raw_pipeline to 2026-03-23 00:00:00+00:00, run_after=2026-03-24 00:00:00+00:00
[2026-03-23T07:23:19.978+0000] {processor.py:183} INFO - Processing /opt/airflow/dags/tmdb_daily_dag.py took 0.036 seconds
[2026-03-23T07:23:50.475+0000] {processor.py:161} INFO - Started process (PID=10817) to work on /opt/airflow/dags/tmdb_daily_dag.py
[2026-03-23T07:23:50.476+0000] {processor.py:830} INFO - Processing file /opt/airflow/dags/tmdb_daily_dag.py for tasks to queue
[2026-03-23T07:23:50.476+0000] {logging_mixin.py:188} INFO - [2026-03-23T07:23:50.476+0000] {dagbag.py:545} INFO - Filling up the DagBag from /opt/airflow/dags/tmdb_daily_dag.py
[2026-03-23T07:23:50.484+0000] {processor.py:840} INFO - DAG(s) 'tmdb_raw_pipeline' retrieved from /opt/airflow/dags/tmdb_daily_dag.py
[2026-03-23T07:23:50.495+0000] {logging_mixin.py:188} INFO - [2026-03-23T07:23:50.494+0000] {dag.py:3096} INFO - Sync 1 DAGs
[2026-03-23T07:23:50.562+0000] {logging_mixin.py:188} INFO - [2026-03-23T07:23:50.561+0000] {dag.py:3954} INFO - Setting next_dagrun for tmdb_raw_pipeline to 2026-03-23 00:00:00+00:00, run_after=2026-03-24 00:00:00+00:00
[2026-03-23T07:23:50.581+0000] {processor.py:183} INFO - Processing /opt/airflow/dags/tmdb_daily_dag.py took 0.109 seconds
[2026-03-23T07:24:21.174+0000] {processor.py:161} INFO - Started process (PID=10837) to work on /opt/airflow/dags/tmdb_daily_dag.py
[2026-03-23T07:24:21.174+0000] {processor.py:830} INFO - Processing file /opt/airflow/dags/tmdb_daily_dag.py for tasks to queue
[2026-03-23T07:24:21.175+0000] {logging_mixin.py:188} INFO - [2026-03-23T07:24:21.175+0000] {dagbag.py:545} INFO - Filling up the DagBag from /opt/airflow/dags/tmdb_daily_dag.py
[2026-03-23T07:24:21.183+0000] {processor.py:840} INFO - DAG(s) 'tmdb_raw_pipeline' retrieved from /opt/airflow/dags/tmdb_daily_dag.py
[2026-03-23T07:24:21.196+0000] {logging_mixin.py:188} INFO - [2026-03-23T07:24:21.195+0000] {dag.py:3096} INFO - Sync 1 DAGs
[2026-03-23T07:24:21.206+0000] {logging_mixin.py:188} INFO - [2026-03-23T07:24:21.206+0000] {dag.py:3954} INFO - Setting next_dagrun for tmdb_raw_pipeline to 2026-03-23 00:00:00+00:00, run_after=2026-03-24 00:00:00+00:00
[2026-03-23T07:24:21.214+0000] {processor.py:183} INFO - Processing /opt/airflow/dags/tmdb_daily_dag.py took 0.043 seconds
[2026-03-23T07:24:51.797+0000] {processor.py:161} INFO - Started process (PID=10857) to work on /opt/airflow/dags/tmdb_daily_dag.py
[2026-03-23T07:24:51.798+0000] {processor.py:830} INFO - Processing file /opt/airflow/dags/tmdb_daily_dag.py for tasks to queue
[2026-03-23T07:24:51.798+0000] {logging_mixin.py:188} INFO - [2026-03-23T07:24:51.798+0000] {dagbag.py:545} INFO - Filling up the DagBag from /opt/airflow/dags/tmdb_daily_dag.py
[2026-03-23T07:24:51.804+0000] {processor.py:840} INFO - DAG(s) 'tmdb_raw_pipeline' retrieved from /opt/airflow/dags/tmdb_daily_dag.py
[2026-03-23T07:24:51.815+0000] {logging_mixin.py:188} INFO - [2026-03-23T07:24:51.815+0000] {dag.py:3096} INFO - Sync 1 DAGs
[2026-03-23T07:24:51.824+0000] {logging_mixin.py:188} INFO - [2026-03-23T07:24:51.824+0000] {dag.py:3954} INFO - Setting next_dagrun for tmdb_raw_pipeline to 2026-03-23 00:00:00+00:00, run_after=2026-03-24 00:00:00+00:00
[2026-03-23T07:24:51.831+0000] {processor.py:183} INFO - Processing /opt/airflow/dags/tmdb_daily_dag.py took 0.037 seconds
[2026-03-23T07:25:22.365+0000] {processor.py:161} INFO - Started process (PID=10877) to work on /opt/airflow/dags/tmdb_daily_dag.py
[2026-03-23T07:25:22.365+0000] {processor.py:830} INFO - Processing file /opt/airflow/dags/tmdb_daily_dag.py for tasks to queue
[2026-03-23T07:25:22.366+0000] {logging_mixin.py:188} INFO - [2026-03-23T07:25:22.365+0000] {dagbag.py:545} INFO - Filling up the DagBag from /opt/airflow/dags/tmdb_daily_dag.py
[2026-03-23T07:25:22.372+0000] {processor.py:840} INFO - DAG(s) 'tmdb_raw_pipeline' retrieved from /opt/airflow/dags/tmdb_daily_dag.py
[2026-03-23T07:25:22.382+0000] {logging_mixin.py:188} INFO - [2026-03-23T07:25:22.381+0000] {dag.py:3096} INFO - Sync 1 DAGs
[2026-03-23T07:25:22.390+0000] {logging_mixin.py:188} INFO - [2026-03-23T07:25:22.390+0000] {dag.py:3954} INFO - Setting next_dagrun for tmdb_raw_pipeline to 2026-03-23 00:00:00+00:00, run_after=2026-03-24 00:00:00+00:00
[2026-03-23T07:25:22.396+0000] {processor.py:183} INFO - Processing /opt/airflow/dags/tmdb_daily_dag.py took 0.034 seconds
[2026-03-23T07:25:52.900+0000] {processor.py:161} INFO - Started process (PID=10897) to work on /opt/airflow/dags/tmdb_daily_dag.py
[2026-03-23T07:25:52.901+0000] {processor.py:830} INFO - Processing file /opt/airflow/dags/tmdb_daily_dag.py for tasks to queue
[2026-03-23T07:25:52.901+0000] {logging_mixin.py:188} INFO - [2026-03-23T07:25:52.901+0000] {dagbag.py:545} INFO - Filling up the DagBag from /opt/airflow/dags/tmdb_daily_dag.py
[2026-03-23T07:25:52.908+0000] {processor.py:840} INFO - DAG(s) 'tmdb_raw_pipeline' retrieved from /opt/airflow/dags/tmdb_daily_dag.py
[2026-03-23T07:25:52.921+0000] {logging_mixin.py:188} INFO - [2026-03-23T07:25:52.921+0000] {dag.py:3096} INFO - Sync 1 DAGs
[2026-03-23T07:25:52.931+0000] {logging_mixin.py:188} INFO - [2026-03-23T07:25:52.931+0000] {dag.py:3954} INFO - Setting next_dagrun for tmdb_raw_pipeline to 2026-03-23 00:00:00+00:00, run_after=2026-03-24 00:00:00+00:00
[2026-03-23T07:25:52.938+0000] {processor.py:183} INFO - Processing /opt/airflow/dags/tmdb_daily_dag.py took 0.041 seconds
[2026-03-23T07:26:23.473+0000] {processor.py:161} INFO - Started process (PID=10917) to work on /opt/airflow/dags/tmdb_daily_dag.py
[2026-03-23T07:26:23.473+0000] {processor.py:830} INFO - Processing file /opt/airflow/dags/tmdb_daily_dag.py for tasks to queue
[2026-03-23T07:26:23.474+0000] {logging_mixin.py:188} INFO - [2026-03-23T07:26:23.474+0000] {dagbag.py:545} INFO - Filling up the DagBag from /opt/airflow/dags/tmdb_daily_dag.py
[2026-03-23T07:26:23.481+0000] {processor.py:840} INFO - DAG(s) 'tmdb_raw_pipeline' retrieved from /opt/airflow/dags/tmdb_daily_dag.py
[2026-03-23T07:26:23.492+0000] {logging_mixin.py:188} INFO - [2026-03-23T07:26:23.492+0000] {dag.py:3096} INFO - Sync 1 DAGs
[2026-03-23T07:26:23.503+0000] {logging_mixin.py:188} INFO - [2026-03-23T07:26:23.502+0000] {dag.py:3954} INFO - Setting next_dagrun for tmdb_raw_pipeline to 2026-03-23 00:00:00+00:00, run_after=2026-03-24 00:00:00+00:00
[2026-03-23T07:26:23.509+0000] {processor.py:183} INFO - Processing /opt/airflow/dags/tmdb_daily_dag.py took 0.040 seconds
[2026-03-23T07:26:53.964+0000] {processor.py:161} INFO - Started process (PID=10937) to work on /opt/airflow/dags/tmdb_daily_dag.py
[2026-03-23T07:26:53.965+0000] {processor.py:830} INFO - Processing file /opt/airflow/dags/tmdb_daily_dag.py for tasks to queue
[2026-03-23T07:26:53.966+0000] {logging_mixin.py:188} INFO - [2026-03-23T07:26:53.966+0000] {dagbag.py:545} INFO - Filling up the DagBag from /opt/airflow/dags/tmdb_daily_dag.py
[2026-03-23T07:26:53.971+0000] {processor.py:840} INFO - DAG(s) 'tmdb_raw_pipeline' retrieved from /opt/airflow/dags/tmdb_daily_dag.py
[2026-03-23T07:26:53.981+0000] {logging_mixin.py:188} INFO - [2026-03-23T07:26:53.981+0000] {dag.py:3096} INFO - Sync 1 DAGs
[2026-03-23T07:26:53.989+0000] {logging_mixin.py:188} INFO - [2026-03-23T07:26:53.989+0000] {dag.py:3954} INFO - Setting next_dagrun for tmdb_raw_pipeline to 2026-03-23 00:00:00+00:00, run_after=2026-03-24 00:00:00+00:00
[2026-03-23T07:26:53.995+0000] {processor.py:183} INFO - Processing /opt/airflow/dags/tmdb_daily_dag.py took 0.035 seconds
[2026-03-23T07:27:24.478+0000] {processor.py:161} INFO - Started process (PID=10957) to work on /opt/airflow/dags/tmdb_daily_dag.py
[2026-03-23T07:27:24.478+0000] {processor.py:830} INFO - Processing file /opt/airflow/dags/tmdb_daily_dag.py for tasks to queue
[2026-03-23T07:27:24.479+0000] {logging_mixin.py:188} INFO - [2026-03-23T07:27:24.479+0000] {dagbag.py:545} INFO - Filling up the DagBag from /opt/airflow/dags/tmdb_daily_dag.py
[2026-03-23T07:27:24.484+0000] {processor.py:840} INFO - DAG(s) 'tmdb_raw_pipeline' retrieved from /opt/airflow/dags/tmdb_daily_dag.py
[2026-03-23T07:27:24.493+0000] {logging_mixin.py:188} INFO - [2026-03-23T07:27:24.493+0000] {dag.py:3096} INFO - Sync 1 DAGs
[2026-03-23T07:27:24.501+0000] {logging_mixin.py:188} INFO - [2026-03-23T07:27:24.501+0000] {dag.py:3954} INFO - Setting next_dagrun for tmdb_raw_pipeline to 2026-03-23 00:00:00+00:00, run_after=2026-03-24 00:00:00+00:00
[2026-03-23T07:27:24.508+0000] {processor.py:183} INFO - Processing /opt/airflow/dags/tmdb_daily_dag.py took 0.033 seconds
[2026-03-23T07:27:54.993+0000] {processor.py:161} INFO - Started process (PID=10977) to work on /opt/airflow/dags/tmdb_daily_dag.py
[2026-03-23T07:27:54.994+0000] {processor.py:830} INFO - Processing file /opt/airflow/dags/tmdb_daily_dag.py for tasks to queue
[2026-03-23T07:27:54.994+0000] {logging_mixin.py:188} INFO - [2026-03-23T07:27:54.994+0000] {dagbag.py:545} INFO - Filling up the DagBag from /opt/airflow/dags/tmdb_daily_dag.py
[2026-03-23T07:27:55.003+0000] {processor.py:840} INFO - DAG(s) 'tmdb_raw_pipeline' retrieved from /opt/airflow/dags/tmdb_daily_dag.py
[2026-03-23T07:27:55.014+0000] {logging_mixin.py:188} INFO - [2026-03-23T07:27:55.013+0000] {dag.py:3096} INFO - Sync 1 DAGs
[2026-03-23T07:27:55.023+0000] {logging_mixin.py:188} INFO - [2026-03-23T07:27:55.023+0000] {dag.py:3954} INFO - Setting next_dagrun for tmdb_raw_pipeline to 2026-03-23 00:00:00+00:00, run_after=2026-03-24 00:00:00+00:00
[2026-03-23T07:27:55.030+0000] {processor.py:183} INFO - Processing /opt/airflow/dags/tmdb_daily_dag.py took 0.039 seconds
[2026-03-23T07:28:25.422+0000] {processor.py:161} INFO - Started process (PID=10997) to work on /opt/airflow/dags/tmdb_daily_dag.py
[2026-03-23T07:28:25.422+0000] {processor.py:830} INFO - Processing file /opt/airflow/dags/tmdb_daily_dag.py for tasks to queue
[2026-03-23T07:28:25.423+0000] {logging_mixin.py:188} INFO - [2026-03-23T07:28:25.423+0000] {dagbag.py:545} INFO - Filling up the DagBag from /opt/airflow/dags/tmdb_daily_dag.py
[2026-03-23T07:28:25.429+0000] {processor.py:840} INFO - DAG(s) 'tmdb_raw_pipeline' retrieved from /opt/airflow/dags/tmdb_daily_dag.py
[2026-03-23T07:28:25.440+0000] {logging_mixin.py:188} INFO - [2026-03-23T07:28:25.440+0000] {dag.py:3096} INFO - Sync 1 DAGs
[2026-03-23T07:28:25.448+0000] {logging_mixin.py:188} INFO - [2026-03-23T07:28:25.448+0000] {dag.py:3954} INFO - Setting next_dagrun for tmdb_raw_pipeline to 2026-03-23 00:00:00+00:00, run_after=2026-03-24 00:00:00+00:00
[2026-03-23T07:28:25.454+0000] {processor.py:183} INFO - Processing /opt/airflow/dags/tmdb_daily_dag.py took 0.035 seconds
[2026-03-23T07:28:56.079+0000] {processor.py:161} INFO - Started process (PID=11017) to work on /opt/airflow/dags/tmdb_daily_dag.py
[2026-03-23T07:28:56.080+0000] {processor.py:830} INFO - Processing file /opt/airflow/dags/tmdb_daily_dag.py for tasks to queue
[2026-03-23T07:28:56.081+0000] {logging_mixin.py:188} INFO - [2026-03-23T07:28:56.081+0000] {dagbag.py:545} INFO - Filling up the DagBag from /opt/airflow/dags/tmdb_daily_dag.py
[2026-03-23T07:28:56.098+0000] {processor.py:840} INFO - DAG(s) 'tmdb_raw_pipeline' retrieved from /opt/airflow/dags/tmdb_daily_dag.py
[2026-03-23T07:28:56.112+0000] {logging_mixin.py:188} INFO - [2026-03-23T07:28:56.111+0000] {dag.py:3096} INFO - Sync 1 DAGs
[2026-03-23T07:28:56.122+0000] {logging_mixin.py:188} INFO - [2026-03-23T07:28:56.122+0000] {dag.py:3954} INFO - Setting next_dagrun for tmdb_raw_pipeline to 2026-03-23 00:00:00+00:00, run_after=2026-03-24 00:00:00+00:00
[2026-03-23T07:28:56.129+0000] {processor.py:183} INFO - Processing /opt/airflow/dags/tmdb_daily_dag.py took 0.055 seconds
[2026-03-23T07:29:26.606+0000] {processor.py:161} INFO - Started process (PID=11037) to work on /opt/airflow/dags/tmdb_daily_dag.py
[2026-03-23T07:29:26.606+0000] {processor.py:830} INFO - Processing file /opt/airflow/dags/tmdb_daily_dag.py for tasks to queue
[2026-03-23T07:29:26.607+0000] {logging_mixin.py:188} INFO - [2026-03-23T07:29:26.607+0000] {dagbag.py:545} INFO - Filling up the DagBag from /opt/airflow/dags/tmdb_daily_dag.py
[2026-03-23T07:29:26.613+0000] {processor.py:840} INFO - DAG(s) 'tmdb_raw_pipeline' retrieved from /opt/airflow/dags/tmdb_daily_dag.py
[2026-03-23T07:29:26.623+0000] {logging_mixin.py:188} INFO - [2026-03-23T07:29:26.623+0000] {dag.py:3096} INFO - Sync 1 DAGs
[2026-03-23T07:29:26.634+0000] {logging_mixin.py:188} INFO - [2026-03-23T07:29:26.634+0000] {dag.py:3954} INFO - Setting next_dagrun for tmdb_raw_pipeline to 2026-03-23 00:00:00+00:00, run_after=2026-03-24 00:00:00+00:00
[2026-03-23T07:29:26.640+0000] {processor.py:183} INFO - Processing /opt/airflow/dags/tmdb_daily_dag.py took 0.039 seconds
[2026-03-23T07:29:57.132+0000] {processor.py:161} INFO - Started process (PID=11057) to work on /opt/airflow/dags/tmdb_daily_dag.py
[2026-03-23T07:29:57.133+0000] {processor.py:830} INFO - Processing file /opt/airflow/dags/tmdb_daily_dag.py for tasks to queue
[2026-03-23T07:29:57.133+0000] {logging_mixin.py:188} INFO - [2026-03-23T07:29:57.133+0000] {dagbag.py:545} INFO - Filling up the DagBag from /opt/airflow/dags/tmdb_daily_dag.py
[2026-03-23T07:29:57.140+0000] {processor.py:840} INFO - DAG(s) 'tmdb_raw_pipeline' retrieved from /opt/airflow/dags/tmdb_daily_dag.py
[2026-03-23T07:29:57.151+0000] {logging_mixin.py:188} INFO - [2026-03-23T07:29:57.151+0000] {dag.py:3096} INFO - Sync 1 DAGs
[2026-03-23T07:29:57.160+0000] {logging_mixin.py:188} INFO - [2026-03-23T07:29:57.160+0000] {dag.py:3954} INFO - Setting next_dagrun for tmdb_raw_pipeline to 2026-03-23 00:00:00+00:00, run_after=2026-03-24 00:00:00+00:00
[2026-03-23T07:29:57.167+0000] {processor.py:183} INFO - Processing /opt/airflow/dags/tmdb_daily_dag.py took 0.038 seconds
[2026-03-23T07:30:27.581+0000] {processor.py:161} INFO - Started process (PID=11077) to work on /opt/airflow/dags/tmdb_daily_dag.py
[2026-03-23T07:30:27.582+0000] {processor.py:830} INFO - Processing file /opt/airflow/dags/tmdb_daily_dag.py for tasks to queue
[2026-03-23T07:30:27.582+0000] {logging_mixin.py:188} INFO - [2026-03-23T07:30:27.582+0000] {dagbag.py:545} INFO - Filling up the DagBag from /opt/airflow/dags/tmdb_daily_dag.py
[2026-03-23T07:30:27.588+0000] {processor.py:840} INFO - DAG(s) 'tmdb_raw_pipeline' retrieved from /opt/airflow/dags/tmdb_daily_dag.py
[2026-03-23T07:30:27.598+0000] {logging_mixin.py:188} INFO - [2026-03-23T07:30:27.598+0000] {dag.py:3096} INFO - Sync 1 DAGs
[2026-03-23T07:30:27.607+0000] {logging_mixin.py:188} INFO - [2026-03-23T07:30:27.607+0000] {dag.py:3954} INFO - Setting next_dagrun for tmdb_raw_pipeline to 2026-03-23 00:00:00+00:00, run_after=2026-03-24 00:00:00+00:00
[2026-03-23T07:30:27.614+0000] {processor.py:183} INFO - Processing /opt/airflow/dags/tmdb_daily_dag.py took 0.038 seconds
[2026-03-23T07:30:58.119+0000] {processor.py:161} INFO - Started process (PID=11097) to work on /opt/airflow/dags/tmdb_daily_dag.py
[2026-03-23T07:30:58.120+0000] {processor.py:830} INFO - Processing file /opt/airflow/dags/tmdb_daily_dag.py for tasks to queue
[2026-03-23T07:30:58.120+0000] {logging_mixin.py:188} INFO - [2026-03-23T07:30:58.120+0000] {dagbag.py:545} INFO - Filling up the DagBag from /opt/airflow/dags/tmdb_daily_dag.py
[2026-03-23T07:30:58.129+0000] {processor.py:840} INFO - DAG(s) 'tmdb_raw_pipeline' retrieved from /opt/airflow/dags/tmdb_daily_dag.py
[2026-03-23T07:30:58.142+0000] {logging_mixin.py:188} INFO - [2026-03-23T07:30:58.142+0000] {dag.py:3096} INFO - Sync 1 DAGs
[2026-03-23T07:30:58.152+0000] {logging_mixin.py:188} INFO - [2026-03-23T07:30:58.152+0000] {dag.py:3954} INFO - Setting next_dagrun for tmdb_raw_pipeline to 2026-03-23 00:00:00+00:00, run_after=2026-03-24 00:00:00+00:00
[2026-03-23T07:30:58.160+0000] {processor.py:183} INFO - Processing /opt/airflow/dags/tmdb_daily_dag.py took 0.045 seconds
[2026-03-23T07:31:28.606+0000] {processor.py:161} INFO - Started process (PID=11117) to work on /opt/airflow/dags/tmdb_daily_dag.py
[2026-03-23T07:31:28.607+0000] {processor.py:830} INFO - Processing file /opt/airflow/dags/tmdb_daily_dag.py for tasks to queue
[2026-03-23T07:31:28.608+0000] {logging_mixin.py:188} INFO - [2026-03-23T07:31:28.607+0000] {dagbag.py:545} INFO - Filling up the DagBag from /opt/airflow/dags/tmdb_daily_dag.py
[2026-03-23T07:31:28.615+0000] {processor.py:840} INFO - DAG(s) 'tmdb_raw_pipeline' retrieved from /opt/airflow/dags/tmdb_daily_dag.py
[2026-03-23T07:31:28.624+0000] {logging_mixin.py:188} INFO - [2026-03-23T07:31:28.624+0000] {dag.py:3096} INFO - Sync 1 DAGs
[2026-03-23T07:31:28.634+0000] {logging_mixin.py:188} INFO - [2026-03-23T07:31:28.634+0000] {dag.py:3954} INFO - Setting next_dagrun for tmdb_raw_pipeline to 2026-03-23 00:00:00+00:00, run_after=2026-03-24 00:00:00+00:00
[2026-03-23T07:31:28.640+0000] {processor.py:183} INFO - Processing /opt/airflow/dags/tmdb_daily_dag.py took 0.039 seconds
[2026-03-23T07:31:59.173+0000] {processor.py:161} INFO - Started process (PID=11137) to work on /opt/airflow/dags/tmdb_daily_dag.py
[2026-03-23T07:31:59.173+0000] {processor.py:830} INFO - Processing file /opt/airflow/dags/tmdb_daily_dag.py for tasks to queue
[2026-03-23T07:31:59.174+0000] {logging_mixin.py:188} INFO - [2026-03-23T07:31:59.173+0000] {dagbag.py:545} INFO - Filling up the DagBag from /opt/airflow/dags/tmdb_daily_dag.py
[2026-03-23T07:31:59.179+0000] {processor.py:840} INFO - DAG(s) 'tmdb_raw_pipeline' retrieved from /opt/airflow/dags/tmdb_daily_dag.py
[2026-03-23T07:31:59.189+0000] {logging_mixin.py:188} INFO - [2026-03-23T07:31:59.189+0000] {dag.py:3096} INFO - Sync 1 DAGs
[2026-03-23T07:31:59.198+0000] {logging_mixin.py:188} INFO - [2026-03-23T07:31:59.197+0000] {dag.py:3954} INFO - Setting next_dagrun for tmdb_raw_pipeline to 2026-03-23 00:00:00+00:00, run_after=2026-03-24 00:00:00+00:00
[2026-03-23T07:31:59.204+0000] {processor.py:183} INFO - Processing /opt/airflow/dags/tmdb_daily_dag.py took 0.033 seconds
[2026-03-23T07:32:29.568+0000] {processor.py:161} INFO - Started process (PID=11157) to work on /opt/airflow/dags/tmdb_daily_dag.py
[2026-03-23T07:32:29.569+0000] {processor.py:830} INFO - Processing file /opt/airflow/dags/tmdb_daily_dag.py for tasks to queue
[2026-03-23T07:32:29.569+0000] {logging_mixin.py:188} INFO - [2026-03-23T07:32:29.569+0000] {dagbag.py:545} INFO - Filling up the DagBag from /opt/airflow/dags/tmdb_daily_dag.py
[2026-03-23T07:32:29.575+0000] {processor.py:840} INFO - DAG(s) 'tmdb_raw_pipeline' retrieved from /opt/airflow/dags/tmdb_daily_dag.py
[2026-03-23T07:32:29.585+0000] {logging_mixin.py:188} INFO - [2026-03-23T07:32:29.585+0000] {dag.py:3096} INFO - Sync 1 DAGs
[2026-03-23T07:32:29.593+0000] {logging_mixin.py:188} INFO - [2026-03-23T07:32:29.593+0000] {dag.py:3954} INFO - Setting next_dagrun for tmdb_raw_pipeline to 2026-03-23 00:00:00+00:00, run_after=2026-03-24 00:00:00+00:00
[2026-03-23T07:32:29.599+0000] {processor.py:183} INFO - Processing /opt/airflow/dags/tmdb_daily_dag.py took 0.033 seconds
[2026-03-23T07:33:00.054+0000] {processor.py:161} INFO - Started process (PID=11177) to work on /opt/airflow/dags/tmdb_daily_dag.py
[2026-03-23T07:33:00.054+0000] {processor.py:830} INFO - Processing file /opt/airflow/dags/tmdb_daily_dag.py for tasks to queue
[2026-03-23T07:33:00.055+0000] {logging_mixin.py:188} INFO - [2026-03-23T07:33:00.054+0000] {dagbag.py:545} INFO - Filling up the DagBag from /opt/airflow/dags/tmdb_daily_dag.py
[2026-03-23T07:33:00.060+0000] {processor.py:840} INFO - DAG(s) 'tmdb_raw_pipeline' retrieved from /opt/airflow/dags/tmdb_daily_dag.py
[2026-03-23T07:33:00.070+0000] {logging_mixin.py:188} INFO - [2026-03-23T07:33:00.070+0000] {dag.py:3096} INFO - Sync 1 DAGs
[2026-03-23T07:33:00.078+0000] {logging_mixin.py:188} INFO - [2026-03-23T07:33:00.078+0000] {dag.py:3954} INFO - Setting next_dagrun for tmdb_raw_pipeline to 2026-03-23 00:00:00+00:00, run_after=2026-03-24 00:00:00+00:00
[2026-03-23T07:33:00.084+0000] {processor.py:183} INFO - Processing /opt/airflow/dags/tmdb_daily_dag.py took 0.033 seconds
[2026-03-23T07:33:30.593+0000] {processor.py:161} INFO - Started process (PID=11197) to work on /opt/airflow/dags/tmdb_daily_dag.py
[2026-03-23T07:33:30.594+0000] {processor.py:830} INFO - Processing file /opt/airflow/dags/tmdb_daily_dag.py for tasks to queue
[2026-03-23T07:33:30.594+0000] {logging_mixin.py:188} INFO - [2026-03-23T07:33:30.594+0000] {dagbag.py:545} INFO - Filling up the DagBag from /opt/airflow/dags/tmdb_daily_dag.py
[2026-03-23T07:33:30.606+0000] {processor.py:840} INFO - DAG(s) 'tmdb_raw_pipeline' retrieved from /opt/airflow/dags/tmdb_daily_dag.py
[2026-03-23T07:33:30.618+0000] {logging_mixin.py:188} INFO - [2026-03-23T07:33:30.618+0000] {dag.py:3096} INFO - Sync 1 DAGs
[2026-03-23T07:33:30.628+0000] {logging_mixin.py:188} INFO - [2026-03-23T07:33:30.628+0000] {dag.py:3954} INFO - Setting next_dagrun for tmdb_raw_pipeline to 2026-03-23 00:00:00+00:00, run_after=2026-03-24 00:00:00+00:00
[2026-03-23T07:33:30.635+0000] {processor.py:183} INFO - Processing /opt/airflow/dags/tmdb_daily_dag.py took 0.045 seconds
[2026-03-23T07:34:01.191+0000] {processor.py:161} INFO - Started process (PID=11217) to work on /opt/airflow/dags/tmdb_daily_dag.py
[2026-03-23T07:34:01.192+0000] {processor.py:830} INFO - Processing file /opt/airflow/dags/tmdb_daily_dag.py for tasks to queue
[2026-03-23T07:34:01.192+0000] {logging_mixin.py:188} INFO - [2026-03-23T07:34:01.192+0000] {dagbag.py:545} INFO - Filling up the DagBag from /opt/airflow/dags/tmdb_daily_dag.py
[2026-03-23T07:34:01.198+0000] {processor.py:840} INFO - DAG(s) 'tmdb_raw_pipeline' retrieved from /opt/airflow/dags/tmdb_daily_dag.py
[2026-03-23T07:34:01.207+0000] {logging_mixin.py:188} INFO - [2026-03-23T07:34:01.207+0000] {dag.py:3096} INFO - Sync 1 DAGs
[2026-03-23T07:34:01.216+0000] {logging_mixin.py:188} INFO - [2026-03-23T07:34:01.215+0000] {dag.py:3954} INFO - Setting next_dagrun for tmdb_raw_pipeline to 2026-03-23 00:00:00+00:00, run_after=2026-03-24 00:00:00+00:00
[2026-03-23T07:34:01.222+0000] {processor.py:183} INFO - Processing /opt/airflow/dags/tmdb_daily_dag.py took 0.034 seconds
[2026-03-23T07:34:31.630+0000] {processor.py:161} INFO - Started process (PID=11237) to work on /opt/airflow/dags/tmdb_daily_dag.py
[2026-03-23T07:34:31.630+0000] {processor.py:830} INFO - Processing file /opt/airflow/dags/tmdb_daily_dag.py for tasks to queue
[2026-03-23T07:34:31.631+0000] {logging_mixin.py:188} INFO - [2026-03-23T07:34:31.630+0000] {dagbag.py:545} INFO - Filling up the DagBag from /opt/airflow/dags/tmdb_daily_dag.py
[2026-03-23T07:34:31.635+0000] {processor.py:840} INFO - DAG(s) 'tmdb_raw_pipeline' retrieved from /opt/airflow/dags/tmdb_daily_dag.py
[2026-03-23T07:34:31.645+0000] {logging_mixin.py:188} INFO - [2026-03-23T07:34:31.645+0000] {dag.py:3096} INFO - Sync 1 DAGs
[2026-03-23T07:34:31.653+0000] {logging_mixin.py:188} INFO - [2026-03-23T07:34:31.653+0000] {dag.py:3954} INFO - Setting next_dagrun for tmdb_raw_pipeline to 2026-03-23 00:00:00+00:00, run_after=2026-03-24 00:00:00+00:00
[2026-03-23T07:34:31.658+0000] {processor.py:183} INFO - Processing /opt/airflow/dags/tmdb_daily_dag.py took 0.031 seconds
[2026-03-23T07:35:02.155+0000] {processor.py:161} INFO - Started process (PID=11257) to work on /opt/airflow/dags/tmdb_daily_dag.py
[2026-03-23T07:35:02.156+0000] {processor.py:830} INFO - Processing file /opt/airflow/dags/tmdb_daily_dag.py for tasks to queue
[2026-03-23T07:35:02.157+0000] {logging_mixin.py:188} INFO - [2026-03-23T07:35:02.157+0000] {dagbag.py:545} INFO - Filling up the DagBag from /opt/airflow/dags/tmdb_daily_dag.py
[2026-03-23T07:35:02.163+0000] {processor.py:840} INFO - DAG(s) 'tmdb_raw_pipeline' retrieved from /opt/airflow/dags/tmdb_daily_dag.py
[2026-03-23T07:35:02.172+0000] {logging_mixin.py:188} INFO - [2026-03-23T07:35:02.172+0000] {dag.py:3096} INFO - Sync 1 DAGs
[2026-03-23T07:35:02.180+0000] {logging_mixin.py:188} INFO - [2026-03-23T07:35:02.180+0000] {dag.py:3954} INFO - Setting next_dagrun for tmdb_raw_pipeline to 2026-03-23 00:00:00+00:00, run_after=2026-03-24 00:00:00+00:00
[2026-03-23T07:35:02.186+0000] {processor.py:183} INFO - Processing /opt/airflow/dags/tmdb_daily_dag.py took 0.033 seconds
[2026-03-23T07:35:32.687+0000] {processor.py:161} INFO - Started process (PID=11277) to work on /opt/airflow/dags/tmdb_daily_dag.py
[2026-03-23T07:35:32.689+0000] {processor.py:830} INFO - Processing file /opt/airflow/dags/tmdb_daily_dag.py for tasks to queue
[2026-03-23T07:35:32.689+0000] {logging_mixin.py:188} INFO - [2026-03-23T07:35:32.689+0000] {dagbag.py:545} INFO - Filling up the DagBag from /opt/airflow/dags/tmdb_daily_dag.py
[2026-03-23T07:35:32.696+0000] {processor.py:840} INFO - DAG(s) 'tmdb_raw_pipeline' retrieved from /opt/airflow/dags/tmdb_daily_dag.py
[2026-03-23T07:35:32.709+0000] {logging_mixin.py:188} INFO - [2026-03-23T07:35:32.709+0000] {dag.py:3096} INFO - Sync 1 DAGs
[2026-03-23T07:35:32.718+0000] {logging_mixin.py:188} INFO - [2026-03-23T07:35:32.718+0000] {dag.py:3954} INFO - Setting next_dagrun for tmdb_raw_pipeline to 2026-03-23 00:00:00+00:00, run_after=2026-03-24 00:00:00+00:00
[2026-03-23T07:35:32.725+0000] {processor.py:183} INFO - Processing /opt/airflow/dags/tmdb_daily_dag.py took 0.042 seconds
[2026-03-23T07:36:03.225+0000] {processor.py:161} INFO - Started process (PID=11297) to work on /opt/airflow/dags/tmdb_daily_dag.py
[2026-03-23T07:36:03.226+0000] {processor.py:830} INFO - Processing file /opt/airflow/dags/tmdb_daily_dag.py for tasks to queue
[2026-03-23T07:36:03.226+0000] {logging_mixin.py:188} INFO - [2026-03-23T07:36:03.226+0000] {dagbag.py:545} INFO - Filling up the DagBag from /opt/airflow/dags/tmdb_daily_dag.py
[2026-03-23T07:36:03.236+0000] {processor.py:840} INFO - DAG(s) 'tmdb_raw_pipeline' retrieved from /opt/airflow/dags/tmdb_daily_dag.py
[2026-03-23T07:36:03.246+0000] {logging_mixin.py:188} INFO - [2026-03-23T07:36:03.246+0000] {dag.py:3096} INFO - Sync 1 DAGs
[2026-03-23T07:36:03.254+0000] {logging_mixin.py:188} INFO - [2026-03-23T07:36:03.254+0000] {dag.py:3954} INFO - Setting next_dagrun for tmdb_raw_pipeline to 2026-03-23 00:00:00+00:00, run_after=2026-03-24 00:00:00+00:00
[2026-03-23T07:36:03.260+0000] {processor.py:183} INFO - Processing /opt/airflow/dags/tmdb_daily_dag.py took 0.037 seconds
[2026-03-23T07:36:33.702+0000] {processor.py:161} INFO - Started process (PID=11317) to work on /opt/airflow/dags/tmdb_daily_dag.py
[2026-03-23T07:36:33.703+0000] {processor.py:830} INFO - Processing file /opt/airflow/dags/tmdb_daily_dag.py for tasks to queue
[2026-03-23T07:36:33.703+0000] {logging_mixin.py:188} INFO - [2026-03-23T07:36:33.703+0000] {dagbag.py:545} INFO - Filling up the DagBag from /opt/airflow/dags/tmdb_daily_dag.py
[2026-03-23T07:36:33.708+0000] {processor.py:840} INFO - DAG(s) 'tmdb_raw_pipeline' retrieved from /opt/airflow/dags/tmdb_daily_dag.py
[2026-03-23T07:36:33.716+0000] {logging_mixin.py:188} INFO - [2026-03-23T07:36:33.716+0000] {dag.py:3096} INFO - Sync 1 DAGs
[2026-03-23T07:36:33.724+0000] {logging_mixin.py:188} INFO - [2026-03-23T07:36:33.723+0000] {dag.py:3954} INFO - Setting next_dagrun for tmdb_raw_pipeline to 2026-03-23 00:00:00+00:00, run_after=2026-03-24 00:00:00+00:00
[2026-03-23T07:36:33.729+0000] {processor.py:183} INFO - Processing /opt/airflow/dags/tmdb_daily_dag.py took 0.030 seconds
[2026-03-23T07:37:04.131+0000] {processor.py:161} INFO - Started process (PID=11337) to work on /opt/airflow/dags/tmdb_daily_dag.py
[2026-03-23T07:37:04.131+0000] {processor.py:830} INFO - Processing file /opt/airflow/dags/tmdb_daily_dag.py for tasks to queue
[2026-03-23T07:37:04.132+0000] {logging_mixin.py:188} INFO - [2026-03-23T07:37:04.132+0000] {dagbag.py:545} INFO - Filling up the DagBag from /opt/airflow/dags/tmdb_daily_dag.py
[2026-03-23T07:37:04.137+0000] {processor.py:840} INFO - DAG(s) 'tmdb_raw_pipeline' retrieved from /opt/airflow/dags/tmdb_daily_dag.py
[2026-03-23T07:37:04.147+0000] {logging_mixin.py:188} INFO - [2026-03-23T07:37:04.147+0000] {dag.py:3096} INFO - Sync 1 DAGs
[2026-03-23T07:37:04.155+0000] {logging_mixin.py:188} INFO - [2026-03-23T07:37:04.155+0000] {dag.py:3954} INFO - Setting next_dagrun for tmdb_raw_pipeline to 2026-03-23 00:00:00+00:00, run_after=2026-03-24 00:00:00+00:00
[2026-03-23T07:37:04.162+0000] {processor.py:183} INFO - Processing /opt/airflow/dags/tmdb_daily_dag.py took 0.033 seconds
[2026-03-23T07:37:34.670+0000] {processor.py:161} INFO - Started process (PID=11357) to work on /opt/airflow/dags/tmdb_daily_dag.py
[2026-03-23T07:37:34.672+0000] {processor.py:830} INFO - Processing file /opt/airflow/dags/tmdb_daily_dag.py for tasks to queue
[2026-03-23T07:37:34.672+0000] {logging_mixin.py:188} INFO - [2026-03-23T07:37:34.672+0000] {dagbag.py:545} INFO - Filling up the DagBag from /opt/airflow/dags/tmdb_daily_dag.py
[2026-03-23T07:37:34.679+0000] {processor.py:840} INFO - DAG(s) 'tmdb_raw_pipeline' retrieved from /opt/airflow/dags/tmdb_daily_dag.py
[2026-03-23T07:37:34.689+0000] {logging_mixin.py:188} INFO - [2026-03-23T07:37:34.689+0000] {dag.py:3096} INFO - Sync 1 DAGs
[2026-03-23T07:37:34.698+0000] {logging_mixin.py:188} INFO - [2026-03-23T07:37:34.698+0000] {dag.py:3954} INFO - Setting next_dagrun for tmdb_raw_pipeline to 2026-03-23 00:00:00+00:00, run_after=2026-03-24 00:00:00+00:00
[2026-03-23T07:37:34.704+0000] {processor.py:183} INFO - Processing /opt/airflow/dags/tmdb_daily_dag.py took 0.036 seconds
[2026-03-23T07:38:05.274+0000] {processor.py:161} INFO - Started process (PID=11377) to work on /opt/airflow/dags/tmdb_daily_dag.py
[2026-03-23T07:38:05.275+0000] {processor.py:830} INFO - Processing file /opt/airflow/dags/tmdb_daily_dag.py for tasks to queue
[2026-03-23T07:38:05.275+0000] {logging_mixin.py:188} INFO - [2026-03-23T07:38:05.275+0000] {dagbag.py:545} INFO - Filling up the DagBag from /opt/airflow/dags/tmdb_daily_dag.py
[2026-03-23T07:38:05.282+0000] {processor.py:840} INFO - DAG(s) 'tmdb_raw_pipeline' retrieved from /opt/airflow/dags/tmdb_daily_dag.py
[2026-03-23T07:38:05.293+0000] {logging_mixin.py:188} INFO - [2026-03-23T07:38:05.293+0000] {dag.py:3096} INFO - Sync 1 DAGs
[2026-03-23T07:38:05.301+0000] {logging_mixin.py:188} INFO - [2026-03-23T07:38:05.301+0000] {dag.py:3954} INFO - Setting next_dagrun for tmdb_raw_pipeline to 2026-03-23 00:00:00+00:00, run_after=2026-03-24 00:00:00+00:00
[2026-03-23T07:38:05.307+0000] {processor.py:183} INFO - Processing /opt/airflow/dags/tmdb_daily_dag.py took 0.036 seconds
[2026-03-23T07:39:59.288+0000] {processor.py:161} INFO - Started process (PID=11397) to work on /opt/airflow/dags/tmdb_daily_dag.py
[2026-03-23T07:39:59.289+0000] {processor.py:830} INFO - Processing file /opt/airflow/dags/tmdb_daily_dag.py for tasks to queue
[2026-03-23T07:39:59.290+0000] {logging_mixin.py:188} INFO - [2026-03-23T07:39:59.290+0000] {dagbag.py:545} INFO - Filling up the DagBag from /opt/airflow/dags/tmdb_daily_dag.py
[2026-03-23T07:39:59.297+0000] {processor.py:840} INFO - DAG(s) 'tmdb_raw_pipeline' retrieved from /opt/airflow/dags/tmdb_daily_dag.py
[2026-03-23T07:39:59.308+0000] {logging_mixin.py:188} INFO - [2026-03-23T07:39:59.308+0000] {dag.py:3096} INFO - Sync 1 DAGs
[2026-03-23T07:39:59.317+0000] {logging_mixin.py:188} INFO - [2026-03-23T07:39:59.316+0000] {dag.py:3954} INFO - Setting next_dagrun for tmdb_raw_pipeline to 2026-03-23 00:00:00+00:00, run_after=2026-03-24 00:00:00+00:00
[2026-03-23T07:39:59.323+0000] {processor.py:183} INFO - Processing /opt/airflow/dags/tmdb_daily_dag.py took 0.041 seconds
[2026-03-23T07:40:29.719+0000] {processor.py:161} INFO - Started process (PID=11417) to work on /opt/airflow/dags/tmdb_daily_dag.py
[2026-03-23T07:40:29.719+0000] {processor.py:830} INFO - Processing file /opt/airflow/dags/tmdb_daily_dag.py for tasks to queue
[2026-03-23T07:40:29.720+0000] {logging_mixin.py:188} INFO - [2026-03-23T07:40:29.720+0000] {dagbag.py:545} INFO - Filling up the DagBag from /opt/airflow/dags/tmdb_daily_dag.py
[2026-03-23T07:40:29.727+0000] {processor.py:840} INFO - DAG(s) 'tmdb_raw_pipeline' retrieved from /opt/airflow/dags/tmdb_daily_dag.py
[2026-03-23T07:40:29.736+0000] {logging_mixin.py:188} INFO - [2026-03-23T07:40:29.736+0000] {dag.py:3096} INFO - Sync 1 DAGs
[2026-03-23T07:40:29.744+0000] {logging_mixin.py:188} INFO - [2026-03-23T07:40:29.744+0000] {dag.py:3954} INFO - Setting next_dagrun for tmdb_raw_pipeline to 2026-03-23 00:00:00+00:00, run_after=2026-03-24 00:00:00+00:00
[2026-03-23T07:40:29.751+0000] {processor.py:183} INFO - Processing /opt/airflow/dags/tmdb_daily_dag.py took 0.036 seconds
[2026-03-23T07:41:00.251+0000] {processor.py:161} INFO - Started process (PID=11437) to work on /opt/airflow/dags/tmdb_daily_dag.py
[2026-03-23T07:41:00.251+0000] {processor.py:830} INFO - Processing file /opt/airflow/dags/tmdb_daily_dag.py for tasks to queue
[2026-03-23T07:41:00.252+0000] {logging_mixin.py:188} INFO - [2026-03-23T07:41:00.252+0000] {dagbag.py:545} INFO - Filling up the DagBag from /opt/airflow/dags/tmdb_daily_dag.py
[2026-03-23T07:41:00.260+0000] {processor.py:840} INFO - DAG(s) 'tmdb_raw_pipeline' retrieved from /opt/airflow/dags/tmdb_daily_dag.py
[2026-03-23T07:41:00.275+0000] {logging_mixin.py:188} INFO - [2026-03-23T07:41:00.275+0000] {dag.py:3096} INFO - Sync 1 DAGs
[2026-03-23T07:41:00.287+0000] {logging_mixin.py:188} INFO - [2026-03-23T07:41:00.286+0000] {dag.py:3954} INFO - Setting next_dagrun for tmdb_raw_pipeline to 2026-03-23 00:00:00+00:00, run_after=2026-03-24 00:00:00+00:00
[2026-03-23T07:41:00.295+0000] {processor.py:183} INFO - Processing /opt/airflow/dags/tmdb_daily_dag.py took 0.049 seconds
[2026-03-23T07:41:30.914+0000] {processor.py:161} INFO - Started process (PID=11457) to work on /opt/airflow/dags/tmdb_daily_dag.py
[2026-03-23T07:41:30.915+0000] {processor.py:830} INFO - Processing file /opt/airflow/dags/tmdb_daily_dag.py for tasks to queue
[2026-03-23T07:41:30.915+0000] {logging_mixin.py:188} INFO - [2026-03-23T07:41:30.915+0000] {dagbag.py:545} INFO - Filling up the DagBag from /opt/airflow/dags/tmdb_daily_dag.py
[2026-03-23T07:41:30.922+0000] {processor.py:840} INFO - DAG(s) 'tmdb_raw_pipeline' retrieved from /opt/airflow/dags/tmdb_daily_dag.py
[2026-03-23T07:41:30.933+0000] {logging_mixin.py:188} INFO - [2026-03-23T07:41:30.932+0000] {dag.py:3096} INFO - Sync 1 DAGs
[2026-03-23T07:41:30.945+0000] {logging_mixin.py:188} INFO - [2026-03-23T07:41:30.945+0000] {dag.py:3954} INFO - Setting next_dagrun for tmdb_raw_pipeline to 2026-03-23 00:00:00+00:00, run_after=2026-03-24 00:00:00+00:00
[2026-03-23T07:41:30.953+0000] {processor.py:183} INFO - Processing /opt/airflow/dags/tmdb_daily_dag.py took 0.041 seconds
[2026-03-23T07:42:01.440+0000] {processor.py:161} INFO - Started process (PID=11477) to work on /opt/airflow/dags/tmdb_daily_dag.py
[2026-03-23T07:42:01.441+0000] {processor.py:830} INFO - Processing file /opt/airflow/dags/tmdb_daily_dag.py for tasks to queue
[2026-03-23T07:42:01.441+0000] {logging_mixin.py:188} INFO - [2026-03-23T07:42:01.441+0000] {dagbag.py:545} INFO - Filling up the DagBag from /opt/airflow/dags/tmdb_daily_dag.py
[2026-03-23T07:42:01.446+0000] {processor.py:840} INFO - DAG(s) 'tmdb_raw_pipeline' retrieved from /opt/airflow/dags/tmdb_daily_dag.py
[2026-03-23T07:42:01.455+0000] {logging_mixin.py:188} INFO - [2026-03-23T07:42:01.455+0000] {dag.py:3096} INFO - Sync 1 DAGs
[2026-03-23T07:42:01.463+0000] {logging_mixin.py:188} INFO - [2026-03-23T07:42:01.463+0000] {dag.py:3954} INFO - Setting next_dagrun for tmdb_raw_pipeline to 2026-03-23 00:00:00+00:00, run_after=2026-03-24 00:00:00+00:00
[2026-03-23T07:42:01.468+0000] {processor.py:183} INFO - Processing /opt/airflow/dags/tmdb_daily_dag.py took 0.031 seconds
[2026-03-23T07:42:31.959+0000] {processor.py:161} INFO - Started process (PID=11497) to work on /opt/airflow/dags/tmdb_daily_dag.py
[2026-03-23T07:42:31.960+0000] {processor.py:830} INFO - Processing file /opt/airflow/dags/tmdb_daily_dag.py for tasks to queue
[2026-03-23T07:42:31.960+0000] {logging_mixin.py:188} INFO - [2026-03-23T07:42:31.960+0000] {dagbag.py:545} INFO - Filling up the DagBag from /opt/airflow/dags/tmdb_daily_dag.py
[2026-03-23T07:42:31.966+0000] {processor.py:840} INFO - DAG(s) 'tmdb_raw_pipeline' retrieved from /opt/airflow/dags/tmdb_daily_dag.py
[2026-03-23T07:42:31.977+0000] {logging_mixin.py:188} INFO - [2026-03-23T07:42:31.977+0000] {dag.py:3096} INFO - Sync 1 DAGs
[2026-03-23T07:42:31.985+0000] {logging_mixin.py:188} INFO - [2026-03-23T07:42:31.985+0000] {dag.py:3954} INFO - Setting next_dagrun for tmdb_raw_pipeline to 2026-03-23 00:00:00+00:00, run_after=2026-03-24 00:00:00+00:00
[2026-03-23T07:42:31.991+0000] {processor.py:183} INFO - Processing /opt/airflow/dags/tmdb_daily_dag.py took 0.034 seconds
[2026-03-23T07:43:02.480+0000] {processor.py:161} INFO - Started process (PID=11517) to work on /opt/airflow/dags/tmdb_daily_dag.py
[2026-03-23T07:43:02.480+0000] {processor.py:830} INFO - Processing file /opt/airflow/dags/tmdb_daily_dag.py for tasks to queue
[2026-03-23T07:43:02.481+0000] {logging_mixin.py:188} INFO - [2026-03-23T07:43:02.481+0000] {dagbag.py:545} INFO - Filling up the DagBag from /opt/airflow/dags/tmdb_daily_dag.py
[2026-03-23T07:43:02.486+0000] {processor.py:840} INFO - DAG(s) 'tmdb_raw_pipeline' retrieved from /opt/airflow/dags/tmdb_daily_dag.py
[2026-03-23T07:43:02.496+0000] {logging_mixin.py:188} INFO - [2026-03-23T07:43:02.496+0000] {dag.py:3096} INFO - Sync 1 DAGs
[2026-03-23T07:43:02.505+0000] {logging_mixin.py:188} INFO - [2026-03-23T07:43:02.505+0000] {dag.py:3954} INFO - Setting next_dagrun for tmdb_raw_pipeline to 2026-03-23 00:00:00+00:00, run_after=2026-03-24 00:00:00+00:00
[2026-03-23T07:43:02.512+0000] {processor.py:183} INFO - Processing /opt/airflow/dags/tmdb_daily_dag.py took 0.034 seconds
[2026-03-23T07:43:32.944+0000] {processor.py:161} INFO - Started process (PID=11536) to work on /opt/airflow/dags/tmdb_daily_dag.py
[2026-03-23T07:43:32.944+0000] {processor.py:830} INFO - Processing file /opt/airflow/dags/tmdb_daily_dag.py for tasks to queue
[2026-03-23T07:43:32.945+0000] {logging_mixin.py:188} INFO - [2026-03-23T07:43:32.944+0000] {dagbag.py:545} INFO - Filling up the DagBag from /opt/airflow/dags/tmdb_daily_dag.py
[2026-03-23T07:43:32.951+0000] {processor.py:840} INFO - DAG(s) 'tmdb_raw_pipeline' retrieved from /opt/airflow/dags/tmdb_daily_dag.py
[2026-03-23T07:43:32.964+0000] {logging_mixin.py:188} INFO - [2026-03-23T07:43:32.964+0000] {dag.py:3096} INFO - Sync 1 DAGs
[2026-03-23T07:43:32.976+0000] {logging_mixin.py:188} INFO - [2026-03-23T07:43:32.976+0000] {dag.py:3954} INFO - Setting next_dagrun for tmdb_raw_pipeline to 2026-03-23 00:00:00+00:00, run_after=2026-03-24 00:00:00+00:00
[2026-03-23T07:43:32.992+0000] {processor.py:183} INFO - Processing /opt/airflow/dags/tmdb_daily_dag.py took 0.051 seconds
[2026-03-23T07:44:03.511+0000] {processor.py:161} INFO - Started process (PID=11557) to work on /opt/airflow/dags/tmdb_daily_dag.py
[2026-03-23T07:44:03.512+0000] {processor.py:830} INFO - Processing file /opt/airflow/dags/tmdb_daily_dag.py for tasks to queue
[2026-03-23T07:44:03.512+0000] {logging_mixin.py:188} INFO - [2026-03-23T07:44:03.512+0000] {dagbag.py:545} INFO - Filling up the DagBag from /opt/airflow/dags/tmdb_daily_dag.py
[2026-03-23T07:44:03.518+0000] {processor.py:840} INFO - DAG(s) 'tmdb_raw_pipeline' retrieved from /opt/airflow/dags/tmdb_daily_dag.py
[2026-03-23T07:44:03.528+0000] {logging_mixin.py:188} INFO - [2026-03-23T07:44:03.528+0000] {dag.py:3096} INFO - Sync 1 DAGs
[2026-03-23T07:44:03.537+0000] {logging_mixin.py:188} INFO - [2026-03-23T07:44:03.537+0000] {dag.py:3954} INFO - Setting next_dagrun for tmdb_raw_pipeline to 2026-03-23 00:00:00+00:00, run_after=2026-03-24 00:00:00+00:00
[2026-03-23T07:44:03.547+0000] {processor.py:183} INFO - Processing /opt/airflow/dags/tmdb_daily_dag.py took 0.039 seconds
[2026-03-23T07:44:34.023+0000] {processor.py:161} INFO - Started process (PID=11577) to work on /opt/airflow/dags/tmdb_daily_dag.py
[2026-03-23T07:44:34.023+0000] {processor.py:830} INFO - Processing file /opt/airflow/dags/tmdb_daily_dag.py for tasks to queue
[2026-03-23T07:44:34.024+0000] {logging_mixin.py:188} INFO - [2026-03-23T07:44:34.024+0000] {dagbag.py:545} INFO - Filling up the DagBag from /opt/airflow/dags/tmdb_daily_dag.py
[2026-03-23T07:44:34.032+0000] {processor.py:840} INFO - DAG(s) 'tmdb_raw_pipeline' retrieved from /opt/airflow/dags/tmdb_daily_dag.py
[2026-03-23T07:44:34.043+0000] {logging_mixin.py:188} INFO - [2026-03-23T07:44:34.043+0000] {dag.py:3096} INFO - Sync 1 DAGs
[2026-03-23T07:44:34.052+0000] {logging_mixin.py:188} INFO - [2026-03-23T07:44:34.052+0000] {dag.py:3954} INFO - Setting next_dagrun for tmdb_raw_pipeline to 2026-03-23 00:00:00+00:00, run_after=2026-03-24 00:00:00+00:00
[2026-03-23T07:44:34.059+0000] {processor.py:183} INFO - Processing /opt/airflow/dags/tmdb_daily_dag.py took 0.039 seconds
[2026-03-23T07:45:04.519+0000] {processor.py:161} INFO - Started process (PID=11597) to work on /opt/airflow/dags/tmdb_daily_dag.py
[2026-03-23T07:45:04.519+0000] {processor.py:830} INFO - Processing file /opt/airflow/dags/tmdb_daily_dag.py for tasks to queue
[2026-03-23T07:45:04.519+0000] {logging_mixin.py:188} INFO - [2026-03-23T07:45:04.519+0000] {dagbag.py:545} INFO - Filling up the DagBag from /opt/airflow/dags/tmdb_daily_dag.py
[2026-03-23T07:45:04.525+0000] {processor.py:840} INFO - DAG(s) 'tmdb_raw_pipeline' retrieved from /opt/airflow/dags/tmdb_daily_dag.py
[2026-03-23T07:45:04.534+0000] {logging_mixin.py:188} INFO - [2026-03-23T07:45:04.534+0000] {dag.py:3096} INFO - Sync 1 DAGs
[2026-03-23T07:45:04.543+0000] {logging_mixin.py:188} INFO - [2026-03-23T07:45:04.543+0000] {dag.py:3954} INFO - Setting next_dagrun for tmdb_raw_pipeline to 2026-03-23 00:00:00+00:00, run_after=2026-03-24 00:00:00+00:00
[2026-03-23T07:45:04.548+0000] {processor.py:183} INFO - Processing /opt/airflow/dags/tmdb_daily_dag.py took 0.032 seconds
[2026-03-23T07:45:35.061+0000] {processor.py:161} INFO - Started process (PID=11617) to work on /opt/airflow/dags/tmdb_daily_dag.py
[2026-03-23T07:45:35.062+0000] {processor.py:830} INFO - Processing file /opt/airflow/dags/tmdb_daily_dag.py for tasks to queue
[2026-03-23T07:45:35.062+0000] {logging_mixin.py:188} INFO - [2026-03-23T07:45:35.062+0000] {dagbag.py:545} INFO - Filling up the DagBag from /opt/airflow/dags/tmdb_daily_dag.py
[2026-03-23T07:45:35.068+0000] {processor.py:840} INFO - DAG(s) 'tmdb_raw_pipeline' retrieved from /opt/airflow/dags/tmdb_daily_dag.py
[2026-03-23T07:45:35.077+0000] {logging_mixin.py:188} INFO - [2026-03-23T07:45:35.076+0000] {dag.py:3096} INFO - Sync 1 DAGs
[2026-03-23T07:45:35.085+0000] {logging_mixin.py:188} INFO - [2026-03-23T07:45:35.085+0000] {dag.py:3954} INFO - Setting next_dagrun for tmdb_raw_pipeline to 2026-03-23 00:00:00+00:00, run_after=2026-03-24 00:00:00+00:00
[2026-03-23T07:45:35.091+0000] {processor.py:183} INFO - Processing /opt/airflow/dags/tmdb_daily_dag.py took 0.032 seconds
[2026-03-23T07:46:05.564+0000] {processor.py:161} INFO - Started process (PID=11637) to work on /opt/airflow/dags/tmdb_daily_dag.py
[2026-03-23T07:46:05.564+0000] {processor.py:830} INFO - Processing file /opt/airflow/dags/tmdb_daily_dag.py for tasks to queue
[2026-03-23T07:46:05.565+0000] {logging_mixin.py:188} INFO - [2026-03-23T07:46:05.565+0000] {dagbag.py:545} INFO - Filling up the DagBag from /opt/airflow/dags/tmdb_daily_dag.py
[2026-03-23T07:46:05.572+0000] {processor.py:840} INFO - DAG(s) 'tmdb_raw_pipeline' retrieved from /opt/airflow/dags/tmdb_daily_dag.py
[2026-03-23T07:46:05.581+0000] {logging_mixin.py:188} INFO - [2026-03-23T07:46:05.581+0000] {dag.py:3096} INFO - Sync 1 DAGs
[2026-03-23T07:46:05.590+0000] {logging_mixin.py:188} INFO - [2026-03-23T07:46:05.590+0000] {dag.py:3954} INFO - Setting next_dagrun for tmdb_raw_pipeline to 2026-03-23 00:00:00+00:00, run_after=2026-03-24 00:00:00+00:00
[2026-03-23T07:46:05.596+0000] {processor.py:183} INFO - Processing /opt/airflow/dags/tmdb_daily_dag.py took 0.035 seconds
[2026-03-23T07:46:36.134+0000] {processor.py:161} INFO - Started process (PID=11657) to work on /opt/airflow/dags/tmdb_daily_dag.py
[2026-03-23T07:46:36.135+0000] {processor.py:830} INFO - Processing file /opt/airflow/dags/tmdb_daily_dag.py for tasks to queue
[2026-03-23T07:46:36.136+0000] {logging_mixin.py:188} INFO - [2026-03-23T07:46:36.136+0000] {dagbag.py:545} INFO - Filling up the DagBag from /opt/airflow/dags/tmdb_daily_dag.py
[2026-03-23T07:46:36.142+0000] {processor.py:840} INFO - DAG(s) 'tmdb_raw_pipeline' retrieved from /opt/airflow/dags/tmdb_daily_dag.py
[2026-03-23T07:46:36.153+0000] {logging_mixin.py:188} INFO - [2026-03-23T07:46:36.153+0000] {dag.py:3096} INFO - Sync 1 DAGs
[2026-03-23T07:46:36.162+0000] {logging_mixin.py:188} INFO - [2026-03-23T07:46:36.162+0000] {dag.py:3954} INFO - Setting next_dagrun for tmdb_raw_pipeline to 2026-03-23 00:00:00+00:00, run_after=2026-03-24 00:00:00+00:00
[2026-03-23T07:46:36.169+0000] {processor.py:183} INFO - Processing /opt/airflow/dags/tmdb_daily_dag.py took 0.038 seconds
[2026-03-23T07:47:06.651+0000] {processor.py:161} INFO - Started process (PID=11677) to work on /opt/airflow/dags/tmdb_daily_dag.py
[2026-03-23T07:47:06.652+0000] {processor.py:830} INFO - Processing file /opt/airflow/dags/tmdb_daily_dag.py for tasks to queue
[2026-03-23T07:47:06.652+0000] {logging_mixin.py:188} INFO - [2026-03-23T07:47:06.652+0000] {dagbag.py:545} INFO - Filling up the DagBag from /opt/airflow/dags/tmdb_daily_dag.py
[2026-03-23T07:47:06.658+0000] {processor.py:840} INFO - DAG(s) 'tmdb_raw_pipeline' retrieved from /opt/airflow/dags/tmdb_daily_dag.py
[2026-03-23T07:47:06.671+0000] {logging_mixin.py:188} INFO - [2026-03-23T07:47:06.670+0000] {dag.py:3096} INFO - Sync 1 DAGs
[2026-03-23T07:47:06.679+0000] {logging_mixin.py:188} INFO - [2026-03-23T07:47:06.679+0000] {dag.py:3954} INFO - Setting next_dagrun for tmdb_raw_pipeline to 2026-03-23 00:00:00+00:00, run_after=2026-03-24 00:00:00+00:00
[2026-03-23T07:47:06.686+0000] {processor.py:183} INFO - Processing /opt/airflow/dags/tmdb_daily_dag.py took 0.038 seconds
[2026-03-23T07:47:37.186+0000] {processor.py:161} INFO - Started process (PID=11697) to work on /opt/airflow/dags/tmdb_daily_dag.py
[2026-03-23T07:47:37.187+0000] {processor.py:830} INFO - Processing file /opt/airflow/dags/tmdb_daily_dag.py for tasks to queue
[2026-03-23T07:47:37.187+0000] {logging_mixin.py:188} INFO - [2026-03-23T07:47:37.187+0000] {dagbag.py:545} INFO - Filling up the DagBag from /opt/airflow/dags/tmdb_daily_dag.py
[2026-03-23T07:47:37.194+0000] {processor.py:840} INFO - DAG(s) 'tmdb_raw_pipeline' retrieved from /opt/airflow/dags/tmdb_daily_dag.py
[2026-03-23T07:47:37.205+0000] {logging_mixin.py:188} INFO - [2026-03-23T07:47:37.205+0000] {dag.py:3096} INFO - Sync 1 DAGs
[2026-03-23T07:47:37.215+0000] {logging_mixin.py:188} INFO - [2026-03-23T07:47:37.215+0000] {dag.py:3954} INFO - Setting next_dagrun for tmdb_raw_pipeline to 2026-03-23 00:00:00+00:00, run_after=2026-03-24 00:00:00+00:00
[2026-03-23T07:47:37.221+0000] {processor.py:183} INFO - Processing /opt/airflow/dags/tmdb_daily_dag.py took 0.038 seconds
[2026-03-23T07:48:07.662+0000] {processor.py:161} INFO - Started process (PID=11717) to work on /opt/airflow/dags/tmdb_daily_dag.py
[2026-03-23T07:48:07.663+0000] {processor.py:830} INFO - Processing file /opt/airflow/dags/tmdb_daily_dag.py for tasks to queue
[2026-03-23T07:48:07.664+0000] {logging_mixin.py:188} INFO - [2026-03-23T07:48:07.664+0000] {dagbag.py:545} INFO - Filling up the DagBag from /opt/airflow/dags/tmdb_daily_dag.py
[2026-03-23T07:48:07.672+0000] {processor.py:840} INFO - DAG(s) 'tmdb_raw_pipeline' retrieved from /opt/airflow/dags/tmdb_daily_dag.py
[2026-03-23T07:48:07.685+0000] {logging_mixin.py:188} INFO - [2026-03-23T07:48:07.685+0000] {dag.py:3096} INFO - Sync 1 DAGs
[2026-03-23T07:48:07.696+0000] {logging_mixin.py:188} INFO - [2026-03-23T07:48:07.696+0000] {dag.py:3954} INFO - Setting next_dagrun for tmdb_raw_pipeline to 2026-03-23 00:00:00+00:00, run_after=2026-03-24 00:00:00+00:00
[2026-03-23T07:48:07.703+0000] {processor.py:183} INFO - Processing /opt/airflow/dags/tmdb_daily_dag.py took 0.044 seconds
[2026-03-23T07:48:38.147+0000] {processor.py:161} INFO - Started process (PID=11737) to work on /opt/airflow/dags/tmdb_daily_dag.py
[2026-03-23T07:48:38.147+0000] {processor.py:830} INFO - Processing file /opt/airflow/dags/tmdb_daily_dag.py for tasks to queue
[2026-03-23T07:48:38.148+0000] {logging_mixin.py:188} INFO - [2026-03-23T07:48:38.148+0000] {dagbag.py:545} INFO - Filling up the DagBag from /opt/airflow/dags/tmdb_daily_dag.py
[2026-03-23T07:48:38.157+0000] {processor.py:840} INFO - DAG(s) 'tmdb_raw_pipeline' retrieved from /opt/airflow/dags/tmdb_daily_dag.py
[2026-03-23T07:48:38.167+0000] {logging_mixin.py:188} INFO - [2026-03-23T07:48:38.167+0000] {dag.py:3096} INFO - Sync 1 DAGs
[2026-03-23T07:48:38.176+0000] {logging_mixin.py:188} INFO - [2026-03-23T07:48:38.176+0000] {dag.py:3954} INFO - Setting next_dagrun for tmdb_raw_pipeline to 2026-03-23 00:00:00+00:00, run_after=2026-03-24 00:00:00+00:00
[2026-03-23T07:48:38.182+0000] {processor.py:183} INFO - Processing /opt/airflow/dags/tmdb_daily_dag.py took 0.038 seconds
[2026-03-23T07:49:08.633+0000] {processor.py:161} INFO - Started process (PID=11755) to work on /opt/airflow/dags/tmdb_daily_dag.py
[2026-03-23T07:49:08.637+0000] {processor.py:830} INFO - Processing file /opt/airflow/dags/tmdb_daily_dag.py for tasks to queue
[2026-03-23T07:49:08.637+0000] {logging_mixin.py:188} INFO - [2026-03-23T07:49:08.637+0000] {dagbag.py:545} INFO - Filling up the DagBag from /opt/airflow/dags/tmdb_daily_dag.py
[2026-03-23T07:49:08.645+0000] {processor.py:840} INFO - DAG(s) 'tmdb_raw_pipeline' retrieved from /opt/airflow/dags/tmdb_daily_dag.py
[2026-03-23T07:49:08.668+0000] {logging_mixin.py:188} INFO - [2026-03-23T07:49:08.668+0000] {dag.py:3096} INFO - Sync 1 DAGs
[2026-03-23T07:49:08.680+0000] {logging_mixin.py:188} INFO - [2026-03-23T07:49:08.680+0000] {dag.py:3954} INFO - Setting next_dagrun for tmdb_raw_pipeline to 2026-03-23 00:00:00+00:00, run_after=2026-03-24 00:00:00+00:00
[2026-03-23T07:49:08.690+0000] {processor.py:183} INFO - Processing /opt/airflow/dags/tmdb_daily_dag.py took 0.060 seconds
[2026-03-23T07:49:39.152+0000] {processor.py:161} INFO - Started process (PID=11777) to work on /opt/airflow/dags/tmdb_daily_dag.py
[2026-03-23T07:49:39.154+0000] {processor.py:830} INFO - Processing file /opt/airflow/dags/tmdb_daily_dag.py for tasks to queue
[2026-03-23T07:49:39.154+0000] {logging_mixin.py:188} INFO - [2026-03-23T07:49:39.154+0000] {dagbag.py:545} INFO - Filling up the DagBag from /opt/airflow/dags/tmdb_daily_dag.py
[2026-03-23T07:49:39.161+0000] {processor.py:840} INFO - DAG(s) 'tmdb_raw_pipeline' retrieved from /opt/airflow/dags/tmdb_daily_dag.py
[2026-03-23T07:49:39.171+0000] {logging_mixin.py:188} INFO - [2026-03-23T07:49:39.171+0000] {dag.py:3096} INFO - Sync 1 DAGs
[2026-03-23T07:49:39.179+0000] {logging_mixin.py:188} INFO - [2026-03-23T07:49:39.179+0000] {dag.py:3954} INFO - Setting next_dagrun for tmdb_raw_pipeline to 2026-03-23 00:00:00+00:00, run_after=2026-03-24 00:00:00+00:00
[2026-03-23T07:49:39.185+0000] {processor.py:183} INFO - Processing /opt/airflow/dags/tmdb_daily_dag.py took 0.035 seconds
[2026-03-23T07:50:09.720+0000] {processor.py:161} INFO - Started process (PID=11797) to work on /opt/airflow/dags/tmdb_daily_dag.py
[2026-03-23T07:50:09.721+0000] {processor.py:830} INFO - Processing file /opt/airflow/dags/tmdb_daily_dag.py for tasks to queue
[2026-03-23T07:50:09.721+0000] {logging_mixin.py:188} INFO - [2026-03-23T07:50:09.721+0000] {dagbag.py:545} INFO - Filling up the DagBag from /opt/airflow/dags/tmdb_daily_dag.py
[2026-03-23T07:50:09.728+0000] {processor.py:840} INFO - DAG(s) 'tmdb_raw_pipeline' retrieved from /opt/airflow/dags/tmdb_daily_dag.py
[2026-03-23T07:50:09.739+0000] {logging_mixin.py:188} INFO - [2026-03-23T07:50:09.739+0000] {dag.py:3096} INFO - Sync 1 DAGs
[2026-03-23T07:50:09.751+0000] {logging_mixin.py:188} INFO - [2026-03-23T07:50:09.751+0000] {dag.py:3954} INFO - Setting next_dagrun for tmdb_raw_pipeline to 2026-03-23 00:00:00+00:00, run_after=2026-03-24 00:00:00+00:00
[2026-03-23T07:50:09.758+0000] {processor.py:183} INFO - Processing /opt/airflow/dags/tmdb_daily_dag.py took 0.040 seconds
[2026-03-23T07:50:40.311+0000] {processor.py:161} INFO - Started process (PID=11817) to work on /opt/airflow/dags/tmdb_daily_dag.py
[2026-03-23T07:50:40.312+0000] {processor.py:830} INFO - Processing file /opt/airflow/dags/tmdb_daily_dag.py for tasks to queue
[2026-03-23T07:50:40.312+0000] {logging_mixin.py:188} INFO - [2026-03-23T07:50:40.312+0000] {dagbag.py:545} INFO - Filling up the DagBag from /opt/airflow/dags/tmdb_daily_dag.py
[2026-03-23T07:50:40.319+0000] {processor.py:840} INFO - DAG(s) 'tmdb_raw_pipeline' retrieved from /opt/airflow/dags/tmdb_daily_dag.py
[2026-03-23T07:50:40.332+0000] {logging_mixin.py:188} INFO - [2026-03-23T07:50:40.332+0000] {dag.py:3096} INFO - Sync 1 DAGs
[2026-03-23T07:50:40.341+0000] {logging_mixin.py:188} INFO - [2026-03-23T07:50:40.340+0000] {dag.py:3954} INFO - Setting next_dagrun for tmdb_raw_pipeline to 2026-03-23 00:00:00+00:00, run_after=2026-03-24 00:00:00+00:00
[2026-03-23T07:50:40.347+0000] {processor.py:183} INFO - Processing /opt/airflow/dags/tmdb_daily_dag.py took 0.039 seconds
[2026-03-23T07:51:10.858+0000] {processor.py:161} INFO - Started process (PID=11837) to work on /opt/airflow/dags/tmdb_daily_dag.py
[2026-03-23T07:51:10.859+0000] {processor.py:830} INFO - Processing file /opt/airflow/dags/tmdb_daily_dag.py for tasks to queue
[2026-03-23T07:51:10.859+0000] {logging_mixin.py:188} INFO - [2026-03-23T07:51:10.859+0000] {dagbag.py:545} INFO - Filling up the DagBag from /opt/airflow/dags/tmdb_daily_dag.py
[2026-03-23T07:51:10.866+0000] {processor.py:840} INFO - DAG(s) 'tmdb_raw_pipeline' retrieved from /opt/airflow/dags/tmdb_daily_dag.py
[2026-03-23T07:51:10.878+0000] {logging_mixin.py:188} INFO - [2026-03-23T07:51:10.878+0000] {dag.py:3096} INFO - Sync 1 DAGs
[2026-03-23T07:51:10.889+0000] {logging_mixin.py:188} INFO - [2026-03-23T07:51:10.889+0000] {dag.py:3954} INFO - Setting next_dagrun for tmdb_raw_pipeline to 2026-03-23 00:00:00+00:00, run_after=2026-03-24 00:00:00+00:00
[2026-03-23T07:51:10.895+0000] {processor.py:183} INFO - Processing /opt/airflow/dags/tmdb_daily_dag.py took 0.040 seconds
[2026-03-23T07:51:41.408+0000] {processor.py:161} INFO - Started process (PID=11857) to work on /opt/airflow/dags/tmdb_daily_dag.py
[2026-03-23T07:51:41.409+0000] {processor.py:830} INFO - Processing file /opt/airflow/dags/tmdb_daily_dag.py for tasks to queue
[2026-03-23T07:51:41.409+0000] {logging_mixin.py:188} INFO - [2026-03-23T07:51:41.409+0000] {dagbag.py:545} INFO - Filling up the DagBag from /opt/airflow/dags/tmdb_daily_dag.py
[2026-03-23T07:51:41.415+0000] {processor.py:840} INFO - DAG(s) 'tmdb_raw_pipeline' retrieved from /opt/airflow/dags/tmdb_daily_dag.py
[2026-03-23T07:51:41.425+0000] {logging_mixin.py:188} INFO - [2026-03-23T07:51:41.424+0000] {dag.py:3096} INFO - Sync 1 DAGs
[2026-03-23T07:51:41.433+0000] {logging_mixin.py:188} INFO - [2026-03-23T07:51:41.433+0000] {dag.py:3954} INFO - Setting next_dagrun for tmdb_raw_pipeline to 2026-03-23 00:00:00+00:00, run_after=2026-03-24 00:00:00+00:00
[2026-03-23T07:51:41.439+0000] {processor.py:183} INFO - Processing /opt/airflow/dags/tmdb_daily_dag.py took 0.034 seconds
[2026-03-23T07:52:11.786+0000] {processor.py:161} INFO - Started process (PID=11877) to work on /opt/airflow/dags/tmdb_daily_dag.py
[2026-03-23T07:52:11.787+0000] {processor.py:830} INFO - Processing file /opt/airflow/dags/tmdb_daily_dag.py for tasks to queue
[2026-03-23T07:52:11.787+0000] {logging_mixin.py:188} INFO - [2026-03-23T07:52:11.787+0000] {dagbag.py:545} INFO - Filling up the DagBag from /opt/airflow/dags/tmdb_daily_dag.py
[2026-03-23T07:52:11.792+0000] {processor.py:840} INFO - DAG(s) 'tmdb_raw_pipeline' retrieved from /opt/airflow/dags/tmdb_daily_dag.py
[2026-03-23T07:52:11.802+0000] {logging_mixin.py:188} INFO - [2026-03-23T07:52:11.802+0000] {dag.py:3096} INFO - Sync 1 DAGs
[2026-03-23T07:52:11.809+0000] {logging_mixin.py:188} INFO - [2026-03-23T07:52:11.809+0000] {dag.py:3954} INFO - Setting next_dagrun for tmdb_raw_pipeline to 2026-03-23 00:00:00+00:00, run_after=2026-03-24 00:00:00+00:00
[2026-03-23T07:52:11.815+0000] {processor.py:183} INFO - Processing /opt/airflow/dags/tmdb_daily_dag.py took 0.031 seconds
[2026-03-23T07:52:42.303+0000] {processor.py:161} INFO - Started process (PID=11897) to work on /opt/airflow/dags/tmdb_daily_dag.py
[2026-03-23T07:52:42.303+0000] {processor.py:830} INFO - Processing file /opt/airflow/dags/tmdb_daily_dag.py for tasks to queue
[2026-03-23T07:52:42.303+0000] {logging_mixin.py:188} INFO - [2026-03-23T07:52:42.303+0000] {dagbag.py:545} INFO - Filling up the DagBag from /opt/airflow/dags/tmdb_daily_dag.py
[2026-03-23T07:52:42.309+0000] {processor.py:840} INFO - DAG(s) 'tmdb_raw_pipeline' retrieved from /opt/airflow/dags/tmdb_daily_dag.py
[2026-03-23T07:52:42.319+0000] {logging_mixin.py:188} INFO - [2026-03-23T07:52:42.319+0000] {dag.py:3096} INFO - Sync 1 DAGs
[2026-03-23T07:52:42.327+0000] {logging_mixin.py:188} INFO - [2026-03-23T07:52:42.327+0000] {dag.py:3954} INFO - Setting next_dagrun for tmdb_raw_pipeline to 2026-03-23 00:00:00+00:00, run_after=2026-03-24 00:00:00+00:00
[2026-03-23T07:52:42.334+0000] {processor.py:183} INFO - Processing /opt/airflow/dags/tmdb_daily_dag.py took 0.033 seconds
[2026-03-23T07:53:12.853+0000] {processor.py:161} INFO - Started process (PID=11917) to work on /opt/airflow/dags/tmdb_daily_dag.py
[2026-03-23T07:53:12.854+0000] {processor.py:830} INFO - Processing file /opt/airflow/dags/tmdb_daily_dag.py for tasks to queue
[2026-03-23T07:53:12.854+0000] {logging_mixin.py:188} INFO - [2026-03-23T07:53:12.854+0000] {dagbag.py:545} INFO - Filling up the DagBag from /opt/airflow/dags/tmdb_daily_dag.py
[2026-03-23T07:53:12.861+0000] {processor.py:840} INFO - DAG(s) 'tmdb_raw_pipeline' retrieved from /opt/airflow/dags/tmdb_daily_dag.py
[2026-03-23T07:53:12.870+0000] {logging_mixin.py:188} INFO - [2026-03-23T07:53:12.870+0000] {dag.py:3096} INFO - Sync 1 DAGs
[2026-03-23T07:53:12.879+0000] {logging_mixin.py:188} INFO - [2026-03-23T07:53:12.878+0000] {dag.py:3954} INFO - Setting next_dagrun for tmdb_raw_pipeline to 2026-03-23 00:00:00+00:00, run_after=2026-03-24 00:00:00+00:00
[2026-03-23T07:53:12.884+0000] {processor.py:183} INFO - Processing /opt/airflow/dags/tmdb_daily_dag.py took 0.034 seconds
[2026-03-23T07:53:43.397+0000] {processor.py:161} INFO - Started process (PID=11937) to work on /opt/airflow/dags/tmdb_daily_dag.py
[2026-03-23T07:53:43.397+0000] {processor.py:830} INFO - Processing file /opt/airflow/dags/tmdb_daily_dag.py for tasks to queue
[2026-03-23T07:53:43.398+0000] {logging_mixin.py:188} INFO - [2026-03-23T07:53:43.397+0000] {dagbag.py:545} INFO - Filling up the DagBag from /opt/airflow/dags/tmdb_daily_dag.py
[2026-03-23T07:53:43.404+0000] {processor.py:840} INFO - DAG(s) 'tmdb_raw_pipeline' retrieved from /opt/airflow/dags/tmdb_daily_dag.py
[2026-03-23T07:53:43.414+0000] {logging_mixin.py:188} INFO - [2026-03-23T07:53:43.414+0000] {dag.py:3096} INFO - Sync 1 DAGs
[2026-03-23T07:53:43.422+0000] {logging_mixin.py:188} INFO - [2026-03-23T07:53:43.422+0000] {dag.py:3954} INFO - Setting next_dagrun for tmdb_raw_pipeline to 2026-03-23 00:00:00+00:00, run_after=2026-03-24 00:00:00+00:00
[2026-03-23T07:53:43.428+0000] {processor.py:183} INFO - Processing /opt/airflow/dags/tmdb_daily_dag.py took 0.035 seconds
[2026-03-23T07:54:13.859+0000] {processor.py:161} INFO - Started process (PID=11957) to work on /opt/airflow/dags/tmdb_daily_dag.py
[2026-03-23T07:54:13.859+0000] {processor.py:830} INFO - Processing file /opt/airflow/dags/tmdb_daily_dag.py for tasks to queue
[2026-03-23T07:54:13.860+0000] {logging_mixin.py:188} INFO - [2026-03-23T07:54:13.860+0000] {dagbag.py:545} INFO - Filling up the DagBag from /opt/airflow/dags/tmdb_daily_dag.py
[2026-03-23T07:54:13.865+0000] {processor.py:840} INFO - DAG(s) 'tmdb_raw_pipeline' retrieved from /opt/airflow/dags/tmdb_daily_dag.py
[2026-03-23T07:54:13.875+0000] {logging_mixin.py:188} INFO - [2026-03-23T07:54:13.875+0000] {dag.py:3096} INFO - Sync 1 DAGs
[2026-03-23T07:54:13.883+0000] {logging_mixin.py:188} INFO - [2026-03-23T07:54:13.883+0000] {dag.py:3954} INFO - Setting next_dagrun for tmdb_raw_pipeline to 2026-03-23 00:00:00+00:00, run_after=2026-03-24 00:00:00+00:00
[2026-03-23T07:54:13.888+0000] {processor.py:183} INFO - Processing /opt/airflow/dags/tmdb_daily_dag.py took 0.032 seconds
[2026-03-23T07:54:44.401+0000] {processor.py:161} INFO - Started process (PID=11977) to work on /opt/airflow/dags/tmdb_daily_dag.py
[2026-03-23T07:54:44.402+0000] {processor.py:830} INFO - Processing file /opt/airflow/dags/tmdb_daily_dag.py for tasks to queue
[2026-03-23T07:54:44.402+0000] {logging_mixin.py:188} INFO - [2026-03-23T07:54:44.402+0000] {dagbag.py:545} INFO - Filling up the DagBag from /opt/airflow/dags/tmdb_daily_dag.py
[2026-03-23T07:54:44.410+0000] {processor.py:840} INFO - DAG(s) 'tmdb_raw_pipeline' retrieved from /opt/airflow/dags/tmdb_daily_dag.py
[2026-03-23T07:54:44.420+0000] {logging_mixin.py:188} INFO - [2026-03-23T07:54:44.420+0000] {dag.py:3096} INFO - Sync 1 DAGs
[2026-03-23T07:54:44.428+0000] {logging_mixin.py:188} INFO - [2026-03-23T07:54:44.428+0000] {dag.py:3954} INFO - Setting next_dagrun for tmdb_raw_pipeline to 2026-03-23 00:00:00+00:00, run_after=2026-03-24 00:00:00+00:00
[2026-03-23T07:54:44.435+0000] {processor.py:183} INFO - Processing /opt/airflow/dags/tmdb_daily_dag.py took 0.037 seconds
[2026-03-23T07:55:14.816+0000] {processor.py:161} INFO - Started process (PID=11997) to work on /opt/airflow/dags/tmdb_daily_dag.py
[2026-03-23T07:55:14.817+0000] {processor.py:830} INFO - Processing file /opt/airflow/dags/tmdb_daily_dag.py for tasks to queue
[2026-03-23T07:55:14.817+0000] {logging_mixin.py:188} INFO - [2026-03-23T07:55:14.817+0000] {dagbag.py:545} INFO - Filling up the DagBag from /opt/airflow/dags/tmdb_daily_dag.py
[2026-03-23T07:55:14.825+0000] {processor.py:840} INFO - DAG(s) 'tmdb_raw_pipeline' retrieved from /opt/airflow/dags/tmdb_daily_dag.py
[2026-03-23T07:55:14.838+0000] {logging_mixin.py:188} INFO - [2026-03-23T07:55:14.837+0000] {dag.py:3096} INFO - Sync 1 DAGs
[2026-03-23T07:55:14.851+0000] {logging_mixin.py:188} INFO - [2026-03-23T07:55:14.851+0000] {dag.py:3954} INFO - Setting next_dagrun for tmdb_raw_pipeline to 2026-03-23 00:00:00+00:00, run_after=2026-03-24 00:00:00+00:00
[2026-03-23T07:55:14.863+0000] {processor.py:183} INFO - Processing /opt/airflow/dags/tmdb_daily_dag.py took 0.049 seconds
[2026-03-23T07:55:45.398+0000] {processor.py:161} INFO - Started process (PID=12017) to work on /opt/airflow/dags/tmdb_daily_dag.py
[2026-03-23T07:55:45.399+0000] {processor.py:830} INFO - Processing file /opt/airflow/dags/tmdb_daily_dag.py for tasks to queue
[2026-03-23T07:55:45.400+0000] {logging_mixin.py:188} INFO - [2026-03-23T07:55:45.399+0000] {dagbag.py:545} INFO - Filling up the DagBag from /opt/airflow/dags/tmdb_daily_dag.py
[2026-03-23T07:55:45.405+0000] {processor.py:840} INFO - DAG(s) 'tmdb_raw_pipeline' retrieved from /opt/airflow/dags/tmdb_daily_dag.py
[2026-03-23T07:55:45.415+0000] {logging_mixin.py:188} INFO - [2026-03-23T07:55:45.415+0000] {dag.py:3096} INFO - Sync 1 DAGs
[2026-03-23T07:55:45.423+0000] {logging_mixin.py:188} INFO - [2026-03-23T07:55:45.423+0000] {dag.py:3954} INFO - Setting next_dagrun for tmdb_raw_pipeline to 2026-03-23 00:00:00+00:00, run_after=2026-03-24 00:00:00+00:00
[2026-03-23T07:55:45.429+0000] {processor.py:183} INFO - Processing /opt/airflow/dags/tmdb_daily_dag.py took 0.036 seconds
[2026-03-23T07:56:15.999+0000] {processor.py:161} INFO - Started process (PID=12037) to work on /opt/airflow/dags/tmdb_daily_dag.py
[2026-03-23T07:56:15.999+0000] {processor.py:830} INFO - Processing file /opt/airflow/dags/tmdb_daily_dag.py for tasks to queue
[2026-03-23T07:56:16.000+0000] {logging_mixin.py:188} INFO - [2026-03-23T07:56:16.000+0000] {dagbag.py:545} INFO - Filling up the DagBag from /opt/airflow/dags/tmdb_daily_dag.py
[2026-03-23T07:56:16.006+0000] {processor.py:840} INFO - DAG(s) 'tmdb_raw_pipeline' retrieved from /opt/airflow/dags/tmdb_daily_dag.py
[2026-03-23T07:56:16.016+0000] {logging_mixin.py:188} INFO - [2026-03-23T07:56:16.016+0000] {dag.py:3096} INFO - Sync 1 DAGs
[2026-03-23T07:56:16.024+0000] {logging_mixin.py:188} INFO - [2026-03-23T07:56:16.024+0000] {dag.py:3954} INFO - Setting next_dagrun for tmdb_raw_pipeline to 2026-03-23 00:00:00+00:00, run_after=2026-03-24 00:00:00+00:00
[2026-03-23T07:56:16.030+0000] {processor.py:183} INFO - Processing /opt/airflow/dags/tmdb_daily_dag.py took 0.034 seconds
[2026-03-23T07:57:36.440+0000] {processor.py:161} INFO - Started process (PID=12057) to work on /opt/airflow/dags/tmdb_daily_dag.py
[2026-03-23T07:57:36.441+0000] {processor.py:830} INFO - Processing file /opt/airflow/dags/tmdb_daily_dag.py for tasks to queue
[2026-03-23T07:57:36.442+0000] {logging_mixin.py:188} INFO - [2026-03-23T07:57:36.441+0000] {dagbag.py:545} INFO - Filling up the DagBag from /opt/airflow/dags/tmdb_daily_dag.py
[2026-03-23T07:57:36.449+0000] {processor.py:840} INFO - DAG(s) 'tmdb_raw_pipeline' retrieved from /opt/airflow/dags/tmdb_daily_dag.py
[2026-03-23T07:57:36.463+0000] {logging_mixin.py:188} INFO - [2026-03-23T07:57:36.463+0000] {dag.py:3096} INFO - Sync 1 DAGs
[2026-03-23T07:57:36.474+0000] {logging_mixin.py:188} INFO - [2026-03-23T07:57:36.474+0000] {dag.py:3954} INFO - Setting next_dagrun for tmdb_raw_pipeline to 2026-03-23 00:00:00+00:00, run_after=2026-03-24 00:00:00+00:00
[2026-03-23T07:57:36.484+0000] {processor.py:183} INFO - Processing /opt/airflow/dags/tmdb_daily_dag.py took 0.047 seconds
[2026-03-23T07:58:06.919+0000] {processor.py:161} INFO - Started process (PID=12076) to work on /opt/airflow/dags/tmdb_daily_dag.py
[2026-03-23T07:58:06.920+0000] {processor.py:830} INFO - Processing file /opt/airflow/dags/tmdb_daily_dag.py for tasks to queue
[2026-03-23T07:58:06.920+0000] {logging_mixin.py:188} INFO - [2026-03-23T07:58:06.920+0000] {dagbag.py:545} INFO - Filling up the DagBag from /opt/airflow/dags/tmdb_daily_dag.py
[2026-03-23T07:58:06.928+0000] {processor.py:840} INFO - DAG(s) 'tmdb_raw_pipeline' retrieved from /opt/airflow/dags/tmdb_daily_dag.py
[2026-03-23T07:58:06.946+0000] {logging_mixin.py:188} INFO - [2026-03-23T07:58:06.946+0000] {dag.py:3096} INFO - Sync 1 DAGs
[2026-03-23T07:58:06.971+0000] {logging_mixin.py:188} INFO - [2026-03-23T07:58:06.971+0000] {dag.py:3954} INFO - Setting next_dagrun for tmdb_raw_pipeline to 2026-03-23 00:00:00+00:00, run_after=2026-03-24 00:00:00+00:00
[2026-03-23T07:58:06.995+0000] {processor.py:183} INFO - Processing /opt/airflow/dags/tmdb_daily_dag.py took 0.081 seconds
[2026-03-23T07:58:37.496+0000] {processor.py:161} INFO - Started process (PID=12097) to work on /opt/airflow/dags/tmdb_daily_dag.py
[2026-03-23T07:58:37.497+0000] {processor.py:830} INFO - Processing file /opt/airflow/dags/tmdb_daily_dag.py for tasks to queue
[2026-03-23T07:58:37.497+0000] {logging_mixin.py:188} INFO - [2026-03-23T07:58:37.497+0000] {dagbag.py:545} INFO - Filling up the DagBag from /opt/airflow/dags/tmdb_daily_dag.py
[2026-03-23T07:58:37.502+0000] {processor.py:840} INFO - DAG(s) 'tmdb_raw_pipeline' retrieved from /opt/airflow/dags/tmdb_daily_dag.py
[2026-03-23T07:58:37.511+0000] {logging_mixin.py:188} INFO - [2026-03-23T07:58:37.511+0000] {dag.py:3096} INFO - Sync 1 DAGs
[2026-03-23T07:58:37.519+0000] {logging_mixin.py:188} INFO - [2026-03-23T07:58:37.519+0000] {dag.py:3954} INFO - Setting next_dagrun for tmdb_raw_pipeline to 2026-03-23 00:00:00+00:00, run_after=2026-03-24 00:00:00+00:00
[2026-03-23T07:58:37.525+0000] {processor.py:183} INFO - Processing /opt/airflow/dags/tmdb_daily_dag.py took 0.031 seconds
[2026-03-23T07:59:07.924+0000] {processor.py:161} INFO - Started process (PID=12115) to work on /opt/airflow/dags/tmdb_daily_dag.py
[2026-03-23T07:59:07.925+0000] {processor.py:830} INFO - Processing file /opt/airflow/dags/tmdb_daily_dag.py for tasks to queue
[2026-03-23T07:59:07.926+0000] {logging_mixin.py:188} INFO - [2026-03-23T07:59:07.926+0000] {dagbag.py:545} INFO - Filling up the DagBag from /opt/airflow/dags/tmdb_daily_dag.py
[2026-03-23T07:59:07.932+0000] {processor.py:840} INFO - DAG(s) 'tmdb_raw_pipeline' retrieved from /opt/airflow/dags/tmdb_daily_dag.py
[2026-03-23T07:59:07.947+0000] {logging_mixin.py:188} INFO - [2026-03-23T07:59:07.947+0000] {dag.py:3096} INFO - Sync 1 DAGs
[2026-03-23T07:59:07.961+0000] {logging_mixin.py:188} INFO - [2026-03-23T07:59:07.961+0000] {dag.py:3954} INFO - Setting next_dagrun for tmdb_raw_pipeline to 2026-03-23 00:00:00+00:00, run_after=2026-03-24 00:00:00+00:00
[2026-03-23T07:59:07.971+0000] {processor.py:183} INFO - Processing /opt/airflow/dags/tmdb_daily_dag.py took 0.051 seconds
[2026-03-23T07:59:38.432+0000] {processor.py:161} INFO - Started process (PID=12137) to work on /opt/airflow/dags/tmdb_daily_dag.py
[2026-03-23T07:59:38.435+0000] {processor.py:830} INFO - Processing file /opt/airflow/dags/tmdb_daily_dag.py for tasks to queue
[2026-03-23T07:59:38.435+0000] {logging_mixin.py:188} INFO - [2026-03-23T07:59:38.435+0000] {dagbag.py:545} INFO - Filling up the DagBag from /opt/airflow/dags/tmdb_daily_dag.py
[2026-03-23T07:59:38.445+0000] {processor.py:840} INFO - DAG(s) 'tmdb_raw_pipeline' retrieved from /opt/airflow/dags/tmdb_daily_dag.py
[2026-03-23T07:59:38.461+0000] {logging_mixin.py:188} INFO - [2026-03-23T07:59:38.461+0000] {dag.py:3096} INFO - Sync 1 DAGs
[2026-03-23T07:59:38.474+0000] {logging_mixin.py:188} INFO - [2026-03-23T07:59:38.474+0000] {dag.py:3954} INFO - Setting next_dagrun for tmdb_raw_pipeline to 2026-03-23 00:00:00+00:00, run_after=2026-03-24 00:00:00+00:00
[2026-03-23T07:59:38.485+0000] {processor.py:183} INFO - Processing /opt/airflow/dags/tmdb_daily_dag.py took 0.065 seconds
[2026-03-23T08:00:08.896+0000] {processor.py:161} INFO - Started process (PID=12157) to work on /opt/airflow/dags/tmdb_daily_dag.py
[2026-03-23T08:00:08.897+0000] {processor.py:830} INFO - Processing file /opt/airflow/dags/tmdb_daily_dag.py for tasks to queue
[2026-03-23T08:00:08.897+0000] {logging_mixin.py:188} INFO - [2026-03-23T08:00:08.897+0000] {dagbag.py:545} INFO - Filling up the DagBag from /opt/airflow/dags/tmdb_daily_dag.py
[2026-03-23T08:00:08.903+0000] {processor.py:840} INFO - DAG(s) 'tmdb_raw_pipeline' retrieved from /opt/airflow/dags/tmdb_daily_dag.py
[2026-03-23T08:00:08.914+0000] {logging_mixin.py:188} INFO - [2026-03-23T08:00:08.914+0000] {dag.py:3096} INFO - Sync 1 DAGs
[2026-03-23T08:00:08.922+0000] {logging_mixin.py:188} INFO - [2026-03-23T08:00:08.922+0000] {dag.py:3954} INFO - Setting next_dagrun for tmdb_raw_pipeline to 2026-03-23 00:00:00+00:00, run_after=2026-03-24 00:00:00+00:00
[2026-03-23T08:00:08.928+0000] {processor.py:183} INFO - Processing /opt/airflow/dags/tmdb_daily_dag.py took 0.035 seconds
[2026-03-23T08:00:39.359+0000] {processor.py:161} INFO - Started process (PID=12177) to work on /opt/airflow/dags/tmdb_daily_dag.py
[2026-03-23T08:00:39.360+0000] {processor.py:830} INFO - Processing file /opt/airflow/dags/tmdb_daily_dag.py for tasks to queue
[2026-03-23T08:00:39.360+0000] {logging_mixin.py:188} INFO - [2026-03-23T08:00:39.360+0000] {dagbag.py:545} INFO - Filling up the DagBag from /opt/airflow/dags/tmdb_daily_dag.py
[2026-03-23T08:00:39.366+0000] {processor.py:840} INFO - DAG(s) 'tmdb_raw_pipeline' retrieved from /opt/airflow/dags/tmdb_daily_dag.py
[2026-03-23T08:00:39.375+0000] {logging_mixin.py:188} INFO - [2026-03-23T08:00:39.375+0000] {dag.py:3096} INFO - Sync 1 DAGs
[2026-03-23T08:00:39.384+0000] {logging_mixin.py:188} INFO - [2026-03-23T08:00:39.384+0000] {dag.py:3954} INFO - Setting next_dagrun for tmdb_raw_pipeline to 2026-03-23 00:00:00+00:00, run_after=2026-03-24 00:00:00+00:00
[2026-03-23T08:00:39.390+0000] {processor.py:183} INFO - Processing /opt/airflow/dags/tmdb_daily_dag.py took 0.033 seconds
[2026-03-23T08:01:09.892+0000] {processor.py:161} INFO - Started process (PID=12197) to work on /opt/airflow/dags/tmdb_daily_dag.py
[2026-03-23T08:01:09.892+0000] {processor.py:830} INFO - Processing file /opt/airflow/dags/tmdb_daily_dag.py for tasks to queue
[2026-03-23T08:01:09.893+0000] {logging_mixin.py:188} INFO - [2026-03-23T08:01:09.893+0000] {dagbag.py:545} INFO - Filling up the DagBag from /opt/airflow/dags/tmdb_daily_dag.py
[2026-03-23T08:01:09.899+0000] {processor.py:840} INFO - DAG(s) 'tmdb_raw_pipeline' retrieved from /opt/airflow/dags/tmdb_daily_dag.py
[2026-03-23T08:01:09.909+0000] {logging_mixin.py:188} INFO - [2026-03-23T08:01:09.909+0000] {dag.py:3096} INFO - Sync 1 DAGs
[2026-03-23T08:01:09.917+0000] {logging_mixin.py:188} INFO - [2026-03-23T08:01:09.917+0000] {dag.py:3954} INFO - Setting next_dagrun for tmdb_raw_pipeline to 2026-03-23 00:00:00+00:00, run_after=2026-03-24 00:00:00+00:00
[2026-03-23T08:01:09.922+0000] {processor.py:183} INFO - Processing /opt/airflow/dags/tmdb_daily_dag.py took 0.033 seconds
[2026-03-23T08:01:40.367+0000] {processor.py:161} INFO - Started process (PID=12217) to work on /opt/airflow/dags/tmdb_daily_dag.py
[2026-03-23T08:01:40.368+0000] {processor.py:830} INFO - Processing file /opt/airflow/dags/tmdb_daily_dag.py for tasks to queue
[2026-03-23T08:01:40.368+0000] {logging_mixin.py:188} INFO - [2026-03-23T08:01:40.368+0000] {dagbag.py:545} INFO - Filling up the DagBag from /opt/airflow/dags/tmdb_daily_dag.py
[2026-03-23T08:01:40.374+0000] {processor.py:840} INFO - DAG(s) 'tmdb_raw_pipeline' retrieved from /opt/airflow/dags/tmdb_daily_dag.py
[2026-03-23T08:01:40.384+0000] {logging_mixin.py:188} INFO - [2026-03-23T08:01:40.384+0000] {dag.py:3096} INFO - Sync 1 DAGs
[2026-03-23T08:01:40.392+0000] {logging_mixin.py:188} INFO - [2026-03-23T08:01:40.392+0000] {dag.py:3954} INFO - Setting next_dagrun for tmdb_raw_pipeline to 2026-03-23 00:00:00+00:00, run_after=2026-03-24 00:00:00+00:00
[2026-03-23T08:01:40.398+0000] {processor.py:183} INFO - Processing /opt/airflow/dags/tmdb_daily_dag.py took 0.034 seconds
[2026-03-23T08:02:10.809+0000] {processor.py:161} INFO - Started process (PID=12237) to work on /opt/airflow/dags/tmdb_daily_dag.py
[2026-03-23T08:02:10.810+0000] {processor.py:830} INFO - Processing file /opt/airflow/dags/tmdb_daily_dag.py for tasks to queue
[2026-03-23T08:02:10.810+0000] {logging_mixin.py:188} INFO - [2026-03-23T08:02:10.810+0000] {dagbag.py:545} INFO - Filling up the DagBag from /opt/airflow/dags/tmdb_daily_dag.py
[2026-03-23T08:02:10.815+0000] {processor.py:840} INFO - DAG(s) 'tmdb_raw_pipeline' retrieved from /opt/airflow/dags/tmdb_daily_dag.py
[2026-03-23T08:02:10.825+0000] {logging_mixin.py:188} INFO - [2026-03-23T08:02:10.825+0000] {dag.py:3096} INFO - Sync 1 DAGs
[2026-03-23T08:02:10.832+0000] {logging_mixin.py:188} INFO - [2026-03-23T08:02:10.832+0000] {dag.py:3954} INFO - Setting next_dagrun for tmdb_raw_pipeline to 2026-03-23 00:00:00+00:00, run_after=2026-03-24 00:00:00+00:00
[2026-03-23T08:02:10.838+0000] {processor.py:183} INFO - Processing /opt/airflow/dags/tmdb_daily_dag.py took 0.032 seconds
[2026-03-23T08:02:41.308+0000] {processor.py:161} INFO - Started process (PID=12257) to work on /opt/airflow/dags/tmdb_daily_dag.py
[2026-03-23T08:02:41.308+0000] {processor.py:830} INFO - Processing file /opt/airflow/dags/tmdb_daily_dag.py for tasks to queue
[2026-03-23T08:02:41.309+0000] {logging_mixin.py:188} INFO - [2026-03-23T08:02:41.309+0000] {dagbag.py:545} INFO - Filling up the DagBag from /opt/airflow/dags/tmdb_daily_dag.py
[2026-03-23T08:02:41.315+0000] {processor.py:840} INFO - DAG(s) 'tmdb_raw_pipeline' retrieved from /opt/airflow/dags/tmdb_daily_dag.py
[2026-03-23T08:02:41.329+0000] {logging_mixin.py:188} INFO - [2026-03-23T08:02:41.329+0000] {dag.py:3096} INFO - Sync 1 DAGs
[2026-03-23T08:02:41.341+0000] {logging_mixin.py:188} INFO - [2026-03-23T08:02:41.341+0000] {dag.py:3954} INFO - Setting next_dagrun for tmdb_raw_pipeline to 2026-03-23 00:00:00+00:00, run_after=2026-03-24 00:00:00+00:00
[2026-03-23T08:02:41.350+0000] {processor.py:183} INFO - Processing /opt/airflow/dags/tmdb_daily_dag.py took 0.045 seconds
[2026-03-23T08:03:11.776+0000] {processor.py:161} INFO - Started process (PID=12277) to work on /opt/airflow/dags/tmdb_daily_dag.py
[2026-03-23T08:03:11.776+0000] {processor.py:830} INFO - Processing file /opt/airflow/dags/tmdb_daily_dag.py for tasks to queue
[2026-03-23T08:03:11.777+0000] {logging_mixin.py:188} INFO - [2026-03-23T08:03:11.776+0000] {dagbag.py:545} INFO - Filling up the DagBag from /opt/airflow/dags/tmdb_daily_dag.py
[2026-03-23T08:03:11.781+0000] {processor.py:840} INFO - DAG(s) 'tmdb_raw_pipeline' retrieved from /opt/airflow/dags/tmdb_daily_dag.py
[2026-03-23T08:03:11.791+0000] {logging_mixin.py:188} INFO - [2026-03-23T08:03:11.791+0000] {dag.py:3096} INFO - Sync 1 DAGs
[2026-03-23T08:03:11.798+0000] {logging_mixin.py:188} INFO - [2026-03-23T08:03:11.798+0000] {dag.py:3954} INFO - Setting next_dagrun for tmdb_raw_pipeline to 2026-03-23 00:00:00+00:00, run_after=2026-03-24 00:00:00+00:00
[2026-03-23T08:03:11.803+0000] {processor.py:183} INFO - Processing /opt/airflow/dags/tmdb_daily_dag.py took 0.030 seconds
[2026-03-23T08:03:42.314+0000] {processor.py:161} INFO - Started process (PID=12297) to work on /opt/airflow/dags/tmdb_daily_dag.py
[2026-03-23T08:03:42.315+0000] {processor.py:830} INFO - Processing file /opt/airflow/dags/tmdb_daily_dag.py for tasks to queue
[2026-03-23T08:03:42.315+0000] {logging_mixin.py:188} INFO - [2026-03-23T08:03:42.315+0000] {dagbag.py:545} INFO - Filling up the DagBag from /opt/airflow/dags/tmdb_daily_dag.py
[2026-03-23T08:03:42.321+0000] {processor.py:840} INFO - DAG(s) 'tmdb_raw_pipeline' retrieved from /opt/airflow/dags/tmdb_daily_dag.py
[2026-03-23T08:03:42.330+0000] {logging_mixin.py:188} INFO - [2026-03-23T08:03:42.330+0000] {dag.py:3096} INFO - Sync 1 DAGs
[2026-03-23T08:03:42.338+0000] {logging_mixin.py:188} INFO - [2026-03-23T08:03:42.338+0000] {dag.py:3954} INFO - Setting next_dagrun for tmdb_raw_pipeline to 2026-03-23 00:00:00+00:00, run_after=2026-03-24 00:00:00+00:00
[2026-03-23T08:03:42.344+0000] {processor.py:183} INFO - Processing /opt/airflow/dags/tmdb_daily_dag.py took 0.032 seconds
[2026-03-23T08:07:28.824+0000] {processor.py:161} INFO - Started process (PID=12317) to work on /opt/airflow/dags/tmdb_daily_dag.py
[2026-03-23T08:07:28.825+0000] {processor.py:830} INFO - Processing file /opt/airflow/dags/tmdb_daily_dag.py for tasks to queue
[2026-03-23T08:07:28.825+0000] {logging_mixin.py:188} INFO - [2026-03-23T08:07:28.825+0000] {dagbag.py:545} INFO - Filling up the DagBag from /opt/airflow/dags/tmdb_daily_dag.py
[2026-03-23T08:07:28.831+0000] {processor.py:840} INFO - DAG(s) 'tmdb_raw_pipeline' retrieved from /opt/airflow/dags/tmdb_daily_dag.py
[2026-03-23T08:07:28.841+0000] {logging_mixin.py:188} INFO - [2026-03-23T08:07:28.841+0000] {dag.py:3096} INFO - Sync 1 DAGs
[2026-03-23T08:07:28.851+0000] {logging_mixin.py:188} INFO - [2026-03-23T08:07:28.851+0000] {dag.py:3954} INFO - Setting next_dagrun for tmdb_raw_pipeline to 2026-03-23 00:00:00+00:00, run_after=2026-03-24 00:00:00+00:00
[2026-03-23T08:07:28.858+0000] {processor.py:183} INFO - Processing /opt/airflow/dags/tmdb_daily_dag.py took 0.037 seconds
[2026-03-23T08:07:59.379+0000] {processor.py:161} INFO - Started process (PID=12337) to work on /opt/airflow/dags/tmdb_daily_dag.py
[2026-03-23T08:07:59.380+0000] {processor.py:830} INFO - Processing file /opt/airflow/dags/tmdb_daily_dag.py for tasks to queue
[2026-03-23T08:07:59.380+0000] {logging_mixin.py:188} INFO - [2026-03-23T08:07:59.380+0000] {dagbag.py:545} INFO - Filling up the DagBag from /opt/airflow/dags/tmdb_daily_dag.py
[2026-03-23T08:07:59.387+0000] {processor.py:840} INFO - DAG(s) 'tmdb_raw_pipeline' retrieved from /opt/airflow/dags/tmdb_daily_dag.py
[2026-03-23T08:07:59.402+0000] {logging_mixin.py:188} INFO - [2026-03-23T08:07:59.402+0000] {dag.py:3096} INFO - Sync 1 DAGs
[2026-03-23T08:07:59.413+0000] {logging_mixin.py:188} INFO - [2026-03-23T08:07:59.413+0000] {dag.py:3954} INFO - Setting next_dagrun for tmdb_raw_pipeline to 2026-03-23 00:00:00+00:00, run_after=2026-03-24 00:00:00+00:00
[2026-03-23T08:07:59.425+0000] {processor.py:183} INFO - Processing /opt/airflow/dags/tmdb_daily_dag.py took 0.048 seconds
[2026-03-23T08:08:29.868+0000] {processor.py:161} INFO - Started process (PID=12357) to work on /opt/airflow/dags/tmdb_daily_dag.py
[2026-03-23T08:08:29.869+0000] {processor.py:830} INFO - Processing file /opt/airflow/dags/tmdb_daily_dag.py for tasks to queue
[2026-03-23T08:08:29.869+0000] {logging_mixin.py:188} INFO - [2026-03-23T08:08:29.869+0000] {dagbag.py:545} INFO - Filling up the DagBag from /opt/airflow/dags/tmdb_daily_dag.py
[2026-03-23T08:08:29.874+0000] {processor.py:840} INFO - DAG(s) 'tmdb_raw_pipeline' retrieved from /opt/airflow/dags/tmdb_daily_dag.py
[2026-03-23T08:08:29.883+0000] {logging_mixin.py:188} INFO - [2026-03-23T08:08:29.883+0000] {dag.py:3096} INFO - Sync 1 DAGs
[2026-03-23T08:08:29.891+0000] {logging_mixin.py:188} INFO - [2026-03-23T08:08:29.891+0000] {dag.py:3954} INFO - Setting next_dagrun for tmdb_raw_pipeline to 2026-03-23 00:00:00+00:00, run_after=2026-03-24 00:00:00+00:00
[2026-03-23T08:08:29.896+0000] {processor.py:183} INFO - Processing /opt/airflow/dags/tmdb_daily_dag.py took 0.031 seconds
[2026-03-23T08:09:00.368+0000] {processor.py:161} INFO - Started process (PID=12377) to work on /opt/airflow/dags/tmdb_daily_dag.py
[2026-03-23T08:09:00.369+0000] {processor.py:830} INFO - Processing file /opt/airflow/dags/tmdb_daily_dag.py for tasks to queue
[2026-03-23T08:09:00.370+0000] {logging_mixin.py:188} INFO - [2026-03-23T08:09:00.369+0000] {dagbag.py:545} INFO - Filling up the DagBag from /opt/airflow/dags/tmdb_daily_dag.py
[2026-03-23T08:09:00.376+0000] {processor.py:840} INFO - DAG(s) 'tmdb_raw_pipeline' retrieved from /opt/airflow/dags/tmdb_daily_dag.py
[2026-03-23T08:09:00.385+0000] {logging_mixin.py:188} INFO - [2026-03-23T08:09:00.385+0000] {dag.py:3096} INFO - Sync 1 DAGs
[2026-03-23T08:09:00.393+0000] {logging_mixin.py:188} INFO - [2026-03-23T08:09:00.393+0000] {dag.py:3954} INFO - Setting next_dagrun for tmdb_raw_pipeline to 2026-03-23 00:00:00+00:00, run_after=2026-03-24 00:00:00+00:00
[2026-03-23T08:09:00.399+0000] {processor.py:183} INFO - Processing /opt/airflow/dags/tmdb_daily_dag.py took 0.033 seconds
[2026-03-23T08:09:30.822+0000] {processor.py:161} INFO - Started process (PID=12397) to work on /opt/airflow/dags/tmdb_daily_dag.py
[2026-03-23T08:09:30.823+0000] {processor.py:830} INFO - Processing file /opt/airflow/dags/tmdb_daily_dag.py for tasks to queue
[2026-03-23T08:09:30.823+0000] {logging_mixin.py:188} INFO - [2026-03-23T08:09:30.823+0000] {dagbag.py:545} INFO - Filling up the DagBag from /opt/airflow/dags/tmdb_daily_dag.py
[2026-03-23T08:09:30.828+0000] {processor.py:840} INFO - DAG(s) 'tmdb_raw_pipeline' retrieved from /opt/airflow/dags/tmdb_daily_dag.py
[2026-03-23T08:09:30.837+0000] {logging_mixin.py:188} INFO - [2026-03-23T08:09:30.837+0000] {dag.py:3096} INFO - Sync 1 DAGs
[2026-03-23T08:09:30.845+0000] {logging_mixin.py:188} INFO - [2026-03-23T08:09:30.845+0000] {dag.py:3954} INFO - Setting next_dagrun for tmdb_raw_pipeline to 2026-03-23 00:00:00+00:00, run_after=2026-03-24 00:00:00+00:00
[2026-03-23T08:09:30.851+0000] {processor.py:183} INFO - Processing /opt/airflow/dags/tmdb_daily_dag.py took 0.031 seconds
[2026-03-23T08:10:01.403+0000] {processor.py:161} INFO - Started process (PID=12417) to work on /opt/airflow/dags/tmdb_daily_dag.py
[2026-03-23T08:10:01.404+0000] {processor.py:830} INFO - Processing file /opt/airflow/dags/tmdb_daily_dag.py for tasks to queue
[2026-03-23T08:10:01.405+0000] {logging_mixin.py:188} INFO - [2026-03-23T08:10:01.404+0000] {dagbag.py:545} INFO - Filling up the DagBag from /opt/airflow/dags/tmdb_daily_dag.py
[2026-03-23T08:10:01.412+0000] {processor.py:840} INFO - DAG(s) 'tmdb_raw_pipeline' retrieved from /opt/airflow/dags/tmdb_daily_dag.py
[2026-03-23T08:10:01.426+0000] {logging_mixin.py:188} INFO - [2026-03-23T08:10:01.425+0000] {dag.py:3096} INFO - Sync 1 DAGs
[2026-03-23T08:10:01.436+0000] {logging_mixin.py:188} INFO - [2026-03-23T08:10:01.436+0000] {dag.py:3954} INFO - Setting next_dagrun for tmdb_raw_pipeline to 2026-03-23 00:00:00+00:00, run_after=2026-03-24 00:00:00+00:00
[2026-03-23T08:10:01.443+0000] {processor.py:183} INFO - Processing /opt/airflow/dags/tmdb_daily_dag.py took 0.043 seconds
[2026-03-23T08:10:31.855+0000] {processor.py:161} INFO - Started process (PID=12437) to work on /opt/airflow/dags/tmdb_daily_dag.py
[2026-03-23T08:10:31.856+0000] {processor.py:830} INFO - Processing file /opt/airflow/dags/tmdb_daily_dag.py for tasks to queue
[2026-03-23T08:10:31.856+0000] {logging_mixin.py:188} INFO - [2026-03-23T08:10:31.856+0000] {dagbag.py:545} INFO - Filling up the DagBag from /opt/airflow/dags/tmdb_daily_dag.py
[2026-03-23T08:10:31.861+0000] {processor.py:840} INFO - DAG(s) 'tmdb_raw_pipeline' retrieved from /opt/airflow/dags/tmdb_daily_dag.py
[2026-03-23T08:10:31.869+0000] {logging_mixin.py:188} INFO - [2026-03-23T08:10:31.869+0000] {dag.py:3096} INFO - Sync 1 DAGs
[2026-03-23T08:10:31.877+0000] {logging_mixin.py:188} INFO - [2026-03-23T08:10:31.876+0000] {dag.py:3954} INFO - Setting next_dagrun for tmdb_raw_pipeline to 2026-03-23 00:00:00+00:00, run_after=2026-03-24 00:00:00+00:00
[2026-03-23T08:10:31.882+0000] {processor.py:183} INFO - Processing /opt/airflow/dags/tmdb_daily_dag.py took 0.030 seconds
[2026-03-23T08:11:02.316+0000] {processor.py:161} INFO - Started process (PID=12457) to work on /opt/airflow/dags/tmdb_daily_dag.py
[2026-03-23T08:11:02.316+0000] {processor.py:830} INFO - Processing file /opt/airflow/dags/tmdb_daily_dag.py for tasks to queue
[2026-03-23T08:11:02.317+0000] {logging_mixin.py:188} INFO - [2026-03-23T08:11:02.317+0000] {dagbag.py:545} INFO - Filling up the DagBag from /opt/airflow/dags/tmdb_daily_dag.py
[2026-03-23T08:11:02.322+0000] {processor.py:840} INFO - DAG(s) 'tmdb_raw_pipeline' retrieved from /opt/airflow/dags/tmdb_daily_dag.py
[2026-03-23T08:11:02.331+0000] {logging_mixin.py:188} INFO - [2026-03-23T08:11:02.331+0000] {dag.py:3096} INFO - Sync 1 DAGs
[2026-03-23T08:11:02.339+0000] {logging_mixin.py:188} INFO - [2026-03-23T08:11:02.339+0000] {dag.py:3954} INFO - Setting next_dagrun for tmdb_raw_pipeline to 2026-03-23 00:00:00+00:00, run_after=2026-03-24 00:00:00+00:00
[2026-03-23T08:11:02.344+0000] {processor.py:183} INFO - Processing /opt/airflow/dags/tmdb_daily_dag.py took 0.031 seconds
[2026-03-23T08:11:32.759+0000] {processor.py:161} INFO - Started process (PID=12477) to work on /opt/airflow/dags/tmdb_daily_dag.py
[2026-03-23T08:11:32.759+0000] {processor.py:830} INFO - Processing file /opt/airflow/dags/tmdb_daily_dag.py for tasks to queue
[2026-03-23T08:11:32.760+0000] {logging_mixin.py:188} INFO - [2026-03-23T08:11:32.759+0000] {dagbag.py:545} INFO - Filling up the DagBag from /opt/airflow/dags/tmdb_daily_dag.py
[2026-03-23T08:11:32.764+0000] {processor.py:840} INFO - DAG(s) 'tmdb_raw_pipeline' retrieved from /opt/airflow/dags/tmdb_daily_dag.py
[2026-03-23T08:11:32.774+0000] {logging_mixin.py:188} INFO - [2026-03-23T08:11:32.774+0000] {dag.py:3096} INFO - Sync 1 DAGs
[2026-03-23T08:11:32.782+0000] {logging_mixin.py:188} INFO - [2026-03-23T08:11:32.782+0000] {dag.py:3954} INFO - Setting next_dagrun for tmdb_raw_pipeline to 2026-03-23 00:00:00+00:00, run_after=2026-03-24 00:00:00+00:00
[2026-03-23T08:11:32.788+0000] {processor.py:183} INFO - Processing /opt/airflow/dags/tmdb_daily_dag.py took 0.031 seconds
[2026-03-23T08:12:03.331+0000] {processor.py:161} INFO - Started process (PID=12497) to work on /opt/airflow/dags/tmdb_daily_dag.py
[2026-03-23T08:12:03.332+0000] {processor.py:830} INFO - Processing file /opt/airflow/dags/tmdb_daily_dag.py for tasks to queue
[2026-03-23T08:12:03.332+0000] {logging_mixin.py:188} INFO - [2026-03-23T08:12:03.332+0000] {dagbag.py:545} INFO - Filling up the DagBag from /opt/airflow/dags/tmdb_daily_dag.py
[2026-03-23T08:12:03.341+0000] {processor.py:840} INFO - DAG(s) 'tmdb_raw_pipeline' retrieved from /opt/airflow/dags/tmdb_daily_dag.py
[2026-03-23T08:12:03.353+0000] {logging_mixin.py:188} INFO - [2026-03-23T08:12:03.353+0000] {dag.py:3096} INFO - Sync 1 DAGs
[2026-03-23T08:12:03.392+0000] {logging_mixin.py:188} INFO - [2026-03-23T08:12:03.391+0000] {dag.py:3954} INFO - Setting next_dagrun for tmdb_raw_pipeline to 2026-03-23 00:00:00+00:00, run_after=2026-03-24 00:00:00+00:00
[2026-03-23T08:12:03.429+0000] {processor.py:183} INFO - Processing /opt/airflow/dags/tmdb_daily_dag.py took 0.102 seconds
[2026-03-23T08:12:33.941+0000] {processor.py:161} INFO - Started process (PID=12517) to work on /opt/airflow/dags/tmdb_daily_dag.py
[2026-03-23T08:12:33.941+0000] {processor.py:830} INFO - Processing file /opt/airflow/dags/tmdb_daily_dag.py for tasks to queue
[2026-03-23T08:12:33.942+0000] {logging_mixin.py:188} INFO - [2026-03-23T08:12:33.942+0000] {dagbag.py:545} INFO - Filling up the DagBag from /opt/airflow/dags/tmdb_daily_dag.py
[2026-03-23T08:12:33.949+0000] {processor.py:840} INFO - DAG(s) 'tmdb_raw_pipeline' retrieved from /opt/airflow/dags/tmdb_daily_dag.py
[2026-03-23T08:12:33.963+0000] {logging_mixin.py:188} INFO - [2026-03-23T08:12:33.963+0000] {dag.py:3096} INFO - Sync 1 DAGs
[2026-03-23T08:12:33.980+0000] {logging_mixin.py:188} INFO - [2026-03-23T08:12:33.980+0000] {dag.py:3954} INFO - Setting next_dagrun for tmdb_raw_pipeline to 2026-03-23 00:00:00+00:00, run_after=2026-03-24 00:00:00+00:00
[2026-03-23T08:12:33.995+0000] {processor.py:183} INFO - Processing /opt/airflow/dags/tmdb_daily_dag.py took 0.058 seconds
[2026-03-23T08:13:04.488+0000] {processor.py:161} INFO - Started process (PID=12537) to work on /opt/airflow/dags/tmdb_daily_dag.py
[2026-03-23T08:13:04.489+0000] {processor.py:830} INFO - Processing file /opt/airflow/dags/tmdb_daily_dag.py for tasks to queue
[2026-03-23T08:13:04.489+0000] {logging_mixin.py:188} INFO - [2026-03-23T08:13:04.489+0000] {dagbag.py:545} INFO - Filling up the DagBag from /opt/airflow/dags/tmdb_daily_dag.py
[2026-03-23T08:13:04.495+0000] {processor.py:840} INFO - DAG(s) 'tmdb_raw_pipeline' retrieved from /opt/airflow/dags/tmdb_daily_dag.py
[2026-03-23T08:13:04.504+0000] {logging_mixin.py:188} INFO - [2026-03-23T08:13:04.504+0000] {dag.py:3096} INFO - Sync 1 DAGs
[2026-03-23T08:13:04.512+0000] {logging_mixin.py:188} INFO - [2026-03-23T08:13:04.512+0000] {dag.py:3954} INFO - Setting next_dagrun for tmdb_raw_pipeline to 2026-03-23 00:00:00+00:00, run_after=2026-03-24 00:00:00+00:00
[2026-03-23T08:13:04.518+0000] {processor.py:183} INFO - Processing /opt/airflow/dags/tmdb_daily_dag.py took 0.032 seconds
[2026-03-23T08:13:34.994+0000] {processor.py:161} INFO - Started process (PID=12557) to work on /opt/airflow/dags/tmdb_daily_dag.py
[2026-03-23T08:13:34.995+0000] {processor.py:830} INFO - Processing file /opt/airflow/dags/tmdb_daily_dag.py for tasks to queue
[2026-03-23T08:13:34.995+0000] {logging_mixin.py:188} INFO - [2026-03-23T08:13:34.995+0000] {dagbag.py:545} INFO - Filling up the DagBag from /opt/airflow/dags/tmdb_daily_dag.py
[2026-03-23T08:13:35.001+0000] {processor.py:840} INFO - DAG(s) 'tmdb_raw_pipeline' retrieved from /opt/airflow/dags/tmdb_daily_dag.py
[2026-03-23T08:13:35.011+0000] {logging_mixin.py:188} INFO - [2026-03-23T08:13:35.010+0000] {dag.py:3096} INFO - Sync 1 DAGs
[2026-03-23T08:13:35.019+0000] {logging_mixin.py:188} INFO - [2026-03-23T08:13:35.019+0000] {dag.py:3954} INFO - Setting next_dagrun for tmdb_raw_pipeline to 2026-03-23 00:00:00+00:00, run_after=2026-03-24 00:00:00+00:00
[2026-03-23T08:13:35.025+0000] {processor.py:183} INFO - Processing /opt/airflow/dags/tmdb_daily_dag.py took 0.033 seconds
[2026-03-23T08:14:05.515+0000] {processor.py:161} INFO - Started process (PID=12577) to work on /opt/airflow/dags/tmdb_daily_dag.py
[2026-03-23T08:14:05.516+0000] {processor.py:830} INFO - Processing file /opt/airflow/dags/tmdb_daily_dag.py for tasks to queue
[2026-03-23T08:14:05.517+0000] {logging_mixin.py:188} INFO - [2026-03-23T08:14:05.517+0000] {dagbag.py:545} INFO - Filling up the DagBag from /opt/airflow/dags/tmdb_daily_dag.py
[2026-03-23T08:14:05.522+0000] {processor.py:840} INFO - DAG(s) 'tmdb_raw_pipeline' retrieved from /opt/airflow/dags/tmdb_daily_dag.py
[2026-03-23T08:14:05.532+0000] {logging_mixin.py:188} INFO - [2026-03-23T08:14:05.532+0000] {dag.py:3096} INFO - Sync 1 DAGs
[2026-03-23T08:14:05.541+0000] {logging_mixin.py:188} INFO - [2026-03-23T08:14:05.540+0000] {dag.py:3954} INFO - Setting next_dagrun for tmdb_raw_pipeline to 2026-03-23 00:00:00+00:00, run_after=2026-03-24 00:00:00+00:00
[2026-03-23T08:14:05.546+0000] {processor.py:183} INFO - Processing /opt/airflow/dags/tmdb_daily_dag.py took 0.034 seconds
[2026-03-23T08:14:35.957+0000] {processor.py:161} INFO - Started process (PID=12597) to work on /opt/airflow/dags/tmdb_daily_dag.py
[2026-03-23T08:14:35.957+0000] {processor.py:830} INFO - Processing file /opt/airflow/dags/tmdb_daily_dag.py for tasks to queue
[2026-03-23T08:14:35.958+0000] {logging_mixin.py:188} INFO - [2026-03-23T08:14:35.958+0000] {dagbag.py:545} INFO - Filling up the DagBag from /opt/airflow/dags/tmdb_daily_dag.py
[2026-03-23T08:14:35.964+0000] {processor.py:840} INFO - DAG(s) 'tmdb_raw_pipeline' retrieved from /opt/airflow/dags/tmdb_daily_dag.py
[2026-03-23T08:14:35.973+0000] {logging_mixin.py:188} INFO - [2026-03-23T08:14:35.973+0000] {dag.py:3096} INFO - Sync 1 DAGs
[2026-03-23T08:14:35.981+0000] {logging_mixin.py:188} INFO - [2026-03-23T08:14:35.981+0000] {dag.py:3954} INFO - Setting next_dagrun for tmdb_raw_pipeline to 2026-03-23 00:00:00+00:00, run_after=2026-03-24 00:00:00+00:00
[2026-03-23T08:14:35.987+0000] {processor.py:183} INFO - Processing /opt/airflow/dags/tmdb_daily_dag.py took 0.033 seconds
[2026-03-23T08:15:06.486+0000] {processor.py:161} INFO - Started process (PID=12617) to work on /opt/airflow/dags/tmdb_daily_dag.py
[2026-03-23T08:15:06.486+0000] {processor.py:830} INFO - Processing file /opt/airflow/dags/tmdb_daily_dag.py for tasks to queue
[2026-03-23T08:15:06.487+0000] {logging_mixin.py:188} INFO - [2026-03-23T08:15:06.486+0000] {dagbag.py:545} INFO - Filling up the DagBag from /opt/airflow/dags/tmdb_daily_dag.py
[2026-03-23T08:15:06.493+0000] {processor.py:840} INFO - DAG(s) 'tmdb_raw_pipeline' retrieved from /opt/airflow/dags/tmdb_daily_dag.py
[2026-03-23T08:15:06.503+0000] {logging_mixin.py:188} INFO - [2026-03-23T08:15:06.503+0000] {dag.py:3096} INFO - Sync 1 DAGs
[2026-03-23T08:15:06.513+0000] {logging_mixin.py:188} INFO - [2026-03-23T08:15:06.513+0000] {dag.py:3954} INFO - Setting next_dagrun for tmdb_raw_pipeline to 2026-03-23 00:00:00+00:00, run_after=2026-03-24 00:00:00+00:00
[2026-03-23T08:15:06.519+0000] {processor.py:183} INFO - Processing /opt/airflow/dags/tmdb_daily_dag.py took 0.035 seconds
[2026-03-23T08:15:36.874+0000] {processor.py:161} INFO - Started process (PID=12637) to work on /opt/airflow/dags/tmdb_daily_dag.py
[2026-03-23T08:15:36.875+0000] {processor.py:830} INFO - Processing file /opt/airflow/dags/tmdb_daily_dag.py for tasks to queue
[2026-03-23T08:15:36.875+0000] {logging_mixin.py:188} INFO - [2026-03-23T08:15:36.875+0000] {dagbag.py:545} INFO - Filling up the DagBag from /opt/airflow/dags/tmdb_daily_dag.py
[2026-03-23T08:15:36.881+0000] {processor.py:840} INFO - DAG(s) 'tmdb_raw_pipeline' retrieved from /opt/airflow/dags/tmdb_daily_dag.py
[2026-03-23T08:15:36.891+0000] {logging_mixin.py:188} INFO - [2026-03-23T08:15:36.891+0000] {dag.py:3096} INFO - Sync 1 DAGs
[2026-03-23T08:15:36.898+0000] {logging_mixin.py:188} INFO - [2026-03-23T08:15:36.898+0000] {dag.py:3954} INFO - Setting next_dagrun for tmdb_raw_pipeline to 2026-03-23 00:00:00+00:00, run_after=2026-03-24 00:00:00+00:00
[2026-03-23T08:15:36.904+0000] {processor.py:183} INFO - Processing /opt/airflow/dags/tmdb_daily_dag.py took 0.032 seconds
[2026-03-23T08:16:07.463+0000] {processor.py:161} INFO - Started process (PID=12657) to work on /opt/airflow/dags/tmdb_daily_dag.py
[2026-03-23T08:16:07.465+0000] {processor.py:830} INFO - Processing file /opt/airflow/dags/tmdb_daily_dag.py for tasks to queue
[2026-03-23T08:16:07.465+0000] {logging_mixin.py:188} INFO - [2026-03-23T08:16:07.465+0000] {dagbag.py:545} INFO - Filling up the DagBag from /opt/airflow/dags/tmdb_daily_dag.py
[2026-03-23T08:16:07.472+0000] {processor.py:840} INFO - DAG(s) 'tmdb_raw_pipeline' retrieved from /opt/airflow/dags/tmdb_daily_dag.py
[2026-03-23T08:16:07.485+0000] {logging_mixin.py:188} INFO - [2026-03-23T08:16:07.485+0000] {dag.py:3096} INFO - Sync 1 DAGs
[2026-03-23T08:16:07.495+0000] {logging_mixin.py:188} INFO - [2026-03-23T08:16:07.495+0000] {dag.py:3954} INFO - Setting next_dagrun for tmdb_raw_pipeline to 2026-03-23 00:00:00+00:00, run_after=2026-03-24 00:00:00+00:00
[2026-03-23T08:16:07.501+0000] {processor.py:183} INFO - Processing /opt/airflow/dags/tmdb_daily_dag.py took 0.041 seconds
[2026-03-23T08:16:38.150+0000] {processor.py:161} INFO - Started process (PID=12677) to work on /opt/airflow/dags/tmdb_daily_dag.py
[2026-03-23T08:16:38.151+0000] {processor.py:830} INFO - Processing file /opt/airflow/dags/tmdb_daily_dag.py for tasks to queue
[2026-03-23T08:16:38.151+0000] {logging_mixin.py:188} INFO - [2026-03-23T08:16:38.151+0000] {dagbag.py:545} INFO - Filling up the DagBag from /opt/airflow/dags/tmdb_daily_dag.py
[2026-03-23T08:16:38.159+0000] {processor.py:840} INFO - DAG(s) 'tmdb_raw_pipeline' retrieved from /opt/airflow/dags/tmdb_daily_dag.py
[2026-03-23T08:16:38.172+0000] {logging_mixin.py:188} INFO - [2026-03-23T08:16:38.172+0000] {dag.py:3096} INFO - Sync 1 DAGs
[2026-03-23T08:16:38.188+0000] {logging_mixin.py:188} INFO - [2026-03-23T08:16:38.188+0000] {dag.py:3954} INFO - Setting next_dagrun for tmdb_raw_pipeline to 2026-03-23 00:00:00+00:00, run_after=2026-03-24 00:00:00+00:00
[2026-03-23T08:16:38.200+0000] {processor.py:183} INFO - Processing /opt/airflow/dags/tmdb_daily_dag.py took 0.054 seconds
[2026-03-23T08:17:08.663+0000] {processor.py:161} INFO - Started process (PID=12697) to work on /opt/airflow/dags/tmdb_daily_dag.py
[2026-03-23T08:17:08.664+0000] {processor.py:830} INFO - Processing file /opt/airflow/dags/tmdb_daily_dag.py for tasks to queue
[2026-03-23T08:17:08.665+0000] {logging_mixin.py:188} INFO - [2026-03-23T08:17:08.665+0000] {dagbag.py:545} INFO - Filling up the DagBag from /opt/airflow/dags/tmdb_daily_dag.py
[2026-03-23T08:17:08.672+0000] {processor.py:840} INFO - DAG(s) 'tmdb_raw_pipeline' retrieved from /opt/airflow/dags/tmdb_daily_dag.py
[2026-03-23T08:17:08.684+0000] {logging_mixin.py:188} INFO - [2026-03-23T08:17:08.684+0000] {dag.py:3096} INFO - Sync 1 DAGs
[2026-03-23T08:17:08.695+0000] {logging_mixin.py:188} INFO - [2026-03-23T08:17:08.695+0000] {dag.py:3954} INFO - Setting next_dagrun for tmdb_raw_pipeline to 2026-03-23 00:00:00+00:00, run_after=2026-03-24 00:00:00+00:00
[2026-03-23T08:17:08.701+0000] {processor.py:183} INFO - Processing /opt/airflow/dags/tmdb_daily_dag.py took 0.041 seconds
[2026-03-23T08:17:39.236+0000] {processor.py:161} INFO - Started process (PID=12717) to work on /opt/airflow/dags/tmdb_daily_dag.py
[2026-03-23T08:17:39.236+0000] {processor.py:830} INFO - Processing file /opt/airflow/dags/tmdb_daily_dag.py for tasks to queue
[2026-03-23T08:17:39.237+0000] {logging_mixin.py:188} INFO - [2026-03-23T08:17:39.237+0000] {dagbag.py:545} INFO - Filling up the DagBag from /opt/airflow/dags/tmdb_daily_dag.py
[2026-03-23T08:17:39.243+0000] {processor.py:840} INFO - DAG(s) 'tmdb_raw_pipeline' retrieved from /opt/airflow/dags/tmdb_daily_dag.py
[2026-03-23T08:17:39.256+0000] {logging_mixin.py:188} INFO - [2026-03-23T08:17:39.256+0000] {dag.py:3096} INFO - Sync 1 DAGs
[2026-03-23T08:17:39.265+0000] {logging_mixin.py:188} INFO - [2026-03-23T08:17:39.265+0000] {dag.py:3954} INFO - Setting next_dagrun for tmdb_raw_pipeline to 2026-03-23 00:00:00+00:00, run_after=2026-03-24 00:00:00+00:00
[2026-03-23T08:17:39.271+0000] {processor.py:183} INFO - Processing /opt/airflow/dags/tmdb_daily_dag.py took 0.038 seconds
[2026-03-23T08:18:09.738+0000] {processor.py:161} INFO - Started process (PID=12737) to work on /opt/airflow/dags/tmdb_daily_dag.py
[2026-03-23T08:18:09.738+0000] {processor.py:830} INFO - Processing file /opt/airflow/dags/tmdb_daily_dag.py for tasks to queue
[2026-03-23T08:18:09.739+0000] {logging_mixin.py:188} INFO - [2026-03-23T08:18:09.739+0000] {dagbag.py:545} INFO - Filling up the DagBag from /opt/airflow/dags/tmdb_daily_dag.py
[2026-03-23T08:18:09.744+0000] {processor.py:840} INFO - DAG(s) 'tmdb_raw_pipeline' retrieved from /opt/airflow/dags/tmdb_daily_dag.py
[2026-03-23T08:18:09.754+0000] {logging_mixin.py:188} INFO - [2026-03-23T08:18:09.754+0000] {dag.py:3096} INFO - Sync 1 DAGs
[2026-03-23T08:18:09.762+0000] {logging_mixin.py:188} INFO - [2026-03-23T08:18:09.762+0000] {dag.py:3954} INFO - Setting next_dagrun for tmdb_raw_pipeline to 2026-03-23 00:00:00+00:00, run_after=2026-03-24 00:00:00+00:00
[2026-03-23T08:18:09.768+0000] {processor.py:183} INFO - Processing /opt/airflow/dags/tmdb_daily_dag.py took 0.034 seconds
[2026-03-23T08:18:40.261+0000] {processor.py:161} INFO - Started process (PID=12757) to work on /opt/airflow/dags/tmdb_daily_dag.py
[2026-03-23T08:18:40.262+0000] {processor.py:830} INFO - Processing file /opt/airflow/dags/tmdb_daily_dag.py for tasks to queue
[2026-03-23T08:18:40.262+0000] {logging_mixin.py:188} INFO - [2026-03-23T08:18:40.262+0000] {dagbag.py:545} INFO - Filling up the DagBag from /opt/airflow/dags/tmdb_daily_dag.py
[2026-03-23T08:18:40.268+0000] {processor.py:840} INFO - DAG(s) 'tmdb_raw_pipeline' retrieved from /opt/airflow/dags/tmdb_daily_dag.py
[2026-03-23T08:18:40.278+0000] {logging_mixin.py:188} INFO - [2026-03-23T08:18:40.278+0000] {dag.py:3096} INFO - Sync 1 DAGs
[2026-03-23T08:18:40.289+0000] {logging_mixin.py:188} INFO - [2026-03-23T08:18:40.289+0000] {dag.py:3954} INFO - Setting next_dagrun for tmdb_raw_pipeline to 2026-03-23 00:00:00+00:00, run_after=2026-03-24 00:00:00+00:00
[2026-03-23T08:18:40.295+0000] {processor.py:183} INFO - Processing /opt/airflow/dags/tmdb_daily_dag.py took 0.036 seconds
[2026-03-23T08:19:10.697+0000] {processor.py:161} INFO - Started process (PID=12776) to work on /opt/airflow/dags/tmdb_daily_dag.py
[2026-03-23T08:19:10.698+0000] {processor.py:830} INFO - Processing file /opt/airflow/dags/tmdb_daily_dag.py for tasks to queue
[2026-03-23T08:19:10.699+0000] {logging_mixin.py:188} INFO - [2026-03-23T08:19:10.699+0000] {dagbag.py:545} INFO - Filling up the DagBag from /opt/airflow/dags/tmdb_daily_dag.py
[2026-03-23T08:19:10.706+0000] {processor.py:840} INFO - DAG(s) 'tmdb_raw_pipeline' retrieved from /opt/airflow/dags/tmdb_daily_dag.py
[2026-03-23T08:19:10.723+0000] {logging_mixin.py:188} INFO - [2026-03-23T08:19:10.723+0000] {dag.py:3096} INFO - Sync 1 DAGs
[2026-03-23T08:19:10.733+0000] {logging_mixin.py:188} INFO - [2026-03-23T08:19:10.733+0000] {dag.py:3954} INFO - Setting next_dagrun for tmdb_raw_pipeline to 2026-03-23 00:00:00+00:00, run_after=2026-03-24 00:00:00+00:00
[2026-03-23T08:19:10.743+0000] {processor.py:183} INFO - Processing /opt/airflow/dags/tmdb_daily_dag.py took 0.049 seconds
[2026-03-23T08:19:41.326+0000] {processor.py:161} INFO - Started process (PID=12797) to work on /opt/airflow/dags/tmdb_daily_dag.py
[2026-03-23T08:19:41.328+0000] {processor.py:830} INFO - Processing file /opt/airflow/dags/tmdb_daily_dag.py for tasks to queue
[2026-03-23T08:19:41.328+0000] {logging_mixin.py:188} INFO - [2026-03-23T08:19:41.328+0000] {dagbag.py:545} INFO - Filling up the DagBag from /opt/airflow/dags/tmdb_daily_dag.py
[2026-03-23T08:19:41.335+0000] {processor.py:840} INFO - DAG(s) 'tmdb_raw_pipeline' retrieved from /opt/airflow/dags/tmdb_daily_dag.py
[2026-03-23T08:19:41.347+0000] {logging_mixin.py:188} INFO - [2026-03-23T08:19:41.347+0000] {dag.py:3096} INFO - Sync 1 DAGs
[2026-03-23T08:19:41.356+0000] {logging_mixin.py:188} INFO - [2026-03-23T08:19:41.356+0000] {dag.py:3954} INFO - Setting next_dagrun for tmdb_raw_pipeline to 2026-03-23 00:00:00+00:00, run_after=2026-03-24 00:00:00+00:00
[2026-03-23T08:19:41.362+0000] {processor.py:183} INFO - Processing /opt/airflow/dags/tmdb_daily_dag.py took 0.040 seconds
[2026-03-23T08:20:11.872+0000] {processor.py:161} INFO - Started process (PID=12817) to work on /opt/airflow/dags/tmdb_daily_dag.py
[2026-03-23T08:20:11.874+0000] {processor.py:830} INFO - Processing file /opt/airflow/dags/tmdb_daily_dag.py for tasks to queue
[2026-03-23T08:20:11.875+0000] {logging_mixin.py:188} INFO - [2026-03-23T08:20:11.875+0000] {dagbag.py:545} INFO - Filling up the DagBag from /opt/airflow/dags/tmdb_daily_dag.py
[2026-03-23T08:20:11.881+0000] {processor.py:840} INFO - DAG(s) 'tmdb_raw_pipeline' retrieved from /opt/airflow/dags/tmdb_daily_dag.py
[2026-03-23T08:20:11.893+0000] {logging_mixin.py:188} INFO - [2026-03-23T08:20:11.893+0000] {dag.py:3096} INFO - Sync 1 DAGs
[2026-03-23T08:20:11.902+0000] {logging_mixin.py:188} INFO - [2026-03-23T08:20:11.902+0000] {dag.py:3954} INFO - Setting next_dagrun for tmdb_raw_pipeline to 2026-03-23 00:00:00+00:00, run_after=2026-03-24 00:00:00+00:00
[2026-03-23T08:20:11.909+0000] {processor.py:183} INFO - Processing /opt/airflow/dags/tmdb_daily_dag.py took 0.043 seconds
[2026-03-23T08:20:42.419+0000] {processor.py:161} INFO - Started process (PID=12837) to work on /opt/airflow/dags/tmdb_daily_dag.py
[2026-03-23T08:20:42.419+0000] {processor.py:830} INFO - Processing file /opt/airflow/dags/tmdb_daily_dag.py for tasks to queue
[2026-03-23T08:20:42.420+0000] {logging_mixin.py:188} INFO - [2026-03-23T08:20:42.419+0000] {dagbag.py:545} INFO - Filling up the DagBag from /opt/airflow/dags/tmdb_daily_dag.py
[2026-03-23T08:20:42.426+0000] {processor.py:840} INFO - DAG(s) 'tmdb_raw_pipeline' retrieved from /opt/airflow/dags/tmdb_daily_dag.py
[2026-03-23T08:20:42.438+0000] {logging_mixin.py:188} INFO - [2026-03-23T08:20:42.438+0000] {dag.py:3096} INFO - Sync 1 DAGs
[2026-03-23T08:20:42.446+0000] {logging_mixin.py:188} INFO - [2026-03-23T08:20:42.446+0000] {dag.py:3954} INFO - Setting next_dagrun for tmdb_raw_pipeline to 2026-03-23 00:00:00+00:00, run_after=2026-03-24 00:00:00+00:00
[2026-03-23T08:20:42.453+0000] {processor.py:183} INFO - Processing /opt/airflow/dags/tmdb_daily_dag.py took 0.038 seconds
[2026-03-23T08:21:12.904+0000] {processor.py:161} INFO - Started process (PID=12857) to work on /opt/airflow/dags/tmdb_daily_dag.py
[2026-03-23T08:21:12.905+0000] {processor.py:830} INFO - Processing file /opt/airflow/dags/tmdb_daily_dag.py for tasks to queue
[2026-03-23T08:21:12.905+0000] {logging_mixin.py:188} INFO - [2026-03-23T08:21:12.905+0000] {dagbag.py:545} INFO - Filling up the DagBag from /opt/airflow/dags/tmdb_daily_dag.py
[2026-03-23T08:21:12.911+0000] {processor.py:840} INFO - DAG(s) 'tmdb_raw_pipeline' retrieved from /opt/airflow/dags/tmdb_daily_dag.py
[2026-03-23T08:21:12.921+0000] {logging_mixin.py:188} INFO - [2026-03-23T08:21:12.921+0000] {dag.py:3096} INFO - Sync 1 DAGs
[2026-03-23T08:21:12.929+0000] {logging_mixin.py:188} INFO - [2026-03-23T08:21:12.929+0000] {dag.py:3954} INFO - Setting next_dagrun for tmdb_raw_pipeline to 2026-03-23 00:00:00+00:00, run_after=2026-03-24 00:00:00+00:00
[2026-03-23T08:21:12.935+0000] {processor.py:183} INFO - Processing /opt/airflow/dags/tmdb_daily_dag.py took 0.034 seconds
[2026-03-23T08:21:43.523+0000] {processor.py:161} INFO - Started process (PID=12877) to work on /opt/airflow/dags/tmdb_daily_dag.py
[2026-03-23T08:21:43.524+0000] {processor.py:830} INFO - Processing file /opt/airflow/dags/tmdb_daily_dag.py for tasks to queue
[2026-03-23T08:21:43.524+0000] {logging_mixin.py:188} INFO - [2026-03-23T08:21:43.524+0000] {dagbag.py:545} INFO - Filling up the DagBag from /opt/airflow/dags/tmdb_daily_dag.py
[2026-03-23T08:21:43.531+0000] {processor.py:840} INFO - DAG(s) 'tmdb_raw_pipeline' retrieved from /opt/airflow/dags/tmdb_daily_dag.py
[2026-03-23T08:21:43.542+0000] {logging_mixin.py:188} INFO - [2026-03-23T08:21:43.542+0000] {dag.py:3096} INFO - Sync 1 DAGs
[2026-03-23T08:21:43.552+0000] {logging_mixin.py:188} INFO - [2026-03-23T08:21:43.552+0000] {dag.py:3954} INFO - Setting next_dagrun for tmdb_raw_pipeline to 2026-03-23 00:00:00+00:00, run_after=2026-03-24 00:00:00+00:00
[2026-03-23T08:21:43.558+0000] {processor.py:183} INFO - Processing /opt/airflow/dags/tmdb_daily_dag.py took 0.037 seconds
[2026-03-23T08:22:13.998+0000] {processor.py:161} INFO - Started process (PID=12897) to work on /opt/airflow/dags/tmdb_daily_dag.py
[2026-03-23T08:22:13.999+0000] {processor.py:830} INFO - Processing file /opt/airflow/dags/tmdb_daily_dag.py for tasks to queue
[2026-03-23T08:22:13.999+0000] {logging_mixin.py:188} INFO - [2026-03-23T08:22:13.999+0000] {dagbag.py:545} INFO - Filling up the DagBag from /opt/airflow/dags/tmdb_daily_dag.py
[2026-03-23T08:22:14.005+0000] {processor.py:840} INFO - DAG(s) 'tmdb_raw_pipeline' retrieved from /opt/airflow/dags/tmdb_daily_dag.py
[2026-03-23T08:22:14.016+0000] {logging_mixin.py:188} INFO - [2026-03-23T08:22:14.016+0000] {dag.py:3096} INFO - Sync 1 DAGs
[2026-03-23T08:22:14.025+0000] {logging_mixin.py:188} INFO - [2026-03-23T08:22:14.025+0000] {dag.py:3954} INFO - Setting next_dagrun for tmdb_raw_pipeline to 2026-03-23 00:00:00+00:00, run_after=2026-03-24 00:00:00+00:00
[2026-03-23T08:22:14.030+0000] {processor.py:183} INFO - Processing /opt/airflow/dags/tmdb_daily_dag.py took 0.035 seconds
[2026-03-23T08:22:44.681+0000] {processor.py:161} INFO - Started process (PID=12917) to work on /opt/airflow/dags/tmdb_daily_dag.py
[2026-03-23T08:22:44.682+0000] {processor.py:830} INFO - Processing file /opt/airflow/dags/tmdb_daily_dag.py for tasks to queue
[2026-03-23T08:22:44.682+0000] {logging_mixin.py:188} INFO - [2026-03-23T08:22:44.682+0000] {dagbag.py:545} INFO - Filling up the DagBag from /opt/airflow/dags/tmdb_daily_dag.py
[2026-03-23T08:22:44.688+0000] {processor.py:840} INFO - DAG(s) 'tmdb_raw_pipeline' retrieved from /opt/airflow/dags/tmdb_daily_dag.py
[2026-03-23T08:22:44.698+0000] {logging_mixin.py:188} INFO - [2026-03-23T08:22:44.698+0000] {dag.py:3096} INFO - Sync 1 DAGs
[2026-03-23T08:22:44.707+0000] {logging_mixin.py:188} INFO - [2026-03-23T08:22:44.707+0000] {dag.py:3954} INFO - Setting next_dagrun for tmdb_raw_pipeline to 2026-03-23 00:00:00+00:00, run_after=2026-03-24 00:00:00+00:00
[2026-03-23T08:22:44.714+0000] {processor.py:183} INFO - Processing /opt/airflow/dags/tmdb_daily_dag.py took 0.036 seconds
[2026-03-23T08:23:15.177+0000] {processor.py:161} INFO - Started process (PID=12937) to work on /opt/airflow/dags/tmdb_daily_dag.py
[2026-03-23T08:23:15.178+0000] {processor.py:830} INFO - Processing file /opt/airflow/dags/tmdb_daily_dag.py for tasks to queue
[2026-03-23T08:23:15.178+0000] {logging_mixin.py:188} INFO - [2026-03-23T08:23:15.178+0000] {dagbag.py:545} INFO - Filling up the DagBag from /opt/airflow/dags/tmdb_daily_dag.py
[2026-03-23T08:23:15.183+0000] {processor.py:840} INFO - DAG(s) 'tmdb_raw_pipeline' retrieved from /opt/airflow/dags/tmdb_daily_dag.py
[2026-03-23T08:23:15.193+0000] {logging_mixin.py:188} INFO - [2026-03-23T08:23:15.193+0000] {dag.py:3096} INFO - Sync 1 DAGs
[2026-03-23T08:23:15.201+0000] {logging_mixin.py:188} INFO - [2026-03-23T08:23:15.201+0000] {dag.py:3954} INFO - Setting next_dagrun for tmdb_raw_pipeline to 2026-03-23 00:00:00+00:00, run_after=2026-03-24 00:00:00+00:00
[2026-03-23T08:23:15.207+0000] {processor.py:183} INFO - Processing /opt/airflow/dags/tmdb_daily_dag.py took 0.036 seconds
[2026-03-23T08:23:45.711+0000] {processor.py:161} INFO - Started process (PID=12957) to work on /opt/airflow/dags/tmdb_daily_dag.py
[2026-03-23T08:23:45.712+0000] {processor.py:830} INFO - Processing file /opt/airflow/dags/tmdb_daily_dag.py for tasks to queue
[2026-03-23T08:23:45.712+0000] {logging_mixin.py:188} INFO - [2026-03-23T08:23:45.712+0000] {dagbag.py:545} INFO - Filling up the DagBag from /opt/airflow/dags/tmdb_daily_dag.py
[2026-03-23T08:23:45.718+0000] {processor.py:840} INFO - DAG(s) 'tmdb_raw_pipeline' retrieved from /opt/airflow/dags/tmdb_daily_dag.py
[2026-03-23T08:23:45.727+0000] {logging_mixin.py:188} INFO - [2026-03-23T08:23:45.727+0000] {dag.py:3096} INFO - Sync 1 DAGs
[2026-03-23T08:23:45.735+0000] {logging_mixin.py:188} INFO - [2026-03-23T08:23:45.735+0000] {dag.py:3954} INFO - Setting next_dagrun for tmdb_raw_pipeline to 2026-03-23 00:00:00+00:00, run_after=2026-03-24 00:00:00+00:00
[2026-03-23T08:23:45.741+0000] {processor.py:183} INFO - Processing /opt/airflow/dags/tmdb_daily_dag.py took 0.042 seconds
[2026-03-23T08:24:16.171+0000] {processor.py:161} INFO - Started process (PID=12977) to work on /opt/airflow/dags/tmdb_daily_dag.py
[2026-03-23T08:24:16.172+0000] {processor.py:830} INFO - Processing file /opt/airflow/dags/tmdb_daily_dag.py for tasks to queue
[2026-03-23T08:24:16.172+0000] {logging_mixin.py:188} INFO - [2026-03-23T08:24:16.172+0000] {dagbag.py:545} INFO - Filling up the DagBag from /opt/airflow/dags/tmdb_daily_dag.py
[2026-03-23T08:24:16.178+0000] {processor.py:840} INFO - DAG(s) 'tmdb_raw_pipeline' retrieved from /opt/airflow/dags/tmdb_daily_dag.py
[2026-03-23T08:24:16.188+0000] {logging_mixin.py:188} INFO - [2026-03-23T08:24:16.188+0000] {dag.py:3096} INFO - Sync 1 DAGs
[2026-03-23T08:24:16.196+0000] {logging_mixin.py:188} INFO - [2026-03-23T08:24:16.196+0000] {dag.py:3954} INFO - Setting next_dagrun for tmdb_raw_pipeline to 2026-03-23 00:00:00+00:00, run_after=2026-03-24 00:00:00+00:00
[2026-03-23T08:24:16.202+0000] {processor.py:183} INFO - Processing /opt/airflow/dags/tmdb_daily_dag.py took 0.033 seconds
[2026-03-23T08:24:46.665+0000] {processor.py:161} INFO - Started process (PID=12997) to work on /opt/airflow/dags/tmdb_daily_dag.py
[2026-03-23T08:24:46.666+0000] {processor.py:830} INFO - Processing file /opt/airflow/dags/tmdb_daily_dag.py for tasks to queue
[2026-03-23T08:24:46.666+0000] {logging_mixin.py:188} INFO - [2026-03-23T08:24:46.666+0000] {dagbag.py:545} INFO - Filling up the DagBag from /opt/airflow/dags/tmdb_daily_dag.py
[2026-03-23T08:24:46.671+0000] {processor.py:840} INFO - DAG(s) 'tmdb_raw_pipeline' retrieved from /opt/airflow/dags/tmdb_daily_dag.py
[2026-03-23T08:24:46.681+0000] {logging_mixin.py:188} INFO - [2026-03-23T08:24:46.681+0000] {dag.py:3096} INFO - Sync 1 DAGs
[2026-03-23T08:24:46.689+0000] {logging_mixin.py:188} INFO - [2026-03-23T08:24:46.689+0000] {dag.py:3954} INFO - Setting next_dagrun for tmdb_raw_pipeline to 2026-03-23 00:00:00+00:00, run_after=2026-03-24 00:00:00+00:00
[2026-03-23T08:24:46.695+0000] {processor.py:183} INFO - Processing /opt/airflow/dags/tmdb_daily_dag.py took 0.033 seconds
[2026-03-23T08:25:17.189+0000] {processor.py:161} INFO - Started process (PID=13017) to work on /opt/airflow/dags/tmdb_daily_dag.py
[2026-03-23T08:25:17.190+0000] {processor.py:830} INFO - Processing file /opt/airflow/dags/tmdb_daily_dag.py for tasks to queue
[2026-03-23T08:25:17.190+0000] {logging_mixin.py:188} INFO - [2026-03-23T08:25:17.190+0000] {dagbag.py:545} INFO - Filling up the DagBag from /opt/airflow/dags/tmdb_daily_dag.py
[2026-03-23T08:25:17.200+0000] {processor.py:840} INFO - DAG(s) 'tmdb_raw_pipeline' retrieved from /opt/airflow/dags/tmdb_daily_dag.py
[2026-03-23T08:25:17.212+0000] {logging_mixin.py:188} INFO - [2026-03-23T08:25:17.211+0000] {dag.py:3096} INFO - Sync 1 DAGs
[2026-03-23T08:25:17.221+0000] {logging_mixin.py:188} INFO - [2026-03-23T08:25:17.221+0000] {dag.py:3954} INFO - Setting next_dagrun for tmdb_raw_pipeline to 2026-03-23 00:00:00+00:00, run_after=2026-03-24 00:00:00+00:00
[2026-03-23T08:25:17.227+0000] {processor.py:183} INFO - Processing /opt/airflow/dags/tmdb_daily_dag.py took 0.040 seconds
[2026-03-23T08:25:47.717+0000] {processor.py:161} INFO - Started process (PID=13037) to work on /opt/airflow/dags/tmdb_daily_dag.py
[2026-03-23T08:25:47.718+0000] {processor.py:830} INFO - Processing file /opt/airflow/dags/tmdb_daily_dag.py for tasks to queue
[2026-03-23T08:25:47.719+0000] {logging_mixin.py:188} INFO - [2026-03-23T08:25:47.718+0000] {dagbag.py:545} INFO - Filling up the DagBag from /opt/airflow/dags/tmdb_daily_dag.py
[2026-03-23T08:25:47.724+0000] {processor.py:840} INFO - DAG(s) 'tmdb_raw_pipeline' retrieved from /opt/airflow/dags/tmdb_daily_dag.py
[2026-03-23T08:25:47.734+0000] {logging_mixin.py:188} INFO - [2026-03-23T08:25:47.734+0000] {dag.py:3096} INFO - Sync 1 DAGs
[2026-03-23T08:25:47.743+0000] {logging_mixin.py:188} INFO - [2026-03-23T08:25:47.743+0000] {dag.py:3954} INFO - Setting next_dagrun for tmdb_raw_pipeline to 2026-03-23 00:00:00+00:00, run_after=2026-03-24 00:00:00+00:00
[2026-03-23T08:25:47.750+0000] {processor.py:183} INFO - Processing /opt/airflow/dags/tmdb_daily_dag.py took 0.035 seconds
[2026-03-23T08:26:18.269+0000] {processor.py:161} INFO - Started process (PID=13057) to work on /opt/airflow/dags/tmdb_daily_dag.py
[2026-03-23T08:26:18.270+0000] {processor.py:830} INFO - Processing file /opt/airflow/dags/tmdb_daily_dag.py for tasks to queue
[2026-03-23T08:26:18.270+0000] {logging_mixin.py:188} INFO - [2026-03-23T08:26:18.270+0000] {dagbag.py:545} INFO - Filling up the DagBag from /opt/airflow/dags/tmdb_daily_dag.py
[2026-03-23T08:26:18.277+0000] {processor.py:840} INFO - DAG(s) 'tmdb_raw_pipeline' retrieved from /opt/airflow/dags/tmdb_daily_dag.py
[2026-03-23T08:26:18.286+0000] {logging_mixin.py:188} INFO - [2026-03-23T08:26:18.286+0000] {dag.py:3096} INFO - Sync 1 DAGs
[2026-03-23T08:26:18.295+0000] {logging_mixin.py:188} INFO - [2026-03-23T08:26:18.295+0000] {dag.py:3954} INFO - Setting next_dagrun for tmdb_raw_pipeline to 2026-03-23 00:00:00+00:00, run_after=2026-03-24 00:00:00+00:00
[2026-03-23T08:26:18.302+0000] {processor.py:183} INFO - Processing /opt/airflow/dags/tmdb_daily_dag.py took 0.035 seconds
[2026-03-23T08:26:48.875+0000] {processor.py:161} INFO - Started process (PID=13077) to work on /opt/airflow/dags/tmdb_daily_dag.py
[2026-03-23T08:26:48.876+0000] {processor.py:830} INFO - Processing file /opt/airflow/dags/tmdb_daily_dag.py for tasks to queue
[2026-03-23T08:26:48.876+0000] {logging_mixin.py:188} INFO - [2026-03-23T08:26:48.876+0000] {dagbag.py:545} INFO - Filling up the DagBag from /opt/airflow/dags/tmdb_daily_dag.py
[2026-03-23T08:26:48.882+0000] {processor.py:840} INFO - DAG(s) 'tmdb_raw_pipeline' retrieved from /opt/airflow/dags/tmdb_daily_dag.py
[2026-03-23T08:26:48.892+0000] {logging_mixin.py:188} INFO - [2026-03-23T08:26:48.892+0000] {dag.py:3096} INFO - Sync 1 DAGs
[2026-03-23T08:26:48.905+0000] {logging_mixin.py:188} INFO - [2026-03-23T08:26:48.904+0000] {dag.py:3954} INFO - Setting next_dagrun for tmdb_raw_pipeline to 2026-03-23 00:00:00+00:00, run_after=2026-03-24 00:00:00+00:00
[2026-03-23T08:26:48.911+0000] {processor.py:183} INFO - Processing /opt/airflow/dags/tmdb_daily_dag.py took 0.039 seconds
[2026-03-23T08:27:19.349+0000] {processor.py:161} INFO - Started process (PID=13097) to work on /opt/airflow/dags/tmdb_daily_dag.py
[2026-03-23T08:27:19.349+0000] {processor.py:830} INFO - Processing file /opt/airflow/dags/tmdb_daily_dag.py for tasks to queue
[2026-03-23T08:27:19.350+0000] {logging_mixin.py:188} INFO - [2026-03-23T08:27:19.350+0000] {dagbag.py:545} INFO - Filling up the DagBag from /opt/airflow/dags/tmdb_daily_dag.py
[2026-03-23T08:27:19.356+0000] {processor.py:840} INFO - DAG(s) 'tmdb_raw_pipeline' retrieved from /opt/airflow/dags/tmdb_daily_dag.py
[2026-03-23T08:27:19.365+0000] {logging_mixin.py:188} INFO - [2026-03-23T08:27:19.365+0000] {dag.py:3096} INFO - Sync 1 DAGs
[2026-03-23T08:27:19.375+0000] {logging_mixin.py:188} INFO - [2026-03-23T08:27:19.375+0000] {dag.py:3954} INFO - Setting next_dagrun for tmdb_raw_pipeline to 2026-03-23 00:00:00+00:00, run_after=2026-03-24 00:00:00+00:00
[2026-03-23T08:27:19.381+0000] {processor.py:183} INFO - Processing /opt/airflow/dags/tmdb_daily_dag.py took 0.035 seconds
[2026-03-23T08:27:49.944+0000] {processor.py:161} INFO - Started process (PID=13117) to work on /opt/airflow/dags/tmdb_daily_dag.py
[2026-03-23T08:27:49.945+0000] {processor.py:830} INFO - Processing file /opt/airflow/dags/tmdb_daily_dag.py for tasks to queue
[2026-03-23T08:27:49.945+0000] {logging_mixin.py:188} INFO - [2026-03-23T08:27:49.945+0000] {dagbag.py:545} INFO - Filling up the DagBag from /opt/airflow/dags/tmdb_daily_dag.py
[2026-03-23T08:27:49.951+0000] {processor.py:840} INFO - DAG(s) 'tmdb_raw_pipeline' retrieved from /opt/airflow/dags/tmdb_daily_dag.py
[2026-03-23T08:27:49.961+0000] {logging_mixin.py:188} INFO - [2026-03-23T08:27:49.961+0000] {dag.py:3096} INFO - Sync 1 DAGs
[2026-03-23T08:27:49.970+0000] {logging_mixin.py:188} INFO - [2026-03-23T08:27:49.970+0000] {dag.py:3954} INFO - Setting next_dagrun for tmdb_raw_pipeline to 2026-03-23 00:00:00+00:00, run_after=2026-03-24 00:00:00+00:00
[2026-03-23T08:27:49.976+0000] {processor.py:183} INFO - Processing /opt/airflow/dags/tmdb_daily_dag.py took 0.034 seconds
[2026-03-23T08:28:20.376+0000] {processor.py:161} INFO - Started process (PID=13137) to work on /opt/airflow/dags/tmdb_daily_dag.py
[2026-03-23T08:28:20.377+0000] {processor.py:830} INFO - Processing file /opt/airflow/dags/tmdb_daily_dag.py for tasks to queue
[2026-03-23T08:28:20.377+0000] {logging_mixin.py:188} INFO - [2026-03-23T08:28:20.377+0000] {dagbag.py:545} INFO - Filling up the DagBag from /opt/airflow/dags/tmdb_daily_dag.py
[2026-03-23T08:28:20.383+0000] {processor.py:840} INFO - DAG(s) 'tmdb_raw_pipeline' retrieved from /opt/airflow/dags/tmdb_daily_dag.py
[2026-03-23T08:28:20.394+0000] {logging_mixin.py:188} INFO - [2026-03-23T08:28:20.394+0000] {dag.py:3096} INFO - Sync 1 DAGs
[2026-03-23T08:28:20.402+0000] {logging_mixin.py:188} INFO - [2026-03-23T08:28:20.402+0000] {dag.py:3954} INFO - Setting next_dagrun for tmdb_raw_pipeline to 2026-03-23 00:00:00+00:00, run_after=2026-03-24 00:00:00+00:00
[2026-03-23T08:28:20.407+0000] {processor.py:183} INFO - Processing /opt/airflow/dags/tmdb_daily_dag.py took 0.034 seconds
[2026-03-23T08:28:50.924+0000] {processor.py:161} INFO - Started process (PID=13157) to work on /opt/airflow/dags/tmdb_daily_dag.py
[2026-03-23T08:28:50.924+0000] {processor.py:830} INFO - Processing file /opt/airflow/dags/tmdb_daily_dag.py for tasks to queue
[2026-03-23T08:28:50.925+0000] {logging_mixin.py:188} INFO - [2026-03-23T08:28:50.925+0000] {dagbag.py:545} INFO - Filling up the DagBag from /opt/airflow/dags/tmdb_daily_dag.py
[2026-03-23T08:28:50.935+0000] {processor.py:840} INFO - DAG(s) 'tmdb_raw_pipeline' retrieved from /opt/airflow/dags/tmdb_daily_dag.py
[2026-03-23T08:28:50.946+0000] {logging_mixin.py:188} INFO - [2026-03-23T08:28:50.946+0000] {dag.py:3096} INFO - Sync 1 DAGs
[2026-03-23T08:28:50.955+0000] {logging_mixin.py:188} INFO - [2026-03-23T08:28:50.955+0000] {dag.py:3954} INFO - Setting next_dagrun for tmdb_raw_pipeline to 2026-03-23 00:00:00+00:00, run_after=2026-03-24 00:00:00+00:00
[2026-03-23T08:28:50.961+0000] {processor.py:183} INFO - Processing /opt/airflow/dags/tmdb_daily_dag.py took 0.040 seconds
[2026-03-23T08:29:21.362+0000] {processor.py:161} INFO - Started process (PID=13177) to work on /opt/airflow/dags/tmdb_daily_dag.py
[2026-03-23T08:29:21.363+0000] {processor.py:830} INFO - Processing file /opt/airflow/dags/tmdb_daily_dag.py for tasks to queue
[2026-03-23T08:29:21.364+0000] {logging_mixin.py:188} INFO - [2026-03-23T08:29:21.363+0000] {dagbag.py:545} INFO - Filling up the DagBag from /opt/airflow/dags/tmdb_daily_dag.py
[2026-03-23T08:29:21.370+0000] {processor.py:840} INFO - DAG(s) 'tmdb_raw_pipeline' retrieved from /opt/airflow/dags/tmdb_daily_dag.py
[2026-03-23T08:29:21.384+0000] {logging_mixin.py:188} INFO - [2026-03-23T08:29:21.384+0000] {dag.py:3096} INFO - Sync 1 DAGs
[2026-03-23T08:29:21.394+0000] {logging_mixin.py:188} INFO - [2026-03-23T08:29:21.394+0000] {dag.py:3954} INFO - Setting next_dagrun for tmdb_raw_pipeline to 2026-03-23 00:00:00+00:00, run_after=2026-03-24 00:00:00+00:00
[2026-03-23T08:29:21.401+0000] {processor.py:183} INFO - Processing /opt/airflow/dags/tmdb_daily_dag.py took 0.043 seconds
[2026-03-23T08:29:51.866+0000] {processor.py:161} INFO - Started process (PID=13197) to work on /opt/airflow/dags/tmdb_daily_dag.py
[2026-03-23T08:29:51.867+0000] {processor.py:830} INFO - Processing file /opt/airflow/dags/tmdb_daily_dag.py for tasks to queue
[2026-03-23T08:29:51.867+0000] {logging_mixin.py:188} INFO - [2026-03-23T08:29:51.867+0000] {dagbag.py:545} INFO - Filling up the DagBag from /opt/airflow/dags/tmdb_daily_dag.py
[2026-03-23T08:29:51.873+0000] {processor.py:840} INFO - DAG(s) 'tmdb_raw_pipeline' retrieved from /opt/airflow/dags/tmdb_daily_dag.py
[2026-03-23T08:29:51.883+0000] {logging_mixin.py:188} INFO - [2026-03-23T08:29:51.883+0000] {dag.py:3096} INFO - Sync 1 DAGs
[2026-03-23T08:29:51.892+0000] {logging_mixin.py:188} INFO - [2026-03-23T08:29:51.892+0000] {dag.py:3954} INFO - Setting next_dagrun for tmdb_raw_pipeline to 2026-03-23 00:00:00+00:00, run_after=2026-03-24 00:00:00+00:00
[2026-03-23T08:29:51.898+0000] {processor.py:183} INFO - Processing /opt/airflow/dags/tmdb_daily_dag.py took 0.035 seconds
[2026-03-23T08:30:22.332+0000] {processor.py:161} INFO - Started process (PID=13217) to work on /opt/airflow/dags/tmdb_daily_dag.py
[2026-03-23T08:30:22.333+0000] {processor.py:830} INFO - Processing file /opt/airflow/dags/tmdb_daily_dag.py for tasks to queue
[2026-03-23T08:30:22.333+0000] {logging_mixin.py:188} INFO - [2026-03-23T08:30:22.333+0000] {dagbag.py:545} INFO - Filling up the DagBag from /opt/airflow/dags/tmdb_daily_dag.py
[2026-03-23T08:30:22.339+0000] {processor.py:840} INFO - DAG(s) 'tmdb_raw_pipeline' retrieved from /opt/airflow/dags/tmdb_daily_dag.py
[2026-03-23T08:30:22.349+0000] {logging_mixin.py:188} INFO - [2026-03-23T08:30:22.349+0000] {dag.py:3096} INFO - Sync 1 DAGs
[2026-03-23T08:30:22.358+0000] {logging_mixin.py:188} INFO - [2026-03-23T08:30:22.357+0000] {dag.py:3954} INFO - Setting next_dagrun for tmdb_raw_pipeline to 2026-03-23 00:00:00+00:00, run_after=2026-03-24 00:00:00+00:00
[2026-03-23T08:30:22.363+0000] {processor.py:183} INFO - Processing /opt/airflow/dags/tmdb_daily_dag.py took 0.034 seconds
[2026-03-23T08:30:52.871+0000] {processor.py:161} INFO - Started process (PID=13237) to work on /opt/airflow/dags/tmdb_daily_dag.py
[2026-03-23T08:30:52.872+0000] {processor.py:830} INFO - Processing file /opt/airflow/dags/tmdb_daily_dag.py for tasks to queue
[2026-03-23T08:30:52.872+0000] {logging_mixin.py:188} INFO - [2026-03-23T08:30:52.872+0000] {dagbag.py:545} INFO - Filling up the DagBag from /opt/airflow/dags/tmdb_daily_dag.py
[2026-03-23T08:30:52.878+0000] {processor.py:840} INFO - DAG(s) 'tmdb_raw_pipeline' retrieved from /opt/airflow/dags/tmdb_daily_dag.py
[2026-03-23T08:30:52.888+0000] {logging_mixin.py:188} INFO - [2026-03-23T08:30:52.887+0000] {dag.py:3096} INFO - Sync 1 DAGs
[2026-03-23T08:30:52.896+0000] {logging_mixin.py:188} INFO - [2026-03-23T08:30:52.896+0000] {dag.py:3954} INFO - Setting next_dagrun for tmdb_raw_pipeline to 2026-03-23 00:00:00+00:00, run_after=2026-03-24 00:00:00+00:00
[2026-03-23T08:30:52.902+0000] {processor.py:183} INFO - Processing /opt/airflow/dags/tmdb_daily_dag.py took 0.036 seconds
[2026-03-23T08:31:23.390+0000] {processor.py:161} INFO - Started process (PID=13257) to work on /opt/airflow/dags/tmdb_daily_dag.py
[2026-03-23T08:31:23.391+0000] {processor.py:830} INFO - Processing file /opt/airflow/dags/tmdb_daily_dag.py for tasks to queue
[2026-03-23T08:31:23.391+0000] {logging_mixin.py:188} INFO - [2026-03-23T08:31:23.391+0000] {dagbag.py:545} INFO - Filling up the DagBag from /opt/airflow/dags/tmdb_daily_dag.py
[2026-03-23T08:31:23.397+0000] {processor.py:840} INFO - DAG(s) 'tmdb_raw_pipeline' retrieved from /opt/airflow/dags/tmdb_daily_dag.py
[2026-03-23T08:31:23.406+0000] {logging_mixin.py:188} INFO - [2026-03-23T08:31:23.406+0000] {dag.py:3096} INFO - Sync 1 DAGs
[2026-03-23T08:31:23.415+0000] {logging_mixin.py:188} INFO - [2026-03-23T08:31:23.415+0000] {dag.py:3954} INFO - Setting next_dagrun for tmdb_raw_pipeline to 2026-03-23 00:00:00+00:00, run_after=2026-03-24 00:00:00+00:00
[2026-03-23T08:31:23.421+0000] {processor.py:183} INFO - Processing /opt/airflow/dags/tmdb_daily_dag.py took 0.034 seconds
[2026-03-23T08:31:53.828+0000] {processor.py:161} INFO - Started process (PID=13277) to work on /opt/airflow/dags/tmdb_daily_dag.py
[2026-03-23T08:31:53.829+0000] {processor.py:830} INFO - Processing file /opt/airflow/dags/tmdb_daily_dag.py for tasks to queue
[2026-03-23T08:31:53.829+0000] {logging_mixin.py:188} INFO - [2026-03-23T08:31:53.829+0000] {dagbag.py:545} INFO - Filling up the DagBag from /opt/airflow/dags/tmdb_daily_dag.py
[2026-03-23T08:31:53.835+0000] {processor.py:840} INFO - DAG(s) 'tmdb_raw_pipeline' retrieved from /opt/airflow/dags/tmdb_daily_dag.py
[2026-03-23T08:31:53.845+0000] {logging_mixin.py:188} INFO - [2026-03-23T08:31:53.845+0000] {dag.py:3096} INFO - Sync 1 DAGs
[2026-03-23T08:31:53.854+0000] {logging_mixin.py:188} INFO - [2026-03-23T08:31:53.854+0000] {dag.py:3954} INFO - Setting next_dagrun for tmdb_raw_pipeline to 2026-03-23 00:00:00+00:00, run_after=2026-03-24 00:00:00+00:00
[2026-03-23T08:31:53.859+0000] {processor.py:183} INFO - Processing /opt/airflow/dags/tmdb_daily_dag.py took 0.036 seconds
[2026-03-23T08:32:24.361+0000] {processor.py:161} INFO - Started process (PID=13297) to work on /opt/airflow/dags/tmdb_daily_dag.py
[2026-03-23T08:32:24.362+0000] {processor.py:830} INFO - Processing file /opt/airflow/dags/tmdb_daily_dag.py for tasks to queue
[2026-03-23T08:32:24.362+0000] {logging_mixin.py:188} INFO - [2026-03-23T08:32:24.362+0000] {dagbag.py:545} INFO - Filling up the DagBag from /opt/airflow/dags/tmdb_daily_dag.py
[2026-03-23T08:32:24.370+0000] {processor.py:840} INFO - DAG(s) 'tmdb_raw_pipeline' retrieved from /opt/airflow/dags/tmdb_daily_dag.py
[2026-03-23T08:32:24.381+0000] {logging_mixin.py:188} INFO - [2026-03-23T08:32:24.380+0000] {dag.py:3096} INFO - Sync 1 DAGs
[2026-03-23T08:32:24.390+0000] {logging_mixin.py:188} INFO - [2026-03-23T08:32:24.390+0000] {dag.py:3954} INFO - Setting next_dagrun for tmdb_raw_pipeline to 2026-03-23 00:00:00+00:00, run_after=2026-03-24 00:00:00+00:00
[2026-03-23T08:32:24.396+0000] {processor.py:183} INFO - Processing /opt/airflow/dags/tmdb_daily_dag.py took 0.037 seconds
[2026-03-23T08:32:54.947+0000] {processor.py:161} INFO - Started process (PID=13317) to work on /opt/airflow/dags/tmdb_daily_dag.py
[2026-03-23T08:32:54.948+0000] {processor.py:830} INFO - Processing file /opt/airflow/dags/tmdb_daily_dag.py for tasks to queue
[2026-03-23T08:32:54.948+0000] {logging_mixin.py:188} INFO - [2026-03-23T08:32:54.948+0000] {dagbag.py:545} INFO - Filling up the DagBag from /opt/airflow/dags/tmdb_daily_dag.py
[2026-03-23T08:32:54.954+0000] {processor.py:840} INFO - DAG(s) 'tmdb_raw_pipeline' retrieved from /opt/airflow/dags/tmdb_daily_dag.py
[2026-03-23T08:32:54.964+0000] {logging_mixin.py:188} INFO - [2026-03-23T08:32:54.964+0000] {dag.py:3096} INFO - Sync 1 DAGs
[2026-03-23T08:32:54.973+0000] {logging_mixin.py:188} INFO - [2026-03-23T08:32:54.973+0000] {dag.py:3954} INFO - Setting next_dagrun for tmdb_raw_pipeline to 2026-03-23 00:00:00+00:00, run_after=2026-03-24 00:00:00+00:00
[2026-03-23T08:32:54.979+0000] {processor.py:183} INFO - Processing /opt/airflow/dags/tmdb_daily_dag.py took 0.034 seconds
[2026-03-23T08:33:25.482+0000] {processor.py:161} INFO - Started process (PID=13337) to work on /opt/airflow/dags/tmdb_daily_dag.py
[2026-03-23T08:33:25.483+0000] {processor.py:830} INFO - Processing file /opt/airflow/dags/tmdb_daily_dag.py for tasks to queue
[2026-03-23T08:33:25.483+0000] {logging_mixin.py:188} INFO - [2026-03-23T08:33:25.483+0000] {dagbag.py:545} INFO - Filling up the DagBag from /opt/airflow/dags/tmdb_daily_dag.py
[2026-03-23T08:33:25.490+0000] {processor.py:840} INFO - DAG(s) 'tmdb_raw_pipeline' retrieved from /opt/airflow/dags/tmdb_daily_dag.py
[2026-03-23T08:33:25.501+0000] {logging_mixin.py:188} INFO - [2026-03-23T08:33:25.501+0000] {dag.py:3096} INFO - Sync 1 DAGs
[2026-03-23T08:33:25.511+0000] {logging_mixin.py:188} INFO - [2026-03-23T08:33:25.511+0000] {dag.py:3954} INFO - Setting next_dagrun for tmdb_raw_pipeline to 2026-03-23 00:00:00+00:00, run_after=2026-03-24 00:00:00+00:00
[2026-03-23T08:33:25.518+0000] {processor.py:183} INFO - Processing /opt/airflow/dags/tmdb_daily_dag.py took 0.039 seconds
[2026-03-23T08:33:55.966+0000] {processor.py:161} INFO - Started process (PID=13357) to work on /opt/airflow/dags/tmdb_daily_dag.py
[2026-03-23T08:33:55.967+0000] {processor.py:830} INFO - Processing file /opt/airflow/dags/tmdb_daily_dag.py for tasks to queue
[2026-03-23T08:33:55.967+0000] {logging_mixin.py:188} INFO - [2026-03-23T08:33:55.967+0000] {dagbag.py:545} INFO - Filling up the DagBag from /opt/airflow/dags/tmdb_daily_dag.py
[2026-03-23T08:33:55.976+0000] {processor.py:840} INFO - DAG(s) 'tmdb_raw_pipeline' retrieved from /opt/airflow/dags/tmdb_daily_dag.py
[2026-03-23T08:33:55.986+0000] {logging_mixin.py:188} INFO - [2026-03-23T08:33:55.986+0000] {dag.py:3096} INFO - Sync 1 DAGs
[2026-03-23T08:33:55.995+0000] {logging_mixin.py:188} INFO - [2026-03-23T08:33:55.995+0000] {dag.py:3954} INFO - Setting next_dagrun for tmdb_raw_pipeline to 2026-03-23 00:00:00+00:00, run_after=2026-03-24 00:00:00+00:00
[2026-03-23T08:33:56.001+0000] {processor.py:183} INFO - Processing /opt/airflow/dags/tmdb_daily_dag.py took 0.038 seconds
[2026-03-23T08:34:26.496+0000] {processor.py:161} INFO - Started process (PID=13377) to work on /opt/airflow/dags/tmdb_daily_dag.py
[2026-03-23T08:34:26.497+0000] {processor.py:830} INFO - Processing file /opt/airflow/dags/tmdb_daily_dag.py for tasks to queue
[2026-03-23T08:34:26.497+0000] {logging_mixin.py:188} INFO - [2026-03-23T08:34:26.497+0000] {dagbag.py:545} INFO - Filling up the DagBag from /opt/airflow/dags/tmdb_daily_dag.py
[2026-03-23T08:34:26.503+0000] {processor.py:840} INFO - DAG(s) 'tmdb_raw_pipeline' retrieved from /opt/airflow/dags/tmdb_daily_dag.py
[2026-03-23T08:34:26.514+0000] {logging_mixin.py:188} INFO - [2026-03-23T08:34:26.514+0000] {dag.py:3096} INFO - Sync 1 DAGs
[2026-03-23T08:34:26.522+0000] {logging_mixin.py:188} INFO - [2026-03-23T08:34:26.522+0000] {dag.py:3954} INFO - Setting next_dagrun for tmdb_raw_pipeline to 2026-03-23 00:00:00+00:00, run_after=2026-03-24 00:00:00+00:00
[2026-03-23T08:34:26.528+0000] {processor.py:183} INFO - Processing /opt/airflow/dags/tmdb_daily_dag.py took 0.034 seconds
[2026-03-23T08:34:57.044+0000] {processor.py:161} INFO - Started process (PID=13397) to work on /opt/airflow/dags/tmdb_daily_dag.py
[2026-03-23T08:34:57.046+0000] {processor.py:830} INFO - Processing file /opt/airflow/dags/tmdb_daily_dag.py for tasks to queue
[2026-03-23T08:34:57.046+0000] {logging_mixin.py:188} INFO - [2026-03-23T08:34:57.046+0000] {dagbag.py:545} INFO - Filling up the DagBag from /opt/airflow/dags/tmdb_daily_dag.py
[2026-03-23T08:34:57.053+0000] {processor.py:840} INFO - DAG(s) 'tmdb_raw_pipeline' retrieved from /opt/airflow/dags/tmdb_daily_dag.py
[2026-03-23T08:34:57.062+0000] {logging_mixin.py:188} INFO - [2026-03-23T08:34:57.062+0000] {dag.py:3096} INFO - Sync 1 DAGs
[2026-03-23T08:34:57.071+0000] {logging_mixin.py:188} INFO - [2026-03-23T08:34:57.070+0000] {dag.py:3954} INFO - Setting next_dagrun for tmdb_raw_pipeline to 2026-03-23 00:00:00+00:00, run_after=2026-03-24 00:00:00+00:00
[2026-03-23T08:34:57.077+0000] {processor.py:183} INFO - Processing /opt/airflow/dags/tmdb_daily_dag.py took 0.038 seconds
[2026-03-23T08:35:27.567+0000] {processor.py:161} INFO - Started process (PID=13415) to work on /opt/airflow/dags/tmdb_daily_dag.py
[2026-03-23T08:35:27.568+0000] {processor.py:830} INFO - Processing file /opt/airflow/dags/tmdb_daily_dag.py for tasks to queue
[2026-03-23T08:35:27.569+0000] {logging_mixin.py:188} INFO - [2026-03-23T08:35:27.569+0000] {dagbag.py:545} INFO - Filling up the DagBag from /opt/airflow/dags/tmdb_daily_dag.py
[2026-03-23T08:35:27.576+0000] {processor.py:840} INFO - DAG(s) 'tmdb_raw_pipeline' retrieved from /opt/airflow/dags/tmdb_daily_dag.py
[2026-03-23T08:35:27.591+0000] {logging_mixin.py:188} INFO - [2026-03-23T08:35:27.591+0000] {dag.py:3096} INFO - Sync 1 DAGs
[2026-03-23T08:35:27.600+0000] {logging_mixin.py:188} INFO - [2026-03-23T08:35:27.600+0000] {dag.py:3954} INFO - Setting next_dagrun for tmdb_raw_pipeline to 2026-03-23 00:00:00+00:00, run_after=2026-03-24 00:00:00+00:00
[2026-03-23T08:35:27.610+0000] {processor.py:183} INFO - Processing /opt/airflow/dags/tmdb_daily_dag.py took 0.046 seconds
[2026-03-23T08:35:58.143+0000] {processor.py:161} INFO - Started process (PID=13437) to work on /opt/airflow/dags/tmdb_daily_dag.py
[2026-03-23T08:35:58.144+0000] {processor.py:830} INFO - Processing file /opt/airflow/dags/tmdb_daily_dag.py for tasks to queue
[2026-03-23T08:35:58.145+0000] {logging_mixin.py:188} INFO - [2026-03-23T08:35:58.145+0000] {dagbag.py:545} INFO - Filling up the DagBag from /opt/airflow/dags/tmdb_daily_dag.py
[2026-03-23T08:35:58.153+0000] {processor.py:840} INFO - DAG(s) 'tmdb_raw_pipeline' retrieved from /opt/airflow/dags/tmdb_daily_dag.py
[2026-03-23T08:35:58.164+0000] {logging_mixin.py:188} INFO - [2026-03-23T08:35:58.164+0000] {dag.py:3096} INFO - Sync 1 DAGs
[2026-03-23T08:35:58.175+0000] {logging_mixin.py:188} INFO - [2026-03-23T08:35:58.175+0000] {dag.py:3954} INFO - Setting next_dagrun for tmdb_raw_pipeline to 2026-03-23 00:00:00+00:00, run_after=2026-03-24 00:00:00+00:00
[2026-03-23T08:35:58.183+0000] {processor.py:183} INFO - Processing /opt/airflow/dags/tmdb_daily_dag.py took 0.042 seconds
[2026-03-23T08:36:28.751+0000] {processor.py:161} INFO - Started process (PID=13457) to work on /opt/airflow/dags/tmdb_daily_dag.py
[2026-03-23T08:36:28.752+0000] {processor.py:830} INFO - Processing file /opt/airflow/dags/tmdb_daily_dag.py for tasks to queue
[2026-03-23T08:36:28.752+0000] {logging_mixin.py:188} INFO - [2026-03-23T08:36:28.752+0000] {dagbag.py:545} INFO - Filling up the DagBag from /opt/airflow/dags/tmdb_daily_dag.py
[2026-03-23T08:36:28.758+0000] {processor.py:840} INFO - DAG(s) 'tmdb_raw_pipeline' retrieved from /opt/airflow/dags/tmdb_daily_dag.py
[2026-03-23T08:36:28.771+0000] {logging_mixin.py:188} INFO - [2026-03-23T08:36:28.771+0000] {dag.py:3096} INFO - Sync 1 DAGs
[2026-03-23T08:36:28.780+0000] {logging_mixin.py:188} INFO - [2026-03-23T08:36:28.780+0000] {dag.py:3954} INFO - Setting next_dagrun for tmdb_raw_pipeline to 2026-03-23 00:00:00+00:00, run_after=2026-03-24 00:00:00+00:00
[2026-03-23T08:36:28.787+0000] {processor.py:183} INFO - Processing /opt/airflow/dags/tmdb_daily_dag.py took 0.041 seconds
[2026-03-23T08:36:59.296+0000] {processor.py:161} INFO - Started process (PID=13476) to work on /opt/airflow/dags/tmdb_daily_dag.py
[2026-03-23T08:36:59.299+0000] {processor.py:830} INFO - Processing file /opt/airflow/dags/tmdb_daily_dag.py for tasks to queue
[2026-03-23T08:36:59.299+0000] {logging_mixin.py:188} INFO - [2026-03-23T08:36:59.299+0000] {dagbag.py:545} INFO - Filling up the DagBag from /opt/airflow/dags/tmdb_daily_dag.py
[2026-03-23T08:36:59.305+0000] {processor.py:840} INFO - DAG(s) 'tmdb_raw_pipeline' retrieved from /opt/airflow/dags/tmdb_daily_dag.py
[2026-03-23T08:36:59.322+0000] {logging_mixin.py:188} INFO - [2026-03-23T08:36:59.322+0000] {dag.py:3096} INFO - Sync 1 DAGs
[2026-03-23T08:36:59.340+0000] {logging_mixin.py:188} INFO - [2026-03-23T08:36:59.340+0000] {dag.py:3954} INFO - Setting next_dagrun for tmdb_raw_pipeline to 2026-03-23 00:00:00+00:00, run_after=2026-03-24 00:00:00+00:00
[2026-03-23T08:36:59.356+0000] {processor.py:183} INFO - Processing /opt/airflow/dags/tmdb_daily_dag.py took 0.063 seconds
[2026-03-23T08:37:29.802+0000] {processor.py:161} INFO - Started process (PID=13497) to work on /opt/airflow/dags/tmdb_daily_dag.py
[2026-03-23T08:37:29.803+0000] {processor.py:830} INFO - Processing file /opt/airflow/dags/tmdb_daily_dag.py for tasks to queue
[2026-03-23T08:37:29.803+0000] {logging_mixin.py:188} INFO - [2026-03-23T08:37:29.803+0000] {dagbag.py:545} INFO - Filling up the DagBag from /opt/airflow/dags/tmdb_daily_dag.py
[2026-03-23T08:37:29.809+0000] {processor.py:840} INFO - DAG(s) 'tmdb_raw_pipeline' retrieved from /opt/airflow/dags/tmdb_daily_dag.py
[2026-03-23T08:37:29.820+0000] {logging_mixin.py:188} INFO - [2026-03-23T08:37:29.820+0000] {dag.py:3096} INFO - Sync 1 DAGs
[2026-03-23T08:37:29.830+0000] {logging_mixin.py:188} INFO - [2026-03-23T08:37:29.830+0000] {dag.py:3954} INFO - Setting next_dagrun for tmdb_raw_pipeline to 2026-03-23 00:00:00+00:00, run_after=2026-03-24 00:00:00+00:00
[2026-03-23T08:37:29.836+0000] {processor.py:183} INFO - Processing /opt/airflow/dags/tmdb_daily_dag.py took 0.037 seconds
[2026-03-23T08:38:00.423+0000] {processor.py:161} INFO - Started process (PID=13517) to work on /opt/airflow/dags/tmdb_daily_dag.py
[2026-03-23T08:38:00.424+0000] {processor.py:830} INFO - Processing file /opt/airflow/dags/tmdb_daily_dag.py for tasks to queue
[2026-03-23T08:38:00.425+0000] {logging_mixin.py:188} INFO - [2026-03-23T08:38:00.425+0000] {dagbag.py:545} INFO - Filling up the DagBag from /opt/airflow/dags/tmdb_daily_dag.py
[2026-03-23T08:38:00.431+0000] {processor.py:840} INFO - DAG(s) 'tmdb_raw_pipeline' retrieved from /opt/airflow/dags/tmdb_daily_dag.py
[2026-03-23T08:38:00.441+0000] {logging_mixin.py:188} INFO - [2026-03-23T08:38:00.441+0000] {dag.py:3096} INFO - Sync 1 DAGs
[2026-03-23T08:38:00.450+0000] {logging_mixin.py:188} INFO - [2026-03-23T08:38:00.450+0000] {dag.py:3954} INFO - Setting next_dagrun for tmdb_raw_pipeline to 2026-03-23 00:00:00+00:00, run_after=2026-03-24 00:00:00+00:00
[2026-03-23T08:38:00.456+0000] {processor.py:183} INFO - Processing /opt/airflow/dags/tmdb_daily_dag.py took 0.035 seconds
[2026-03-23T08:38:30.946+0000] {processor.py:161} INFO - Started process (PID=13537) to work on /opt/airflow/dags/tmdb_daily_dag.py
[2026-03-23T08:38:30.947+0000] {processor.py:830} INFO - Processing file /opt/airflow/dags/tmdb_daily_dag.py for tasks to queue
[2026-03-23T08:38:30.947+0000] {logging_mixin.py:188} INFO - [2026-03-23T08:38:30.947+0000] {dagbag.py:545} INFO - Filling up the DagBag from /opt/airflow/dags/tmdb_daily_dag.py
[2026-03-23T08:38:30.954+0000] {processor.py:840} INFO - DAG(s) 'tmdb_raw_pipeline' retrieved from /opt/airflow/dags/tmdb_daily_dag.py
[2026-03-23T08:38:30.963+0000] {logging_mixin.py:188} INFO - [2026-03-23T08:38:30.963+0000] {dag.py:3096} INFO - Sync 1 DAGs
[2026-03-23T08:38:30.971+0000] {logging_mixin.py:188} INFO - [2026-03-23T08:38:30.971+0000] {dag.py:3954} INFO - Setting next_dagrun for tmdb_raw_pipeline to 2026-03-23 00:00:00+00:00, run_after=2026-03-24 00:00:00+00:00
[2026-03-23T08:38:30.977+0000] {processor.py:183} INFO - Processing /opt/airflow/dags/tmdb_daily_dag.py took 0.034 seconds
[2026-03-23T08:39:01.464+0000] {processor.py:161} INFO - Started process (PID=13557) to work on /opt/airflow/dags/tmdb_daily_dag.py
[2026-03-23T08:39:01.465+0000] {processor.py:830} INFO - Processing file /opt/airflow/dags/tmdb_daily_dag.py for tasks to queue
[2026-03-23T08:39:01.465+0000] {logging_mixin.py:188} INFO - [2026-03-23T08:39:01.465+0000] {dagbag.py:545} INFO - Filling up the DagBag from /opt/airflow/dags/tmdb_daily_dag.py
[2026-03-23T08:39:01.472+0000] {processor.py:840} INFO - DAG(s) 'tmdb_raw_pipeline' retrieved from /opt/airflow/dags/tmdb_daily_dag.py
[2026-03-23T08:39:01.483+0000] {logging_mixin.py:188} INFO - [2026-03-23T08:39:01.483+0000] {dag.py:3096} INFO - Sync 1 DAGs
[2026-03-23T08:39:01.504+0000] {logging_mixin.py:188} INFO - [2026-03-23T08:39:01.504+0000] {dag.py:3954} INFO - Setting next_dagrun for tmdb_raw_pipeline to 2026-03-23 00:00:00+00:00, run_after=2026-03-24 00:00:00+00:00
[2026-03-23T08:39:01.512+0000] {processor.py:183} INFO - Processing /opt/airflow/dags/tmdb_daily_dag.py took 0.051 seconds
[2026-03-23T08:39:31.930+0000] {processor.py:161} INFO - Started process (PID=13577) to work on /opt/airflow/dags/tmdb_daily_dag.py
[2026-03-23T08:39:31.931+0000] {processor.py:830} INFO - Processing file /opt/airflow/dags/tmdb_daily_dag.py for tasks to queue
[2026-03-23T08:39:31.931+0000] {logging_mixin.py:188} INFO - [2026-03-23T08:39:31.931+0000] {dagbag.py:545} INFO - Filling up the DagBag from /opt/airflow/dags/tmdb_daily_dag.py
[2026-03-23T08:39:31.938+0000] {processor.py:840} INFO - DAG(s) 'tmdb_raw_pipeline' retrieved from /opt/airflow/dags/tmdb_daily_dag.py
[2026-03-23T08:39:31.950+0000] {logging_mixin.py:188} INFO - [2026-03-23T08:39:31.949+0000] {dag.py:3096} INFO - Sync 1 DAGs
[2026-03-23T08:39:31.958+0000] {logging_mixin.py:188} INFO - [2026-03-23T08:39:31.958+0000] {dag.py:3954} INFO - Setting next_dagrun for tmdb_raw_pipeline to 2026-03-23 00:00:00+00:00, run_after=2026-03-24 00:00:00+00:00
[2026-03-23T08:39:31.965+0000] {processor.py:183} INFO - Processing /opt/airflow/dags/tmdb_daily_dag.py took 0.038 seconds
[2026-03-23T08:40:02.481+0000] {processor.py:161} INFO - Started process (PID=13597) to work on /opt/airflow/dags/tmdb_daily_dag.py
[2026-03-23T08:40:02.482+0000] {processor.py:830} INFO - Processing file /opt/airflow/dags/tmdb_daily_dag.py for tasks to queue
[2026-03-23T08:40:02.483+0000] {logging_mixin.py:188} INFO - [2026-03-23T08:40:02.482+0000] {dagbag.py:545} INFO - Filling up the DagBag from /opt/airflow/dags/tmdb_daily_dag.py
[2026-03-23T08:40:02.494+0000] {processor.py:840} INFO - DAG(s) 'tmdb_raw_pipeline' retrieved from /opt/airflow/dags/tmdb_daily_dag.py
[2026-03-23T08:40:02.506+0000] {logging_mixin.py:188} INFO - [2026-03-23T08:40:02.505+0000] {dag.py:3096} INFO - Sync 1 DAGs
[2026-03-23T08:40:02.515+0000] {logging_mixin.py:188} INFO - [2026-03-23T08:40:02.515+0000] {dag.py:3954} INFO - Setting next_dagrun for tmdb_raw_pipeline to 2026-03-23 00:00:00+00:00, run_after=2026-03-24 00:00:00+00:00
[2026-03-23T08:40:02.521+0000] {processor.py:183} INFO - Processing /opt/airflow/dags/tmdb_daily_dag.py took 0.042 seconds
[2026-03-23T08:40:33.153+0000] {processor.py:161} INFO - Started process (PID=13617) to work on /opt/airflow/dags/tmdb_daily_dag.py
[2026-03-23T08:40:33.154+0000] {processor.py:830} INFO - Processing file /opt/airflow/dags/tmdb_daily_dag.py for tasks to queue
[2026-03-23T08:40:33.154+0000] {logging_mixin.py:188} INFO - [2026-03-23T08:40:33.154+0000] {dagbag.py:545} INFO - Filling up the DagBag from /opt/airflow/dags/tmdb_daily_dag.py
[2026-03-23T08:40:33.161+0000] {processor.py:840} INFO - DAG(s) 'tmdb_raw_pipeline' retrieved from /opt/airflow/dags/tmdb_daily_dag.py
[2026-03-23T08:40:33.172+0000] {logging_mixin.py:188} INFO - [2026-03-23T08:40:33.172+0000] {dag.py:3096} INFO - Sync 1 DAGs
[2026-03-23T08:40:33.182+0000] {logging_mixin.py:188} INFO - [2026-03-23T08:40:33.182+0000] {dag.py:3954} INFO - Setting next_dagrun for tmdb_raw_pipeline to 2026-03-23 00:00:00+00:00, run_after=2026-03-24 00:00:00+00:00
[2026-03-23T08:40:33.188+0000] {processor.py:183} INFO - Processing /opt/airflow/dags/tmdb_daily_dag.py took 0.038 seconds
[2026-03-23T08:41:03.746+0000] {processor.py:161} INFO - Started process (PID=13637) to work on /opt/airflow/dags/tmdb_daily_dag.py
[2026-03-23T08:41:03.748+0000] {processor.py:830} INFO - Processing file /opt/airflow/dags/tmdb_daily_dag.py for tasks to queue
[2026-03-23T08:41:03.748+0000] {logging_mixin.py:188} INFO - [2026-03-23T08:41:03.748+0000] {dagbag.py:545} INFO - Filling up the DagBag from /opt/airflow/dags/tmdb_daily_dag.py
[2026-03-23T08:41:03.757+0000] {processor.py:840} INFO - DAG(s) 'tmdb_raw_pipeline' retrieved from /opt/airflow/dags/tmdb_daily_dag.py
[2026-03-23T08:41:03.770+0000] {logging_mixin.py:188} INFO - [2026-03-23T08:41:03.770+0000] {dag.py:3096} INFO - Sync 1 DAGs
[2026-03-23T08:41:03.782+0000] {logging_mixin.py:188} INFO - [2026-03-23T08:41:03.782+0000] {dag.py:3954} INFO - Setting next_dagrun for tmdb_raw_pipeline to 2026-03-23 00:00:00+00:00, run_after=2026-03-24 00:00:00+00:00
[2026-03-23T08:41:03.789+0000] {processor.py:183} INFO - Processing /opt/airflow/dags/tmdb_daily_dag.py took 0.047 seconds
[2026-03-23T08:41:34.347+0000] {processor.py:161} INFO - Started process (PID=13657) to work on /opt/airflow/dags/tmdb_daily_dag.py
[2026-03-23T08:41:34.349+0000] {processor.py:830} INFO - Processing file /opt/airflow/dags/tmdb_daily_dag.py for tasks to queue
[2026-03-23T08:41:34.350+0000] {logging_mixin.py:188} INFO - [2026-03-23T08:41:34.349+0000] {dagbag.py:545} INFO - Filling up the DagBag from /opt/airflow/dags/tmdb_daily_dag.py
[2026-03-23T08:41:34.358+0000] {processor.py:840} INFO - DAG(s) 'tmdb_raw_pipeline' retrieved from /opt/airflow/dags/tmdb_daily_dag.py
[2026-03-23T08:41:34.371+0000] {logging_mixin.py:188} INFO - [2026-03-23T08:41:34.371+0000] {dag.py:3096} INFO - Sync 1 DAGs
[2026-03-23T08:41:34.383+0000] {logging_mixin.py:188} INFO - [2026-03-23T08:41:34.383+0000] {dag.py:3954} INFO - Setting next_dagrun for tmdb_raw_pipeline to 2026-03-23 00:00:00+00:00, run_after=2026-03-24 00:00:00+00:00
[2026-03-23T08:41:34.390+0000] {processor.py:183} INFO - Processing /opt/airflow/dags/tmdb_daily_dag.py took 0.047 seconds
[2026-03-23T08:42:04.999+0000] {processor.py:161} INFO - Started process (PID=13677) to work on /opt/airflow/dags/tmdb_daily_dag.py
[2026-03-23T08:42:05.000+0000] {processor.py:830} INFO - Processing file /opt/airflow/dags/tmdb_daily_dag.py for tasks to queue
[2026-03-23T08:42:05.000+0000] {logging_mixin.py:188} INFO - [2026-03-23T08:42:05.000+0000] {dagbag.py:545} INFO - Filling up the DagBag from /opt/airflow/dags/tmdb_daily_dag.py
[2026-03-23T08:42:05.005+0000] {processor.py:840} INFO - DAG(s) 'tmdb_raw_pipeline' retrieved from /opt/airflow/dags/tmdb_daily_dag.py
[2026-03-23T08:42:05.015+0000] {logging_mixin.py:188} INFO - [2026-03-23T08:42:05.015+0000] {dag.py:3096} INFO - Sync 1 DAGs
[2026-03-23T08:42:05.026+0000] {logging_mixin.py:188} INFO - [2026-03-23T08:42:05.026+0000] {dag.py:3954} INFO - Setting next_dagrun for tmdb_raw_pipeline to 2026-03-23 00:00:00+00:00, run_after=2026-03-24 00:00:00+00:00
[2026-03-23T08:42:05.033+0000] {processor.py:183} INFO - Processing /opt/airflow/dags/tmdb_daily_dag.py took 0.038 seconds
[2026-03-23T08:42:35.422+0000] {processor.py:161} INFO - Started process (PID=13697) to work on /opt/airflow/dags/tmdb_daily_dag.py
[2026-03-23T08:42:35.423+0000] {processor.py:830} INFO - Processing file /opt/airflow/dags/tmdb_daily_dag.py for tasks to queue
[2026-03-23T08:42:35.423+0000] {logging_mixin.py:188} INFO - [2026-03-23T08:42:35.423+0000] {dagbag.py:545} INFO - Filling up the DagBag from /opt/airflow/dags/tmdb_daily_dag.py
[2026-03-23T08:42:35.428+0000] {processor.py:840} INFO - DAG(s) 'tmdb_raw_pipeline' retrieved from /opt/airflow/dags/tmdb_daily_dag.py
[2026-03-23T08:42:35.438+0000] {logging_mixin.py:188} INFO - [2026-03-23T08:42:35.438+0000] {dag.py:3096} INFO - Sync 1 DAGs
[2026-03-23T08:42:35.445+0000] {logging_mixin.py:188} INFO - [2026-03-23T08:42:35.445+0000] {dag.py:3954} INFO - Setting next_dagrun for tmdb_raw_pipeline to 2026-03-23 00:00:00+00:00, run_after=2026-03-24 00:00:00+00:00
[2026-03-23T08:42:35.451+0000] {processor.py:183} INFO - Processing /opt/airflow/dags/tmdb_daily_dag.py took 0.031 seconds
[2026-03-23T08:43:05.945+0000] {processor.py:161} INFO - Started process (PID=13717) to work on /opt/airflow/dags/tmdb_daily_dag.py
[2026-03-23T08:43:05.946+0000] {processor.py:830} INFO - Processing file /opt/airflow/dags/tmdb_daily_dag.py for tasks to queue
[2026-03-23T08:43:05.947+0000] {logging_mixin.py:188} INFO - [2026-03-23T08:43:05.946+0000] {dagbag.py:545} INFO - Filling up the DagBag from /opt/airflow/dags/tmdb_daily_dag.py
[2026-03-23T08:43:05.953+0000] {processor.py:840} INFO - DAG(s) 'tmdb_raw_pipeline' retrieved from /opt/airflow/dags/tmdb_daily_dag.py
[2026-03-23T08:43:05.964+0000] {logging_mixin.py:188} INFO - [2026-03-23T08:43:05.964+0000] {dag.py:3096} INFO - Sync 1 DAGs
[2026-03-23T08:43:05.974+0000] {logging_mixin.py:188} INFO - [2026-03-23T08:43:05.974+0000] {dag.py:3954} INFO - Setting next_dagrun for tmdb_raw_pipeline to 2026-03-23 00:00:00+00:00, run_after=2026-03-24 00:00:00+00:00
[2026-03-23T08:43:05.981+0000] {processor.py:183} INFO - Processing /opt/airflow/dags/tmdb_daily_dag.py took 0.039 seconds
[2026-03-23T08:43:36.415+0000] {processor.py:161} INFO - Started process (PID=13737) to work on /opt/airflow/dags/tmdb_daily_dag.py
[2026-03-23T08:43:36.416+0000] {processor.py:830} INFO - Processing file /opt/airflow/dags/tmdb_daily_dag.py for tasks to queue
[2026-03-23T08:43:36.416+0000] {logging_mixin.py:188} INFO - [2026-03-23T08:43:36.416+0000] {dagbag.py:545} INFO - Filling up the DagBag from /opt/airflow/dags/tmdb_daily_dag.py
[2026-03-23T08:43:36.422+0000] {processor.py:840} INFO - DAG(s) 'tmdb_raw_pipeline' retrieved from /opt/airflow/dags/tmdb_daily_dag.py
[2026-03-23T08:43:36.432+0000] {logging_mixin.py:188} INFO - [2026-03-23T08:43:36.432+0000] {dag.py:3096} INFO - Sync 1 DAGs
[2026-03-23T08:43:36.442+0000] {logging_mixin.py:188} INFO - [2026-03-23T08:43:36.441+0000] {dag.py:3954} INFO - Setting next_dagrun for tmdb_raw_pipeline to 2026-03-23 00:00:00+00:00, run_after=2026-03-24 00:00:00+00:00
[2026-03-23T08:43:36.448+0000] {processor.py:183} INFO - Processing /opt/airflow/dags/tmdb_daily_dag.py took 0.035 seconds
[2026-03-23T08:44:06.858+0000] {processor.py:161} INFO - Started process (PID=13757) to work on /opt/airflow/dags/tmdb_daily_dag.py
[2026-03-23T08:44:06.859+0000] {processor.py:830} INFO - Processing file /opt/airflow/dags/tmdb_daily_dag.py for tasks to queue
[2026-03-23T08:44:06.859+0000] {logging_mixin.py:188} INFO - [2026-03-23T08:44:06.859+0000] {dagbag.py:545} INFO - Filling up the DagBag from /opt/airflow/dags/tmdb_daily_dag.py
[2026-03-23T08:44:06.864+0000] {processor.py:840} INFO - DAG(s) 'tmdb_raw_pipeline' retrieved from /opt/airflow/dags/tmdb_daily_dag.py
[2026-03-23T08:44:06.873+0000] {logging_mixin.py:188} INFO - [2026-03-23T08:44:06.873+0000] {dag.py:3096} INFO - Sync 1 DAGs
[2026-03-23T08:44:06.882+0000] {logging_mixin.py:188} INFO - [2026-03-23T08:44:06.882+0000] {dag.py:3954} INFO - Setting next_dagrun for tmdb_raw_pipeline to 2026-03-23 00:00:00+00:00, run_after=2026-03-24 00:00:00+00:00
[2026-03-23T08:44:06.888+0000] {processor.py:183} INFO - Processing /opt/airflow/dags/tmdb_daily_dag.py took 0.032 seconds
[2026-03-23T08:44:37.294+0000] {processor.py:161} INFO - Started process (PID=13777) to work on /opt/airflow/dags/tmdb_daily_dag.py
[2026-03-23T08:44:37.295+0000] {processor.py:830} INFO - Processing file /opt/airflow/dags/tmdb_daily_dag.py for tasks to queue
[2026-03-23T08:44:37.296+0000] {logging_mixin.py:188} INFO - [2026-03-23T08:44:37.296+0000] {dagbag.py:545} INFO - Filling up the DagBag from /opt/airflow/dags/tmdb_daily_dag.py
[2026-03-23T08:44:37.303+0000] {processor.py:840} INFO - DAG(s) 'tmdb_raw_pipeline' retrieved from /opt/airflow/dags/tmdb_daily_dag.py
[2026-03-23T08:44:37.318+0000] {logging_mixin.py:188} INFO - [2026-03-23T08:44:37.318+0000] {dag.py:3096} INFO - Sync 1 DAGs
[2026-03-23T08:44:37.329+0000] {logging_mixin.py:188} INFO - [2026-03-23T08:44:37.329+0000] {dag.py:3954} INFO - Setting next_dagrun for tmdb_raw_pipeline to 2026-03-23 00:00:00+00:00, run_after=2026-03-24 00:00:00+00:00
[2026-03-23T08:44:37.338+0000] {processor.py:183} INFO - Processing /opt/airflow/dags/tmdb_daily_dag.py took 0.048 seconds
[2026-03-23T08:45:07.882+0000] {processor.py:161} INFO - Started process (PID=13797) to work on /opt/airflow/dags/tmdb_daily_dag.py
[2026-03-23T08:45:07.883+0000] {processor.py:830} INFO - Processing file /opt/airflow/dags/tmdb_daily_dag.py for tasks to queue
[2026-03-23T08:45:07.883+0000] {logging_mixin.py:188} INFO - [2026-03-23T08:45:07.883+0000] {dagbag.py:545} INFO - Filling up the DagBag from /opt/airflow/dags/tmdb_daily_dag.py
[2026-03-23T08:45:07.892+0000] {processor.py:840} INFO - DAG(s) 'tmdb_raw_pipeline' retrieved from /opt/airflow/dags/tmdb_daily_dag.py
[2026-03-23T08:45:07.908+0000] {logging_mixin.py:188} INFO - [2026-03-23T08:45:07.908+0000] {dag.py:3096} INFO - Sync 1 DAGs
[2026-03-23T08:45:07.922+0000] {logging_mixin.py:188} INFO - [2026-03-23T08:45:07.922+0000] {dag.py:3954} INFO - Setting next_dagrun for tmdb_raw_pipeline to 2026-03-23 00:00:00+00:00, run_after=2026-03-24 00:00:00+00:00
[2026-03-23T08:45:07.930+0000] {processor.py:183} INFO - Processing /opt/airflow/dags/tmdb_daily_dag.py took 0.052 seconds
[2026-03-23T08:45:38.329+0000] {processor.py:161} INFO - Started process (PID=13817) to work on /opt/airflow/dags/tmdb_daily_dag.py
[2026-03-23T08:45:38.329+0000] {processor.py:830} INFO - Processing file /opt/airflow/dags/tmdb_daily_dag.py for tasks to queue
[2026-03-23T08:45:38.330+0000] {logging_mixin.py:188} INFO - [2026-03-23T08:45:38.330+0000] {dagbag.py:545} INFO - Filling up the DagBag from /opt/airflow/dags/tmdb_daily_dag.py
[2026-03-23T08:45:38.335+0000] {processor.py:840} INFO - DAG(s) 'tmdb_raw_pipeline' retrieved from /opt/airflow/dags/tmdb_daily_dag.py
[2026-03-23T08:45:38.344+0000] {logging_mixin.py:188} INFO - [2026-03-23T08:45:38.344+0000] {dag.py:3096} INFO - Sync 1 DAGs
[2026-03-23T08:45:38.352+0000] {logging_mixin.py:188} INFO - [2026-03-23T08:45:38.352+0000] {dag.py:3954} INFO - Setting next_dagrun for tmdb_raw_pipeline to 2026-03-23 00:00:00+00:00, run_after=2026-03-24 00:00:00+00:00
[2026-03-23T08:45:38.358+0000] {processor.py:183} INFO - Processing /opt/airflow/dags/tmdb_daily_dag.py took 0.032 seconds
[2026-03-23T08:46:08.860+0000] {processor.py:161} INFO - Started process (PID=13837) to work on /opt/airflow/dags/tmdb_daily_dag.py
[2026-03-23T08:46:08.861+0000] {processor.py:830} INFO - Processing file /opt/airflow/dags/tmdb_daily_dag.py for tasks to queue
[2026-03-23T08:46:08.862+0000] {logging_mixin.py:188} INFO - [2026-03-23T08:46:08.861+0000] {dagbag.py:545} INFO - Filling up the DagBag from /opt/airflow/dags/tmdb_daily_dag.py
[2026-03-23T08:46:08.869+0000] {processor.py:840} INFO - DAG(s) 'tmdb_raw_pipeline' retrieved from /opt/airflow/dags/tmdb_daily_dag.py
[2026-03-23T08:46:08.884+0000] {logging_mixin.py:188} INFO - [2026-03-23T08:46:08.884+0000] {dag.py:3096} INFO - Sync 1 DAGs
[2026-03-23T08:46:08.895+0000] {logging_mixin.py:188} INFO - [2026-03-23T08:46:08.895+0000] {dag.py:3954} INFO - Setting next_dagrun for tmdb_raw_pipeline to 2026-03-23 00:00:00+00:00, run_after=2026-03-24 00:00:00+00:00
[2026-03-23T08:46:08.902+0000] {processor.py:183} INFO - Processing /opt/airflow/dags/tmdb_daily_dag.py took 0.045 seconds
[2026-03-23T08:46:39.405+0000] {processor.py:161} INFO - Started process (PID=13857) to work on /opt/airflow/dags/tmdb_daily_dag.py
[2026-03-23T08:46:39.406+0000] {processor.py:830} INFO - Processing file /opt/airflow/dags/tmdb_daily_dag.py for tasks to queue
[2026-03-23T08:46:39.406+0000] {logging_mixin.py:188} INFO - [2026-03-23T08:46:39.406+0000] {dagbag.py:545} INFO - Filling up the DagBag from /opt/airflow/dags/tmdb_daily_dag.py
[2026-03-23T08:46:39.412+0000] {processor.py:840} INFO - DAG(s) 'tmdb_raw_pipeline' retrieved from /opt/airflow/dags/tmdb_daily_dag.py
[2026-03-23T08:46:39.423+0000] {logging_mixin.py:188} INFO - [2026-03-23T08:46:39.423+0000] {dag.py:3096} INFO - Sync 1 DAGs
[2026-03-23T08:46:39.434+0000] {logging_mixin.py:188} INFO - [2026-03-23T08:46:39.433+0000] {dag.py:3954} INFO - Setting next_dagrun for tmdb_raw_pipeline to 2026-03-23 00:00:00+00:00, run_after=2026-03-24 00:00:00+00:00
[2026-03-23T08:46:39.440+0000] {processor.py:183} INFO - Processing /opt/airflow/dags/tmdb_daily_dag.py took 0.038 seconds
[2026-03-23T08:47:09.985+0000] {processor.py:161} INFO - Started process (PID=13877) to work on /opt/airflow/dags/tmdb_daily_dag.py
[2026-03-23T08:47:09.986+0000] {processor.py:830} INFO - Processing file /opt/airflow/dags/tmdb_daily_dag.py for tasks to queue
[2026-03-23T08:47:09.987+0000] {logging_mixin.py:188} INFO - [2026-03-23T08:47:09.987+0000] {dagbag.py:545} INFO - Filling up the DagBag from /opt/airflow/dags/tmdb_daily_dag.py
[2026-03-23T08:47:09.993+0000] {processor.py:840} INFO - DAG(s) 'tmdb_raw_pipeline' retrieved from /opt/airflow/dags/tmdb_daily_dag.py
[2026-03-23T08:47:10.005+0000] {logging_mixin.py:188} INFO - [2026-03-23T08:47:10.005+0000] {dag.py:3096} INFO - Sync 1 DAGs
[2026-03-23T08:47:10.017+0000] {logging_mixin.py:188} INFO - [2026-03-23T08:47:10.016+0000] {dag.py:3954} INFO - Setting next_dagrun for tmdb_raw_pipeline to 2026-03-23 00:00:00+00:00, run_after=2026-03-24 00:00:00+00:00
[2026-03-23T08:47:10.027+0000] {processor.py:183} INFO - Processing /opt/airflow/dags/tmdb_daily_dag.py took 0.045 seconds
[2026-03-23T08:47:40.545+0000] {processor.py:161} INFO - Started process (PID=13897) to work on /opt/airflow/dags/tmdb_daily_dag.py
[2026-03-23T08:47:40.546+0000] {processor.py:830} INFO - Processing file /opt/airflow/dags/tmdb_daily_dag.py for tasks to queue
[2026-03-23T08:47:40.547+0000] {logging_mixin.py:188} INFO - [2026-03-23T08:47:40.546+0000] {dagbag.py:545} INFO - Filling up the DagBag from /opt/airflow/dags/tmdb_daily_dag.py
[2026-03-23T08:47:40.554+0000] {processor.py:840} INFO - DAG(s) 'tmdb_raw_pipeline' retrieved from /opt/airflow/dags/tmdb_daily_dag.py
[2026-03-23T08:47:40.567+0000] {logging_mixin.py:188} INFO - [2026-03-23T08:47:40.567+0000] {dag.py:3096} INFO - Sync 1 DAGs
[2026-03-23T08:47:40.577+0000] {logging_mixin.py:188} INFO - [2026-03-23T08:47:40.577+0000] {dag.py:3954} INFO - Setting next_dagrun for tmdb_raw_pipeline to 2026-03-23 00:00:00+00:00, run_after=2026-03-24 00:00:00+00:00
[2026-03-23T08:47:40.583+0000] {processor.py:183} INFO - Processing /opt/airflow/dags/tmdb_daily_dag.py took 0.041 seconds
[2026-03-23T08:48:11.127+0000] {processor.py:161} INFO - Started process (PID=13917) to work on /opt/airflow/dags/tmdb_daily_dag.py
[2026-03-23T08:48:11.128+0000] {processor.py:830} INFO - Processing file /opt/airflow/dags/tmdb_daily_dag.py for tasks to queue
[2026-03-23T08:48:11.128+0000] {logging_mixin.py:188} INFO - [2026-03-23T08:48:11.128+0000] {dagbag.py:545} INFO - Filling up the DagBag from /opt/airflow/dags/tmdb_daily_dag.py
[2026-03-23T08:48:11.135+0000] {processor.py:840} INFO - DAG(s) 'tmdb_raw_pipeline' retrieved from /opt/airflow/dags/tmdb_daily_dag.py
[2026-03-23T08:48:11.147+0000] {logging_mixin.py:188} INFO - [2026-03-23T08:48:11.147+0000] {dag.py:3096} INFO - Sync 1 DAGs
[2026-03-23T08:48:11.156+0000] {logging_mixin.py:188} INFO - [2026-03-23T08:48:11.156+0000] {dag.py:3954} INFO - Setting next_dagrun for tmdb_raw_pipeline to 2026-03-23 00:00:00+00:00, run_after=2026-03-24 00:00:00+00:00
[2026-03-23T08:48:11.163+0000] {processor.py:183} INFO - Processing /opt/airflow/dags/tmdb_daily_dag.py took 0.039 seconds
[2026-03-23T08:48:41.647+0000] {processor.py:161} INFO - Started process (PID=13937) to work on /opt/airflow/dags/tmdb_daily_dag.py
[2026-03-23T08:48:41.647+0000] {processor.py:830} INFO - Processing file /opt/airflow/dags/tmdb_daily_dag.py for tasks to queue
[2026-03-23T08:48:41.648+0000] {logging_mixin.py:188} INFO - [2026-03-23T08:48:41.648+0000] {dagbag.py:545} INFO - Filling up the DagBag from /opt/airflow/dags/tmdb_daily_dag.py
[2026-03-23T08:48:41.654+0000] {processor.py:840} INFO - DAG(s) 'tmdb_raw_pipeline' retrieved from /opt/airflow/dags/tmdb_daily_dag.py
[2026-03-23T08:48:41.664+0000] {logging_mixin.py:188} INFO - [2026-03-23T08:48:41.664+0000] {dag.py:3096} INFO - Sync 1 DAGs
[2026-03-23T08:48:41.677+0000] {logging_mixin.py:188} INFO - [2026-03-23T08:48:41.677+0000] {dag.py:3954} INFO - Setting next_dagrun for tmdb_raw_pipeline to 2026-03-23 00:00:00+00:00, run_after=2026-03-24 00:00:00+00:00
[2026-03-23T08:48:41.683+0000] {processor.py:183} INFO - Processing /opt/airflow/dags/tmdb_daily_dag.py took 0.039 seconds
[2026-03-23T08:49:12.142+0000] {processor.py:161} INFO - Started process (PID=13957) to work on /opt/airflow/dags/tmdb_daily_dag.py
[2026-03-23T08:49:12.142+0000] {processor.py:830} INFO - Processing file /opt/airflow/dags/tmdb_daily_dag.py for tasks to queue
[2026-03-23T08:49:12.143+0000] {logging_mixin.py:188} INFO - [2026-03-23T08:49:12.143+0000] {dagbag.py:545} INFO - Filling up the DagBag from /opt/airflow/dags/tmdb_daily_dag.py
[2026-03-23T08:49:12.149+0000] {processor.py:840} INFO - DAG(s) 'tmdb_raw_pipeline' retrieved from /opt/airflow/dags/tmdb_daily_dag.py
[2026-03-23T08:49:12.160+0000] {logging_mixin.py:188} INFO - [2026-03-23T08:49:12.160+0000] {dag.py:3096} INFO - Sync 1 DAGs
[2026-03-23T08:49:12.170+0000] {logging_mixin.py:188} INFO - [2026-03-23T08:49:12.170+0000] {dag.py:3954} INFO - Setting next_dagrun for tmdb_raw_pipeline to 2026-03-23 00:00:00+00:00, run_after=2026-03-24 00:00:00+00:00
[2026-03-23T08:49:12.177+0000] {processor.py:183} INFO - Processing /opt/airflow/dags/tmdb_daily_dag.py took 0.037 seconds
[2026-03-23T08:49:42.543+0000] {processor.py:161} INFO - Started process (PID=13977) to work on /opt/airflow/dags/tmdb_daily_dag.py
[2026-03-23T08:49:42.544+0000] {processor.py:830} INFO - Processing file /opt/airflow/dags/tmdb_daily_dag.py for tasks to queue
[2026-03-23T08:49:42.544+0000] {logging_mixin.py:188} INFO - [2026-03-23T08:49:42.544+0000] {dagbag.py:545} INFO - Filling up the DagBag from /opt/airflow/dags/tmdb_daily_dag.py
[2026-03-23T08:49:42.550+0000] {processor.py:840} INFO - DAG(s) 'tmdb_raw_pipeline' retrieved from /opt/airflow/dags/tmdb_daily_dag.py
[2026-03-23T08:49:42.559+0000] {logging_mixin.py:188} INFO - [2026-03-23T08:49:42.559+0000] {dag.py:3096} INFO - Sync 1 DAGs
[2026-03-23T08:49:42.566+0000] {logging_mixin.py:188} INFO - [2026-03-23T08:49:42.566+0000] {dag.py:3954} INFO - Setting next_dagrun for tmdb_raw_pipeline to 2026-03-23 00:00:00+00:00, run_after=2026-03-24 00:00:00+00:00
[2026-03-23T08:49:42.572+0000] {processor.py:183} INFO - Processing /opt/airflow/dags/tmdb_daily_dag.py took 0.031 seconds
[2026-03-23T08:50:12.978+0000] {processor.py:161} INFO - Started process (PID=13997) to work on /opt/airflow/dags/tmdb_daily_dag.py
[2026-03-23T08:50:12.978+0000] {processor.py:830} INFO - Processing file /opt/airflow/dags/tmdb_daily_dag.py for tasks to queue
[2026-03-23T08:50:12.979+0000] {logging_mixin.py:188} INFO - [2026-03-23T08:50:12.979+0000] {dagbag.py:545} INFO - Filling up the DagBag from /opt/airflow/dags/tmdb_daily_dag.py
[2026-03-23T08:50:12.987+0000] {processor.py:840} INFO - DAG(s) 'tmdb_raw_pipeline' retrieved from /opt/airflow/dags/tmdb_daily_dag.py
[2026-03-23T08:50:12.996+0000] {logging_mixin.py:188} INFO - [2026-03-23T08:50:12.996+0000] {dag.py:3096} INFO - Sync 1 DAGs
[2026-03-23T08:50:13.005+0000] {logging_mixin.py:188} INFO - [2026-03-23T08:50:13.005+0000] {dag.py:3954} INFO - Setting next_dagrun for tmdb_raw_pipeline to 2026-03-23 00:00:00+00:00, run_after=2026-03-24 00:00:00+00:00
[2026-03-23T08:50:13.010+0000] {processor.py:183} INFO - Processing /opt/airflow/dags/tmdb_daily_dag.py took 0.035 seconds
[2026-03-23T08:50:43.436+0000] {processor.py:161} INFO - Started process (PID=14017) to work on /opt/airflow/dags/tmdb_daily_dag.py
[2026-03-23T08:50:43.437+0000] {processor.py:830} INFO - Processing file /opt/airflow/dags/tmdb_daily_dag.py for tasks to queue
[2026-03-23T08:50:43.438+0000] {logging_mixin.py:188} INFO - [2026-03-23T08:50:43.437+0000] {dagbag.py:545} INFO - Filling up the DagBag from /opt/airflow/dags/tmdb_daily_dag.py
[2026-03-23T08:50:43.443+0000] {processor.py:840} INFO - DAG(s) 'tmdb_raw_pipeline' retrieved from /opt/airflow/dags/tmdb_daily_dag.py
[2026-03-23T08:50:43.456+0000] {logging_mixin.py:188} INFO - [2026-03-23T08:50:43.456+0000] {dag.py:3096} INFO - Sync 1 DAGs
[2026-03-23T08:50:43.467+0000] {logging_mixin.py:188} INFO - [2026-03-23T08:50:43.467+0000] {dag.py:3954} INFO - Setting next_dagrun for tmdb_raw_pipeline to 2026-03-23 00:00:00+00:00, run_after=2026-03-24 00:00:00+00:00
[2026-03-23T08:50:43.474+0000] {processor.py:183} INFO - Processing /opt/airflow/dags/tmdb_daily_dag.py took 0.041 seconds
[2026-03-23T08:51:13.877+0000] {processor.py:161} INFO - Started process (PID=14037) to work on /opt/airflow/dags/tmdb_daily_dag.py
[2026-03-23T08:51:13.878+0000] {processor.py:830} INFO - Processing file /opt/airflow/dags/tmdb_daily_dag.py for tasks to queue
[2026-03-23T08:51:13.878+0000] {logging_mixin.py:188} INFO - [2026-03-23T08:51:13.878+0000] {dagbag.py:545} INFO - Filling up the DagBag from /opt/airflow/dags/tmdb_daily_dag.py
[2026-03-23T08:51:13.883+0000] {processor.py:840} INFO - DAG(s) 'tmdb_raw_pipeline' retrieved from /opt/airflow/dags/tmdb_daily_dag.py
[2026-03-23T08:51:13.899+0000] {logging_mixin.py:188} INFO - [2026-03-23T08:51:13.899+0000] {dag.py:3096} INFO - Sync 1 DAGs
[2026-03-23T08:51:13.912+0000] {logging_mixin.py:188} INFO - [2026-03-23T08:51:13.912+0000] {dag.py:3954} INFO - Setting next_dagrun for tmdb_raw_pipeline to 2026-03-23 00:00:00+00:00, run_after=2026-03-24 00:00:00+00:00
[2026-03-23T08:51:13.922+0000] {processor.py:183} INFO - Processing /opt/airflow/dags/tmdb_daily_dag.py took 0.047 seconds
[2026-03-23T08:51:44.383+0000] {processor.py:161} INFO - Started process (PID=14057) to work on /opt/airflow/dags/tmdb_daily_dag.py
[2026-03-23T08:51:44.384+0000] {processor.py:830} INFO - Processing file /opt/airflow/dags/tmdb_daily_dag.py for tasks to queue
[2026-03-23T08:51:44.384+0000] {logging_mixin.py:188} INFO - [2026-03-23T08:51:44.384+0000] {dagbag.py:545} INFO - Filling up the DagBag from /opt/airflow/dags/tmdb_daily_dag.py
[2026-03-23T08:51:44.390+0000] {processor.py:840} INFO - DAG(s) 'tmdb_raw_pipeline' retrieved from /opt/airflow/dags/tmdb_daily_dag.py
[2026-03-23T08:51:44.402+0000] {logging_mixin.py:188} INFO - [2026-03-23T08:51:44.402+0000] {dag.py:3096} INFO - Sync 1 DAGs
[2026-03-23T08:51:44.413+0000] {logging_mixin.py:188} INFO - [2026-03-23T08:51:44.412+0000] {dag.py:3954} INFO - Setting next_dagrun for tmdb_raw_pipeline to 2026-03-23 00:00:00+00:00, run_after=2026-03-24 00:00:00+00:00
[2026-03-23T08:51:44.419+0000] {processor.py:183} INFO - Processing /opt/airflow/dags/tmdb_daily_dag.py took 0.040 seconds
[2026-03-23T08:52:14.806+0000] {processor.py:161} INFO - Started process (PID=14077) to work on /opt/airflow/dags/tmdb_daily_dag.py
[2026-03-23T08:52:14.807+0000] {processor.py:830} INFO - Processing file /opt/airflow/dags/tmdb_daily_dag.py for tasks to queue
[2026-03-23T08:52:14.807+0000] {logging_mixin.py:188} INFO - [2026-03-23T08:52:14.807+0000] {dagbag.py:545} INFO - Filling up the DagBag from /opt/airflow/dags/tmdb_daily_dag.py
[2026-03-23T08:52:14.812+0000] {processor.py:840} INFO - DAG(s) 'tmdb_raw_pipeline' retrieved from /opt/airflow/dags/tmdb_daily_dag.py
[2026-03-23T08:52:14.822+0000] {logging_mixin.py:188} INFO - [2026-03-23T08:52:14.822+0000] {dag.py:3096} INFO - Sync 1 DAGs
[2026-03-23T08:52:14.830+0000] {logging_mixin.py:188} INFO - [2026-03-23T08:52:14.830+0000] {dag.py:3954} INFO - Setting next_dagrun for tmdb_raw_pipeline to 2026-03-23 00:00:00+00:00, run_after=2026-03-24 00:00:00+00:00
[2026-03-23T08:52:14.836+0000] {processor.py:183} INFO - Processing /opt/airflow/dags/tmdb_daily_dag.py took 0.033 seconds
[2026-03-23T08:52:45.257+0000] {processor.py:161} INFO - Started process (PID=14097) to work on /opt/airflow/dags/tmdb_daily_dag.py
[2026-03-23T08:52:45.258+0000] {processor.py:830} INFO - Processing file /opt/airflow/dags/tmdb_daily_dag.py for tasks to queue
[2026-03-23T08:52:45.258+0000] {logging_mixin.py:188} INFO - [2026-03-23T08:52:45.258+0000] {dagbag.py:545} INFO - Filling up the DagBag from /opt/airflow/dags/tmdb_daily_dag.py
[2026-03-23T08:52:45.264+0000] {processor.py:840} INFO - DAG(s) 'tmdb_raw_pipeline' retrieved from /opt/airflow/dags/tmdb_daily_dag.py
[2026-03-23T08:52:45.274+0000] {logging_mixin.py:188} INFO - [2026-03-23T08:52:45.274+0000] {dag.py:3096} INFO - Sync 1 DAGs
[2026-03-23T08:52:45.283+0000] {logging_mixin.py:188} INFO - [2026-03-23T08:52:45.283+0000] {dag.py:3954} INFO - Setting next_dagrun for tmdb_raw_pipeline to 2026-03-23 00:00:00+00:00, run_after=2026-03-24 00:00:00+00:00
[2026-03-23T08:52:45.290+0000] {processor.py:183} INFO - Processing /opt/airflow/dags/tmdb_daily_dag.py took 0.035 seconds
[2026-03-23T08:53:15.676+0000] {processor.py:161} INFO - Started process (PID=14117) to work on /opt/airflow/dags/tmdb_daily_dag.py
[2026-03-23T08:53:15.677+0000] {processor.py:830} INFO - Processing file /opt/airflow/dags/tmdb_daily_dag.py for tasks to queue
[2026-03-23T08:53:15.677+0000] {logging_mixin.py:188} INFO - [2026-03-23T08:53:15.677+0000] {dagbag.py:545} INFO - Filling up the DagBag from /opt/airflow/dags/tmdb_daily_dag.py
[2026-03-23T08:53:15.684+0000] {processor.py:840} INFO - DAG(s) 'tmdb_raw_pipeline' retrieved from /opt/airflow/dags/tmdb_daily_dag.py
[2026-03-23T08:53:15.694+0000] {logging_mixin.py:188} INFO - [2026-03-23T08:53:15.694+0000] {dag.py:3096} INFO - Sync 1 DAGs
[2026-03-23T08:53:15.703+0000] {logging_mixin.py:188} INFO - [2026-03-23T08:53:15.703+0000] {dag.py:3954} INFO - Setting next_dagrun for tmdb_raw_pipeline to 2026-03-23 00:00:00+00:00, run_after=2026-03-24 00:00:00+00:00
[2026-03-23T08:53:15.709+0000] {processor.py:183} INFO - Processing /opt/airflow/dags/tmdb_daily_dag.py took 0.036 seconds
[2026-03-23T08:53:46.190+0000] {processor.py:161} INFO - Started process (PID=14137) to work on /opt/airflow/dags/tmdb_daily_dag.py
[2026-03-23T08:53:46.191+0000] {processor.py:830} INFO - Processing file /opt/airflow/dags/tmdb_daily_dag.py for tasks to queue
[2026-03-23T08:53:46.192+0000] {logging_mixin.py:188} INFO - [2026-03-23T08:53:46.192+0000] {dagbag.py:545} INFO - Filling up the DagBag from /opt/airflow/dags/tmdb_daily_dag.py
[2026-03-23T08:53:46.199+0000] {processor.py:840} INFO - DAG(s) 'tmdb_raw_pipeline' retrieved from /opt/airflow/dags/tmdb_daily_dag.py
[2026-03-23T08:53:46.212+0000] {logging_mixin.py:188} INFO - [2026-03-23T08:53:46.212+0000] {dag.py:3096} INFO - Sync 1 DAGs
[2026-03-23T08:53:46.222+0000] {logging_mixin.py:188} INFO - [2026-03-23T08:53:46.222+0000] {dag.py:3954} INFO - Setting next_dagrun for tmdb_raw_pipeline to 2026-03-23 00:00:00+00:00, run_after=2026-03-24 00:00:00+00:00
[2026-03-23T08:53:46.230+0000] {processor.py:183} INFO - Processing /opt/airflow/dags/tmdb_daily_dag.py took 0.043 seconds
[2026-03-23T08:54:16.642+0000] {processor.py:161} INFO - Started process (PID=14157) to work on /opt/airflow/dags/tmdb_daily_dag.py
[2026-03-23T08:54:16.643+0000] {processor.py:830} INFO - Processing file /opt/airflow/dags/tmdb_daily_dag.py for tasks to queue
[2026-03-23T08:54:16.643+0000] {logging_mixin.py:188} INFO - [2026-03-23T08:54:16.643+0000] {dagbag.py:545} INFO - Filling up the DagBag from /opt/airflow/dags/tmdb_daily_dag.py
[2026-03-23T08:54:16.649+0000] {processor.py:840} INFO - DAG(s) 'tmdb_raw_pipeline' retrieved from /opt/airflow/dags/tmdb_daily_dag.py
[2026-03-23T08:54:16.660+0000] {logging_mixin.py:188} INFO - [2026-03-23T08:54:16.659+0000] {dag.py:3096} INFO - Sync 1 DAGs
[2026-03-23T08:54:16.668+0000] {logging_mixin.py:188} INFO - [2026-03-23T08:54:16.668+0000] {dag.py:3954} INFO - Setting next_dagrun for tmdb_raw_pipeline to 2026-03-23 00:00:00+00:00, run_after=2026-03-24 00:00:00+00:00
[2026-03-23T08:54:16.674+0000] {processor.py:183} INFO - Processing /opt/airflow/dags/tmdb_daily_dag.py took 0.034 seconds
[2026-03-23T08:54:47.120+0000] {processor.py:161} INFO - Started process (PID=14177) to work on /opt/airflow/dags/tmdb_daily_dag.py
[2026-03-23T08:54:47.121+0000] {processor.py:830} INFO - Processing file /opt/airflow/dags/tmdb_daily_dag.py for tasks to queue
[2026-03-23T08:54:47.121+0000] {logging_mixin.py:188} INFO - [2026-03-23T08:54:47.121+0000] {dagbag.py:545} INFO - Filling up the DagBag from /opt/airflow/dags/tmdb_daily_dag.py
[2026-03-23T08:54:47.128+0000] {processor.py:840} INFO - DAG(s) 'tmdb_raw_pipeline' retrieved from /opt/airflow/dags/tmdb_daily_dag.py
[2026-03-23T08:54:47.137+0000] {logging_mixin.py:188} INFO - [2026-03-23T08:54:47.137+0000] {dag.py:3096} INFO - Sync 1 DAGs
[2026-03-23T08:54:47.146+0000] {logging_mixin.py:188} INFO - [2026-03-23T08:54:47.146+0000] {dag.py:3954} INFO - Setting next_dagrun for tmdb_raw_pipeline to 2026-03-23 00:00:00+00:00, run_after=2026-03-24 00:00:00+00:00
[2026-03-23T08:54:47.152+0000] {processor.py:183} INFO - Processing /opt/airflow/dags/tmdb_daily_dag.py took 0.035 seconds
[2026-03-23T08:55:17.604+0000] {processor.py:161} INFO - Started process (PID=14197) to work on /opt/airflow/dags/tmdb_daily_dag.py
[2026-03-23T08:55:17.605+0000] {processor.py:830} INFO - Processing file /opt/airflow/dags/tmdb_daily_dag.py for tasks to queue
[2026-03-23T08:55:17.605+0000] {logging_mixin.py:188} INFO - [2026-03-23T08:55:17.605+0000] {dagbag.py:545} INFO - Filling up the DagBag from /opt/airflow/dags/tmdb_daily_dag.py
[2026-03-23T08:55:17.611+0000] {processor.py:840} INFO - DAG(s) 'tmdb_raw_pipeline' retrieved from /opt/airflow/dags/tmdb_daily_dag.py
[2026-03-23T08:55:17.620+0000] {logging_mixin.py:188} INFO - [2026-03-23T08:55:17.620+0000] {dag.py:3096} INFO - Sync 1 DAGs
[2026-03-23T08:55:17.628+0000] {logging_mixin.py:188} INFO - [2026-03-23T08:55:17.628+0000] {dag.py:3954} INFO - Setting next_dagrun for tmdb_raw_pipeline to 2026-03-23 00:00:00+00:00, run_after=2026-03-24 00:00:00+00:00
[2026-03-23T08:55:17.634+0000] {processor.py:183} INFO - Processing /opt/airflow/dags/tmdb_daily_dag.py took 0.032 seconds
[2026-03-23T08:55:47.971+0000] {processor.py:161} INFO - Started process (PID=14217) to work on /opt/airflow/dags/tmdb_daily_dag.py
[2026-03-23T08:55:47.972+0000] {processor.py:830} INFO - Processing file /opt/airflow/dags/tmdb_daily_dag.py for tasks to queue
[2026-03-23T08:55:47.972+0000] {logging_mixin.py:188} INFO - [2026-03-23T08:55:47.972+0000] {dagbag.py:545} INFO - Filling up the DagBag from /opt/airflow/dags/tmdb_daily_dag.py
[2026-03-23T08:55:47.977+0000] {processor.py:840} INFO - DAG(s) 'tmdb_raw_pipeline' retrieved from /opt/airflow/dags/tmdb_daily_dag.py
[2026-03-23T08:55:47.988+0000] {logging_mixin.py:188} INFO - [2026-03-23T08:55:47.988+0000] {dag.py:3096} INFO - Sync 1 DAGs
[2026-03-23T08:55:47.996+0000] {logging_mixin.py:188} INFO - [2026-03-23T08:55:47.995+0000] {dag.py:3954} INFO - Setting next_dagrun for tmdb_raw_pipeline to 2026-03-23 00:00:00+00:00, run_after=2026-03-24 00:00:00+00:00
[2026-03-23T08:55:48.001+0000] {processor.py:183} INFO - Processing /opt/airflow/dags/tmdb_daily_dag.py took 0.033 seconds
[2026-03-23T08:56:18.477+0000] {processor.py:161} INFO - Started process (PID=14237) to work on /opt/airflow/dags/tmdb_daily_dag.py
[2026-03-23T08:56:18.478+0000] {processor.py:830} INFO - Processing file /opt/airflow/dags/tmdb_daily_dag.py for tasks to queue
[2026-03-23T08:56:18.478+0000] {logging_mixin.py:188} INFO - [2026-03-23T08:56:18.478+0000] {dagbag.py:545} INFO - Filling up the DagBag from /opt/airflow/dags/tmdb_daily_dag.py
[2026-03-23T08:56:18.483+0000] {processor.py:840} INFO - DAG(s) 'tmdb_raw_pipeline' retrieved from /opt/airflow/dags/tmdb_daily_dag.py
[2026-03-23T08:56:18.493+0000] {logging_mixin.py:188} INFO - [2026-03-23T08:56:18.493+0000] {dag.py:3096} INFO - Sync 1 DAGs
[2026-03-23T08:56:18.504+0000] {logging_mixin.py:188} INFO - [2026-03-23T08:56:18.504+0000] {dag.py:3954} INFO - Setting next_dagrun for tmdb_raw_pipeline to 2026-03-23 00:00:00+00:00, run_after=2026-03-24 00:00:00+00:00
[2026-03-23T08:56:18.510+0000] {processor.py:183} INFO - Processing /opt/airflow/dags/tmdb_daily_dag.py took 0.035 seconds
[2026-03-23T08:56:48.976+0000] {processor.py:161} INFO - Started process (PID=14257) to work on /opt/airflow/dags/tmdb_daily_dag.py
[2026-03-23T08:56:48.977+0000] {processor.py:830} INFO - Processing file /opt/airflow/dags/tmdb_daily_dag.py for tasks to queue
[2026-03-23T08:56:48.978+0000] {logging_mixin.py:188} INFO - [2026-03-23T08:56:48.978+0000] {dagbag.py:545} INFO - Filling up the DagBag from /opt/airflow/dags/tmdb_daily_dag.py
[2026-03-23T08:56:48.984+0000] {processor.py:840} INFO - DAG(s) 'tmdb_raw_pipeline' retrieved from /opt/airflow/dags/tmdb_daily_dag.py
[2026-03-23T08:56:48.996+0000] {logging_mixin.py:188} INFO - [2026-03-23T08:56:48.996+0000] {dag.py:3096} INFO - Sync 1 DAGs
[2026-03-23T08:56:49.004+0000] {logging_mixin.py:188} INFO - [2026-03-23T08:56:49.004+0000] {dag.py:3954} INFO - Setting next_dagrun for tmdb_raw_pipeline to 2026-03-23 00:00:00+00:00, run_after=2026-03-24 00:00:00+00:00
[2026-03-23T08:56:49.010+0000] {processor.py:183} INFO - Processing /opt/airflow/dags/tmdb_daily_dag.py took 0.037 seconds
[2026-03-23T08:57:19.424+0000] {processor.py:161} INFO - Started process (PID=14275) to work on /opt/airflow/dags/tmdb_daily_dag.py
[2026-03-23T08:57:19.425+0000] {processor.py:830} INFO - Processing file /opt/airflow/dags/tmdb_daily_dag.py for tasks to queue
[2026-03-23T08:57:19.426+0000] {logging_mixin.py:188} INFO - [2026-03-23T08:57:19.425+0000] {dagbag.py:545} INFO - Filling up the DagBag from /opt/airflow/dags/tmdb_daily_dag.py
[2026-03-23T08:57:19.432+0000] {processor.py:840} INFO - DAG(s) 'tmdb_raw_pipeline' retrieved from /opt/airflow/dags/tmdb_daily_dag.py
[2026-03-23T08:57:19.444+0000] {logging_mixin.py:188} INFO - [2026-03-23T08:57:19.444+0000] {dag.py:3096} INFO - Sync 1 DAGs
[2026-03-23T08:57:19.455+0000] {logging_mixin.py:188} INFO - [2026-03-23T08:57:19.455+0000] {dag.py:3954} INFO - Setting next_dagrun for tmdb_raw_pipeline to 2026-03-23 00:00:00+00:00, run_after=2026-03-24 00:00:00+00:00
[2026-03-23T08:57:19.466+0000] {processor.py:183} INFO - Processing /opt/airflow/dags/tmdb_daily_dag.py took 0.045 seconds
[2026-03-23T08:57:49.956+0000] {processor.py:161} INFO - Started process (PID=14297) to work on /opt/airflow/dags/tmdb_daily_dag.py
[2026-03-23T08:57:49.957+0000] {processor.py:830} INFO - Processing file /opt/airflow/dags/tmdb_daily_dag.py for tasks to queue
[2026-03-23T08:57:49.957+0000] {logging_mixin.py:188} INFO - [2026-03-23T08:57:49.957+0000] {dagbag.py:545} INFO - Filling up the DagBag from /opt/airflow/dags/tmdb_daily_dag.py
[2026-03-23T08:57:49.962+0000] {processor.py:840} INFO - DAG(s) 'tmdb_raw_pipeline' retrieved from /opt/airflow/dags/tmdb_daily_dag.py
[2026-03-23T08:57:49.972+0000] {logging_mixin.py:188} INFO - [2026-03-23T08:57:49.972+0000] {dag.py:3096} INFO - Sync 1 DAGs
[2026-03-23T08:57:49.981+0000] {logging_mixin.py:188} INFO - [2026-03-23T08:57:49.981+0000] {dag.py:3954} INFO - Setting next_dagrun for tmdb_raw_pipeline to 2026-03-23 00:00:00+00:00, run_after=2026-03-24 00:00:00+00:00
[2026-03-23T08:57:49.986+0000] {processor.py:183} INFO - Processing /opt/airflow/dags/tmdb_daily_dag.py took 0.033 seconds
[2026-03-23T08:58:20.384+0000] {processor.py:161} INFO - Started process (PID=14317) to work on /opt/airflow/dags/tmdb_daily_dag.py
[2026-03-23T08:58:20.384+0000] {processor.py:830} INFO - Processing file /opt/airflow/dags/tmdb_daily_dag.py for tasks to queue
[2026-03-23T08:58:20.385+0000] {logging_mixin.py:188} INFO - [2026-03-23T08:58:20.385+0000] {dagbag.py:545} INFO - Filling up the DagBag from /opt/airflow/dags/tmdb_daily_dag.py
[2026-03-23T08:58:20.390+0000] {processor.py:840} INFO - DAG(s) 'tmdb_raw_pipeline' retrieved from /opt/airflow/dags/tmdb_daily_dag.py
[2026-03-23T08:58:20.399+0000] {logging_mixin.py:188} INFO - [2026-03-23T08:58:20.399+0000] {dag.py:3096} INFO - Sync 1 DAGs
[2026-03-23T08:58:20.407+0000] {logging_mixin.py:188} INFO - [2026-03-23T08:58:20.407+0000] {dag.py:3954} INFO - Setting next_dagrun for tmdb_raw_pipeline to 2026-03-23 00:00:00+00:00, run_after=2026-03-24 00:00:00+00:00
[2026-03-23T08:58:20.413+0000] {processor.py:183} INFO - Processing /opt/airflow/dags/tmdb_daily_dag.py took 0.032 seconds
[2026-03-23T08:58:50.972+0000] {processor.py:161} INFO - Started process (PID=14337) to work on /opt/airflow/dags/tmdb_daily_dag.py
[2026-03-23T08:58:50.973+0000] {processor.py:830} INFO - Processing file /opt/airflow/dags/tmdb_daily_dag.py for tasks to queue
[2026-03-23T08:58:50.974+0000] {logging_mixin.py:188} INFO - [2026-03-23T08:58:50.974+0000] {dagbag.py:545} INFO - Filling up the DagBag from /opt/airflow/dags/tmdb_daily_dag.py
[2026-03-23T08:58:50.982+0000] {processor.py:840} INFO - DAG(s) 'tmdb_raw_pipeline' retrieved from /opt/airflow/dags/tmdb_daily_dag.py
[2026-03-23T08:58:50.997+0000] {logging_mixin.py:188} INFO - [2026-03-23T08:58:50.997+0000] {dag.py:3096} INFO - Sync 1 DAGs
[2026-03-23T08:58:51.007+0000] {logging_mixin.py:188} INFO - [2026-03-23T08:58:51.007+0000] {dag.py:3954} INFO - Setting next_dagrun for tmdb_raw_pipeline to 2026-03-23 00:00:00+00:00, run_after=2026-03-24 00:00:00+00:00
[2026-03-23T08:58:51.014+0000] {processor.py:183} INFO - Processing /opt/airflow/dags/tmdb_daily_dag.py took 0.045 seconds
[2026-03-23T08:59:21.482+0000] {processor.py:161} INFO - Started process (PID=14357) to work on /opt/airflow/dags/tmdb_daily_dag.py
[2026-03-23T08:59:21.483+0000] {processor.py:830} INFO - Processing file /opt/airflow/dags/tmdb_daily_dag.py for tasks to queue
[2026-03-23T08:59:21.484+0000] {logging_mixin.py:188} INFO - [2026-03-23T08:59:21.484+0000] {dagbag.py:545} INFO - Filling up the DagBag from /opt/airflow/dags/tmdb_daily_dag.py
[2026-03-23T08:59:21.494+0000] {processor.py:840} INFO - DAG(s) 'tmdb_raw_pipeline' retrieved from /opt/airflow/dags/tmdb_daily_dag.py
[2026-03-23T08:59:21.508+0000] {logging_mixin.py:188} INFO - [2026-03-23T08:59:21.508+0000] {dag.py:3096} INFO - Sync 1 DAGs
[2026-03-23T08:59:21.521+0000] {logging_mixin.py:188} INFO - [2026-03-23T08:59:21.521+0000] {dag.py:3954} INFO - Setting next_dagrun for tmdb_raw_pipeline to 2026-03-23 00:00:00+00:00, run_after=2026-03-24 00:00:00+00:00
[2026-03-23T08:59:21.530+0000] {processor.py:183} INFO - Processing /opt/airflow/dags/tmdb_daily_dag.py took 0.052 seconds
[2026-03-23T08:59:52.002+0000] {processor.py:161} INFO - Started process (PID=14377) to work on /opt/airflow/dags/tmdb_daily_dag.py
[2026-03-23T08:59:52.003+0000] {processor.py:830} INFO - Processing file /opt/airflow/dags/tmdb_daily_dag.py for tasks to queue
[2026-03-23T08:59:52.003+0000] {logging_mixin.py:188} INFO - [2026-03-23T08:59:52.003+0000] {dagbag.py:545} INFO - Filling up the DagBag from /opt/airflow/dags/tmdb_daily_dag.py
[2026-03-23T08:59:52.008+0000] {processor.py:840} INFO - DAG(s) 'tmdb_raw_pipeline' retrieved from /opt/airflow/dags/tmdb_daily_dag.py
[2026-03-23T08:59:52.018+0000] {logging_mixin.py:188} INFO - [2026-03-23T08:59:52.018+0000] {dag.py:3096} INFO - Sync 1 DAGs
[2026-03-23T08:59:52.026+0000] {logging_mixin.py:188} INFO - [2026-03-23T08:59:52.026+0000] {dag.py:3954} INFO - Setting next_dagrun for tmdb_raw_pipeline to 2026-03-23 00:00:00+00:00, run_after=2026-03-24 00:00:00+00:00
[2026-03-23T08:59:52.033+0000] {processor.py:183} INFO - Processing /opt/airflow/dags/tmdb_daily_dag.py took 0.033 seconds
[2026-03-23T09:00:22.441+0000] {processor.py:161} INFO - Started process (PID=14397) to work on /opt/airflow/dags/tmdb_daily_dag.py
[2026-03-23T09:00:22.442+0000] {processor.py:830} INFO - Processing file /opt/airflow/dags/tmdb_daily_dag.py for tasks to queue
[2026-03-23T09:00:22.442+0000] {logging_mixin.py:188} INFO - [2026-03-23T09:00:22.442+0000] {dagbag.py:545} INFO - Filling up the DagBag from /opt/airflow/dags/tmdb_daily_dag.py
[2026-03-23T09:00:22.448+0000] {processor.py:840} INFO - DAG(s) 'tmdb_raw_pipeline' retrieved from /opt/airflow/dags/tmdb_daily_dag.py
[2026-03-23T09:00:22.465+0000] {logging_mixin.py:188} INFO - [2026-03-23T09:00:22.465+0000] {dag.py:3096} INFO - Sync 1 DAGs
[2026-03-23T09:00:22.476+0000] {logging_mixin.py:188} INFO - [2026-03-23T09:00:22.476+0000] {dag.py:3954} INFO - Setting next_dagrun for tmdb_raw_pipeline to 2026-03-23 00:00:00+00:00, run_after=2026-03-24 00:00:00+00:00
[2026-03-23T09:00:22.487+0000] {processor.py:183} INFO - Processing /opt/airflow/dags/tmdb_daily_dag.py took 0.049 seconds
[2026-03-23T09:00:53.000+0000] {processor.py:161} INFO - Started process (PID=14417) to work on /opt/airflow/dags/tmdb_daily_dag.py
[2026-03-23T09:00:53.002+0000] {processor.py:830} INFO - Processing file /opt/airflow/dags/tmdb_daily_dag.py for tasks to queue
[2026-03-23T09:00:53.002+0000] {logging_mixin.py:188} INFO - [2026-03-23T09:00:53.002+0000] {dagbag.py:545} INFO - Filling up the DagBag from /opt/airflow/dags/tmdb_daily_dag.py
[2026-03-23T09:00:53.007+0000] {processor.py:840} INFO - DAG(s) 'tmdb_raw_pipeline' retrieved from /opt/airflow/dags/tmdb_daily_dag.py
[2026-03-23T09:00:53.017+0000] {logging_mixin.py:188} INFO - [2026-03-23T09:00:53.017+0000] {dag.py:3096} INFO - Sync 1 DAGs
[2026-03-23T09:00:53.027+0000] {logging_mixin.py:188} INFO - [2026-03-23T09:00:53.027+0000] {dag.py:3954} INFO - Setting next_dagrun for tmdb_raw_pipeline to 2026-03-23 00:00:00+00:00, run_after=2026-03-24 00:00:00+00:00
[2026-03-23T09:00:53.033+0000] {processor.py:183} INFO - Processing /opt/airflow/dags/tmdb_daily_dag.py took 0.035 seconds
[2026-03-23T09:01:23.428+0000] {processor.py:161} INFO - Started process (PID=14437) to work on /opt/airflow/dags/tmdb_daily_dag.py
[2026-03-23T09:01:23.429+0000] {processor.py:830} INFO - Processing file /opt/airflow/dags/tmdb_daily_dag.py for tasks to queue
[2026-03-23T09:01:23.429+0000] {logging_mixin.py:188} INFO - [2026-03-23T09:01:23.429+0000] {dagbag.py:545} INFO - Filling up the DagBag from /opt/airflow/dags/tmdb_daily_dag.py
[2026-03-23T09:01:23.437+0000] {processor.py:840} INFO - DAG(s) 'tmdb_raw_pipeline' retrieved from /opt/airflow/dags/tmdb_daily_dag.py
[2026-03-23T09:01:23.456+0000] {logging_mixin.py:188} INFO - [2026-03-23T09:01:23.455+0000] {dag.py:3096} INFO - Sync 1 DAGs
[2026-03-23T09:01:23.468+0000] {logging_mixin.py:188} INFO - [2026-03-23T09:01:23.468+0000] {dag.py:3954} INFO - Setting next_dagrun for tmdb_raw_pipeline to 2026-03-23 00:00:00+00:00, run_after=2026-03-24 00:00:00+00:00
[2026-03-23T09:01:23.478+0000] {processor.py:183} INFO - Processing /opt/airflow/dags/tmdb_daily_dag.py took 0.053 seconds
[2026-03-23T09:01:53.983+0000] {processor.py:161} INFO - Started process (PID=14457) to work on /opt/airflow/dags/tmdb_daily_dag.py
[2026-03-23T09:01:53.983+0000] {processor.py:830} INFO - Processing file /opt/airflow/dags/tmdb_daily_dag.py for tasks to queue
[2026-03-23T09:01:53.984+0000] {logging_mixin.py:188} INFO - [2026-03-23T09:01:53.984+0000] {dagbag.py:545} INFO - Filling up the DagBag from /opt/airflow/dags/tmdb_daily_dag.py
[2026-03-23T09:01:53.990+0000] {processor.py:840} INFO - DAG(s) 'tmdb_raw_pipeline' retrieved from /opt/airflow/dags/tmdb_daily_dag.py
[2026-03-23T09:01:54.000+0000] {logging_mixin.py:188} INFO - [2026-03-23T09:01:54.000+0000] {dag.py:3096} INFO - Sync 1 DAGs
[2026-03-23T09:01:54.009+0000] {logging_mixin.py:188} INFO - [2026-03-23T09:01:54.009+0000] {dag.py:3954} INFO - Setting next_dagrun for tmdb_raw_pipeline to 2026-03-23 00:00:00+00:00, run_after=2026-03-24 00:00:00+00:00
[2026-03-23T09:01:54.015+0000] {processor.py:183} INFO - Processing /opt/airflow/dags/tmdb_daily_dag.py took 0.035 seconds
[2026-03-23T09:02:24.477+0000] {processor.py:161} INFO - Started process (PID=14477) to work on /opt/airflow/dags/tmdb_daily_dag.py
[2026-03-23T09:02:24.478+0000] {processor.py:830} INFO - Processing file /opt/airflow/dags/tmdb_daily_dag.py for tasks to queue
[2026-03-23T09:02:24.478+0000] {logging_mixin.py:188} INFO - [2026-03-23T09:02:24.478+0000] {dagbag.py:545} INFO - Filling up the DagBag from /opt/airflow/dags/tmdb_daily_dag.py
[2026-03-23T09:02:24.485+0000] {processor.py:840} INFO - DAG(s) 'tmdb_raw_pipeline' retrieved from /opt/airflow/dags/tmdb_daily_dag.py
[2026-03-23T09:02:24.495+0000] {logging_mixin.py:188} INFO - [2026-03-23T09:02:24.494+0000] {dag.py:3096} INFO - Sync 1 DAGs
[2026-03-23T09:02:24.504+0000] {logging_mixin.py:188} INFO - [2026-03-23T09:02:24.504+0000] {dag.py:3954} INFO - Setting next_dagrun for tmdb_raw_pipeline to 2026-03-23 00:00:00+00:00, run_after=2026-03-24 00:00:00+00:00
[2026-03-23T09:02:24.510+0000] {processor.py:183} INFO - Processing /opt/airflow/dags/tmdb_daily_dag.py took 0.035 seconds
[2026-03-23T09:02:55.004+0000] {processor.py:161} INFO - Started process (PID=14497) to work on /opt/airflow/dags/tmdb_daily_dag.py
[2026-03-23T09:02:55.005+0000] {processor.py:830} INFO - Processing file /opt/airflow/dags/tmdb_daily_dag.py for tasks to queue
[2026-03-23T09:02:55.005+0000] {logging_mixin.py:188} INFO - [2026-03-23T09:02:55.005+0000] {dagbag.py:545} INFO - Filling up the DagBag from /opt/airflow/dags/tmdb_daily_dag.py
[2026-03-23T09:02:55.011+0000] {processor.py:840} INFO - DAG(s) 'tmdb_raw_pipeline' retrieved from /opt/airflow/dags/tmdb_daily_dag.py
[2026-03-23T09:02:55.021+0000] {logging_mixin.py:188} INFO - [2026-03-23T09:02:55.021+0000] {dag.py:3096} INFO - Sync 1 DAGs
[2026-03-23T09:02:55.032+0000] {logging_mixin.py:188} INFO - [2026-03-23T09:02:55.032+0000] {dag.py:3954} INFO - Setting next_dagrun for tmdb_raw_pipeline to 2026-03-23 00:00:00+00:00, run_after=2026-03-24 00:00:00+00:00
[2026-03-23T09:02:55.038+0000] {processor.py:183} INFO - Processing /opt/airflow/dags/tmdb_daily_dag.py took 0.037 seconds
[2026-03-23T09:03:25.535+0000] {processor.py:161} INFO - Started process (PID=14517) to work on /opt/airflow/dags/tmdb_daily_dag.py
[2026-03-23T09:03:25.536+0000] {processor.py:830} INFO - Processing file /opt/airflow/dags/tmdb_daily_dag.py for tasks to queue
[2026-03-23T09:03:25.537+0000] {logging_mixin.py:188} INFO - [2026-03-23T09:03:25.536+0000] {dagbag.py:545} INFO - Filling up the DagBag from /opt/airflow/dags/tmdb_daily_dag.py
[2026-03-23T09:03:25.542+0000] {processor.py:840} INFO - DAG(s) 'tmdb_raw_pipeline' retrieved from /opt/airflow/dags/tmdb_daily_dag.py
[2026-03-23T09:03:25.552+0000] {logging_mixin.py:188} INFO - [2026-03-23T09:03:25.551+0000] {dag.py:3096} INFO - Sync 1 DAGs
[2026-03-23T09:03:25.560+0000] {logging_mixin.py:188} INFO - [2026-03-23T09:03:25.560+0000] {dag.py:3954} INFO - Setting next_dagrun for tmdb_raw_pipeline to 2026-03-23 00:00:00+00:00, run_after=2026-03-24 00:00:00+00:00
[2026-03-23T09:03:25.566+0000] {processor.py:183} INFO - Processing /opt/airflow/dags/tmdb_daily_dag.py took 0.034 seconds
[2026-03-23T09:03:56.103+0000] {processor.py:161} INFO - Started process (PID=14537) to work on /opt/airflow/dags/tmdb_daily_dag.py
[2026-03-23T09:03:56.105+0000] {processor.py:830} INFO - Processing file /opt/airflow/dags/tmdb_daily_dag.py for tasks to queue
[2026-03-23T09:03:56.105+0000] {logging_mixin.py:188} INFO - [2026-03-23T09:03:56.105+0000] {dagbag.py:545} INFO - Filling up the DagBag from /opt/airflow/dags/tmdb_daily_dag.py
[2026-03-23T09:03:56.112+0000] {processor.py:840} INFO - DAG(s) 'tmdb_raw_pipeline' retrieved from /opt/airflow/dags/tmdb_daily_dag.py
[2026-03-23T09:03:56.123+0000] {logging_mixin.py:188} INFO - [2026-03-23T09:03:56.123+0000] {dag.py:3096} INFO - Sync 1 DAGs
[2026-03-23T09:03:56.131+0000] {logging_mixin.py:188} INFO - [2026-03-23T09:03:56.131+0000] {dag.py:3954} INFO - Setting next_dagrun for tmdb_raw_pipeline to 2026-03-23 00:00:00+00:00, run_after=2026-03-24 00:00:00+00:00
[2026-03-23T09:03:56.138+0000] {processor.py:183} INFO - Processing /opt/airflow/dags/tmdb_daily_dag.py took 0.038 seconds
[2026-03-23T09:04:26.555+0000] {processor.py:161} INFO - Started process (PID=14557) to work on /opt/airflow/dags/tmdb_daily_dag.py
[2026-03-23T09:04:26.556+0000] {processor.py:830} INFO - Processing file /opt/airflow/dags/tmdb_daily_dag.py for tasks to queue
[2026-03-23T09:04:26.556+0000] {logging_mixin.py:188} INFO - [2026-03-23T09:04:26.556+0000] {dagbag.py:545} INFO - Filling up the DagBag from /opt/airflow/dags/tmdb_daily_dag.py
[2026-03-23T09:04:26.562+0000] {processor.py:840} INFO - DAG(s) 'tmdb_raw_pipeline' retrieved from /opt/airflow/dags/tmdb_daily_dag.py
[2026-03-23T09:04:26.572+0000] {logging_mixin.py:188} INFO - [2026-03-23T09:04:26.572+0000] {dag.py:3096} INFO - Sync 1 DAGs
[2026-03-23T09:04:26.580+0000] {logging_mixin.py:188} INFO - [2026-03-23T09:04:26.580+0000] {dag.py:3954} INFO - Setting next_dagrun for tmdb_raw_pipeline to 2026-03-23 00:00:00+00:00, run_after=2026-03-24 00:00:00+00:00
[2026-03-23T09:04:26.586+0000] {processor.py:183} INFO - Processing /opt/airflow/dags/tmdb_daily_dag.py took 0.034 seconds
[2026-03-23T09:04:57.062+0000] {processor.py:161} INFO - Started process (PID=14577) to work on /opt/airflow/dags/tmdb_daily_dag.py
[2026-03-23T09:04:57.063+0000] {processor.py:830} INFO - Processing file /opt/airflow/dags/tmdb_daily_dag.py for tasks to queue
[2026-03-23T09:04:57.064+0000] {logging_mixin.py:188} INFO - [2026-03-23T09:04:57.064+0000] {dagbag.py:545} INFO - Filling up the DagBag from /opt/airflow/dags/tmdb_daily_dag.py
[2026-03-23T09:04:57.070+0000] {processor.py:840} INFO - DAG(s) 'tmdb_raw_pipeline' retrieved from /opt/airflow/dags/tmdb_daily_dag.py
[2026-03-23T09:04:57.081+0000] {logging_mixin.py:188} INFO - [2026-03-23T09:04:57.081+0000] {dag.py:3096} INFO - Sync 1 DAGs
[2026-03-23T09:04:57.091+0000] {logging_mixin.py:188} INFO - [2026-03-23T09:04:57.090+0000] {dag.py:3954} INFO - Setting next_dagrun for tmdb_raw_pipeline to 2026-03-23 00:00:00+00:00, run_after=2026-03-24 00:00:00+00:00
[2026-03-23T09:04:57.099+0000] {processor.py:183} INFO - Processing /opt/airflow/dags/tmdb_daily_dag.py took 0.039 seconds
[2026-03-23T09:05:27.448+0000] {processor.py:161} INFO - Started process (PID=14597) to work on /opt/airflow/dags/tmdb_daily_dag.py
[2026-03-23T09:05:27.448+0000] {processor.py:830} INFO - Processing file /opt/airflow/dags/tmdb_daily_dag.py for tasks to queue
[2026-03-23T09:05:27.449+0000] {logging_mixin.py:188} INFO - [2026-03-23T09:05:27.449+0000] {dagbag.py:545} INFO - Filling up the DagBag from /opt/airflow/dags/tmdb_daily_dag.py
[2026-03-23T09:05:27.454+0000] {processor.py:840} INFO - DAG(s) 'tmdb_raw_pipeline' retrieved from /opt/airflow/dags/tmdb_daily_dag.py
[2026-03-23T09:05:27.465+0000] {logging_mixin.py:188} INFO - [2026-03-23T09:05:27.464+0000] {dag.py:3096} INFO - Sync 1 DAGs
[2026-03-23T09:05:27.473+0000] {logging_mixin.py:188} INFO - [2026-03-23T09:05:27.473+0000] {dag.py:3954} INFO - Setting next_dagrun for tmdb_raw_pipeline to 2026-03-23 00:00:00+00:00, run_after=2026-03-24 00:00:00+00:00
[2026-03-23T09:05:27.481+0000] {processor.py:183} INFO - Processing /opt/airflow/dags/tmdb_daily_dag.py took 0.037 seconds
[2026-03-23T09:05:58.040+0000] {processor.py:161} INFO - Started process (PID=14617) to work on /opt/airflow/dags/tmdb_daily_dag.py
[2026-03-23T09:05:58.041+0000] {processor.py:830} INFO - Processing file /opt/airflow/dags/tmdb_daily_dag.py for tasks to queue
[2026-03-23T09:05:58.042+0000] {logging_mixin.py:188} INFO - [2026-03-23T09:05:58.042+0000] {dagbag.py:545} INFO - Filling up the DagBag from /opt/airflow/dags/tmdb_daily_dag.py
[2026-03-23T09:05:58.053+0000] {processor.py:840} INFO - DAG(s) 'tmdb_raw_pipeline' retrieved from /opt/airflow/dags/tmdb_daily_dag.py
[2026-03-23T09:05:58.067+0000] {logging_mixin.py:188} INFO - [2026-03-23T09:05:58.067+0000] {dag.py:3096} INFO - Sync 1 DAGs
[2026-03-23T09:05:58.076+0000] {logging_mixin.py:188} INFO - [2026-03-23T09:05:58.076+0000] {dag.py:3954} INFO - Setting next_dagrun for tmdb_raw_pipeline to 2026-03-23 00:00:00+00:00, run_after=2026-03-24 00:00:00+00:00
[2026-03-23T09:05:58.083+0000] {processor.py:183} INFO - Processing /opt/airflow/dags/tmdb_daily_dag.py took 0.048 seconds
[2026-03-23T09:06:28.423+0000] {processor.py:161} INFO - Started process (PID=14637) to work on /opt/airflow/dags/tmdb_daily_dag.py
[2026-03-23T09:06:28.424+0000] {processor.py:830} INFO - Processing file /opt/airflow/dags/tmdb_daily_dag.py for tasks to queue
[2026-03-23T09:06:28.424+0000] {logging_mixin.py:188} INFO - [2026-03-23T09:06:28.424+0000] {dagbag.py:545} INFO - Filling up the DagBag from /opt/airflow/dags/tmdb_daily_dag.py
[2026-03-23T09:06:28.429+0000] {processor.py:840} INFO - DAG(s) 'tmdb_raw_pipeline' retrieved from /opt/airflow/dags/tmdb_daily_dag.py
[2026-03-23T09:06:28.438+0000] {logging_mixin.py:188} INFO - [2026-03-23T09:06:28.437+0000] {dag.py:3096} INFO - Sync 1 DAGs
[2026-03-23T09:06:28.445+0000] {logging_mixin.py:188} INFO - [2026-03-23T09:06:28.445+0000] {dag.py:3954} INFO - Setting next_dagrun for tmdb_raw_pipeline to 2026-03-23 00:00:00+00:00, run_after=2026-03-24 00:00:00+00:00
[2026-03-23T09:06:28.450+0000] {processor.py:183} INFO - Processing /opt/airflow/dags/tmdb_daily_dag.py took 0.030 seconds
[2026-03-23T09:06:58.908+0000] {processor.py:161} INFO - Started process (PID=14657) to work on /opt/airflow/dags/tmdb_daily_dag.py
[2026-03-23T09:06:58.909+0000] {processor.py:830} INFO - Processing file /opt/airflow/dags/tmdb_daily_dag.py for tasks to queue
[2026-03-23T09:06:58.909+0000] {logging_mixin.py:188} INFO - [2026-03-23T09:06:58.909+0000] {dagbag.py:545} INFO - Filling up the DagBag from /opt/airflow/dags/tmdb_daily_dag.py
[2026-03-23T09:06:58.915+0000] {processor.py:840} INFO - DAG(s) 'tmdb_raw_pipeline' retrieved from /opt/airflow/dags/tmdb_daily_dag.py
[2026-03-23T09:06:58.926+0000] {logging_mixin.py:188} INFO - [2026-03-23T09:06:58.926+0000] {dag.py:3096} INFO - Sync 1 DAGs
[2026-03-23T09:06:58.935+0000] {logging_mixin.py:188} INFO - [2026-03-23T09:06:58.934+0000] {dag.py:3954} INFO - Setting next_dagrun for tmdb_raw_pipeline to 2026-03-23 00:00:00+00:00, run_after=2026-03-24 00:00:00+00:00
[2026-03-23T09:06:58.940+0000] {processor.py:183} INFO - Processing /opt/airflow/dags/tmdb_daily_dag.py took 0.035 seconds
[2026-03-23T09:07:29.349+0000] {processor.py:161} INFO - Started process (PID=14677) to work on /opt/airflow/dags/tmdb_daily_dag.py
[2026-03-23T09:07:29.350+0000] {processor.py:830} INFO - Processing file /opt/airflow/dags/tmdb_daily_dag.py for tasks to queue
[2026-03-23T09:07:29.350+0000] {logging_mixin.py:188} INFO - [2026-03-23T09:07:29.350+0000] {dagbag.py:545} INFO - Filling up the DagBag from /opt/airflow/dags/tmdb_daily_dag.py
[2026-03-23T09:07:29.355+0000] {processor.py:840} INFO - DAG(s) 'tmdb_raw_pipeline' retrieved from /opt/airflow/dags/tmdb_daily_dag.py
[2026-03-23T09:07:29.365+0000] {logging_mixin.py:188} INFO - [2026-03-23T09:07:29.365+0000] {dag.py:3096} INFO - Sync 1 DAGs
[2026-03-23T09:07:29.373+0000] {logging_mixin.py:188} INFO - [2026-03-23T09:07:29.373+0000] {dag.py:3954} INFO - Setting next_dagrun for tmdb_raw_pipeline to 2026-03-23 00:00:00+00:00, run_after=2026-03-24 00:00:00+00:00
[2026-03-23T09:07:29.379+0000] {processor.py:183} INFO - Processing /opt/airflow/dags/tmdb_daily_dag.py took 0.032 seconds
[2026-03-23T09:07:59.879+0000] {processor.py:161} INFO - Started process (PID=14697) to work on /opt/airflow/dags/tmdb_daily_dag.py
[2026-03-23T09:07:59.880+0000] {processor.py:830} INFO - Processing file /opt/airflow/dags/tmdb_daily_dag.py for tasks to queue
[2026-03-23T09:07:59.880+0000] {logging_mixin.py:188} INFO - [2026-03-23T09:07:59.880+0000] {dagbag.py:545} INFO - Filling up the DagBag from /opt/airflow/dags/tmdb_daily_dag.py
[2026-03-23T09:07:59.887+0000] {processor.py:840} INFO - DAG(s) 'tmdb_raw_pipeline' retrieved from /opt/airflow/dags/tmdb_daily_dag.py
[2026-03-23T09:07:59.899+0000] {logging_mixin.py:188} INFO - [2026-03-23T09:07:59.899+0000] {dag.py:3096} INFO - Sync 1 DAGs
[2026-03-23T09:07:59.908+0000] {logging_mixin.py:188} INFO - [2026-03-23T09:07:59.908+0000] {dag.py:3954} INFO - Setting next_dagrun for tmdb_raw_pipeline to 2026-03-23 00:00:00+00:00, run_after=2026-03-24 00:00:00+00:00
[2026-03-23T09:07:59.915+0000] {processor.py:183} INFO - Processing /opt/airflow/dags/tmdb_daily_dag.py took 0.039 seconds
[2026-03-23T09:08:30.360+0000] {processor.py:161} INFO - Started process (PID=14717) to work on /opt/airflow/dags/tmdb_daily_dag.py
[2026-03-23T09:08:30.361+0000] {processor.py:830} INFO - Processing file /opt/airflow/dags/tmdb_daily_dag.py for tasks to queue
[2026-03-23T09:08:30.361+0000] {logging_mixin.py:188} INFO - [2026-03-23T09:08:30.361+0000] {dagbag.py:545} INFO - Filling up the DagBag from /opt/airflow/dags/tmdb_daily_dag.py
[2026-03-23T09:08:30.367+0000] {processor.py:840} INFO - DAG(s) 'tmdb_raw_pipeline' retrieved from /opt/airflow/dags/tmdb_daily_dag.py
[2026-03-23T09:08:30.376+0000] {logging_mixin.py:188} INFO - [2026-03-23T09:08:30.376+0000] {dag.py:3096} INFO - Sync 1 DAGs
[2026-03-23T09:08:30.385+0000] {logging_mixin.py:188} INFO - [2026-03-23T09:08:30.385+0000] {dag.py:3954} INFO - Setting next_dagrun for tmdb_raw_pipeline to 2026-03-23 00:00:00+00:00, run_after=2026-03-24 00:00:00+00:00
[2026-03-23T09:08:30.391+0000] {processor.py:183} INFO - Processing /opt/airflow/dags/tmdb_daily_dag.py took 0.033 seconds
[2026-03-23T09:09:00.934+0000] {processor.py:161} INFO - Started process (PID=14737) to work on /opt/airflow/dags/tmdb_daily_dag.py
[2026-03-23T09:09:00.936+0000] {processor.py:830} INFO - Processing file /opt/airflow/dags/tmdb_daily_dag.py for tasks to queue
[2026-03-23T09:09:00.936+0000] {logging_mixin.py:188} INFO - [2026-03-23T09:09:00.936+0000] {dagbag.py:545} INFO - Filling up the DagBag from /opt/airflow/dags/tmdb_daily_dag.py
[2026-03-23T09:09:00.946+0000] {processor.py:840} INFO - DAG(s) 'tmdb_raw_pipeline' retrieved from /opt/airflow/dags/tmdb_daily_dag.py
[2026-03-23T09:09:00.961+0000] {logging_mixin.py:188} INFO - [2026-03-23T09:09:00.960+0000] {dag.py:3096} INFO - Sync 1 DAGs
[2026-03-23T09:09:00.972+0000] {logging_mixin.py:188} INFO - [2026-03-23T09:09:00.972+0000] {dag.py:3954} INFO - Setting next_dagrun for tmdb_raw_pipeline to 2026-03-23 00:00:00+00:00, run_after=2026-03-24 00:00:00+00:00
[2026-03-23T09:09:00.980+0000] {processor.py:183} INFO - Processing /opt/airflow/dags/tmdb_daily_dag.py took 0.049 seconds
[2026-03-23T09:09:31.432+0000] {processor.py:161} INFO - Started process (PID=14757) to work on /opt/airflow/dags/tmdb_daily_dag.py
[2026-03-23T09:09:31.432+0000] {processor.py:830} INFO - Processing file /opt/airflow/dags/tmdb_daily_dag.py for tasks to queue
[2026-03-23T09:09:31.433+0000] {logging_mixin.py:188} INFO - [2026-03-23T09:09:31.433+0000] {dagbag.py:545} INFO - Filling up the DagBag from /opt/airflow/dags/tmdb_daily_dag.py
[2026-03-23T09:09:31.439+0000] {processor.py:840} INFO - DAG(s) 'tmdb_raw_pipeline' retrieved from /opt/airflow/dags/tmdb_daily_dag.py
[2026-03-23T09:09:31.450+0000] {logging_mixin.py:188} INFO - [2026-03-23T09:09:31.450+0000] {dag.py:3096} INFO - Sync 1 DAGs
[2026-03-23T09:09:31.459+0000] {logging_mixin.py:188} INFO - [2026-03-23T09:09:31.459+0000] {dag.py:3954} INFO - Setting next_dagrun for tmdb_raw_pipeline to 2026-03-23 00:00:00+00:00, run_after=2026-03-24 00:00:00+00:00
[2026-03-23T09:09:31.466+0000] {processor.py:183} INFO - Processing /opt/airflow/dags/tmdb_daily_dag.py took 0.038 seconds
[2026-03-23T09:10:01.915+0000] {processor.py:161} INFO - Started process (PID=14777) to work on /opt/airflow/dags/tmdb_daily_dag.py
[2026-03-23T09:10:01.916+0000] {processor.py:830} INFO - Processing file /opt/airflow/dags/tmdb_daily_dag.py for tasks to queue
[2026-03-23T09:10:01.916+0000] {logging_mixin.py:188} INFO - [2026-03-23T09:10:01.916+0000] {dagbag.py:545} INFO - Filling up the DagBag from /opt/airflow/dags/tmdb_daily_dag.py
[2026-03-23T09:10:01.922+0000] {processor.py:840} INFO - DAG(s) 'tmdb_raw_pipeline' retrieved from /opt/airflow/dags/tmdb_daily_dag.py
[2026-03-23T09:10:01.931+0000] {logging_mixin.py:188} INFO - [2026-03-23T09:10:01.931+0000] {dag.py:3096} INFO - Sync 1 DAGs
[2026-03-23T09:10:01.939+0000] {logging_mixin.py:188} INFO - [2026-03-23T09:10:01.939+0000] {dag.py:3954} INFO - Setting next_dagrun for tmdb_raw_pipeline to 2026-03-23 00:00:00+00:00, run_after=2026-03-24 00:00:00+00:00
[2026-03-23T09:10:01.946+0000] {processor.py:183} INFO - Processing /opt/airflow/dags/tmdb_daily_dag.py took 0.033 seconds
[2026-03-23T09:10:32.476+0000] {processor.py:161} INFO - Started process (PID=14797) to work on /opt/airflow/dags/tmdb_daily_dag.py
[2026-03-23T09:10:32.478+0000] {processor.py:830} INFO - Processing file /opt/airflow/dags/tmdb_daily_dag.py for tasks to queue
[2026-03-23T09:10:32.479+0000] {logging_mixin.py:188} INFO - [2026-03-23T09:10:32.479+0000] {dagbag.py:545} INFO - Filling up the DagBag from /opt/airflow/dags/tmdb_daily_dag.py
[2026-03-23T09:10:32.518+0000] {processor.py:840} INFO - DAG(s) 'tmdb_raw_pipeline' retrieved from /opt/airflow/dags/tmdb_daily_dag.py
[2026-03-23T09:10:32.545+0000] {logging_mixin.py:188} INFO - [2026-03-23T09:10:32.545+0000] {dag.py:3096} INFO - Sync 1 DAGs
[2026-03-23T09:10:32.562+0000] {logging_mixin.py:188} INFO - [2026-03-23T09:10:32.561+0000] {dag.py:3954} INFO - Setting next_dagrun for tmdb_raw_pipeline to 2026-03-23 00:00:00+00:00, run_after=2026-03-24 00:00:00+00:00
[2026-03-23T09:10:32.591+0000] {processor.py:183} INFO - Processing /opt/airflow/dags/tmdb_daily_dag.py took 0.119 seconds
[2026-03-23T09:11:03.070+0000] {processor.py:161} INFO - Started process (PID=14817) to work on /opt/airflow/dags/tmdb_daily_dag.py
[2026-03-23T09:11:03.072+0000] {processor.py:830} INFO - Processing file /opt/airflow/dags/tmdb_daily_dag.py for tasks to queue
[2026-03-23T09:11:03.072+0000] {logging_mixin.py:188} INFO - [2026-03-23T09:11:03.072+0000] {dagbag.py:545} INFO - Filling up the DagBag from /opt/airflow/dags/tmdb_daily_dag.py
[2026-03-23T09:11:03.079+0000] {processor.py:840} INFO - DAG(s) 'tmdb_raw_pipeline' retrieved from /opt/airflow/dags/tmdb_daily_dag.py
[2026-03-23T09:11:03.089+0000] {logging_mixin.py:188} INFO - [2026-03-23T09:11:03.089+0000] {dag.py:3096} INFO - Sync 1 DAGs
[2026-03-23T09:11:03.097+0000] {logging_mixin.py:188} INFO - [2026-03-23T09:11:03.097+0000] {dag.py:3954} INFO - Setting next_dagrun for tmdb_raw_pipeline to 2026-03-23 00:00:00+00:00, run_after=2026-03-24 00:00:00+00:00
[2026-03-23T09:11:03.103+0000] {processor.py:183} INFO - Processing /opt/airflow/dags/tmdb_daily_dag.py took 0.036 seconds
[2026-03-23T09:11:33.540+0000] {processor.py:161} INFO - Started process (PID=14837) to work on /opt/airflow/dags/tmdb_daily_dag.py
[2026-03-23T09:11:33.541+0000] {processor.py:830} INFO - Processing file /opt/airflow/dags/tmdb_daily_dag.py for tasks to queue
[2026-03-23T09:11:33.542+0000] {logging_mixin.py:188} INFO - [2026-03-23T09:11:33.541+0000] {dagbag.py:545} INFO - Filling up the DagBag from /opt/airflow/dags/tmdb_daily_dag.py
[2026-03-23T09:11:33.549+0000] {processor.py:840} INFO - DAG(s) 'tmdb_raw_pipeline' retrieved from /opt/airflow/dags/tmdb_daily_dag.py
[2026-03-23T09:11:33.560+0000] {logging_mixin.py:188} INFO - [2026-03-23T09:11:33.560+0000] {dag.py:3096} INFO - Sync 1 DAGs
[2026-03-23T09:11:33.571+0000] {logging_mixin.py:188} INFO - [2026-03-23T09:11:33.571+0000] {dag.py:3954} INFO - Setting next_dagrun for tmdb_raw_pipeline to 2026-03-23 00:00:00+00:00, run_after=2026-03-24 00:00:00+00:00
[2026-03-23T09:11:33.580+0000] {processor.py:183} INFO - Processing /opt/airflow/dags/tmdb_daily_dag.py took 0.043 seconds
[2026-03-23T09:12:04.067+0000] {processor.py:161} INFO - Started process (PID=14857) to work on /opt/airflow/dags/tmdb_daily_dag.py
[2026-03-23T09:12:04.068+0000] {processor.py:830} INFO - Processing file /opt/airflow/dags/tmdb_daily_dag.py for tasks to queue
[2026-03-23T09:12:04.069+0000] {logging_mixin.py:188} INFO - [2026-03-23T09:12:04.068+0000] {dagbag.py:545} INFO - Filling up the DagBag from /opt/airflow/dags/tmdb_daily_dag.py
[2026-03-23T09:12:04.074+0000] {processor.py:840} INFO - DAG(s) 'tmdb_raw_pipeline' retrieved from /opt/airflow/dags/tmdb_daily_dag.py
[2026-03-23T09:12:04.084+0000] {logging_mixin.py:188} INFO - [2026-03-23T09:12:04.083+0000] {dag.py:3096} INFO - Sync 1 DAGs
[2026-03-23T09:12:04.092+0000] {logging_mixin.py:188} INFO - [2026-03-23T09:12:04.092+0000] {dag.py:3954} INFO - Setting next_dagrun for tmdb_raw_pipeline to 2026-03-23 00:00:00+00:00, run_after=2026-03-24 00:00:00+00:00
[2026-03-23T09:12:04.098+0000] {processor.py:183} INFO - Processing /opt/airflow/dags/tmdb_daily_dag.py took 0.034 seconds
[2026-03-23T09:12:34.489+0000] {processor.py:161} INFO - Started process (PID=14877) to work on /opt/airflow/dags/tmdb_daily_dag.py
[2026-03-23T09:12:34.489+0000] {processor.py:830} INFO - Processing file /opt/airflow/dags/tmdb_daily_dag.py for tasks to queue
[2026-03-23T09:12:34.490+0000] {logging_mixin.py:188} INFO - [2026-03-23T09:12:34.489+0000] {dagbag.py:545} INFO - Filling up the DagBag from /opt/airflow/dags/tmdb_daily_dag.py
[2026-03-23T09:12:34.495+0000] {processor.py:840} INFO - DAG(s) 'tmdb_raw_pipeline' retrieved from /opt/airflow/dags/tmdb_daily_dag.py
[2026-03-23T09:12:34.504+0000] {logging_mixin.py:188} INFO - [2026-03-23T09:12:34.504+0000] {dag.py:3096} INFO - Sync 1 DAGs
[2026-03-23T09:12:34.512+0000] {logging_mixin.py:188} INFO - [2026-03-23T09:12:34.512+0000] {dag.py:3954} INFO - Setting next_dagrun for tmdb_raw_pipeline to 2026-03-23 00:00:00+00:00, run_after=2026-03-24 00:00:00+00:00
[2026-03-23T09:12:34.518+0000] {processor.py:183} INFO - Processing /opt/airflow/dags/tmdb_daily_dag.py took 0.032 seconds
[2026-03-23T09:13:05.015+0000] {processor.py:161} INFO - Started process (PID=14897) to work on /opt/airflow/dags/tmdb_daily_dag.py
[2026-03-23T09:13:05.016+0000] {processor.py:830} INFO - Processing file /opt/airflow/dags/tmdb_daily_dag.py for tasks to queue
[2026-03-23T09:13:05.016+0000] {logging_mixin.py:188} INFO - [2026-03-23T09:13:05.016+0000] {dagbag.py:545} INFO - Filling up the DagBag from /opt/airflow/dags/tmdb_daily_dag.py
[2026-03-23T09:13:05.022+0000] {processor.py:840} INFO - DAG(s) 'tmdb_raw_pipeline' retrieved from /opt/airflow/dags/tmdb_daily_dag.py
[2026-03-23T09:13:05.031+0000] {logging_mixin.py:188} INFO - [2026-03-23T09:13:05.031+0000] {dag.py:3096} INFO - Sync 1 DAGs
[2026-03-23T09:13:05.039+0000] {logging_mixin.py:188} INFO - [2026-03-23T09:13:05.039+0000] {dag.py:3954} INFO - Setting next_dagrun for tmdb_raw_pipeline to 2026-03-23 00:00:00+00:00, run_after=2026-03-24 00:00:00+00:00
[2026-03-23T09:13:05.045+0000] {processor.py:183} INFO - Processing /opt/airflow/dags/tmdb_daily_dag.py took 0.032 seconds
[2026-03-23T09:13:35.427+0000] {processor.py:161} INFO - Started process (PID=14916) to work on /opt/airflow/dags/tmdb_daily_dag.py
[2026-03-23T09:13:35.428+0000] {processor.py:830} INFO - Processing file /opt/airflow/dags/tmdb_daily_dag.py for tasks to queue
[2026-03-23T09:13:35.428+0000] {logging_mixin.py:188} INFO - [2026-03-23T09:13:35.428+0000] {dagbag.py:545} INFO - Filling up the DagBag from /opt/airflow/dags/tmdb_daily_dag.py
[2026-03-23T09:13:35.434+0000] {processor.py:840} INFO - DAG(s) 'tmdb_raw_pipeline' retrieved from /opt/airflow/dags/tmdb_daily_dag.py
[2026-03-23T09:13:35.452+0000] {logging_mixin.py:188} INFO - [2026-03-23T09:13:35.452+0000] {dag.py:3096} INFO - Sync 1 DAGs
[2026-03-23T09:13:35.462+0000] {logging_mixin.py:188} INFO - [2026-03-23T09:13:35.462+0000] {dag.py:3954} INFO - Setting next_dagrun for tmdb_raw_pipeline to 2026-03-23 00:00:00+00:00, run_after=2026-03-24 00:00:00+00:00
[2026-03-23T09:13:35.472+0000] {processor.py:183} INFO - Processing /opt/airflow/dags/tmdb_daily_dag.py took 0.048 seconds
[2026-03-23T09:14:05.993+0000] {processor.py:161} INFO - Started process (PID=14937) to work on /opt/airflow/dags/tmdb_daily_dag.py
[2026-03-23T09:14:05.994+0000] {processor.py:830} INFO - Processing file /opt/airflow/dags/tmdb_daily_dag.py for tasks to queue
[2026-03-23T09:14:05.995+0000] {logging_mixin.py:188} INFO - [2026-03-23T09:14:05.995+0000] {dagbag.py:545} INFO - Filling up the DagBag from /opt/airflow/dags/tmdb_daily_dag.py
[2026-03-23T09:14:06.001+0000] {processor.py:840} INFO - DAG(s) 'tmdb_raw_pipeline' retrieved from /opt/airflow/dags/tmdb_daily_dag.py
[2026-03-23T09:14:06.012+0000] {logging_mixin.py:188} INFO - [2026-03-23T09:14:06.011+0000] {dag.py:3096} INFO - Sync 1 DAGs
[2026-03-23T09:14:06.020+0000] {logging_mixin.py:188} INFO - [2026-03-23T09:14:06.020+0000] {dag.py:3954} INFO - Setting next_dagrun for tmdb_raw_pipeline to 2026-03-23 00:00:00+00:00, run_after=2026-03-24 00:00:00+00:00
[2026-03-23T09:14:06.026+0000] {processor.py:183} INFO - Processing /opt/airflow/dags/tmdb_daily_dag.py took 0.036 seconds
[2026-03-23T09:14:36.385+0000] {processor.py:161} INFO - Started process (PID=14957) to work on /opt/airflow/dags/tmdb_daily_dag.py
[2026-03-23T09:14:36.386+0000] {processor.py:830} INFO - Processing file /opt/airflow/dags/tmdb_daily_dag.py for tasks to queue
[2026-03-23T09:14:36.387+0000] {logging_mixin.py:188} INFO - [2026-03-23T09:14:36.386+0000] {dagbag.py:545} INFO - Filling up the DagBag from /opt/airflow/dags/tmdb_daily_dag.py
[2026-03-23T09:14:36.392+0000] {processor.py:840} INFO - DAG(s) 'tmdb_raw_pipeline' retrieved from /opt/airflow/dags/tmdb_daily_dag.py
[2026-03-23T09:14:36.401+0000] {logging_mixin.py:188} INFO - [2026-03-23T09:14:36.401+0000] {dag.py:3096} INFO - Sync 1 DAGs
[2026-03-23T09:14:36.410+0000] {logging_mixin.py:188} INFO - [2026-03-23T09:14:36.410+0000] {dag.py:3954} INFO - Setting next_dagrun for tmdb_raw_pipeline to 2026-03-23 00:00:00+00:00, run_after=2026-03-24 00:00:00+00:00
[2026-03-23T09:14:36.418+0000] {processor.py:183} INFO - Processing /opt/airflow/dags/tmdb_daily_dag.py took 0.035 seconds
[2026-03-23T09:15:06.922+0000] {processor.py:161} INFO - Started process (PID=14977) to work on /opt/airflow/dags/tmdb_daily_dag.py
[2026-03-23T09:15:06.923+0000] {processor.py:830} INFO - Processing file /opt/airflow/dags/tmdb_daily_dag.py for tasks to queue
[2026-03-23T09:15:06.923+0000] {logging_mixin.py:188} INFO - [2026-03-23T09:15:06.923+0000] {dagbag.py:545} INFO - Filling up the DagBag from /opt/airflow/dags/tmdb_daily_dag.py
[2026-03-23T09:15:06.928+0000] {processor.py:840} INFO - DAG(s) 'tmdb_raw_pipeline' retrieved from /opt/airflow/dags/tmdb_daily_dag.py
[2026-03-23T09:15:06.938+0000] {logging_mixin.py:188} INFO - [2026-03-23T09:15:06.938+0000] {dag.py:3096} INFO - Sync 1 DAGs
[2026-03-23T09:15:06.948+0000] {logging_mixin.py:188} INFO - [2026-03-23T09:15:06.948+0000] {dag.py:3954} INFO - Setting next_dagrun for tmdb_raw_pipeline to 2026-03-23 00:00:00+00:00, run_after=2026-03-24 00:00:00+00:00
[2026-03-23T09:15:06.954+0000] {processor.py:183} INFO - Processing /opt/airflow/dags/tmdb_daily_dag.py took 0.035 seconds
[2026-03-23T09:15:37.366+0000] {processor.py:161} INFO - Started process (PID=14997) to work on /opt/airflow/dags/tmdb_daily_dag.py
[2026-03-23T09:15:37.367+0000] {processor.py:830} INFO - Processing file /opt/airflow/dags/tmdb_daily_dag.py for tasks to queue
[2026-03-23T09:15:37.367+0000] {logging_mixin.py:188} INFO - [2026-03-23T09:15:37.367+0000] {dagbag.py:545} INFO - Filling up the DagBag from /opt/airflow/dags/tmdb_daily_dag.py
[2026-03-23T09:15:37.372+0000] {processor.py:840} INFO - DAG(s) 'tmdb_raw_pipeline' retrieved from /opt/airflow/dags/tmdb_daily_dag.py
[2026-03-23T09:15:37.382+0000] {logging_mixin.py:188} INFO - [2026-03-23T09:15:37.382+0000] {dag.py:3096} INFO - Sync 1 DAGs
[2026-03-23T09:15:37.390+0000] {logging_mixin.py:188} INFO - [2026-03-23T09:15:37.390+0000] {dag.py:3954} INFO - Setting next_dagrun for tmdb_raw_pipeline to 2026-03-23 00:00:00+00:00, run_after=2026-03-24 00:00:00+00:00
[2026-03-23T09:15:37.396+0000] {processor.py:183} INFO - Processing /opt/airflow/dags/tmdb_daily_dag.py took 0.033 seconds
[2026-03-23T09:16:07.904+0000] {processor.py:161} INFO - Started process (PID=15017) to work on /opt/airflow/dags/tmdb_daily_dag.py
[2026-03-23T09:16:07.905+0000] {processor.py:830} INFO - Processing file /opt/airflow/dags/tmdb_daily_dag.py for tasks to queue
[2026-03-23T09:16:07.905+0000] {logging_mixin.py:188} INFO - [2026-03-23T09:16:07.905+0000] {dagbag.py:545} INFO - Filling up the DagBag from /opt/airflow/dags/tmdb_daily_dag.py
[2026-03-23T09:16:07.914+0000] {processor.py:840} INFO - DAG(s) 'tmdb_raw_pipeline' retrieved from /opt/airflow/dags/tmdb_daily_dag.py
[2026-03-23T09:16:07.925+0000] {logging_mixin.py:188} INFO - [2026-03-23T09:16:07.925+0000] {dag.py:3096} INFO - Sync 1 DAGs
[2026-03-23T09:16:07.934+0000] {logging_mixin.py:188} INFO - [2026-03-23T09:16:07.934+0000] {dag.py:3954} INFO - Setting next_dagrun for tmdb_raw_pipeline to 2026-03-23 00:00:00+00:00, run_after=2026-03-24 00:00:00+00:00
[2026-03-23T09:16:07.940+0000] {processor.py:183} INFO - Processing /opt/airflow/dags/tmdb_daily_dag.py took 0.039 seconds
[2026-03-23T09:16:38.332+0000] {processor.py:161} INFO - Started process (PID=15035) to work on /opt/airflow/dags/tmdb_daily_dag.py
[2026-03-23T09:16:38.333+0000] {processor.py:830} INFO - Processing file /opt/airflow/dags/tmdb_daily_dag.py for tasks to queue
[2026-03-23T09:16:38.334+0000] {logging_mixin.py:188} INFO - [2026-03-23T09:16:38.333+0000] {dagbag.py:545} INFO - Filling up the DagBag from /opt/airflow/dags/tmdb_daily_dag.py
[2026-03-23T09:16:38.339+0000] {processor.py:840} INFO - DAG(s) 'tmdb_raw_pipeline' retrieved from /opt/airflow/dags/tmdb_daily_dag.py
[2026-03-23T09:16:38.354+0000] {logging_mixin.py:188} INFO - [2026-03-23T09:16:38.354+0000] {dag.py:3096} INFO - Sync 1 DAGs
[2026-03-23T09:16:38.364+0000] {logging_mixin.py:188} INFO - [2026-03-23T09:16:38.364+0000] {dag.py:3954} INFO - Setting next_dagrun for tmdb_raw_pipeline to 2026-03-23 00:00:00+00:00, run_after=2026-03-24 00:00:00+00:00
[2026-03-23T09:16:38.374+0000] {processor.py:183} INFO - Processing /opt/airflow/dags/tmdb_daily_dag.py took 0.045 seconds
[2026-03-23T09:17:08.919+0000] {processor.py:161} INFO - Started process (PID=15057) to work on /opt/airflow/dags/tmdb_daily_dag.py
[2026-03-23T09:17:08.921+0000] {processor.py:830} INFO - Processing file /opt/airflow/dags/tmdb_daily_dag.py for tasks to queue
[2026-03-23T09:17:08.921+0000] {logging_mixin.py:188} INFO - [2026-03-23T09:17:08.921+0000] {dagbag.py:545} INFO - Filling up the DagBag from /opt/airflow/dags/tmdb_daily_dag.py
[2026-03-23T09:17:08.931+0000] {processor.py:840} INFO - DAG(s) 'tmdb_raw_pipeline' retrieved from /opt/airflow/dags/tmdb_daily_dag.py
[2026-03-23T09:17:08.946+0000] {logging_mixin.py:188} INFO - [2026-03-23T09:17:08.946+0000] {dag.py:3096} INFO - Sync 1 DAGs
[2026-03-23T09:17:08.956+0000] {logging_mixin.py:188} INFO - [2026-03-23T09:17:08.956+0000] {dag.py:3954} INFO - Setting next_dagrun for tmdb_raw_pipeline to 2026-03-23 00:00:00+00:00, run_after=2026-03-24 00:00:00+00:00
[2026-03-23T09:17:08.963+0000] {processor.py:183} INFO - Processing /opt/airflow/dags/tmdb_daily_dag.py took 0.050 seconds
[2026-03-23T09:17:39.371+0000] {processor.py:161} INFO - Started process (PID=15076) to work on /opt/airflow/dags/tmdb_daily_dag.py
[2026-03-23T09:17:39.373+0000] {processor.py:830} INFO - Processing file /opt/airflow/dags/tmdb_daily_dag.py for tasks to queue
[2026-03-23T09:17:39.373+0000] {logging_mixin.py:188} INFO - [2026-03-23T09:17:39.373+0000] {dagbag.py:545} INFO - Filling up the DagBag from /opt/airflow/dags/tmdb_daily_dag.py
[2026-03-23T09:17:39.379+0000] {processor.py:840} INFO - DAG(s) 'tmdb_raw_pipeline' retrieved from /opt/airflow/dags/tmdb_daily_dag.py
[2026-03-23T09:17:39.393+0000] {logging_mixin.py:188} INFO - [2026-03-23T09:17:39.393+0000] {dag.py:3096} INFO - Sync 1 DAGs
[2026-03-23T09:17:39.406+0000] {logging_mixin.py:188} INFO - [2026-03-23T09:17:39.406+0000] {dag.py:3954} INFO - Setting next_dagrun for tmdb_raw_pipeline to 2026-03-23 00:00:00+00:00, run_after=2026-03-24 00:00:00+00:00
[2026-03-23T09:17:39.414+0000] {processor.py:183} INFO - Processing /opt/airflow/dags/tmdb_daily_dag.py took 0.046 seconds
[2026-03-23T09:18:09.894+0000] {processor.py:161} INFO - Started process (PID=15097) to work on /opt/airflow/dags/tmdb_daily_dag.py
[2026-03-23T09:18:09.895+0000] {processor.py:830} INFO - Processing file /opt/airflow/dags/tmdb_daily_dag.py for tasks to queue
[2026-03-23T09:18:09.895+0000] {logging_mixin.py:188} INFO - [2026-03-23T09:18:09.895+0000] {dagbag.py:545} INFO - Filling up the DagBag from /opt/airflow/dags/tmdb_daily_dag.py
[2026-03-23T09:18:09.901+0000] {processor.py:840} INFO - DAG(s) 'tmdb_raw_pipeline' retrieved from /opt/airflow/dags/tmdb_daily_dag.py
[2026-03-23T09:18:09.913+0000] {logging_mixin.py:188} INFO - [2026-03-23T09:18:09.913+0000] {dag.py:3096} INFO - Sync 1 DAGs
[2026-03-23T09:18:09.922+0000] {logging_mixin.py:188} INFO - [2026-03-23T09:18:09.922+0000] {dag.py:3954} INFO - Setting next_dagrun for tmdb_raw_pipeline to 2026-03-23 00:00:00+00:00, run_after=2026-03-24 00:00:00+00:00
[2026-03-23T09:18:09.928+0000] {processor.py:183} INFO - Processing /opt/airflow/dags/tmdb_daily_dag.py took 0.036 seconds
[2026-03-23T09:18:40.367+0000] {processor.py:161} INFO - Started process (PID=15117) to work on /opt/airflow/dags/tmdb_daily_dag.py
[2026-03-23T09:18:40.368+0000] {processor.py:830} INFO - Processing file /opt/airflow/dags/tmdb_daily_dag.py for tasks to queue
[2026-03-23T09:18:40.368+0000] {logging_mixin.py:188} INFO - [2026-03-23T09:18:40.368+0000] {dagbag.py:545} INFO - Filling up the DagBag from /opt/airflow/dags/tmdb_daily_dag.py
[2026-03-23T09:18:40.374+0000] {processor.py:840} INFO - DAG(s) 'tmdb_raw_pipeline' retrieved from /opt/airflow/dags/tmdb_daily_dag.py
[2026-03-23T09:18:40.383+0000] {logging_mixin.py:188} INFO - [2026-03-23T09:18:40.383+0000] {dag.py:3096} INFO - Sync 1 DAGs
[2026-03-23T09:18:40.392+0000] {logging_mixin.py:188} INFO - [2026-03-23T09:18:40.392+0000] {dag.py:3954} INFO - Setting next_dagrun for tmdb_raw_pipeline to 2026-03-23 00:00:00+00:00, run_after=2026-03-24 00:00:00+00:00
[2026-03-23T09:18:40.398+0000] {processor.py:183} INFO - Processing /opt/airflow/dags/tmdb_daily_dag.py took 0.033 seconds
[2026-03-23T09:19:10.790+0000] {processor.py:161} INFO - Started process (PID=15137) to work on /opt/airflow/dags/tmdb_daily_dag.py
[2026-03-23T09:19:10.792+0000] {processor.py:830} INFO - Processing file /opt/airflow/dags/tmdb_daily_dag.py for tasks to queue
[2026-03-23T09:19:10.792+0000] {logging_mixin.py:188} INFO - [2026-03-23T09:19:10.792+0000] {dagbag.py:545} INFO - Filling up the DagBag from /opt/airflow/dags/tmdb_daily_dag.py
[2026-03-23T09:19:10.797+0000] {processor.py:840} INFO - DAG(s) 'tmdb_raw_pipeline' retrieved from /opt/airflow/dags/tmdb_daily_dag.py
[2026-03-23T09:19:10.807+0000] {logging_mixin.py:188} INFO - [2026-03-23T09:19:10.807+0000] {dag.py:3096} INFO - Sync 1 DAGs
[2026-03-23T09:19:10.814+0000] {logging_mixin.py:188} INFO - [2026-03-23T09:19:10.814+0000] {dag.py:3954} INFO - Setting next_dagrun for tmdb_raw_pipeline to 2026-03-23 00:00:00+00:00, run_after=2026-03-24 00:00:00+00:00
[2026-03-23T09:19:10.820+0000] {processor.py:183} INFO - Processing /opt/airflow/dags/tmdb_daily_dag.py took 0.033 seconds
[2026-03-23T09:19:41.169+0000] {processor.py:161} INFO - Started process (PID=15157) to work on /opt/airflow/dags/tmdb_daily_dag.py
[2026-03-23T09:19:41.170+0000] {processor.py:830} INFO - Processing file /opt/airflow/dags/tmdb_daily_dag.py for tasks to queue
[2026-03-23T09:19:41.170+0000] {logging_mixin.py:188} INFO - [2026-03-23T09:19:41.170+0000] {dagbag.py:545} INFO - Filling up the DagBag from /opt/airflow/dags/tmdb_daily_dag.py
[2026-03-23T09:19:41.176+0000] {processor.py:840} INFO - DAG(s) 'tmdb_raw_pipeline' retrieved from /opt/airflow/dags/tmdb_daily_dag.py
[2026-03-23T09:19:41.185+0000] {logging_mixin.py:188} INFO - [2026-03-23T09:19:41.185+0000] {dag.py:3096} INFO - Sync 1 DAGs
[2026-03-23T09:19:41.193+0000] {logging_mixin.py:188} INFO - [2026-03-23T09:19:41.193+0000] {dag.py:3954} INFO - Setting next_dagrun for tmdb_raw_pipeline to 2026-03-23 00:00:00+00:00, run_after=2026-03-24 00:00:00+00:00
[2026-03-23T09:19:41.199+0000] {processor.py:183} INFO - Processing /opt/airflow/dags/tmdb_daily_dag.py took 0.032 seconds
[2026-03-23T09:20:11.644+0000] {processor.py:161} INFO - Started process (PID=15177) to work on /opt/airflow/dags/tmdb_daily_dag.py
[2026-03-23T09:20:11.645+0000] {processor.py:830} INFO - Processing file /opt/airflow/dags/tmdb_daily_dag.py for tasks to queue
[2026-03-23T09:20:11.645+0000] {logging_mixin.py:188} INFO - [2026-03-23T09:20:11.645+0000] {dagbag.py:545} INFO - Filling up the DagBag from /opt/airflow/dags/tmdb_daily_dag.py
[2026-03-23T09:20:11.652+0000] {processor.py:840} INFO - DAG(s) 'tmdb_raw_pipeline' retrieved from /opt/airflow/dags/tmdb_daily_dag.py
[2026-03-23T09:20:11.661+0000] {logging_mixin.py:188} INFO - [2026-03-23T09:20:11.661+0000] {dag.py:3096} INFO - Sync 1 DAGs
[2026-03-23T09:20:11.669+0000] {logging_mixin.py:188} INFO - [2026-03-23T09:20:11.669+0000] {dag.py:3954} INFO - Setting next_dagrun for tmdb_raw_pipeline to 2026-03-23 00:00:00+00:00, run_after=2026-03-24 00:00:00+00:00
[2026-03-23T09:20:11.675+0000] {processor.py:183} INFO - Processing /opt/airflow/dags/tmdb_daily_dag.py took 0.033 seconds
[2026-03-23T09:20:42.098+0000] {processor.py:161} INFO - Started process (PID=15197) to work on /opt/airflow/dags/tmdb_daily_dag.py
[2026-03-23T09:20:42.099+0000] {processor.py:830} INFO - Processing file /opt/airflow/dags/tmdb_daily_dag.py for tasks to queue
[2026-03-23T09:20:42.100+0000] {logging_mixin.py:188} INFO - [2026-03-23T09:20:42.100+0000] {dagbag.py:545} INFO - Filling up the DagBag from /opt/airflow/dags/tmdb_daily_dag.py
[2026-03-23T09:20:42.108+0000] {processor.py:840} INFO - DAG(s) 'tmdb_raw_pipeline' retrieved from /opt/airflow/dags/tmdb_daily_dag.py
[2026-03-23T09:20:42.123+0000] {logging_mixin.py:188} INFO - [2026-03-23T09:20:42.123+0000] {dag.py:3096} INFO - Sync 1 DAGs
[2026-03-23T09:20:42.132+0000] {logging_mixin.py:188} INFO - [2026-03-23T09:20:42.132+0000] {dag.py:3954} INFO - Setting next_dagrun for tmdb_raw_pipeline to 2026-03-23 00:00:00+00:00, run_after=2026-03-24 00:00:00+00:00
[2026-03-23T09:20:42.139+0000] {processor.py:183} INFO - Processing /opt/airflow/dags/tmdb_daily_dag.py took 0.044 seconds
[2026-03-23T09:21:12.590+0000] {processor.py:161} INFO - Started process (PID=15217) to work on /opt/airflow/dags/tmdb_daily_dag.py
[2026-03-23T09:21:12.591+0000] {processor.py:830} INFO - Processing file /opt/airflow/dags/tmdb_daily_dag.py for tasks to queue
[2026-03-23T09:21:12.591+0000] {logging_mixin.py:188} INFO - [2026-03-23T09:21:12.591+0000] {dagbag.py:545} INFO - Filling up the DagBag from /opt/airflow/dags/tmdb_daily_dag.py
[2026-03-23T09:21:12.599+0000] {processor.py:840} INFO - DAG(s) 'tmdb_raw_pipeline' retrieved from /opt/airflow/dags/tmdb_daily_dag.py
[2026-03-23T09:21:12.610+0000] {logging_mixin.py:188} INFO - [2026-03-23T09:21:12.609+0000] {dag.py:3096} INFO - Sync 1 DAGs
[2026-03-23T09:21:12.618+0000] {logging_mixin.py:188} INFO - [2026-03-23T09:21:12.618+0000] {dag.py:3954} INFO - Setting next_dagrun for tmdb_raw_pipeline to 2026-03-23 00:00:00+00:00, run_after=2026-03-24 00:00:00+00:00
[2026-03-23T09:21:12.625+0000] {processor.py:183} INFO - Processing /opt/airflow/dags/tmdb_daily_dag.py took 0.038 seconds
[2026-03-23T09:21:42.999+0000] {processor.py:161} INFO - Started process (PID=15237) to work on /opt/airflow/dags/tmdb_daily_dag.py
[2026-03-23T09:21:43.000+0000] {processor.py:830} INFO - Processing file /opt/airflow/dags/tmdb_daily_dag.py for tasks to queue
[2026-03-23T09:21:43.000+0000] {logging_mixin.py:188} INFO - [2026-03-23T09:21:43.000+0000] {dagbag.py:545} INFO - Filling up the DagBag from /opt/airflow/dags/tmdb_daily_dag.py
[2026-03-23T09:21:43.005+0000] {processor.py:840} INFO - DAG(s) 'tmdb_raw_pipeline' retrieved from /opt/airflow/dags/tmdb_daily_dag.py
[2026-03-23T09:21:43.014+0000] {logging_mixin.py:188} INFO - [2026-03-23T09:21:43.014+0000] {dag.py:3096} INFO - Sync 1 DAGs
[2026-03-23T09:21:43.021+0000] {logging_mixin.py:188} INFO - [2026-03-23T09:21:43.021+0000] {dag.py:3954} INFO - Setting next_dagrun for tmdb_raw_pipeline to 2026-03-23 00:00:00+00:00, run_after=2026-03-24 00:00:00+00:00
[2026-03-23T09:21:43.027+0000] {processor.py:183} INFO - Processing /opt/airflow/dags/tmdb_daily_dag.py took 0.031 seconds
[2026-03-23T09:22:13.584+0000] {processor.py:161} INFO - Started process (PID=15257) to work on /opt/airflow/dags/tmdb_daily_dag.py
[2026-03-23T09:22:13.585+0000] {processor.py:830} INFO - Processing file /opt/airflow/dags/tmdb_daily_dag.py for tasks to queue
[2026-03-23T09:22:13.585+0000] {logging_mixin.py:188} INFO - [2026-03-23T09:22:13.585+0000] {dagbag.py:545} INFO - Filling up the DagBag from /opt/airflow/dags/tmdb_daily_dag.py
[2026-03-23T09:22:13.593+0000] {processor.py:840} INFO - DAG(s) 'tmdb_raw_pipeline' retrieved from /opt/airflow/dags/tmdb_daily_dag.py
[2026-03-23T09:22:13.605+0000] {logging_mixin.py:188} INFO - [2026-03-23T09:22:13.605+0000] {dag.py:3096} INFO - Sync 1 DAGs
[2026-03-23T09:22:13.615+0000] {logging_mixin.py:188} INFO - [2026-03-23T09:22:13.615+0000] {dag.py:3954} INFO - Setting next_dagrun for tmdb_raw_pipeline to 2026-03-23 00:00:00+00:00, run_after=2026-03-24 00:00:00+00:00
[2026-03-23T09:22:13.621+0000] {processor.py:183} INFO - Processing /opt/airflow/dags/tmdb_daily_dag.py took 0.042 seconds
[2026-03-23T09:22:44.054+0000] {processor.py:161} INFO - Started process (PID=15277) to work on /opt/airflow/dags/tmdb_daily_dag.py
[2026-03-23T09:22:44.056+0000] {processor.py:830} INFO - Processing file /opt/airflow/dags/tmdb_daily_dag.py for tasks to queue
[2026-03-23T09:22:44.056+0000] {logging_mixin.py:188} INFO - [2026-03-23T09:22:44.056+0000] {dagbag.py:545} INFO - Filling up the DagBag from /opt/airflow/dags/tmdb_daily_dag.py
[2026-03-23T09:22:44.065+0000] {processor.py:840} INFO - DAG(s) 'tmdb_raw_pipeline' retrieved from /opt/airflow/dags/tmdb_daily_dag.py
[2026-03-23T09:22:44.084+0000] {logging_mixin.py:188} INFO - [2026-03-23T09:22:44.084+0000] {dag.py:3096} INFO - Sync 1 DAGs
[2026-03-23T09:22:44.104+0000] {logging_mixin.py:188} INFO - [2026-03-23T09:22:44.103+0000] {dag.py:3954} INFO - Setting next_dagrun for tmdb_raw_pipeline to 2026-03-23 00:00:00+00:00, run_after=2026-03-24 00:00:00+00:00
[2026-03-23T09:22:44.135+0000] {processor.py:183} INFO - Processing /opt/airflow/dags/tmdb_daily_dag.py took 0.085 seconds
[2026-03-23T09:23:14.548+0000] {processor.py:161} INFO - Started process (PID=15297) to work on /opt/airflow/dags/tmdb_daily_dag.py
[2026-03-23T09:23:14.549+0000] {processor.py:830} INFO - Processing file /opt/airflow/dags/tmdb_daily_dag.py for tasks to queue
[2026-03-23T09:23:14.549+0000] {logging_mixin.py:188} INFO - [2026-03-23T09:23:14.549+0000] {dagbag.py:545} INFO - Filling up the DagBag from /opt/airflow/dags/tmdb_daily_dag.py
[2026-03-23T09:23:14.555+0000] {processor.py:840} INFO - DAG(s) 'tmdb_raw_pipeline' retrieved from /opt/airflow/dags/tmdb_daily_dag.py
[2026-03-23T09:23:14.566+0000] {logging_mixin.py:188} INFO - [2026-03-23T09:23:14.566+0000] {dag.py:3096} INFO - Sync 1 DAGs
[2026-03-23T09:23:14.578+0000] {logging_mixin.py:188} INFO - [2026-03-23T09:23:14.578+0000] {dag.py:3954} INFO - Setting next_dagrun for tmdb_raw_pipeline to 2026-03-23 00:00:00+00:00, run_after=2026-03-24 00:00:00+00:00
[2026-03-23T09:23:14.584+0000] {processor.py:183} INFO - Processing /opt/airflow/dags/tmdb_daily_dag.py took 0.038 seconds
[2026-03-23T09:23:45.003+0000] {processor.py:161} INFO - Started process (PID=15317) to work on /opt/airflow/dags/tmdb_daily_dag.py
[2026-03-23T09:23:45.004+0000] {processor.py:830} INFO - Processing file /opt/airflow/dags/tmdb_daily_dag.py for tasks to queue
[2026-03-23T09:23:45.004+0000] {logging_mixin.py:188} INFO - [2026-03-23T09:23:45.004+0000] {dagbag.py:545} INFO - Filling up the DagBag from /opt/airflow/dags/tmdb_daily_dag.py
[2026-03-23T09:23:45.011+0000] {processor.py:840} INFO - DAG(s) 'tmdb_raw_pipeline' retrieved from /opt/airflow/dags/tmdb_daily_dag.py
[2026-03-23T09:23:45.022+0000] {logging_mixin.py:188} INFO - [2026-03-23T09:23:45.022+0000] {dag.py:3096} INFO - Sync 1 DAGs
[2026-03-23T09:23:45.030+0000] {logging_mixin.py:188} INFO - [2026-03-23T09:23:45.030+0000] {dag.py:3954} INFO - Setting next_dagrun for tmdb_raw_pipeline to 2026-03-23 00:00:00+00:00, run_after=2026-03-24 00:00:00+00:00
[2026-03-23T09:23:45.036+0000] {processor.py:183} INFO - Processing /opt/airflow/dags/tmdb_daily_dag.py took 0.035 seconds
[2026-03-23T09:24:15.467+0000] {processor.py:161} INFO - Started process (PID=15335) to work on /opt/airflow/dags/tmdb_daily_dag.py
[2026-03-23T09:24:15.469+0000] {processor.py:830} INFO - Processing file /opt/airflow/dags/tmdb_daily_dag.py for tasks to queue
[2026-03-23T09:24:15.469+0000] {logging_mixin.py:188} INFO - [2026-03-23T09:24:15.469+0000] {dagbag.py:545} INFO - Filling up the DagBag from /opt/airflow/dags/tmdb_daily_dag.py
[2026-03-23T09:24:15.475+0000] {processor.py:840} INFO - DAG(s) 'tmdb_raw_pipeline' retrieved from /opt/airflow/dags/tmdb_daily_dag.py
[2026-03-23T09:24:15.487+0000] {logging_mixin.py:188} INFO - [2026-03-23T09:24:15.487+0000] {dag.py:3096} INFO - Sync 1 DAGs
[2026-03-23T09:24:15.498+0000] {logging_mixin.py:188} INFO - [2026-03-23T09:24:15.498+0000] {dag.py:3954} INFO - Setting next_dagrun for tmdb_raw_pipeline to 2026-03-23 00:00:00+00:00, run_after=2026-03-24 00:00:00+00:00
[2026-03-23T09:24:15.509+0000] {processor.py:183} INFO - Processing /opt/airflow/dags/tmdb_daily_dag.py took 0.044 seconds
[2026-03-23T09:24:45.948+0000] {processor.py:161} INFO - Started process (PID=15357) to work on /opt/airflow/dags/tmdb_daily_dag.py
[2026-03-23T09:24:45.948+0000] {processor.py:830} INFO - Processing file /opt/airflow/dags/tmdb_daily_dag.py for tasks to queue
[2026-03-23T09:24:45.949+0000] {logging_mixin.py:188} INFO - [2026-03-23T09:24:45.949+0000] {dagbag.py:545} INFO - Filling up the DagBag from /opt/airflow/dags/tmdb_daily_dag.py
[2026-03-23T09:24:45.957+0000] {processor.py:840} INFO - DAG(s) 'tmdb_raw_pipeline' retrieved from /opt/airflow/dags/tmdb_daily_dag.py
[2026-03-23T09:24:45.968+0000] {logging_mixin.py:188} INFO - [2026-03-23T09:24:45.968+0000] {dag.py:3096} INFO - Sync 1 DAGs
[2026-03-23T09:24:45.980+0000] {logging_mixin.py:188} INFO - [2026-03-23T09:24:45.980+0000] {dag.py:3954} INFO - Setting next_dagrun for tmdb_raw_pipeline to 2026-03-23 00:00:00+00:00, run_after=2026-03-24 00:00:00+00:00
[2026-03-23T09:24:45.988+0000] {processor.py:183} INFO - Processing /opt/airflow/dags/tmdb_daily_dag.py took 0.044 seconds
[2026-03-23T09:25:16.472+0000] {processor.py:161} INFO - Started process (PID=15377) to work on /opt/airflow/dags/tmdb_daily_dag.py
[2026-03-23T09:25:16.473+0000] {processor.py:830} INFO - Processing file /opt/airflow/dags/tmdb_daily_dag.py for tasks to queue
[2026-03-23T09:25:16.473+0000] {logging_mixin.py:188} INFO - [2026-03-23T09:25:16.473+0000] {dagbag.py:545} INFO - Filling up the DagBag from /opt/airflow/dags/tmdb_daily_dag.py
[2026-03-23T09:25:16.479+0000] {processor.py:840} INFO - DAG(s) 'tmdb_raw_pipeline' retrieved from /opt/airflow/dags/tmdb_daily_dag.py
[2026-03-23T09:25:16.489+0000] {logging_mixin.py:188} INFO - [2026-03-23T09:25:16.489+0000] {dag.py:3096} INFO - Sync 1 DAGs
[2026-03-23T09:25:16.498+0000] {logging_mixin.py:188} INFO - [2026-03-23T09:25:16.498+0000] {dag.py:3954} INFO - Setting next_dagrun for tmdb_raw_pipeline to 2026-03-23 00:00:00+00:00, run_after=2026-03-24 00:00:00+00:00
[2026-03-23T09:25:16.504+0000] {processor.py:183} INFO - Processing /opt/airflow/dags/tmdb_daily_dag.py took 0.034 seconds
[2026-03-23T09:25:47.090+0000] {processor.py:161} INFO - Started process (PID=15397) to work on /opt/airflow/dags/tmdb_daily_dag.py
[2026-03-23T09:25:47.091+0000] {processor.py:830} INFO - Processing file /opt/airflow/dags/tmdb_daily_dag.py for tasks to queue
[2026-03-23T09:25:47.091+0000] {logging_mixin.py:188} INFO - [2026-03-23T09:25:47.091+0000] {dagbag.py:545} INFO - Filling up the DagBag from /opt/airflow/dags/tmdb_daily_dag.py
[2026-03-23T09:25:47.099+0000] {processor.py:840} INFO - DAG(s) 'tmdb_raw_pipeline' retrieved from /opt/airflow/dags/tmdb_daily_dag.py
[2026-03-23T09:25:47.116+0000] {logging_mixin.py:188} INFO - [2026-03-23T09:25:47.116+0000] {dag.py:3096} INFO - Sync 1 DAGs
[2026-03-23T09:25:47.133+0000] {logging_mixin.py:188} INFO - [2026-03-23T09:25:47.133+0000] {dag.py:3954} INFO - Setting next_dagrun for tmdb_raw_pipeline to 2026-03-23 00:00:00+00:00, run_after=2026-03-24 00:00:00+00:00
[2026-03-23T09:25:47.141+0000] {processor.py:183} INFO - Processing /opt/airflow/dags/tmdb_daily_dag.py took 0.054 seconds
[2026-03-23T09:26:17.669+0000] {processor.py:161} INFO - Started process (PID=15417) to work on /opt/airflow/dags/tmdb_daily_dag.py
[2026-03-23T09:26:17.672+0000] {processor.py:830} INFO - Processing file /opt/airflow/dags/tmdb_daily_dag.py for tasks to queue
[2026-03-23T09:26:17.673+0000] {logging_mixin.py:188} INFO - [2026-03-23T09:26:17.673+0000] {dagbag.py:545} INFO - Filling up the DagBag from /opt/airflow/dags/tmdb_daily_dag.py
[2026-03-23T09:26:17.679+0000] {processor.py:840} INFO - DAG(s) 'tmdb_raw_pipeline' retrieved from /opt/airflow/dags/tmdb_daily_dag.py
[2026-03-23T09:26:17.688+0000] {logging_mixin.py:188} INFO - [2026-03-23T09:26:17.688+0000] {dag.py:3096} INFO - Sync 1 DAGs
[2026-03-23T09:26:17.697+0000] {logging_mixin.py:188} INFO - [2026-03-23T09:26:17.697+0000] {dag.py:3954} INFO - Setting next_dagrun for tmdb_raw_pipeline to 2026-03-23 00:00:00+00:00, run_after=2026-03-24 00:00:00+00:00
[2026-03-23T09:26:17.702+0000] {processor.py:183} INFO - Processing /opt/airflow/dags/tmdb_daily_dag.py took 0.038 seconds
[2026-03-23T09:26:48.172+0000] {processor.py:161} INFO - Started process (PID=15437) to work on /opt/airflow/dags/tmdb_daily_dag.py
[2026-03-23T09:26:48.173+0000] {processor.py:830} INFO - Processing file /opt/airflow/dags/tmdb_daily_dag.py for tasks to queue
[2026-03-23T09:26:48.173+0000] {logging_mixin.py:188} INFO - [2026-03-23T09:26:48.173+0000] {dagbag.py:545} INFO - Filling up the DagBag from /opt/airflow/dags/tmdb_daily_dag.py
[2026-03-23T09:26:48.179+0000] {processor.py:840} INFO - DAG(s) 'tmdb_raw_pipeline' retrieved from /opt/airflow/dags/tmdb_daily_dag.py
[2026-03-23T09:26:48.190+0000] {logging_mixin.py:188} INFO - [2026-03-23T09:26:48.190+0000] {dag.py:3096} INFO - Sync 1 DAGs
[2026-03-23T09:26:48.200+0000] {logging_mixin.py:188} INFO - [2026-03-23T09:26:48.200+0000] {dag.py:3954} INFO - Setting next_dagrun for tmdb_raw_pipeline to 2026-03-23 00:00:00+00:00, run_after=2026-03-24 00:00:00+00:00
[2026-03-23T09:26:48.206+0000] {processor.py:183} INFO - Processing /opt/airflow/dags/tmdb_daily_dag.py took 0.037 seconds
[2026-03-23T09:27:18.625+0000] {processor.py:161} INFO - Started process (PID=15457) to work on /opt/airflow/dags/tmdb_daily_dag.py
[2026-03-23T09:27:18.626+0000] {processor.py:830} INFO - Processing file /opt/airflow/dags/tmdb_daily_dag.py for tasks to queue
[2026-03-23T09:27:18.626+0000] {logging_mixin.py:188} INFO - [2026-03-23T09:27:18.626+0000] {dagbag.py:545} INFO - Filling up the DagBag from /opt/airflow/dags/tmdb_daily_dag.py
[2026-03-23T09:27:18.632+0000] {processor.py:840} INFO - DAG(s) 'tmdb_raw_pipeline' retrieved from /opt/airflow/dags/tmdb_daily_dag.py
[2026-03-23T09:27:18.642+0000] {logging_mixin.py:188} INFO - [2026-03-23T09:27:18.642+0000] {dag.py:3096} INFO - Sync 1 DAGs
[2026-03-23T09:27:18.650+0000] {logging_mixin.py:188} INFO - [2026-03-23T09:27:18.650+0000] {dag.py:3954} INFO - Setting next_dagrun for tmdb_raw_pipeline to 2026-03-23 00:00:00+00:00, run_after=2026-03-24 00:00:00+00:00
[2026-03-23T09:27:18.656+0000] {processor.py:183} INFO - Processing /opt/airflow/dags/tmdb_daily_dag.py took 0.034 seconds
[2026-03-23T09:27:49.118+0000] {processor.py:161} INFO - Started process (PID=15477) to work on /opt/airflow/dags/tmdb_daily_dag.py
[2026-03-23T09:27:49.119+0000] {processor.py:830} INFO - Processing file /opt/airflow/dags/tmdb_daily_dag.py for tasks to queue
[2026-03-23T09:27:49.119+0000] {logging_mixin.py:188} INFO - [2026-03-23T09:27:49.119+0000] {dagbag.py:545} INFO - Filling up the DagBag from /opt/airflow/dags/tmdb_daily_dag.py
[2026-03-23T09:27:49.125+0000] {processor.py:840} INFO - DAG(s) 'tmdb_raw_pipeline' retrieved from /opt/airflow/dags/tmdb_daily_dag.py
[2026-03-23T09:27:49.135+0000] {logging_mixin.py:188} INFO - [2026-03-23T09:27:49.135+0000] {dag.py:3096} INFO - Sync 1 DAGs
[2026-03-23T09:27:49.143+0000] {logging_mixin.py:188} INFO - [2026-03-23T09:27:49.143+0000] {dag.py:3954} INFO - Setting next_dagrun for tmdb_raw_pipeline to 2026-03-23 00:00:00+00:00, run_after=2026-03-24 00:00:00+00:00
[2026-03-23T09:27:49.148+0000] {processor.py:183} INFO - Processing /opt/airflow/dags/tmdb_daily_dag.py took 0.034 seconds
[2026-03-23T09:28:19.567+0000] {processor.py:161} INFO - Started process (PID=15497) to work on /opt/airflow/dags/tmdb_daily_dag.py
[2026-03-23T09:28:19.568+0000] {processor.py:830} INFO - Processing file /opt/airflow/dags/tmdb_daily_dag.py for tasks to queue
[2026-03-23T09:28:19.568+0000] {logging_mixin.py:188} INFO - [2026-03-23T09:28:19.568+0000] {dagbag.py:545} INFO - Filling up the DagBag from /opt/airflow/dags/tmdb_daily_dag.py
[2026-03-23T09:28:19.574+0000] {processor.py:840} INFO - DAG(s) 'tmdb_raw_pipeline' retrieved from /opt/airflow/dags/tmdb_daily_dag.py
[2026-03-23T09:28:19.586+0000] {logging_mixin.py:188} INFO - [2026-03-23T09:28:19.585+0000] {dag.py:3096} INFO - Sync 1 DAGs
[2026-03-23T09:28:19.595+0000] {logging_mixin.py:188} INFO - [2026-03-23T09:28:19.595+0000] {dag.py:3954} INFO - Setting next_dagrun for tmdb_raw_pipeline to 2026-03-23 00:00:00+00:00, run_after=2026-03-24 00:00:00+00:00
[2026-03-23T09:28:19.602+0000] {processor.py:183} INFO - Processing /opt/airflow/dags/tmdb_daily_dag.py took 0.038 seconds
[2026-03-23T09:28:49.995+0000] {processor.py:161} INFO - Started process (PID=15517) to work on /opt/airflow/dags/tmdb_daily_dag.py
[2026-03-23T09:28:49.996+0000] {processor.py:830} INFO - Processing file /opt/airflow/dags/tmdb_daily_dag.py for tasks to queue
[2026-03-23T09:28:49.997+0000] {logging_mixin.py:188} INFO - [2026-03-23T09:28:49.996+0000] {dagbag.py:545} INFO - Filling up the DagBag from /opt/airflow/dags/tmdb_daily_dag.py
[2026-03-23T09:28:50.002+0000] {processor.py:840} INFO - DAG(s) 'tmdb_raw_pipeline' retrieved from /opt/airflow/dags/tmdb_daily_dag.py
[2026-03-23T09:28:50.011+0000] {logging_mixin.py:188} INFO - [2026-03-23T09:28:50.011+0000] {dag.py:3096} INFO - Sync 1 DAGs
[2026-03-23T09:28:50.020+0000] {logging_mixin.py:188} INFO - [2026-03-23T09:28:50.020+0000] {dag.py:3954} INFO - Setting next_dagrun for tmdb_raw_pipeline to 2026-03-23 00:00:00+00:00, run_after=2026-03-24 00:00:00+00:00
[2026-03-23T09:28:50.027+0000] {processor.py:183} INFO - Processing /opt/airflow/dags/tmdb_daily_dag.py took 0.034 seconds
[2026-03-23T09:29:20.511+0000] {processor.py:161} INFO - Started process (PID=15537) to work on /opt/airflow/dags/tmdb_daily_dag.py
[2026-03-23T09:29:20.512+0000] {processor.py:830} INFO - Processing file /opt/airflow/dags/tmdb_daily_dag.py for tasks to queue
[2026-03-23T09:29:20.513+0000] {logging_mixin.py:188} INFO - [2026-03-23T09:29:20.513+0000] {dagbag.py:545} INFO - Filling up the DagBag from /opt/airflow/dags/tmdb_daily_dag.py
[2026-03-23T09:29:20.525+0000] {processor.py:840} INFO - DAG(s) 'tmdb_raw_pipeline' retrieved from /opt/airflow/dags/tmdb_daily_dag.py
[2026-03-23T09:29:20.541+0000] {logging_mixin.py:188} INFO - [2026-03-23T09:29:20.540+0000] {dag.py:3096} INFO - Sync 1 DAGs
[2026-03-23T09:29:20.553+0000] {logging_mixin.py:188} INFO - [2026-03-23T09:29:20.553+0000] {dag.py:3954} INFO - Setting next_dagrun for tmdb_raw_pipeline to 2026-03-23 00:00:00+00:00, run_after=2026-03-24 00:00:00+00:00
[2026-03-23T09:29:20.564+0000] {processor.py:183} INFO - Processing /opt/airflow/dags/tmdb_daily_dag.py took 0.057 seconds
[2026-03-23T09:29:51.073+0000] {processor.py:161} INFO - Started process (PID=15557) to work on /opt/airflow/dags/tmdb_daily_dag.py
[2026-03-23T09:29:51.074+0000] {processor.py:830} INFO - Processing file /opt/airflow/dags/tmdb_daily_dag.py for tasks to queue
[2026-03-23T09:29:51.074+0000] {logging_mixin.py:188} INFO - [2026-03-23T09:29:51.074+0000] {dagbag.py:545} INFO - Filling up the DagBag from /opt/airflow/dags/tmdb_daily_dag.py
[2026-03-23T09:29:51.081+0000] {processor.py:840} INFO - DAG(s) 'tmdb_raw_pipeline' retrieved from /opt/airflow/dags/tmdb_daily_dag.py
[2026-03-23T09:29:51.090+0000] {logging_mixin.py:188} INFO - [2026-03-23T09:29:51.090+0000] {dag.py:3096} INFO - Sync 1 DAGs
[2026-03-23T09:29:51.098+0000] {logging_mixin.py:188} INFO - [2026-03-23T09:29:51.098+0000] {dag.py:3954} INFO - Setting next_dagrun for tmdb_raw_pipeline to 2026-03-23 00:00:00+00:00, run_after=2026-03-24 00:00:00+00:00
[2026-03-23T09:29:51.104+0000] {processor.py:183} INFO - Processing /opt/airflow/dags/tmdb_daily_dag.py took 0.033 seconds
[2026-03-23T09:30:21.509+0000] {processor.py:161} INFO - Started process (PID=15577) to work on /opt/airflow/dags/tmdb_daily_dag.py
[2026-03-23T09:30:21.510+0000] {processor.py:830} INFO - Processing file /opt/airflow/dags/tmdb_daily_dag.py for tasks to queue
[2026-03-23T09:30:21.510+0000] {logging_mixin.py:188} INFO - [2026-03-23T09:30:21.510+0000] {dagbag.py:545} INFO - Filling up the DagBag from /opt/airflow/dags/tmdb_daily_dag.py
[2026-03-23T09:30:21.515+0000] {processor.py:840} INFO - DAG(s) 'tmdb_raw_pipeline' retrieved from /opt/airflow/dags/tmdb_daily_dag.py
[2026-03-23T09:30:21.525+0000] {logging_mixin.py:188} INFO - [2026-03-23T09:30:21.525+0000] {dag.py:3096} INFO - Sync 1 DAGs
[2026-03-23T09:30:21.532+0000] {logging_mixin.py:188} INFO - [2026-03-23T09:30:21.532+0000] {dag.py:3954} INFO - Setting next_dagrun for tmdb_raw_pipeline to 2026-03-23 00:00:00+00:00, run_after=2026-03-24 00:00:00+00:00
[2026-03-23T09:30:21.538+0000] {processor.py:183} INFO - Processing /opt/airflow/dags/tmdb_daily_dag.py took 0.032 seconds
[2026-03-23T09:30:52.051+0000] {processor.py:161} INFO - Started process (PID=15597) to work on /opt/airflow/dags/tmdb_daily_dag.py
[2026-03-23T09:30:52.052+0000] {processor.py:830} INFO - Processing file /opt/airflow/dags/tmdb_daily_dag.py for tasks to queue
[2026-03-23T09:30:52.052+0000] {logging_mixin.py:188} INFO - [2026-03-23T09:30:52.052+0000] {dagbag.py:545} INFO - Filling up the DagBag from /opt/airflow/dags/tmdb_daily_dag.py
[2026-03-23T09:30:52.059+0000] {processor.py:840} INFO - DAG(s) 'tmdb_raw_pipeline' retrieved from /opt/airflow/dags/tmdb_daily_dag.py
[2026-03-23T09:30:52.069+0000] {logging_mixin.py:188} INFO - [2026-03-23T09:30:52.069+0000] {dag.py:3096} INFO - Sync 1 DAGs
[2026-03-23T09:30:52.078+0000] {logging_mixin.py:188} INFO - [2026-03-23T09:30:52.077+0000] {dag.py:3954} INFO - Setting next_dagrun for tmdb_raw_pipeline to 2026-03-23 00:00:00+00:00, run_after=2026-03-24 00:00:00+00:00
[2026-03-23T09:30:52.083+0000] {processor.py:183} INFO - Processing /opt/airflow/dags/tmdb_daily_dag.py took 0.038 seconds
[2026-03-23T09:31:22.518+0000] {processor.py:161} INFO - Started process (PID=15617) to work on /opt/airflow/dags/tmdb_daily_dag.py
[2026-03-23T09:31:22.519+0000] {processor.py:830} INFO - Processing file /opt/airflow/dags/tmdb_daily_dag.py for tasks to queue
[2026-03-23T09:31:22.519+0000] {logging_mixin.py:188} INFO - [2026-03-23T09:31:22.519+0000] {dagbag.py:545} INFO - Filling up the DagBag from /opt/airflow/dags/tmdb_daily_dag.py
[2026-03-23T09:31:22.525+0000] {processor.py:840} INFO - DAG(s) 'tmdb_raw_pipeline' retrieved from /opt/airflow/dags/tmdb_daily_dag.py
[2026-03-23T09:31:22.534+0000] {logging_mixin.py:188} INFO - [2026-03-23T09:31:22.534+0000] {dag.py:3096} INFO - Sync 1 DAGs
[2026-03-23T09:31:22.542+0000] {logging_mixin.py:188} INFO - [2026-03-23T09:31:22.542+0000] {dag.py:3954} INFO - Setting next_dagrun for tmdb_raw_pipeline to 2026-03-23 00:00:00+00:00, run_after=2026-03-24 00:00:00+00:00
[2026-03-23T09:31:22.547+0000] {processor.py:183} INFO - Processing /opt/airflow/dags/tmdb_daily_dag.py took 0.032 seconds
[2026-03-23T09:31:52.986+0000] {processor.py:161} INFO - Started process (PID=15637) to work on /opt/airflow/dags/tmdb_daily_dag.py
[2026-03-23T09:31:52.987+0000] {processor.py:830} INFO - Processing file /opt/airflow/dags/tmdb_daily_dag.py for tasks to queue
[2026-03-23T09:31:52.987+0000] {logging_mixin.py:188} INFO - [2026-03-23T09:31:52.987+0000] {dagbag.py:545} INFO - Filling up the DagBag from /opt/airflow/dags/tmdb_daily_dag.py
[2026-03-23T09:31:52.993+0000] {processor.py:840} INFO - DAG(s) 'tmdb_raw_pipeline' retrieved from /opt/airflow/dags/tmdb_daily_dag.py
[2026-03-23T09:31:53.005+0000] {logging_mixin.py:188} INFO - [2026-03-23T09:31:53.005+0000] {dag.py:3096} INFO - Sync 1 DAGs
[2026-03-23T09:31:53.015+0000] {logging_mixin.py:188} INFO - [2026-03-23T09:31:53.015+0000] {dag.py:3954} INFO - Setting next_dagrun for tmdb_raw_pipeline to 2026-03-23 00:00:00+00:00, run_after=2026-03-24 00:00:00+00:00
[2026-03-23T09:31:53.021+0000] {processor.py:183} INFO - Processing /opt/airflow/dags/tmdb_daily_dag.py took 0.037 seconds
[2026-03-23T09:32:23.577+0000] {processor.py:161} INFO - Started process (PID=15657) to work on /opt/airflow/dags/tmdb_daily_dag.py
[2026-03-23T09:32:23.579+0000] {processor.py:830} INFO - Processing file /opt/airflow/dags/tmdb_daily_dag.py for tasks to queue
[2026-03-23T09:32:23.579+0000] {logging_mixin.py:188} INFO - [2026-03-23T09:32:23.579+0000] {dagbag.py:545} INFO - Filling up the DagBag from /opt/airflow/dags/tmdb_daily_dag.py
[2026-03-23T09:32:23.585+0000] {processor.py:840} INFO - DAG(s) 'tmdb_raw_pipeline' retrieved from /opt/airflow/dags/tmdb_daily_dag.py
[2026-03-23T09:32:23.596+0000] {logging_mixin.py:188} INFO - [2026-03-23T09:32:23.596+0000] {dag.py:3096} INFO - Sync 1 DAGs
[2026-03-23T09:32:23.604+0000] {logging_mixin.py:188} INFO - [2026-03-23T09:32:23.604+0000] {dag.py:3954} INFO - Setting next_dagrun for tmdb_raw_pipeline to 2026-03-23 00:00:00+00:00, run_after=2026-03-24 00:00:00+00:00
[2026-03-23T09:32:23.610+0000] {processor.py:183} INFO - Processing /opt/airflow/dags/tmdb_daily_dag.py took 0.036 seconds
[2026-03-23T09:32:54.142+0000] {processor.py:161} INFO - Started process (PID=15677) to work on /opt/airflow/dags/tmdb_daily_dag.py
[2026-03-23T09:32:54.144+0000] {processor.py:830} INFO - Processing file /opt/airflow/dags/tmdb_daily_dag.py for tasks to queue
[2026-03-23T09:32:54.144+0000] {logging_mixin.py:188} INFO - [2026-03-23T09:32:54.144+0000] {dagbag.py:545} INFO - Filling up the DagBag from /opt/airflow/dags/tmdb_daily_dag.py
[2026-03-23T09:32:54.152+0000] {processor.py:840} INFO - DAG(s) 'tmdb_raw_pipeline' retrieved from /opt/airflow/dags/tmdb_daily_dag.py
[2026-03-23T09:32:54.163+0000] {logging_mixin.py:188} INFO - [2026-03-23T09:32:54.163+0000] {dag.py:3096} INFO - Sync 1 DAGs
[2026-03-23T09:32:54.173+0000] {logging_mixin.py:188} INFO - [2026-03-23T09:32:54.173+0000] {dag.py:3954} INFO - Setting next_dagrun for tmdb_raw_pipeline to 2026-03-23 00:00:00+00:00, run_after=2026-03-24 00:00:00+00:00
[2026-03-23T09:32:54.181+0000] {processor.py:183} INFO - Processing /opt/airflow/dags/tmdb_daily_dag.py took 0.042 seconds
[2026-03-23T09:33:24.709+0000] {processor.py:161} INFO - Started process (PID=15697) to work on /opt/airflow/dags/tmdb_daily_dag.py
[2026-03-23T09:33:24.711+0000] {processor.py:830} INFO - Processing file /opt/airflow/dags/tmdb_daily_dag.py for tasks to queue
[2026-03-23T09:33:24.711+0000] {logging_mixin.py:188} INFO - [2026-03-23T09:33:24.711+0000] {dagbag.py:545} INFO - Filling up the DagBag from /opt/airflow/dags/tmdb_daily_dag.py
[2026-03-23T09:33:24.718+0000] {processor.py:840} INFO - DAG(s) 'tmdb_raw_pipeline' retrieved from /opt/airflow/dags/tmdb_daily_dag.py
[2026-03-23T09:33:24.728+0000] {logging_mixin.py:188} INFO - [2026-03-23T09:33:24.728+0000] {dag.py:3096} INFO - Sync 1 DAGs
[2026-03-23T09:33:24.736+0000] {logging_mixin.py:188} INFO - [2026-03-23T09:33:24.736+0000] {dag.py:3954} INFO - Setting next_dagrun for tmdb_raw_pipeline to 2026-03-23 00:00:00+00:00, run_after=2026-03-24 00:00:00+00:00
[2026-03-23T09:33:24.743+0000] {processor.py:183} INFO - Processing /opt/airflow/dags/tmdb_daily_dag.py took 0.036 seconds
[2026-03-23T09:33:55.240+0000] {processor.py:161} INFO - Started process (PID=15717) to work on /opt/airflow/dags/tmdb_daily_dag.py
[2026-03-23T09:33:55.242+0000] {processor.py:830} INFO - Processing file /opt/airflow/dags/tmdb_daily_dag.py for tasks to queue
[2026-03-23T09:33:55.242+0000] {logging_mixin.py:188} INFO - [2026-03-23T09:33:55.242+0000] {dagbag.py:545} INFO - Filling up the DagBag from /opt/airflow/dags/tmdb_daily_dag.py
[2026-03-23T09:33:55.254+0000] {processor.py:840} INFO - DAG(s) 'tmdb_raw_pipeline' retrieved from /opt/airflow/dags/tmdb_daily_dag.py
[2026-03-23T09:33:55.263+0000] {logging_mixin.py:188} INFO - [2026-03-23T09:33:55.263+0000] {dag.py:3096} INFO - Sync 1 DAGs
[2026-03-23T09:33:55.271+0000] {logging_mixin.py:188} INFO - [2026-03-23T09:33:55.271+0000] {dag.py:3954} INFO - Setting next_dagrun for tmdb_raw_pipeline to 2026-03-23 00:00:00+00:00, run_after=2026-03-24 00:00:00+00:00
[2026-03-23T09:33:55.277+0000] {processor.py:183} INFO - Processing /opt/airflow/dags/tmdb_daily_dag.py took 0.041 seconds
[2026-03-23T09:34:25.760+0000] {processor.py:161} INFO - Started process (PID=15737) to work on /opt/airflow/dags/tmdb_daily_dag.py
[2026-03-23T09:34:25.761+0000] {processor.py:830} INFO - Processing file /opt/airflow/dags/tmdb_daily_dag.py for tasks to queue
[2026-03-23T09:34:25.761+0000] {logging_mixin.py:188} INFO - [2026-03-23T09:34:25.761+0000] {dagbag.py:545} INFO - Filling up the DagBag from /opt/airflow/dags/tmdb_daily_dag.py
[2026-03-23T09:34:25.767+0000] {processor.py:840} INFO - DAG(s) 'tmdb_raw_pipeline' retrieved from /opt/airflow/dags/tmdb_daily_dag.py
[2026-03-23T09:34:25.778+0000] {logging_mixin.py:188} INFO - [2026-03-23T09:34:25.778+0000] {dag.py:3096} INFO - Sync 1 DAGs
[2026-03-23T09:34:25.787+0000] {logging_mixin.py:188} INFO - [2026-03-23T09:34:25.786+0000] {dag.py:3954} INFO - Setting next_dagrun for tmdb_raw_pipeline to 2026-03-23 00:00:00+00:00, run_after=2026-03-24 00:00:00+00:00
[2026-03-23T09:34:25.793+0000] {processor.py:183} INFO - Processing /opt/airflow/dags/tmdb_daily_dag.py took 0.036 seconds
[2026-03-23T09:34:56.315+0000] {processor.py:161} INFO - Started process (PID=15757) to work on /opt/airflow/dags/tmdb_daily_dag.py
[2026-03-23T09:34:56.316+0000] {processor.py:830} INFO - Processing file /opt/airflow/dags/tmdb_daily_dag.py for tasks to queue
[2026-03-23T09:34:56.316+0000] {logging_mixin.py:188} INFO - [2026-03-23T09:34:56.316+0000] {dagbag.py:545} INFO - Filling up the DagBag from /opt/airflow/dags/tmdb_daily_dag.py
[2026-03-23T09:34:56.322+0000] {processor.py:840} INFO - DAG(s) 'tmdb_raw_pipeline' retrieved from /opt/airflow/dags/tmdb_daily_dag.py
[2026-03-23T09:34:56.333+0000] {logging_mixin.py:188} INFO - [2026-03-23T09:34:56.333+0000] {dag.py:3096} INFO - Sync 1 DAGs
[2026-03-23T09:34:56.343+0000] {logging_mixin.py:188} INFO - [2026-03-23T09:34:56.343+0000] {dag.py:3954} INFO - Setting next_dagrun for tmdb_raw_pipeline to 2026-03-23 00:00:00+00:00, run_after=2026-03-24 00:00:00+00:00
[2026-03-23T09:34:56.350+0000] {processor.py:183} INFO - Processing /opt/airflow/dags/tmdb_daily_dag.py took 0.038 seconds
[2026-03-23T09:35:26.832+0000] {processor.py:161} INFO - Started process (PID=15777) to work on /opt/airflow/dags/tmdb_daily_dag.py
[2026-03-23T09:35:26.832+0000] {processor.py:830} INFO - Processing file /opt/airflow/dags/tmdb_daily_dag.py for tasks to queue
[2026-03-23T09:35:26.833+0000] {logging_mixin.py:188} INFO - [2026-03-23T09:35:26.833+0000] {dagbag.py:545} INFO - Filling up the DagBag from /opt/airflow/dags/tmdb_daily_dag.py
[2026-03-23T09:35:26.839+0000] {processor.py:840} INFO - DAG(s) 'tmdb_raw_pipeline' retrieved from /opt/airflow/dags/tmdb_daily_dag.py
[2026-03-23T09:35:26.849+0000] {logging_mixin.py:188} INFO - [2026-03-23T09:35:26.849+0000] {dag.py:3096} INFO - Sync 1 DAGs
[2026-03-23T09:35:26.858+0000] {logging_mixin.py:188} INFO - [2026-03-23T09:35:26.858+0000] {dag.py:3954} INFO - Setting next_dagrun for tmdb_raw_pipeline to 2026-03-23 00:00:00+00:00, run_after=2026-03-24 00:00:00+00:00
[2026-03-23T09:35:26.865+0000] {processor.py:183} INFO - Processing /opt/airflow/dags/tmdb_daily_dag.py took 0.036 seconds
[2026-03-23T09:35:57.327+0000] {processor.py:161} INFO - Started process (PID=15797) to work on /opt/airflow/dags/tmdb_daily_dag.py
[2026-03-23T09:35:57.328+0000] {processor.py:830} INFO - Processing file /opt/airflow/dags/tmdb_daily_dag.py for tasks to queue
[2026-03-23T09:35:57.328+0000] {logging_mixin.py:188} INFO - [2026-03-23T09:35:57.328+0000] {dagbag.py:545} INFO - Filling up the DagBag from /opt/airflow/dags/tmdb_daily_dag.py
[2026-03-23T09:35:57.334+0000] {processor.py:840} INFO - DAG(s) 'tmdb_raw_pipeline' retrieved from /opt/airflow/dags/tmdb_daily_dag.py
[2026-03-23T09:35:57.343+0000] {logging_mixin.py:188} INFO - [2026-03-23T09:35:57.343+0000] {dag.py:3096} INFO - Sync 1 DAGs
[2026-03-23T09:35:57.351+0000] {logging_mixin.py:188} INFO - [2026-03-23T09:35:57.351+0000] {dag.py:3954} INFO - Setting next_dagrun for tmdb_raw_pipeline to 2026-03-23 00:00:00+00:00, run_after=2026-03-24 00:00:00+00:00
[2026-03-23T09:35:57.357+0000] {processor.py:183} INFO - Processing /opt/airflow/dags/tmdb_daily_dag.py took 0.032 seconds
[2026-03-23T09:36:27.903+0000] {processor.py:161} INFO - Started process (PID=15817) to work on /opt/airflow/dags/tmdb_daily_dag.py
[2026-03-23T09:36:27.904+0000] {processor.py:830} INFO - Processing file /opt/airflow/dags/tmdb_daily_dag.py for tasks to queue
[2026-03-23T09:36:27.904+0000] {logging_mixin.py:188} INFO - [2026-03-23T09:36:27.904+0000] {dagbag.py:545} INFO - Filling up the DagBag from /opt/airflow/dags/tmdb_daily_dag.py
[2026-03-23T09:36:27.910+0000] {processor.py:840} INFO - DAG(s) 'tmdb_raw_pipeline' retrieved from /opt/airflow/dags/tmdb_daily_dag.py
[2026-03-23T09:36:27.925+0000] {logging_mixin.py:188} INFO - [2026-03-23T09:36:27.925+0000] {dag.py:3096} INFO - Sync 1 DAGs
[2026-03-23T09:36:27.937+0000] {logging_mixin.py:188} INFO - [2026-03-23T09:36:27.937+0000] {dag.py:3954} INFO - Setting next_dagrun for tmdb_raw_pipeline to 2026-03-23 00:00:00+00:00, run_after=2026-03-24 00:00:00+00:00
[2026-03-23T09:36:27.945+0000] {processor.py:183} INFO - Processing /opt/airflow/dags/tmdb_daily_dag.py took 0.047 seconds
[2026-03-23T09:36:58.495+0000] {processor.py:161} INFO - Started process (PID=15837) to work on /opt/airflow/dags/tmdb_daily_dag.py
[2026-03-23T09:36:58.496+0000] {processor.py:830} INFO - Processing file /opt/airflow/dags/tmdb_daily_dag.py for tasks to queue
[2026-03-23T09:36:58.496+0000] {logging_mixin.py:188} INFO - [2026-03-23T09:36:58.496+0000] {dagbag.py:545} INFO - Filling up the DagBag from /opt/airflow/dags/tmdb_daily_dag.py
[2026-03-23T09:36:58.502+0000] {processor.py:840} INFO - DAG(s) 'tmdb_raw_pipeline' retrieved from /opt/airflow/dags/tmdb_daily_dag.py
[2026-03-23T09:36:58.514+0000] {logging_mixin.py:188} INFO - [2026-03-23T09:36:58.513+0000] {dag.py:3096} INFO - Sync 1 DAGs
[2026-03-23T09:36:58.524+0000] {logging_mixin.py:188} INFO - [2026-03-23T09:36:58.524+0000] {dag.py:3954} INFO - Setting next_dagrun for tmdb_raw_pipeline to 2026-03-23 00:00:00+00:00, run_after=2026-03-24 00:00:00+00:00
[2026-03-23T09:36:58.531+0000] {processor.py:183} INFO - Processing /opt/airflow/dags/tmdb_daily_dag.py took 0.039 seconds
[2026-03-23T09:37:28.962+0000] {processor.py:161} INFO - Started process (PID=15855) to work on /opt/airflow/dags/tmdb_daily_dag.py
[2026-03-23T09:37:28.964+0000] {processor.py:830} INFO - Processing file /opt/airflow/dags/tmdb_daily_dag.py for tasks to queue
[2026-03-23T09:37:28.964+0000] {logging_mixin.py:188} INFO - [2026-03-23T09:37:28.964+0000] {dagbag.py:545} INFO - Filling up the DagBag from /opt/airflow/dags/tmdb_daily_dag.py
[2026-03-23T09:37:28.970+0000] {processor.py:840} INFO - DAG(s) 'tmdb_raw_pipeline' retrieved from /opt/airflow/dags/tmdb_daily_dag.py
[2026-03-23T09:37:28.985+0000] {logging_mixin.py:188} INFO - [2026-03-23T09:37:28.985+0000] {dag.py:3096} INFO - Sync 1 DAGs
[2026-03-23T09:37:28.998+0000] {logging_mixin.py:188} INFO - [2026-03-23T09:37:28.998+0000] {dag.py:3954} INFO - Setting next_dagrun for tmdb_raw_pipeline to 2026-03-23 00:00:00+00:00, run_after=2026-03-24 00:00:00+00:00
[2026-03-23T09:37:29.007+0000] {processor.py:183} INFO - Processing /opt/airflow/dags/tmdb_daily_dag.py took 0.048 seconds
[2026-03-23T09:37:59.493+0000] {processor.py:161} INFO - Started process (PID=15877) to work on /opt/airflow/dags/tmdb_daily_dag.py
[2026-03-23T09:37:59.494+0000] {processor.py:830} INFO - Processing file /opt/airflow/dags/tmdb_daily_dag.py for tasks to queue
[2026-03-23T09:37:59.494+0000] {logging_mixin.py:188} INFO - [2026-03-23T09:37:59.494+0000] {dagbag.py:545} INFO - Filling up the DagBag from /opt/airflow/dags/tmdb_daily_dag.py
[2026-03-23T09:37:59.499+0000] {processor.py:840} INFO - DAG(s) 'tmdb_raw_pipeline' retrieved from /opt/airflow/dags/tmdb_daily_dag.py
[2026-03-23T09:37:59.509+0000] {logging_mixin.py:188} INFO - [2026-03-23T09:37:59.509+0000] {dag.py:3096} INFO - Sync 1 DAGs
[2026-03-23T09:37:59.518+0000] {logging_mixin.py:188} INFO - [2026-03-23T09:37:59.518+0000] {dag.py:3954} INFO - Setting next_dagrun for tmdb_raw_pipeline to 2026-03-23 00:00:00+00:00, run_after=2026-03-24 00:00:00+00:00
[2026-03-23T09:37:59.524+0000] {processor.py:183} INFO - Processing /opt/airflow/dags/tmdb_daily_dag.py took 0.033 seconds
[2026-03-23T09:38:29.904+0000] {processor.py:161} INFO - Started process (PID=15897) to work on /opt/airflow/dags/tmdb_daily_dag.py
[2026-03-23T09:38:29.905+0000] {processor.py:830} INFO - Processing file /opt/airflow/dags/tmdb_daily_dag.py for tasks to queue
[2026-03-23T09:38:29.905+0000] {logging_mixin.py:188} INFO - [2026-03-23T09:38:29.905+0000] {dagbag.py:545} INFO - Filling up the DagBag from /opt/airflow/dags/tmdb_daily_dag.py
[2026-03-23T09:38:29.911+0000] {processor.py:840} INFO - DAG(s) 'tmdb_raw_pipeline' retrieved from /opt/airflow/dags/tmdb_daily_dag.py
[2026-03-23T09:38:29.921+0000] {logging_mixin.py:188} INFO - [2026-03-23T09:38:29.921+0000] {dag.py:3096} INFO - Sync 1 DAGs
[2026-03-23T09:38:29.929+0000] {logging_mixin.py:188} INFO - [2026-03-23T09:38:29.929+0000] {dag.py:3954} INFO - Setting next_dagrun for tmdb_raw_pipeline to 2026-03-23 00:00:00+00:00, run_after=2026-03-24 00:00:00+00:00
[2026-03-23T09:38:29.935+0000] {processor.py:183} INFO - Processing /opt/airflow/dags/tmdb_daily_dag.py took 0.035 seconds
[2026-03-23T09:39:00.453+0000] {processor.py:161} INFO - Started process (PID=15917) to work on /opt/airflow/dags/tmdb_daily_dag.py
[2026-03-23T09:39:00.454+0000] {processor.py:830} INFO - Processing file /opt/airflow/dags/tmdb_daily_dag.py for tasks to queue
[2026-03-23T09:39:00.455+0000] {logging_mixin.py:188} INFO - [2026-03-23T09:39:00.455+0000] {dagbag.py:545} INFO - Filling up the DagBag from /opt/airflow/dags/tmdb_daily_dag.py
[2026-03-23T09:39:00.461+0000] {processor.py:840} INFO - DAG(s) 'tmdb_raw_pipeline' retrieved from /opt/airflow/dags/tmdb_daily_dag.py
[2026-03-23T09:39:00.470+0000] {logging_mixin.py:188} INFO - [2026-03-23T09:39:00.469+0000] {dag.py:3096} INFO - Sync 1 DAGs
[2026-03-23T09:39:00.480+0000] {logging_mixin.py:188} INFO - [2026-03-23T09:39:00.480+0000] {dag.py:3954} INFO - Setting next_dagrun for tmdb_raw_pipeline to 2026-03-23 00:00:00+00:00, run_after=2026-03-24 00:00:00+00:00
[2026-03-23T09:39:00.486+0000] {processor.py:183} INFO - Processing /opt/airflow/dags/tmdb_daily_dag.py took 0.036 seconds
[2026-03-23T09:39:30.969+0000] {processor.py:161} INFO - Started process (PID=15937) to work on /opt/airflow/dags/tmdb_daily_dag.py
[2026-03-23T09:39:30.970+0000] {processor.py:830} INFO - Processing file /opt/airflow/dags/tmdb_daily_dag.py for tasks to queue
[2026-03-23T09:39:30.971+0000] {logging_mixin.py:188} INFO - [2026-03-23T09:39:30.971+0000] {dagbag.py:545} INFO - Filling up the DagBag from /opt/airflow/dags/tmdb_daily_dag.py
[2026-03-23T09:39:30.977+0000] {processor.py:840} INFO - DAG(s) 'tmdb_raw_pipeline' retrieved from /opt/airflow/dags/tmdb_daily_dag.py
[2026-03-23T09:39:30.987+0000] {logging_mixin.py:188} INFO - [2026-03-23T09:39:30.987+0000] {dag.py:3096} INFO - Sync 1 DAGs
[2026-03-23T09:39:30.996+0000] {logging_mixin.py:188} INFO - [2026-03-23T09:39:30.996+0000] {dag.py:3954} INFO - Setting next_dagrun for tmdb_raw_pipeline to 2026-03-23 00:00:00+00:00, run_after=2026-03-24 00:00:00+00:00
[2026-03-23T09:39:31.001+0000] {processor.py:183} INFO - Processing /opt/airflow/dags/tmdb_daily_dag.py took 0.035 seconds
[2026-03-23T09:40:01.573+0000] {processor.py:161} INFO - Started process (PID=15957) to work on /opt/airflow/dags/tmdb_daily_dag.py
[2026-03-23T09:40:01.574+0000] {processor.py:830} INFO - Processing file /opt/airflow/dags/tmdb_daily_dag.py for tasks to queue
[2026-03-23T09:40:01.574+0000] {logging_mixin.py:188} INFO - [2026-03-23T09:40:01.574+0000] {dagbag.py:545} INFO - Filling up the DagBag from /opt/airflow/dags/tmdb_daily_dag.py
[2026-03-23T09:40:01.580+0000] {processor.py:840} INFO - DAG(s) 'tmdb_raw_pipeline' retrieved from /opt/airflow/dags/tmdb_daily_dag.py
[2026-03-23T09:40:01.590+0000] {logging_mixin.py:188} INFO - [2026-03-23T09:40:01.590+0000] {dag.py:3096} INFO - Sync 1 DAGs
[2026-03-23T09:40:01.598+0000] {logging_mixin.py:188} INFO - [2026-03-23T09:40:01.598+0000] {dag.py:3954} INFO - Setting next_dagrun for tmdb_raw_pipeline to 2026-03-23 00:00:00+00:00, run_after=2026-03-24 00:00:00+00:00
[2026-03-23T09:40:01.604+0000] {processor.py:183} INFO - Processing /opt/airflow/dags/tmdb_daily_dag.py took 0.035 seconds
[2026-03-23T09:40:32.057+0000] {processor.py:161} INFO - Started process (PID=15977) to work on /opt/airflow/dags/tmdb_daily_dag.py
[2026-03-23T09:40:32.058+0000] {processor.py:830} INFO - Processing file /opt/airflow/dags/tmdb_daily_dag.py for tasks to queue
[2026-03-23T09:40:32.059+0000] {logging_mixin.py:188} INFO - [2026-03-23T09:40:32.058+0000] {dagbag.py:545} INFO - Filling up the DagBag from /opt/airflow/dags/tmdb_daily_dag.py
[2026-03-23T09:40:32.064+0000] {processor.py:840} INFO - DAG(s) 'tmdb_raw_pipeline' retrieved from /opt/airflow/dags/tmdb_daily_dag.py
[2026-03-23T09:40:32.074+0000] {logging_mixin.py:188} INFO - [2026-03-23T09:40:32.073+0000] {dag.py:3096} INFO - Sync 1 DAGs
[2026-03-23T09:40:32.082+0000] {logging_mixin.py:188} INFO - [2026-03-23T09:40:32.082+0000] {dag.py:3954} INFO - Setting next_dagrun for tmdb_raw_pipeline to 2026-03-23 00:00:00+00:00, run_after=2026-03-24 00:00:00+00:00
[2026-03-23T09:40:32.089+0000] {processor.py:183} INFO - Processing /opt/airflow/dags/tmdb_daily_dag.py took 0.035 seconds
[2026-03-23T09:41:02.566+0000] {processor.py:161} INFO - Started process (PID=15997) to work on /opt/airflow/dags/tmdb_daily_dag.py
[2026-03-23T09:41:02.567+0000] {processor.py:830} INFO - Processing file /opt/airflow/dags/tmdb_daily_dag.py for tasks to queue
[2026-03-23T09:41:02.567+0000] {logging_mixin.py:188} INFO - [2026-03-23T09:41:02.567+0000] {dagbag.py:545} INFO - Filling up the DagBag from /opt/airflow/dags/tmdb_daily_dag.py
[2026-03-23T09:41:02.573+0000] {processor.py:840} INFO - DAG(s) 'tmdb_raw_pipeline' retrieved from /opt/airflow/dags/tmdb_daily_dag.py
[2026-03-23T09:41:02.583+0000] {logging_mixin.py:188} INFO - [2026-03-23T09:41:02.583+0000] {dag.py:3096} INFO - Sync 1 DAGs
[2026-03-23T09:41:02.593+0000] {logging_mixin.py:188} INFO - [2026-03-23T09:41:02.593+0000] {dag.py:3954} INFO - Setting next_dagrun for tmdb_raw_pipeline to 2026-03-23 00:00:00+00:00, run_after=2026-03-24 00:00:00+00:00
[2026-03-23T09:41:02.599+0000] {processor.py:183} INFO - Processing /opt/airflow/dags/tmdb_daily_dag.py took 0.037 seconds
[2026-03-23T09:41:32.999+0000] {processor.py:161} INFO - Started process (PID=16017) to work on /opt/airflow/dags/tmdb_daily_dag.py
[2026-03-23T09:41:33.000+0000] {processor.py:830} INFO - Processing file /opt/airflow/dags/tmdb_daily_dag.py for tasks to queue
[2026-03-23T09:41:33.000+0000] {logging_mixin.py:188} INFO - [2026-03-23T09:41:33.000+0000] {dagbag.py:545} INFO - Filling up the DagBag from /opt/airflow/dags/tmdb_daily_dag.py
[2026-03-23T09:41:33.006+0000] {processor.py:840} INFO - DAG(s) 'tmdb_raw_pipeline' retrieved from /opt/airflow/dags/tmdb_daily_dag.py
[2026-03-23T09:41:33.017+0000] {logging_mixin.py:188} INFO - [2026-03-23T09:41:33.017+0000] {dag.py:3096} INFO - Sync 1 DAGs
[2026-03-23T09:41:33.026+0000] {logging_mixin.py:188} INFO - [2026-03-23T09:41:33.025+0000] {dag.py:3954} INFO - Setting next_dagrun for tmdb_raw_pipeline to 2026-03-23 00:00:00+00:00, run_after=2026-03-24 00:00:00+00:00
[2026-03-23T09:41:33.031+0000] {processor.py:183} INFO - Processing /opt/airflow/dags/tmdb_daily_dag.py took 0.035 seconds
[2026-03-23T09:42:03.515+0000] {processor.py:161} INFO - Started process (PID=16037) to work on /opt/airflow/dags/tmdb_daily_dag.py
[2026-03-23T09:42:03.516+0000] {processor.py:830} INFO - Processing file /opt/airflow/dags/tmdb_daily_dag.py for tasks to queue
[2026-03-23T09:42:03.517+0000] {logging_mixin.py:188} INFO - [2026-03-23T09:42:03.517+0000] {dagbag.py:545} INFO - Filling up the DagBag from /opt/airflow/dags/tmdb_daily_dag.py
[2026-03-23T09:42:03.522+0000] {processor.py:840} INFO - DAG(s) 'tmdb_raw_pipeline' retrieved from /opt/airflow/dags/tmdb_daily_dag.py
[2026-03-23T09:42:03.534+0000] {logging_mixin.py:188} INFO - [2026-03-23T09:42:03.534+0000] {dag.py:3096} INFO - Sync 1 DAGs
[2026-03-23T09:42:03.542+0000] {logging_mixin.py:188} INFO - [2026-03-23T09:42:03.542+0000] {dag.py:3954} INFO - Setting next_dagrun for tmdb_raw_pipeline to 2026-03-23 00:00:00+00:00, run_after=2026-03-24 00:00:00+00:00
[2026-03-23T09:42:03.548+0000] {processor.py:183} INFO - Processing /opt/airflow/dags/tmdb_daily_dag.py took 0.035 seconds
[2026-03-23T09:42:33.996+0000] {processor.py:161} INFO - Started process (PID=16057) to work on /opt/airflow/dags/tmdb_daily_dag.py
[2026-03-23T09:42:33.997+0000] {processor.py:830} INFO - Processing file /opt/airflow/dags/tmdb_daily_dag.py for tasks to queue
[2026-03-23T09:42:33.997+0000] {logging_mixin.py:188} INFO - [2026-03-23T09:42:33.997+0000] {dagbag.py:545} INFO - Filling up the DagBag from /opt/airflow/dags/tmdb_daily_dag.py
[2026-03-23T09:42:34.002+0000] {processor.py:840} INFO - DAG(s) 'tmdb_raw_pipeline' retrieved from /opt/airflow/dags/tmdb_daily_dag.py
[2026-03-23T09:42:34.012+0000] {logging_mixin.py:188} INFO - [2026-03-23T09:42:34.012+0000] {dag.py:3096} INFO - Sync 1 DAGs
[2026-03-23T09:42:34.020+0000] {logging_mixin.py:188} INFO - [2026-03-23T09:42:34.020+0000] {dag.py:3954} INFO - Setting next_dagrun for tmdb_raw_pipeline to 2026-03-23 00:00:00+00:00, run_after=2026-03-24 00:00:00+00:00
[2026-03-23T09:42:34.025+0000] {processor.py:183} INFO - Processing /opt/airflow/dags/tmdb_daily_dag.py took 0.032 seconds
[2026-03-23T09:43:04.650+0000] {processor.py:161} INFO - Started process (PID=16077) to work on /opt/airflow/dags/tmdb_daily_dag.py
[2026-03-23T09:43:04.651+0000] {processor.py:830} INFO - Processing file /opt/airflow/dags/tmdb_daily_dag.py for tasks to queue
[2026-03-23T09:43:04.652+0000] {logging_mixin.py:188} INFO - [2026-03-23T09:43:04.651+0000] {dagbag.py:545} INFO - Filling up the DagBag from /opt/airflow/dags/tmdb_daily_dag.py
[2026-03-23T09:43:04.658+0000] {processor.py:840} INFO - DAG(s) 'tmdb_raw_pipeline' retrieved from /opt/airflow/dags/tmdb_daily_dag.py
[2026-03-23T09:43:04.669+0000] {logging_mixin.py:188} INFO - [2026-03-23T09:43:04.669+0000] {dag.py:3096} INFO - Sync 1 DAGs
[2026-03-23T09:43:04.682+0000] {logging_mixin.py:188} INFO - [2026-03-23T09:43:04.682+0000] {dag.py:3954} INFO - Setting next_dagrun for tmdb_raw_pipeline to 2026-03-23 00:00:00+00:00, run_after=2026-03-24 00:00:00+00:00
[2026-03-23T09:43:04.688+0000] {processor.py:183} INFO - Processing /opt/airflow/dags/tmdb_daily_dag.py took 0.041 seconds
[2026-03-23T09:43:35.181+0000] {processor.py:161} INFO - Started process (PID=16097) to work on /opt/airflow/dags/tmdb_daily_dag.py
[2026-03-23T09:43:35.182+0000] {processor.py:830} INFO - Processing file /opt/airflow/dags/tmdb_daily_dag.py for tasks to queue
[2026-03-23T09:43:35.182+0000] {logging_mixin.py:188} INFO - [2026-03-23T09:43:35.182+0000] {dagbag.py:545} INFO - Filling up the DagBag from /opt/airflow/dags/tmdb_daily_dag.py
[2026-03-23T09:43:35.192+0000] {processor.py:840} INFO - DAG(s) 'tmdb_raw_pipeline' retrieved from /opt/airflow/dags/tmdb_daily_dag.py
[2026-03-23T09:43:35.204+0000] {logging_mixin.py:188} INFO - [2026-03-23T09:43:35.204+0000] {dag.py:3096} INFO - Sync 1 DAGs
[2026-03-23T09:43:35.225+0000] {logging_mixin.py:188} INFO - [2026-03-23T09:43:35.225+0000] {dag.py:3954} INFO - Setting next_dagrun for tmdb_raw_pipeline to 2026-03-23 00:00:00+00:00, run_after=2026-03-24 00:00:00+00:00
[2026-03-23T09:43:35.232+0000] {processor.py:183} INFO - Processing /opt/airflow/dags/tmdb_daily_dag.py took 0.055 seconds
[2026-03-23T09:44:05.750+0000] {processor.py:161} INFO - Started process (PID=16117) to work on /opt/airflow/dags/tmdb_daily_dag.py
[2026-03-23T09:44:05.751+0000] {processor.py:830} INFO - Processing file /opt/airflow/dags/tmdb_daily_dag.py for tasks to queue
[2026-03-23T09:44:05.752+0000] {logging_mixin.py:188} INFO - [2026-03-23T09:44:05.751+0000] {dagbag.py:545} INFO - Filling up the DagBag from /opt/airflow/dags/tmdb_daily_dag.py
[2026-03-23T09:44:05.758+0000] {processor.py:840} INFO - DAG(s) 'tmdb_raw_pipeline' retrieved from /opt/airflow/dags/tmdb_daily_dag.py
[2026-03-23T09:44:05.768+0000] {logging_mixin.py:188} INFO - [2026-03-23T09:44:05.768+0000] {dag.py:3096} INFO - Sync 1 DAGs
[2026-03-23T09:44:05.777+0000] {logging_mixin.py:188} INFO - [2026-03-23T09:44:05.777+0000] {dag.py:3954} INFO - Setting next_dagrun for tmdb_raw_pipeline to 2026-03-23 00:00:00+00:00, run_after=2026-03-24 00:00:00+00:00
[2026-03-23T09:44:05.783+0000] {processor.py:183} INFO - Processing /opt/airflow/dags/tmdb_daily_dag.py took 0.035 seconds
[2026-03-23T09:44:36.190+0000] {processor.py:161} INFO - Started process (PID=16137) to work on /opt/airflow/dags/tmdb_daily_dag.py
[2026-03-23T09:44:36.191+0000] {processor.py:830} INFO - Processing file /opt/airflow/dags/tmdb_daily_dag.py for tasks to queue
[2026-03-23T09:44:36.191+0000] {logging_mixin.py:188} INFO - [2026-03-23T09:44:36.191+0000] {dagbag.py:545} INFO - Filling up the DagBag from /opt/airflow/dags/tmdb_daily_dag.py
[2026-03-23T09:44:36.196+0000] {processor.py:840} INFO - DAG(s) 'tmdb_raw_pipeline' retrieved from /opt/airflow/dags/tmdb_daily_dag.py
[2026-03-23T09:44:36.205+0000] {logging_mixin.py:188} INFO - [2026-03-23T09:44:36.205+0000] {dag.py:3096} INFO - Sync 1 DAGs
[2026-03-23T09:44:36.212+0000] {logging_mixin.py:188} INFO - [2026-03-23T09:44:36.212+0000] {dag.py:3954} INFO - Setting next_dagrun for tmdb_raw_pipeline to 2026-03-23 00:00:00+00:00, run_after=2026-03-24 00:00:00+00:00
[2026-03-23T09:44:36.218+0000] {processor.py:183} INFO - Processing /opt/airflow/dags/tmdb_daily_dag.py took 0.030 seconds
[2026-03-23T09:45:06.740+0000] {processor.py:161} INFO - Started process (PID=16157) to work on /opt/airflow/dags/tmdb_daily_dag.py
[2026-03-23T09:45:06.741+0000] {processor.py:830} INFO - Processing file /opt/airflow/dags/tmdb_daily_dag.py for tasks to queue
[2026-03-23T09:45:06.741+0000] {logging_mixin.py:188} INFO - [2026-03-23T09:45:06.741+0000] {dagbag.py:545} INFO - Filling up the DagBag from /opt/airflow/dags/tmdb_daily_dag.py
[2026-03-23T09:45:06.747+0000] {processor.py:840} INFO - DAG(s) 'tmdb_raw_pipeline' retrieved from /opt/airflow/dags/tmdb_daily_dag.py
[2026-03-23T09:45:06.757+0000] {logging_mixin.py:188} INFO - [2026-03-23T09:45:06.757+0000] {dag.py:3096} INFO - Sync 1 DAGs
[2026-03-23T09:45:06.766+0000] {logging_mixin.py:188} INFO - [2026-03-23T09:45:06.766+0000] {dag.py:3954} INFO - Setting next_dagrun for tmdb_raw_pipeline to 2026-03-23 00:00:00+00:00, run_after=2026-03-24 00:00:00+00:00
[2026-03-23T09:45:06.772+0000] {processor.py:183} INFO - Processing /opt/airflow/dags/tmdb_daily_dag.py took 0.038 seconds
[2026-03-23T09:45:37.131+0000] {processor.py:161} INFO - Started process (PID=16175) to work on /opt/airflow/dags/tmdb_daily_dag.py
[2026-03-23T09:45:37.132+0000] {processor.py:830} INFO - Processing file /opt/airflow/dags/tmdb_daily_dag.py for tasks to queue
[2026-03-23T09:45:37.133+0000] {logging_mixin.py:188} INFO - [2026-03-23T09:45:37.133+0000] {dagbag.py:545} INFO - Filling up the DagBag from /opt/airflow/dags/tmdb_daily_dag.py
[2026-03-23T09:45:37.138+0000] {processor.py:840} INFO - DAG(s) 'tmdb_raw_pipeline' retrieved from /opt/airflow/dags/tmdb_daily_dag.py
[2026-03-23T09:45:37.151+0000] {logging_mixin.py:188} INFO - [2026-03-23T09:45:37.150+0000] {dag.py:3096} INFO - Sync 1 DAGs
[2026-03-23T09:45:37.161+0000] {logging_mixin.py:188} INFO - [2026-03-23T09:45:37.161+0000] {dag.py:3954} INFO - Setting next_dagrun for tmdb_raw_pipeline to 2026-03-23 00:00:00+00:00, run_after=2026-03-24 00:00:00+00:00
[2026-03-23T09:45:37.170+0000] {processor.py:183} INFO - Processing /opt/airflow/dags/tmdb_daily_dag.py took 0.043 seconds
[2026-03-23T09:46:07.696+0000] {processor.py:161} INFO - Started process (PID=16197) to work on /opt/airflow/dags/tmdb_daily_dag.py
[2026-03-23T09:46:07.697+0000] {processor.py:830} INFO - Processing file /opt/airflow/dags/tmdb_daily_dag.py for tasks to queue
[2026-03-23T09:46:07.697+0000] {logging_mixin.py:188} INFO - [2026-03-23T09:46:07.697+0000] {dagbag.py:545} INFO - Filling up the DagBag from /opt/airflow/dags/tmdb_daily_dag.py
[2026-03-23T09:46:07.704+0000] {processor.py:840} INFO - DAG(s) 'tmdb_raw_pipeline' retrieved from /opt/airflow/dags/tmdb_daily_dag.py
[2026-03-23T09:46:07.713+0000] {logging_mixin.py:188} INFO - [2026-03-23T09:46:07.713+0000] {dag.py:3096} INFO - Sync 1 DAGs
[2026-03-23T09:46:07.722+0000] {logging_mixin.py:188} INFO - [2026-03-23T09:46:07.722+0000] {dag.py:3954} INFO - Setting next_dagrun for tmdb_raw_pipeline to 2026-03-23 00:00:00+00:00, run_after=2026-03-24 00:00:00+00:00
[2026-03-23T09:46:07.728+0000] {processor.py:183} INFO - Processing /opt/airflow/dags/tmdb_daily_dag.py took 0.034 seconds
[2026-03-23T09:46:38.139+0000] {processor.py:161} INFO - Started process (PID=16217) to work on /opt/airflow/dags/tmdb_daily_dag.py
[2026-03-23T09:46:38.140+0000] {processor.py:830} INFO - Processing file /opt/airflow/dags/tmdb_daily_dag.py for tasks to queue
[2026-03-23T09:46:38.140+0000] {logging_mixin.py:188} INFO - [2026-03-23T09:46:38.140+0000] {dagbag.py:545} INFO - Filling up the DagBag from /opt/airflow/dags/tmdb_daily_dag.py
[2026-03-23T09:46:38.146+0000] {processor.py:840} INFO - DAG(s) 'tmdb_raw_pipeline' retrieved from /opt/airflow/dags/tmdb_daily_dag.py
[2026-03-23T09:46:38.155+0000] {logging_mixin.py:188} INFO - [2026-03-23T09:46:38.155+0000] {dag.py:3096} INFO - Sync 1 DAGs
[2026-03-23T09:46:38.163+0000] {logging_mixin.py:188} INFO - [2026-03-23T09:46:38.163+0000] {dag.py:3954} INFO - Setting next_dagrun for tmdb_raw_pipeline to 2026-03-23 00:00:00+00:00, run_after=2026-03-24 00:00:00+00:00
[2026-03-23T09:46:38.169+0000] {processor.py:183} INFO - Processing /opt/airflow/dags/tmdb_daily_dag.py took 0.033 seconds
[2026-03-23T09:47:08.682+0000] {processor.py:161} INFO - Started process (PID=16237) to work on /opt/airflow/dags/tmdb_daily_dag.py
[2026-03-23T09:47:08.684+0000] {processor.py:830} INFO - Processing file /opt/airflow/dags/tmdb_daily_dag.py for tasks to queue
[2026-03-23T09:47:08.684+0000] {logging_mixin.py:188} INFO - [2026-03-23T09:47:08.684+0000] {dagbag.py:545} INFO - Filling up the DagBag from /opt/airflow/dags/tmdb_daily_dag.py
[2026-03-23T09:47:08.692+0000] {processor.py:840} INFO - DAG(s) 'tmdb_raw_pipeline' retrieved from /opt/airflow/dags/tmdb_daily_dag.py
[2026-03-23T09:47:08.704+0000] {logging_mixin.py:188} INFO - [2026-03-23T09:47:08.704+0000] {dag.py:3096} INFO - Sync 1 DAGs
[2026-03-23T09:47:08.713+0000] {logging_mixin.py:188} INFO - [2026-03-23T09:47:08.713+0000] {dag.py:3954} INFO - Setting next_dagrun for tmdb_raw_pipeline to 2026-03-23 00:00:00+00:00, run_after=2026-03-24 00:00:00+00:00
[2026-03-23T09:47:08.720+0000] {processor.py:183} INFO - Processing /opt/airflow/dags/tmdb_daily_dag.py took 0.043 seconds
[2026-03-23T09:47:39.163+0000] {processor.py:161} INFO - Started process (PID=16257) to work on /opt/airflow/dags/tmdb_daily_dag.py
[2026-03-23T09:47:39.164+0000] {processor.py:830} INFO - Processing file /opt/airflow/dags/tmdb_daily_dag.py for tasks to queue
[2026-03-23T09:47:39.164+0000] {logging_mixin.py:188} INFO - [2026-03-23T09:47:39.164+0000] {dagbag.py:545} INFO - Filling up the DagBag from /opt/airflow/dags/tmdb_daily_dag.py
[2026-03-23T09:47:39.170+0000] {processor.py:840} INFO - DAG(s) 'tmdb_raw_pipeline' retrieved from /opt/airflow/dags/tmdb_daily_dag.py
[2026-03-23T09:47:39.180+0000] {logging_mixin.py:188} INFO - [2026-03-23T09:47:39.180+0000] {dag.py:3096} INFO - Sync 1 DAGs
[2026-03-23T09:47:39.188+0000] {logging_mixin.py:188} INFO - [2026-03-23T09:47:39.188+0000] {dag.py:3954} INFO - Setting next_dagrun for tmdb_raw_pipeline to 2026-03-23 00:00:00+00:00, run_after=2026-03-24 00:00:00+00:00
[2026-03-23T09:47:39.194+0000] {processor.py:183} INFO - Processing /opt/airflow/dags/tmdb_daily_dag.py took 0.034 seconds
[2026-03-23T09:48:09.690+0000] {processor.py:161} INFO - Started process (PID=16277) to work on /opt/airflow/dags/tmdb_daily_dag.py
[2026-03-23T09:48:09.690+0000] {processor.py:830} INFO - Processing file /opt/airflow/dags/tmdb_daily_dag.py for tasks to queue
[2026-03-23T09:48:09.691+0000] {logging_mixin.py:188} INFO - [2026-03-23T09:48:09.690+0000] {dagbag.py:545} INFO - Filling up the DagBag from /opt/airflow/dags/tmdb_daily_dag.py
[2026-03-23T09:48:09.696+0000] {processor.py:840} INFO - DAG(s) 'tmdb_raw_pipeline' retrieved from /opt/airflow/dags/tmdb_daily_dag.py
[2026-03-23T09:48:09.705+0000] {logging_mixin.py:188} INFO - [2026-03-23T09:48:09.705+0000] {dag.py:3096} INFO - Sync 1 DAGs
[2026-03-23T09:48:09.714+0000] {logging_mixin.py:188} INFO - [2026-03-23T09:48:09.714+0000] {dag.py:3954} INFO - Setting next_dagrun for tmdb_raw_pipeline to 2026-03-23 00:00:00+00:00, run_after=2026-03-24 00:00:00+00:00
[2026-03-23T09:48:09.719+0000] {processor.py:183} INFO - Processing /opt/airflow/dags/tmdb_daily_dag.py took 0.032 seconds
[2026-03-23T09:48:40.123+0000] {processor.py:161} INFO - Started process (PID=16297) to work on /opt/airflow/dags/tmdb_daily_dag.py
[2026-03-23T09:48:40.124+0000] {processor.py:830} INFO - Processing file /opt/airflow/dags/tmdb_daily_dag.py for tasks to queue
[2026-03-23T09:48:40.124+0000] {logging_mixin.py:188} INFO - [2026-03-23T09:48:40.124+0000] {dagbag.py:545} INFO - Filling up the DagBag from /opt/airflow/dags/tmdb_daily_dag.py
[2026-03-23T09:48:40.130+0000] {processor.py:840} INFO - DAG(s) 'tmdb_raw_pipeline' retrieved from /opt/airflow/dags/tmdb_daily_dag.py
[2026-03-23T09:48:40.140+0000] {logging_mixin.py:188} INFO - [2026-03-23T09:48:40.139+0000] {dag.py:3096} INFO - Sync 1 DAGs
[2026-03-23T09:48:40.147+0000] {logging_mixin.py:188} INFO - [2026-03-23T09:48:40.147+0000] {dag.py:3954} INFO - Setting next_dagrun for tmdb_raw_pipeline to 2026-03-23 00:00:00+00:00, run_after=2026-03-24 00:00:00+00:00
[2026-03-23T09:48:40.153+0000] {processor.py:183} INFO - Processing /opt/airflow/dags/tmdb_daily_dag.py took 0.033 seconds
[2026-03-23T09:49:10.664+0000] {processor.py:161} INFO - Started process (PID=16317) to work on /opt/airflow/dags/tmdb_daily_dag.py
[2026-03-23T09:49:10.665+0000] {processor.py:830} INFO - Processing file /opt/airflow/dags/tmdb_daily_dag.py for tasks to queue
[2026-03-23T09:49:10.665+0000] {logging_mixin.py:188} INFO - [2026-03-23T09:49:10.665+0000] {dagbag.py:545} INFO - Filling up the DagBag from /opt/airflow/dags/tmdb_daily_dag.py
[2026-03-23T09:49:10.671+0000] {processor.py:840} INFO - DAG(s) 'tmdb_raw_pipeline' retrieved from /opt/airflow/dags/tmdb_daily_dag.py
[2026-03-23T09:49:10.680+0000] {logging_mixin.py:188} INFO - [2026-03-23T09:49:10.680+0000] {dag.py:3096} INFO - Sync 1 DAGs
[2026-03-23T09:49:10.690+0000] {logging_mixin.py:188} INFO - [2026-03-23T09:49:10.690+0000] {dag.py:3954} INFO - Setting next_dagrun for tmdb_raw_pipeline to 2026-03-23 00:00:00+00:00, run_after=2026-03-24 00:00:00+00:00
[2026-03-23T09:49:10.696+0000] {processor.py:183} INFO - Processing /opt/airflow/dags/tmdb_daily_dag.py took 0.035 seconds
[2026-03-23T09:49:41.200+0000] {processor.py:161} INFO - Started process (PID=16337) to work on /opt/airflow/dags/tmdb_daily_dag.py
[2026-03-23T09:49:41.201+0000] {processor.py:830} INFO - Processing file /opt/airflow/dags/tmdb_daily_dag.py for tasks to queue
[2026-03-23T09:49:41.202+0000] {logging_mixin.py:188} INFO - [2026-03-23T09:49:41.201+0000] {dagbag.py:545} INFO - Filling up the DagBag from /opt/airflow/dags/tmdb_daily_dag.py
[2026-03-23T09:49:41.207+0000] {processor.py:840} INFO - DAG(s) 'tmdb_raw_pipeline' retrieved from /opt/airflow/dags/tmdb_daily_dag.py
[2026-03-23T09:49:41.217+0000] {logging_mixin.py:188} INFO - [2026-03-23T09:49:41.217+0000] {dag.py:3096} INFO - Sync 1 DAGs
[2026-03-23T09:49:41.225+0000] {logging_mixin.py:188} INFO - [2026-03-23T09:49:41.225+0000] {dag.py:3954} INFO - Setting next_dagrun for tmdb_raw_pipeline to 2026-03-23 00:00:00+00:00, run_after=2026-03-24 00:00:00+00:00
[2026-03-23T09:49:41.231+0000] {processor.py:183} INFO - Processing /opt/airflow/dags/tmdb_daily_dag.py took 0.033 seconds
[2026-03-23T09:50:11.676+0000] {processor.py:161} INFO - Started process (PID=16357) to work on /opt/airflow/dags/tmdb_daily_dag.py
[2026-03-23T09:50:11.677+0000] {processor.py:830} INFO - Processing file /opt/airflow/dags/tmdb_daily_dag.py for tasks to queue
[2026-03-23T09:50:11.677+0000] {logging_mixin.py:188} INFO - [2026-03-23T09:50:11.677+0000] {dagbag.py:545} INFO - Filling up the DagBag from /opt/airflow/dags/tmdb_daily_dag.py
[2026-03-23T09:50:11.684+0000] {processor.py:840} INFO - DAG(s) 'tmdb_raw_pipeline' retrieved from /opt/airflow/dags/tmdb_daily_dag.py
[2026-03-23T09:50:11.694+0000] {logging_mixin.py:188} INFO - [2026-03-23T09:50:11.694+0000] {dag.py:3096} INFO - Sync 1 DAGs
[2026-03-23T09:50:11.703+0000] {logging_mixin.py:188} INFO - [2026-03-23T09:50:11.703+0000] {dag.py:3954} INFO - Setting next_dagrun for tmdb_raw_pipeline to 2026-03-23 00:00:00+00:00, run_after=2026-03-24 00:00:00+00:00
[2026-03-23T09:50:11.709+0000] {processor.py:183} INFO - Processing /opt/airflow/dags/tmdb_daily_dag.py took 0.039 seconds
[2026-03-23T09:50:42.141+0000] {processor.py:161} INFO - Started process (PID=16377) to work on /opt/airflow/dags/tmdb_daily_dag.py
[2026-03-23T09:50:42.142+0000] {processor.py:830} INFO - Processing file /opt/airflow/dags/tmdb_daily_dag.py for tasks to queue
[2026-03-23T09:50:42.142+0000] {logging_mixin.py:188} INFO - [2026-03-23T09:50:42.142+0000] {dagbag.py:545} INFO - Filling up the DagBag from /opt/airflow/dags/tmdb_daily_dag.py
[2026-03-23T09:50:42.147+0000] {processor.py:840} INFO - DAG(s) 'tmdb_raw_pipeline' retrieved from /opt/airflow/dags/tmdb_daily_dag.py
[2026-03-23T09:50:42.157+0000] {logging_mixin.py:188} INFO - [2026-03-23T09:50:42.157+0000] {dag.py:3096} INFO - Sync 1 DAGs
[2026-03-23T09:50:42.164+0000] {logging_mixin.py:188} INFO - [2026-03-23T09:50:42.164+0000] {dag.py:3954} INFO - Setting next_dagrun for tmdb_raw_pipeline to 2026-03-23 00:00:00+00:00, run_after=2026-03-24 00:00:00+00:00
[2026-03-23T09:50:42.170+0000] {processor.py:183} INFO - Processing /opt/airflow/dags/tmdb_daily_dag.py took 0.033 seconds
[2026-03-23T09:51:12.679+0000] {processor.py:161} INFO - Started process (PID=16397) to work on /opt/airflow/dags/tmdb_daily_dag.py
[2026-03-23T09:51:12.680+0000] {processor.py:830} INFO - Processing file /opt/airflow/dags/tmdb_daily_dag.py for tasks to queue
[2026-03-23T09:51:12.680+0000] {logging_mixin.py:188} INFO - [2026-03-23T09:51:12.680+0000] {dagbag.py:545} INFO - Filling up the DagBag from /opt/airflow/dags/tmdb_daily_dag.py
[2026-03-23T09:51:12.687+0000] {processor.py:840} INFO - DAG(s) 'tmdb_raw_pipeline' retrieved from /opt/airflow/dags/tmdb_daily_dag.py
[2026-03-23T09:51:12.697+0000] {logging_mixin.py:188} INFO - [2026-03-23T09:51:12.697+0000] {dag.py:3096} INFO - Sync 1 DAGs
[2026-03-23T09:51:12.706+0000] {logging_mixin.py:188} INFO - [2026-03-23T09:51:12.706+0000] {dag.py:3954} INFO - Setting next_dagrun for tmdb_raw_pipeline to 2026-03-23 00:00:00+00:00, run_after=2026-03-24 00:00:00+00:00
[2026-03-23T09:51:12.712+0000] {processor.py:183} INFO - Processing /opt/airflow/dags/tmdb_daily_dag.py took 0.038 seconds
[2026-03-23T09:51:43.098+0000] {processor.py:161} INFO - Started process (PID=16417) to work on /opt/airflow/dags/tmdb_daily_dag.py
[2026-03-23T09:51:43.099+0000] {processor.py:830} INFO - Processing file /opt/airflow/dags/tmdb_daily_dag.py for tasks to queue
[2026-03-23T09:51:43.099+0000] {logging_mixin.py:188} INFO - [2026-03-23T09:51:43.099+0000] {dagbag.py:545} INFO - Filling up the DagBag from /opt/airflow/dags/tmdb_daily_dag.py
[2026-03-23T09:51:43.104+0000] {processor.py:840} INFO - DAG(s) 'tmdb_raw_pipeline' retrieved from /opt/airflow/dags/tmdb_daily_dag.py
[2026-03-23T09:51:43.115+0000] {logging_mixin.py:188} INFO - [2026-03-23T09:51:43.115+0000] {dag.py:3096} INFO - Sync 1 DAGs
[2026-03-23T09:51:43.123+0000] {logging_mixin.py:188} INFO - [2026-03-23T09:51:43.123+0000] {dag.py:3954} INFO - Setting next_dagrun for tmdb_raw_pipeline to 2026-03-23 00:00:00+00:00, run_after=2026-03-24 00:00:00+00:00
[2026-03-23T09:51:43.129+0000] {processor.py:183} INFO - Processing /opt/airflow/dags/tmdb_daily_dag.py took 0.034 seconds
[2026-03-23T09:52:13.669+0000] {processor.py:161} INFO - Started process (PID=16437) to work on /opt/airflow/dags/tmdb_daily_dag.py
[2026-03-23T09:52:13.670+0000] {processor.py:830} INFO - Processing file /opt/airflow/dags/tmdb_daily_dag.py for tasks to queue
[2026-03-23T09:52:13.670+0000] {logging_mixin.py:188} INFO - [2026-03-23T09:52:13.670+0000] {dagbag.py:545} INFO - Filling up the DagBag from /opt/airflow/dags/tmdb_daily_dag.py
[2026-03-23T09:52:13.677+0000] {processor.py:840} INFO - DAG(s) 'tmdb_raw_pipeline' retrieved from /opt/airflow/dags/tmdb_daily_dag.py
[2026-03-23T09:52:13.686+0000] {logging_mixin.py:188} INFO - [2026-03-23T09:52:13.686+0000] {dag.py:3096} INFO - Sync 1 DAGs
[2026-03-23T09:52:13.694+0000] {logging_mixin.py:188} INFO - [2026-03-23T09:52:13.694+0000] {dag.py:3954} INFO - Setting next_dagrun for tmdb_raw_pipeline to 2026-03-23 00:00:00+00:00, run_after=2026-03-24 00:00:00+00:00
[2026-03-23T09:52:13.700+0000] {processor.py:183} INFO - Processing /opt/airflow/dags/tmdb_daily_dag.py took 0.034 seconds
[2026-03-23T09:52:44.194+0000] {processor.py:161} INFO - Started process (PID=16457) to work on /opt/airflow/dags/tmdb_daily_dag.py
[2026-03-23T09:52:44.195+0000] {processor.py:830} INFO - Processing file /opt/airflow/dags/tmdb_daily_dag.py for tasks to queue
[2026-03-23T09:52:44.196+0000] {logging_mixin.py:188} INFO - [2026-03-23T09:52:44.195+0000] {dagbag.py:545} INFO - Filling up the DagBag from /opt/airflow/dags/tmdb_daily_dag.py
[2026-03-23T09:52:44.206+0000] {processor.py:840} INFO - DAG(s) 'tmdb_raw_pipeline' retrieved from /opt/airflow/dags/tmdb_daily_dag.py
[2026-03-23T09:52:44.219+0000] {logging_mixin.py:188} INFO - [2026-03-23T09:52:44.219+0000] {dag.py:3096} INFO - Sync 1 DAGs
[2026-03-23T09:52:44.229+0000] {logging_mixin.py:188} INFO - [2026-03-23T09:52:44.229+0000] {dag.py:3954} INFO - Setting next_dagrun for tmdb_raw_pipeline to 2026-03-23 00:00:00+00:00, run_after=2026-03-24 00:00:00+00:00
[2026-03-23T09:52:44.235+0000] {processor.py:183} INFO - Processing /opt/airflow/dags/tmdb_daily_dag.py took 0.045 seconds
[2026-03-23T09:53:14.774+0000] {processor.py:161} INFO - Started process (PID=16477) to work on /opt/airflow/dags/tmdb_daily_dag.py
[2026-03-23T09:53:14.775+0000] {processor.py:830} INFO - Processing file /opt/airflow/dags/tmdb_daily_dag.py for tasks to queue
[2026-03-23T09:53:14.776+0000] {logging_mixin.py:188} INFO - [2026-03-23T09:53:14.776+0000] {dagbag.py:545} INFO - Filling up the DagBag from /opt/airflow/dags/tmdb_daily_dag.py
[2026-03-23T09:53:14.781+0000] {processor.py:840} INFO - DAG(s) 'tmdb_raw_pipeline' retrieved from /opt/airflow/dags/tmdb_daily_dag.py
[2026-03-23T09:53:14.791+0000] {logging_mixin.py:188} INFO - [2026-03-23T09:53:14.791+0000] {dag.py:3096} INFO - Sync 1 DAGs
[2026-03-23T09:53:14.800+0000] {logging_mixin.py:188} INFO - [2026-03-23T09:53:14.800+0000] {dag.py:3954} INFO - Setting next_dagrun for tmdb_raw_pipeline to 2026-03-23 00:00:00+00:00, run_after=2026-03-24 00:00:00+00:00
[2026-03-23T09:53:14.806+0000] {processor.py:183} INFO - Processing /opt/airflow/dags/tmdb_daily_dag.py took 0.034 seconds
[2026-03-23T09:53:45.355+0000] {processor.py:161} INFO - Started process (PID=16497) to work on /opt/airflow/dags/tmdb_daily_dag.py
[2026-03-23T09:53:45.356+0000] {processor.py:830} INFO - Processing file /opt/airflow/dags/tmdb_daily_dag.py for tasks to queue
[2026-03-23T09:53:45.356+0000] {logging_mixin.py:188} INFO - [2026-03-23T09:53:45.356+0000] {dagbag.py:545} INFO - Filling up the DagBag from /opt/airflow/dags/tmdb_daily_dag.py
[2026-03-23T09:53:45.363+0000] {processor.py:840} INFO - DAG(s) 'tmdb_raw_pipeline' retrieved from /opt/airflow/dags/tmdb_daily_dag.py
[2026-03-23T09:53:45.374+0000] {logging_mixin.py:188} INFO - [2026-03-23T09:53:45.374+0000] {dag.py:3096} INFO - Sync 1 DAGs
[2026-03-23T09:53:45.384+0000] {logging_mixin.py:188} INFO - [2026-03-23T09:53:45.384+0000] {dag.py:3954} INFO - Setting next_dagrun for tmdb_raw_pipeline to 2026-03-23 00:00:00+00:00, run_after=2026-03-24 00:00:00+00:00
[2026-03-23T09:53:45.389+0000] {processor.py:183} INFO - Processing /opt/airflow/dags/tmdb_daily_dag.py took 0.041 seconds
[2026-03-23T09:54:15.828+0000] {processor.py:161} INFO - Started process (PID=16517) to work on /opt/airflow/dags/tmdb_daily_dag.py
[2026-03-23T09:54:15.829+0000] {processor.py:830} INFO - Processing file /opt/airflow/dags/tmdb_daily_dag.py for tasks to queue
[2026-03-23T09:54:15.829+0000] {logging_mixin.py:188} INFO - [2026-03-23T09:54:15.829+0000] {dagbag.py:545} INFO - Filling up the DagBag from /opt/airflow/dags/tmdb_daily_dag.py
[2026-03-23T09:54:15.834+0000] {processor.py:840} INFO - DAG(s) 'tmdb_raw_pipeline' retrieved from /opt/airflow/dags/tmdb_daily_dag.py
[2026-03-23T09:54:15.844+0000] {logging_mixin.py:188} INFO - [2026-03-23T09:54:15.844+0000] {dag.py:3096} INFO - Sync 1 DAGs
[2026-03-23T09:54:15.852+0000] {logging_mixin.py:188} INFO - [2026-03-23T09:54:15.852+0000] {dag.py:3954} INFO - Setting next_dagrun for tmdb_raw_pipeline to 2026-03-23 00:00:00+00:00, run_after=2026-03-24 00:00:00+00:00
[2026-03-23T09:54:15.858+0000] {processor.py:183} INFO - Processing /opt/airflow/dags/tmdb_daily_dag.py took 0.033 seconds
[2026-03-23T09:54:46.327+0000] {processor.py:161} INFO - Started process (PID=16537) to work on /opt/airflow/dags/tmdb_daily_dag.py
[2026-03-23T09:54:46.328+0000] {processor.py:830} INFO - Processing file /opt/airflow/dags/tmdb_daily_dag.py for tasks to queue
[2026-03-23T09:54:46.328+0000] {logging_mixin.py:188} INFO - [2026-03-23T09:54:46.328+0000] {dagbag.py:545} INFO - Filling up the DagBag from /opt/airflow/dags/tmdb_daily_dag.py
[2026-03-23T09:54:46.334+0000] {processor.py:840} INFO - DAG(s) 'tmdb_raw_pipeline' retrieved from /opt/airflow/dags/tmdb_daily_dag.py
[2026-03-23T09:54:46.343+0000] {logging_mixin.py:188} INFO - [2026-03-23T09:54:46.343+0000] {dag.py:3096} INFO - Sync 1 DAGs
[2026-03-23T09:54:46.351+0000] {logging_mixin.py:188} INFO - [2026-03-23T09:54:46.351+0000] {dag.py:3954} INFO - Setting next_dagrun for tmdb_raw_pipeline to 2026-03-23 00:00:00+00:00, run_after=2026-03-24 00:00:00+00:00
[2026-03-23T09:54:46.357+0000] {processor.py:183} INFO - Processing /opt/airflow/dags/tmdb_daily_dag.py took 0.033 seconds
[2026-03-23T09:55:16.846+0000] {processor.py:161} INFO - Started process (PID=16557) to work on /opt/airflow/dags/tmdb_daily_dag.py
[2026-03-23T09:55:16.847+0000] {processor.py:830} INFO - Processing file /opt/airflow/dags/tmdb_daily_dag.py for tasks to queue
[2026-03-23T09:55:16.848+0000] {logging_mixin.py:188} INFO - [2026-03-23T09:55:16.848+0000] {dagbag.py:545} INFO - Filling up the DagBag from /opt/airflow/dags/tmdb_daily_dag.py
[2026-03-23T09:55:16.854+0000] {processor.py:840} INFO - DAG(s) 'tmdb_raw_pipeline' retrieved from /opt/airflow/dags/tmdb_daily_dag.py
[2026-03-23T09:55:16.865+0000] {logging_mixin.py:188} INFO - [2026-03-23T09:55:16.865+0000] {dag.py:3096} INFO - Sync 1 DAGs
[2026-03-23T09:55:16.874+0000] {logging_mixin.py:188} INFO - [2026-03-23T09:55:16.874+0000] {dag.py:3954} INFO - Setting next_dagrun for tmdb_raw_pipeline to 2026-03-23 00:00:00+00:00, run_after=2026-03-24 00:00:00+00:00
[2026-03-23T09:55:16.881+0000] {processor.py:183} INFO - Processing /opt/airflow/dags/tmdb_daily_dag.py took 0.038 seconds
[2026-03-23T09:55:47.333+0000] {processor.py:161} INFO - Started process (PID=16577) to work on /opt/airflow/dags/tmdb_daily_dag.py
[2026-03-23T09:55:47.334+0000] {processor.py:830} INFO - Processing file /opt/airflow/dags/tmdb_daily_dag.py for tasks to queue
[2026-03-23T09:55:47.334+0000] {logging_mixin.py:188} INFO - [2026-03-23T09:55:47.334+0000] {dagbag.py:545} INFO - Filling up the DagBag from /opt/airflow/dags/tmdb_daily_dag.py
[2026-03-23T09:55:47.339+0000] {processor.py:840} INFO - DAG(s) 'tmdb_raw_pipeline' retrieved from /opt/airflow/dags/tmdb_daily_dag.py
[2026-03-23T09:55:47.349+0000] {logging_mixin.py:188} INFO - [2026-03-23T09:55:47.349+0000] {dag.py:3096} INFO - Sync 1 DAGs
[2026-03-23T09:55:47.358+0000] {logging_mixin.py:188} INFO - [2026-03-23T09:55:47.358+0000] {dag.py:3954} INFO - Setting next_dagrun for tmdb_raw_pipeline to 2026-03-23 00:00:00+00:00, run_after=2026-03-24 00:00:00+00:00
[2026-03-23T09:55:47.364+0000] {processor.py:183} INFO - Processing /opt/airflow/dags/tmdb_daily_dag.py took 0.033 seconds
[2026-03-23T09:56:17.757+0000] {processor.py:161} INFO - Started process (PID=16597) to work on /opt/airflow/dags/tmdb_daily_dag.py
[2026-03-23T09:56:17.758+0000] {processor.py:830} INFO - Processing file /opt/airflow/dags/tmdb_daily_dag.py for tasks to queue
[2026-03-23T09:56:17.758+0000] {logging_mixin.py:188} INFO - [2026-03-23T09:56:17.758+0000] {dagbag.py:545} INFO - Filling up the DagBag from /opt/airflow/dags/tmdb_daily_dag.py
[2026-03-23T09:56:17.763+0000] {processor.py:840} INFO - DAG(s) 'tmdb_raw_pipeline' retrieved from /opt/airflow/dags/tmdb_daily_dag.py
[2026-03-23T09:56:17.774+0000] {logging_mixin.py:188} INFO - [2026-03-23T09:56:17.774+0000] {dag.py:3096} INFO - Sync 1 DAGs
[2026-03-23T09:56:17.782+0000] {logging_mixin.py:188} INFO - [2026-03-23T09:56:17.781+0000] {dag.py:3954} INFO - Setting next_dagrun for tmdb_raw_pipeline to 2026-03-23 00:00:00+00:00, run_after=2026-03-24 00:00:00+00:00
[2026-03-23T09:56:17.787+0000] {processor.py:183} INFO - Processing /opt/airflow/dags/tmdb_daily_dag.py took 0.034 seconds
[2026-03-23T09:56:48.297+0000] {processor.py:161} INFO - Started process (PID=16617) to work on /opt/airflow/dags/tmdb_daily_dag.py
[2026-03-23T09:56:48.299+0000] {processor.py:830} INFO - Processing file /opt/airflow/dags/tmdb_daily_dag.py for tasks to queue
[2026-03-23T09:56:48.299+0000] {logging_mixin.py:188} INFO - [2026-03-23T09:56:48.299+0000] {dagbag.py:545} INFO - Filling up the DagBag from /opt/airflow/dags/tmdb_daily_dag.py
[2026-03-23T09:56:48.305+0000] {processor.py:840} INFO - DAG(s) 'tmdb_raw_pipeline' retrieved from /opt/airflow/dags/tmdb_daily_dag.py
[2026-03-23T09:56:48.316+0000] {logging_mixin.py:188} INFO - [2026-03-23T09:56:48.316+0000] {dag.py:3096} INFO - Sync 1 DAGs
[2026-03-23T09:56:48.326+0000] {logging_mixin.py:188} INFO - [2026-03-23T09:56:48.325+0000] {dag.py:3954} INFO - Setting next_dagrun for tmdb_raw_pipeline to 2026-03-23 00:00:00+00:00, run_after=2026-03-24 00:00:00+00:00
[2026-03-23T09:56:48.332+0000] {processor.py:183} INFO - Processing /opt/airflow/dags/tmdb_daily_dag.py took 0.039 seconds
[2026-03-23T09:57:18.831+0000] {processor.py:161} INFO - Started process (PID=16637) to work on /opt/airflow/dags/tmdb_daily_dag.py
[2026-03-23T09:57:18.835+0000] {processor.py:830} INFO - Processing file /opt/airflow/dags/tmdb_daily_dag.py for tasks to queue
[2026-03-23T09:57:18.835+0000] {logging_mixin.py:188} INFO - [2026-03-23T09:57:18.835+0000] {dagbag.py:545} INFO - Filling up the DagBag from /opt/airflow/dags/tmdb_daily_dag.py
[2026-03-23T09:57:18.842+0000] {processor.py:840} INFO - DAG(s) 'tmdb_raw_pipeline' retrieved from /opt/airflow/dags/tmdb_daily_dag.py
[2026-03-23T09:57:18.855+0000] {logging_mixin.py:188} INFO - [2026-03-23T09:57:18.855+0000] {dag.py:3096} INFO - Sync 1 DAGs
[2026-03-23T09:57:18.867+0000] {logging_mixin.py:188} INFO - [2026-03-23T09:57:18.867+0000] {dag.py:3954} INFO - Setting next_dagrun for tmdb_raw_pipeline to 2026-03-23 00:00:00+00:00, run_after=2026-03-24 00:00:00+00:00
[2026-03-23T09:57:18.874+0000] {processor.py:183} INFO - Processing /opt/airflow/dags/tmdb_daily_dag.py took 0.046 seconds
[2026-03-23T09:57:49.375+0000] {processor.py:161} INFO - Started process (PID=16657) to work on /opt/airflow/dags/tmdb_daily_dag.py
[2026-03-23T09:57:49.376+0000] {processor.py:830} INFO - Processing file /opt/airflow/dags/tmdb_daily_dag.py for tasks to queue
[2026-03-23T09:57:49.377+0000] {logging_mixin.py:188} INFO - [2026-03-23T09:57:49.377+0000] {dagbag.py:545} INFO - Filling up the DagBag from /opt/airflow/dags/tmdb_daily_dag.py
[2026-03-23T09:57:49.383+0000] {processor.py:840} INFO - DAG(s) 'tmdb_raw_pipeline' retrieved from /opt/airflow/dags/tmdb_daily_dag.py
[2026-03-23T09:57:49.393+0000] {logging_mixin.py:188} INFO - [2026-03-23T09:57:49.393+0000] {dag.py:3096} INFO - Sync 1 DAGs
[2026-03-23T09:57:49.401+0000] {logging_mixin.py:188} INFO - [2026-03-23T09:57:49.401+0000] {dag.py:3954} INFO - Setting next_dagrun for tmdb_raw_pipeline to 2026-03-23 00:00:00+00:00, run_after=2026-03-24 00:00:00+00:00
[2026-03-23T09:57:49.407+0000] {processor.py:183} INFO - Processing /opt/airflow/dags/tmdb_daily_dag.py took 0.035 seconds
[2026-03-23T09:58:19.887+0000] {processor.py:161} INFO - Started process (PID=16677) to work on /opt/airflow/dags/tmdb_daily_dag.py
[2026-03-23T09:58:19.888+0000] {processor.py:830} INFO - Processing file /opt/airflow/dags/tmdb_daily_dag.py for tasks to queue
[2026-03-23T09:58:19.889+0000] {logging_mixin.py:188} INFO - [2026-03-23T09:58:19.888+0000] {dagbag.py:545} INFO - Filling up the DagBag from /opt/airflow/dags/tmdb_daily_dag.py
[2026-03-23T09:58:19.894+0000] {processor.py:840} INFO - DAG(s) 'tmdb_raw_pipeline' retrieved from /opt/airflow/dags/tmdb_daily_dag.py
[2026-03-23T09:58:19.905+0000] {logging_mixin.py:188} INFO - [2026-03-23T09:58:19.905+0000] {dag.py:3096} INFO - Sync 1 DAGs
[2026-03-23T09:58:19.913+0000] {logging_mixin.py:188} INFO - [2026-03-23T09:58:19.913+0000] {dag.py:3954} INFO - Setting next_dagrun for tmdb_raw_pipeline to 2026-03-23 00:00:00+00:00, run_after=2026-03-24 00:00:00+00:00
[2026-03-23T09:58:19.919+0000] {processor.py:183} INFO - Processing /opt/airflow/dags/tmdb_daily_dag.py took 0.035 seconds
[2026-03-23T09:58:50.420+0000] {processor.py:161} INFO - Started process (PID=16697) to work on /opt/airflow/dags/tmdb_daily_dag.py
[2026-03-23T09:58:50.421+0000] {processor.py:830} INFO - Processing file /opt/airflow/dags/tmdb_daily_dag.py for tasks to queue
[2026-03-23T09:58:50.422+0000] {logging_mixin.py:188} INFO - [2026-03-23T09:58:50.422+0000] {dagbag.py:545} INFO - Filling up the DagBag from /opt/airflow/dags/tmdb_daily_dag.py
[2026-03-23T09:58:50.429+0000] {processor.py:840} INFO - DAG(s) 'tmdb_raw_pipeline' retrieved from /opt/airflow/dags/tmdb_daily_dag.py
[2026-03-23T09:58:50.439+0000] {logging_mixin.py:188} INFO - [2026-03-23T09:58:50.439+0000] {dag.py:3096} INFO - Sync 1 DAGs
[2026-03-23T09:58:50.447+0000] {logging_mixin.py:188} INFO - [2026-03-23T09:58:50.447+0000] {dag.py:3954} INFO - Setting next_dagrun for tmdb_raw_pipeline to 2026-03-23 00:00:00+00:00, run_after=2026-03-24 00:00:00+00:00
[2026-03-23T09:58:50.454+0000] {processor.py:183} INFO - Processing /opt/airflow/dags/tmdb_daily_dag.py took 0.037 seconds
[2026-03-23T09:59:20.986+0000] {processor.py:161} INFO - Started process (PID=16717) to work on /opt/airflow/dags/tmdb_daily_dag.py
[2026-03-23T09:59:20.987+0000] {processor.py:830} INFO - Processing file /opt/airflow/dags/tmdb_daily_dag.py for tasks to queue
[2026-03-23T09:59:20.988+0000] {logging_mixin.py:188} INFO - [2026-03-23T09:59:20.988+0000] {dagbag.py:545} INFO - Filling up the DagBag from /opt/airflow/dags/tmdb_daily_dag.py
[2026-03-23T09:59:20.994+0000] {processor.py:840} INFO - DAG(s) 'tmdb_raw_pipeline' retrieved from /opt/airflow/dags/tmdb_daily_dag.py
[2026-03-23T09:59:21.003+0000] {logging_mixin.py:188} INFO - [2026-03-23T09:59:21.003+0000] {dag.py:3096} INFO - Sync 1 DAGs
[2026-03-23T09:59:21.012+0000] {logging_mixin.py:188} INFO - [2026-03-23T09:59:21.012+0000] {dag.py:3954} INFO - Setting next_dagrun for tmdb_raw_pipeline to 2026-03-23 00:00:00+00:00, run_after=2026-03-24 00:00:00+00:00
[2026-03-23T09:59:21.018+0000] {processor.py:183} INFO - Processing /opt/airflow/dags/tmdb_daily_dag.py took 0.038 seconds
[2026-03-23T09:59:51.653+0000] {processor.py:161} INFO - Started process (PID=16737) to work on /opt/airflow/dags/tmdb_daily_dag.py
[2026-03-23T09:59:51.654+0000] {processor.py:830} INFO - Processing file /opt/airflow/dags/tmdb_daily_dag.py for tasks to queue
[2026-03-23T09:59:51.654+0000] {logging_mixin.py:188} INFO - [2026-03-23T09:59:51.654+0000] {dagbag.py:545} INFO - Filling up the DagBag from /opt/airflow/dags/tmdb_daily_dag.py
[2026-03-23T09:59:51.664+0000] {processor.py:840} INFO - DAG(s) 'tmdb_raw_pipeline' retrieved from /opt/airflow/dags/tmdb_daily_dag.py
[2026-03-23T09:59:51.676+0000] {logging_mixin.py:188} INFO - [2026-03-23T09:59:51.676+0000] {dag.py:3096} INFO - Sync 1 DAGs
[2026-03-23T09:59:51.686+0000] {logging_mixin.py:188} INFO - [2026-03-23T09:59:51.686+0000] {dag.py:3954} INFO - Setting next_dagrun for tmdb_raw_pipeline to 2026-03-23 00:00:00+00:00, run_after=2026-03-24 00:00:00+00:00
[2026-03-23T09:59:51.692+0000] {processor.py:183} INFO - Processing /opt/airflow/dags/tmdb_daily_dag.py took 0.044 seconds
[2026-03-23T10:00:22.258+0000] {processor.py:161} INFO - Started process (PID=16757) to work on /opt/airflow/dags/tmdb_daily_dag.py
[2026-03-23T10:00:22.259+0000] {processor.py:830} INFO - Processing file /opt/airflow/dags/tmdb_daily_dag.py for tasks to queue
[2026-03-23T10:00:22.259+0000] {logging_mixin.py:188} INFO - [2026-03-23T10:00:22.259+0000] {dagbag.py:545} INFO - Filling up the DagBag from /opt/airflow/dags/tmdb_daily_dag.py
[2026-03-23T10:00:22.266+0000] {processor.py:840} INFO - DAG(s) 'tmdb_raw_pipeline' retrieved from /opt/airflow/dags/tmdb_daily_dag.py
[2026-03-23T10:00:22.276+0000] {logging_mixin.py:188} INFO - [2026-03-23T10:00:22.276+0000] {dag.py:3096} INFO - Sync 1 DAGs
[2026-03-23T10:00:22.285+0000] {logging_mixin.py:188} INFO - [2026-03-23T10:00:22.285+0000] {dag.py:3954} INFO - Setting next_dagrun for tmdb_raw_pipeline to 2026-03-23 00:00:00+00:00, run_after=2026-03-24 00:00:00+00:00
[2026-03-23T10:00:22.291+0000] {processor.py:183} INFO - Processing /opt/airflow/dags/tmdb_daily_dag.py took 0.035 seconds
[2026-03-23T10:00:52.811+0000] {processor.py:161} INFO - Started process (PID=16777) to work on /opt/airflow/dags/tmdb_daily_dag.py
[2026-03-23T10:00:52.812+0000] {processor.py:830} INFO - Processing file /opt/airflow/dags/tmdb_daily_dag.py for tasks to queue
[2026-03-23T10:00:52.813+0000] {logging_mixin.py:188} INFO - [2026-03-23T10:00:52.812+0000] {dagbag.py:545} INFO - Filling up the DagBag from /opt/airflow/dags/tmdb_daily_dag.py
[2026-03-23T10:00:52.820+0000] {processor.py:840} INFO - DAG(s) 'tmdb_raw_pipeline' retrieved from /opt/airflow/dags/tmdb_daily_dag.py
[2026-03-23T10:00:52.829+0000] {logging_mixin.py:188} INFO - [2026-03-23T10:00:52.829+0000] {dag.py:3096} INFO - Sync 1 DAGs
[2026-03-23T10:00:52.838+0000] {logging_mixin.py:188} INFO - [2026-03-23T10:00:52.838+0000] {dag.py:3954} INFO - Setting next_dagrun for tmdb_raw_pipeline to 2026-03-23 00:00:00+00:00, run_after=2026-03-24 00:00:00+00:00
[2026-03-23T10:00:52.844+0000] {processor.py:183} INFO - Processing /opt/airflow/dags/tmdb_daily_dag.py took 0.038 seconds
[2026-03-23T10:01:23.365+0000] {processor.py:161} INFO - Started process (PID=16797) to work on /opt/airflow/dags/tmdb_daily_dag.py
[2026-03-23T10:01:23.366+0000] {processor.py:830} INFO - Processing file /opt/airflow/dags/tmdb_daily_dag.py for tasks to queue
[2026-03-23T10:01:23.366+0000] {logging_mixin.py:188} INFO - [2026-03-23T10:01:23.366+0000] {dagbag.py:545} INFO - Filling up the DagBag from /opt/airflow/dags/tmdb_daily_dag.py
[2026-03-23T10:01:23.373+0000] {processor.py:840} INFO - DAG(s) 'tmdb_raw_pipeline' retrieved from /opt/airflow/dags/tmdb_daily_dag.py
[2026-03-23T10:01:23.383+0000] {logging_mixin.py:188} INFO - [2026-03-23T10:01:23.383+0000] {dag.py:3096} INFO - Sync 1 DAGs
[2026-03-23T10:01:23.393+0000] {logging_mixin.py:188} INFO - [2026-03-23T10:01:23.393+0000] {dag.py:3954} INFO - Setting next_dagrun for tmdb_raw_pipeline to 2026-03-23 00:00:00+00:00, run_after=2026-03-24 00:00:00+00:00
[2026-03-23T10:01:23.401+0000] {processor.py:183} INFO - Processing /opt/airflow/dags/tmdb_daily_dag.py took 0.039 seconds
[2026-03-23T10:01:53.931+0000] {processor.py:161} INFO - Started process (PID=16817) to work on /opt/airflow/dags/tmdb_daily_dag.py
[2026-03-23T10:01:53.932+0000] {processor.py:830} INFO - Processing file /opt/airflow/dags/tmdb_daily_dag.py for tasks to queue
[2026-03-23T10:01:53.932+0000] {logging_mixin.py:188} INFO - [2026-03-23T10:01:53.932+0000] {dagbag.py:545} INFO - Filling up the DagBag from /opt/airflow/dags/tmdb_daily_dag.py
[2026-03-23T10:01:53.941+0000] {processor.py:840} INFO - DAG(s) 'tmdb_raw_pipeline' retrieved from /opt/airflow/dags/tmdb_daily_dag.py
[2026-03-23T10:01:53.953+0000] {logging_mixin.py:188} INFO - [2026-03-23T10:01:53.953+0000] {dag.py:3096} INFO - Sync 1 DAGs
[2026-03-23T10:01:53.962+0000] {logging_mixin.py:188} INFO - [2026-03-23T10:01:53.962+0000] {dag.py:3954} INFO - Setting next_dagrun for tmdb_raw_pipeline to 2026-03-23 00:00:00+00:00, run_after=2026-03-24 00:00:00+00:00
[2026-03-23T10:01:53.968+0000] {processor.py:183} INFO - Processing /opt/airflow/dags/tmdb_daily_dag.py took 0.039 seconds
[2026-03-23T10:02:24.389+0000] {processor.py:161} INFO - Started process (PID=16837) to work on /opt/airflow/dags/tmdb_daily_dag.py
[2026-03-23T10:02:24.390+0000] {processor.py:830} INFO - Processing file /opt/airflow/dags/tmdb_daily_dag.py for tasks to queue
[2026-03-23T10:02:24.391+0000] {logging_mixin.py:188} INFO - [2026-03-23T10:02:24.390+0000] {dagbag.py:545} INFO - Filling up the DagBag from /opt/airflow/dags/tmdb_daily_dag.py
[2026-03-23T10:02:24.396+0000] {processor.py:840} INFO - DAG(s) 'tmdb_raw_pipeline' retrieved from /opt/airflow/dags/tmdb_daily_dag.py
[2026-03-23T10:02:24.405+0000] {logging_mixin.py:188} INFO - [2026-03-23T10:02:24.405+0000] {dag.py:3096} INFO - Sync 1 DAGs
[2026-03-23T10:02:24.413+0000] {logging_mixin.py:188} INFO - [2026-03-23T10:02:24.413+0000] {dag.py:3954} INFO - Setting next_dagrun for tmdb_raw_pipeline to 2026-03-23 00:00:00+00:00, run_after=2026-03-24 00:00:00+00:00
[2026-03-23T10:02:24.419+0000] {processor.py:183} INFO - Processing /opt/airflow/dags/tmdb_daily_dag.py took 0.033 seconds
[2026-03-23T10:02:54.984+0000] {processor.py:161} INFO - Started process (PID=16857) to work on /opt/airflow/dags/tmdb_daily_dag.py
[2026-03-23T10:02:54.984+0000] {processor.py:830} INFO - Processing file /opt/airflow/dags/tmdb_daily_dag.py for tasks to queue
[2026-03-23T10:02:54.985+0000] {logging_mixin.py:188} INFO - [2026-03-23T10:02:54.985+0000] {dagbag.py:545} INFO - Filling up the DagBag from /opt/airflow/dags/tmdb_daily_dag.py
[2026-03-23T10:02:54.991+0000] {processor.py:840} INFO - DAG(s) 'tmdb_raw_pipeline' retrieved from /opt/airflow/dags/tmdb_daily_dag.py
[2026-03-23T10:02:55.002+0000] {logging_mixin.py:188} INFO - [2026-03-23T10:02:55.002+0000] {dag.py:3096} INFO - Sync 1 DAGs
[2026-03-23T10:02:55.011+0000] {logging_mixin.py:188} INFO - [2026-03-23T10:02:55.010+0000] {dag.py:3954} INFO - Setting next_dagrun for tmdb_raw_pipeline to 2026-03-23 00:00:00+00:00, run_after=2026-03-24 00:00:00+00:00
[2026-03-23T10:02:55.016+0000] {processor.py:183} INFO - Processing /opt/airflow/dags/tmdb_daily_dag.py took 0.036 seconds
[2026-03-23T10:03:25.501+0000] {processor.py:161} INFO - Started process (PID=16877) to work on /opt/airflow/dags/tmdb_daily_dag.py
[2026-03-23T10:03:25.502+0000] {processor.py:830} INFO - Processing file /opt/airflow/dags/tmdb_daily_dag.py for tasks to queue
[2026-03-23T10:03:25.502+0000] {logging_mixin.py:188} INFO - [2026-03-23T10:03:25.502+0000] {dagbag.py:545} INFO - Filling up the DagBag from /opt/airflow/dags/tmdb_daily_dag.py
[2026-03-23T10:03:25.508+0000] {processor.py:840} INFO - DAG(s) 'tmdb_raw_pipeline' retrieved from /opt/airflow/dags/tmdb_daily_dag.py
[2026-03-23T10:03:25.517+0000] {logging_mixin.py:188} INFO - [2026-03-23T10:03:25.517+0000] {dag.py:3096} INFO - Sync 1 DAGs
[2026-03-23T10:03:25.526+0000] {logging_mixin.py:188} INFO - [2026-03-23T10:03:25.526+0000] {dag.py:3954} INFO - Setting next_dagrun for tmdb_raw_pipeline to 2026-03-23 00:00:00+00:00, run_after=2026-03-24 00:00:00+00:00
[2026-03-23T10:03:25.531+0000] {processor.py:183} INFO - Processing /opt/airflow/dags/tmdb_daily_dag.py took 0.033 seconds
[2026-03-23T10:03:56.016+0000] {processor.py:161} INFO - Started process (PID=16897) to work on /opt/airflow/dags/tmdb_daily_dag.py
[2026-03-23T10:03:56.017+0000] {processor.py:830} INFO - Processing file /opt/airflow/dags/tmdb_daily_dag.py for tasks to queue
[2026-03-23T10:03:56.017+0000] {logging_mixin.py:188} INFO - [2026-03-23T10:03:56.017+0000] {dagbag.py:545} INFO - Filling up the DagBag from /opt/airflow/dags/tmdb_daily_dag.py
[2026-03-23T10:03:56.022+0000] {processor.py:840} INFO - DAG(s) 'tmdb_raw_pipeline' retrieved from /opt/airflow/dags/tmdb_daily_dag.py
[2026-03-23T10:03:56.032+0000] {logging_mixin.py:188} INFO - [2026-03-23T10:03:56.032+0000] {dag.py:3096} INFO - Sync 1 DAGs
[2026-03-23T10:03:56.040+0000] {logging_mixin.py:188} INFO - [2026-03-23T10:03:56.040+0000] {dag.py:3954} INFO - Setting next_dagrun for tmdb_raw_pipeline to 2026-03-23 00:00:00+00:00, run_after=2026-03-24 00:00:00+00:00
[2026-03-23T10:03:56.046+0000] {processor.py:183} INFO - Processing /opt/airflow/dags/tmdb_daily_dag.py took 0.032 seconds
[2026-03-23T10:04:26.449+0000] {processor.py:161} INFO - Started process (PID=16917) to work on /opt/airflow/dags/tmdb_daily_dag.py
[2026-03-23T10:04:26.450+0000] {processor.py:830} INFO - Processing file /opt/airflow/dags/tmdb_daily_dag.py for tasks to queue
[2026-03-23T10:04:26.450+0000] {logging_mixin.py:188} INFO - [2026-03-23T10:04:26.450+0000] {dagbag.py:545} INFO - Filling up the DagBag from /opt/airflow/dags/tmdb_daily_dag.py
[2026-03-23T10:04:26.456+0000] {processor.py:840} INFO - DAG(s) 'tmdb_raw_pipeline' retrieved from /opt/airflow/dags/tmdb_daily_dag.py
[2026-03-23T10:04:26.466+0000] {logging_mixin.py:188} INFO - [2026-03-23T10:04:26.465+0000] {dag.py:3096} INFO - Sync 1 DAGs
[2026-03-23T10:04:26.474+0000] {logging_mixin.py:188} INFO - [2026-03-23T10:04:26.474+0000] {dag.py:3954} INFO - Setting next_dagrun for tmdb_raw_pipeline to 2026-03-23 00:00:00+00:00, run_after=2026-03-24 00:00:00+00:00
[2026-03-23T10:04:26.479+0000] {processor.py:183} INFO - Processing /opt/airflow/dags/tmdb_daily_dag.py took 0.034 seconds
[2026-03-23T10:04:57.045+0000] {processor.py:161} INFO - Started process (PID=16937) to work on /opt/airflow/dags/tmdb_daily_dag.py
[2026-03-23T10:04:57.046+0000] {processor.py:830} INFO - Processing file /opt/airflow/dags/tmdb_daily_dag.py for tasks to queue
[2026-03-23T10:04:57.047+0000] {logging_mixin.py:188} INFO - [2026-03-23T10:04:57.047+0000] {dagbag.py:545} INFO - Filling up the DagBag from /opt/airflow/dags/tmdb_daily_dag.py
[2026-03-23T10:04:57.052+0000] {processor.py:840} INFO - DAG(s) 'tmdb_raw_pipeline' retrieved from /opt/airflow/dags/tmdb_daily_dag.py
[2026-03-23T10:04:57.062+0000] {logging_mixin.py:188} INFO - [2026-03-23T10:04:57.062+0000] {dag.py:3096} INFO - Sync 1 DAGs
[2026-03-23T10:04:57.070+0000] {logging_mixin.py:188} INFO - [2026-03-23T10:04:57.070+0000] {dag.py:3954} INFO - Setting next_dagrun for tmdb_raw_pipeline to 2026-03-23 00:00:00+00:00, run_after=2026-03-24 00:00:00+00:00
[2026-03-23T10:04:57.076+0000] {processor.py:183} INFO - Processing /opt/airflow/dags/tmdb_daily_dag.py took 0.035 seconds
[2026-03-23T10:05:27.502+0000] {processor.py:161} INFO - Started process (PID=16957) to work on /opt/airflow/dags/tmdb_daily_dag.py
[2026-03-23T10:05:27.505+0000] {processor.py:830} INFO - Processing file /opt/airflow/dags/tmdb_daily_dag.py for tasks to queue
[2026-03-23T10:05:27.506+0000] {logging_mixin.py:188} INFO - [2026-03-23T10:05:27.505+0000] {dagbag.py:545} INFO - Filling up the DagBag from /opt/airflow/dags/tmdb_daily_dag.py
[2026-03-23T10:05:27.511+0000] {processor.py:840} INFO - DAG(s) 'tmdb_raw_pipeline' retrieved from /opt/airflow/dags/tmdb_daily_dag.py
[2026-03-23T10:05:27.521+0000] {logging_mixin.py:188} INFO - [2026-03-23T10:05:27.521+0000] {dag.py:3096} INFO - Sync 1 DAGs
[2026-03-23T10:05:27.528+0000] {logging_mixin.py:188} INFO - [2026-03-23T10:05:27.528+0000] {dag.py:3954} INFO - Setting next_dagrun for tmdb_raw_pipeline to 2026-03-23 00:00:00+00:00, run_after=2026-03-24 00:00:00+00:00
[2026-03-23T10:05:27.534+0000] {processor.py:183} INFO - Processing /opt/airflow/dags/tmdb_daily_dag.py took 0.045 seconds
[2026-03-23T10:05:58.152+0000] {processor.py:161} INFO - Started process (PID=16977) to work on /opt/airflow/dags/tmdb_daily_dag.py
[2026-03-23T10:05:58.154+0000] {processor.py:830} INFO - Processing file /opt/airflow/dags/tmdb_daily_dag.py for tasks to queue
[2026-03-23T10:05:58.154+0000] {logging_mixin.py:188} INFO - [2026-03-23T10:05:58.154+0000] {dagbag.py:545} INFO - Filling up the DagBag from /opt/airflow/dags/tmdb_daily_dag.py
[2026-03-23T10:05:58.161+0000] {processor.py:840} INFO - DAG(s) 'tmdb_raw_pipeline' retrieved from /opt/airflow/dags/tmdb_daily_dag.py
[2026-03-23T10:05:58.172+0000] {logging_mixin.py:188} INFO - [2026-03-23T10:05:58.172+0000] {dag.py:3096} INFO - Sync 1 DAGs
[2026-03-23T10:05:58.185+0000] {logging_mixin.py:188} INFO - [2026-03-23T10:05:58.185+0000] {dag.py:3954} INFO - Setting next_dagrun for tmdb_raw_pipeline to 2026-03-23 00:00:00+00:00, run_after=2026-03-24 00:00:00+00:00
[2026-03-23T10:05:58.193+0000] {processor.py:183} INFO - Processing /opt/airflow/dags/tmdb_daily_dag.py took 0.044 seconds
[2026-03-23T10:06:28.776+0000] {processor.py:161} INFO - Started process (PID=16997) to work on /opt/airflow/dags/tmdb_daily_dag.py
[2026-03-23T10:06:28.778+0000] {processor.py:830} INFO - Processing file /opt/airflow/dags/tmdb_daily_dag.py for tasks to queue
[2026-03-23T10:06:28.779+0000] {logging_mixin.py:188} INFO - [2026-03-23T10:06:28.778+0000] {dagbag.py:545} INFO - Filling up the DagBag from /opt/airflow/dags/tmdb_daily_dag.py
[2026-03-23T10:06:28.786+0000] {processor.py:840} INFO - DAG(s) 'tmdb_raw_pipeline' retrieved from /opt/airflow/dags/tmdb_daily_dag.py
[2026-03-23T10:06:28.798+0000] {logging_mixin.py:188} INFO - [2026-03-23T10:06:28.797+0000] {dag.py:3096} INFO - Sync 1 DAGs
[2026-03-23T10:06:28.808+0000] {logging_mixin.py:188} INFO - [2026-03-23T10:06:28.808+0000] {dag.py:3954} INFO - Setting next_dagrun for tmdb_raw_pipeline to 2026-03-23 00:00:00+00:00, run_after=2026-03-24 00:00:00+00:00
[2026-03-23T10:06:28.814+0000] {processor.py:183} INFO - Processing /opt/airflow/dags/tmdb_daily_dag.py took 0.042 seconds
[2026-03-23T10:06:59.413+0000] {processor.py:161} INFO - Started process (PID=17017) to work on /opt/airflow/dags/tmdb_daily_dag.py
[2026-03-23T10:06:59.414+0000] {processor.py:830} INFO - Processing file /opt/airflow/dags/tmdb_daily_dag.py for tasks to queue
[2026-03-23T10:06:59.414+0000] {logging_mixin.py:188} INFO - [2026-03-23T10:06:59.414+0000] {dagbag.py:545} INFO - Filling up the DagBag from /opt/airflow/dags/tmdb_daily_dag.py
[2026-03-23T10:06:59.420+0000] {processor.py:840} INFO - DAG(s) 'tmdb_raw_pipeline' retrieved from /opt/airflow/dags/tmdb_daily_dag.py
[2026-03-23T10:06:59.433+0000] {logging_mixin.py:188} INFO - [2026-03-23T10:06:59.433+0000] {dag.py:3096} INFO - Sync 1 DAGs
[2026-03-23T10:06:59.441+0000] {logging_mixin.py:188} INFO - [2026-03-23T10:06:59.441+0000] {dag.py:3954} INFO - Setting next_dagrun for tmdb_raw_pipeline to 2026-03-23 00:00:00+00:00, run_after=2026-03-24 00:00:00+00:00
[2026-03-23T10:06:59.447+0000] {processor.py:183} INFO - Processing /opt/airflow/dags/tmdb_daily_dag.py took 0.037 seconds
[2026-03-23T10:07:30.037+0000] {processor.py:161} INFO - Started process (PID=17037) to work on /opt/airflow/dags/tmdb_daily_dag.py
[2026-03-23T10:07:30.038+0000] {processor.py:830} INFO - Processing file /opt/airflow/dags/tmdb_daily_dag.py for tasks to queue
[2026-03-23T10:07:30.038+0000] {logging_mixin.py:188} INFO - [2026-03-23T10:07:30.038+0000] {dagbag.py:545} INFO - Filling up the DagBag from /opt/airflow/dags/tmdb_daily_dag.py
[2026-03-23T10:07:30.044+0000] {processor.py:840} INFO - DAG(s) 'tmdb_raw_pipeline' retrieved from /opt/airflow/dags/tmdb_daily_dag.py
[2026-03-23T10:07:30.057+0000] {logging_mixin.py:188} INFO - [2026-03-23T10:07:30.057+0000] {dag.py:3096} INFO - Sync 1 DAGs
[2026-03-23T10:07:30.066+0000] {logging_mixin.py:188} INFO - [2026-03-23T10:07:30.065+0000] {dag.py:3954} INFO - Setting next_dagrun for tmdb_raw_pipeline to 2026-03-23 00:00:00+00:00, run_after=2026-03-24 00:00:00+00:00
[2026-03-23T10:07:30.071+0000] {processor.py:183} INFO - Processing /opt/airflow/dags/tmdb_daily_dag.py took 0.037 seconds
[2026-03-23T10:08:00.645+0000] {processor.py:161} INFO - Started process (PID=17057) to work on /opt/airflow/dags/tmdb_daily_dag.py
[2026-03-23T10:08:00.646+0000] {processor.py:830} INFO - Processing file /opt/airflow/dags/tmdb_daily_dag.py for tasks to queue
[2026-03-23T10:08:00.647+0000] {logging_mixin.py:188} INFO - [2026-03-23T10:08:00.646+0000] {dagbag.py:545} INFO - Filling up the DagBag from /opt/airflow/dags/tmdb_daily_dag.py
[2026-03-23T10:08:00.652+0000] {processor.py:840} INFO - DAG(s) 'tmdb_raw_pipeline' retrieved from /opt/airflow/dags/tmdb_daily_dag.py
[2026-03-23T10:08:00.663+0000] {logging_mixin.py:188} INFO - [2026-03-23T10:08:00.663+0000] {dag.py:3096} INFO - Sync 1 DAGs
[2026-03-23T10:08:00.672+0000] {logging_mixin.py:188} INFO - [2026-03-23T10:08:00.672+0000] {dag.py:3954} INFO - Setting next_dagrun for tmdb_raw_pipeline to 2026-03-23 00:00:00+00:00, run_after=2026-03-24 00:00:00+00:00
[2026-03-23T10:08:00.679+0000] {processor.py:183} INFO - Processing /opt/airflow/dags/tmdb_daily_dag.py took 0.038 seconds
[2026-03-23T10:08:31.175+0000] {processor.py:161} INFO - Started process (PID=17077) to work on /opt/airflow/dags/tmdb_daily_dag.py
[2026-03-23T10:08:31.176+0000] {processor.py:830} INFO - Processing file /opt/airflow/dags/tmdb_daily_dag.py for tasks to queue
[2026-03-23T10:08:31.176+0000] {logging_mixin.py:188} INFO - [2026-03-23T10:08:31.176+0000] {dagbag.py:545} INFO - Filling up the DagBag from /opt/airflow/dags/tmdb_daily_dag.py
[2026-03-23T10:08:31.181+0000] {processor.py:840} INFO - DAG(s) 'tmdb_raw_pipeline' retrieved from /opt/airflow/dags/tmdb_daily_dag.py
[2026-03-23T10:08:31.190+0000] {logging_mixin.py:188} INFO - [2026-03-23T10:08:31.190+0000] {dag.py:3096} INFO - Sync 1 DAGs
[2026-03-23T10:08:31.198+0000] {logging_mixin.py:188} INFO - [2026-03-23T10:08:31.198+0000] {dag.py:3954} INFO - Setting next_dagrun for tmdb_raw_pipeline to 2026-03-23 00:00:00+00:00, run_after=2026-03-24 00:00:00+00:00
[2026-03-23T10:08:31.203+0000] {processor.py:183} INFO - Processing /opt/airflow/dags/tmdb_daily_dag.py took 0.031 seconds
[2026-03-23T10:09:01.743+0000] {processor.py:161} INFO - Started process (PID=17097) to work on /opt/airflow/dags/tmdb_daily_dag.py
[2026-03-23T10:09:01.745+0000] {processor.py:830} INFO - Processing file /opt/airflow/dags/tmdb_daily_dag.py for tasks to queue
[2026-03-23T10:09:01.745+0000] {logging_mixin.py:188} INFO - [2026-03-23T10:09:01.745+0000] {dagbag.py:545} INFO - Filling up the DagBag from /opt/airflow/dags/tmdb_daily_dag.py
[2026-03-23T10:09:01.751+0000] {processor.py:840} INFO - DAG(s) 'tmdb_raw_pipeline' retrieved from /opt/airflow/dags/tmdb_daily_dag.py
[2026-03-23T10:09:01.760+0000] {logging_mixin.py:188} INFO - [2026-03-23T10:09:01.760+0000] {dag.py:3096} INFO - Sync 1 DAGs
[2026-03-23T10:09:01.769+0000] {logging_mixin.py:188} INFO - [2026-03-23T10:09:01.769+0000] {dag.py:3954} INFO - Setting next_dagrun for tmdb_raw_pipeline to 2026-03-23 00:00:00+00:00, run_after=2026-03-24 00:00:00+00:00
[2026-03-23T10:09:01.775+0000] {processor.py:183} INFO - Processing /opt/airflow/dags/tmdb_daily_dag.py took 0.037 seconds
[2026-03-23T10:09:32.401+0000] {processor.py:161} INFO - Started process (PID=17117) to work on /opt/airflow/dags/tmdb_daily_dag.py
[2026-03-23T10:09:32.402+0000] {processor.py:830} INFO - Processing file /opt/airflow/dags/tmdb_daily_dag.py for tasks to queue
[2026-03-23T10:09:32.403+0000] {logging_mixin.py:188} INFO - [2026-03-23T10:09:32.403+0000] {dagbag.py:545} INFO - Filling up the DagBag from /opt/airflow/dags/tmdb_daily_dag.py
[2026-03-23T10:09:32.408+0000] {processor.py:840} INFO - DAG(s) 'tmdb_raw_pipeline' retrieved from /opt/airflow/dags/tmdb_daily_dag.py
[2026-03-23T10:09:32.418+0000] {logging_mixin.py:188} INFO - [2026-03-23T10:09:32.418+0000] {dag.py:3096} INFO - Sync 1 DAGs
[2026-03-23T10:09:32.427+0000] {logging_mixin.py:188} INFO - [2026-03-23T10:09:32.427+0000] {dag.py:3954} INFO - Setting next_dagrun for tmdb_raw_pipeline to 2026-03-23 00:00:00+00:00, run_after=2026-03-24 00:00:00+00:00
[2026-03-23T10:09:32.433+0000] {processor.py:183} INFO - Processing /opt/airflow/dags/tmdb_daily_dag.py took 0.034 seconds
[2026-03-23T10:10:02.957+0000] {processor.py:161} INFO - Started process (PID=17137) to work on /opt/airflow/dags/tmdb_daily_dag.py
[2026-03-23T10:10:02.958+0000] {processor.py:830} INFO - Processing file /opt/airflow/dags/tmdb_daily_dag.py for tasks to queue
[2026-03-23T10:10:02.958+0000] {logging_mixin.py:188} INFO - [2026-03-23T10:10:02.958+0000] {dagbag.py:545} INFO - Filling up the DagBag from /opt/airflow/dags/tmdb_daily_dag.py
[2026-03-23T10:10:02.964+0000] {processor.py:840} INFO - DAG(s) 'tmdb_raw_pipeline' retrieved from /opt/airflow/dags/tmdb_daily_dag.py
[2026-03-23T10:10:02.973+0000] {logging_mixin.py:188} INFO - [2026-03-23T10:10:02.973+0000] {dag.py:3096} INFO - Sync 1 DAGs
[2026-03-23T10:10:02.981+0000] {logging_mixin.py:188} INFO - [2026-03-23T10:10:02.981+0000] {dag.py:3954} INFO - Setting next_dagrun for tmdb_raw_pipeline to 2026-03-23 00:00:00+00:00, run_after=2026-03-24 00:00:00+00:00
[2026-03-23T10:10:02.987+0000] {processor.py:183} INFO - Processing /opt/airflow/dags/tmdb_daily_dag.py took 0.033 seconds
[2026-03-23T10:10:33.611+0000] {processor.py:161} INFO - Started process (PID=17157) to work on /opt/airflow/dags/tmdb_daily_dag.py
[2026-03-23T10:10:33.612+0000] {processor.py:830} INFO - Processing file /opt/airflow/dags/tmdb_daily_dag.py for tasks to queue
[2026-03-23T10:10:33.612+0000] {logging_mixin.py:188} INFO - [2026-03-23T10:10:33.612+0000] {dagbag.py:545} INFO - Filling up the DagBag from /opt/airflow/dags/tmdb_daily_dag.py
[2026-03-23T10:10:33.618+0000] {processor.py:840} INFO - DAG(s) 'tmdb_raw_pipeline' retrieved from /opt/airflow/dags/tmdb_daily_dag.py
[2026-03-23T10:10:33.627+0000] {logging_mixin.py:188} INFO - [2026-03-23T10:10:33.627+0000] {dag.py:3096} INFO - Sync 1 DAGs
[2026-03-23T10:10:33.637+0000] {logging_mixin.py:188} INFO - [2026-03-23T10:10:33.637+0000] {dag.py:3954} INFO - Setting next_dagrun for tmdb_raw_pipeline to 2026-03-23 00:00:00+00:00, run_after=2026-03-24 00:00:00+00:00
[2026-03-23T10:10:33.644+0000] {processor.py:183} INFO - Processing /opt/airflow/dags/tmdb_daily_dag.py took 0.035 seconds
[2026-03-23T10:15:29.536+0000] {processor.py:161} INFO - Started process (PID=17177) to work on /opt/airflow/dags/tmdb_daily_dag.py
[2026-03-23T10:15:29.538+0000] {processor.py:830} INFO - Processing file /opt/airflow/dags/tmdb_daily_dag.py for tasks to queue
[2026-03-23T10:15:29.538+0000] {logging_mixin.py:188} INFO - [2026-03-23T10:15:29.538+0000] {dagbag.py:545} INFO - Filling up the DagBag from /opt/airflow/dags/tmdb_daily_dag.py
[2026-03-23T10:15:29.544+0000] {processor.py:840} INFO - DAG(s) 'tmdb_raw_pipeline' retrieved from /opt/airflow/dags/tmdb_daily_dag.py
[2026-03-23T10:15:29.555+0000] {logging_mixin.py:188} INFO - [2026-03-23T10:15:29.555+0000] {dag.py:3096} INFO - Sync 1 DAGs
[2026-03-23T10:15:29.564+0000] {logging_mixin.py:188} INFO - [2026-03-23T10:15:29.563+0000] {dag.py:3954} INFO - Setting next_dagrun for tmdb_raw_pipeline to 2026-03-23 00:00:00+00:00, run_after=2026-03-24 00:00:00+00:00
[2026-03-23T10:15:29.570+0000] {processor.py:183} INFO - Processing /opt/airflow/dags/tmdb_daily_dag.py took 0.037 seconds
[2026-03-23T10:16:00.037+0000] {processor.py:161} INFO - Started process (PID=17197) to work on /opt/airflow/dags/tmdb_daily_dag.py
[2026-03-23T10:16:00.039+0000] {processor.py:830} INFO - Processing file /opt/airflow/dags/tmdb_daily_dag.py for tasks to queue
[2026-03-23T10:16:00.040+0000] {logging_mixin.py:188} INFO - [2026-03-23T10:16:00.040+0000] {dagbag.py:545} INFO - Filling up the DagBag from /opt/airflow/dags/tmdb_daily_dag.py
[2026-03-23T10:16:00.046+0000] {processor.py:840} INFO - DAG(s) 'tmdb_raw_pipeline' retrieved from /opt/airflow/dags/tmdb_daily_dag.py
[2026-03-23T10:16:00.056+0000] {logging_mixin.py:188} INFO - [2026-03-23T10:16:00.056+0000] {dag.py:3096} INFO - Sync 1 DAGs
[2026-03-23T10:16:00.065+0000] {logging_mixin.py:188} INFO - [2026-03-23T10:16:00.065+0000] {dag.py:3954} INFO - Setting next_dagrun for tmdb_raw_pipeline to 2026-03-23 00:00:00+00:00, run_after=2026-03-24 00:00:00+00:00
[2026-03-23T10:16:00.072+0000] {processor.py:183} INFO - Processing /opt/airflow/dags/tmdb_daily_dag.py took 0.037 seconds
[2026-03-23T10:16:30.617+0000] {processor.py:161} INFO - Started process (PID=17217) to work on /opt/airflow/dags/tmdb_daily_dag.py
[2026-03-23T10:16:30.618+0000] {processor.py:830} INFO - Processing file /opt/airflow/dags/tmdb_daily_dag.py for tasks to queue
[2026-03-23T10:16:30.619+0000] {logging_mixin.py:188} INFO - [2026-03-23T10:16:30.618+0000] {dagbag.py:545} INFO - Filling up the DagBag from /opt/airflow/dags/tmdb_daily_dag.py
[2026-03-23T10:16:30.624+0000] {processor.py:840} INFO - DAG(s) 'tmdb_raw_pipeline' retrieved from /opt/airflow/dags/tmdb_daily_dag.py
[2026-03-23T10:16:30.634+0000] {logging_mixin.py:188} INFO - [2026-03-23T10:16:30.634+0000] {dag.py:3096} INFO - Sync 1 DAGs
[2026-03-23T10:16:30.642+0000] {logging_mixin.py:188} INFO - [2026-03-23T10:16:30.642+0000] {dag.py:3954} INFO - Setting next_dagrun for tmdb_raw_pipeline to 2026-03-23 00:00:00+00:00, run_after=2026-03-24 00:00:00+00:00
[2026-03-23T10:16:30.648+0000] {processor.py:183} INFO - Processing /opt/airflow/dags/tmdb_daily_dag.py took 0.033 seconds
[2026-03-23T10:17:01.153+0000] {processor.py:161} INFO - Started process (PID=17237) to work on /opt/airflow/dags/tmdb_daily_dag.py
[2026-03-23T10:17:01.154+0000] {processor.py:830} INFO - Processing file /opt/airflow/dags/tmdb_daily_dag.py for tasks to queue
[2026-03-23T10:17:01.154+0000] {logging_mixin.py:188} INFO - [2026-03-23T10:17:01.154+0000] {dagbag.py:545} INFO - Filling up the DagBag from /opt/airflow/dags/tmdb_daily_dag.py
[2026-03-23T10:17:01.160+0000] {processor.py:840} INFO - DAG(s) 'tmdb_raw_pipeline' retrieved from /opt/airflow/dags/tmdb_daily_dag.py
[2026-03-23T10:17:01.170+0000] {logging_mixin.py:188} INFO - [2026-03-23T10:17:01.170+0000] {dag.py:3096} INFO - Sync 1 DAGs
[2026-03-23T10:17:01.178+0000] {logging_mixin.py:188} INFO - [2026-03-23T10:17:01.178+0000] {dag.py:3954} INFO - Setting next_dagrun for tmdb_raw_pipeline to 2026-03-23 00:00:00+00:00, run_after=2026-03-24 00:00:00+00:00
[2026-03-23T10:17:01.184+0000] {processor.py:183} INFO - Processing /opt/airflow/dags/tmdb_daily_dag.py took 0.034 seconds
[2026-03-23T10:17:31.674+0000] {processor.py:161} INFO - Started process (PID=17257) to work on /opt/airflow/dags/tmdb_daily_dag.py
[2026-03-23T10:17:31.675+0000] {processor.py:830} INFO - Processing file /opt/airflow/dags/tmdb_daily_dag.py for tasks to queue
[2026-03-23T10:17:31.675+0000] {logging_mixin.py:188} INFO - [2026-03-23T10:17:31.675+0000] {dagbag.py:545} INFO - Filling up the DagBag from /opt/airflow/dags/tmdb_daily_dag.py
[2026-03-23T10:17:31.684+0000] {processor.py:840} INFO - DAG(s) 'tmdb_raw_pipeline' retrieved from /opt/airflow/dags/tmdb_daily_dag.py
[2026-03-23T10:17:31.695+0000] {logging_mixin.py:188} INFO - [2026-03-23T10:17:31.695+0000] {dag.py:3096} INFO - Sync 1 DAGs
[2026-03-23T10:17:31.703+0000] {logging_mixin.py:188} INFO - [2026-03-23T10:17:31.703+0000] {dag.py:3954} INFO - Setting next_dagrun for tmdb_raw_pipeline to 2026-03-23 00:00:00+00:00, run_after=2026-03-24 00:00:00+00:00
[2026-03-23T10:17:31.709+0000] {processor.py:183} INFO - Processing /opt/airflow/dags/tmdb_daily_dag.py took 0.037 seconds
[2026-03-23T10:18:02.184+0000] {processor.py:161} INFO - Started process (PID=17277) to work on /opt/airflow/dags/tmdb_daily_dag.py
[2026-03-23T10:18:02.185+0000] {processor.py:830} INFO - Processing file /opt/airflow/dags/tmdb_daily_dag.py for tasks to queue
[2026-03-23T10:18:02.185+0000] {logging_mixin.py:188} INFO - [2026-03-23T10:18:02.185+0000] {dagbag.py:545} INFO - Filling up the DagBag from /opt/airflow/dags/tmdb_daily_dag.py
[2026-03-23T10:18:02.193+0000] {processor.py:840} INFO - DAG(s) 'tmdb_raw_pipeline' retrieved from /opt/airflow/dags/tmdb_daily_dag.py
[2026-03-23T10:18:02.205+0000] {logging_mixin.py:188} INFO - [2026-03-23T10:18:02.205+0000] {dag.py:3096} INFO - Sync 1 DAGs
[2026-03-23T10:18:02.217+0000] {logging_mixin.py:188} INFO - [2026-03-23T10:18:02.217+0000] {dag.py:3954} INFO - Setting next_dagrun for tmdb_raw_pipeline to 2026-03-23 00:00:00+00:00, run_after=2026-03-24 00:00:00+00:00
[2026-03-23T10:18:02.225+0000] {processor.py:183} INFO - Processing /opt/airflow/dags/tmdb_daily_dag.py took 0.045 seconds
[2026-03-23T10:18:32.741+0000] {processor.py:161} INFO - Started process (PID=17297) to work on /opt/airflow/dags/tmdb_daily_dag.py
[2026-03-23T10:18:32.742+0000] {processor.py:830} INFO - Processing file /opt/airflow/dags/tmdb_daily_dag.py for tasks to queue
[2026-03-23T10:18:32.743+0000] {logging_mixin.py:188} INFO - [2026-03-23T10:18:32.743+0000] {dagbag.py:545} INFO - Filling up the DagBag from /opt/airflow/dags/tmdb_daily_dag.py
[2026-03-23T10:18:32.749+0000] {processor.py:840} INFO - DAG(s) 'tmdb_raw_pipeline' retrieved from /opt/airflow/dags/tmdb_daily_dag.py
[2026-03-23T10:18:32.763+0000] {logging_mixin.py:188} INFO - [2026-03-23T10:18:32.763+0000] {dag.py:3096} INFO - Sync 1 DAGs
[2026-03-23T10:18:32.773+0000] {logging_mixin.py:188} INFO - [2026-03-23T10:18:32.773+0000] {dag.py:3954} INFO - Setting next_dagrun for tmdb_raw_pipeline to 2026-03-23 00:00:00+00:00, run_after=2026-03-24 00:00:00+00:00
[2026-03-23T10:18:32.779+0000] {processor.py:183} INFO - Processing /opt/airflow/dags/tmdb_daily_dag.py took 0.041 seconds
[2026-03-23T10:19:03.236+0000] {processor.py:161} INFO - Started process (PID=17317) to work on /opt/airflow/dags/tmdb_daily_dag.py
[2026-03-23T10:19:03.237+0000] {processor.py:830} INFO - Processing file /opt/airflow/dags/tmdb_daily_dag.py for tasks to queue
[2026-03-23T10:19:03.238+0000] {logging_mixin.py:188} INFO - [2026-03-23T10:19:03.238+0000] {dagbag.py:545} INFO - Filling up the DagBag from /opt/airflow/dags/tmdb_daily_dag.py
[2026-03-23T10:19:03.243+0000] {processor.py:840} INFO - DAG(s) 'tmdb_raw_pipeline' retrieved from /opt/airflow/dags/tmdb_daily_dag.py
[2026-03-23T10:19:03.253+0000] {logging_mixin.py:188} INFO - [2026-03-23T10:19:03.252+0000] {dag.py:3096} INFO - Sync 1 DAGs
[2026-03-23T10:19:03.261+0000] {logging_mixin.py:188} INFO - [2026-03-23T10:19:03.261+0000] {dag.py:3954} INFO - Setting next_dagrun for tmdb_raw_pipeline to 2026-03-23 00:00:00+00:00, run_after=2026-03-24 00:00:00+00:00
[2026-03-23T10:19:03.267+0000] {processor.py:183} INFO - Processing /opt/airflow/dags/tmdb_daily_dag.py took 0.033 seconds
[2026-03-23T10:19:33.876+0000] {processor.py:161} INFO - Started process (PID=17337) to work on /opt/airflow/dags/tmdb_daily_dag.py
[2026-03-23T10:19:33.878+0000] {processor.py:830} INFO - Processing file /opt/airflow/dags/tmdb_daily_dag.py for tasks to queue
[2026-03-23T10:19:33.879+0000] {logging_mixin.py:188} INFO - [2026-03-23T10:19:33.878+0000] {dagbag.py:545} INFO - Filling up the DagBag from /opt/airflow/dags/tmdb_daily_dag.py
[2026-03-23T10:19:33.885+0000] {processor.py:840} INFO - DAG(s) 'tmdb_raw_pipeline' retrieved from /opt/airflow/dags/tmdb_daily_dag.py
[2026-03-23T10:19:33.898+0000] {logging_mixin.py:188} INFO - [2026-03-23T10:19:33.898+0000] {dag.py:3096} INFO - Sync 1 DAGs
[2026-03-23T10:19:33.908+0000] {logging_mixin.py:188} INFO - [2026-03-23T10:19:33.908+0000] {dag.py:3954} INFO - Setting next_dagrun for tmdb_raw_pipeline to 2026-03-23 00:00:00+00:00, run_after=2026-03-24 00:00:00+00:00
[2026-03-23T10:19:33.915+0000] {processor.py:183} INFO - Processing /opt/airflow/dags/tmdb_daily_dag.py took 0.042 seconds
[2026-03-23T10:20:04.477+0000] {processor.py:161} INFO - Started process (PID=17357) to work on /opt/airflow/dags/tmdb_daily_dag.py
[2026-03-23T10:20:04.479+0000] {processor.py:830} INFO - Processing file /opt/airflow/dags/tmdb_daily_dag.py for tasks to queue
[2026-03-23T10:20:04.479+0000] {logging_mixin.py:188} INFO - [2026-03-23T10:20:04.479+0000] {dagbag.py:545} INFO - Filling up the DagBag from /opt/airflow/dags/tmdb_daily_dag.py
[2026-03-23T10:20:04.486+0000] {processor.py:840} INFO - DAG(s) 'tmdb_raw_pipeline' retrieved from /opt/airflow/dags/tmdb_daily_dag.py
[2026-03-23T10:20:04.498+0000] {logging_mixin.py:188} INFO - [2026-03-23T10:20:04.497+0000] {dag.py:3096} INFO - Sync 1 DAGs
[2026-03-23T10:20:04.509+0000] {logging_mixin.py:188} INFO - [2026-03-23T10:20:04.509+0000] {dag.py:3954} INFO - Setting next_dagrun for tmdb_raw_pipeline to 2026-03-23 00:00:00+00:00, run_after=2026-03-24 00:00:00+00:00
[2026-03-23T10:20:05.180+0000] {processor.py:183} INFO - Processing /opt/airflow/dags/tmdb_daily_dag.py took 0.707 seconds
[2026-03-23T10:20:35.845+0000] {processor.py:161} INFO - Started process (PID=17377) to work on /opt/airflow/dags/tmdb_daily_dag.py
[2026-03-23T10:20:35.847+0000] {processor.py:830} INFO - Processing file /opt/airflow/dags/tmdb_daily_dag.py for tasks to queue
[2026-03-23T10:20:35.847+0000] {logging_mixin.py:188} INFO - [2026-03-23T10:20:35.847+0000] {dagbag.py:545} INFO - Filling up the DagBag from /opt/airflow/dags/tmdb_daily_dag.py
[2026-03-23T10:20:35.862+0000] {processor.py:840} INFO - DAG(s) 'tmdb_raw_pipeline' retrieved from /opt/airflow/dags/tmdb_daily_dag.py
[2026-03-23T10:20:35.883+0000] {logging_mixin.py:188} INFO - [2026-03-23T10:20:35.882+0000] {dag.py:3096} INFO - Sync 1 DAGs
[2026-03-23T10:20:35.909+0000] {logging_mixin.py:188} INFO - [2026-03-23T10:20:35.908+0000] {dag.py:3954} INFO - Setting next_dagrun for tmdb_raw_pipeline to 2026-03-23 00:00:00+00:00, run_after=2026-03-24 00:00:00+00:00
[2026-03-23T10:20:35.922+0000] {processor.py:183} INFO - Processing /opt/airflow/dags/tmdb_daily_dag.py took 0.083 seconds
[2026-03-23T10:21:06.324+0000] {processor.py:161} INFO - Started process (PID=17397) to work on /opt/airflow/dags/tmdb_daily_dag.py
[2026-03-23T10:21:06.327+0000] {processor.py:830} INFO - Processing file /opt/airflow/dags/tmdb_daily_dag.py for tasks to queue
[2026-03-23T10:21:06.328+0000] {logging_mixin.py:188} INFO - [2026-03-23T10:21:06.328+0000] {dagbag.py:545} INFO - Filling up the DagBag from /opt/airflow/dags/tmdb_daily_dag.py
[2026-03-23T10:21:06.343+0000] {processor.py:840} INFO - DAG(s) 'tmdb_raw_pipeline' retrieved from /opt/airflow/dags/tmdb_daily_dag.py
[2026-03-23T10:21:06.364+0000] {logging_mixin.py:188} INFO - [2026-03-23T10:21:06.364+0000] {dag.py:3096} INFO - Sync 1 DAGs
[2026-03-23T10:21:06.383+0000] {logging_mixin.py:188} INFO - [2026-03-23T10:21:06.382+0000] {dag.py:3954} INFO - Setting next_dagrun for tmdb_raw_pipeline to 2026-03-23 00:00:00+00:00, run_after=2026-03-24 00:00:00+00:00
[2026-03-23T10:21:06.392+0000] {processor.py:183} INFO - Processing /opt/airflow/dags/tmdb_daily_dag.py took 0.072 seconds
[2026-03-23T10:21:36.958+0000] {processor.py:161} INFO - Started process (PID=17417) to work on /opt/airflow/dags/tmdb_daily_dag.py
[2026-03-23T10:21:36.960+0000] {processor.py:830} INFO - Processing file /opt/airflow/dags/tmdb_daily_dag.py for tasks to queue
[2026-03-23T10:21:36.961+0000] {logging_mixin.py:188} INFO - [2026-03-23T10:21:36.960+0000] {dagbag.py:545} INFO - Filling up the DagBag from /opt/airflow/dags/tmdb_daily_dag.py
[2026-03-23T10:21:36.971+0000] {processor.py:840} INFO - DAG(s) 'tmdb_raw_pipeline' retrieved from /opt/airflow/dags/tmdb_daily_dag.py
[2026-03-23T10:21:36.990+0000] {logging_mixin.py:188} INFO - [2026-03-23T10:21:36.990+0000] {dag.py:3096} INFO - Sync 1 DAGs
[2026-03-23T10:21:37.003+0000] {logging_mixin.py:188} INFO - [2026-03-23T10:21:37.003+0000] {dag.py:3954} INFO - Setting next_dagrun for tmdb_raw_pipeline to 2026-03-23 00:00:00+00:00, run_after=2026-03-24 00:00:00+00:00
[2026-03-23T10:21:37.016+0000] {processor.py:183} INFO - Processing /opt/airflow/dags/tmdb_daily_dag.py took 0.064 seconds
[2026-03-23T10:22:07.406+0000] {processor.py:161} INFO - Started process (PID=17437) to work on /opt/airflow/dags/tmdb_daily_dag.py
[2026-03-23T10:22:07.408+0000] {processor.py:830} INFO - Processing file /opt/airflow/dags/tmdb_daily_dag.py for tasks to queue
[2026-03-23T10:22:07.408+0000] {logging_mixin.py:188} INFO - [2026-03-23T10:22:07.408+0000] {dagbag.py:545} INFO - Filling up the DagBag from /opt/airflow/dags/tmdb_daily_dag.py
[2026-03-23T10:22:07.416+0000] {processor.py:840} INFO - DAG(s) 'tmdb_raw_pipeline' retrieved from /opt/airflow/dags/tmdb_daily_dag.py
[2026-03-23T10:22:07.439+0000] {logging_mixin.py:188} INFO - [2026-03-23T10:22:07.439+0000] {dag.py:3096} INFO - Sync 1 DAGs
[2026-03-23T10:22:07.454+0000] {logging_mixin.py:188} INFO - [2026-03-23T10:22:07.454+0000] {dag.py:3954} INFO - Setting next_dagrun for tmdb_raw_pipeline to 2026-03-23 00:00:00+00:00, run_after=2026-03-24 00:00:00+00:00
[2026-03-23T10:22:07.667+0000] {processor.py:183} INFO - Processing /opt/airflow/dags/tmdb_daily_dag.py took 0.265 seconds
[2026-03-23T10:22:37.950+0000] {processor.py:161} INFO - Started process (PID=17457) to work on /opt/airflow/dags/tmdb_daily_dag.py
[2026-03-23T10:22:37.952+0000] {processor.py:830} INFO - Processing file /opt/airflow/dags/tmdb_daily_dag.py for tasks to queue
[2026-03-23T10:22:37.953+0000] {logging_mixin.py:188} INFO - [2026-03-23T10:22:37.953+0000] {dagbag.py:545} INFO - Filling up the DagBag from /opt/airflow/dags/tmdb_daily_dag.py
[2026-03-23T10:22:37.967+0000] {processor.py:840} INFO - DAG(s) 'tmdb_raw_pipeline' retrieved from /opt/airflow/dags/tmdb_daily_dag.py
[2026-03-23T10:22:37.983+0000] {logging_mixin.py:188} INFO - [2026-03-23T10:22:37.983+0000] {dag.py:3096} INFO - Sync 1 DAGs
[2026-03-23T10:22:37.992+0000] {logging_mixin.py:188} INFO - [2026-03-23T10:22:37.992+0000] {dag.py:3954} INFO - Setting next_dagrun for tmdb_raw_pipeline to 2026-03-23 00:00:00+00:00, run_after=2026-03-24 00:00:00+00:00
[2026-03-23T10:22:38.003+0000] {processor.py:183} INFO - Processing /opt/airflow/dags/tmdb_daily_dag.py took 0.058 seconds
[2026-03-23T10:23:08.336+0000] {processor.py:161} INFO - Started process (PID=17477) to work on /opt/airflow/dags/tmdb_daily_dag.py
[2026-03-23T10:23:08.338+0000] {processor.py:830} INFO - Processing file /opt/airflow/dags/tmdb_daily_dag.py for tasks to queue
[2026-03-23T10:23:08.339+0000] {logging_mixin.py:188} INFO - [2026-03-23T10:23:08.339+0000] {dagbag.py:545} INFO - Filling up the DagBag from /opt/airflow/dags/tmdb_daily_dag.py
[2026-03-23T10:23:08.352+0000] {processor.py:840} INFO - DAG(s) 'tmdb_raw_pipeline' retrieved from /opt/airflow/dags/tmdb_daily_dag.py
[2026-03-23T10:23:08.372+0000] {logging_mixin.py:188} INFO - [2026-03-23T10:23:08.372+0000] {dag.py:3096} INFO - Sync 1 DAGs
[2026-03-23T10:23:08.384+0000] {logging_mixin.py:188} INFO - [2026-03-23T10:23:08.384+0000] {dag.py:3954} INFO - Setting next_dagrun for tmdb_raw_pipeline to 2026-03-23 00:00:00+00:00, run_after=2026-03-24 00:00:00+00:00
[2026-03-23T10:23:08.396+0000] {processor.py:183} INFO - Processing /opt/airflow/dags/tmdb_daily_dag.py took 0.065 seconds
[2026-03-23T10:23:38.832+0000] {processor.py:161} INFO - Started process (PID=17497) to work on /opt/airflow/dags/tmdb_daily_dag.py
[2026-03-23T10:23:38.835+0000] {processor.py:830} INFO - Processing file /opt/airflow/dags/tmdb_daily_dag.py for tasks to queue
[2026-03-23T10:23:38.836+0000] {logging_mixin.py:188} INFO - [2026-03-23T10:23:38.836+0000] {dagbag.py:545} INFO - Filling up the DagBag from /opt/airflow/dags/tmdb_daily_dag.py
[2026-03-23T10:23:38.853+0000] {processor.py:840} INFO - DAG(s) 'tmdb_raw_pipeline' retrieved from /opt/airflow/dags/tmdb_daily_dag.py
[2026-03-23T10:23:38.886+0000] {logging_mixin.py:188} INFO - [2026-03-23T10:23:38.885+0000] {dag.py:3096} INFO - Sync 1 DAGs
[2026-03-23T10:23:38.911+0000] {logging_mixin.py:188} INFO - [2026-03-23T10:23:38.911+0000] {dag.py:3954} INFO - Setting next_dagrun for tmdb_raw_pipeline to 2026-03-23 00:00:00+00:00, run_after=2026-03-24 00:00:00+00:00
[2026-03-23T10:23:38.919+0000] {processor.py:183} INFO - Processing /opt/airflow/dags/tmdb_daily_dag.py took 0.109 seconds
[2026-03-23T10:24:09.335+0000] {processor.py:161} INFO - Started process (PID=17517) to work on /opt/airflow/dags/tmdb_daily_dag.py
[2026-03-23T10:24:09.337+0000] {processor.py:830} INFO - Processing file /opt/airflow/dags/tmdb_daily_dag.py for tasks to queue
[2026-03-23T10:24:09.338+0000] {logging_mixin.py:188} INFO - [2026-03-23T10:24:09.338+0000] {dagbag.py:545} INFO - Filling up the DagBag from /opt/airflow/dags/tmdb_daily_dag.py
[2026-03-23T10:24:09.350+0000] {processor.py:840} INFO - DAG(s) 'tmdb_raw_pipeline' retrieved from /opt/airflow/dags/tmdb_daily_dag.py
[2026-03-23T10:24:09.382+0000] {logging_mixin.py:188} INFO - [2026-03-23T10:24:09.382+0000] {dag.py:3096} INFO - Sync 1 DAGs
[2026-03-23T10:24:09.410+0000] {logging_mixin.py:188} INFO - [2026-03-23T10:24:09.410+0000] {dag.py:3954} INFO - Setting next_dagrun for tmdb_raw_pipeline to 2026-03-23 00:00:00+00:00, run_after=2026-03-24 00:00:00+00:00
[2026-03-23T10:24:09.689+0000] {processor.py:183} INFO - Processing /opt/airflow/dags/tmdb_daily_dag.py took 0.357 seconds
[2026-03-23T10:24:40.162+0000] {processor.py:161} INFO - Started process (PID=17537) to work on /opt/airflow/dags/tmdb_daily_dag.py
[2026-03-23T10:24:40.163+0000] {processor.py:830} INFO - Processing file /opt/airflow/dags/tmdb_daily_dag.py for tasks to queue
[2026-03-23T10:24:40.164+0000] {logging_mixin.py:188} INFO - [2026-03-23T10:24:40.164+0000] {dagbag.py:545} INFO - Filling up the DagBag from /opt/airflow/dags/tmdb_daily_dag.py
[2026-03-23T10:24:40.173+0000] {processor.py:840} INFO - DAG(s) 'tmdb_raw_pipeline' retrieved from /opt/airflow/dags/tmdb_daily_dag.py
[2026-03-23T10:24:40.192+0000] {logging_mixin.py:188} INFO - [2026-03-23T10:24:40.191+0000] {dag.py:3096} INFO - Sync 1 DAGs
[2026-03-23T10:24:40.399+0000] {logging_mixin.py:188} INFO - [2026-03-23T10:24:40.399+0000] {dag.py:3954} INFO - Setting next_dagrun for tmdb_raw_pipeline to 2026-03-23 00:00:00+00:00, run_after=2026-03-24 00:00:00+00:00
[2026-03-23T10:24:40.423+0000] {processor.py:183} INFO - Processing /opt/airflow/dags/tmdb_daily_dag.py took 0.264 seconds
[2026-03-23T10:25:10.878+0000] {processor.py:161} INFO - Started process (PID=17557) to work on /opt/airflow/dags/tmdb_daily_dag.py
[2026-03-23T10:25:10.882+0000] {processor.py:830} INFO - Processing file /opt/airflow/dags/tmdb_daily_dag.py for tasks to queue
[2026-03-23T10:25:10.883+0000] {logging_mixin.py:188} INFO - [2026-03-23T10:25:10.882+0000] {dagbag.py:545} INFO - Filling up the DagBag from /opt/airflow/dags/tmdb_daily_dag.py
[2026-03-23T10:25:10.900+0000] {processor.py:840} INFO - DAG(s) 'tmdb_raw_pipeline' retrieved from /opt/airflow/dags/tmdb_daily_dag.py
[2026-03-23T10:25:10.917+0000] {logging_mixin.py:188} INFO - [2026-03-23T10:25:10.917+0000] {dag.py:3096} INFO - Sync 1 DAGs
[2026-03-23T10:25:10.933+0000] {logging_mixin.py:188} INFO - [2026-03-23T10:25:10.933+0000] {dag.py:3954} INFO - Setting next_dagrun for tmdb_raw_pipeline to 2026-03-23 00:00:00+00:00, run_after=2026-03-24 00:00:00+00:00
[2026-03-23T10:25:10.943+0000] {processor.py:183} INFO - Processing /opt/airflow/dags/tmdb_daily_dag.py took 0.071 seconds
[2026-03-23T10:25:41.333+0000] {processor.py:161} INFO - Started process (PID=17577) to work on /opt/airflow/dags/tmdb_daily_dag.py
[2026-03-23T10:25:41.334+0000] {processor.py:830} INFO - Processing file /opt/airflow/dags/tmdb_daily_dag.py for tasks to queue
[2026-03-23T10:25:41.335+0000] {logging_mixin.py:188} INFO - [2026-03-23T10:25:41.335+0000] {dagbag.py:545} INFO - Filling up the DagBag from /opt/airflow/dags/tmdb_daily_dag.py
[2026-03-23T10:25:41.347+0000] {processor.py:840} INFO - DAG(s) 'tmdb_raw_pipeline' retrieved from /opt/airflow/dags/tmdb_daily_dag.py
[2026-03-23T10:25:41.370+0000] {logging_mixin.py:188} INFO - [2026-03-23T10:25:41.370+0000] {dag.py:3096} INFO - Sync 1 DAGs
[2026-03-23T10:25:41.394+0000] {logging_mixin.py:188} INFO - [2026-03-23T10:25:41.393+0000] {dag.py:3954} INFO - Setting next_dagrun for tmdb_raw_pipeline to 2026-03-23 00:00:00+00:00, run_after=2026-03-24 00:00:00+00:00
[2026-03-23T10:25:41.411+0000] {processor.py:183} INFO - Processing /opt/airflow/dags/tmdb_daily_dag.py took 0.082 seconds
[2026-03-23T10:26:11.952+0000] {processor.py:161} INFO - Started process (PID=17597) to work on /opt/airflow/dags/tmdb_daily_dag.py
[2026-03-23T10:26:11.953+0000] {processor.py:830} INFO - Processing file /opt/airflow/dags/tmdb_daily_dag.py for tasks to queue
[2026-03-23T10:26:11.954+0000] {logging_mixin.py:188} INFO - [2026-03-23T10:26:11.954+0000] {dagbag.py:545} INFO - Filling up the DagBag from /opt/airflow/dags/tmdb_daily_dag.py
[2026-03-23T10:26:11.963+0000] {processor.py:840} INFO - DAG(s) 'tmdb_raw_pipeline' retrieved from /opt/airflow/dags/tmdb_daily_dag.py
[2026-03-23T10:26:11.979+0000] {logging_mixin.py:188} INFO - [2026-03-23T10:26:11.979+0000] {dag.py:3096} INFO - Sync 1 DAGs
[2026-03-23T10:26:11.991+0000] {logging_mixin.py:188} INFO - [2026-03-23T10:26:11.991+0000] {dag.py:3954} INFO - Setting next_dagrun for tmdb_raw_pipeline to 2026-03-23 00:00:00+00:00, run_after=2026-03-24 00:00:00+00:00
[2026-03-23T10:26:12.173+0000] {processor.py:183} INFO - Processing /opt/airflow/dags/tmdb_daily_dag.py took 0.228 seconds
[2026-03-23T10:26:42.729+0000] {processor.py:161} INFO - Started process (PID=17617) to work on /opt/airflow/dags/tmdb_daily_dag.py
[2026-03-23T10:26:42.733+0000] {processor.py:830} INFO - Processing file /opt/airflow/dags/tmdb_daily_dag.py for tasks to queue
[2026-03-23T10:26:42.735+0000] {logging_mixin.py:188} INFO - [2026-03-23T10:26:42.734+0000] {dagbag.py:545} INFO - Filling up the DagBag from /opt/airflow/dags/tmdb_daily_dag.py
[2026-03-23T10:26:42.748+0000] {processor.py:840} INFO - DAG(s) 'tmdb_raw_pipeline' retrieved from /opt/airflow/dags/tmdb_daily_dag.py
[2026-03-23T10:26:42.766+0000] {logging_mixin.py:188} INFO - [2026-03-23T10:26:42.766+0000] {dag.py:3096} INFO - Sync 1 DAGs
[2026-03-23T10:26:42.862+0000] {logging_mixin.py:188} INFO - [2026-03-23T10:26:42.862+0000] {dag.py:3954} INFO - Setting next_dagrun for tmdb_raw_pipeline to 2026-03-23 00:00:00+00:00, run_after=2026-03-24 00:00:00+00:00
[2026-03-23T10:26:42.875+0000] {processor.py:183} INFO - Processing /opt/airflow/dags/tmdb_daily_dag.py took 0.152 seconds
[2026-03-23T10:27:13.379+0000] {processor.py:161} INFO - Started process (PID=17637) to work on /opt/airflow/dags/tmdb_daily_dag.py
[2026-03-23T10:27:13.382+0000] {processor.py:830} INFO - Processing file /opt/airflow/dags/tmdb_daily_dag.py for tasks to queue
[2026-03-23T10:27:13.382+0000] {logging_mixin.py:188} INFO - [2026-03-23T10:27:13.382+0000] {dagbag.py:545} INFO - Filling up the DagBag from /opt/airflow/dags/tmdb_daily_dag.py
[2026-03-23T10:27:13.397+0000] {processor.py:840} INFO - DAG(s) 'tmdb_raw_pipeline' retrieved from /opt/airflow/dags/tmdb_daily_dag.py
[2026-03-23T10:27:13.416+0000] {logging_mixin.py:188} INFO - [2026-03-23T10:27:13.416+0000] {dag.py:3096} INFO - Sync 1 DAGs
[2026-03-23T10:27:13.439+0000] {logging_mixin.py:188} INFO - [2026-03-23T10:27:13.439+0000] {dag.py:3954} INFO - Setting next_dagrun for tmdb_raw_pipeline to 2026-03-23 00:00:00+00:00, run_after=2026-03-24 00:00:00+00:00
[2026-03-23T10:27:13.452+0000] {processor.py:183} INFO - Processing /opt/airflow/dags/tmdb_daily_dag.py took 0.086 seconds
[2026-03-23T10:27:43.804+0000] {processor.py:161} INFO - Started process (PID=17657) to work on /opt/airflow/dags/tmdb_daily_dag.py
[2026-03-23T10:27:43.806+0000] {processor.py:830} INFO - Processing file /opt/airflow/dags/tmdb_daily_dag.py for tasks to queue
[2026-03-23T10:27:43.807+0000] {logging_mixin.py:188} INFO - [2026-03-23T10:27:43.807+0000] {dagbag.py:545} INFO - Filling up the DagBag from /opt/airflow/dags/tmdb_daily_dag.py
[2026-03-23T10:27:43.820+0000] {processor.py:840} INFO - DAG(s) 'tmdb_raw_pipeline' retrieved from /opt/airflow/dags/tmdb_daily_dag.py
[2026-03-23T10:27:43.843+0000] {logging_mixin.py:188} INFO - [2026-03-23T10:27:43.842+0000] {dag.py:3096} INFO - Sync 1 DAGs
[2026-03-23T10:27:43.860+0000] {logging_mixin.py:188} INFO - [2026-03-23T10:27:43.859+0000] {dag.py:3954} INFO - Setting next_dagrun for tmdb_raw_pipeline to 2026-03-23 00:00:00+00:00, run_after=2026-03-24 00:00:00+00:00
[2026-03-23T10:27:43.868+0000] {processor.py:183} INFO - Processing /opt/airflow/dags/tmdb_daily_dag.py took 0.072 seconds
[2026-03-23T10:28:14.247+0000] {processor.py:161} INFO - Started process (PID=17677) to work on /opt/airflow/dags/tmdb_daily_dag.py
[2026-03-23T10:28:14.251+0000] {processor.py:830} INFO - Processing file /opt/airflow/dags/tmdb_daily_dag.py for tasks to queue
[2026-03-23T10:28:14.251+0000] {logging_mixin.py:188} INFO - [2026-03-23T10:28:14.251+0000] {dagbag.py:545} INFO - Filling up the DagBag from /opt/airflow/dags/tmdb_daily_dag.py
[2026-03-23T10:28:14.272+0000] {processor.py:840} INFO - DAG(s) 'tmdb_raw_pipeline' retrieved from /opt/airflow/dags/tmdb_daily_dag.py
[2026-03-23T10:28:14.295+0000] {logging_mixin.py:188} INFO - [2026-03-23T10:28:14.295+0000] {dag.py:3096} INFO - Sync 1 DAGs
[2026-03-23T10:28:14.318+0000] {logging_mixin.py:188} INFO - [2026-03-23T10:28:14.318+0000] {dag.py:3954} INFO - Setting next_dagrun for tmdb_raw_pipeline to 2026-03-23 00:00:00+00:00, run_after=2026-03-24 00:00:00+00:00
[2026-03-23T10:28:14.480+0000] {processor.py:183} INFO - Processing /opt/airflow/dags/tmdb_daily_dag.py took 0.246 seconds
[2026-03-23T10:28:44.773+0000] {processor.py:161} INFO - Started process (PID=17697) to work on /opt/airflow/dags/tmdb_daily_dag.py
[2026-03-23T10:28:44.775+0000] {processor.py:830} INFO - Processing file /opt/airflow/dags/tmdb_daily_dag.py for tasks to queue
[2026-03-23T10:28:44.776+0000] {logging_mixin.py:188} INFO - [2026-03-23T10:28:44.776+0000] {dagbag.py:545} INFO - Filling up the DagBag from /opt/airflow/dags/tmdb_daily_dag.py
[2026-03-23T10:28:44.787+0000] {processor.py:840} INFO - DAG(s) 'tmdb_raw_pipeline' retrieved from /opt/airflow/dags/tmdb_daily_dag.py
[2026-03-23T10:28:44.803+0000] {logging_mixin.py:188} INFO - [2026-03-23T10:28:44.803+0000] {dag.py:3096} INFO - Sync 1 DAGs
[2026-03-23T10:28:44.905+0000] {logging_mixin.py:188} INFO - [2026-03-23T10:28:44.905+0000] {dag.py:3954} INFO - Setting next_dagrun for tmdb_raw_pipeline to 2026-03-23 00:00:00+00:00, run_after=2026-03-24 00:00:00+00:00
[2026-03-23T10:28:44.917+0000] {processor.py:183} INFO - Processing /opt/airflow/dags/tmdb_daily_dag.py took 0.149 seconds
[2026-03-23T10:29:15.615+0000] {processor.py:161} INFO - Started process (PID=17717) to work on /opt/airflow/dags/tmdb_daily_dag.py
[2026-03-23T10:29:15.617+0000] {processor.py:830} INFO - Processing file /opt/airflow/dags/tmdb_daily_dag.py for tasks to queue
[2026-03-23T10:29:15.618+0000] {logging_mixin.py:188} INFO - [2026-03-23T10:29:15.617+0000] {dagbag.py:545} INFO - Filling up the DagBag from /opt/airflow/dags/tmdb_daily_dag.py
[2026-03-23T10:29:15.701+0000] {processor.py:840} INFO - DAG(s) 'tmdb_raw_pipeline' retrieved from /opt/airflow/dags/tmdb_daily_dag.py
[2026-03-23T10:29:15.712+0000] {logging_mixin.py:188} INFO - [2026-03-23T10:29:15.712+0000] {dag.py:3096} INFO - Sync 1 DAGs
[2026-03-23T10:29:15.721+0000] {logging_mixin.py:188} INFO - [2026-03-23T10:29:15.721+0000] {dag.py:3954} INFO - Setting next_dagrun for tmdb_raw_pipeline to 2026-03-23 00:00:00+00:00, run_after=2026-03-24 00:00:00+00:00
[2026-03-23T10:29:15.732+0000] {processor.py:183} INFO - Processing /opt/airflow/dags/tmdb_daily_dag.py took 0.127 seconds
[2026-03-23T10:29:46.289+0000] {processor.py:161} INFO - Started process (PID=17737) to work on /opt/airflow/dags/tmdb_daily_dag.py
[2026-03-23T10:29:46.292+0000] {processor.py:830} INFO - Processing file /opt/airflow/dags/tmdb_daily_dag.py for tasks to queue
[2026-03-23T10:29:46.292+0000] {logging_mixin.py:188} INFO - [2026-03-23T10:29:46.292+0000] {dagbag.py:545} INFO - Filling up the DagBag from /opt/airflow/dags/tmdb_daily_dag.py
[2026-03-23T10:29:46.308+0000] {processor.py:840} INFO - DAG(s) 'tmdb_raw_pipeline' retrieved from /opt/airflow/dags/tmdb_daily_dag.py
[2026-03-23T10:29:46.334+0000] {logging_mixin.py:188} INFO - [2026-03-23T10:29:46.334+0000] {dag.py:3096} INFO - Sync 1 DAGs
[2026-03-23T10:29:46.354+0000] {logging_mixin.py:188} INFO - [2026-03-23T10:29:46.354+0000] {dag.py:3954} INFO - Setting next_dagrun for tmdb_raw_pipeline to 2026-03-23 00:00:00+00:00, run_after=2026-03-24 00:00:00+00:00
[2026-03-23T10:29:46.370+0000] {processor.py:183} INFO - Processing /opt/airflow/dags/tmdb_daily_dag.py took 0.108 seconds
[2026-03-23T10:30:16.789+0000] {processor.py:161} INFO - Started process (PID=17757) to work on /opt/airflow/dags/tmdb_daily_dag.py
[2026-03-23T10:30:16.791+0000] {processor.py:830} INFO - Processing file /opt/airflow/dags/tmdb_daily_dag.py for tasks to queue
[2026-03-23T10:30:16.792+0000] {logging_mixin.py:188} INFO - [2026-03-23T10:30:16.791+0000] {dagbag.py:545} INFO - Filling up the DagBag from /opt/airflow/dags/tmdb_daily_dag.py
[2026-03-23T10:30:16.811+0000] {processor.py:840} INFO - DAG(s) 'tmdb_raw_pipeline' retrieved from /opt/airflow/dags/tmdb_daily_dag.py
[2026-03-23T10:30:16.841+0000] {logging_mixin.py:188} INFO - [2026-03-23T10:30:16.841+0000] {dag.py:3096} INFO - Sync 1 DAGs
[2026-03-23T10:30:16.863+0000] {logging_mixin.py:188} INFO - [2026-03-23T10:30:16.863+0000] {dag.py:3954} INFO - Setting next_dagrun for tmdb_raw_pipeline to 2026-03-23 00:00:00+00:00, run_after=2026-03-24 00:00:00+00:00
[2026-03-23T10:30:16.879+0000] {processor.py:183} INFO - Processing /opt/airflow/dags/tmdb_daily_dag.py took 0.097 seconds
[2026-03-23T10:30:47.414+0000] {processor.py:161} INFO - Started process (PID=17777) to work on /opt/airflow/dags/tmdb_daily_dag.py
[2026-03-23T10:30:47.417+0000] {processor.py:830} INFO - Processing file /opt/airflow/dags/tmdb_daily_dag.py for tasks to queue
[2026-03-23T10:30:47.418+0000] {logging_mixin.py:188} INFO - [2026-03-23T10:30:47.418+0000] {dagbag.py:545} INFO - Filling up the DagBag from /opt/airflow/dags/tmdb_daily_dag.py
[2026-03-23T10:30:47.432+0000] {processor.py:840} INFO - DAG(s) 'tmdb_raw_pipeline' retrieved from /opt/airflow/dags/tmdb_daily_dag.py
[2026-03-23T10:30:47.449+0000] {logging_mixin.py:188} INFO - [2026-03-23T10:30:47.449+0000] {dag.py:3096} INFO - Sync 1 DAGs
[2026-03-23T10:30:47.466+0000] {logging_mixin.py:188} INFO - [2026-03-23T10:30:47.466+0000] {dag.py:3954} INFO - Setting next_dagrun for tmdb_raw_pipeline to 2026-03-23 00:00:00+00:00, run_after=2026-03-24 00:00:00+00:00
[2026-03-23T10:30:47.475+0000] {processor.py:183} INFO - Processing /opt/airflow/dags/tmdb_daily_dag.py took 0.065 seconds
[2026-03-23T10:31:17.816+0000] {processor.py:161} INFO - Started process (PID=17797) to work on /opt/airflow/dags/tmdb_daily_dag.py
[2026-03-23T10:31:17.818+0000] {processor.py:830} INFO - Processing file /opt/airflow/dags/tmdb_daily_dag.py for tasks to queue
[2026-03-23T10:31:17.819+0000] {logging_mixin.py:188} INFO - [2026-03-23T10:31:17.819+0000] {dagbag.py:545} INFO - Filling up the DagBag from /opt/airflow/dags/tmdb_daily_dag.py
[2026-03-23T10:31:17.836+0000] {processor.py:840} INFO - DAG(s) 'tmdb_raw_pipeline' retrieved from /opt/airflow/dags/tmdb_daily_dag.py
[2026-03-23T10:31:17.856+0000] {logging_mixin.py:188} INFO - [2026-03-23T10:31:17.856+0000] {dag.py:3096} INFO - Sync 1 DAGs
[2026-03-23T10:31:17.879+0000] {logging_mixin.py:188} INFO - [2026-03-23T10:31:17.879+0000] {dag.py:3954} INFO - Setting next_dagrun for tmdb_raw_pipeline to 2026-03-23 00:00:00+00:00, run_after=2026-03-24 00:00:00+00:00
[2026-03-23T10:31:17.898+0000] {processor.py:183} INFO - Processing /opt/airflow/dags/tmdb_daily_dag.py took 0.086 seconds
[2026-03-23T10:31:48.434+0000] {processor.py:161} INFO - Started process (PID=17817) to work on /opt/airflow/dags/tmdb_daily_dag.py
[2026-03-23T10:31:48.435+0000] {processor.py:830} INFO - Processing file /opt/airflow/dags/tmdb_daily_dag.py for tasks to queue
[2026-03-23T10:31:48.436+0000] {logging_mixin.py:188} INFO - [2026-03-23T10:31:48.436+0000] {dagbag.py:545} INFO - Filling up the DagBag from /opt/airflow/dags/tmdb_daily_dag.py
[2026-03-23T10:31:48.446+0000] {processor.py:840} INFO - DAG(s) 'tmdb_raw_pipeline' retrieved from /opt/airflow/dags/tmdb_daily_dag.py
[2026-03-23T10:31:48.467+0000] {logging_mixin.py:188} INFO - [2026-03-23T10:31:48.467+0000] {dag.py:3096} INFO - Sync 1 DAGs
[2026-03-23T10:31:48.483+0000] {logging_mixin.py:188} INFO - [2026-03-23T10:31:48.482+0000] {dag.py:3954} INFO - Setting next_dagrun for tmdb_raw_pipeline to 2026-03-23 00:00:00+00:00, run_after=2026-03-24 00:00:00+00:00
[2026-03-23T10:31:48.495+0000] {processor.py:183} INFO - Processing /opt/airflow/dags/tmdb_daily_dag.py took 0.070 seconds
[2026-03-23T10:32:19.017+0000] {processor.py:161} INFO - Started process (PID=17837) to work on /opt/airflow/dags/tmdb_daily_dag.py
[2026-03-23T10:32:19.018+0000] {processor.py:830} INFO - Processing file /opt/airflow/dags/tmdb_daily_dag.py for tasks to queue
[2026-03-23T10:32:19.019+0000] {logging_mixin.py:188} INFO - [2026-03-23T10:32:19.019+0000] {dagbag.py:545} INFO - Filling up the DagBag from /opt/airflow/dags/tmdb_daily_dag.py
[2026-03-23T10:32:19.026+0000] {processor.py:840} INFO - DAG(s) 'tmdb_raw_pipeline' retrieved from /opt/airflow/dags/tmdb_daily_dag.py
[2026-03-23T10:32:19.044+0000] {logging_mixin.py:188} INFO - [2026-03-23T10:32:19.044+0000] {dag.py:3096} INFO - Sync 1 DAGs
[2026-03-23T10:32:19.055+0000] {logging_mixin.py:188} INFO - [2026-03-23T10:32:19.055+0000] {dag.py:3954} INFO - Setting next_dagrun for tmdb_raw_pipeline to 2026-03-23 00:00:00+00:00, run_after=2026-03-24 00:00:00+00:00
[2026-03-23T10:32:19.066+0000] {processor.py:183} INFO - Processing /opt/airflow/dags/tmdb_daily_dag.py took 0.052 seconds
[2026-03-23T10:32:49.550+0000] {processor.py:161} INFO - Started process (PID=17857) to work on /opt/airflow/dags/tmdb_daily_dag.py
[2026-03-23T10:32:49.552+0000] {processor.py:830} INFO - Processing file /opt/airflow/dags/tmdb_daily_dag.py for tasks to queue
[2026-03-23T10:32:49.553+0000] {logging_mixin.py:188} INFO - [2026-03-23T10:32:49.553+0000] {dagbag.py:545} INFO - Filling up the DagBag from /opt/airflow/dags/tmdb_daily_dag.py
[2026-03-23T10:32:49.567+0000] {processor.py:840} INFO - DAG(s) 'tmdb_raw_pipeline' retrieved from /opt/airflow/dags/tmdb_daily_dag.py
[2026-03-23T10:32:49.586+0000] {logging_mixin.py:188} INFO - [2026-03-23T10:32:49.585+0000] {dag.py:3096} INFO - Sync 1 DAGs
[2026-03-23T10:32:49.608+0000] {logging_mixin.py:188} INFO - [2026-03-23T10:32:49.607+0000] {dag.py:3954} INFO - Setting next_dagrun for tmdb_raw_pipeline to 2026-03-23 00:00:00+00:00, run_after=2026-03-24 00:00:00+00:00
[2026-03-23T10:32:49.622+0000] {processor.py:183} INFO - Processing /opt/airflow/dags/tmdb_daily_dag.py took 0.077 seconds
[2026-03-23T10:33:19.986+0000] {processor.py:161} INFO - Started process (PID=17877) to work on /opt/airflow/dags/tmdb_daily_dag.py
[2026-03-23T10:33:19.988+0000] {processor.py:830} INFO - Processing file /opt/airflow/dags/tmdb_daily_dag.py for tasks to queue
[2026-03-23T10:33:19.989+0000] {logging_mixin.py:188} INFO - [2026-03-23T10:33:19.988+0000] {dagbag.py:545} INFO - Filling up the DagBag from /opt/airflow/dags/tmdb_daily_dag.py
[2026-03-23T10:33:20.002+0000] {processor.py:840} INFO - DAG(s) 'tmdb_raw_pipeline' retrieved from /opt/airflow/dags/tmdb_daily_dag.py
[2026-03-23T10:33:20.021+0000] {logging_mixin.py:188} INFO - [2026-03-23T10:33:20.021+0000] {dag.py:3096} INFO - Sync 1 DAGs
[2026-03-23T10:33:20.045+0000] {logging_mixin.py:188} INFO - [2026-03-23T10:33:20.045+0000] {dag.py:3954} INFO - Setting next_dagrun for tmdb_raw_pipeline to 2026-03-23 00:00:00+00:00, run_after=2026-03-24 00:00:00+00:00
[2026-03-23T10:33:20.063+0000] {processor.py:183} INFO - Processing /opt/airflow/dags/tmdb_daily_dag.py took 0.085 seconds
[2026-03-23T10:33:50.484+0000] {processor.py:161} INFO - Started process (PID=17897) to work on /opt/airflow/dags/tmdb_daily_dag.py
[2026-03-23T10:33:50.486+0000] {processor.py:830} INFO - Processing file /opt/airflow/dags/tmdb_daily_dag.py for tasks to queue
[2026-03-23T10:33:50.486+0000] {logging_mixin.py:188} INFO - [2026-03-23T10:33:50.486+0000] {dagbag.py:545} INFO - Filling up the DagBag from /opt/airflow/dags/tmdb_daily_dag.py
[2026-03-23T10:33:50.501+0000] {processor.py:840} INFO - DAG(s) 'tmdb_raw_pipeline' retrieved from /opt/airflow/dags/tmdb_daily_dag.py
[2026-03-23T10:33:50.541+0000] {logging_mixin.py:188} INFO - [2026-03-23T10:33:50.541+0000] {dag.py:3096} INFO - Sync 1 DAGs
[2026-03-23T10:33:50.561+0000] {logging_mixin.py:188} INFO - [2026-03-23T10:33:50.561+0000] {dag.py:3954} INFO - Setting next_dagrun for tmdb_raw_pipeline to 2026-03-23 00:00:00+00:00, run_after=2026-03-24 00:00:00+00:00
[2026-03-23T10:33:50.570+0000] {processor.py:183} INFO - Processing /opt/airflow/dags/tmdb_daily_dag.py took 0.091 seconds
[2026-03-23T10:34:21.102+0000] {processor.py:161} INFO - Started process (PID=17917) to work on /opt/airflow/dags/tmdb_daily_dag.py
[2026-03-23T10:34:21.104+0000] {processor.py:830} INFO - Processing file /opt/airflow/dags/tmdb_daily_dag.py for tasks to queue
[2026-03-23T10:34:21.105+0000] {logging_mixin.py:188} INFO - [2026-03-23T10:34:21.105+0000] {dagbag.py:545} INFO - Filling up the DagBag from /opt/airflow/dags/tmdb_daily_dag.py
[2026-03-23T10:34:21.118+0000] {processor.py:840} INFO - DAG(s) 'tmdb_raw_pipeline' retrieved from /opt/airflow/dags/tmdb_daily_dag.py
[2026-03-23T10:34:21.136+0000] {logging_mixin.py:188} INFO - [2026-03-23T10:34:21.136+0000] {dag.py:3096} INFO - Sync 1 DAGs
[2026-03-23T10:34:21.155+0000] {logging_mixin.py:188} INFO - [2026-03-23T10:34:21.154+0000] {dag.py:3954} INFO - Setting next_dagrun for tmdb_raw_pipeline to 2026-03-23 00:00:00+00:00, run_after=2026-03-24 00:00:00+00:00
[2026-03-23T10:34:21.164+0000] {processor.py:183} INFO - Processing /opt/airflow/dags/tmdb_daily_dag.py took 0.067 seconds
[2026-03-23T10:34:51.659+0000] {processor.py:161} INFO - Started process (PID=17937) to work on /opt/airflow/dags/tmdb_daily_dag.py
[2026-03-23T10:34:51.662+0000] {processor.py:830} INFO - Processing file /opt/airflow/dags/tmdb_daily_dag.py for tasks to queue
[2026-03-23T10:34:51.662+0000] {logging_mixin.py:188} INFO - [2026-03-23T10:34:51.662+0000] {dagbag.py:545} INFO - Filling up the DagBag from /opt/airflow/dags/tmdb_daily_dag.py
[2026-03-23T10:34:51.676+0000] {processor.py:840} INFO - DAG(s) 'tmdb_raw_pipeline' retrieved from /opt/airflow/dags/tmdb_daily_dag.py
[2026-03-23T10:34:51.692+0000] {logging_mixin.py:188} INFO - [2026-03-23T10:34:51.692+0000] {dag.py:3096} INFO - Sync 1 DAGs
[2026-03-23T10:34:51.703+0000] {logging_mixin.py:188} INFO - [2026-03-23T10:34:51.702+0000] {dag.py:3954} INFO - Setting next_dagrun for tmdb_raw_pipeline to 2026-03-23 00:00:00+00:00, run_after=2026-03-24 00:00:00+00:00
[2026-03-23T10:34:51.713+0000] {processor.py:183} INFO - Processing /opt/airflow/dags/tmdb_daily_dag.py took 0.061 seconds
[2026-03-23T10:35:22.087+0000] {processor.py:161} INFO - Started process (PID=17957) to work on /opt/airflow/dags/tmdb_daily_dag.py
[2026-03-23T10:35:22.090+0000] {processor.py:830} INFO - Processing file /opt/airflow/dags/tmdb_daily_dag.py for tasks to queue
[2026-03-23T10:35:22.092+0000] {logging_mixin.py:188} INFO - [2026-03-23T10:35:22.091+0000] {dagbag.py:545} INFO - Filling up the DagBag from /opt/airflow/dags/tmdb_daily_dag.py
[2026-03-23T10:35:22.111+0000] {processor.py:840} INFO - DAG(s) 'tmdb_raw_pipeline' retrieved from /opt/airflow/dags/tmdb_daily_dag.py
[2026-03-23T10:35:22.134+0000] {logging_mixin.py:188} INFO - [2026-03-23T10:35:22.134+0000] {dag.py:3096} INFO - Sync 1 DAGs
[2026-03-23T10:35:22.161+0000] {logging_mixin.py:188} INFO - [2026-03-23T10:35:22.161+0000] {dag.py:3954} INFO - Setting next_dagrun for tmdb_raw_pipeline to 2026-03-23 00:00:00+00:00, run_after=2026-03-24 00:00:00+00:00
[2026-03-23T10:35:22.176+0000] {processor.py:183} INFO - Processing /opt/airflow/dags/tmdb_daily_dag.py took 0.097 seconds
[2026-03-23T10:35:52.716+0000] {processor.py:161} INFO - Started process (PID=17977) to work on /opt/airflow/dags/tmdb_daily_dag.py
[2026-03-23T10:35:52.718+0000] {processor.py:830} INFO - Processing file /opt/airflow/dags/tmdb_daily_dag.py for tasks to queue
[2026-03-23T10:35:52.719+0000] {logging_mixin.py:188} INFO - [2026-03-23T10:35:52.718+0000] {dagbag.py:545} INFO - Filling up the DagBag from /opt/airflow/dags/tmdb_daily_dag.py
[2026-03-23T10:35:52.735+0000] {processor.py:840} INFO - DAG(s) 'tmdb_raw_pipeline' retrieved from /opt/airflow/dags/tmdb_daily_dag.py
[2026-03-23T10:35:52.761+0000] {logging_mixin.py:188} INFO - [2026-03-23T10:35:52.761+0000] {dag.py:3096} INFO - Sync 1 DAGs
[2026-03-23T10:35:52.776+0000] {logging_mixin.py:188} INFO - [2026-03-23T10:35:52.775+0000] {dag.py:3954} INFO - Setting next_dagrun for tmdb_raw_pipeline to 2026-03-23 00:00:00+00:00, run_after=2026-03-24 00:00:00+00:00
[2026-03-23T10:35:52.787+0000] {processor.py:183} INFO - Processing /opt/airflow/dags/tmdb_daily_dag.py took 0.080 seconds
[2026-03-23T10:36:23.217+0000] {processor.py:161} INFO - Started process (PID=17997) to work on /opt/airflow/dags/tmdb_daily_dag.py
[2026-03-23T10:36:23.219+0000] {processor.py:830} INFO - Processing file /opt/airflow/dags/tmdb_daily_dag.py for tasks to queue
[2026-03-23T10:36:23.221+0000] {logging_mixin.py:188} INFO - [2026-03-23T10:36:23.220+0000] {dagbag.py:545} INFO - Filling up the DagBag from /opt/airflow/dags/tmdb_daily_dag.py
[2026-03-23T10:36:23.237+0000] {processor.py:840} INFO - DAG(s) 'tmdb_raw_pipeline' retrieved from /opt/airflow/dags/tmdb_daily_dag.py
[2026-03-23T10:36:23.265+0000] {logging_mixin.py:188} INFO - [2026-03-23T10:36:23.265+0000] {dag.py:3096} INFO - Sync 1 DAGs
[2026-03-23T10:36:23.291+0000] {logging_mixin.py:188} INFO - [2026-03-23T10:36:23.290+0000] {dag.py:3954} INFO - Setting next_dagrun for tmdb_raw_pipeline to 2026-03-23 00:00:00+00:00, run_after=2026-03-24 00:00:00+00:00
[2026-03-23T10:36:23.304+0000] {processor.py:183} INFO - Processing /opt/airflow/dags/tmdb_daily_dag.py took 0.093 seconds
[2026-03-23T10:36:53.758+0000] {processor.py:161} INFO - Started process (PID=18017) to work on /opt/airflow/dags/tmdb_daily_dag.py
[2026-03-23T10:36:53.761+0000] {processor.py:830} INFO - Processing file /opt/airflow/dags/tmdb_daily_dag.py for tasks to queue
[2026-03-23T10:36:53.761+0000] {logging_mixin.py:188} INFO - [2026-03-23T10:36:53.761+0000] {dagbag.py:545} INFO - Filling up the DagBag from /opt/airflow/dags/tmdb_daily_dag.py
[2026-03-23T10:36:53.776+0000] {processor.py:840} INFO - DAG(s) 'tmdb_raw_pipeline' retrieved from /opt/airflow/dags/tmdb_daily_dag.py
[2026-03-23T10:36:53.790+0000] {logging_mixin.py:188} INFO - [2026-03-23T10:36:53.789+0000] {dag.py:3096} INFO - Sync 1 DAGs
[2026-03-23T10:36:53.806+0000] {logging_mixin.py:188} INFO - [2026-03-23T10:36:53.806+0000] {dag.py:3954} INFO - Setting next_dagrun for tmdb_raw_pipeline to 2026-03-23 00:00:00+00:00, run_after=2026-03-24 00:00:00+00:00
[2026-03-23T10:36:53.822+0000] {processor.py:183} INFO - Processing /opt/airflow/dags/tmdb_daily_dag.py took 0.069 seconds
[2026-03-23T10:37:24.305+0000] {processor.py:161} INFO - Started process (PID=18037) to work on /opt/airflow/dags/tmdb_daily_dag.py
[2026-03-23T10:37:24.307+0000] {processor.py:830} INFO - Processing file /opt/airflow/dags/tmdb_daily_dag.py for tasks to queue
[2026-03-23T10:37:24.308+0000] {logging_mixin.py:188} INFO - [2026-03-23T10:37:24.307+0000] {dagbag.py:545} INFO - Filling up the DagBag from /opt/airflow/dags/tmdb_daily_dag.py
[2026-03-23T10:37:24.357+0000] {processor.py:840} INFO - DAG(s) 'tmdb_raw_pipeline' retrieved from /opt/airflow/dags/tmdb_daily_dag.py
[2026-03-23T10:37:24.393+0000] {logging_mixin.py:188} INFO - [2026-03-23T10:37:24.392+0000] {dag.py:3096} INFO - Sync 1 DAGs
[2026-03-23T10:37:24.472+0000] {logging_mixin.py:188} INFO - [2026-03-23T10:37:24.471+0000] {dag.py:3954} INFO - Setting next_dagrun for tmdb_raw_pipeline to 2026-03-23 00:00:00+00:00, run_after=2026-03-24 00:00:00+00:00
[2026-03-23T10:37:24.497+0000] {processor.py:183} INFO - Processing /opt/airflow/dags/tmdb_daily_dag.py took 0.201 seconds
[2026-03-23T10:37:54.914+0000] {processor.py:161} INFO - Started process (PID=18057) to work on /opt/airflow/dags/tmdb_daily_dag.py
[2026-03-23T10:37:54.916+0000] {processor.py:830} INFO - Processing file /opt/airflow/dags/tmdb_daily_dag.py for tasks to queue
[2026-03-23T10:37:54.917+0000] {logging_mixin.py:188} INFO - [2026-03-23T10:37:54.917+0000] {dagbag.py:545} INFO - Filling up the DagBag from /opt/airflow/dags/tmdb_daily_dag.py
[2026-03-23T10:37:54.933+0000] {processor.py:840} INFO - DAG(s) 'tmdb_raw_pipeline' retrieved from /opt/airflow/dags/tmdb_daily_dag.py
[2026-03-23T10:37:54.952+0000] {logging_mixin.py:188} INFO - [2026-03-23T10:37:54.951+0000] {dag.py:3096} INFO - Sync 1 DAGs
[2026-03-23T10:37:54.974+0000] {logging_mixin.py:188} INFO - [2026-03-23T10:37:54.974+0000] {dag.py:3954} INFO - Setting next_dagrun for tmdb_raw_pipeline to 2026-03-23 00:00:00+00:00, run_after=2026-03-24 00:00:00+00:00
[2026-03-23T10:37:54.986+0000] {processor.py:183} INFO - Processing /opt/airflow/dags/tmdb_daily_dag.py took 0.077 seconds
[2026-03-23T10:38:25.478+0000] {processor.py:161} INFO - Started process (PID=18077) to work on /opt/airflow/dags/tmdb_daily_dag.py
[2026-03-23T10:38:25.480+0000] {processor.py:830} INFO - Processing file /opt/airflow/dags/tmdb_daily_dag.py for tasks to queue
[2026-03-23T10:38:25.481+0000] {logging_mixin.py:188} INFO - [2026-03-23T10:38:25.480+0000] {dagbag.py:545} INFO - Filling up the DagBag from /opt/airflow/dags/tmdb_daily_dag.py
[2026-03-23T10:38:25.490+0000] {processor.py:840} INFO - DAG(s) 'tmdb_raw_pipeline' retrieved from /opt/airflow/dags/tmdb_daily_dag.py
[2026-03-23T10:38:25.507+0000] {logging_mixin.py:188} INFO - [2026-03-23T10:38:25.506+0000] {dag.py:3096} INFO - Sync 1 DAGs
[2026-03-23T10:38:25.522+0000] {logging_mixin.py:188} INFO - [2026-03-23T10:38:25.522+0000] {dag.py:3954} INFO - Setting next_dagrun for tmdb_raw_pipeline to 2026-03-23 00:00:00+00:00, run_after=2026-03-24 00:00:00+00:00
[2026-03-23T10:38:25.533+0000] {processor.py:183} INFO - Processing /opt/airflow/dags/tmdb_daily_dag.py took 0.062 seconds
[2026-03-23T10:38:56.030+0000] {processor.py:161} INFO - Started process (PID=18097) to work on /opt/airflow/dags/tmdb_daily_dag.py
[2026-03-23T10:38:56.033+0000] {processor.py:830} INFO - Processing file /opt/airflow/dags/tmdb_daily_dag.py for tasks to queue
[2026-03-23T10:38:56.034+0000] {logging_mixin.py:188} INFO - [2026-03-23T10:38:56.034+0000] {dagbag.py:545} INFO - Filling up the DagBag from /opt/airflow/dags/tmdb_daily_dag.py
[2026-03-23T10:38:56.050+0000] {processor.py:840} INFO - DAG(s) 'tmdb_raw_pipeline' retrieved from /opt/airflow/dags/tmdb_daily_dag.py
[2026-03-23T10:38:56.078+0000] {logging_mixin.py:188} INFO - [2026-03-23T10:38:56.078+0000] {dag.py:3096} INFO - Sync 1 DAGs
[2026-03-23T10:38:56.095+0000] {logging_mixin.py:188} INFO - [2026-03-23T10:38:56.095+0000] {dag.py:3954} INFO - Setting next_dagrun for tmdb_raw_pipeline to 2026-03-23 00:00:00+00:00, run_after=2026-03-24 00:00:00+00:00
[2026-03-23T10:38:56.102+0000] {processor.py:183} INFO - Processing /opt/airflow/dags/tmdb_daily_dag.py took 0.078 seconds
[2026-03-23T10:39:26.434+0000] {processor.py:161} INFO - Started process (PID=18117) to work on /opt/airflow/dags/tmdb_daily_dag.py
[2026-03-23T10:39:26.436+0000] {processor.py:830} INFO - Processing file /opt/airflow/dags/tmdb_daily_dag.py for tasks to queue
[2026-03-23T10:39:26.437+0000] {logging_mixin.py:188} INFO - [2026-03-23T10:39:26.437+0000] {dagbag.py:545} INFO - Filling up the DagBag from /opt/airflow/dags/tmdb_daily_dag.py
[2026-03-23T10:39:26.449+0000] {processor.py:840} INFO - DAG(s) 'tmdb_raw_pipeline' retrieved from /opt/airflow/dags/tmdb_daily_dag.py
[2026-03-23T10:39:26.468+0000] {logging_mixin.py:188} INFO - [2026-03-23T10:39:26.468+0000] {dag.py:3096} INFO - Sync 1 DAGs
[2026-03-23T10:39:26.483+0000] {logging_mixin.py:188} INFO - [2026-03-23T10:39:26.483+0000] {dag.py:3954} INFO - Setting next_dagrun for tmdb_raw_pipeline to 2026-03-23 00:00:00+00:00, run_after=2026-03-24 00:00:00+00:00
[2026-03-23T10:39:26.494+0000] {processor.py:183} INFO - Processing /opt/airflow/dags/tmdb_daily_dag.py took 0.063 seconds
[2026-03-23T10:39:56.904+0000] {processor.py:161} INFO - Started process (PID=18137) to work on /opt/airflow/dags/tmdb_daily_dag.py
[2026-03-23T10:39:56.906+0000] {processor.py:830} INFO - Processing file /opt/airflow/dags/tmdb_daily_dag.py for tasks to queue
[2026-03-23T10:39:56.906+0000] {logging_mixin.py:188} INFO - [2026-03-23T10:39:56.906+0000] {dagbag.py:545} INFO - Filling up the DagBag from /opt/airflow/dags/tmdb_daily_dag.py
[2026-03-23T10:39:56.915+0000] {processor.py:840} INFO - DAG(s) 'tmdb_raw_pipeline' retrieved from /opt/airflow/dags/tmdb_daily_dag.py
[2026-03-23T10:39:56.934+0000] {logging_mixin.py:188} INFO - [2026-03-23T10:39:56.934+0000] {dag.py:3096} INFO - Sync 1 DAGs
[2026-03-23T10:39:56.949+0000] {logging_mixin.py:188} INFO - [2026-03-23T10:39:56.949+0000] {dag.py:3954} INFO - Setting next_dagrun for tmdb_raw_pipeline to 2026-03-23 00:00:00+00:00, run_after=2026-03-24 00:00:00+00:00
[2026-03-23T10:39:56.956+0000] {processor.py:183} INFO - Processing /opt/airflow/dags/tmdb_daily_dag.py took 0.080 seconds
[2026-03-23T10:40:27.391+0000] {processor.py:161} INFO - Started process (PID=18157) to work on /opt/airflow/dags/tmdb_daily_dag.py
[2026-03-23T10:40:27.393+0000] {processor.py:830} INFO - Processing file /opt/airflow/dags/tmdb_daily_dag.py for tasks to queue
[2026-03-23T10:40:27.394+0000] {logging_mixin.py:188} INFO - [2026-03-23T10:40:27.394+0000] {dagbag.py:545} INFO - Filling up the DagBag from /opt/airflow/dags/tmdb_daily_dag.py
[2026-03-23T10:40:27.409+0000] {processor.py:840} INFO - DAG(s) 'tmdb_raw_pipeline' retrieved from /opt/airflow/dags/tmdb_daily_dag.py
[2026-03-23T10:40:27.432+0000] {logging_mixin.py:188} INFO - [2026-03-23T10:40:27.432+0000] {dag.py:3096} INFO - Sync 1 DAGs
[2026-03-23T10:40:27.452+0000] {logging_mixin.py:188} INFO - [2026-03-23T10:40:27.451+0000] {dag.py:3954} INFO - Setting next_dagrun for tmdb_raw_pipeline to 2026-03-23 00:00:00+00:00, run_after=2026-03-24 00:00:00+00:00
[2026-03-23T10:40:27.461+0000] {processor.py:183} INFO - Processing /opt/airflow/dags/tmdb_daily_dag.py took 0.076 seconds
[2026-03-23T10:40:57.848+0000] {processor.py:161} INFO - Started process (PID=18177) to work on /opt/airflow/dags/tmdb_daily_dag.py
[2026-03-23T10:40:57.851+0000] {processor.py:830} INFO - Processing file /opt/airflow/dags/tmdb_daily_dag.py for tasks to queue
[2026-03-23T10:40:57.851+0000] {logging_mixin.py:188} INFO - [2026-03-23T10:40:57.851+0000] {dagbag.py:545} INFO - Filling up the DagBag from /opt/airflow/dags/tmdb_daily_dag.py
[2026-03-23T10:40:57.866+0000] {processor.py:840} INFO - DAG(s) 'tmdb_raw_pipeline' retrieved from /opt/airflow/dags/tmdb_daily_dag.py
[2026-03-23T10:40:57.890+0000] {logging_mixin.py:188} INFO - [2026-03-23T10:40:57.890+0000] {dag.py:3096} INFO - Sync 1 DAGs
[2026-03-23T10:40:57.913+0000] {logging_mixin.py:188} INFO - [2026-03-23T10:40:57.913+0000] {dag.py:3954} INFO - Setting next_dagrun for tmdb_raw_pipeline to 2026-03-23 00:00:00+00:00, run_after=2026-03-24 00:00:00+00:00
[2026-03-23T10:40:57.933+0000] {processor.py:183} INFO - Processing /opt/airflow/dags/tmdb_daily_dag.py took 0.090 seconds
[2026-03-23T10:41:28.366+0000] {processor.py:161} INFO - Started process (PID=18197) to work on /opt/airflow/dags/tmdb_daily_dag.py
[2026-03-23T10:41:28.368+0000] {processor.py:830} INFO - Processing file /opt/airflow/dags/tmdb_daily_dag.py for tasks to queue
[2026-03-23T10:41:28.368+0000] {logging_mixin.py:188} INFO - [2026-03-23T10:41:28.368+0000] {dagbag.py:545} INFO - Filling up the DagBag from /opt/airflow/dags/tmdb_daily_dag.py
[2026-03-23T10:41:28.379+0000] {processor.py:840} INFO - DAG(s) 'tmdb_raw_pipeline' retrieved from /opt/airflow/dags/tmdb_daily_dag.py
[2026-03-23T10:41:28.398+0000] {logging_mixin.py:188} INFO - [2026-03-23T10:41:28.398+0000] {dag.py:3096} INFO - Sync 1 DAGs
[2026-03-23T10:41:28.428+0000] {logging_mixin.py:188} INFO - [2026-03-23T10:41:28.428+0000] {dag.py:3954} INFO - Setting next_dagrun for tmdb_raw_pipeline to 2026-03-23 00:00:00+00:00, run_after=2026-03-24 00:00:00+00:00
[2026-03-23T10:41:28.441+0000] {processor.py:183} INFO - Processing /opt/airflow/dags/tmdb_daily_dag.py took 0.080 seconds
[2026-03-23T10:41:58.910+0000] {processor.py:161} INFO - Started process (PID=18217) to work on /opt/airflow/dags/tmdb_daily_dag.py
[2026-03-23T10:41:58.912+0000] {processor.py:830} INFO - Processing file /opt/airflow/dags/tmdb_daily_dag.py for tasks to queue
[2026-03-23T10:41:58.912+0000] {logging_mixin.py:188} INFO - [2026-03-23T10:41:58.912+0000] {dagbag.py:545} INFO - Filling up the DagBag from /opt/airflow/dags/tmdb_daily_dag.py
[2026-03-23T10:41:58.922+0000] {processor.py:840} INFO - DAG(s) 'tmdb_raw_pipeline' retrieved from /opt/airflow/dags/tmdb_daily_dag.py
[2026-03-23T10:41:58.940+0000] {logging_mixin.py:188} INFO - [2026-03-23T10:41:58.937+0000] {dag.py:3096} INFO - Sync 1 DAGs
[2026-03-23T10:41:58.953+0000] {logging_mixin.py:188} INFO - [2026-03-23T10:41:58.953+0000] {dag.py:3954} INFO - Setting next_dagrun for tmdb_raw_pipeline to 2026-03-23 00:00:00+00:00, run_after=2026-03-24 00:00:00+00:00
[2026-03-23T10:41:58.965+0000] {processor.py:183} INFO - Processing /opt/airflow/dags/tmdb_daily_dag.py took 0.058 seconds
[2026-03-23T10:42:29.335+0000] {processor.py:161} INFO - Started process (PID=18237) to work on /opt/airflow/dags/tmdb_daily_dag.py
[2026-03-23T10:42:29.337+0000] {processor.py:830} INFO - Processing file /opt/airflow/dags/tmdb_daily_dag.py for tasks to queue
[2026-03-23T10:42:29.337+0000] {logging_mixin.py:188} INFO - [2026-03-23T10:42:29.337+0000] {dagbag.py:545} INFO - Filling up the DagBag from /opt/airflow/dags/tmdb_daily_dag.py
[2026-03-23T10:42:29.352+0000] {processor.py:840} INFO - DAG(s) 'tmdb_raw_pipeline' retrieved from /opt/airflow/dags/tmdb_daily_dag.py
[2026-03-23T10:42:29.377+0000] {logging_mixin.py:188} INFO - [2026-03-23T10:42:29.377+0000] {dag.py:3096} INFO - Sync 1 DAGs
[2026-03-23T10:42:29.399+0000] {logging_mixin.py:188} INFO - [2026-03-23T10:42:29.399+0000] {dag.py:3954} INFO - Setting next_dagrun for tmdb_raw_pipeline to 2026-03-23 00:00:00+00:00, run_after=2026-03-24 00:00:00+00:00
[2026-03-23T10:42:29.413+0000] {processor.py:183} INFO - Processing /opt/airflow/dags/tmdb_daily_dag.py took 0.082 seconds
[2026-03-23T10:42:59.860+0000] {processor.py:161} INFO - Started process (PID=18257) to work on /opt/airflow/dags/tmdb_daily_dag.py
[2026-03-23T10:42:59.862+0000] {processor.py:830} INFO - Processing file /opt/airflow/dags/tmdb_daily_dag.py for tasks to queue
[2026-03-23T10:42:59.863+0000] {logging_mixin.py:188} INFO - [2026-03-23T10:42:59.863+0000] {dagbag.py:545} INFO - Filling up the DagBag from /opt/airflow/dags/tmdb_daily_dag.py
[2026-03-23T10:42:59.874+0000] {processor.py:840} INFO - DAG(s) 'tmdb_raw_pipeline' retrieved from /opt/airflow/dags/tmdb_daily_dag.py
[2026-03-23T10:42:59.897+0000] {logging_mixin.py:188} INFO - [2026-03-23T10:42:59.897+0000] {dag.py:3096} INFO - Sync 1 DAGs
[2026-03-23T10:42:59.916+0000] {logging_mixin.py:188} INFO - [2026-03-23T10:42:59.916+0000] {dag.py:3954} INFO - Setting next_dagrun for tmdb_raw_pipeline to 2026-03-23 00:00:00+00:00, run_after=2026-03-24 00:00:00+00:00
[2026-03-23T10:42:59.926+0000] {processor.py:183} INFO - Processing /opt/airflow/dags/tmdb_daily_dag.py took 0.071 seconds
[2026-03-23T10:43:30.309+0000] {processor.py:161} INFO - Started process (PID=18277) to work on /opt/airflow/dags/tmdb_daily_dag.py
[2026-03-23T10:43:30.311+0000] {processor.py:830} INFO - Processing file /opt/airflow/dags/tmdb_daily_dag.py for tasks to queue
[2026-03-23T10:43:30.312+0000] {logging_mixin.py:188} INFO - [2026-03-23T10:43:30.312+0000] {dagbag.py:545} INFO - Filling up the DagBag from /opt/airflow/dags/tmdb_daily_dag.py
[2026-03-23T10:43:30.325+0000] {processor.py:840} INFO - DAG(s) 'tmdb_raw_pipeline' retrieved from /opt/airflow/dags/tmdb_daily_dag.py
[2026-03-23T10:43:30.345+0000] {logging_mixin.py:188} INFO - [2026-03-23T10:43:30.345+0000] {dag.py:3096} INFO - Sync 1 DAGs
[2026-03-23T10:43:30.364+0000] {logging_mixin.py:188} INFO - [2026-03-23T10:43:30.364+0000] {dag.py:3954} INFO - Setting next_dagrun for tmdb_raw_pipeline to 2026-03-23 00:00:00+00:00, run_after=2026-03-24 00:00:00+00:00
[2026-03-23T10:43:30.376+0000] {processor.py:183} INFO - Processing /opt/airflow/dags/tmdb_daily_dag.py took 0.072 seconds
[2026-03-23T10:44:00.898+0000] {processor.py:161} INFO - Started process (PID=18297) to work on /opt/airflow/dags/tmdb_daily_dag.py
[2026-03-23T10:44:00.900+0000] {processor.py:830} INFO - Processing file /opt/airflow/dags/tmdb_daily_dag.py for tasks to queue
[2026-03-23T10:44:00.901+0000] {logging_mixin.py:188} INFO - [2026-03-23T10:44:00.901+0000] {dagbag.py:545} INFO - Filling up the DagBag from /opt/airflow/dags/tmdb_daily_dag.py
[2026-03-23T10:44:00.913+0000] {processor.py:840} INFO - DAG(s) 'tmdb_raw_pipeline' retrieved from /opt/airflow/dags/tmdb_daily_dag.py
[2026-03-23T10:44:00.934+0000] {logging_mixin.py:188} INFO - [2026-03-23T10:44:00.931+0000] {dag.py:3096} INFO - Sync 1 DAGs
[2026-03-23T10:44:00.947+0000] {logging_mixin.py:188} INFO - [2026-03-23T10:44:00.947+0000] {dag.py:3954} INFO - Setting next_dagrun for tmdb_raw_pipeline to 2026-03-23 00:00:00+00:00, run_after=2026-03-24 00:00:00+00:00
[2026-03-23T10:44:00.960+0000] {processor.py:183} INFO - Processing /opt/airflow/dags/tmdb_daily_dag.py took 0.069 seconds
[2026-03-23T10:44:31.478+0000] {processor.py:161} INFO - Started process (PID=18317) to work on /opt/airflow/dags/tmdb_daily_dag.py
[2026-03-23T10:44:31.481+0000] {processor.py:830} INFO - Processing file /opt/airflow/dags/tmdb_daily_dag.py for tasks to queue
[2026-03-23T10:44:31.483+0000] {logging_mixin.py:188} INFO - [2026-03-23T10:44:31.482+0000] {dagbag.py:545} INFO - Filling up the DagBag from /opt/airflow/dags/tmdb_daily_dag.py
[2026-03-23T10:44:31.499+0000] {processor.py:840} INFO - DAG(s) 'tmdb_raw_pipeline' retrieved from /opt/airflow/dags/tmdb_daily_dag.py
[2026-03-23T10:44:31.523+0000] {logging_mixin.py:188} INFO - [2026-03-23T10:44:31.523+0000] {dag.py:3096} INFO - Sync 1 DAGs
[2026-03-23T10:44:31.542+0000] {logging_mixin.py:188} INFO - [2026-03-23T10:44:31.541+0000] {dag.py:3954} INFO - Setting next_dagrun for tmdb_raw_pipeline to 2026-03-23 00:00:00+00:00, run_after=2026-03-24 00:00:00+00:00
[2026-03-23T10:44:31.550+0000] {processor.py:183} INFO - Processing /opt/airflow/dags/tmdb_daily_dag.py took 0.081 seconds
[2026-03-23T10:45:02.033+0000] {processor.py:161} INFO - Started process (PID=18337) to work on /opt/airflow/dags/tmdb_daily_dag.py
[2026-03-23T10:45:02.035+0000] {processor.py:830} INFO - Processing file /opt/airflow/dags/tmdb_daily_dag.py for tasks to queue
[2026-03-23T10:45:02.035+0000] {logging_mixin.py:188} INFO - [2026-03-23T10:45:02.035+0000] {dagbag.py:545} INFO - Filling up the DagBag from /opt/airflow/dags/tmdb_daily_dag.py
[2026-03-23T10:45:02.056+0000] {processor.py:840} INFO - DAG(s) 'tmdb_raw_pipeline' retrieved from /opt/airflow/dags/tmdb_daily_dag.py
[2026-03-23T10:45:02.085+0000] {logging_mixin.py:188} INFO - [2026-03-23T10:45:02.085+0000] {dag.py:3096} INFO - Sync 1 DAGs
[2026-03-23T10:45:02.106+0000] {logging_mixin.py:188} INFO - [2026-03-23T10:45:02.106+0000] {dag.py:3954} INFO - Setting next_dagrun for tmdb_raw_pipeline to 2026-03-23 00:00:00+00:00, run_after=2026-03-24 00:00:00+00:00
[2026-03-23T10:45:02.126+0000] {processor.py:183} INFO - Processing /opt/airflow/dags/tmdb_daily_dag.py took 0.100 seconds
[2026-03-23T10:45:32.515+0000] {processor.py:161} INFO - Started process (PID=18357) to work on /opt/airflow/dags/tmdb_daily_dag.py
[2026-03-23T10:45:32.517+0000] {processor.py:830} INFO - Processing file /opt/airflow/dags/tmdb_daily_dag.py for tasks to queue
[2026-03-23T10:45:32.518+0000] {logging_mixin.py:188} INFO - [2026-03-23T10:45:32.517+0000] {dagbag.py:545} INFO - Filling up the DagBag from /opt/airflow/dags/tmdb_daily_dag.py
[2026-03-23T10:45:32.529+0000] {processor.py:840} INFO - DAG(s) 'tmdb_raw_pipeline' retrieved from /opt/airflow/dags/tmdb_daily_dag.py
[2026-03-23T10:45:32.550+0000] {logging_mixin.py:188} INFO - [2026-03-23T10:45:32.550+0000] {dag.py:3096} INFO - Sync 1 DAGs
[2026-03-23T10:45:32.567+0000] {logging_mixin.py:188} INFO - [2026-03-23T10:45:32.567+0000] {dag.py:3954} INFO - Setting next_dagrun for tmdb_raw_pipeline to 2026-03-23 00:00:00+00:00, run_after=2026-03-24 00:00:00+00:00
[2026-03-23T10:45:32.579+0000] {processor.py:183} INFO - Processing /opt/airflow/dags/tmdb_daily_dag.py took 0.070 seconds
[2026-03-23T10:46:02.947+0000] {processor.py:161} INFO - Started process (PID=18377) to work on /opt/airflow/dags/tmdb_daily_dag.py
[2026-03-23T10:46:02.951+0000] {processor.py:830} INFO - Processing file /opt/airflow/dags/tmdb_daily_dag.py for tasks to queue
[2026-03-23T10:46:02.952+0000] {logging_mixin.py:188} INFO - [2026-03-23T10:46:02.952+0000] {dagbag.py:545} INFO - Filling up the DagBag from /opt/airflow/dags/tmdb_daily_dag.py
[2026-03-23T10:46:02.977+0000] {processor.py:840} INFO - DAG(s) 'tmdb_raw_pipeline' retrieved from /opt/airflow/dags/tmdb_daily_dag.py
[2026-03-23T10:46:02.999+0000] {logging_mixin.py:188} INFO - [2026-03-23T10:46:02.999+0000] {dag.py:3096} INFO - Sync 1 DAGs
[2026-03-23T10:46:03.012+0000] {logging_mixin.py:188} INFO - [2026-03-23T10:46:03.012+0000] {dag.py:3954} INFO - Setting next_dagrun for tmdb_raw_pipeline to 2026-03-23 00:00:00+00:00, run_after=2026-03-24 00:00:00+00:00
[2026-03-23T10:46:03.021+0000] {processor.py:183} INFO - Processing /opt/airflow/dags/tmdb_daily_dag.py took 0.083 seconds
[2026-03-23T10:46:33.519+0000] {processor.py:161} INFO - Started process (PID=18397) to work on /opt/airflow/dags/tmdb_daily_dag.py
[2026-03-23T10:46:33.522+0000] {processor.py:830} INFO - Processing file /opt/airflow/dags/tmdb_daily_dag.py for tasks to queue
[2026-03-23T10:46:33.522+0000] {logging_mixin.py:188} INFO - [2026-03-23T10:46:33.522+0000] {dagbag.py:545} INFO - Filling up the DagBag from /opt/airflow/dags/tmdb_daily_dag.py
[2026-03-23T10:46:33.534+0000] {processor.py:840} INFO - DAG(s) 'tmdb_raw_pipeline' retrieved from /opt/airflow/dags/tmdb_daily_dag.py
[2026-03-23T10:46:33.555+0000] {logging_mixin.py:188} INFO - [2026-03-23T10:46:33.555+0000] {dag.py:3096} INFO - Sync 1 DAGs
[2026-03-23T10:46:33.567+0000] {logging_mixin.py:188} INFO - [2026-03-23T10:46:33.566+0000] {dag.py:3954} INFO - Setting next_dagrun for tmdb_raw_pipeline to 2026-03-23 00:00:00+00:00, run_after=2026-03-24 00:00:00+00:00
[2026-03-23T10:46:33.577+0000] {processor.py:183} INFO - Processing /opt/airflow/dags/tmdb_daily_dag.py took 0.063 seconds
[2026-03-23T10:47:04.020+0000] {processor.py:161} INFO - Started process (PID=18417) to work on /opt/airflow/dags/tmdb_daily_dag.py
[2026-03-23T10:47:04.023+0000] {processor.py:830} INFO - Processing file /opt/airflow/dags/tmdb_daily_dag.py for tasks to queue
[2026-03-23T10:47:04.023+0000] {logging_mixin.py:188} INFO - [2026-03-23T10:47:04.023+0000] {dagbag.py:545} INFO - Filling up the DagBag from /opt/airflow/dags/tmdb_daily_dag.py
[2026-03-23T10:47:04.039+0000] {processor.py:840} INFO - DAG(s) 'tmdb_raw_pipeline' retrieved from /opt/airflow/dags/tmdb_daily_dag.py
[2026-03-23T10:47:04.090+0000] {logging_mixin.py:188} INFO - [2026-03-23T10:47:04.090+0000] {dag.py:3096} INFO - Sync 1 DAGs
[2026-03-23T10:47:04.112+0000] {logging_mixin.py:188} INFO - [2026-03-23T10:47:04.112+0000] {dag.py:3954} INFO - Setting next_dagrun for tmdb_raw_pipeline to 2026-03-23 00:00:00+00:00, run_after=2026-03-24 00:00:00+00:00
[2026-03-23T10:47:04.123+0000] {processor.py:183} INFO - Processing /opt/airflow/dags/tmdb_daily_dag.py took 0.109 seconds
[2026-03-23T10:47:34.510+0000] {processor.py:161} INFO - Started process (PID=18437) to work on /opt/airflow/dags/tmdb_daily_dag.py
[2026-03-23T10:47:34.511+0000] {processor.py:830} INFO - Processing file /opt/airflow/dags/tmdb_daily_dag.py for tasks to queue
[2026-03-23T10:47:34.512+0000] {logging_mixin.py:188} INFO - [2026-03-23T10:47:34.512+0000] {dagbag.py:545} INFO - Filling up the DagBag from /opt/airflow/dags/tmdb_daily_dag.py
[2026-03-23T10:47:34.521+0000] {processor.py:840} INFO - DAG(s) 'tmdb_raw_pipeline' retrieved from /opt/airflow/dags/tmdb_daily_dag.py
[2026-03-23T10:47:34.545+0000] {logging_mixin.py:188} INFO - [2026-03-23T10:47:34.545+0000] {dag.py:3096} INFO - Sync 1 DAGs
[2026-03-23T10:47:34.572+0000] {logging_mixin.py:188} INFO - [2026-03-23T10:47:34.571+0000] {dag.py:3954} INFO - Setting next_dagrun for tmdb_raw_pipeline to 2026-03-23 00:00:00+00:00, run_after=2026-03-24 00:00:00+00:00
[2026-03-23T10:47:34.590+0000] {processor.py:183} INFO - Processing /opt/airflow/dags/tmdb_daily_dag.py took 0.084 seconds
[2026-03-23T10:48:05.004+0000] {processor.py:161} INFO - Started process (PID=18457) to work on /opt/airflow/dags/tmdb_daily_dag.py
[2026-03-23T10:48:05.006+0000] {processor.py:830} INFO - Processing file /opt/airflow/dags/tmdb_daily_dag.py for tasks to queue
[2026-03-23T10:48:05.008+0000] {logging_mixin.py:188} INFO - [2026-03-23T10:48:05.007+0000] {dagbag.py:545} INFO - Filling up the DagBag from /opt/airflow/dags/tmdb_daily_dag.py
[2026-03-23T10:48:05.027+0000] {processor.py:840} INFO - DAG(s) 'tmdb_raw_pipeline' retrieved from /opt/airflow/dags/tmdb_daily_dag.py
[2026-03-23T10:48:05.046+0000] {logging_mixin.py:188} INFO - [2026-03-23T10:48:05.046+0000] {dag.py:3096} INFO - Sync 1 DAGs
[2026-03-23T10:48:05.060+0000] {logging_mixin.py:188} INFO - [2026-03-23T10:48:05.060+0000] {dag.py:3954} INFO - Setting next_dagrun for tmdb_raw_pipeline to 2026-03-23 00:00:00+00:00, run_after=2026-03-24 00:00:00+00:00
[2026-03-23T10:48:05.066+0000] {processor.py:183} INFO - Processing /opt/airflow/dags/tmdb_daily_dag.py took 0.085 seconds
[2026-03-23T10:48:35.596+0000] {processor.py:161} INFO - Started process (PID=18477) to work on /opt/airflow/dags/tmdb_daily_dag.py
[2026-03-23T10:48:35.598+0000] {processor.py:830} INFO - Processing file /opt/airflow/dags/tmdb_daily_dag.py for tasks to queue
[2026-03-23T10:48:35.599+0000] {logging_mixin.py:188} INFO - [2026-03-23T10:48:35.598+0000] {dagbag.py:545} INFO - Filling up the DagBag from /opt/airflow/dags/tmdb_daily_dag.py
[2026-03-23T10:48:35.618+0000] {processor.py:840} INFO - DAG(s) 'tmdb_raw_pipeline' retrieved from /opt/airflow/dags/tmdb_daily_dag.py
[2026-03-23T10:48:35.638+0000] {logging_mixin.py:188} INFO - [2026-03-23T10:48:35.638+0000] {dag.py:3096} INFO - Sync 1 DAGs
[2026-03-23T10:48:35.658+0000] {logging_mixin.py:188} INFO - [2026-03-23T10:48:35.658+0000] {dag.py:3954} INFO - Setting next_dagrun for tmdb_raw_pipeline to 2026-03-23 00:00:00+00:00, run_after=2026-03-24 00:00:00+00:00
[2026-03-23T10:48:35.675+0000] {processor.py:183} INFO - Processing /opt/airflow/dags/tmdb_daily_dag.py took 0.084 seconds
[2026-03-23T10:49:06.244+0000] {processor.py:161} INFO - Started process (PID=18497) to work on /opt/airflow/dags/tmdb_daily_dag.py
[2026-03-23T10:49:06.246+0000] {processor.py:830} INFO - Processing file /opt/airflow/dags/tmdb_daily_dag.py for tasks to queue
[2026-03-23T10:49:06.247+0000] {logging_mixin.py:188} INFO - [2026-03-23T10:49:06.247+0000] {dagbag.py:545} INFO - Filling up the DagBag from /opt/airflow/dags/tmdb_daily_dag.py
[2026-03-23T10:49:06.266+0000] {processor.py:840} INFO - DAG(s) 'tmdb_raw_pipeline' retrieved from /opt/airflow/dags/tmdb_daily_dag.py
[2026-03-23T10:49:06.283+0000] {logging_mixin.py:188} INFO - [2026-03-23T10:49:06.283+0000] {dag.py:3096} INFO - Sync 1 DAGs
[2026-03-23T10:49:06.300+0000] {logging_mixin.py:188} INFO - [2026-03-23T10:49:06.300+0000] {dag.py:3954} INFO - Setting next_dagrun for tmdb_raw_pipeline to 2026-03-23 00:00:00+00:00, run_after=2026-03-24 00:00:00+00:00
[2026-03-23T10:49:06.309+0000] {processor.py:183} INFO - Processing /opt/airflow/dags/tmdb_daily_dag.py took 0.075 seconds
[2026-03-23T10:49:36.870+0000] {processor.py:161} INFO - Started process (PID=18517) to work on /opt/airflow/dags/tmdb_daily_dag.py
[2026-03-23T10:49:36.873+0000] {processor.py:830} INFO - Processing file /opt/airflow/dags/tmdb_daily_dag.py for tasks to queue
[2026-03-23T10:49:36.874+0000] {logging_mixin.py:188} INFO - [2026-03-23T10:49:36.873+0000] {dagbag.py:545} INFO - Filling up the DagBag from /opt/airflow/dags/tmdb_daily_dag.py
[2026-03-23T10:49:36.886+0000] {processor.py:840} INFO - DAG(s) 'tmdb_raw_pipeline' retrieved from /opt/airflow/dags/tmdb_daily_dag.py
[2026-03-23T10:49:36.911+0000] {logging_mixin.py:188} INFO - [2026-03-23T10:49:36.911+0000] {dag.py:3096} INFO - Sync 1 DAGs
[2026-03-23T10:49:36.928+0000] {logging_mixin.py:188} INFO - [2026-03-23T10:49:36.928+0000] {dag.py:3954} INFO - Setting next_dagrun for tmdb_raw_pipeline to 2026-03-23 00:00:00+00:00, run_after=2026-03-24 00:00:00+00:00
[2026-03-23T10:49:36.938+0000] {processor.py:183} INFO - Processing /opt/airflow/dags/tmdb_daily_dag.py took 0.075 seconds
[2026-03-23T10:50:07.392+0000] {processor.py:161} INFO - Started process (PID=18537) to work on /opt/airflow/dags/tmdb_daily_dag.py
[2026-03-23T10:50:07.395+0000] {processor.py:830} INFO - Processing file /opt/airflow/dags/tmdb_daily_dag.py for tasks to queue
[2026-03-23T10:50:07.396+0000] {logging_mixin.py:188} INFO - [2026-03-23T10:50:07.396+0000] {dagbag.py:545} INFO - Filling up the DagBag from /opt/airflow/dags/tmdb_daily_dag.py
[2026-03-23T10:50:07.411+0000] {processor.py:840} INFO - DAG(s) 'tmdb_raw_pipeline' retrieved from /opt/airflow/dags/tmdb_daily_dag.py
[2026-03-23T10:50:07.433+0000] {logging_mixin.py:188} INFO - [2026-03-23T10:50:07.433+0000] {dag.py:3096} INFO - Sync 1 DAGs
[2026-03-23T10:50:07.450+0000] {logging_mixin.py:188} INFO - [2026-03-23T10:50:07.450+0000] {dag.py:3954} INFO - Setting next_dagrun for tmdb_raw_pipeline to 2026-03-23 00:00:00+00:00, run_after=2026-03-24 00:00:00+00:00
[2026-03-23T10:50:07.457+0000] {processor.py:183} INFO - Processing /opt/airflow/dags/tmdb_daily_dag.py took 0.073 seconds
[2026-03-23T10:50:37.888+0000] {processor.py:161} INFO - Started process (PID=18557) to work on /opt/airflow/dags/tmdb_daily_dag.py
[2026-03-23T10:50:37.892+0000] {processor.py:830} INFO - Processing file /opt/airflow/dags/tmdb_daily_dag.py for tasks to queue
[2026-03-23T10:50:37.893+0000] {logging_mixin.py:188} INFO - [2026-03-23T10:50:37.892+0000] {dagbag.py:545} INFO - Filling up the DagBag from /opt/airflow/dags/tmdb_daily_dag.py
[2026-03-23T10:50:37.911+0000] {processor.py:840} INFO - DAG(s) 'tmdb_raw_pipeline' retrieved from /opt/airflow/dags/tmdb_daily_dag.py
[2026-03-23T10:50:37.937+0000] {logging_mixin.py:188} INFO - [2026-03-23T10:50:37.937+0000] {dag.py:3096} INFO - Sync 1 DAGs
[2026-03-23T10:50:37.958+0000] {logging_mixin.py:188} INFO - [2026-03-23T10:50:37.958+0000] {dag.py:3954} INFO - Setting next_dagrun for tmdb_raw_pipeline to 2026-03-23 00:00:00+00:00, run_after=2026-03-24 00:00:00+00:00
[2026-03-23T10:50:37.973+0000] {processor.py:183} INFO - Processing /opt/airflow/dags/tmdb_daily_dag.py took 0.090 seconds
[2026-03-23T10:51:08.527+0000] {processor.py:161} INFO - Started process (PID=18577) to work on /opt/airflow/dags/tmdb_daily_dag.py
[2026-03-23T10:51:08.533+0000] {processor.py:830} INFO - Processing file /opt/airflow/dags/tmdb_daily_dag.py for tasks to queue
[2026-03-23T10:51:08.533+0000] {logging_mixin.py:188} INFO - [2026-03-23T10:51:08.533+0000] {dagbag.py:545} INFO - Filling up the DagBag from /opt/airflow/dags/tmdb_daily_dag.py
[2026-03-23T10:51:08.544+0000] {processor.py:840} INFO - DAG(s) 'tmdb_raw_pipeline' retrieved from /opt/airflow/dags/tmdb_daily_dag.py
[2026-03-23T10:51:08.559+0000] {logging_mixin.py:188} INFO - [2026-03-23T10:51:08.559+0000] {dag.py:3096} INFO - Sync 1 DAGs
[2026-03-23T10:51:08.579+0000] {logging_mixin.py:188} INFO - [2026-03-23T10:51:08.579+0000] {dag.py:3954} INFO - Setting next_dagrun for tmdb_raw_pipeline to 2026-03-23 00:00:00+00:00, run_after=2026-03-24 00:00:00+00:00
[2026-03-23T10:51:08.588+0000] {processor.py:183} INFO - Processing /opt/airflow/dags/tmdb_daily_dag.py took 0.079 seconds
[2026-03-23T10:51:39.108+0000] {processor.py:161} INFO - Started process (PID=18597) to work on /opt/airflow/dags/tmdb_daily_dag.py
[2026-03-23T10:51:39.110+0000] {processor.py:830} INFO - Processing file /opt/airflow/dags/tmdb_daily_dag.py for tasks to queue
[2026-03-23T10:51:39.110+0000] {logging_mixin.py:188} INFO - [2026-03-23T10:51:39.110+0000] {dagbag.py:545} INFO - Filling up the DagBag from /opt/airflow/dags/tmdb_daily_dag.py
[2026-03-23T10:51:39.122+0000] {processor.py:840} INFO - DAG(s) 'tmdb_raw_pipeline' retrieved from /opt/airflow/dags/tmdb_daily_dag.py
[2026-03-23T10:51:39.146+0000] {logging_mixin.py:188} INFO - [2026-03-23T10:51:39.146+0000] {dag.py:3096} INFO - Sync 1 DAGs
[2026-03-23T10:51:39.156+0000] {logging_mixin.py:188} INFO - [2026-03-23T10:51:39.156+0000] {dag.py:3954} INFO - Setting next_dagrun for tmdb_raw_pipeline to 2026-03-23 00:00:00+00:00, run_after=2026-03-24 00:00:00+00:00
[2026-03-23T10:51:39.170+0000] {processor.py:183} INFO - Processing /opt/airflow/dags/tmdb_daily_dag.py took 0.068 seconds
[2026-03-23T10:52:09.504+0000] {processor.py:161} INFO - Started process (PID=18617) to work on /opt/airflow/dags/tmdb_daily_dag.py
[2026-03-23T10:52:09.507+0000] {processor.py:830} INFO - Processing file /opt/airflow/dags/tmdb_daily_dag.py for tasks to queue
[2026-03-23T10:52:09.508+0000] {logging_mixin.py:188} INFO - [2026-03-23T10:52:09.508+0000] {dagbag.py:545} INFO - Filling up the DagBag from /opt/airflow/dags/tmdb_daily_dag.py
[2026-03-23T10:52:09.519+0000] {processor.py:840} INFO - DAG(s) 'tmdb_raw_pipeline' retrieved from /opt/airflow/dags/tmdb_daily_dag.py
[2026-03-23T10:52:09.542+0000] {logging_mixin.py:188} INFO - [2026-03-23T10:52:09.542+0000] {dag.py:3096} INFO - Sync 1 DAGs
[2026-03-23T10:52:09.556+0000] {logging_mixin.py:188} INFO - [2026-03-23T10:52:09.556+0000] {dag.py:3954} INFO - Setting next_dagrun for tmdb_raw_pipeline to 2026-03-23 00:00:00+00:00, run_after=2026-03-24 00:00:00+00:00
[2026-03-23T10:52:09.566+0000] {processor.py:183} INFO - Processing /opt/airflow/dags/tmdb_daily_dag.py took 0.068 seconds
[2026-03-23T10:52:39.996+0000] {processor.py:161} INFO - Started process (PID=18637) to work on /opt/airflow/dags/tmdb_daily_dag.py
[2026-03-23T10:52:39.999+0000] {processor.py:830} INFO - Processing file /opt/airflow/dags/tmdb_daily_dag.py for tasks to queue
[2026-03-23T10:52:40.001+0000] {logging_mixin.py:188} INFO - [2026-03-23T10:52:40.001+0000] {dagbag.py:545} INFO - Filling up the DagBag from /opt/airflow/dags/tmdb_daily_dag.py
[2026-03-23T10:52:40.016+0000] {processor.py:840} INFO - DAG(s) 'tmdb_raw_pipeline' retrieved from /opt/airflow/dags/tmdb_daily_dag.py
[2026-03-23T10:52:40.038+0000] {logging_mixin.py:188} INFO - [2026-03-23T10:52:40.037+0000] {dag.py:3096} INFO - Sync 1 DAGs
[2026-03-23T10:52:40.051+0000] {logging_mixin.py:188} INFO - [2026-03-23T10:52:40.051+0000] {dag.py:3954} INFO - Setting next_dagrun for tmdb_raw_pipeline to 2026-03-23 00:00:00+00:00, run_after=2026-03-24 00:00:00+00:00
[2026-03-23T10:52:40.060+0000] {processor.py:183} INFO - Processing /opt/airflow/dags/tmdb_daily_dag.py took 0.070 seconds
[2026-03-23T10:53:10.481+0000] {processor.py:161} INFO - Started process (PID=18657) to work on /opt/airflow/dags/tmdb_daily_dag.py
[2026-03-23T10:53:10.485+0000] {processor.py:830} INFO - Processing file /opt/airflow/dags/tmdb_daily_dag.py for tasks to queue
[2026-03-23T10:53:10.485+0000] {logging_mixin.py:188} INFO - [2026-03-23T10:53:10.485+0000] {dagbag.py:545} INFO - Filling up the DagBag from /opt/airflow/dags/tmdb_daily_dag.py
[2026-03-23T10:53:10.495+0000] {processor.py:840} INFO - DAG(s) 'tmdb_raw_pipeline' retrieved from /opt/airflow/dags/tmdb_daily_dag.py
[2026-03-23T10:53:10.512+0000] {logging_mixin.py:188} INFO - [2026-03-23T10:53:10.512+0000] {dag.py:3096} INFO - Sync 1 DAGs
[2026-03-23T10:53:10.528+0000] {logging_mixin.py:188} INFO - [2026-03-23T10:53:10.528+0000] {dag.py:3954} INFO - Setting next_dagrun for tmdb_raw_pipeline to 2026-03-23 00:00:00+00:00, run_after=2026-03-24 00:00:00+00:00
[2026-03-23T10:53:10.540+0000] {processor.py:183} INFO - Processing /opt/airflow/dags/tmdb_daily_dag.py took 0.068 seconds
[2026-03-23T10:53:40.914+0000] {processor.py:161} INFO - Started process (PID=18677) to work on /opt/airflow/dags/tmdb_daily_dag.py
[2026-03-23T10:53:40.916+0000] {processor.py:830} INFO - Processing file /opt/airflow/dags/tmdb_daily_dag.py for tasks to queue
[2026-03-23T10:53:40.917+0000] {logging_mixin.py:188} INFO - [2026-03-23T10:53:40.917+0000] {dagbag.py:545} INFO - Filling up the DagBag from /opt/airflow/dags/tmdb_daily_dag.py
[2026-03-23T10:53:40.937+0000] {processor.py:840} INFO - DAG(s) 'tmdb_raw_pipeline' retrieved from /opt/airflow/dags/tmdb_daily_dag.py
[2026-03-23T10:53:40.955+0000] {logging_mixin.py:188} INFO - [2026-03-23T10:53:40.954+0000] {dag.py:3096} INFO - Sync 1 DAGs
[2026-03-23T10:53:40.978+0000] {logging_mixin.py:188} INFO - [2026-03-23T10:53:40.978+0000] {dag.py:3954} INFO - Setting next_dagrun for tmdb_raw_pipeline to 2026-03-23 00:00:00+00:00, run_after=2026-03-24 00:00:00+00:00
[2026-03-23T10:53:40.997+0000] {processor.py:183} INFO - Processing /opt/airflow/dags/tmdb_daily_dag.py took 0.088 seconds
[2026-03-23T10:54:11.575+0000] {processor.py:161} INFO - Started process (PID=18697) to work on /opt/airflow/dags/tmdb_daily_dag.py
[2026-03-23T10:54:11.578+0000] {processor.py:830} INFO - Processing file /opt/airflow/dags/tmdb_daily_dag.py for tasks to queue
[2026-03-23T10:54:11.579+0000] {logging_mixin.py:188} INFO - [2026-03-23T10:54:11.579+0000] {dagbag.py:545} INFO - Filling up the DagBag from /opt/airflow/dags/tmdb_daily_dag.py
[2026-03-23T10:54:11.595+0000] {processor.py:840} INFO - DAG(s) 'tmdb_raw_pipeline' retrieved from /opt/airflow/dags/tmdb_daily_dag.py
[2026-03-23T10:54:11.608+0000] {logging_mixin.py:188} INFO - [2026-03-23T10:54:11.608+0000] {dag.py:3096} INFO - Sync 1 DAGs
[2026-03-23T10:54:11.621+0000] {logging_mixin.py:188} INFO - [2026-03-23T10:54:11.621+0000] {dag.py:3954} INFO - Setting next_dagrun for tmdb_raw_pipeline to 2026-03-23 00:00:00+00:00, run_after=2026-03-24 00:00:00+00:00
[2026-03-23T10:54:11.644+0000] {processor.py:183} INFO - Processing /opt/airflow/dags/tmdb_daily_dag.py took 0.077 seconds
[2026-03-23T10:54:42.094+0000] {processor.py:161} INFO - Started process (PID=18717) to work on /opt/airflow/dags/tmdb_daily_dag.py
[2026-03-23T10:54:42.096+0000] {processor.py:830} INFO - Processing file /opt/airflow/dags/tmdb_daily_dag.py for tasks to queue
[2026-03-23T10:54:42.097+0000] {logging_mixin.py:188} INFO - [2026-03-23T10:54:42.096+0000] {dagbag.py:545} INFO - Filling up the DagBag from /opt/airflow/dags/tmdb_daily_dag.py
[2026-03-23T10:54:42.114+0000] {processor.py:840} INFO - DAG(s) 'tmdb_raw_pipeline' retrieved from /opt/airflow/dags/tmdb_daily_dag.py
[2026-03-23T10:54:42.137+0000] {logging_mixin.py:188} INFO - [2026-03-23T10:54:42.137+0000] {dag.py:3096} INFO - Sync 1 DAGs
[2026-03-23T10:54:42.155+0000] {logging_mixin.py:188} INFO - [2026-03-23T10:54:42.155+0000] {dag.py:3954} INFO - Setting next_dagrun for tmdb_raw_pipeline to 2026-03-23 00:00:00+00:00, run_after=2026-03-24 00:00:00+00:00
[2026-03-23T10:54:42.178+0000] {processor.py:183} INFO - Processing /opt/airflow/dags/tmdb_daily_dag.py took 0.090 seconds
[2026-03-23T10:55:12.755+0000] {processor.py:161} INFO - Started process (PID=18737) to work on /opt/airflow/dags/tmdb_daily_dag.py
[2026-03-23T10:55:12.758+0000] {processor.py:830} INFO - Processing file /opt/airflow/dags/tmdb_daily_dag.py for tasks to queue
[2026-03-23T10:55:12.758+0000] {logging_mixin.py:188} INFO - [2026-03-23T10:55:12.758+0000] {dagbag.py:545} INFO - Filling up the DagBag from /opt/airflow/dags/tmdb_daily_dag.py
[2026-03-23T10:55:12.777+0000] {processor.py:840} INFO - DAG(s) 'tmdb_raw_pipeline' retrieved from /opt/airflow/dags/tmdb_daily_dag.py
[2026-03-23T10:55:12.803+0000] {logging_mixin.py:188} INFO - [2026-03-23T10:55:12.802+0000] {dag.py:3096} INFO - Sync 1 DAGs
[2026-03-23T10:55:12.817+0000] {logging_mixin.py:188} INFO - [2026-03-23T10:55:12.817+0000] {dag.py:3954} INFO - Setting next_dagrun for tmdb_raw_pipeline to 2026-03-23 00:00:00+00:00, run_after=2026-03-24 00:00:00+00:00
[2026-03-23T10:55:12.829+0000] {processor.py:183} INFO - Processing /opt/airflow/dags/tmdb_daily_dag.py took 0.087 seconds
[2026-03-23T10:55:43.294+0000] {processor.py:161} INFO - Started process (PID=18757) to work on /opt/airflow/dags/tmdb_daily_dag.py
[2026-03-23T10:55:43.296+0000] {processor.py:830} INFO - Processing file /opt/airflow/dags/tmdb_daily_dag.py for tasks to queue
[2026-03-23T10:55:43.297+0000] {logging_mixin.py:188} INFO - [2026-03-23T10:55:43.297+0000] {dagbag.py:545} INFO - Filling up the DagBag from /opt/airflow/dags/tmdb_daily_dag.py
[2026-03-23T10:55:43.311+0000] {processor.py:840} INFO - DAG(s) 'tmdb_raw_pipeline' retrieved from /opt/airflow/dags/tmdb_daily_dag.py
[2026-03-23T10:55:43.330+0000] {logging_mixin.py:188} INFO - [2026-03-23T10:55:43.330+0000] {dag.py:3096} INFO - Sync 1 DAGs
[2026-03-23T10:55:43.347+0000] {logging_mixin.py:188} INFO - [2026-03-23T10:55:43.347+0000] {dag.py:3954} INFO - Setting next_dagrun for tmdb_raw_pipeline to 2026-03-23 00:00:00+00:00, run_after=2026-03-24 00:00:00+00:00
[2026-03-23T10:55:43.358+0000] {processor.py:183} INFO - Processing /opt/airflow/dags/tmdb_daily_dag.py took 0.073 seconds
[2026-03-23T10:56:13.783+0000] {processor.py:161} INFO - Started process (PID=18777) to work on /opt/airflow/dags/tmdb_daily_dag.py
[2026-03-23T10:56:13.785+0000] {processor.py:830} INFO - Processing file /opt/airflow/dags/tmdb_daily_dag.py for tasks to queue
[2026-03-23T10:56:13.786+0000] {logging_mixin.py:188} INFO - [2026-03-23T10:56:13.786+0000] {dagbag.py:545} INFO - Filling up the DagBag from /opt/airflow/dags/tmdb_daily_dag.py
[2026-03-23T10:56:13.805+0000] {processor.py:840} INFO - DAG(s) 'tmdb_raw_pipeline' retrieved from /opt/airflow/dags/tmdb_daily_dag.py
[2026-03-23T10:56:13.824+0000] {logging_mixin.py:188} INFO - [2026-03-23T10:56:13.824+0000] {dag.py:3096} INFO - Sync 1 DAGs
[2026-03-23T10:56:13.845+0000] {logging_mixin.py:188} INFO - [2026-03-23T10:56:13.845+0000] {dag.py:3954} INFO - Setting next_dagrun for tmdb_raw_pipeline to 2026-03-23 00:00:00+00:00, run_after=2026-03-24 00:00:00+00:00
[2026-03-23T10:56:13.858+0000] {processor.py:183} INFO - Processing /opt/airflow/dags/tmdb_daily_dag.py took 0.080 seconds
[2026-03-23T10:56:44.282+0000] {processor.py:161} INFO - Started process (PID=18797) to work on /opt/airflow/dags/tmdb_daily_dag.py
[2026-03-23T10:56:44.285+0000] {processor.py:830} INFO - Processing file /opt/airflow/dags/tmdb_daily_dag.py for tasks to queue
[2026-03-23T10:56:44.286+0000] {logging_mixin.py:188} INFO - [2026-03-23T10:56:44.285+0000] {dagbag.py:545} INFO - Filling up the DagBag from /opt/airflow/dags/tmdb_daily_dag.py
[2026-03-23T10:56:44.302+0000] {processor.py:840} INFO - DAG(s) 'tmdb_raw_pipeline' retrieved from /opt/airflow/dags/tmdb_daily_dag.py
[2026-03-23T10:56:44.337+0000] {logging_mixin.py:188} INFO - [2026-03-23T10:56:44.337+0000] {dag.py:3096} INFO - Sync 1 DAGs
[2026-03-23T10:56:44.363+0000] {logging_mixin.py:188} INFO - [2026-03-23T10:56:44.363+0000] {dag.py:3954} INFO - Setting next_dagrun for tmdb_raw_pipeline to 2026-03-23 00:00:00+00:00, run_after=2026-03-24 00:00:00+00:00
[2026-03-23T10:56:44.373+0000] {processor.py:183} INFO - Processing /opt/airflow/dags/tmdb_daily_dag.py took 0.101 seconds
[2026-03-23T10:57:14.958+0000] {processor.py:161} INFO - Started process (PID=18817) to work on /opt/airflow/dags/tmdb_daily_dag.py
[2026-03-23T10:57:14.960+0000] {processor.py:830} INFO - Processing file /opt/airflow/dags/tmdb_daily_dag.py for tasks to queue
[2026-03-23T10:57:14.961+0000] {logging_mixin.py:188} INFO - [2026-03-23T10:57:14.960+0000] {dagbag.py:545} INFO - Filling up the DagBag from /opt/airflow/dags/tmdb_daily_dag.py
[2026-03-23T10:57:14.979+0000] {processor.py:840} INFO - DAG(s) 'tmdb_raw_pipeline' retrieved from /opt/airflow/dags/tmdb_daily_dag.py
[2026-03-23T10:57:14.994+0000] {logging_mixin.py:188} INFO - [2026-03-23T10:57:14.994+0000] {dag.py:3096} INFO - Sync 1 DAGs
[2026-03-23T10:57:15.014+0000] {logging_mixin.py:188} INFO - [2026-03-23T10:57:15.014+0000] {dag.py:3954} INFO - Setting next_dagrun for tmdb_raw_pipeline to 2026-03-23 00:00:00+00:00, run_after=2026-03-24 00:00:00+00:00
[2026-03-23T10:57:15.026+0000] {processor.py:183} INFO - Processing /opt/airflow/dags/tmdb_daily_dag.py took 0.074 seconds
[2026-03-23T10:57:45.429+0000] {processor.py:161} INFO - Started process (PID=18837) to work on /opt/airflow/dags/tmdb_daily_dag.py
[2026-03-23T10:57:45.431+0000] {processor.py:830} INFO - Processing file /opt/airflow/dags/tmdb_daily_dag.py for tasks to queue
[2026-03-23T10:57:45.431+0000] {logging_mixin.py:188} INFO - [2026-03-23T10:57:45.431+0000] {dagbag.py:545} INFO - Filling up the DagBag from /opt/airflow/dags/tmdb_daily_dag.py
[2026-03-23T10:57:45.443+0000] {processor.py:840} INFO - DAG(s) 'tmdb_raw_pipeline' retrieved from /opt/airflow/dags/tmdb_daily_dag.py
[2026-03-23T10:57:45.455+0000] {logging_mixin.py:188} INFO - [2026-03-23T10:57:45.455+0000] {dag.py:3096} INFO - Sync 1 DAGs
[2026-03-23T10:57:45.476+0000] {logging_mixin.py:188} INFO - [2026-03-23T10:57:45.476+0000] {dag.py:3954} INFO - Setting next_dagrun for tmdb_raw_pipeline to 2026-03-23 00:00:00+00:00, run_after=2026-03-24 00:00:00+00:00
[2026-03-23T10:57:45.483+0000] {processor.py:183} INFO - Processing /opt/airflow/dags/tmdb_daily_dag.py took 0.072 seconds
[2026-03-23T10:58:15.813+0000] {processor.py:161} INFO - Started process (PID=18857) to work on /opt/airflow/dags/tmdb_daily_dag.py
[2026-03-23T10:58:15.815+0000] {processor.py:830} INFO - Processing file /opt/airflow/dags/tmdb_daily_dag.py for tasks to queue
[2026-03-23T10:58:15.816+0000] {logging_mixin.py:188} INFO - [2026-03-23T10:58:15.815+0000] {dagbag.py:545} INFO - Filling up the DagBag from /opt/airflow/dags/tmdb_daily_dag.py
[2026-03-23T10:58:15.830+0000] {processor.py:840} INFO - DAG(s) 'tmdb_raw_pipeline' retrieved from /opt/airflow/dags/tmdb_daily_dag.py
[2026-03-23T10:58:15.854+0000] {logging_mixin.py:188} INFO - [2026-03-23T10:58:15.853+0000] {dag.py:3096} INFO - Sync 1 DAGs
[2026-03-23T10:58:15.869+0000] {logging_mixin.py:188} INFO - [2026-03-23T10:58:15.868+0000] {dag.py:3954} INFO - Setting next_dagrun for tmdb_raw_pipeline to 2026-03-23 00:00:00+00:00, run_after=2026-03-24 00:00:00+00:00
[2026-03-23T10:58:15.878+0000] {processor.py:183} INFO - Processing /opt/airflow/dags/tmdb_daily_dag.py took 0.069 seconds
[2026-03-23T10:58:46.295+0000] {processor.py:161} INFO - Started process (PID=18877) to work on /opt/airflow/dags/tmdb_daily_dag.py
[2026-03-23T10:58:46.298+0000] {processor.py:830} INFO - Processing file /opt/airflow/dags/tmdb_daily_dag.py for tasks to queue
[2026-03-23T10:58:46.299+0000] {logging_mixin.py:188} INFO - [2026-03-23T10:58:46.299+0000] {dagbag.py:545} INFO - Filling up the DagBag from /opt/airflow/dags/tmdb_daily_dag.py
[2026-03-23T10:58:46.315+0000] {processor.py:840} INFO - DAG(s) 'tmdb_raw_pipeline' retrieved from /opt/airflow/dags/tmdb_daily_dag.py
[2026-03-23T10:58:46.342+0000] {logging_mixin.py:188} INFO - [2026-03-23T10:58:46.342+0000] {dag.py:3096} INFO - Sync 1 DAGs
[2026-03-23T10:58:46.354+0000] {logging_mixin.py:188} INFO - [2026-03-23T10:58:46.354+0000] {dag.py:3954} INFO - Setting next_dagrun for tmdb_raw_pipeline to 2026-03-23 00:00:00+00:00, run_after=2026-03-24 00:00:00+00:00
[2026-03-23T10:58:46.364+0000] {processor.py:183} INFO - Processing /opt/airflow/dags/tmdb_daily_dag.py took 0.077 seconds
[2026-03-23T10:59:16.809+0000] {processor.py:161} INFO - Started process (PID=18897) to work on /opt/airflow/dags/tmdb_daily_dag.py
[2026-03-23T10:59:16.811+0000] {processor.py:830} INFO - Processing file /opt/airflow/dags/tmdb_daily_dag.py for tasks to queue
[2026-03-23T10:59:16.812+0000] {logging_mixin.py:188} INFO - [2026-03-23T10:59:16.811+0000] {dagbag.py:545} INFO - Filling up the DagBag from /opt/airflow/dags/tmdb_daily_dag.py
[2026-03-23T10:59:16.822+0000] {processor.py:840} INFO - DAG(s) 'tmdb_raw_pipeline' retrieved from /opt/airflow/dags/tmdb_daily_dag.py
[2026-03-23T10:59:16.837+0000] {logging_mixin.py:188} INFO - [2026-03-23T10:59:16.837+0000] {dag.py:3096} INFO - Sync 1 DAGs
[2026-03-23T10:59:16.853+0000] {logging_mixin.py:188} INFO - [2026-03-23T10:59:16.853+0000] {dag.py:3954} INFO - Setting next_dagrun for tmdb_raw_pipeline to 2026-03-23 00:00:00+00:00, run_after=2026-03-24 00:00:00+00:00
[2026-03-23T10:59:16.860+0000] {processor.py:183} INFO - Processing /opt/airflow/dags/tmdb_daily_dag.py took 0.072 seconds
[2026-03-23T10:59:47.312+0000] {processor.py:161} INFO - Started process (PID=18917) to work on /opt/airflow/dags/tmdb_daily_dag.py
[2026-03-23T10:59:47.314+0000] {processor.py:830} INFO - Processing file /opt/airflow/dags/tmdb_daily_dag.py for tasks to queue
[2026-03-23T10:59:47.315+0000] {logging_mixin.py:188} INFO - [2026-03-23T10:59:47.315+0000] {dagbag.py:545} INFO - Filling up the DagBag from /opt/airflow/dags/tmdb_daily_dag.py
[2026-03-23T10:59:47.327+0000] {processor.py:840} INFO - DAG(s) 'tmdb_raw_pipeline' retrieved from /opt/airflow/dags/tmdb_daily_dag.py
[2026-03-23T10:59:47.350+0000] {logging_mixin.py:188} INFO - [2026-03-23T10:59:47.350+0000] {dag.py:3096} INFO - Sync 1 DAGs
[2026-03-23T10:59:47.377+0000] {logging_mixin.py:188} INFO - [2026-03-23T10:59:47.376+0000] {dag.py:3954} INFO - Setting next_dagrun for tmdb_raw_pipeline to 2026-03-23 00:00:00+00:00, run_after=2026-03-24 00:00:00+00:00
[2026-03-23T10:59:47.392+0000] {processor.py:183} INFO - Processing /opt/airflow/dags/tmdb_daily_dag.py took 0.085 seconds
[2026-03-23T11:00:17.864+0000] {processor.py:161} INFO - Started process (PID=18937) to work on /opt/airflow/dags/tmdb_daily_dag.py
[2026-03-23T11:00:17.867+0000] {processor.py:830} INFO - Processing file /opt/airflow/dags/tmdb_daily_dag.py for tasks to queue
[2026-03-23T11:00:17.868+0000] {logging_mixin.py:188} INFO - [2026-03-23T11:00:17.868+0000] {dagbag.py:545} INFO - Filling up the DagBag from /opt/airflow/dags/tmdb_daily_dag.py
[2026-03-23T11:00:17.882+0000] {processor.py:840} INFO - DAG(s) 'tmdb_raw_pipeline' retrieved from /opt/airflow/dags/tmdb_daily_dag.py
[2026-03-23T11:00:17.901+0000] {logging_mixin.py:188} INFO - [2026-03-23T11:00:17.901+0000] {dag.py:3096} INFO - Sync 1 DAGs
[2026-03-23T11:00:17.917+0000] {logging_mixin.py:188} INFO - [2026-03-23T11:00:17.917+0000] {dag.py:3954} INFO - Setting next_dagrun for tmdb_raw_pipeline to 2026-03-23 00:00:00+00:00, run_after=2026-03-24 00:00:00+00:00
[2026-03-23T11:00:17.929+0000] {processor.py:183} INFO - Processing /opt/airflow/dags/tmdb_daily_dag.py took 0.073 seconds
[2026-03-23T11:00:48.366+0000] {processor.py:161} INFO - Started process (PID=18957) to work on /opt/airflow/dags/tmdb_daily_dag.py
[2026-03-23T11:00:48.368+0000] {processor.py:830} INFO - Processing file /opt/airflow/dags/tmdb_daily_dag.py for tasks to queue
[2026-03-23T11:00:48.369+0000] {logging_mixin.py:188} INFO - [2026-03-23T11:00:48.369+0000] {dagbag.py:545} INFO - Filling up the DagBag from /opt/airflow/dags/tmdb_daily_dag.py
[2026-03-23T11:00:48.384+0000] {processor.py:840} INFO - DAG(s) 'tmdb_raw_pipeline' retrieved from /opt/airflow/dags/tmdb_daily_dag.py
[2026-03-23T11:00:48.406+0000] {logging_mixin.py:188} INFO - [2026-03-23T11:00:48.406+0000] {dag.py:3096} INFO - Sync 1 DAGs
[2026-03-23T11:00:48.424+0000] {logging_mixin.py:188} INFO - [2026-03-23T11:00:48.424+0000] {dag.py:3954} INFO - Setting next_dagrun for tmdb_raw_pipeline to 2026-03-23 00:00:00+00:00, run_after=2026-03-24 00:00:00+00:00
[2026-03-23T11:00:48.442+0000] {processor.py:183} INFO - Processing /opt/airflow/dags/tmdb_daily_dag.py took 0.082 seconds
[2026-03-23T11:01:19.104+0000] {processor.py:161} INFO - Started process (PID=18977) to work on /opt/airflow/dags/tmdb_daily_dag.py
[2026-03-23T11:01:19.106+0000] {processor.py:830} INFO - Processing file /opt/airflow/dags/tmdb_daily_dag.py for tasks to queue
[2026-03-23T11:01:19.106+0000] {logging_mixin.py:188} INFO - [2026-03-23T11:01:19.106+0000] {dagbag.py:545} INFO - Filling up the DagBag from /opt/airflow/dags/tmdb_daily_dag.py
[2026-03-23T11:01:19.116+0000] {processor.py:840} INFO - DAG(s) 'tmdb_raw_pipeline' retrieved from /opt/airflow/dags/tmdb_daily_dag.py
[2026-03-23T11:01:19.138+0000] {logging_mixin.py:188} INFO - [2026-03-23T11:01:19.138+0000] {dag.py:3096} INFO - Sync 1 DAGs
[2026-03-23T11:01:19.152+0000] {logging_mixin.py:188} INFO - [2026-03-23T11:01:19.152+0000] {dag.py:3954} INFO - Setting next_dagrun for tmdb_raw_pipeline to 2026-03-23 00:00:00+00:00, run_after=2026-03-24 00:00:00+00:00
[2026-03-23T11:01:19.162+0000] {processor.py:183} INFO - Processing /opt/airflow/dags/tmdb_daily_dag.py took 0.063 seconds
[2026-03-23T11:01:49.682+0000] {processor.py:161} INFO - Started process (PID=18997) to work on /opt/airflow/dags/tmdb_daily_dag.py
[2026-03-23T11:01:49.684+0000] {processor.py:830} INFO - Processing file /opt/airflow/dags/tmdb_daily_dag.py for tasks to queue
[2026-03-23T11:01:49.685+0000] {logging_mixin.py:188} INFO - [2026-03-23T11:01:49.685+0000] {dagbag.py:545} INFO - Filling up the DagBag from /opt/airflow/dags/tmdb_daily_dag.py
[2026-03-23T11:01:49.701+0000] {processor.py:840} INFO - DAG(s) 'tmdb_raw_pipeline' retrieved from /opt/airflow/dags/tmdb_daily_dag.py
[2026-03-23T11:01:49.723+0000] {logging_mixin.py:188} INFO - [2026-03-23T11:01:49.723+0000] {dag.py:3096} INFO - Sync 1 DAGs
[2026-03-23T11:01:49.738+0000] {logging_mixin.py:188} INFO - [2026-03-23T11:01:49.738+0000] {dag.py:3954} INFO - Setting next_dagrun for tmdb_raw_pipeline to 2026-03-23 00:00:00+00:00, run_after=2026-03-24 00:00:00+00:00
[2026-03-23T11:01:49.753+0000] {processor.py:183} INFO - Processing /opt/airflow/dags/tmdb_daily_dag.py took 0.077 seconds
[2026-03-23T11:02:20.129+0000] {processor.py:161} INFO - Started process (PID=19017) to work on /opt/airflow/dags/tmdb_daily_dag.py
[2026-03-23T11:02:20.130+0000] {processor.py:830} INFO - Processing file /opt/airflow/dags/tmdb_daily_dag.py for tasks to queue
[2026-03-23T11:02:20.131+0000] {logging_mixin.py:188} INFO - [2026-03-23T11:02:20.131+0000] {dagbag.py:545} INFO - Filling up the DagBag from /opt/airflow/dags/tmdb_daily_dag.py
[2026-03-23T11:02:20.145+0000] {processor.py:840} INFO - DAG(s) 'tmdb_raw_pipeline' retrieved from /opt/airflow/dags/tmdb_daily_dag.py
[2026-03-23T11:02:20.171+0000] {logging_mixin.py:188} INFO - [2026-03-23T11:02:20.171+0000] {dag.py:3096} INFO - Sync 1 DAGs
[2026-03-23T11:02:20.186+0000] {logging_mixin.py:188} INFO - [2026-03-23T11:02:20.186+0000] {dag.py:3954} INFO - Setting next_dagrun for tmdb_raw_pipeline to 2026-03-23 00:00:00+00:00, run_after=2026-03-24 00:00:00+00:00
[2026-03-23T11:02:20.201+0000] {processor.py:183} INFO - Processing /opt/airflow/dags/tmdb_daily_dag.py took 0.081 seconds
[2026-03-23T11:02:50.735+0000] {processor.py:161} INFO - Started process (PID=19037) to work on /opt/airflow/dags/tmdb_daily_dag.py
[2026-03-23T11:02:50.737+0000] {processor.py:830} INFO - Processing file /opt/airflow/dags/tmdb_daily_dag.py for tasks to queue
[2026-03-23T11:02:50.738+0000] {logging_mixin.py:188} INFO - [2026-03-23T11:02:50.737+0000] {dagbag.py:545} INFO - Filling up the DagBag from /opt/airflow/dags/tmdb_daily_dag.py
[2026-03-23T11:02:50.748+0000] {processor.py:840} INFO - DAG(s) 'tmdb_raw_pipeline' retrieved from /opt/airflow/dags/tmdb_daily_dag.py
[2026-03-23T11:02:50.777+0000] {logging_mixin.py:188} INFO - [2026-03-23T11:02:50.777+0000] {dag.py:3096} INFO - Sync 1 DAGs
[2026-03-23T11:02:50.793+0000] {logging_mixin.py:188} INFO - [2026-03-23T11:02:50.793+0000] {dag.py:3954} INFO - Setting next_dagrun for tmdb_raw_pipeline to 2026-03-23 00:00:00+00:00, run_after=2026-03-24 00:00:00+00:00
[2026-03-23T11:02:50.800+0000] {processor.py:183} INFO - Processing /opt/airflow/dags/tmdb_daily_dag.py took 0.075 seconds
[2026-03-23T11:03:21.231+0000] {processor.py:161} INFO - Started process (PID=19057) to work on /opt/airflow/dags/tmdb_daily_dag.py
[2026-03-23T11:03:21.233+0000] {processor.py:830} INFO - Processing file /opt/airflow/dags/tmdb_daily_dag.py for tasks to queue
[2026-03-23T11:03:21.233+0000] {logging_mixin.py:188} INFO - [2026-03-23T11:03:21.233+0000] {dagbag.py:545} INFO - Filling up the DagBag from /opt/airflow/dags/tmdb_daily_dag.py
[2026-03-23T11:03:21.253+0000] {processor.py:840} INFO - DAG(s) 'tmdb_raw_pipeline' retrieved from /opt/airflow/dags/tmdb_daily_dag.py
[2026-03-23T11:03:21.277+0000] {logging_mixin.py:188} INFO - [2026-03-23T11:03:21.277+0000] {dag.py:3096} INFO - Sync 1 DAGs
[2026-03-23T11:03:21.300+0000] {logging_mixin.py:188} INFO - [2026-03-23T11:03:21.299+0000] {dag.py:3954} INFO - Setting next_dagrun for tmdb_raw_pipeline to 2026-03-23 00:00:00+00:00, run_after=2026-03-24 00:00:00+00:00
[2026-03-23T11:03:21.314+0000] {processor.py:183} INFO - Processing /opt/airflow/dags/tmdb_daily_dag.py took 0.090 seconds
[2026-03-23T11:03:51.776+0000] {processor.py:161} INFO - Started process (PID=19077) to work on /opt/airflow/dags/tmdb_daily_dag.py
[2026-03-23T11:03:51.779+0000] {processor.py:830} INFO - Processing file /opt/airflow/dags/tmdb_daily_dag.py for tasks to queue
[2026-03-23T11:03:51.779+0000] {logging_mixin.py:188} INFO - [2026-03-23T11:03:51.779+0000] {dagbag.py:545} INFO - Filling up the DagBag from /opt/airflow/dags/tmdb_daily_dag.py
[2026-03-23T11:03:51.787+0000] {processor.py:840} INFO - DAG(s) 'tmdb_raw_pipeline' retrieved from /opt/airflow/dags/tmdb_daily_dag.py
[2026-03-23T11:03:51.806+0000] {logging_mixin.py:188} INFO - [2026-03-23T11:03:51.806+0000] {dag.py:3096} INFO - Sync 1 DAGs
[2026-03-23T11:03:51.820+0000] {logging_mixin.py:188} INFO - [2026-03-23T11:03:51.820+0000] {dag.py:3954} INFO - Setting next_dagrun for tmdb_raw_pipeline to 2026-03-23 00:00:00+00:00, run_after=2026-03-24 00:00:00+00:00
[2026-03-23T11:03:51.834+0000] {processor.py:183} INFO - Processing /opt/airflow/dags/tmdb_daily_dag.py took 0.064 seconds
[2026-03-23T11:04:22.320+0000] {processor.py:161} INFO - Started process (PID=19097) to work on /opt/airflow/dags/tmdb_daily_dag.py
[2026-03-23T11:04:22.324+0000] {processor.py:830} INFO - Processing file /opt/airflow/dags/tmdb_daily_dag.py for tasks to queue
[2026-03-23T11:04:22.325+0000] {logging_mixin.py:188} INFO - [2026-03-23T11:04:22.324+0000] {dagbag.py:545} INFO - Filling up the DagBag from /opt/airflow/dags/tmdb_daily_dag.py
[2026-03-23T11:04:22.339+0000] {processor.py:840} INFO - DAG(s) 'tmdb_raw_pipeline' retrieved from /opt/airflow/dags/tmdb_daily_dag.py
[2026-03-23T11:04:22.356+0000] {logging_mixin.py:188} INFO - [2026-03-23T11:04:22.356+0000] {dag.py:3096} INFO - Sync 1 DAGs
[2026-03-23T11:04:22.374+0000] {logging_mixin.py:188} INFO - [2026-03-23T11:04:22.373+0000] {dag.py:3954} INFO - Setting next_dagrun for tmdb_raw_pipeline to 2026-03-23 00:00:00+00:00, run_after=2026-03-24 00:00:00+00:00
[2026-03-23T11:04:22.385+0000] {processor.py:183} INFO - Processing /opt/airflow/dags/tmdb_daily_dag.py took 0.071 seconds
[2026-03-23T11:04:52.766+0000] {processor.py:161} INFO - Started process (PID=19117) to work on /opt/airflow/dags/tmdb_daily_dag.py
[2026-03-23T11:04:52.770+0000] {processor.py:830} INFO - Processing file /opt/airflow/dags/tmdb_daily_dag.py for tasks to queue
[2026-03-23T11:04:52.772+0000] {logging_mixin.py:188} INFO - [2026-03-23T11:04:52.772+0000] {dagbag.py:545} INFO - Filling up the DagBag from /opt/airflow/dags/tmdb_daily_dag.py
[2026-03-23T11:04:52.789+0000] {processor.py:840} INFO - DAG(s) 'tmdb_raw_pipeline' retrieved from /opt/airflow/dags/tmdb_daily_dag.py
[2026-03-23T11:04:52.806+0000] {logging_mixin.py:188} INFO - [2026-03-23T11:04:52.806+0000] {dag.py:3096} INFO - Sync 1 DAGs
[2026-03-23T11:04:52.823+0000] {logging_mixin.py:188} INFO - [2026-03-23T11:04:52.823+0000] {dag.py:3954} INFO - Setting next_dagrun for tmdb_raw_pipeline to 2026-03-23 00:00:00+00:00, run_after=2026-03-24 00:00:00+00:00
[2026-03-23T11:04:52.834+0000] {processor.py:183} INFO - Processing /opt/airflow/dags/tmdb_daily_dag.py took 0.076 seconds
[2026-03-23T11:05:23.311+0000] {processor.py:161} INFO - Started process (PID=19137) to work on /opt/airflow/dags/tmdb_daily_dag.py
[2026-03-23T11:05:23.313+0000] {processor.py:830} INFO - Processing file /opt/airflow/dags/tmdb_daily_dag.py for tasks to queue
[2026-03-23T11:05:23.314+0000] {logging_mixin.py:188} INFO - [2026-03-23T11:05:23.314+0000] {dagbag.py:545} INFO - Filling up the DagBag from /opt/airflow/dags/tmdb_daily_dag.py
[2026-03-23T11:05:23.328+0000] {processor.py:840} INFO - DAG(s) 'tmdb_raw_pipeline' retrieved from /opt/airflow/dags/tmdb_daily_dag.py
[2026-03-23T11:05:23.343+0000] {logging_mixin.py:188} INFO - [2026-03-23T11:05:23.343+0000] {dag.py:3096} INFO - Sync 1 DAGs
[2026-03-23T11:05:23.358+0000] {logging_mixin.py:188} INFO - [2026-03-23T11:05:23.358+0000] {dag.py:3954} INFO - Setting next_dagrun for tmdb_raw_pipeline to 2026-03-23 00:00:00+00:00, run_after=2026-03-24 00:00:00+00:00
[2026-03-23T11:05:23.371+0000] {processor.py:183} INFO - Processing /opt/airflow/dags/tmdb_daily_dag.py took 0.065 seconds
[2026-03-23T11:05:53.826+0000] {processor.py:161} INFO - Started process (PID=19157) to work on /opt/airflow/dags/tmdb_daily_dag.py
[2026-03-23T11:05:53.828+0000] {processor.py:830} INFO - Processing file /opt/airflow/dags/tmdb_daily_dag.py for tasks to queue
[2026-03-23T11:05:53.829+0000] {logging_mixin.py:188} INFO - [2026-03-23T11:05:53.829+0000] {dagbag.py:545} INFO - Filling up the DagBag from /opt/airflow/dags/tmdb_daily_dag.py
[2026-03-23T11:05:53.842+0000] {processor.py:840} INFO - DAG(s) 'tmdb_raw_pipeline' retrieved from /opt/airflow/dags/tmdb_daily_dag.py
[2026-03-23T11:05:53.860+0000] {logging_mixin.py:188} INFO - [2026-03-23T11:05:53.860+0000] {dag.py:3096} INFO - Sync 1 DAGs
[2026-03-23T11:05:53.886+0000] {logging_mixin.py:188} INFO - [2026-03-23T11:05:53.886+0000] {dag.py:3954} INFO - Setting next_dagrun for tmdb_raw_pipeline to 2026-03-23 00:00:00+00:00, run_after=2026-03-24 00:00:00+00:00
[2026-03-23T11:05:53.898+0000] {processor.py:183} INFO - Processing /opt/airflow/dags/tmdb_daily_dag.py took 0.080 seconds
[2026-03-23T11:06:24.473+0000] {processor.py:161} INFO - Started process (PID=19177) to work on /opt/airflow/dags/tmdb_daily_dag.py
[2026-03-23T11:06:24.475+0000] {processor.py:830} INFO - Processing file /opt/airflow/dags/tmdb_daily_dag.py for tasks to queue
[2026-03-23T11:06:24.476+0000] {logging_mixin.py:188} INFO - [2026-03-23T11:06:24.476+0000] {dagbag.py:545} INFO - Filling up the DagBag from /opt/airflow/dags/tmdb_daily_dag.py
[2026-03-23T11:06:24.493+0000] {processor.py:840} INFO - DAG(s) 'tmdb_raw_pipeline' retrieved from /opt/airflow/dags/tmdb_daily_dag.py
[2026-03-23T11:06:24.518+0000] {logging_mixin.py:188} INFO - [2026-03-23T11:06:24.518+0000] {dag.py:3096} INFO - Sync 1 DAGs
[2026-03-23T11:06:24.576+0000] {logging_mixin.py:188} INFO - [2026-03-23T11:06:24.576+0000] {dag.py:3954} INFO - Setting next_dagrun for tmdb_raw_pipeline to 2026-03-23 00:00:00+00:00, run_after=2026-03-24 00:00:00+00:00
[2026-03-23T11:06:24.586+0000] {processor.py:183} INFO - Processing /opt/airflow/dags/tmdb_daily_dag.py took 0.120 seconds
[2026-03-23T11:06:54.935+0000] {processor.py:161} INFO - Started process (PID=19197) to work on /opt/airflow/dags/tmdb_daily_dag.py
[2026-03-23T11:06:54.938+0000] {processor.py:830} INFO - Processing file /opt/airflow/dags/tmdb_daily_dag.py for tasks to queue
[2026-03-23T11:06:54.939+0000] {logging_mixin.py:188} INFO - [2026-03-23T11:06:54.939+0000] {dagbag.py:545} INFO - Filling up the DagBag from /opt/airflow/dags/tmdb_daily_dag.py
[2026-03-23T11:06:54.953+0000] {processor.py:840} INFO - DAG(s) 'tmdb_raw_pipeline' retrieved from /opt/airflow/dags/tmdb_daily_dag.py
[2026-03-23T11:06:54.972+0000] {logging_mixin.py:188} INFO - [2026-03-23T11:06:54.972+0000] {dag.py:3096} INFO - Sync 1 DAGs
[2026-03-23T11:06:54.985+0000] {logging_mixin.py:188} INFO - [2026-03-23T11:06:54.985+0000] {dag.py:3954} INFO - Setting next_dagrun for tmdb_raw_pipeline to 2026-03-23 00:00:00+00:00, run_after=2026-03-24 00:00:00+00:00
[2026-03-23T11:06:54.997+0000] {processor.py:183} INFO - Processing /opt/airflow/dags/tmdb_daily_dag.py took 0.070 seconds
[2026-03-23T11:07:25.439+0000] {processor.py:161} INFO - Started process (PID=19217) to work on /opt/airflow/dags/tmdb_daily_dag.py
[2026-03-23T11:07:25.441+0000] {processor.py:830} INFO - Processing file /opt/airflow/dags/tmdb_daily_dag.py for tasks to queue
[2026-03-23T11:07:25.442+0000] {logging_mixin.py:188} INFO - [2026-03-23T11:07:25.442+0000] {dagbag.py:545} INFO - Filling up the DagBag from /opt/airflow/dags/tmdb_daily_dag.py
[2026-03-23T11:07:25.453+0000] {processor.py:840} INFO - DAG(s) 'tmdb_raw_pipeline' retrieved from /opt/airflow/dags/tmdb_daily_dag.py
[2026-03-23T11:07:25.471+0000] {logging_mixin.py:188} INFO - [2026-03-23T11:07:25.471+0000] {dag.py:3096} INFO - Sync 1 DAGs
[2026-03-23T11:07:25.482+0000] {logging_mixin.py:188} INFO - [2026-03-23T11:07:25.482+0000] {dag.py:3954} INFO - Setting next_dagrun for tmdb_raw_pipeline to 2026-03-23 00:00:00+00:00, run_after=2026-03-24 00:00:00+00:00
[2026-03-23T11:07:25.493+0000] {processor.py:183} INFO - Processing /opt/airflow/dags/tmdb_daily_dag.py took 0.061 seconds
[2026-03-23T11:07:56.018+0000] {processor.py:161} INFO - Started process (PID=19237) to work on /opt/airflow/dags/tmdb_daily_dag.py
[2026-03-23T11:07:56.020+0000] {processor.py:830} INFO - Processing file /opt/airflow/dags/tmdb_daily_dag.py for tasks to queue
[2026-03-23T11:07:56.021+0000] {logging_mixin.py:188} INFO - [2026-03-23T11:07:56.021+0000] {dagbag.py:545} INFO - Filling up the DagBag from /opt/airflow/dags/tmdb_daily_dag.py
[2026-03-23T11:07:56.037+0000] {processor.py:840} INFO - DAG(s) 'tmdb_raw_pipeline' retrieved from /opt/airflow/dags/tmdb_daily_dag.py
[2026-03-23T11:07:56.063+0000] {logging_mixin.py:188} INFO - [2026-03-23T11:07:56.062+0000] {dag.py:3096} INFO - Sync 1 DAGs
[2026-03-23T11:07:56.077+0000] {logging_mixin.py:188} INFO - [2026-03-23T11:07:56.077+0000] {dag.py:3954} INFO - Setting next_dagrun for tmdb_raw_pipeline to 2026-03-23 00:00:00+00:00, run_after=2026-03-24 00:00:00+00:00
[2026-03-23T11:07:56.089+0000] {processor.py:183} INFO - Processing /opt/airflow/dags/tmdb_daily_dag.py took 0.077 seconds
[2026-03-23T11:08:26.477+0000] {processor.py:161} INFO - Started process (PID=19257) to work on /opt/airflow/dags/tmdb_daily_dag.py
[2026-03-23T11:08:26.480+0000] {processor.py:830} INFO - Processing file /opt/airflow/dags/tmdb_daily_dag.py for tasks to queue
[2026-03-23T11:08:26.480+0000] {logging_mixin.py:188} INFO - [2026-03-23T11:08:26.480+0000] {dagbag.py:545} INFO - Filling up the DagBag from /opt/airflow/dags/tmdb_daily_dag.py
[2026-03-23T11:08:26.494+0000] {processor.py:840} INFO - DAG(s) 'tmdb_raw_pipeline' retrieved from /opt/airflow/dags/tmdb_daily_dag.py
[2026-03-23T11:08:26.514+0000] {logging_mixin.py:188} INFO - [2026-03-23T11:08:26.514+0000] {dag.py:3096} INFO - Sync 1 DAGs
[2026-03-23T11:08:26.526+0000] {logging_mixin.py:188} INFO - [2026-03-23T11:08:26.526+0000] {dag.py:3954} INFO - Setting next_dagrun for tmdb_raw_pipeline to 2026-03-23 00:00:00+00:00, run_after=2026-03-24 00:00:00+00:00
[2026-03-23T11:08:26.537+0000] {processor.py:183} INFO - Processing /opt/airflow/dags/tmdb_daily_dag.py took 0.066 seconds
[2026-03-23T11:08:57.000+0000] {processor.py:161} INFO - Started process (PID=19277) to work on /opt/airflow/dags/tmdb_daily_dag.py
[2026-03-23T11:08:57.003+0000] {processor.py:830} INFO - Processing file /opt/airflow/dags/tmdb_daily_dag.py for tasks to queue
[2026-03-23T11:08:57.004+0000] {logging_mixin.py:188} INFO - [2026-03-23T11:08:57.003+0000] {dagbag.py:545} INFO - Filling up the DagBag from /opt/airflow/dags/tmdb_daily_dag.py
[2026-03-23T11:08:57.019+0000] {processor.py:840} INFO - DAG(s) 'tmdb_raw_pipeline' retrieved from /opt/airflow/dags/tmdb_daily_dag.py
[2026-03-23T11:08:57.038+0000] {logging_mixin.py:188} INFO - [2026-03-23T11:08:57.038+0000] {dag.py:3096} INFO - Sync 1 DAGs
[2026-03-23T11:08:57.054+0000] {logging_mixin.py:188} INFO - [2026-03-23T11:08:57.054+0000] {dag.py:3954} INFO - Setting next_dagrun for tmdb_raw_pipeline to 2026-03-23 00:00:00+00:00, run_after=2026-03-24 00:00:00+00:00
[2026-03-23T11:08:57.067+0000] {processor.py:183} INFO - Processing /opt/airflow/dags/tmdb_daily_dag.py took 0.071 seconds
[2026-03-23T11:09:27.490+0000] {processor.py:161} INFO - Started process (PID=19297) to work on /opt/airflow/dags/tmdb_daily_dag.py
[2026-03-23T11:09:27.493+0000] {processor.py:830} INFO - Processing file /opt/airflow/dags/tmdb_daily_dag.py for tasks to queue
[2026-03-23T11:09:27.495+0000] {logging_mixin.py:188} INFO - [2026-03-23T11:09:27.495+0000] {dagbag.py:545} INFO - Filling up the DagBag from /opt/airflow/dags/tmdb_daily_dag.py
[2026-03-23T11:09:27.509+0000] {processor.py:840} INFO - DAG(s) 'tmdb_raw_pipeline' retrieved from /opt/airflow/dags/tmdb_daily_dag.py
[2026-03-23T11:09:27.530+0000] {logging_mixin.py:188} INFO - [2026-03-23T11:09:27.529+0000] {dag.py:3096} INFO - Sync 1 DAGs
[2026-03-23T11:09:27.540+0000] {logging_mixin.py:188} INFO - [2026-03-23T11:09:27.540+0000] {dag.py:3954} INFO - Setting next_dagrun for tmdb_raw_pipeline to 2026-03-23 00:00:00+00:00, run_after=2026-03-24 00:00:00+00:00
[2026-03-23T11:09:27.565+0000] {processor.py:183} INFO - Processing /opt/airflow/dags/tmdb_daily_dag.py took 0.080 seconds
[2026-03-23T11:09:57.928+0000] {processor.py:161} INFO - Started process (PID=19317) to work on /opt/airflow/dags/tmdb_daily_dag.py
[2026-03-23T11:09:57.930+0000] {processor.py:830} INFO - Processing file /opt/airflow/dags/tmdb_daily_dag.py for tasks to queue
[2026-03-23T11:09:57.931+0000] {logging_mixin.py:188} INFO - [2026-03-23T11:09:57.931+0000] {dagbag.py:545} INFO - Filling up the DagBag from /opt/airflow/dags/tmdb_daily_dag.py
[2026-03-23T11:09:57.947+0000] {processor.py:840} INFO - DAG(s) 'tmdb_raw_pipeline' retrieved from /opt/airflow/dags/tmdb_daily_dag.py
[2026-03-23T11:09:57.964+0000] {logging_mixin.py:188} INFO - [2026-03-23T11:09:57.964+0000] {dag.py:3096} INFO - Sync 1 DAGs
[2026-03-23T11:09:57.983+0000] {logging_mixin.py:188} INFO - [2026-03-23T11:09:57.983+0000] {dag.py:3954} INFO - Setting next_dagrun for tmdb_raw_pipeline to 2026-03-23 00:00:00+00:00, run_after=2026-03-24 00:00:00+00:00
[2026-03-23T11:09:57.993+0000] {processor.py:183} INFO - Processing /opt/airflow/dags/tmdb_daily_dag.py took 0.070 seconds
[2026-03-23T11:10:28.525+0000] {processor.py:161} INFO - Started process (PID=19337) to work on /opt/airflow/dags/tmdb_daily_dag.py
[2026-03-23T11:10:28.527+0000] {processor.py:830} INFO - Processing file /opt/airflow/dags/tmdb_daily_dag.py for tasks to queue
[2026-03-23T11:10:28.528+0000] {logging_mixin.py:188} INFO - [2026-03-23T11:10:28.528+0000] {dagbag.py:545} INFO - Filling up the DagBag from /opt/airflow/dags/tmdb_daily_dag.py
[2026-03-23T11:10:28.552+0000] {processor.py:840} INFO - DAG(s) 'tmdb_raw_pipeline' retrieved from /opt/airflow/dags/tmdb_daily_dag.py
[2026-03-23T11:10:28.582+0000] {logging_mixin.py:188} INFO - [2026-03-23T11:10:28.581+0000] {dag.py:3096} INFO - Sync 1 DAGs
[2026-03-23T11:10:28.600+0000] {logging_mixin.py:188} INFO - [2026-03-23T11:10:28.600+0000] {dag.py:3954} INFO - Setting next_dagrun for tmdb_raw_pipeline to 2026-03-23 00:00:00+00:00, run_after=2026-03-24 00:00:00+00:00
[2026-03-23T11:10:28.609+0000] {processor.py:183} INFO - Processing /opt/airflow/dags/tmdb_daily_dag.py took 0.090 seconds
[2026-03-23T11:10:59.050+0000] {processor.py:161} INFO - Started process (PID=19357) to work on /opt/airflow/dags/tmdb_daily_dag.py
[2026-03-23T11:10:59.052+0000] {processor.py:830} INFO - Processing file /opt/airflow/dags/tmdb_daily_dag.py for tasks to queue
[2026-03-23T11:10:59.053+0000] {logging_mixin.py:188} INFO - [2026-03-23T11:10:59.052+0000] {dagbag.py:545} INFO - Filling up the DagBag from /opt/airflow/dags/tmdb_daily_dag.py
[2026-03-23T11:10:59.062+0000] {processor.py:840} INFO - DAG(s) 'tmdb_raw_pipeline' retrieved from /opt/airflow/dags/tmdb_daily_dag.py
[2026-03-23T11:10:59.083+0000] {logging_mixin.py:188} INFO - [2026-03-23T11:10:59.082+0000] {dag.py:3096} INFO - Sync 1 DAGs
[2026-03-23T11:10:59.096+0000] {logging_mixin.py:188} INFO - [2026-03-23T11:10:59.096+0000] {dag.py:3954} INFO - Setting next_dagrun for tmdb_raw_pipeline to 2026-03-23 00:00:00+00:00, run_after=2026-03-24 00:00:00+00:00
[2026-03-23T11:10:59.110+0000] {processor.py:183} INFO - Processing /opt/airflow/dags/tmdb_daily_dag.py took 0.067 seconds
[2026-03-23T11:11:29.608+0000] {processor.py:161} INFO - Started process (PID=19377) to work on /opt/airflow/dags/tmdb_daily_dag.py
[2026-03-23T11:11:29.611+0000] {processor.py:830} INFO - Processing file /opt/airflow/dags/tmdb_daily_dag.py for tasks to queue
[2026-03-23T11:11:29.612+0000] {logging_mixin.py:188} INFO - [2026-03-23T11:11:29.612+0000] {dagbag.py:545} INFO - Filling up the DagBag from /opt/airflow/dags/tmdb_daily_dag.py
[2026-03-23T11:11:29.626+0000] {processor.py:840} INFO - DAG(s) 'tmdb_raw_pipeline' retrieved from /opt/airflow/dags/tmdb_daily_dag.py
[2026-03-23T11:11:29.641+0000] {logging_mixin.py:188} INFO - [2026-03-23T11:11:29.641+0000] {dag.py:3096} INFO - Sync 1 DAGs
[2026-03-23T11:11:29.661+0000] {logging_mixin.py:188} INFO - [2026-03-23T11:11:29.660+0000] {dag.py:3954} INFO - Setting next_dagrun for tmdb_raw_pipeline to 2026-03-23 00:00:00+00:00, run_after=2026-03-24 00:00:00+00:00
[2026-03-23T11:11:29.679+0000] {processor.py:183} INFO - Processing /opt/airflow/dags/tmdb_daily_dag.py took 0.076 seconds
[2026-03-23T11:12:00.101+0000] {processor.py:161} INFO - Started process (PID=19397) to work on /opt/airflow/dags/tmdb_daily_dag.py
[2026-03-23T11:12:00.103+0000] {processor.py:830} INFO - Processing file /opt/airflow/dags/tmdb_daily_dag.py for tasks to queue
[2026-03-23T11:12:00.104+0000] {logging_mixin.py:188} INFO - [2026-03-23T11:12:00.104+0000] {dagbag.py:545} INFO - Filling up the DagBag from /opt/airflow/dags/tmdb_daily_dag.py
[2026-03-23T11:12:00.151+0000] {processor.py:840} INFO - DAG(s) 'tmdb_raw_pipeline' retrieved from /opt/airflow/dags/tmdb_daily_dag.py
[2026-03-23T11:12:00.205+0000] {logging_mixin.py:188} INFO - [2026-03-23T11:12:00.205+0000] {dag.py:3096} INFO - Sync 1 DAGs
[2026-03-23T11:12:00.280+0000] {logging_mixin.py:188} INFO - [2026-03-23T11:12:00.279+0000] {dag.py:3954} INFO - Setting next_dagrun for tmdb_raw_pipeline to 2026-03-23 00:00:00+00:00, run_after=2026-03-24 00:00:00+00:00
[2026-03-23T11:12:00.303+0000] {processor.py:183} INFO - Processing /opt/airflow/dags/tmdb_daily_dag.py took 0.209 seconds
[2026-03-23T11:12:30.820+0000] {processor.py:161} INFO - Started process (PID=19417) to work on /opt/airflow/dags/tmdb_daily_dag.py
[2026-03-23T11:12:30.823+0000] {processor.py:830} INFO - Processing file /opt/airflow/dags/tmdb_daily_dag.py for tasks to queue
[2026-03-23T11:12:30.824+0000] {logging_mixin.py:188} INFO - [2026-03-23T11:12:30.824+0000] {dagbag.py:545} INFO - Filling up the DagBag from /opt/airflow/dags/tmdb_daily_dag.py
[2026-03-23T11:12:30.840+0000] {processor.py:840} INFO - DAG(s) 'tmdb_raw_pipeline' retrieved from /opt/airflow/dags/tmdb_daily_dag.py
[2026-03-23T11:12:30.859+0000] {logging_mixin.py:188} INFO - [2026-03-23T11:12:30.859+0000] {dag.py:3096} INFO - Sync 1 DAGs
[2026-03-23T11:12:30.879+0000] {logging_mixin.py:188} INFO - [2026-03-23T11:12:30.879+0000] {dag.py:3954} INFO - Setting next_dagrun for tmdb_raw_pipeline to 2026-03-23 00:00:00+00:00, run_after=2026-03-24 00:00:00+00:00
[2026-03-23T11:12:30.894+0000] {processor.py:183} INFO - Processing /opt/airflow/dags/tmdb_daily_dag.py took 0.079 seconds
[2026-03-23T11:13:01.408+0000] {processor.py:161} INFO - Started process (PID=19437) to work on /opt/airflow/dags/tmdb_daily_dag.py
[2026-03-23T11:13:01.410+0000] {processor.py:830} INFO - Processing file /opt/airflow/dags/tmdb_daily_dag.py for tasks to queue
[2026-03-23T11:13:01.411+0000] {logging_mixin.py:188} INFO - [2026-03-23T11:13:01.410+0000] {dagbag.py:545} INFO - Filling up the DagBag from /opt/airflow/dags/tmdb_daily_dag.py
[2026-03-23T11:13:01.425+0000] {processor.py:840} INFO - DAG(s) 'tmdb_raw_pipeline' retrieved from /opt/airflow/dags/tmdb_daily_dag.py
[2026-03-23T11:13:01.444+0000] {logging_mixin.py:188} INFO - [2026-03-23T11:13:01.444+0000] {dag.py:3096} INFO - Sync 1 DAGs
[2026-03-23T11:13:01.464+0000] {logging_mixin.py:188} INFO - [2026-03-23T11:13:01.463+0000] {dag.py:3954} INFO - Setting next_dagrun for tmdb_raw_pipeline to 2026-03-23 00:00:00+00:00, run_after=2026-03-24 00:00:00+00:00
[2026-03-23T11:13:01.478+0000] {processor.py:183} INFO - Processing /opt/airflow/dags/tmdb_daily_dag.py took 0.077 seconds
[2026-03-23T11:13:32.049+0000] {processor.py:161} INFO - Started process (PID=19457) to work on /opt/airflow/dags/tmdb_daily_dag.py
[2026-03-23T11:13:32.051+0000] {processor.py:830} INFO - Processing file /opt/airflow/dags/tmdb_daily_dag.py for tasks to queue
[2026-03-23T11:13:32.052+0000] {logging_mixin.py:188} INFO - [2026-03-23T11:13:32.052+0000] {dagbag.py:545} INFO - Filling up the DagBag from /opt/airflow/dags/tmdb_daily_dag.py
[2026-03-23T11:13:32.062+0000] {processor.py:840} INFO - DAG(s) 'tmdb_raw_pipeline' retrieved from /opt/airflow/dags/tmdb_daily_dag.py
[2026-03-23T11:13:32.075+0000] {logging_mixin.py:188} INFO - [2026-03-23T11:13:32.075+0000] {dag.py:3096} INFO - Sync 1 DAGs
[2026-03-23T11:13:32.091+0000] {logging_mixin.py:188} INFO - [2026-03-23T11:13:32.091+0000] {dag.py:3954} INFO - Setting next_dagrun for tmdb_raw_pipeline to 2026-03-23 00:00:00+00:00, run_after=2026-03-24 00:00:00+00:00
[2026-03-23T11:13:32.099+0000] {processor.py:183} INFO - Processing /opt/airflow/dags/tmdb_daily_dag.py took 0.055 seconds
[2026-03-23T11:14:02.535+0000] {processor.py:161} INFO - Started process (PID=19477) to work on /opt/airflow/dags/tmdb_daily_dag.py
[2026-03-23T11:14:02.538+0000] {processor.py:830} INFO - Processing file /opt/airflow/dags/tmdb_daily_dag.py for tasks to queue
[2026-03-23T11:14:02.538+0000] {logging_mixin.py:188} INFO - [2026-03-23T11:14:02.538+0000] {dagbag.py:545} INFO - Filling up the DagBag from /opt/airflow/dags/tmdb_daily_dag.py
[2026-03-23T11:14:02.553+0000] {processor.py:840} INFO - DAG(s) 'tmdb_raw_pipeline' retrieved from /opt/airflow/dags/tmdb_daily_dag.py
[2026-03-23T11:14:02.576+0000] {logging_mixin.py:188} INFO - [2026-03-23T11:14:02.576+0000] {dag.py:3096} INFO - Sync 1 DAGs
[2026-03-23T11:14:02.597+0000] {logging_mixin.py:188} INFO - [2026-03-23T11:14:02.597+0000] {dag.py:3954} INFO - Setting next_dagrun for tmdb_raw_pipeline to 2026-03-23 00:00:00+00:00, run_after=2026-03-24 00:00:00+00:00
[2026-03-23T11:14:02.612+0000] {processor.py:183} INFO - Processing /opt/airflow/dags/tmdb_daily_dag.py took 0.085 seconds
[2026-03-23T11:14:33.182+0000] {processor.py:161} INFO - Started process (PID=19497) to work on /opt/airflow/dags/tmdb_daily_dag.py
[2026-03-23T11:14:33.185+0000] {processor.py:830} INFO - Processing file /opt/airflow/dags/tmdb_daily_dag.py for tasks to queue
[2026-03-23T11:14:33.185+0000] {logging_mixin.py:188} INFO - [2026-03-23T11:14:33.185+0000] {dagbag.py:545} INFO - Filling up the DagBag from /opt/airflow/dags/tmdb_daily_dag.py
[2026-03-23T11:14:33.202+0000] {processor.py:840} INFO - DAG(s) 'tmdb_raw_pipeline' retrieved from /opt/airflow/dags/tmdb_daily_dag.py
[2026-03-23T11:14:33.216+0000] {logging_mixin.py:188} INFO - [2026-03-23T11:14:33.216+0000] {dag.py:3096} INFO - Sync 1 DAGs
[2026-03-23T11:14:33.231+0000] {logging_mixin.py:188} INFO - [2026-03-23T11:14:33.230+0000] {dag.py:3954} INFO - Setting next_dagrun for tmdb_raw_pipeline to 2026-03-23 00:00:00+00:00, run_after=2026-03-24 00:00:00+00:00
[2026-03-23T11:14:33.241+0000] {processor.py:183} INFO - Processing /opt/airflow/dags/tmdb_daily_dag.py took 0.069 seconds
[2026-03-23T11:15:03.708+0000] {processor.py:161} INFO - Started process (PID=19517) to work on /opt/airflow/dags/tmdb_daily_dag.py
[2026-03-23T11:15:03.711+0000] {processor.py:830} INFO - Processing file /opt/airflow/dags/tmdb_daily_dag.py for tasks to queue
[2026-03-23T11:15:03.711+0000] {logging_mixin.py:188} INFO - [2026-03-23T11:15:03.711+0000] {dagbag.py:545} INFO - Filling up the DagBag from /opt/airflow/dags/tmdb_daily_dag.py
[2026-03-23T11:15:03.721+0000] {processor.py:840} INFO - DAG(s) 'tmdb_raw_pipeline' retrieved from /opt/airflow/dags/tmdb_daily_dag.py
[2026-03-23T11:15:03.736+0000] {logging_mixin.py:188} INFO - [2026-03-23T11:15:03.736+0000] {dag.py:3096} INFO - Sync 1 DAGs
[2026-03-23T11:15:03.746+0000] {logging_mixin.py:188} INFO - [2026-03-23T11:15:03.746+0000] {dag.py:3954} INFO - Setting next_dagrun for tmdb_raw_pipeline to 2026-03-23 00:00:00+00:00, run_after=2026-03-24 00:00:00+00:00
[2026-03-23T11:15:03.757+0000] {processor.py:183} INFO - Processing /opt/airflow/dags/tmdb_daily_dag.py took 0.053 seconds
[2026-03-23T11:15:34.326+0000] {processor.py:161} INFO - Started process (PID=19537) to work on /opt/airflow/dags/tmdb_daily_dag.py
[2026-03-23T11:15:34.328+0000] {processor.py:830} INFO - Processing file /opt/airflow/dags/tmdb_daily_dag.py for tasks to queue
[2026-03-23T11:15:34.329+0000] {logging_mixin.py:188} INFO - [2026-03-23T11:15:34.329+0000] {dagbag.py:545} INFO - Filling up the DagBag from /opt/airflow/dags/tmdb_daily_dag.py
[2026-03-23T11:15:34.338+0000] {processor.py:840} INFO - DAG(s) 'tmdb_raw_pipeline' retrieved from /opt/airflow/dags/tmdb_daily_dag.py
[2026-03-23T11:15:34.361+0000] {logging_mixin.py:188} INFO - [2026-03-23T11:15:34.360+0000] {dag.py:3096} INFO - Sync 1 DAGs
[2026-03-23T11:15:34.378+0000] {logging_mixin.py:188} INFO - [2026-03-23T11:15:34.378+0000] {dag.py:3954} INFO - Setting next_dagrun for tmdb_raw_pipeline to 2026-03-23 00:00:00+00:00, run_after=2026-03-24 00:00:00+00:00
[2026-03-23T11:15:34.389+0000] {processor.py:183} INFO - Processing /opt/airflow/dags/tmdb_daily_dag.py took 0.068 seconds
[2026-03-23T11:16:04.910+0000] {processor.py:161} INFO - Started process (PID=19557) to work on /opt/airflow/dags/tmdb_daily_dag.py
[2026-03-23T11:16:04.914+0000] {processor.py:830} INFO - Processing file /opt/airflow/dags/tmdb_daily_dag.py for tasks to queue
[2026-03-23T11:16:04.914+0000] {logging_mixin.py:188} INFO - [2026-03-23T11:16:04.914+0000] {dagbag.py:545} INFO - Filling up the DagBag from /opt/airflow/dags/tmdb_daily_dag.py
[2026-03-23T11:16:04.931+0000] {processor.py:840} INFO - DAG(s) 'tmdb_raw_pipeline' retrieved from /opt/airflow/dags/tmdb_daily_dag.py
[2026-03-23T11:16:04.952+0000] {logging_mixin.py:188} INFO - [2026-03-23T11:16:04.952+0000] {dag.py:3096} INFO - Sync 1 DAGs
[2026-03-23T11:16:04.967+0000] {logging_mixin.py:188} INFO - [2026-03-23T11:16:04.967+0000] {dag.py:3954} INFO - Setting next_dagrun for tmdb_raw_pipeline to 2026-03-23 00:00:00+00:00, run_after=2026-03-24 00:00:00+00:00
[2026-03-23T11:16:04.987+0000] {processor.py:183} INFO - Processing /opt/airflow/dags/tmdb_daily_dag.py took 0.083 seconds
[2026-03-23T11:16:35.512+0000] {processor.py:161} INFO - Started process (PID=19577) to work on /opt/airflow/dags/tmdb_daily_dag.py
[2026-03-23T11:16:35.517+0000] {processor.py:830} INFO - Processing file /opt/airflow/dags/tmdb_daily_dag.py for tasks to queue
[2026-03-23T11:16:35.519+0000] {logging_mixin.py:188} INFO - [2026-03-23T11:16:35.518+0000] {dagbag.py:545} INFO - Filling up the DagBag from /opt/airflow/dags/tmdb_daily_dag.py
[2026-03-23T11:16:35.533+0000] {processor.py:840} INFO - DAG(s) 'tmdb_raw_pipeline' retrieved from /opt/airflow/dags/tmdb_daily_dag.py
[2026-03-23T11:16:35.569+0000] {logging_mixin.py:188} INFO - [2026-03-23T11:16:35.569+0000] {dag.py:3096} INFO - Sync 1 DAGs
[2026-03-23T11:16:35.586+0000] {logging_mixin.py:188} INFO - [2026-03-23T11:16:35.586+0000] {dag.py:3954} INFO - Setting next_dagrun for tmdb_raw_pipeline to 2026-03-23 00:00:00+00:00, run_after=2026-03-24 00:00:00+00:00
[2026-03-23T11:16:35.596+0000] {processor.py:183} INFO - Processing /opt/airflow/dags/tmdb_daily_dag.py took 0.089 seconds
[2026-03-23T11:17:06.034+0000] {processor.py:161} INFO - Started process (PID=19597) to work on /opt/airflow/dags/tmdb_daily_dag.py
[2026-03-23T11:17:06.039+0000] {processor.py:830} INFO - Processing file /opt/airflow/dags/tmdb_daily_dag.py for tasks to queue
[2026-03-23T11:17:06.041+0000] {logging_mixin.py:188} INFO - [2026-03-23T11:17:06.040+0000] {dagbag.py:545} INFO - Filling up the DagBag from /opt/airflow/dags/tmdb_daily_dag.py
[2026-03-23T11:17:06.058+0000] {processor.py:840} INFO - DAG(s) 'tmdb_raw_pipeline' retrieved from /opt/airflow/dags/tmdb_daily_dag.py
[2026-03-23T11:17:06.074+0000] {logging_mixin.py:188} INFO - [2026-03-23T11:17:06.074+0000] {dag.py:3096} INFO - Sync 1 DAGs
[2026-03-23T11:17:06.090+0000] {logging_mixin.py:188} INFO - [2026-03-23T11:17:06.090+0000] {dag.py:3954} INFO - Setting next_dagrun for tmdb_raw_pipeline to 2026-03-23 00:00:00+00:00, run_after=2026-03-24 00:00:00+00:00
[2026-03-23T11:17:06.103+0000] {processor.py:183} INFO - Processing /opt/airflow/dags/tmdb_daily_dag.py took 0.074 seconds
[2026-03-23T11:17:36.522+0000] {processor.py:161} INFO - Started process (PID=19617) to work on /opt/airflow/dags/tmdb_daily_dag.py
[2026-03-23T11:17:36.524+0000] {processor.py:830} INFO - Processing file /opt/airflow/dags/tmdb_daily_dag.py for tasks to queue
[2026-03-23T11:17:36.525+0000] {logging_mixin.py:188} INFO - [2026-03-23T11:17:36.525+0000] {dagbag.py:545} INFO - Filling up the DagBag from /opt/airflow/dags/tmdb_daily_dag.py
[2026-03-23T11:17:36.542+0000] {processor.py:840} INFO - DAG(s) 'tmdb_raw_pipeline' retrieved from /opt/airflow/dags/tmdb_daily_dag.py
[2026-03-23T11:17:36.560+0000] {logging_mixin.py:188} INFO - [2026-03-23T11:17:36.560+0000] {dag.py:3096} INFO - Sync 1 DAGs
[2026-03-23T11:17:36.584+0000] {logging_mixin.py:188} INFO - [2026-03-23T11:17:36.583+0000] {dag.py:3954} INFO - Setting next_dagrun for tmdb_raw_pipeline to 2026-03-23 00:00:00+00:00, run_after=2026-03-24 00:00:00+00:00
[2026-03-23T11:17:36.591+0000] {processor.py:183} INFO - Processing /opt/airflow/dags/tmdb_daily_dag.py took 0.075 seconds
[2026-03-23T11:18:07.024+0000] {processor.py:161} INFO - Started process (PID=19637) to work on /opt/airflow/dags/tmdb_daily_dag.py
[2026-03-23T11:18:07.026+0000] {processor.py:830} INFO - Processing file /opt/airflow/dags/tmdb_daily_dag.py for tasks to queue
[2026-03-23T11:18:07.028+0000] {logging_mixin.py:188} INFO - [2026-03-23T11:18:07.027+0000] {dagbag.py:545} INFO - Filling up the DagBag from /opt/airflow/dags/tmdb_daily_dag.py
[2026-03-23T11:18:07.041+0000] {processor.py:840} INFO - DAG(s) 'tmdb_raw_pipeline' retrieved from /opt/airflow/dags/tmdb_daily_dag.py
[2026-03-23T11:18:07.059+0000] {logging_mixin.py:188} INFO - [2026-03-23T11:18:07.059+0000] {dag.py:3096} INFO - Sync 1 DAGs
[2026-03-23T11:18:07.070+0000] {logging_mixin.py:188} INFO - [2026-03-23T11:18:07.069+0000] {dag.py:3954} INFO - Setting next_dagrun for tmdb_raw_pipeline to 2026-03-23 00:00:00+00:00, run_after=2026-03-24 00:00:00+00:00
[2026-03-23T11:18:07.081+0000] {processor.py:183} INFO - Processing /opt/airflow/dags/tmdb_daily_dag.py took 0.066 seconds
[2026-03-23T11:18:37.489+0000] {processor.py:161} INFO - Started process (PID=19657) to work on /opt/airflow/dags/tmdb_daily_dag.py
[2026-03-23T11:18:37.491+0000] {processor.py:830} INFO - Processing file /opt/airflow/dags/tmdb_daily_dag.py for tasks to queue
[2026-03-23T11:18:37.492+0000] {logging_mixin.py:188} INFO - [2026-03-23T11:18:37.491+0000] {dagbag.py:545} INFO - Filling up the DagBag from /opt/airflow/dags/tmdb_daily_dag.py
[2026-03-23T11:18:37.506+0000] {processor.py:840} INFO - DAG(s) 'tmdb_raw_pipeline' retrieved from /opt/airflow/dags/tmdb_daily_dag.py
[2026-03-23T11:18:37.527+0000] {logging_mixin.py:188} INFO - [2026-03-23T11:18:37.527+0000] {dag.py:3096} INFO - Sync 1 DAGs
[2026-03-23T11:18:37.549+0000] {logging_mixin.py:188} INFO - [2026-03-23T11:18:37.549+0000] {dag.py:3954} INFO - Setting next_dagrun for tmdb_raw_pipeline to 2026-03-23 00:00:00+00:00, run_after=2026-03-24 00:00:00+00:00
[2026-03-23T11:18:37.565+0000] {processor.py:183} INFO - Processing /opt/airflow/dags/tmdb_daily_dag.py took 0.083 seconds
[2026-03-23T11:19:08.095+0000] {processor.py:161} INFO - Started process (PID=19677) to work on /opt/airflow/dags/tmdb_daily_dag.py
[2026-03-23T11:19:08.098+0000] {processor.py:830} INFO - Processing file /opt/airflow/dags/tmdb_daily_dag.py for tasks to queue
[2026-03-23T11:19:08.098+0000] {logging_mixin.py:188} INFO - [2026-03-23T11:19:08.098+0000] {dagbag.py:545} INFO - Filling up the DagBag from /opt/airflow/dags/tmdb_daily_dag.py
[2026-03-23T11:19:08.109+0000] {processor.py:840} INFO - DAG(s) 'tmdb_raw_pipeline' retrieved from /opt/airflow/dags/tmdb_daily_dag.py
[2026-03-23T11:19:08.129+0000] {logging_mixin.py:188} INFO - [2026-03-23T11:19:08.128+0000] {dag.py:3096} INFO - Sync 1 DAGs
[2026-03-23T11:19:08.146+0000] {logging_mixin.py:188} INFO - [2026-03-23T11:19:08.146+0000] {dag.py:3954} INFO - Setting next_dagrun for tmdb_raw_pipeline to 2026-03-23 00:00:00+00:00, run_after=2026-03-24 00:00:00+00:00
[2026-03-23T11:19:08.157+0000] {processor.py:183} INFO - Processing /opt/airflow/dags/tmdb_daily_dag.py took 0.071 seconds
[2026-03-23T11:19:38.533+0000] {processor.py:161} INFO - Started process (PID=19697) to work on /opt/airflow/dags/tmdb_daily_dag.py
[2026-03-23T11:19:38.535+0000] {processor.py:830} INFO - Processing file /opt/airflow/dags/tmdb_daily_dag.py for tasks to queue
[2026-03-23T11:19:38.535+0000] {logging_mixin.py:188} INFO - [2026-03-23T11:19:38.535+0000] {dagbag.py:545} INFO - Filling up the DagBag from /opt/airflow/dags/tmdb_daily_dag.py
[2026-03-23T11:19:38.550+0000] {processor.py:840} INFO - DAG(s) 'tmdb_raw_pipeline' retrieved from /opt/airflow/dags/tmdb_daily_dag.py
[2026-03-23T11:19:38.575+0000] {logging_mixin.py:188} INFO - [2026-03-23T11:19:38.575+0000] {dag.py:3096} INFO - Sync 1 DAGs
[2026-03-23T11:19:38.596+0000] {logging_mixin.py:188} INFO - [2026-03-23T11:19:38.596+0000] {dag.py:3954} INFO - Setting next_dagrun for tmdb_raw_pipeline to 2026-03-23 00:00:00+00:00, run_after=2026-03-24 00:00:00+00:00
[2026-03-23T11:19:38.609+0000] {processor.py:183} INFO - Processing /opt/airflow/dags/tmdb_daily_dag.py took 0.081 seconds
[2026-03-23T11:20:09.121+0000] {processor.py:161} INFO - Started process (PID=19717) to work on /opt/airflow/dags/tmdb_daily_dag.py
[2026-03-23T11:20:09.123+0000] {processor.py:830} INFO - Processing file /opt/airflow/dags/tmdb_daily_dag.py for tasks to queue
[2026-03-23T11:20:09.124+0000] {logging_mixin.py:188} INFO - [2026-03-23T11:20:09.124+0000] {dagbag.py:545} INFO - Filling up the DagBag from /opt/airflow/dags/tmdb_daily_dag.py
[2026-03-23T11:20:09.142+0000] {processor.py:840} INFO - DAG(s) 'tmdb_raw_pipeline' retrieved from /opt/airflow/dags/tmdb_daily_dag.py
[2026-03-23T11:20:09.181+0000] {logging_mixin.py:188} INFO - [2026-03-23T11:20:09.181+0000] {dag.py:3096} INFO - Sync 1 DAGs
[2026-03-23T11:20:09.203+0000] {logging_mixin.py:188} INFO - [2026-03-23T11:20:09.203+0000] {dag.py:3954} INFO - Setting next_dagrun for tmdb_raw_pipeline to 2026-03-23 00:00:00+00:00, run_after=2026-03-24 00:00:00+00:00
[2026-03-23T11:20:09.209+0000] {processor.py:183} INFO - Processing /opt/airflow/dags/tmdb_daily_dag.py took 0.093 seconds
[2026-03-23T11:20:39.641+0000] {processor.py:161} INFO - Started process (PID=19737) to work on /opt/airflow/dags/tmdb_daily_dag.py
[2026-03-23T11:20:39.643+0000] {processor.py:830} INFO - Processing file /opt/airflow/dags/tmdb_daily_dag.py for tasks to queue
[2026-03-23T11:20:39.644+0000] {logging_mixin.py:188} INFO - [2026-03-23T11:20:39.644+0000] {dagbag.py:545} INFO - Filling up the DagBag from /opt/airflow/dags/tmdb_daily_dag.py
[2026-03-23T11:20:39.660+0000] {processor.py:840} INFO - DAG(s) 'tmdb_raw_pipeline' retrieved from /opt/airflow/dags/tmdb_daily_dag.py
[2026-03-23T11:20:39.680+0000] {logging_mixin.py:188} INFO - [2026-03-23T11:20:39.680+0000] {dag.py:3096} INFO - Sync 1 DAGs
[2026-03-23T11:20:39.698+0000] {logging_mixin.py:188} INFO - [2026-03-23T11:20:39.698+0000] {dag.py:3954} INFO - Setting next_dagrun for tmdb_raw_pipeline to 2026-03-23 00:00:00+00:00, run_after=2026-03-24 00:00:00+00:00
[2026-03-23T11:20:39.708+0000] {processor.py:183} INFO - Processing /opt/airflow/dags/tmdb_daily_dag.py took 0.077 seconds
[2026-03-23T11:21:10.207+0000] {processor.py:161} INFO - Started process (PID=19757) to work on /opt/airflow/dags/tmdb_daily_dag.py
[2026-03-23T11:21:10.209+0000] {processor.py:830} INFO - Processing file /opt/airflow/dags/tmdb_daily_dag.py for tasks to queue
[2026-03-23T11:21:10.212+0000] {logging_mixin.py:188} INFO - [2026-03-23T11:21:10.211+0000] {dagbag.py:545} INFO - Filling up the DagBag from /opt/airflow/dags/tmdb_daily_dag.py
[2026-03-23T11:21:10.225+0000] {processor.py:840} INFO - DAG(s) 'tmdb_raw_pipeline' retrieved from /opt/airflow/dags/tmdb_daily_dag.py
[2026-03-23T11:21:10.248+0000] {logging_mixin.py:188} INFO - [2026-03-23T11:21:10.248+0000] {dag.py:3096} INFO - Sync 1 DAGs
[2026-03-23T11:21:10.266+0000] {logging_mixin.py:188} INFO - [2026-03-23T11:21:10.266+0000] {dag.py:3954} INFO - Setting next_dagrun for tmdb_raw_pipeline to 2026-03-23 00:00:00+00:00, run_after=2026-03-24 00:00:00+00:00
[2026-03-23T11:21:10.280+0000] {processor.py:183} INFO - Processing /opt/airflow/dags/tmdb_daily_dag.py took 0.078 seconds
[2026-03-23T11:21:40.719+0000] {processor.py:161} INFO - Started process (PID=19777) to work on /opt/airflow/dags/tmdb_daily_dag.py
[2026-03-23T11:21:40.721+0000] {processor.py:830} INFO - Processing file /opt/airflow/dags/tmdb_daily_dag.py for tasks to queue
[2026-03-23T11:21:40.724+0000] {logging_mixin.py:188} INFO - [2026-03-23T11:21:40.723+0000] {dagbag.py:545} INFO - Filling up the DagBag from /opt/airflow/dags/tmdb_daily_dag.py
[2026-03-23T11:21:40.736+0000] {processor.py:840} INFO - DAG(s) 'tmdb_raw_pipeline' retrieved from /opt/airflow/dags/tmdb_daily_dag.py
[2026-03-23T11:21:40.764+0000] {logging_mixin.py:188} INFO - [2026-03-23T11:21:40.764+0000] {dag.py:3096} INFO - Sync 1 DAGs
[2026-03-23T11:21:40.777+0000] {logging_mixin.py:188} INFO - [2026-03-23T11:21:40.777+0000] {dag.py:3954} INFO - Setting next_dagrun for tmdb_raw_pipeline to 2026-03-23 00:00:00+00:00, run_after=2026-03-24 00:00:00+00:00
[2026-03-23T11:21:40.786+0000] {processor.py:183} INFO - Processing /opt/airflow/dags/tmdb_daily_dag.py took 0.082 seconds
[2026-03-23T11:22:11.224+0000] {processor.py:161} INFO - Started process (PID=19797) to work on /opt/airflow/dags/tmdb_daily_dag.py
[2026-03-23T11:22:11.226+0000] {processor.py:830} INFO - Processing file /opt/airflow/dags/tmdb_daily_dag.py for tasks to queue
[2026-03-23T11:22:11.227+0000] {logging_mixin.py:188} INFO - [2026-03-23T11:22:11.227+0000] {dagbag.py:545} INFO - Filling up the DagBag from /opt/airflow/dags/tmdb_daily_dag.py
[2026-03-23T11:22:11.242+0000] {processor.py:840} INFO - DAG(s) 'tmdb_raw_pipeline' retrieved from /opt/airflow/dags/tmdb_daily_dag.py
[2026-03-23T11:22:11.262+0000] {logging_mixin.py:188} INFO - [2026-03-23T11:22:11.262+0000] {dag.py:3096} INFO - Sync 1 DAGs
[2026-03-23T11:22:11.278+0000] {logging_mixin.py:188} INFO - [2026-03-23T11:22:11.278+0000] {dag.py:3954} INFO - Setting next_dagrun for tmdb_raw_pipeline to 2026-03-23 00:00:00+00:00, run_after=2026-03-24 00:00:00+00:00
[2026-03-23T11:22:11.291+0000] {processor.py:183} INFO - Processing /opt/airflow/dags/tmdb_daily_dag.py took 0.073 seconds
[2026-03-23T11:22:41.648+0000] {processor.py:161} INFO - Started process (PID=19817) to work on /opt/airflow/dags/tmdb_daily_dag.py
[2026-03-23T11:22:41.653+0000] {processor.py:830} INFO - Processing file /opt/airflow/dags/tmdb_daily_dag.py for tasks to queue
[2026-03-23T11:22:41.655+0000] {logging_mixin.py:188} INFO - [2026-03-23T11:22:41.655+0000] {dagbag.py:545} INFO - Filling up the DagBag from /opt/airflow/dags/tmdb_daily_dag.py
[2026-03-23T11:22:41.670+0000] {processor.py:840} INFO - DAG(s) 'tmdb_raw_pipeline' retrieved from /opt/airflow/dags/tmdb_daily_dag.py
[2026-03-23T11:22:41.690+0000] {logging_mixin.py:188} INFO - [2026-03-23T11:22:41.690+0000] {dag.py:3096} INFO - Sync 1 DAGs
[2026-03-23T11:22:41.719+0000] {logging_mixin.py:188} INFO - [2026-03-23T11:22:41.719+0000] {dag.py:3954} INFO - Setting next_dagrun for tmdb_raw_pipeline to 2026-03-23 00:00:00+00:00, run_after=2026-03-24 00:00:00+00:00
[2026-03-23T11:22:41.732+0000] {processor.py:183} INFO - Processing /opt/airflow/dags/tmdb_daily_dag.py took 0.089 seconds
[2026-03-23T11:23:12.134+0000] {processor.py:161} INFO - Started process (PID=19837) to work on /opt/airflow/dags/tmdb_daily_dag.py
[2026-03-23T11:23:12.136+0000] {processor.py:830} INFO - Processing file /opt/airflow/dags/tmdb_daily_dag.py for tasks to queue
[2026-03-23T11:23:12.137+0000] {logging_mixin.py:188} INFO - [2026-03-23T11:23:12.137+0000] {dagbag.py:545} INFO - Filling up the DagBag from /opt/airflow/dags/tmdb_daily_dag.py
[2026-03-23T11:23:12.151+0000] {processor.py:840} INFO - DAG(s) 'tmdb_raw_pipeline' retrieved from /opt/airflow/dags/tmdb_daily_dag.py
[2026-03-23T11:23:12.177+0000] {logging_mixin.py:188} INFO - [2026-03-23T11:23:12.177+0000] {dag.py:3096} INFO - Sync 1 DAGs
[2026-03-23T11:23:12.205+0000] {logging_mixin.py:188} INFO - [2026-03-23T11:23:12.205+0000] {dag.py:3954} INFO - Setting next_dagrun for tmdb_raw_pipeline to 2026-03-23 00:00:00+00:00, run_after=2026-03-24 00:00:00+00:00
[2026-03-23T11:23:12.221+0000] {processor.py:183} INFO - Processing /opt/airflow/dags/tmdb_daily_dag.py took 0.096 seconds
[2026-03-23T11:23:42.698+0000] {processor.py:161} INFO - Started process (PID=19857) to work on /opt/airflow/dags/tmdb_daily_dag.py
[2026-03-23T11:23:42.700+0000] {processor.py:830} INFO - Processing file /opt/airflow/dags/tmdb_daily_dag.py for tasks to queue
[2026-03-23T11:23:42.700+0000] {logging_mixin.py:188} INFO - [2026-03-23T11:23:42.700+0000] {dagbag.py:545} INFO - Filling up the DagBag from /opt/airflow/dags/tmdb_daily_dag.py
[2026-03-23T11:23:42.713+0000] {processor.py:840} INFO - DAG(s) 'tmdb_raw_pipeline' retrieved from /opt/airflow/dags/tmdb_daily_dag.py
[2026-03-23T11:23:42.729+0000] {logging_mixin.py:188} INFO - [2026-03-23T11:23:42.729+0000] {dag.py:3096} INFO - Sync 1 DAGs
[2026-03-23T11:23:42.743+0000] {logging_mixin.py:188} INFO - [2026-03-23T11:23:42.743+0000] {dag.py:3954} INFO - Setting next_dagrun for tmdb_raw_pipeline to 2026-03-23 00:00:00+00:00, run_after=2026-03-24 00:00:00+00:00
[2026-03-23T11:23:42.754+0000] {processor.py:183} INFO - Processing /opt/airflow/dags/tmdb_daily_dag.py took 0.061 seconds
[2026-03-23T11:24:13.293+0000] {processor.py:161} INFO - Started process (PID=19877) to work on /opt/airflow/dags/tmdb_daily_dag.py
[2026-03-23T11:24:13.295+0000] {processor.py:830} INFO - Processing file /opt/airflow/dags/tmdb_daily_dag.py for tasks to queue
[2026-03-23T11:24:13.296+0000] {logging_mixin.py:188} INFO - [2026-03-23T11:24:13.296+0000] {dagbag.py:545} INFO - Filling up the DagBag from /opt/airflow/dags/tmdb_daily_dag.py
[2026-03-23T11:24:13.309+0000] {processor.py:840} INFO - DAG(s) 'tmdb_raw_pipeline' retrieved from /opt/airflow/dags/tmdb_daily_dag.py
[2026-03-23T11:24:13.338+0000] {logging_mixin.py:188} INFO - [2026-03-23T11:24:13.338+0000] {dag.py:3096} INFO - Sync 1 DAGs
[2026-03-23T11:24:13.364+0000] {logging_mixin.py:188} INFO - [2026-03-23T11:24:13.363+0000] {dag.py:3954} INFO - Setting next_dagrun for tmdb_raw_pipeline to 2026-03-23 00:00:00+00:00, run_after=2026-03-24 00:00:00+00:00
[2026-03-23T11:24:13.373+0000] {processor.py:183} INFO - Processing /opt/airflow/dags/tmdb_daily_dag.py took 0.086 seconds
[2026-03-23T11:24:43.856+0000] {processor.py:161} INFO - Started process (PID=19897) to work on /opt/airflow/dags/tmdb_daily_dag.py
[2026-03-23T11:24:43.858+0000] {processor.py:830} INFO - Processing file /opt/airflow/dags/tmdb_daily_dag.py for tasks to queue
[2026-03-23T11:24:43.859+0000] {logging_mixin.py:188} INFO - [2026-03-23T11:24:43.859+0000] {dagbag.py:545} INFO - Filling up the DagBag from /opt/airflow/dags/tmdb_daily_dag.py
[2026-03-23T11:24:43.872+0000] {processor.py:840} INFO - DAG(s) 'tmdb_raw_pipeline' retrieved from /opt/airflow/dags/tmdb_daily_dag.py
[2026-03-23T11:24:43.890+0000] {logging_mixin.py:188} INFO - [2026-03-23T11:24:43.890+0000] {dag.py:3096} INFO - Sync 1 DAGs
[2026-03-23T11:24:43.902+0000] {logging_mixin.py:188} INFO - [2026-03-23T11:24:43.902+0000] {dag.py:3954} INFO - Setting next_dagrun for tmdb_raw_pipeline to 2026-03-23 00:00:00+00:00, run_after=2026-03-24 00:00:00+00:00
[2026-03-23T11:24:43.914+0000] {processor.py:183} INFO - Processing /opt/airflow/dags/tmdb_daily_dag.py took 0.065 seconds
[2026-03-23T11:25:14.421+0000] {processor.py:161} INFO - Started process (PID=19917) to work on /opt/airflow/dags/tmdb_daily_dag.py
[2026-03-23T11:25:14.424+0000] {processor.py:830} INFO - Processing file /opt/airflow/dags/tmdb_daily_dag.py for tasks to queue
[2026-03-23T11:25:14.425+0000] {logging_mixin.py:188} INFO - [2026-03-23T11:25:14.425+0000] {dagbag.py:545} INFO - Filling up the DagBag from /opt/airflow/dags/tmdb_daily_dag.py
[2026-03-23T11:25:14.440+0000] {processor.py:840} INFO - DAG(s) 'tmdb_raw_pipeline' retrieved from /opt/airflow/dags/tmdb_daily_dag.py
[2026-03-23T11:25:14.463+0000] {logging_mixin.py:188} INFO - [2026-03-23T11:25:14.463+0000] {dag.py:3096} INFO - Sync 1 DAGs
[2026-03-23T11:25:14.481+0000] {logging_mixin.py:188} INFO - [2026-03-23T11:25:14.481+0000] {dag.py:3954} INFO - Setting next_dagrun for tmdb_raw_pipeline to 2026-03-23 00:00:00+00:00, run_after=2026-03-24 00:00:00+00:00
[2026-03-23T11:25:14.496+0000] {processor.py:183} INFO - Processing /opt/airflow/dags/tmdb_daily_dag.py took 0.082 seconds
[2026-03-23T11:25:45.055+0000] {processor.py:161} INFO - Started process (PID=19937) to work on /opt/airflow/dags/tmdb_daily_dag.py
[2026-03-23T11:25:45.057+0000] {processor.py:830} INFO - Processing file /opt/airflow/dags/tmdb_daily_dag.py for tasks to queue
[2026-03-23T11:25:45.057+0000] {logging_mixin.py:188} INFO - [2026-03-23T11:25:45.057+0000] {dagbag.py:545} INFO - Filling up the DagBag from /opt/airflow/dags/tmdb_daily_dag.py
[2026-03-23T11:25:45.077+0000] {processor.py:840} INFO - DAG(s) 'tmdb_raw_pipeline' retrieved from /opt/airflow/dags/tmdb_daily_dag.py
[2026-03-23T11:25:45.095+0000] {logging_mixin.py:188} INFO - [2026-03-23T11:25:45.095+0000] {dag.py:3096} INFO - Sync 1 DAGs
[2026-03-23T11:25:45.113+0000] {logging_mixin.py:188} INFO - [2026-03-23T11:25:45.113+0000] {dag.py:3954} INFO - Setting next_dagrun for tmdb_raw_pipeline to 2026-03-23 00:00:00+00:00, run_after=2026-03-24 00:00:00+00:00
[2026-03-23T11:25:45.122+0000] {processor.py:183} INFO - Processing /opt/airflow/dags/tmdb_daily_dag.py took 0.073 seconds
[2026-03-23T11:26:15.653+0000] {processor.py:161} INFO - Started process (PID=19957) to work on /opt/airflow/dags/tmdb_daily_dag.py
[2026-03-23T11:26:15.656+0000] {processor.py:830} INFO - Processing file /opt/airflow/dags/tmdb_daily_dag.py for tasks to queue
[2026-03-23T11:26:15.657+0000] {logging_mixin.py:188} INFO - [2026-03-23T11:26:15.657+0000] {dagbag.py:545} INFO - Filling up the DagBag from /opt/airflow/dags/tmdb_daily_dag.py
[2026-03-23T11:26:15.674+0000] {processor.py:840} INFO - DAG(s) 'tmdb_raw_pipeline' retrieved from /opt/airflow/dags/tmdb_daily_dag.py
[2026-03-23T11:26:15.690+0000] {logging_mixin.py:188} INFO - [2026-03-23T11:26:15.690+0000] {dag.py:3096} INFO - Sync 1 DAGs
[2026-03-23T11:26:15.704+0000] {logging_mixin.py:188} INFO - [2026-03-23T11:26:15.704+0000] {dag.py:3954} INFO - Setting next_dagrun for tmdb_raw_pipeline to 2026-03-23 00:00:00+00:00, run_after=2026-03-24 00:00:00+00:00
[2026-03-23T11:26:15.724+0000] {processor.py:183} INFO - Processing /opt/airflow/dags/tmdb_daily_dag.py took 0.078 seconds
[2026-03-23T11:26:46.222+0000] {processor.py:161} INFO - Started process (PID=19977) to work on /opt/airflow/dags/tmdb_daily_dag.py
[2026-03-23T11:26:46.225+0000] {processor.py:830} INFO - Processing file /opt/airflow/dags/tmdb_daily_dag.py for tasks to queue
[2026-03-23T11:26:46.225+0000] {logging_mixin.py:188} INFO - [2026-03-23T11:26:46.225+0000] {dagbag.py:545} INFO - Filling up the DagBag from /opt/airflow/dags/tmdb_daily_dag.py
[2026-03-23T11:26:46.235+0000] {processor.py:840} INFO - DAG(s) 'tmdb_raw_pipeline' retrieved from /opt/airflow/dags/tmdb_daily_dag.py
[2026-03-23T11:26:46.249+0000] {logging_mixin.py:188} INFO - [2026-03-23T11:26:46.249+0000] {dag.py:3096} INFO - Sync 1 DAGs
[2026-03-23T11:26:46.265+0000] {logging_mixin.py:188} INFO - [2026-03-23T11:26:46.265+0000] {dag.py:3954} INFO - Setting next_dagrun for tmdb_raw_pipeline to 2026-03-23 00:00:00+00:00, run_after=2026-03-24 00:00:00+00:00
[2026-03-23T11:26:46.280+0000] {processor.py:183} INFO - Processing /opt/airflow/dags/tmdb_daily_dag.py took 0.064 seconds
[2026-03-23T11:27:16.696+0000] {processor.py:161} INFO - Started process (PID=19997) to work on /opt/airflow/dags/tmdb_daily_dag.py
[2026-03-23T11:27:16.698+0000] {processor.py:830} INFO - Processing file /opt/airflow/dags/tmdb_daily_dag.py for tasks to queue
[2026-03-23T11:27:16.699+0000] {logging_mixin.py:188} INFO - [2026-03-23T11:27:16.698+0000] {dagbag.py:545} INFO - Filling up the DagBag from /opt/airflow/dags/tmdb_daily_dag.py
[2026-03-23T11:27:16.720+0000] {processor.py:840} INFO - DAG(s) 'tmdb_raw_pipeline' retrieved from /opt/airflow/dags/tmdb_daily_dag.py
[2026-03-23T11:27:16.816+0000] {logging_mixin.py:188} INFO - [2026-03-23T11:27:16.816+0000] {dag.py:3096} INFO - Sync 1 DAGs
[2026-03-23T11:27:16.860+0000] {logging_mixin.py:188} INFO - [2026-03-23T11:27:16.860+0000] {dag.py:3954} INFO - Setting next_dagrun for tmdb_raw_pipeline to 2026-03-23 00:00:00+00:00, run_after=2026-03-24 00:00:00+00:00
[2026-03-23T11:27:16.869+0000] {processor.py:183} INFO - Processing /opt/airflow/dags/tmdb_daily_dag.py took 0.179 seconds
[2026-03-23T11:27:47.340+0000] {processor.py:161} INFO - Started process (PID=20017) to work on /opt/airflow/dags/tmdb_daily_dag.py
[2026-03-23T11:27:47.342+0000] {processor.py:830} INFO - Processing file /opt/airflow/dags/tmdb_daily_dag.py for tasks to queue
[2026-03-23T11:27:47.343+0000] {logging_mixin.py:188} INFO - [2026-03-23T11:27:47.343+0000] {dagbag.py:545} INFO - Filling up the DagBag from /opt/airflow/dags/tmdb_daily_dag.py
[2026-03-23T11:27:47.357+0000] {processor.py:840} INFO - DAG(s) 'tmdb_raw_pipeline' retrieved from /opt/airflow/dags/tmdb_daily_dag.py
[2026-03-23T11:27:47.375+0000] {logging_mixin.py:188} INFO - [2026-03-23T11:27:47.375+0000] {dag.py:3096} INFO - Sync 1 DAGs
[2026-03-23T11:27:47.389+0000] {logging_mixin.py:188} INFO - [2026-03-23T11:27:47.389+0000] {dag.py:3954} INFO - Setting next_dagrun for tmdb_raw_pipeline to 2026-03-23 00:00:00+00:00, run_after=2026-03-24 00:00:00+00:00
[2026-03-23T11:27:47.400+0000] {processor.py:183} INFO - Processing /opt/airflow/dags/tmdb_daily_dag.py took 0.065 seconds
[2026-03-23T11:28:17.847+0000] {processor.py:161} INFO - Started process (PID=20037) to work on /opt/airflow/dags/tmdb_daily_dag.py
[2026-03-23T11:28:17.850+0000] {processor.py:830} INFO - Processing file /opt/airflow/dags/tmdb_daily_dag.py for tasks to queue
[2026-03-23T11:28:17.851+0000] {logging_mixin.py:188} INFO - [2026-03-23T11:28:17.850+0000] {dagbag.py:545} INFO - Filling up the DagBag from /opt/airflow/dags/tmdb_daily_dag.py
[2026-03-23T11:28:17.864+0000] {processor.py:840} INFO - DAG(s) 'tmdb_raw_pipeline' retrieved from /opt/airflow/dags/tmdb_daily_dag.py
[2026-03-23T11:28:17.887+0000] {logging_mixin.py:188} INFO - [2026-03-23T11:28:17.887+0000] {dag.py:3096} INFO - Sync 1 DAGs
[2026-03-23T11:28:17.933+0000] {logging_mixin.py:188} INFO - [2026-03-23T11:28:17.933+0000] {dag.py:3954} INFO - Setting next_dagrun for tmdb_raw_pipeline to 2026-03-23 00:00:00+00:00, run_after=2026-03-24 00:00:00+00:00
[2026-03-23T11:28:17.950+0000] {processor.py:183} INFO - Processing /opt/airflow/dags/tmdb_daily_dag.py took 0.109 seconds
[2026-03-23T11:28:48.334+0000] {processor.py:161} INFO - Started process (PID=20057) to work on /opt/airflow/dags/tmdb_daily_dag.py
[2026-03-23T11:28:48.336+0000] {processor.py:830} INFO - Processing file /opt/airflow/dags/tmdb_daily_dag.py for tasks to queue
[2026-03-23T11:28:48.337+0000] {logging_mixin.py:188} INFO - [2026-03-23T11:28:48.336+0000] {dagbag.py:545} INFO - Filling up the DagBag from /opt/airflow/dags/tmdb_daily_dag.py
[2026-03-23T11:28:48.350+0000] {processor.py:840} INFO - DAG(s) 'tmdb_raw_pipeline' retrieved from /opt/airflow/dags/tmdb_daily_dag.py
[2026-03-23T11:28:48.368+0000] {logging_mixin.py:188} INFO - [2026-03-23T11:28:48.368+0000] {dag.py:3096} INFO - Sync 1 DAGs
[2026-03-23T11:28:48.384+0000] {logging_mixin.py:188} INFO - [2026-03-23T11:28:48.384+0000] {dag.py:3954} INFO - Setting next_dagrun for tmdb_raw_pipeline to 2026-03-23 00:00:00+00:00, run_after=2026-03-24 00:00:00+00:00
[2026-03-23T11:28:48.407+0000] {processor.py:183} INFO - Processing /opt/airflow/dags/tmdb_daily_dag.py took 0.078 seconds
[2026-03-23T11:29:18.812+0000] {processor.py:161} INFO - Started process (PID=20077) to work on /opt/airflow/dags/tmdb_daily_dag.py
[2026-03-23T11:29:18.814+0000] {processor.py:830} INFO - Processing file /opt/airflow/dags/tmdb_daily_dag.py for tasks to queue
[2026-03-23T11:29:18.815+0000] {logging_mixin.py:188} INFO - [2026-03-23T11:29:18.814+0000] {dagbag.py:545} INFO - Filling up the DagBag from /opt/airflow/dags/tmdb_daily_dag.py
[2026-03-23T11:29:18.830+0000] {processor.py:840} INFO - DAG(s) 'tmdb_raw_pipeline' retrieved from /opt/airflow/dags/tmdb_daily_dag.py
[2026-03-23T11:29:18.850+0000] {logging_mixin.py:188} INFO - [2026-03-23T11:29:18.850+0000] {dag.py:3096} INFO - Sync 1 DAGs
[2026-03-23T11:29:18.883+0000] {logging_mixin.py:188} INFO - [2026-03-23T11:29:18.883+0000] {dag.py:3954} INFO - Setting next_dagrun for tmdb_raw_pipeline to 2026-03-23 00:00:00+00:00, run_after=2026-03-24 00:00:00+00:00
[2026-03-23T11:29:18.898+0000] {processor.py:183} INFO - Processing /opt/airflow/dags/tmdb_daily_dag.py took 0.092 seconds
[2026-03-23T11:29:49.449+0000] {processor.py:161} INFO - Started process (PID=20097) to work on /opt/airflow/dags/tmdb_daily_dag.py
[2026-03-23T11:29:49.453+0000] {processor.py:830} INFO - Processing file /opt/airflow/dags/tmdb_daily_dag.py for tasks to queue
[2026-03-23T11:29:49.454+0000] {logging_mixin.py:188} INFO - [2026-03-23T11:29:49.454+0000] {dagbag.py:545} INFO - Filling up the DagBag from /opt/airflow/dags/tmdb_daily_dag.py
[2026-03-23T11:29:49.469+0000] {processor.py:840} INFO - DAG(s) 'tmdb_raw_pipeline' retrieved from /opt/airflow/dags/tmdb_daily_dag.py
[2026-03-23T11:29:49.496+0000] {logging_mixin.py:188} INFO - [2026-03-23T11:29:49.495+0000] {dag.py:3096} INFO - Sync 1 DAGs
[2026-03-23T11:29:49.518+0000] {logging_mixin.py:188} INFO - [2026-03-23T11:29:49.517+0000] {dag.py:3954} INFO - Setting next_dagrun for tmdb_raw_pipeline to 2026-03-23 00:00:00+00:00, run_after=2026-03-24 00:00:00+00:00
[2026-03-23T11:29:49.538+0000] {processor.py:183} INFO - Processing /opt/airflow/dags/tmdb_daily_dag.py took 0.095 seconds
[2026-03-23T11:30:19.998+0000] {processor.py:161} INFO - Started process (PID=20117) to work on /opt/airflow/dags/tmdb_daily_dag.py
[2026-03-23T11:30:20.001+0000] {processor.py:830} INFO - Processing file /opt/airflow/dags/tmdb_daily_dag.py for tasks to queue
[2026-03-23T11:30:20.001+0000] {logging_mixin.py:188} INFO - [2026-03-23T11:30:20.001+0000] {dagbag.py:545} INFO - Filling up the DagBag from /opt/airflow/dags/tmdb_daily_dag.py
[2026-03-23T11:30:20.027+0000] {processor.py:840} INFO - DAG(s) 'tmdb_raw_pipeline' retrieved from /opt/airflow/dags/tmdb_daily_dag.py
[2026-03-23T11:30:20.058+0000] {logging_mixin.py:188} INFO - [2026-03-23T11:30:20.058+0000] {dag.py:3096} INFO - Sync 1 DAGs
[2026-03-23T11:30:20.077+0000] {logging_mixin.py:188} INFO - [2026-03-23T11:30:20.077+0000] {dag.py:3954} INFO - Setting next_dagrun for tmdb_raw_pipeline to 2026-03-23 00:00:00+00:00, run_after=2026-03-24 00:00:00+00:00
[2026-03-23T11:30:20.085+0000] {processor.py:183} INFO - Processing /opt/airflow/dags/tmdb_daily_dag.py took 0.094 seconds
[2026-03-23T11:30:50.603+0000] {processor.py:161} INFO - Started process (PID=20137) to work on /opt/airflow/dags/tmdb_daily_dag.py
[2026-03-23T11:30:50.605+0000] {processor.py:830} INFO - Processing file /opt/airflow/dags/tmdb_daily_dag.py for tasks to queue
[2026-03-23T11:30:50.606+0000] {logging_mixin.py:188} INFO - [2026-03-23T11:30:50.606+0000] {dagbag.py:545} INFO - Filling up the DagBag from /opt/airflow/dags/tmdb_daily_dag.py
[2026-03-23T11:30:50.616+0000] {processor.py:840} INFO - DAG(s) 'tmdb_raw_pipeline' retrieved from /opt/airflow/dags/tmdb_daily_dag.py
[2026-03-23T11:30:50.639+0000] {logging_mixin.py:188} INFO - [2026-03-23T11:30:50.639+0000] {dag.py:3096} INFO - Sync 1 DAGs
[2026-03-23T11:30:50.655+0000] {logging_mixin.py:188} INFO - [2026-03-23T11:30:50.655+0000] {dag.py:3954} INFO - Setting next_dagrun for tmdb_raw_pipeline to 2026-03-23 00:00:00+00:00, run_after=2026-03-24 00:00:00+00:00
[2026-03-23T11:30:50.675+0000] {processor.py:183} INFO - Processing /opt/airflow/dags/tmdb_daily_dag.py took 0.080 seconds
[2026-03-23T11:31:21.109+0000] {processor.py:161} INFO - Started process (PID=20157) to work on /opt/airflow/dags/tmdb_daily_dag.py
[2026-03-23T11:31:21.112+0000] {processor.py:830} INFO - Processing file /opt/airflow/dags/tmdb_daily_dag.py for tasks to queue
[2026-03-23T11:31:21.113+0000] {logging_mixin.py:188} INFO - [2026-03-23T11:31:21.113+0000] {dagbag.py:545} INFO - Filling up the DagBag from /opt/airflow/dags/tmdb_daily_dag.py
[2026-03-23T11:31:21.127+0000] {processor.py:840} INFO - DAG(s) 'tmdb_raw_pipeline' retrieved from /opt/airflow/dags/tmdb_daily_dag.py
[2026-03-23T11:31:21.141+0000] {logging_mixin.py:188} INFO - [2026-03-23T11:31:21.140+0000] {dag.py:3096} INFO - Sync 1 DAGs
[2026-03-23T11:31:21.159+0000] {logging_mixin.py:188} INFO - [2026-03-23T11:31:21.159+0000] {dag.py:3954} INFO - Setting next_dagrun for tmdb_raw_pipeline to 2026-03-23 00:00:00+00:00, run_after=2026-03-24 00:00:00+00:00
[2026-03-23T11:31:21.172+0000] {processor.py:183} INFO - Processing /opt/airflow/dags/tmdb_daily_dag.py took 0.068 seconds
[2026-03-23T11:31:51.657+0000] {processor.py:161} INFO - Started process (PID=20177) to work on /opt/airflow/dags/tmdb_daily_dag.py
[2026-03-23T11:31:51.660+0000] {processor.py:830} INFO - Processing file /opt/airflow/dags/tmdb_daily_dag.py for tasks to queue
[2026-03-23T11:31:51.661+0000] {logging_mixin.py:188} INFO - [2026-03-23T11:31:51.661+0000] {dagbag.py:545} INFO - Filling up the DagBag from /opt/airflow/dags/tmdb_daily_dag.py
[2026-03-23T11:31:51.677+0000] {processor.py:840} INFO - DAG(s) 'tmdb_raw_pipeline' retrieved from /opt/airflow/dags/tmdb_daily_dag.py
[2026-03-23T11:31:51.699+0000] {logging_mixin.py:188} INFO - [2026-03-23T11:31:51.699+0000] {dag.py:3096} INFO - Sync 1 DAGs
[2026-03-23T11:31:51.715+0000] {logging_mixin.py:188} INFO - [2026-03-23T11:31:51.715+0000] {dag.py:3954} INFO - Setting next_dagrun for tmdb_raw_pipeline to 2026-03-23 00:00:00+00:00, run_after=2026-03-24 00:00:00+00:00
[2026-03-23T11:31:51.723+0000] {processor.py:183} INFO - Processing /opt/airflow/dags/tmdb_daily_dag.py took 0.073 seconds
[2026-03-23T11:32:22.298+0000] {processor.py:161} INFO - Started process (PID=20197) to work on /opt/airflow/dags/tmdb_daily_dag.py
[2026-03-23T11:32:22.302+0000] {processor.py:830} INFO - Processing file /opt/airflow/dags/tmdb_daily_dag.py for tasks to queue
[2026-03-23T11:32:22.302+0000] {logging_mixin.py:188} INFO - [2026-03-23T11:32:22.302+0000] {dagbag.py:545} INFO - Filling up the DagBag from /opt/airflow/dags/tmdb_daily_dag.py
[2026-03-23T11:32:22.316+0000] {processor.py:840} INFO - DAG(s) 'tmdb_raw_pipeline' retrieved from /opt/airflow/dags/tmdb_daily_dag.py
[2026-03-23T11:32:22.337+0000] {logging_mixin.py:188} INFO - [2026-03-23T11:32:22.337+0000] {dag.py:3096} INFO - Sync 1 DAGs
[2026-03-23T11:32:22.349+0000] {logging_mixin.py:188} INFO - [2026-03-23T11:32:22.349+0000] {dag.py:3954} INFO - Setting next_dagrun for tmdb_raw_pipeline to 2026-03-23 00:00:00+00:00, run_after=2026-03-24 00:00:00+00:00
[2026-03-23T11:32:22.356+0000] {processor.py:183} INFO - Processing /opt/airflow/dags/tmdb_daily_dag.py took 0.067 seconds
[2026-03-23T11:32:52.917+0000] {processor.py:161} INFO - Started process (PID=20217) to work on /opt/airflow/dags/tmdb_daily_dag.py
[2026-03-23T11:32:52.920+0000] {processor.py:830} INFO - Processing file /opt/airflow/dags/tmdb_daily_dag.py for tasks to queue
[2026-03-23T11:32:52.921+0000] {logging_mixin.py:188} INFO - [2026-03-23T11:32:52.920+0000] {dagbag.py:545} INFO - Filling up the DagBag from /opt/airflow/dags/tmdb_daily_dag.py
[2026-03-23T11:32:52.934+0000] {processor.py:840} INFO - DAG(s) 'tmdb_raw_pipeline' retrieved from /opt/airflow/dags/tmdb_daily_dag.py
[2026-03-23T11:32:52.985+0000] {logging_mixin.py:188} INFO - [2026-03-23T11:32:52.984+0000] {dag.py:3096} INFO - Sync 1 DAGs
[2026-03-23T11:32:53.003+0000] {logging_mixin.py:188} INFO - [2026-03-23T11:32:53.003+0000] {dag.py:3954} INFO - Setting next_dagrun for tmdb_raw_pipeline to 2026-03-23 00:00:00+00:00, run_after=2026-03-24 00:00:00+00:00
[2026-03-23T11:32:53.018+0000] {processor.py:183} INFO - Processing /opt/airflow/dags/tmdb_daily_dag.py took 0.106 seconds
[2026-03-23T11:33:23.567+0000] {processor.py:161} INFO - Started process (PID=20237) to work on /opt/airflow/dags/tmdb_daily_dag.py
[2026-03-23T11:33:23.570+0000] {processor.py:830} INFO - Processing file /opt/airflow/dags/tmdb_daily_dag.py for tasks to queue
[2026-03-23T11:33:23.570+0000] {logging_mixin.py:188} INFO - [2026-03-23T11:33:23.570+0000] {dagbag.py:545} INFO - Filling up the DagBag from /opt/airflow/dags/tmdb_daily_dag.py
[2026-03-23T11:33:23.579+0000] {processor.py:840} INFO - DAG(s) 'tmdb_raw_pipeline' retrieved from /opt/airflow/dags/tmdb_daily_dag.py
[2026-03-23T11:33:23.600+0000] {logging_mixin.py:188} INFO - [2026-03-23T11:33:23.600+0000] {dag.py:3096} INFO - Sync 1 DAGs
[2026-03-23T11:33:23.619+0000] {logging_mixin.py:188} INFO - [2026-03-23T11:33:23.619+0000] {dag.py:3954} INFO - Setting next_dagrun for tmdb_raw_pipeline to 2026-03-23 00:00:00+00:00, run_after=2026-03-24 00:00:00+00:00
[2026-03-23T11:33:23.634+0000] {processor.py:183} INFO - Processing /opt/airflow/dags/tmdb_daily_dag.py took 0.070 seconds
[2026-03-23T11:33:53.946+0000] {processor.py:161} INFO - Started process (PID=20257) to work on /opt/airflow/dags/tmdb_daily_dag.py
[2026-03-23T11:33:53.948+0000] {processor.py:830} INFO - Processing file /opt/airflow/dags/tmdb_daily_dag.py for tasks to queue
[2026-03-23T11:33:53.949+0000] {logging_mixin.py:188} INFO - [2026-03-23T11:33:53.949+0000] {dagbag.py:545} INFO - Filling up the DagBag from /opt/airflow/dags/tmdb_daily_dag.py
[2026-03-23T11:33:53.964+0000] {processor.py:840} INFO - DAG(s) 'tmdb_raw_pipeline' retrieved from /opt/airflow/dags/tmdb_daily_dag.py
[2026-03-23T11:33:53.981+0000] {logging_mixin.py:188} INFO - [2026-03-23T11:33:53.981+0000] {dag.py:3096} INFO - Sync 1 DAGs
[2026-03-23T11:33:53.994+0000] {logging_mixin.py:188} INFO - [2026-03-23T11:33:53.994+0000] {dag.py:3954} INFO - Setting next_dagrun for tmdb_raw_pipeline to 2026-03-23 00:00:00+00:00, run_after=2026-03-24 00:00:00+00:00
[2026-03-23T11:33:54.007+0000] {processor.py:183} INFO - Processing /opt/airflow/dags/tmdb_daily_dag.py took 0.067 seconds
[2026-03-23T11:34:24.568+0000] {processor.py:161} INFO - Started process (PID=20277) to work on /opt/airflow/dags/tmdb_daily_dag.py
[2026-03-23T11:34:24.571+0000] {processor.py:830} INFO - Processing file /opt/airflow/dags/tmdb_daily_dag.py for tasks to queue
[2026-03-23T11:34:24.571+0000] {logging_mixin.py:188} INFO - [2026-03-23T11:34:24.571+0000] {dagbag.py:545} INFO - Filling up the DagBag from /opt/airflow/dags/tmdb_daily_dag.py
[2026-03-23T11:34:24.584+0000] {processor.py:840} INFO - DAG(s) 'tmdb_raw_pipeline' retrieved from /opt/airflow/dags/tmdb_daily_dag.py
[2026-03-23T11:34:24.615+0000] {logging_mixin.py:188} INFO - [2026-03-23T11:34:24.614+0000] {dag.py:3096} INFO - Sync 1 DAGs
[2026-03-23T11:34:24.633+0000] {logging_mixin.py:188} INFO - [2026-03-23T11:34:24.633+0000] {dag.py:3954} INFO - Setting next_dagrun for tmdb_raw_pipeline to 2026-03-23 00:00:00+00:00, run_after=2026-03-24 00:00:00+00:00
[2026-03-23T11:34:24.642+0000] {processor.py:183} INFO - Processing /opt/airflow/dags/tmdb_daily_dag.py took 0.100 seconds
[2026-03-23T11:34:55.032+0000] {processor.py:161} INFO - Started process (PID=20297) to work on /opt/airflow/dags/tmdb_daily_dag.py
[2026-03-23T11:34:55.036+0000] {processor.py:830} INFO - Processing file /opt/airflow/dags/tmdb_daily_dag.py for tasks to queue
[2026-03-23T11:34:55.037+0000] {logging_mixin.py:188} INFO - [2026-03-23T11:34:55.036+0000] {dagbag.py:545} INFO - Filling up the DagBag from /opt/airflow/dags/tmdb_daily_dag.py
[2026-03-23T11:34:55.056+0000] {processor.py:840} INFO - DAG(s) 'tmdb_raw_pipeline' retrieved from /opt/airflow/dags/tmdb_daily_dag.py
[2026-03-23T11:34:55.085+0000] {logging_mixin.py:188} INFO - [2026-03-23T11:34:55.084+0000] {dag.py:3096} INFO - Sync 1 DAGs
[2026-03-23T11:34:55.098+0000] {logging_mixin.py:188} INFO - [2026-03-23T11:34:55.098+0000] {dag.py:3954} INFO - Setting next_dagrun for tmdb_raw_pipeline to 2026-03-23 00:00:00+00:00, run_after=2026-03-24 00:00:00+00:00
[2026-03-23T11:34:55.109+0000] {processor.py:183} INFO - Processing /opt/airflow/dags/tmdb_daily_dag.py took 0.088 seconds
[2026-03-23T11:35:25.705+0000] {processor.py:161} INFO - Started process (PID=20317) to work on /opt/airflow/dags/tmdb_daily_dag.py
[2026-03-23T11:35:25.708+0000] {processor.py:830} INFO - Processing file /opt/airflow/dags/tmdb_daily_dag.py for tasks to queue
[2026-03-23T11:35:25.709+0000] {logging_mixin.py:188} INFO - [2026-03-23T11:35:25.708+0000] {dagbag.py:545} INFO - Filling up the DagBag from /opt/airflow/dags/tmdb_daily_dag.py
[2026-03-23T11:35:25.720+0000] {processor.py:840} INFO - DAG(s) 'tmdb_raw_pipeline' retrieved from /opt/airflow/dags/tmdb_daily_dag.py
[2026-03-23T11:35:25.736+0000] {logging_mixin.py:188} INFO - [2026-03-23T11:35:25.736+0000] {dag.py:3096} INFO - Sync 1 DAGs
[2026-03-23T11:35:25.755+0000] {logging_mixin.py:188} INFO - [2026-03-23T11:35:25.755+0000] {dag.py:3954} INFO - Setting next_dagrun for tmdb_raw_pipeline to 2026-03-23 00:00:00+00:00, run_after=2026-03-24 00:00:00+00:00
[2026-03-23T11:35:25.768+0000] {processor.py:183} INFO - Processing /opt/airflow/dags/tmdb_daily_dag.py took 0.083 seconds
[2026-03-23T11:35:56.272+0000] {processor.py:161} INFO - Started process (PID=20337) to work on /opt/airflow/dags/tmdb_daily_dag.py
[2026-03-23T11:35:56.274+0000] {processor.py:830} INFO - Processing file /opt/airflow/dags/tmdb_daily_dag.py for tasks to queue
[2026-03-23T11:35:56.275+0000] {logging_mixin.py:188} INFO - [2026-03-23T11:35:56.275+0000] {dagbag.py:545} INFO - Filling up the DagBag from /opt/airflow/dags/tmdb_daily_dag.py
[2026-03-23T11:35:56.293+0000] {processor.py:840} INFO - DAG(s) 'tmdb_raw_pipeline' retrieved from /opt/airflow/dags/tmdb_daily_dag.py
[2026-03-23T11:35:56.312+0000] {logging_mixin.py:188} INFO - [2026-03-23T11:35:56.312+0000] {dag.py:3096} INFO - Sync 1 DAGs
[2026-03-23T11:35:56.327+0000] {logging_mixin.py:188} INFO - [2026-03-23T11:35:56.326+0000] {dag.py:3954} INFO - Setting next_dagrun for tmdb_raw_pipeline to 2026-03-23 00:00:00+00:00, run_after=2026-03-24 00:00:00+00:00
[2026-03-23T11:35:56.333+0000] {processor.py:183} INFO - Processing /opt/airflow/dags/tmdb_daily_dag.py took 0.067 seconds
[2026-03-23T11:36:26.802+0000] {processor.py:161} INFO - Started process (PID=20357) to work on /opt/airflow/dags/tmdb_daily_dag.py
[2026-03-23T11:36:26.804+0000] {processor.py:830} INFO - Processing file /opt/airflow/dags/tmdb_daily_dag.py for tasks to queue
[2026-03-23T11:36:26.805+0000] {logging_mixin.py:188} INFO - [2026-03-23T11:36:26.804+0000] {dagbag.py:545} INFO - Filling up the DagBag from /opt/airflow/dags/tmdb_daily_dag.py
[2026-03-23T11:36:26.818+0000] {processor.py:840} INFO - DAG(s) 'tmdb_raw_pipeline' retrieved from /opt/airflow/dags/tmdb_daily_dag.py
[2026-03-23T11:36:26.840+0000] {logging_mixin.py:188} INFO - [2026-03-23T11:36:26.840+0000] {dag.py:3096} INFO - Sync 1 DAGs
[2026-03-23T11:36:26.855+0000] {logging_mixin.py:188} INFO - [2026-03-23T11:36:26.855+0000] {dag.py:3954} INFO - Setting next_dagrun for tmdb_raw_pipeline to 2026-03-23 00:00:00+00:00, run_after=2026-03-24 00:00:00+00:00
[2026-03-23T11:36:26.865+0000] {processor.py:183} INFO - Processing /opt/airflow/dags/tmdb_daily_dag.py took 0.072 seconds
[2026-03-23T11:36:57.347+0000] {processor.py:161} INFO - Started process (PID=20377) to work on /opt/airflow/dags/tmdb_daily_dag.py
[2026-03-23T11:36:57.350+0000] {processor.py:830} INFO - Processing file /opt/airflow/dags/tmdb_daily_dag.py for tasks to queue
[2026-03-23T11:36:57.350+0000] {logging_mixin.py:188} INFO - [2026-03-23T11:36:57.350+0000] {dagbag.py:545} INFO - Filling up the DagBag from /opt/airflow/dags/tmdb_daily_dag.py
[2026-03-23T11:36:57.364+0000] {processor.py:840} INFO - DAG(s) 'tmdb_raw_pipeline' retrieved from /opt/airflow/dags/tmdb_daily_dag.py
[2026-03-23T11:36:57.382+0000] {logging_mixin.py:188} INFO - [2026-03-23T11:36:57.382+0000] {dag.py:3096} INFO - Sync 1 DAGs
[2026-03-23T11:36:57.398+0000] {logging_mixin.py:188} INFO - [2026-03-23T11:36:57.398+0000] {dag.py:3954} INFO - Setting next_dagrun for tmdb_raw_pipeline to 2026-03-23 00:00:00+00:00, run_after=2026-03-24 00:00:00+00:00
[2026-03-23T11:36:57.408+0000] {processor.py:183} INFO - Processing /opt/airflow/dags/tmdb_daily_dag.py took 0.068 seconds
[2026-03-23T11:37:27.979+0000] {processor.py:161} INFO - Started process (PID=20397) to work on /opt/airflow/dags/tmdb_daily_dag.py
[2026-03-23T11:37:27.982+0000] {processor.py:830} INFO - Processing file /opt/airflow/dags/tmdb_daily_dag.py for tasks to queue
[2026-03-23T11:37:27.983+0000] {logging_mixin.py:188} INFO - [2026-03-23T11:37:27.982+0000] {dagbag.py:545} INFO - Filling up the DagBag from /opt/airflow/dags/tmdb_daily_dag.py
[2026-03-23T11:37:27.993+0000] {processor.py:840} INFO - DAG(s) 'tmdb_raw_pipeline' retrieved from /opt/airflow/dags/tmdb_daily_dag.py
[2026-03-23T11:37:28.010+0000] {logging_mixin.py:188} INFO - [2026-03-23T11:37:28.010+0000] {dag.py:3096} INFO - Sync 1 DAGs
[2026-03-23T11:37:28.034+0000] {logging_mixin.py:188} INFO - [2026-03-23T11:37:28.034+0000] {dag.py:3954} INFO - Setting next_dagrun for tmdb_raw_pipeline to 2026-03-23 00:00:00+00:00, run_after=2026-03-24 00:00:00+00:00
[2026-03-23T11:37:28.045+0000] {processor.py:183} INFO - Processing /opt/airflow/dags/tmdb_daily_dag.py took 0.073 seconds
[2026-03-23T11:37:58.559+0000] {processor.py:161} INFO - Started process (PID=20417) to work on /opt/airflow/dags/tmdb_daily_dag.py
[2026-03-23T11:37:58.561+0000] {processor.py:830} INFO - Processing file /opt/airflow/dags/tmdb_daily_dag.py for tasks to queue
[2026-03-23T11:37:58.562+0000] {logging_mixin.py:188} INFO - [2026-03-23T11:37:58.562+0000] {dagbag.py:545} INFO - Filling up the DagBag from /opt/airflow/dags/tmdb_daily_dag.py
[2026-03-23T11:37:58.574+0000] {processor.py:840} INFO - DAG(s) 'tmdb_raw_pipeline' retrieved from /opt/airflow/dags/tmdb_daily_dag.py
[2026-03-23T11:37:58.594+0000] {logging_mixin.py:188} INFO - [2026-03-23T11:37:58.594+0000] {dag.py:3096} INFO - Sync 1 DAGs
[2026-03-23T11:37:58.607+0000] {logging_mixin.py:188} INFO - [2026-03-23T11:37:58.607+0000] {dag.py:3954} INFO - Setting next_dagrun for tmdb_raw_pipeline to 2026-03-23 00:00:00+00:00, run_after=2026-03-24 00:00:00+00:00
[2026-03-23T11:37:58.618+0000] {processor.py:183} INFO - Processing /opt/airflow/dags/tmdb_daily_dag.py took 0.069 seconds
[2026-03-23T11:38:28.991+0000] {processor.py:161} INFO - Started process (PID=20437) to work on /opt/airflow/dags/tmdb_daily_dag.py
[2026-03-23T11:38:28.995+0000] {processor.py:830} INFO - Processing file /opt/airflow/dags/tmdb_daily_dag.py for tasks to queue
[2026-03-23T11:38:28.996+0000] {logging_mixin.py:188} INFO - [2026-03-23T11:38:28.996+0000] {dagbag.py:545} INFO - Filling up the DagBag from /opt/airflow/dags/tmdb_daily_dag.py
[2026-03-23T11:38:29.012+0000] {processor.py:840} INFO - DAG(s) 'tmdb_raw_pipeline' retrieved from /opt/airflow/dags/tmdb_daily_dag.py
[2026-03-23T11:38:29.038+0000] {logging_mixin.py:188} INFO - [2026-03-23T11:38:29.037+0000] {dag.py:3096} INFO - Sync 1 DAGs
[2026-03-23T11:38:29.055+0000] {logging_mixin.py:188} INFO - [2026-03-23T11:38:29.055+0000] {dag.py:3954} INFO - Setting next_dagrun for tmdb_raw_pipeline to 2026-03-23 00:00:00+00:00, run_after=2026-03-24 00:00:00+00:00
[2026-03-23T11:38:29.071+0000] {processor.py:183} INFO - Processing /opt/airflow/dags/tmdb_daily_dag.py took 0.090 seconds
[2026-03-23T11:38:59.624+0000] {processor.py:161} INFO - Started process (PID=20457) to work on /opt/airflow/dags/tmdb_daily_dag.py
[2026-03-23T11:38:59.628+0000] {processor.py:830} INFO - Processing file /opt/airflow/dags/tmdb_daily_dag.py for tasks to queue
[2026-03-23T11:38:59.629+0000] {logging_mixin.py:188} INFO - [2026-03-23T11:38:59.629+0000] {dagbag.py:545} INFO - Filling up the DagBag from /opt/airflow/dags/tmdb_daily_dag.py
[2026-03-23T11:38:59.644+0000] {processor.py:840} INFO - DAG(s) 'tmdb_raw_pipeline' retrieved from /opt/airflow/dags/tmdb_daily_dag.py
[2026-03-23T11:38:59.664+0000] {logging_mixin.py:188} INFO - [2026-03-23T11:38:59.663+0000] {dag.py:3096} INFO - Sync 1 DAGs
[2026-03-23T11:38:59.684+0000] {logging_mixin.py:188} INFO - [2026-03-23T11:38:59.683+0000] {dag.py:3954} INFO - Setting next_dagrun for tmdb_raw_pipeline to 2026-03-23 00:00:00+00:00, run_after=2026-03-24 00:00:00+00:00
[2026-03-23T11:38:59.694+0000] {processor.py:183} INFO - Processing /opt/airflow/dags/tmdb_daily_dag.py took 0.078 seconds
[2026-03-23T11:39:30.115+0000] {processor.py:161} INFO - Started process (PID=20477) to work on /opt/airflow/dags/tmdb_daily_dag.py
[2026-03-23T11:39:30.118+0000] {processor.py:830} INFO - Processing file /opt/airflow/dags/tmdb_daily_dag.py for tasks to queue
[2026-03-23T11:39:30.118+0000] {logging_mixin.py:188} INFO - [2026-03-23T11:39:30.118+0000] {dagbag.py:545} INFO - Filling up the DagBag from /opt/airflow/dags/tmdb_daily_dag.py
[2026-03-23T11:39:30.131+0000] {processor.py:840} INFO - DAG(s) 'tmdb_raw_pipeline' retrieved from /opt/airflow/dags/tmdb_daily_dag.py
[2026-03-23T11:39:30.149+0000] {logging_mixin.py:188} INFO - [2026-03-23T11:39:30.149+0000] {dag.py:3096} INFO - Sync 1 DAGs
[2026-03-23T11:39:30.169+0000] {logging_mixin.py:188} INFO - [2026-03-23T11:39:30.169+0000] {dag.py:3954} INFO - Setting next_dagrun for tmdb_raw_pipeline to 2026-03-23 00:00:00+00:00, run_after=2026-03-24 00:00:00+00:00
[2026-03-23T11:39:30.182+0000] {processor.py:183} INFO - Processing /opt/airflow/dags/tmdb_daily_dag.py took 0.075 seconds
[2026-03-23T11:40:00.584+0000] {processor.py:161} INFO - Started process (PID=20497) to work on /opt/airflow/dags/tmdb_daily_dag.py
[2026-03-23T11:40:00.587+0000] {processor.py:830} INFO - Processing file /opt/airflow/dags/tmdb_daily_dag.py for tasks to queue
[2026-03-23T11:40:00.587+0000] {logging_mixin.py:188} INFO - [2026-03-23T11:40:00.587+0000] {dagbag.py:545} INFO - Filling up the DagBag from /opt/airflow/dags/tmdb_daily_dag.py
[2026-03-23T11:40:00.598+0000] {processor.py:840} INFO - DAG(s) 'tmdb_raw_pipeline' retrieved from /opt/airflow/dags/tmdb_daily_dag.py
[2026-03-23T11:40:00.627+0000] {logging_mixin.py:188} INFO - [2026-03-23T11:40:00.627+0000] {dag.py:3096} INFO - Sync 1 DAGs
[2026-03-23T11:40:00.645+0000] {logging_mixin.py:188} INFO - [2026-03-23T11:40:00.645+0000] {dag.py:3954} INFO - Setting next_dagrun for tmdb_raw_pipeline to 2026-03-23 00:00:00+00:00, run_after=2026-03-24 00:00:00+00:00
[2026-03-23T11:40:00.658+0000] {processor.py:183} INFO - Processing /opt/airflow/dags/tmdb_daily_dag.py took 0.080 seconds
[2026-03-23T11:40:31.092+0000] {processor.py:161} INFO - Started process (PID=20517) to work on /opt/airflow/dags/tmdb_daily_dag.py
[2026-03-23T11:40:31.094+0000] {processor.py:830} INFO - Processing file /opt/airflow/dags/tmdb_daily_dag.py for tasks to queue
[2026-03-23T11:40:31.095+0000] {logging_mixin.py:188} INFO - [2026-03-23T11:40:31.095+0000] {dagbag.py:545} INFO - Filling up the DagBag from /opt/airflow/dags/tmdb_daily_dag.py
[2026-03-23T11:40:31.108+0000] {processor.py:840} INFO - DAG(s) 'tmdb_raw_pipeline' retrieved from /opt/airflow/dags/tmdb_daily_dag.py
[2026-03-23T11:40:31.129+0000] {logging_mixin.py:188} INFO - [2026-03-23T11:40:31.129+0000] {dag.py:3096} INFO - Sync 1 DAGs
[2026-03-23T11:40:31.150+0000] {logging_mixin.py:188} INFO - [2026-03-23T11:40:31.149+0000] {dag.py:3954} INFO - Setting next_dagrun for tmdb_raw_pipeline to 2026-03-23 00:00:00+00:00, run_after=2026-03-24 00:00:00+00:00
[2026-03-23T11:40:31.160+0000] {processor.py:183} INFO - Processing /opt/airflow/dags/tmdb_daily_dag.py took 0.074 seconds
[2026-03-23T11:41:01.634+0000] {processor.py:161} INFO - Started process (PID=20537) to work on /opt/airflow/dags/tmdb_daily_dag.py
[2026-03-23T11:41:01.636+0000] {processor.py:830} INFO - Processing file /opt/airflow/dags/tmdb_daily_dag.py for tasks to queue
[2026-03-23T11:41:01.637+0000] {logging_mixin.py:188} INFO - [2026-03-23T11:41:01.637+0000] {dagbag.py:545} INFO - Filling up the DagBag from /opt/airflow/dags/tmdb_daily_dag.py
[2026-03-23T11:41:01.650+0000] {processor.py:840} INFO - DAG(s) 'tmdb_raw_pipeline' retrieved from /opt/airflow/dags/tmdb_daily_dag.py
[2026-03-23T11:41:01.665+0000] {logging_mixin.py:188} INFO - [2026-03-23T11:41:01.665+0000] {dag.py:3096} INFO - Sync 1 DAGs
[2026-03-23T11:41:01.679+0000] {logging_mixin.py:188} INFO - [2026-03-23T11:41:01.678+0000] {dag.py:3954} INFO - Setting next_dagrun for tmdb_raw_pipeline to 2026-03-23 00:00:00+00:00, run_after=2026-03-24 00:00:00+00:00
[2026-03-23T11:41:01.691+0000] {processor.py:183} INFO - Processing /opt/airflow/dags/tmdb_daily_dag.py took 0.065 seconds
[2026-03-23T11:41:32.123+0000] {processor.py:161} INFO - Started process (PID=20557) to work on /opt/airflow/dags/tmdb_daily_dag.py
[2026-03-23T11:41:32.129+0000] {processor.py:830} INFO - Processing file /opt/airflow/dags/tmdb_daily_dag.py for tasks to queue
[2026-03-23T11:41:32.131+0000] {logging_mixin.py:188} INFO - [2026-03-23T11:41:32.130+0000] {dagbag.py:545} INFO - Filling up the DagBag from /opt/airflow/dags/tmdb_daily_dag.py
[2026-03-23T11:41:32.144+0000] {processor.py:840} INFO - DAG(s) 'tmdb_raw_pipeline' retrieved from /opt/airflow/dags/tmdb_daily_dag.py
[2026-03-23T11:41:32.164+0000] {logging_mixin.py:188} INFO - [2026-03-23T11:41:32.163+0000] {dag.py:3096} INFO - Sync 1 DAGs
[2026-03-23T11:41:32.183+0000] {logging_mixin.py:188} INFO - [2026-03-23T11:41:32.183+0000] {dag.py:3954} INFO - Setting next_dagrun for tmdb_raw_pipeline to 2026-03-23 00:00:00+00:00, run_after=2026-03-24 00:00:00+00:00
[2026-03-23T11:41:32.190+0000] {processor.py:183} INFO - Processing /opt/airflow/dags/tmdb_daily_dag.py took 0.080 seconds
[2026-03-23T11:42:02.686+0000] {processor.py:161} INFO - Started process (PID=20577) to work on /opt/airflow/dags/tmdb_daily_dag.py
[2026-03-23T11:42:02.690+0000] {processor.py:830} INFO - Processing file /opt/airflow/dags/tmdb_daily_dag.py for tasks to queue
[2026-03-23T11:42:02.692+0000] {logging_mixin.py:188} INFO - [2026-03-23T11:42:02.692+0000] {dagbag.py:545} INFO - Filling up the DagBag from /opt/airflow/dags/tmdb_daily_dag.py
[2026-03-23T11:42:02.708+0000] {processor.py:840} INFO - DAG(s) 'tmdb_raw_pipeline' retrieved from /opt/airflow/dags/tmdb_daily_dag.py
[2026-03-23T11:42:02.730+0000] {logging_mixin.py:188} INFO - [2026-03-23T11:42:02.730+0000] {dag.py:3096} INFO - Sync 1 DAGs
[2026-03-23T11:42:02.747+0000] {logging_mixin.py:188} INFO - [2026-03-23T11:42:02.747+0000] {dag.py:3954} INFO - Setting next_dagrun for tmdb_raw_pipeline to 2026-03-23 00:00:00+00:00, run_after=2026-03-24 00:00:00+00:00
[2026-03-23T11:42:02.762+0000] {processor.py:183} INFO - Processing /opt/airflow/dags/tmdb_daily_dag.py took 0.086 seconds
[2026-03-23T11:42:33.242+0000] {processor.py:161} INFO - Started process (PID=20597) to work on /opt/airflow/dags/tmdb_daily_dag.py
[2026-03-23T11:42:33.245+0000] {processor.py:830} INFO - Processing file /opt/airflow/dags/tmdb_daily_dag.py for tasks to queue
[2026-03-23T11:42:33.245+0000] {logging_mixin.py:188} INFO - [2026-03-23T11:42:33.245+0000] {dagbag.py:545} INFO - Filling up the DagBag from /opt/airflow/dags/tmdb_daily_dag.py
[2026-03-23T11:42:33.268+0000] {processor.py:840} INFO - DAG(s) 'tmdb_raw_pipeline' retrieved from /opt/airflow/dags/tmdb_daily_dag.py
[2026-03-23T11:42:33.289+0000] {logging_mixin.py:188} INFO - [2026-03-23T11:42:33.288+0000] {dag.py:3096} INFO - Sync 1 DAGs
[2026-03-23T11:42:33.312+0000] {logging_mixin.py:188} INFO - [2026-03-23T11:42:33.311+0000] {dag.py:3954} INFO - Setting next_dagrun for tmdb_raw_pipeline to 2026-03-23 00:00:00+00:00, run_after=2026-03-24 00:00:00+00:00
[2026-03-23T11:42:33.334+0000] {processor.py:183} INFO - Processing /opt/airflow/dags/tmdb_daily_dag.py took 0.097 seconds
[2026-03-23T11:43:03.776+0000] {processor.py:161} INFO - Started process (PID=20617) to work on /opt/airflow/dags/tmdb_daily_dag.py
[2026-03-23T11:43:03.778+0000] {processor.py:830} INFO - Processing file /opt/airflow/dags/tmdb_daily_dag.py for tasks to queue
[2026-03-23T11:43:03.778+0000] {logging_mixin.py:188} INFO - [2026-03-23T11:43:03.778+0000] {dagbag.py:545} INFO - Filling up the DagBag from /opt/airflow/dags/tmdb_daily_dag.py
[2026-03-23T11:43:03.787+0000] {processor.py:840} INFO - DAG(s) 'tmdb_raw_pipeline' retrieved from /opt/airflow/dags/tmdb_daily_dag.py
[2026-03-23T11:43:03.808+0000] {logging_mixin.py:188} INFO - [2026-03-23T11:43:03.807+0000] {dag.py:3096} INFO - Sync 1 DAGs
[2026-03-23T11:43:03.822+0000] {logging_mixin.py:188} INFO - [2026-03-23T11:43:03.822+0000] {dag.py:3954} INFO - Setting next_dagrun for tmdb_raw_pipeline to 2026-03-23 00:00:00+00:00, run_after=2026-03-24 00:00:00+00:00
[2026-03-23T11:43:03.834+0000] {processor.py:183} INFO - Processing /opt/airflow/dags/tmdb_daily_dag.py took 0.064 seconds
[2026-03-23T11:43:34.291+0000] {processor.py:161} INFO - Started process (PID=20637) to work on /opt/airflow/dags/tmdb_daily_dag.py
[2026-03-23T11:43:34.294+0000] {processor.py:830} INFO - Processing file /opt/airflow/dags/tmdb_daily_dag.py for tasks to queue
[2026-03-23T11:43:34.294+0000] {logging_mixin.py:188} INFO - [2026-03-23T11:43:34.294+0000] {dagbag.py:545} INFO - Filling up the DagBag from /opt/airflow/dags/tmdb_daily_dag.py
[2026-03-23T11:43:34.323+0000] {processor.py:840} INFO - DAG(s) 'tmdb_raw_pipeline' retrieved from /opt/airflow/dags/tmdb_daily_dag.py
[2026-03-23T11:43:34.344+0000] {logging_mixin.py:188} INFO - [2026-03-23T11:43:34.344+0000] {dag.py:3096} INFO - Sync 1 DAGs
[2026-03-23T11:43:34.359+0000] {logging_mixin.py:188} INFO - [2026-03-23T11:43:34.359+0000] {dag.py:3954} INFO - Setting next_dagrun for tmdb_raw_pipeline to 2026-03-23 00:00:00+00:00, run_after=2026-03-24 00:00:00+00:00
[2026-03-23T11:43:34.373+0000] {processor.py:183} INFO - Processing /opt/airflow/dags/tmdb_daily_dag.py took 0.088 seconds
[2026-03-23T11:44:04.793+0000] {processor.py:161} INFO - Started process (PID=20657) to work on /opt/airflow/dags/tmdb_daily_dag.py
[2026-03-23T11:44:04.794+0000] {processor.py:830} INFO - Processing file /opt/airflow/dags/tmdb_daily_dag.py for tasks to queue
[2026-03-23T11:44:04.795+0000] {logging_mixin.py:188} INFO - [2026-03-23T11:44:04.795+0000] {dagbag.py:545} INFO - Filling up the DagBag from /opt/airflow/dags/tmdb_daily_dag.py
[2026-03-23T11:44:04.808+0000] {processor.py:840} INFO - DAG(s) 'tmdb_raw_pipeline' retrieved from /opt/airflow/dags/tmdb_daily_dag.py
[2026-03-23T11:44:04.830+0000] {logging_mixin.py:188} INFO - [2026-03-23T11:44:04.830+0000] {dag.py:3096} INFO - Sync 1 DAGs
[2026-03-23T11:44:04.849+0000] {logging_mixin.py:188} INFO - [2026-03-23T11:44:04.848+0000] {dag.py:3954} INFO - Setting next_dagrun for tmdb_raw_pipeline to 2026-03-23 00:00:00+00:00, run_after=2026-03-24 00:00:00+00:00
[2026-03-23T11:44:04.861+0000] {processor.py:183} INFO - Processing /opt/airflow/dags/tmdb_daily_dag.py took 0.076 seconds
[2026-03-23T11:44:35.337+0000] {processor.py:161} INFO - Started process (PID=20677) to work on /opt/airflow/dags/tmdb_daily_dag.py
[2026-03-23T11:44:35.340+0000] {processor.py:830} INFO - Processing file /opt/airflow/dags/tmdb_daily_dag.py for tasks to queue
[2026-03-23T11:44:35.340+0000] {logging_mixin.py:188} INFO - [2026-03-23T11:44:35.340+0000] {dagbag.py:545} INFO - Filling up the DagBag from /opt/airflow/dags/tmdb_daily_dag.py
[2026-03-23T11:44:35.361+0000] {processor.py:840} INFO - DAG(s) 'tmdb_raw_pipeline' retrieved from /opt/airflow/dags/tmdb_daily_dag.py
[2026-03-23T11:44:35.382+0000] {logging_mixin.py:188} INFO - [2026-03-23T11:44:35.382+0000] {dag.py:3096} INFO - Sync 1 DAGs
[2026-03-23T11:44:35.394+0000] {logging_mixin.py:188} INFO - [2026-03-23T11:44:35.394+0000] {dag.py:3954} INFO - Setting next_dagrun for tmdb_raw_pipeline to 2026-03-23 00:00:00+00:00, run_after=2026-03-24 00:00:00+00:00
[2026-03-23T11:44:35.403+0000] {processor.py:183} INFO - Processing /opt/airflow/dags/tmdb_daily_dag.py took 0.072 seconds
[2026-03-23T11:45:05.804+0000] {processor.py:161} INFO - Started process (PID=20697) to work on /opt/airflow/dags/tmdb_daily_dag.py
[2026-03-23T11:45:05.806+0000] {processor.py:830} INFO - Processing file /opt/airflow/dags/tmdb_daily_dag.py for tasks to queue
[2026-03-23T11:45:05.807+0000] {logging_mixin.py:188} INFO - [2026-03-23T11:45:05.806+0000] {dagbag.py:545} INFO - Filling up the DagBag from /opt/airflow/dags/tmdb_daily_dag.py
[2026-03-23T11:45:05.820+0000] {processor.py:840} INFO - DAG(s) 'tmdb_raw_pipeline' retrieved from /opt/airflow/dags/tmdb_daily_dag.py
[2026-03-23T11:45:05.842+0000] {logging_mixin.py:188} INFO - [2026-03-23T11:45:05.841+0000] {dag.py:3096} INFO - Sync 1 DAGs
[2026-03-23T11:45:05.854+0000] {logging_mixin.py:188} INFO - [2026-03-23T11:45:05.854+0000] {dag.py:3954} INFO - Setting next_dagrun for tmdb_raw_pipeline to 2026-03-23 00:00:00+00:00, run_after=2026-03-24 00:00:00+00:00
[2026-03-23T11:45:05.864+0000] {processor.py:183} INFO - Processing /opt/airflow/dags/tmdb_daily_dag.py took 0.064 seconds
[2026-03-23T11:45:36.418+0000] {processor.py:161} INFO - Started process (PID=20717) to work on /opt/airflow/dags/tmdb_daily_dag.py
[2026-03-23T11:45:36.419+0000] {processor.py:830} INFO - Processing file /opt/airflow/dags/tmdb_daily_dag.py for tasks to queue
[2026-03-23T11:45:36.420+0000] {logging_mixin.py:188} INFO - [2026-03-23T11:45:36.420+0000] {dagbag.py:545} INFO - Filling up the DagBag from /opt/airflow/dags/tmdb_daily_dag.py
[2026-03-23T11:45:36.432+0000] {processor.py:840} INFO - DAG(s) 'tmdb_raw_pipeline' retrieved from /opt/airflow/dags/tmdb_daily_dag.py
[2026-03-23T11:45:36.449+0000] {logging_mixin.py:188} INFO - [2026-03-23T11:45:36.449+0000] {dag.py:3096} INFO - Sync 1 DAGs
[2026-03-23T11:45:36.462+0000] {logging_mixin.py:188} INFO - [2026-03-23T11:45:36.462+0000] {dag.py:3954} INFO - Setting next_dagrun for tmdb_raw_pipeline to 2026-03-23 00:00:00+00:00, run_after=2026-03-24 00:00:00+00:00
[2026-03-23T11:45:36.473+0000] {processor.py:183} INFO - Processing /opt/airflow/dags/tmdb_daily_dag.py took 0.060 seconds
[2026-03-23T11:46:06.911+0000] {processor.py:161} INFO - Started process (PID=20737) to work on /opt/airflow/dags/tmdb_daily_dag.py
[2026-03-23T11:46:06.915+0000] {processor.py:830} INFO - Processing file /opt/airflow/dags/tmdb_daily_dag.py for tasks to queue
[2026-03-23T11:46:06.917+0000] {logging_mixin.py:188} INFO - [2026-03-23T11:46:06.916+0000] {dagbag.py:545} INFO - Filling up the DagBag from /opt/airflow/dags/tmdb_daily_dag.py
[2026-03-23T11:46:06.934+0000] {processor.py:840} INFO - DAG(s) 'tmdb_raw_pipeline' retrieved from /opt/airflow/dags/tmdb_daily_dag.py
[2026-03-23T11:46:06.949+0000] {logging_mixin.py:188} INFO - [2026-03-23T11:46:06.949+0000] {dag.py:3096} INFO - Sync 1 DAGs
[2026-03-23T11:46:06.958+0000] {logging_mixin.py:188} INFO - [2026-03-23T11:46:06.958+0000] {dag.py:3954} INFO - Setting next_dagrun for tmdb_raw_pipeline to 2026-03-23 00:00:00+00:00, run_after=2026-03-24 00:00:00+00:00
[2026-03-23T11:46:06.969+0000] {processor.py:183} INFO - Processing /opt/airflow/dags/tmdb_daily_dag.py took 0.071 seconds
[2026-03-23T11:46:37.492+0000] {processor.py:161} INFO - Started process (PID=20757) to work on /opt/airflow/dags/tmdb_daily_dag.py
[2026-03-23T11:46:37.495+0000] {processor.py:830} INFO - Processing file /opt/airflow/dags/tmdb_daily_dag.py for tasks to queue
[2026-03-23T11:46:37.496+0000] {logging_mixin.py:188} INFO - [2026-03-23T11:46:37.496+0000] {dagbag.py:545} INFO - Filling up the DagBag from /opt/airflow/dags/tmdb_daily_dag.py
[2026-03-23T11:46:37.509+0000] {processor.py:840} INFO - DAG(s) 'tmdb_raw_pipeline' retrieved from /opt/airflow/dags/tmdb_daily_dag.py
[2026-03-23T11:46:37.530+0000] {logging_mixin.py:188} INFO - [2026-03-23T11:46:37.530+0000] {dag.py:3096} INFO - Sync 1 DAGs
[2026-03-23T11:46:37.547+0000] {logging_mixin.py:188} INFO - [2026-03-23T11:46:37.547+0000] {dag.py:3954} INFO - Setting next_dagrun for tmdb_raw_pipeline to 2026-03-23 00:00:00+00:00, run_after=2026-03-24 00:00:00+00:00
[2026-03-23T11:46:37.553+0000] {processor.py:183} INFO - Processing /opt/airflow/dags/tmdb_daily_dag.py took 0.067 seconds
[2026-03-23T11:47:08.047+0000] {processor.py:161} INFO - Started process (PID=20777) to work on /opt/airflow/dags/tmdb_daily_dag.py
[2026-03-23T11:47:08.051+0000] {processor.py:830} INFO - Processing file /opt/airflow/dags/tmdb_daily_dag.py for tasks to queue
[2026-03-23T11:47:08.052+0000] {logging_mixin.py:188} INFO - [2026-03-23T11:47:08.051+0000] {dagbag.py:545} INFO - Filling up the DagBag from /opt/airflow/dags/tmdb_daily_dag.py
[2026-03-23T11:47:08.066+0000] {processor.py:840} INFO - DAG(s) 'tmdb_raw_pipeline' retrieved from /opt/airflow/dags/tmdb_daily_dag.py
[2026-03-23T11:47:08.088+0000] {logging_mixin.py:188} INFO - [2026-03-23T11:47:08.088+0000] {dag.py:3096} INFO - Sync 1 DAGs
[2026-03-23T11:47:08.099+0000] {logging_mixin.py:188} INFO - [2026-03-23T11:47:08.099+0000] {dag.py:3954} INFO - Setting next_dagrun for tmdb_raw_pipeline to 2026-03-23 00:00:00+00:00, run_after=2026-03-24 00:00:00+00:00
[2026-03-23T11:47:08.111+0000] {processor.py:183} INFO - Processing /opt/airflow/dags/tmdb_daily_dag.py took 0.068 seconds
[2026-03-23T11:47:38.587+0000] {processor.py:161} INFO - Started process (PID=20797) to work on /opt/airflow/dags/tmdb_daily_dag.py
[2026-03-23T11:47:38.589+0000] {processor.py:830} INFO - Processing file /opt/airflow/dags/tmdb_daily_dag.py for tasks to queue
[2026-03-23T11:47:38.590+0000] {logging_mixin.py:188} INFO - [2026-03-23T11:47:38.589+0000] {dagbag.py:545} INFO - Filling up the DagBag from /opt/airflow/dags/tmdb_daily_dag.py
[2026-03-23T11:47:38.601+0000] {processor.py:840} INFO - DAG(s) 'tmdb_raw_pipeline' retrieved from /opt/airflow/dags/tmdb_daily_dag.py
[2026-03-23T11:47:38.624+0000] {logging_mixin.py:188} INFO - [2026-03-23T11:47:38.624+0000] {dag.py:3096} INFO - Sync 1 DAGs
[2026-03-23T11:47:38.647+0000] {logging_mixin.py:188} INFO - [2026-03-23T11:47:38.647+0000] {dag.py:3954} INFO - Setting next_dagrun for tmdb_raw_pipeline to 2026-03-23 00:00:00+00:00, run_after=2026-03-24 00:00:00+00:00
[2026-03-23T11:47:38.667+0000] {processor.py:183} INFO - Processing /opt/airflow/dags/tmdb_daily_dag.py took 0.086 seconds
[2026-03-23T11:48:09.148+0000] {processor.py:161} INFO - Started process (PID=20817) to work on /opt/airflow/dags/tmdb_daily_dag.py
[2026-03-23T11:48:09.150+0000] {processor.py:830} INFO - Processing file /opt/airflow/dags/tmdb_daily_dag.py for tasks to queue
[2026-03-23T11:48:09.151+0000] {logging_mixin.py:188} INFO - [2026-03-23T11:48:09.151+0000] {dagbag.py:545} INFO - Filling up the DagBag from /opt/airflow/dags/tmdb_daily_dag.py
[2026-03-23T11:48:09.164+0000] {processor.py:840} INFO - DAG(s) 'tmdb_raw_pipeline' retrieved from /opt/airflow/dags/tmdb_daily_dag.py
[2026-03-23T11:48:09.187+0000] {logging_mixin.py:188} INFO - [2026-03-23T11:48:09.187+0000] {dag.py:3096} INFO - Sync 1 DAGs
[2026-03-23T11:48:09.207+0000] {logging_mixin.py:188} INFO - [2026-03-23T11:48:09.206+0000] {dag.py:3954} INFO - Setting next_dagrun for tmdb_raw_pipeline to 2026-03-23 00:00:00+00:00, run_after=2026-03-24 00:00:00+00:00
[2026-03-23T11:48:09.223+0000] {processor.py:183} INFO - Processing /opt/airflow/dags/tmdb_daily_dag.py took 0.080 seconds
[2026-03-23T11:48:39.776+0000] {processor.py:161} INFO - Started process (PID=20837) to work on /opt/airflow/dags/tmdb_daily_dag.py
[2026-03-23T11:48:39.779+0000] {processor.py:830} INFO - Processing file /opt/airflow/dags/tmdb_daily_dag.py for tasks to queue
[2026-03-23T11:48:39.779+0000] {logging_mixin.py:188} INFO - [2026-03-23T11:48:39.779+0000] {dagbag.py:545} INFO - Filling up the DagBag from /opt/airflow/dags/tmdb_daily_dag.py
[2026-03-23T11:48:39.793+0000] {processor.py:840} INFO - DAG(s) 'tmdb_raw_pipeline' retrieved from /opt/airflow/dags/tmdb_daily_dag.py
[2026-03-23T11:48:39.808+0000] {logging_mixin.py:188} INFO - [2026-03-23T11:48:39.808+0000] {dag.py:3096} INFO - Sync 1 DAGs
[2026-03-23T11:48:39.821+0000] {logging_mixin.py:188} INFO - [2026-03-23T11:48:39.821+0000] {dag.py:3954} INFO - Setting next_dagrun for tmdb_raw_pipeline to 2026-03-23 00:00:00+00:00, run_after=2026-03-24 00:00:00+00:00
[2026-03-23T11:48:39.833+0000] {processor.py:183} INFO - Processing /opt/airflow/dags/tmdb_daily_dag.py took 0.065 seconds
[2026-03-23T11:49:10.325+0000] {processor.py:161} INFO - Started process (PID=20857) to work on /opt/airflow/dags/tmdb_daily_dag.py
[2026-03-23T11:49:10.327+0000] {processor.py:830} INFO - Processing file /opt/airflow/dags/tmdb_daily_dag.py for tasks to queue
[2026-03-23T11:49:10.328+0000] {logging_mixin.py:188} INFO - [2026-03-23T11:49:10.328+0000] {dagbag.py:545} INFO - Filling up the DagBag from /opt/airflow/dags/tmdb_daily_dag.py
[2026-03-23T11:49:10.343+0000] {processor.py:840} INFO - DAG(s) 'tmdb_raw_pipeline' retrieved from /opt/airflow/dags/tmdb_daily_dag.py
[2026-03-23T11:49:10.368+0000] {logging_mixin.py:188} INFO - [2026-03-23T11:49:10.368+0000] {dag.py:3096} INFO - Sync 1 DAGs
[2026-03-23T11:49:10.385+0000] {logging_mixin.py:188} INFO - [2026-03-23T11:49:10.384+0000] {dag.py:3954} INFO - Setting next_dagrun for tmdb_raw_pipeline to 2026-03-23 00:00:00+00:00, run_after=2026-03-24 00:00:00+00:00
[2026-03-23T11:49:10.412+0000] {processor.py:183} INFO - Processing /opt/airflow/dags/tmdb_daily_dag.py took 0.093 seconds
[2026-03-23T11:49:40.894+0000] {processor.py:161} INFO - Started process (PID=20877) to work on /opt/airflow/dags/tmdb_daily_dag.py
[2026-03-23T11:49:40.895+0000] {processor.py:830} INFO - Processing file /opt/airflow/dags/tmdb_daily_dag.py for tasks to queue
[2026-03-23T11:49:40.896+0000] {logging_mixin.py:188} INFO - [2026-03-23T11:49:40.896+0000] {dagbag.py:545} INFO - Filling up the DagBag from /opt/airflow/dags/tmdb_daily_dag.py
[2026-03-23T11:49:40.907+0000] {processor.py:840} INFO - DAG(s) 'tmdb_raw_pipeline' retrieved from /opt/airflow/dags/tmdb_daily_dag.py
[2026-03-23T11:49:40.921+0000] {logging_mixin.py:188} INFO - [2026-03-23T11:49:40.921+0000] {dag.py:3096} INFO - Sync 1 DAGs
[2026-03-23T11:49:40.944+0000] {logging_mixin.py:188} INFO - [2026-03-23T11:49:40.944+0000] {dag.py:3954} INFO - Setting next_dagrun for tmdb_raw_pipeline to 2026-03-23 00:00:00+00:00, run_after=2026-03-24 00:00:00+00:00
[2026-03-23T11:49:40.955+0000] {processor.py:183} INFO - Processing /opt/airflow/dags/tmdb_daily_dag.py took 0.067 seconds
[2026-03-23T11:50:11.320+0000] {processor.py:161} INFO - Started process (PID=20897) to work on /opt/airflow/dags/tmdb_daily_dag.py
[2026-03-23T11:50:11.322+0000] {processor.py:830} INFO - Processing file /opt/airflow/dags/tmdb_daily_dag.py for tasks to queue
[2026-03-23T11:50:11.323+0000] {logging_mixin.py:188} INFO - [2026-03-23T11:50:11.323+0000] {dagbag.py:545} INFO - Filling up the DagBag from /opt/airflow/dags/tmdb_daily_dag.py
[2026-03-23T11:50:11.334+0000] {processor.py:840} INFO - DAG(s) 'tmdb_raw_pipeline' retrieved from /opt/airflow/dags/tmdb_daily_dag.py
[2026-03-23T11:50:11.348+0000] {logging_mixin.py:188} INFO - [2026-03-23T11:50:11.348+0000] {dag.py:3096} INFO - Sync 1 DAGs
[2026-03-23T11:50:11.367+0000] {logging_mixin.py:188} INFO - [2026-03-23T11:50:11.367+0000] {dag.py:3954} INFO - Setting next_dagrun for tmdb_raw_pipeline to 2026-03-23 00:00:00+00:00, run_after=2026-03-24 00:00:00+00:00
[2026-03-23T11:50:11.385+0000] {processor.py:183} INFO - Processing /opt/airflow/dags/tmdb_daily_dag.py took 0.072 seconds
[2026-03-23T11:50:41.788+0000] {processor.py:161} INFO - Started process (PID=20917) to work on /opt/airflow/dags/tmdb_daily_dag.py
[2026-03-23T11:50:41.791+0000] {processor.py:830} INFO - Processing file /opt/airflow/dags/tmdb_daily_dag.py for tasks to queue
[2026-03-23T11:50:41.792+0000] {logging_mixin.py:188} INFO - [2026-03-23T11:50:41.791+0000] {dagbag.py:545} INFO - Filling up the DagBag from /opt/airflow/dags/tmdb_daily_dag.py
[2026-03-23T11:50:41.801+0000] {processor.py:840} INFO - DAG(s) 'tmdb_raw_pipeline' retrieved from /opt/airflow/dags/tmdb_daily_dag.py
[2026-03-23T11:50:41.822+0000] {logging_mixin.py:188} INFO - [2026-03-23T11:50:41.822+0000] {dag.py:3096} INFO - Sync 1 DAGs
[2026-03-23T11:50:41.844+0000] {logging_mixin.py:188} INFO - [2026-03-23T11:50:41.844+0000] {dag.py:3954} INFO - Setting next_dagrun for tmdb_raw_pipeline to 2026-03-23 00:00:00+00:00, run_after=2026-03-24 00:00:00+00:00
[2026-03-23T11:50:41.864+0000] {processor.py:183} INFO - Processing /opt/airflow/dags/tmdb_daily_dag.py took 0.082 seconds
[2026-03-23T11:51:12.380+0000] {processor.py:161} INFO - Started process (PID=20937) to work on /opt/airflow/dags/tmdb_daily_dag.py
[2026-03-23T11:51:12.382+0000] {processor.py:830} INFO - Processing file /opt/airflow/dags/tmdb_daily_dag.py for tasks to queue
[2026-03-23T11:51:12.383+0000] {logging_mixin.py:188} INFO - [2026-03-23T11:51:12.382+0000] {dagbag.py:545} INFO - Filling up the DagBag from /opt/airflow/dags/tmdb_daily_dag.py
[2026-03-23T11:51:12.396+0000] {processor.py:840} INFO - DAG(s) 'tmdb_raw_pipeline' retrieved from /opt/airflow/dags/tmdb_daily_dag.py
[2026-03-23T11:51:12.414+0000] {logging_mixin.py:188} INFO - [2026-03-23T11:51:12.413+0000] {dag.py:3096} INFO - Sync 1 DAGs
[2026-03-23T11:51:12.432+0000] {logging_mixin.py:188} INFO - [2026-03-23T11:51:12.432+0000] {dag.py:3954} INFO - Setting next_dagrun for tmdb_raw_pipeline to 2026-03-23 00:00:00+00:00, run_after=2026-03-24 00:00:00+00:00
[2026-03-23T11:51:12.447+0000] {processor.py:183} INFO - Processing /opt/airflow/dags/tmdb_daily_dag.py took 0.075 seconds
[2026-03-23T11:51:42.827+0000] {processor.py:161} INFO - Started process (PID=20957) to work on /opt/airflow/dags/tmdb_daily_dag.py
[2026-03-23T11:51:42.829+0000] {processor.py:830} INFO - Processing file /opt/airflow/dags/tmdb_daily_dag.py for tasks to queue
[2026-03-23T11:51:42.829+0000] {logging_mixin.py:188} INFO - [2026-03-23T11:51:42.829+0000] {dagbag.py:545} INFO - Filling up the DagBag from /opt/airflow/dags/tmdb_daily_dag.py
[2026-03-23T11:51:42.844+0000] {processor.py:840} INFO - DAG(s) 'tmdb_raw_pipeline' retrieved from /opt/airflow/dags/tmdb_daily_dag.py
[2026-03-23T11:51:42.863+0000] {logging_mixin.py:188} INFO - [2026-03-23T11:51:42.863+0000] {dag.py:3096} INFO - Sync 1 DAGs
[2026-03-23T11:51:42.879+0000] {logging_mixin.py:188} INFO - [2026-03-23T11:51:42.878+0000] {dag.py:3954} INFO - Setting next_dagrun for tmdb_raw_pipeline to 2026-03-23 00:00:00+00:00, run_after=2026-03-24 00:00:00+00:00
[2026-03-23T11:51:42.891+0000] {processor.py:183} INFO - Processing /opt/airflow/dags/tmdb_daily_dag.py took 0.070 seconds
[2026-03-23T11:52:13.256+0000] {processor.py:161} INFO - Started process (PID=20977) to work on /opt/airflow/dags/tmdb_daily_dag.py
[2026-03-23T11:52:13.262+0000] {processor.py:830} INFO - Processing file /opt/airflow/dags/tmdb_daily_dag.py for tasks to queue
[2026-03-23T11:52:13.265+0000] {logging_mixin.py:188} INFO - [2026-03-23T11:52:13.264+0000] {dagbag.py:545} INFO - Filling up the DagBag from /opt/airflow/dags/tmdb_daily_dag.py
[2026-03-23T11:52:13.288+0000] {processor.py:840} INFO - DAG(s) 'tmdb_raw_pipeline' retrieved from /opt/airflow/dags/tmdb_daily_dag.py
[2026-03-23T11:52:13.329+0000] {logging_mixin.py:188} INFO - [2026-03-23T11:52:13.329+0000] {dag.py:3096} INFO - Sync 1 DAGs
[2026-03-23T11:52:13.352+0000] {logging_mixin.py:188} INFO - [2026-03-23T11:52:13.352+0000] {dag.py:3954} INFO - Setting next_dagrun for tmdb_raw_pipeline to 2026-03-23 00:00:00+00:00, run_after=2026-03-24 00:00:00+00:00
[2026-03-23T11:52:13.360+0000] {processor.py:183} INFO - Processing /opt/airflow/dags/tmdb_daily_dag.py took 0.112 seconds
[2026-03-23T11:52:43.834+0000] {processor.py:161} INFO - Started process (PID=20997) to work on /opt/airflow/dags/tmdb_daily_dag.py
[2026-03-23T11:52:43.837+0000] {processor.py:830} INFO - Processing file /opt/airflow/dags/tmdb_daily_dag.py for tasks to queue
[2026-03-23T11:52:43.837+0000] {logging_mixin.py:188} INFO - [2026-03-23T11:52:43.837+0000] {dagbag.py:545} INFO - Filling up the DagBag from /opt/airflow/dags/tmdb_daily_dag.py
[2026-03-23T11:52:43.860+0000] {processor.py:840} INFO - DAG(s) 'tmdb_raw_pipeline' retrieved from /opt/airflow/dags/tmdb_daily_dag.py
[2026-03-23T11:52:43.878+0000] {logging_mixin.py:188} INFO - [2026-03-23T11:52:43.878+0000] {dag.py:3096} INFO - Sync 1 DAGs
[2026-03-23T11:52:43.890+0000] {logging_mixin.py:188} INFO - [2026-03-23T11:52:43.890+0000] {dag.py:3954} INFO - Setting next_dagrun for tmdb_raw_pipeline to 2026-03-23 00:00:00+00:00, run_after=2026-03-24 00:00:00+00:00
[2026-03-23T11:52:43.899+0000] {processor.py:183} INFO - Processing /opt/airflow/dags/tmdb_daily_dag.py took 0.072 seconds
[2026-03-23T11:53:14.271+0000] {processor.py:161} INFO - Started process (PID=21017) to work on /opt/airflow/dags/tmdb_daily_dag.py
[2026-03-23T11:53:14.274+0000] {processor.py:830} INFO - Processing file /opt/airflow/dags/tmdb_daily_dag.py for tasks to queue
[2026-03-23T11:53:14.275+0000] {logging_mixin.py:188} INFO - [2026-03-23T11:53:14.274+0000] {dagbag.py:545} INFO - Filling up the DagBag from /opt/airflow/dags/tmdb_daily_dag.py
[2026-03-23T11:53:14.293+0000] {processor.py:840} INFO - DAG(s) 'tmdb_raw_pipeline' retrieved from /opt/airflow/dags/tmdb_daily_dag.py
[2026-03-23T11:53:14.313+0000] {logging_mixin.py:188} INFO - [2026-03-23T11:53:14.313+0000] {dag.py:3096} INFO - Sync 1 DAGs
[2026-03-23T11:53:14.331+0000] {logging_mixin.py:188} INFO - [2026-03-23T11:53:14.331+0000] {dag.py:3954} INFO - Setting next_dagrun for tmdb_raw_pipeline to 2026-03-23 00:00:00+00:00, run_after=2026-03-24 00:00:00+00:00
[2026-03-23T11:53:14.343+0000] {processor.py:183} INFO - Processing /opt/airflow/dags/tmdb_daily_dag.py took 0.082 seconds
[2026-03-23T11:53:44.832+0000] {processor.py:161} INFO - Started process (PID=21037) to work on /opt/airflow/dags/tmdb_daily_dag.py
[2026-03-23T11:53:44.834+0000] {processor.py:830} INFO - Processing file /opt/airflow/dags/tmdb_daily_dag.py for tasks to queue
[2026-03-23T11:53:44.835+0000] {logging_mixin.py:188} INFO - [2026-03-23T11:53:44.834+0000] {dagbag.py:545} INFO - Filling up the DagBag from /opt/airflow/dags/tmdb_daily_dag.py
[2026-03-23T11:53:44.844+0000] {processor.py:840} INFO - DAG(s) 'tmdb_raw_pipeline' retrieved from /opt/airflow/dags/tmdb_daily_dag.py
[2026-03-23T11:53:44.865+0000] {logging_mixin.py:188} INFO - [2026-03-23T11:53:44.865+0000] {dag.py:3096} INFO - Sync 1 DAGs
[2026-03-23T11:53:44.881+0000] {logging_mixin.py:188} INFO - [2026-03-23T11:53:44.881+0000] {dag.py:3954} INFO - Setting next_dagrun for tmdb_raw_pipeline to 2026-03-23 00:00:00+00:00, run_after=2026-03-24 00:00:00+00:00
[2026-03-23T11:53:44.892+0000] {processor.py:183} INFO - Processing /opt/airflow/dags/tmdb_daily_dag.py took 0.065 seconds
[2026-03-23T11:54:15.447+0000] {processor.py:161} INFO - Started process (PID=21057) to work on /opt/airflow/dags/tmdb_daily_dag.py
[2026-03-23T11:54:15.451+0000] {processor.py:830} INFO - Processing file /opt/airflow/dags/tmdb_daily_dag.py for tasks to queue
[2026-03-23T11:54:15.452+0000] {logging_mixin.py:188} INFO - [2026-03-23T11:54:15.451+0000] {dagbag.py:545} INFO - Filling up the DagBag from /opt/airflow/dags/tmdb_daily_dag.py
[2026-03-23T11:54:15.465+0000] {processor.py:840} INFO - DAG(s) 'tmdb_raw_pipeline' retrieved from /opt/airflow/dags/tmdb_daily_dag.py
[2026-03-23T11:54:15.485+0000] {logging_mixin.py:188} INFO - [2026-03-23T11:54:15.485+0000] {dag.py:3096} INFO - Sync 1 DAGs
[2026-03-23T11:54:15.508+0000] {logging_mixin.py:188} INFO - [2026-03-23T11:54:15.508+0000] {dag.py:3954} INFO - Setting next_dagrun for tmdb_raw_pipeline to 2026-03-23 00:00:00+00:00, run_after=2026-03-24 00:00:00+00:00
[2026-03-23T11:54:15.533+0000] {processor.py:183} INFO - Processing /opt/airflow/dags/tmdb_daily_dag.py took 0.092 seconds
[2026-03-23T11:54:45.954+0000] {processor.py:161} INFO - Started process (PID=21077) to work on /opt/airflow/dags/tmdb_daily_dag.py
[2026-03-23T11:54:45.957+0000] {processor.py:830} INFO - Processing file /opt/airflow/dags/tmdb_daily_dag.py for tasks to queue
[2026-03-23T11:54:45.958+0000] {logging_mixin.py:188} INFO - [2026-03-23T11:54:45.957+0000] {dagbag.py:545} INFO - Filling up the DagBag from /opt/airflow/dags/tmdb_daily_dag.py
[2026-03-23T11:54:45.974+0000] {processor.py:840} INFO - DAG(s) 'tmdb_raw_pipeline' retrieved from /opt/airflow/dags/tmdb_daily_dag.py
[2026-03-23T11:54:45.990+0000] {logging_mixin.py:188} INFO - [2026-03-23T11:54:45.990+0000] {dag.py:3096} INFO - Sync 1 DAGs
[2026-03-23T11:54:46.004+0000] {logging_mixin.py:188} INFO - [2026-03-23T11:54:46.004+0000] {dag.py:3954} INFO - Setting next_dagrun for tmdb_raw_pipeline to 2026-03-23 00:00:00+00:00, run_after=2026-03-24 00:00:00+00:00
[2026-03-23T11:54:46.016+0000] {processor.py:183} INFO - Processing /opt/airflow/dags/tmdb_daily_dag.py took 0.071 seconds
[2026-03-23T11:55:16.682+0000] {processor.py:161} INFO - Started process (PID=21097) to work on /opt/airflow/dags/tmdb_daily_dag.py
[2026-03-23T11:55:16.685+0000] {processor.py:830} INFO - Processing file /opt/airflow/dags/tmdb_daily_dag.py for tasks to queue
[2026-03-23T11:55:16.685+0000] {logging_mixin.py:188} INFO - [2026-03-23T11:55:16.685+0000] {dagbag.py:545} INFO - Filling up the DagBag from /opt/airflow/dags/tmdb_daily_dag.py
[2026-03-23T11:55:16.699+0000] {processor.py:840} INFO - DAG(s) 'tmdb_raw_pipeline' retrieved from /opt/airflow/dags/tmdb_daily_dag.py
[2026-03-23T11:55:16.721+0000] {logging_mixin.py:188} INFO - [2026-03-23T11:55:16.721+0000] {dag.py:3096} INFO - Sync 1 DAGs
[2026-03-23T11:55:16.761+0000] {logging_mixin.py:188} INFO - [2026-03-23T11:55:16.761+0000] {dag.py:3954} INFO - Setting next_dagrun for tmdb_raw_pipeline to 2026-03-23 00:00:00+00:00, run_after=2026-03-24 00:00:00+00:00
[2026-03-23T11:55:16.776+0000] {processor.py:183} INFO - Processing /opt/airflow/dags/tmdb_daily_dag.py took 0.101 seconds
[2026-03-23T11:55:47.269+0000] {processor.py:161} INFO - Started process (PID=21117) to work on /opt/airflow/dags/tmdb_daily_dag.py
[2026-03-23T11:55:47.272+0000] {processor.py:830} INFO - Processing file /opt/airflow/dags/tmdb_daily_dag.py for tasks to queue
[2026-03-23T11:55:47.274+0000] {logging_mixin.py:188} INFO - [2026-03-23T11:55:47.274+0000] {dagbag.py:545} INFO - Filling up the DagBag from /opt/airflow/dags/tmdb_daily_dag.py
[2026-03-23T11:55:47.295+0000] {processor.py:840} INFO - DAG(s) 'tmdb_raw_pipeline' retrieved from /opt/airflow/dags/tmdb_daily_dag.py
[2026-03-23T11:55:47.315+0000] {logging_mixin.py:188} INFO - [2026-03-23T11:55:47.315+0000] {dag.py:3096} INFO - Sync 1 DAGs
[2026-03-23T11:55:47.333+0000] {logging_mixin.py:188} INFO - [2026-03-23T11:55:47.333+0000] {dag.py:3954} INFO - Setting next_dagrun for tmdb_raw_pipeline to 2026-03-23 00:00:00+00:00, run_after=2026-03-24 00:00:00+00:00
[2026-03-23T11:55:47.346+0000] {processor.py:183} INFO - Processing /opt/airflow/dags/tmdb_daily_dag.py took 0.087 seconds
[2026-03-23T11:56:17.779+0000] {processor.py:161} INFO - Started process (PID=21137) to work on /opt/airflow/dags/tmdb_daily_dag.py
[2026-03-23T11:56:17.783+0000] {processor.py:830} INFO - Processing file /opt/airflow/dags/tmdb_daily_dag.py for tasks to queue
[2026-03-23T11:56:17.784+0000] {logging_mixin.py:188} INFO - [2026-03-23T11:56:17.784+0000] {dagbag.py:545} INFO - Filling up the DagBag from /opt/airflow/dags/tmdb_daily_dag.py
[2026-03-23T11:56:17.796+0000] {processor.py:840} INFO - DAG(s) 'tmdb_raw_pipeline' retrieved from /opt/airflow/dags/tmdb_daily_dag.py
[2026-03-23T11:56:17.825+0000] {logging_mixin.py:188} INFO - [2026-03-23T11:56:17.825+0000] {dag.py:3096} INFO - Sync 1 DAGs
[2026-03-23T11:56:17.848+0000] {logging_mixin.py:188} INFO - [2026-03-23T11:56:17.847+0000] {dag.py:3954} INFO - Setting next_dagrun for tmdb_raw_pipeline to 2026-03-23 00:00:00+00:00, run_after=2026-03-24 00:00:00+00:00
[2026-03-23T11:56:17.867+0000] {processor.py:183} INFO - Processing /opt/airflow/dags/tmdb_daily_dag.py took 0.095 seconds
[2026-03-23T11:56:48.247+0000] {processor.py:161} INFO - Started process (PID=21157) to work on /opt/airflow/dags/tmdb_daily_dag.py
[2026-03-23T11:56:48.249+0000] {processor.py:830} INFO - Processing file /opt/airflow/dags/tmdb_daily_dag.py for tasks to queue
[2026-03-23T11:56:48.250+0000] {logging_mixin.py:188} INFO - [2026-03-23T11:56:48.249+0000] {dagbag.py:545} INFO - Filling up the DagBag from /opt/airflow/dags/tmdb_daily_dag.py
[2026-03-23T11:56:48.265+0000] {processor.py:840} INFO - DAG(s) 'tmdb_raw_pipeline' retrieved from /opt/airflow/dags/tmdb_daily_dag.py
[2026-03-23T11:56:48.286+0000] {logging_mixin.py:188} INFO - [2026-03-23T11:56:48.286+0000] {dag.py:3096} INFO - Sync 1 DAGs
[2026-03-23T11:56:48.300+0000] {logging_mixin.py:188} INFO - [2026-03-23T11:56:48.300+0000] {dag.py:3954} INFO - Setting next_dagrun for tmdb_raw_pipeline to 2026-03-23 00:00:00+00:00, run_after=2026-03-24 00:00:00+00:00
[2026-03-23T11:56:48.308+0000] {processor.py:183} INFO - Processing /opt/airflow/dags/tmdb_daily_dag.py took 0.066 seconds
[2026-03-23T11:57:18.844+0000] {processor.py:161} INFO - Started process (PID=21177) to work on /opt/airflow/dags/tmdb_daily_dag.py
[2026-03-23T11:57:18.846+0000] {processor.py:830} INFO - Processing file /opt/airflow/dags/tmdb_daily_dag.py for tasks to queue
[2026-03-23T11:57:18.847+0000] {logging_mixin.py:188} INFO - [2026-03-23T11:57:18.846+0000] {dagbag.py:545} INFO - Filling up the DagBag from /opt/airflow/dags/tmdb_daily_dag.py
[2026-03-23T11:57:18.858+0000] {processor.py:840} INFO - DAG(s) 'tmdb_raw_pipeline' retrieved from /opt/airflow/dags/tmdb_daily_dag.py
[2026-03-23T11:57:18.877+0000] {logging_mixin.py:188} INFO - [2026-03-23T11:57:18.877+0000] {dag.py:3096} INFO - Sync 1 DAGs
[2026-03-23T11:57:18.906+0000] {logging_mixin.py:188} INFO - [2026-03-23T11:57:18.904+0000] {dag.py:3954} INFO - Setting next_dagrun for tmdb_raw_pipeline to 2026-03-23 00:00:00+00:00, run_after=2026-03-24 00:00:00+00:00
[2026-03-23T11:57:18.919+0000] {processor.py:183} INFO - Processing /opt/airflow/dags/tmdb_daily_dag.py took 0.081 seconds
[2026-03-23T11:57:49.448+0000] {processor.py:161} INFO - Started process (PID=21197) to work on /opt/airflow/dags/tmdb_daily_dag.py
[2026-03-23T11:57:49.451+0000] {processor.py:830} INFO - Processing file /opt/airflow/dags/tmdb_daily_dag.py for tasks to queue
[2026-03-23T11:57:49.451+0000] {logging_mixin.py:188} INFO - [2026-03-23T11:57:49.451+0000] {dagbag.py:545} INFO - Filling up the DagBag from /opt/airflow/dags/tmdb_daily_dag.py
[2026-03-23T11:57:49.462+0000] {processor.py:840} INFO - DAG(s) 'tmdb_raw_pipeline' retrieved from /opt/airflow/dags/tmdb_daily_dag.py
[2026-03-23T11:57:49.485+0000] {logging_mixin.py:188} INFO - [2026-03-23T11:57:49.484+0000] {dag.py:3096} INFO - Sync 1 DAGs
[2026-03-23T11:57:49.495+0000] {logging_mixin.py:188} INFO - [2026-03-23T11:57:49.495+0000] {dag.py:3954} INFO - Setting next_dagrun for tmdb_raw_pipeline to 2026-03-23 00:00:00+00:00, run_after=2026-03-24 00:00:00+00:00
[2026-03-23T11:57:49.509+0000] {processor.py:183} INFO - Processing /opt/airflow/dags/tmdb_daily_dag.py took 0.067 seconds
[2026-03-23T11:58:19.906+0000] {processor.py:161} INFO - Started process (PID=21217) to work on /opt/airflow/dags/tmdb_daily_dag.py
[2026-03-23T11:58:19.912+0000] {processor.py:830} INFO - Processing file /opt/airflow/dags/tmdb_daily_dag.py for tasks to queue
[2026-03-23T11:58:19.915+0000] {logging_mixin.py:188} INFO - [2026-03-23T11:58:19.915+0000] {dagbag.py:545} INFO - Filling up the DagBag from /opt/airflow/dags/tmdb_daily_dag.py
[2026-03-23T11:58:19.932+0000] {processor.py:840} INFO - DAG(s) 'tmdb_raw_pipeline' retrieved from /opt/airflow/dags/tmdb_daily_dag.py
[2026-03-23T11:58:19.950+0000] {logging_mixin.py:188} INFO - [2026-03-23T11:58:19.950+0000] {dag.py:3096} INFO - Sync 1 DAGs
[2026-03-23T11:58:19.965+0000] {logging_mixin.py:188} INFO - [2026-03-23T11:58:19.964+0000] {dag.py:3954} INFO - Setting next_dagrun for tmdb_raw_pipeline to 2026-03-23 00:00:00+00:00, run_after=2026-03-24 00:00:00+00:00
[2026-03-23T11:58:19.977+0000] {processor.py:183} INFO - Processing /opt/airflow/dags/tmdb_daily_dag.py took 0.085 seconds
[2026-03-23T11:58:50.370+0000] {processor.py:161} INFO - Started process (PID=21237) to work on /opt/airflow/dags/tmdb_daily_dag.py
[2026-03-23T11:58:50.374+0000] {processor.py:830} INFO - Processing file /opt/airflow/dags/tmdb_daily_dag.py for tasks to queue
[2026-03-23T11:58:50.375+0000] {logging_mixin.py:188} INFO - [2026-03-23T11:58:50.375+0000] {dagbag.py:545} INFO - Filling up the DagBag from /opt/airflow/dags/tmdb_daily_dag.py
[2026-03-23T11:58:50.389+0000] {processor.py:840} INFO - DAG(s) 'tmdb_raw_pipeline' retrieved from /opt/airflow/dags/tmdb_daily_dag.py
[2026-03-23T11:58:50.405+0000] {logging_mixin.py:188} INFO - [2026-03-23T11:58:50.405+0000] {dag.py:3096} INFO - Sync 1 DAGs
[2026-03-23T11:58:50.418+0000] {logging_mixin.py:188} INFO - [2026-03-23T11:58:50.418+0000] {dag.py:3954} INFO - Setting next_dagrun for tmdb_raw_pipeline to 2026-03-23 00:00:00+00:00, run_after=2026-03-24 00:00:00+00:00
[2026-03-23T11:58:50.429+0000] {processor.py:183} INFO - Processing /opt/airflow/dags/tmdb_daily_dag.py took 0.066 seconds
[2026-03-23T11:59:20.989+0000] {processor.py:161} INFO - Started process (PID=21257) to work on /opt/airflow/dags/tmdb_daily_dag.py
[2026-03-23T11:59:20.992+0000] {processor.py:830} INFO - Processing file /opt/airflow/dags/tmdb_daily_dag.py for tasks to queue
[2026-03-23T11:59:20.994+0000] {logging_mixin.py:188} INFO - [2026-03-23T11:59:20.994+0000] {dagbag.py:545} INFO - Filling up the DagBag from /opt/airflow/dags/tmdb_daily_dag.py
[2026-03-23T11:59:21.010+0000] {processor.py:840} INFO - DAG(s) 'tmdb_raw_pipeline' retrieved from /opt/airflow/dags/tmdb_daily_dag.py
[2026-03-23T11:59:21.037+0000] {logging_mixin.py:188} INFO - [2026-03-23T11:59:21.037+0000] {dag.py:3096} INFO - Sync 1 DAGs
[2026-03-23T11:59:21.053+0000] {logging_mixin.py:188} INFO - [2026-03-23T11:59:21.053+0000] {dag.py:3954} INFO - Setting next_dagrun for tmdb_raw_pipeline to 2026-03-23 00:00:00+00:00, run_after=2026-03-24 00:00:00+00:00
[2026-03-23T11:59:21.062+0000] {processor.py:183} INFO - Processing /opt/airflow/dags/tmdb_daily_dag.py took 0.077 seconds
[2026-03-23T11:59:51.416+0000] {processor.py:161} INFO - Started process (PID=21277) to work on /opt/airflow/dags/tmdb_daily_dag.py
[2026-03-23T11:59:51.419+0000] {processor.py:830} INFO - Processing file /opt/airflow/dags/tmdb_daily_dag.py for tasks to queue
[2026-03-23T11:59:51.419+0000] {logging_mixin.py:188} INFO - [2026-03-23T11:59:51.419+0000] {dagbag.py:545} INFO - Filling up the DagBag from /opt/airflow/dags/tmdb_daily_dag.py
[2026-03-23T11:59:51.432+0000] {processor.py:840} INFO - DAG(s) 'tmdb_raw_pipeline' retrieved from /opt/airflow/dags/tmdb_daily_dag.py
[2026-03-23T11:59:51.469+0000] {logging_mixin.py:188} INFO - [2026-03-23T11:59:51.469+0000] {dag.py:3096} INFO - Sync 1 DAGs
[2026-03-23T11:59:51.489+0000] {logging_mixin.py:188} INFO - [2026-03-23T11:59:51.489+0000] {dag.py:3954} INFO - Setting next_dagrun for tmdb_raw_pipeline to 2026-03-23 00:00:00+00:00, run_after=2026-03-24 00:00:00+00:00
[2026-03-23T11:59:51.503+0000] {processor.py:183} INFO - Processing /opt/airflow/dags/tmdb_daily_dag.py took 0.097 seconds
[2026-03-23T12:00:22.045+0000] {processor.py:161} INFO - Started process (PID=21297) to work on /opt/airflow/dags/tmdb_daily_dag.py
[2026-03-23T12:00:22.048+0000] {processor.py:830} INFO - Processing file /opt/airflow/dags/tmdb_daily_dag.py for tasks to queue
[2026-03-23T12:00:22.050+0000] {logging_mixin.py:188} INFO - [2026-03-23T12:00:22.050+0000] {dagbag.py:545} INFO - Filling up the DagBag from /opt/airflow/dags/tmdb_daily_dag.py
[2026-03-23T12:00:22.058+0000] {processor.py:840} INFO - DAG(s) 'tmdb_raw_pipeline' retrieved from /opt/airflow/dags/tmdb_daily_dag.py
[2026-03-23T12:00:22.083+0000] {logging_mixin.py:188} INFO - [2026-03-23T12:00:22.083+0000] {dag.py:3096} INFO - Sync 1 DAGs
[2026-03-23T12:00:22.095+0000] {logging_mixin.py:188} INFO - [2026-03-23T12:00:22.095+0000] {dag.py:3954} INFO - Setting next_dagrun for tmdb_raw_pipeline to 2026-03-23 00:00:00+00:00, run_after=2026-03-24 00:00:00+00:00
[2026-03-23T12:00:22.101+0000] {processor.py:183} INFO - Processing /opt/airflow/dags/tmdb_daily_dag.py took 0.062 seconds
[2026-03-23T12:00:52.640+0000] {processor.py:161} INFO - Started process (PID=21317) to work on /opt/airflow/dags/tmdb_daily_dag.py
[2026-03-23T12:00:52.643+0000] {processor.py:830} INFO - Processing file /opt/airflow/dags/tmdb_daily_dag.py for tasks to queue
[2026-03-23T12:00:52.644+0000] {logging_mixin.py:188} INFO - [2026-03-23T12:00:52.644+0000] {dagbag.py:545} INFO - Filling up the DagBag from /opt/airflow/dags/tmdb_daily_dag.py
[2026-03-23T12:00:52.654+0000] {processor.py:840} INFO - DAG(s) 'tmdb_raw_pipeline' retrieved from /opt/airflow/dags/tmdb_daily_dag.py
[2026-03-23T12:00:52.674+0000] {logging_mixin.py:188} INFO - [2026-03-23T12:00:52.674+0000] {dag.py:3096} INFO - Sync 1 DAGs
[2026-03-23T12:00:52.696+0000] {logging_mixin.py:188} INFO - [2026-03-23T12:00:52.695+0000] {dag.py:3954} INFO - Setting next_dagrun for tmdb_raw_pipeline to 2026-03-23 00:00:00+00:00, run_after=2026-03-24 00:00:00+00:00
[2026-03-23T12:00:52.707+0000] {processor.py:183} INFO - Processing /opt/airflow/dags/tmdb_daily_dag.py took 0.076 seconds
[2026-03-23T12:01:23.143+0000] {processor.py:161} INFO - Started process (PID=21337) to work on /opt/airflow/dags/tmdb_daily_dag.py
[2026-03-23T12:01:23.145+0000] {processor.py:830} INFO - Processing file /opt/airflow/dags/tmdb_daily_dag.py for tasks to queue
[2026-03-23T12:01:23.146+0000] {logging_mixin.py:188} INFO - [2026-03-23T12:01:23.146+0000] {dagbag.py:545} INFO - Filling up the DagBag from /opt/airflow/dags/tmdb_daily_dag.py
[2026-03-23T12:01:23.156+0000] {processor.py:840} INFO - DAG(s) 'tmdb_raw_pipeline' retrieved from /opt/airflow/dags/tmdb_daily_dag.py
[2026-03-23T12:01:23.177+0000] {logging_mixin.py:188} INFO - [2026-03-23T12:01:23.177+0000] {dag.py:3096} INFO - Sync 1 DAGs
[2026-03-23T12:01:23.200+0000] {logging_mixin.py:188} INFO - [2026-03-23T12:01:23.200+0000] {dag.py:3954} INFO - Setting next_dagrun for tmdb_raw_pipeline to 2026-03-23 00:00:00+00:00, run_after=2026-03-24 00:00:00+00:00
[2026-03-23T12:01:23.213+0000] {processor.py:183} INFO - Processing /opt/airflow/dags/tmdb_daily_dag.py took 0.075 seconds
[2026-03-23T12:01:53.623+0000] {processor.py:161} INFO - Started process (PID=21357) to work on /opt/airflow/dags/tmdb_daily_dag.py
[2026-03-23T12:01:53.627+0000] {processor.py:830} INFO - Processing file /opt/airflow/dags/tmdb_daily_dag.py for tasks to queue
[2026-03-23T12:01:53.628+0000] {logging_mixin.py:188} INFO - [2026-03-23T12:01:53.628+0000] {dagbag.py:545} INFO - Filling up the DagBag from /opt/airflow/dags/tmdb_daily_dag.py
[2026-03-23T12:01:53.642+0000] {processor.py:840} INFO - DAG(s) 'tmdb_raw_pipeline' retrieved from /opt/airflow/dags/tmdb_daily_dag.py
[2026-03-23T12:01:53.661+0000] {logging_mixin.py:188} INFO - [2026-03-23T12:01:53.661+0000] {dag.py:3096} INFO - Sync 1 DAGs
[2026-03-23T12:01:53.677+0000] {logging_mixin.py:188} INFO - [2026-03-23T12:01:53.676+0000] {dag.py:3954} INFO - Setting next_dagrun for tmdb_raw_pipeline to 2026-03-23 00:00:00+00:00, run_after=2026-03-24 00:00:00+00:00
[2026-03-23T12:01:53.687+0000] {processor.py:183} INFO - Processing /opt/airflow/dags/tmdb_daily_dag.py took 0.076 seconds
[2026-03-23T12:02:24.076+0000] {processor.py:161} INFO - Started process (PID=21377) to work on /opt/airflow/dags/tmdb_daily_dag.py
[2026-03-23T12:02:24.080+0000] {processor.py:830} INFO - Processing file /opt/airflow/dags/tmdb_daily_dag.py for tasks to queue
[2026-03-23T12:02:24.081+0000] {logging_mixin.py:188} INFO - [2026-03-23T12:02:24.081+0000] {dagbag.py:545} INFO - Filling up the DagBag from /opt/airflow/dags/tmdb_daily_dag.py
[2026-03-23T12:02:24.093+0000] {processor.py:840} INFO - DAG(s) 'tmdb_raw_pipeline' retrieved from /opt/airflow/dags/tmdb_daily_dag.py
[2026-03-23T12:02:24.119+0000] {logging_mixin.py:188} INFO - [2026-03-23T12:02:24.118+0000] {dag.py:3096} INFO - Sync 1 DAGs
[2026-03-23T12:02:24.167+0000] {logging_mixin.py:188} INFO - [2026-03-23T12:02:24.166+0000] {dag.py:3954} INFO - Setting next_dagrun for tmdb_raw_pipeline to 2026-03-23 00:00:00+00:00, run_after=2026-03-24 00:00:00+00:00
[2026-03-23T12:02:24.177+0000] {processor.py:183} INFO - Processing /opt/airflow/dags/tmdb_daily_dag.py took 0.106 seconds
[2026-03-23T12:02:54.589+0000] {processor.py:161} INFO - Started process (PID=21397) to work on /opt/airflow/dags/tmdb_daily_dag.py
[2026-03-23T12:02:54.592+0000] {processor.py:830} INFO - Processing file /opt/airflow/dags/tmdb_daily_dag.py for tasks to queue
[2026-03-23T12:02:54.594+0000] {logging_mixin.py:188} INFO - [2026-03-23T12:02:54.593+0000] {dagbag.py:545} INFO - Filling up the DagBag from /opt/airflow/dags/tmdb_daily_dag.py
[2026-03-23T12:02:54.619+0000] {processor.py:840} INFO - DAG(s) 'tmdb_raw_pipeline' retrieved from /opt/airflow/dags/tmdb_daily_dag.py
[2026-03-23T12:02:54.650+0000] {logging_mixin.py:188} INFO - [2026-03-23T12:02:54.650+0000] {dag.py:3096} INFO - Sync 1 DAGs
[2026-03-23T12:02:54.671+0000] {logging_mixin.py:188} INFO - [2026-03-23T12:02:54.671+0000] {dag.py:3954} INFO - Setting next_dagrun for tmdb_raw_pipeline to 2026-03-23 00:00:00+00:00, run_after=2026-03-24 00:00:00+00:00
[2026-03-23T12:02:54.691+0000] {processor.py:183} INFO - Processing /opt/airflow/dags/tmdb_daily_dag.py took 0.122 seconds
[2026-03-23T12:03:25.099+0000] {processor.py:161} INFO - Started process (PID=21417) to work on /opt/airflow/dags/tmdb_daily_dag.py
[2026-03-23T12:03:25.102+0000] {processor.py:830} INFO - Processing file /opt/airflow/dags/tmdb_daily_dag.py for tasks to queue
[2026-03-23T12:03:25.103+0000] {logging_mixin.py:188} INFO - [2026-03-23T12:03:25.103+0000] {dagbag.py:545} INFO - Filling up the DagBag from /opt/airflow/dags/tmdb_daily_dag.py
[2026-03-23T12:03:25.116+0000] {processor.py:840} INFO - DAG(s) 'tmdb_raw_pipeline' retrieved from /opt/airflow/dags/tmdb_daily_dag.py
[2026-03-23T12:03:25.147+0000] {logging_mixin.py:188} INFO - [2026-03-23T12:03:25.146+0000] {dag.py:3096} INFO - Sync 1 DAGs
[2026-03-23T12:03:25.170+0000] {logging_mixin.py:188} INFO - [2026-03-23T12:03:25.170+0000] {dag.py:3954} INFO - Setting next_dagrun for tmdb_raw_pipeline to 2026-03-23 00:00:00+00:00, run_after=2026-03-24 00:00:00+00:00
[2026-03-23T12:03:25.186+0000] {processor.py:183} INFO - Processing /opt/airflow/dags/tmdb_daily_dag.py took 0.092 seconds
[2026-03-23T12:03:55.443+0000] {processor.py:161} INFO - Started process (PID=21437) to work on /opt/airflow/dags/tmdb_daily_dag.py
[2026-03-23T12:03:55.446+0000] {processor.py:830} INFO - Processing file /opt/airflow/dags/tmdb_daily_dag.py for tasks to queue
[2026-03-23T12:03:55.447+0000] {logging_mixin.py:188} INFO - [2026-03-23T12:03:55.447+0000] {dagbag.py:545} INFO - Filling up the DagBag from /opt/airflow/dags/tmdb_daily_dag.py
[2026-03-23T12:03:55.460+0000] {processor.py:840} INFO - DAG(s) 'tmdb_raw_pipeline' retrieved from /opt/airflow/dags/tmdb_daily_dag.py
[2026-03-23T12:03:55.478+0000] {logging_mixin.py:188} INFO - [2026-03-23T12:03:55.478+0000] {dag.py:3096} INFO - Sync 1 DAGs
[2026-03-23T12:03:55.492+0000] {logging_mixin.py:188} INFO - [2026-03-23T12:03:55.492+0000] {dag.py:3954} INFO - Setting next_dagrun for tmdb_raw_pipeline to 2026-03-23 00:00:00+00:00, run_after=2026-03-24 00:00:00+00:00
[2026-03-23T12:03:55.509+0000] {processor.py:183} INFO - Processing /opt/airflow/dags/tmdb_daily_dag.py took 0.072 seconds
[2026-03-23T12:04:26.027+0000] {processor.py:161} INFO - Started process (PID=21457) to work on /opt/airflow/dags/tmdb_daily_dag.py
[2026-03-23T12:04:26.028+0000] {processor.py:830} INFO - Processing file /opt/airflow/dags/tmdb_daily_dag.py for tasks to queue
[2026-03-23T12:04:26.029+0000] {logging_mixin.py:188} INFO - [2026-03-23T12:04:26.029+0000] {dagbag.py:545} INFO - Filling up the DagBag from /opt/airflow/dags/tmdb_daily_dag.py
[2026-03-23T12:04:26.047+0000] {processor.py:840} INFO - DAG(s) 'tmdb_raw_pipeline' retrieved from /opt/airflow/dags/tmdb_daily_dag.py
[2026-03-23T12:04:26.066+0000] {logging_mixin.py:188} INFO - [2026-03-23T12:04:26.065+0000] {dag.py:3096} INFO - Sync 1 DAGs
[2026-03-23T12:04:26.079+0000] {logging_mixin.py:188} INFO - [2026-03-23T12:04:26.079+0000] {dag.py:3954} INFO - Setting next_dagrun for tmdb_raw_pipeline to 2026-03-23 00:00:00+00:00, run_after=2026-03-24 00:00:00+00:00
[2026-03-23T12:04:26.086+0000] {processor.py:183} INFO - Processing /opt/airflow/dags/tmdb_daily_dag.py took 0.067 seconds
[2026-03-23T12:04:56.474+0000] {processor.py:161} INFO - Started process (PID=21477) to work on /opt/airflow/dags/tmdb_daily_dag.py
[2026-03-23T12:04:56.478+0000] {processor.py:830} INFO - Processing file /opt/airflow/dags/tmdb_daily_dag.py for tasks to queue
[2026-03-23T12:04:56.478+0000] {logging_mixin.py:188} INFO - [2026-03-23T12:04:56.478+0000] {dagbag.py:545} INFO - Filling up the DagBag from /opt/airflow/dags/tmdb_daily_dag.py
[2026-03-23T12:04:56.488+0000] {processor.py:840} INFO - DAG(s) 'tmdb_raw_pipeline' retrieved from /opt/airflow/dags/tmdb_daily_dag.py
[2026-03-23T12:04:56.509+0000] {logging_mixin.py:188} INFO - [2026-03-23T12:04:56.508+0000] {dag.py:3096} INFO - Sync 1 DAGs
[2026-03-23T12:04:56.522+0000] {logging_mixin.py:188} INFO - [2026-03-23T12:04:56.522+0000] {dag.py:3954} INFO - Setting next_dagrun for tmdb_raw_pipeline to 2026-03-23 00:00:00+00:00, run_after=2026-03-24 00:00:00+00:00
[2026-03-23T12:04:56.532+0000] {processor.py:183} INFO - Processing /opt/airflow/dags/tmdb_daily_dag.py took 0.064 seconds
[2026-03-23T12:05:26.972+0000] {processor.py:161} INFO - Started process (PID=21497) to work on /opt/airflow/dags/tmdb_daily_dag.py
[2026-03-23T12:05:26.975+0000] {processor.py:830} INFO - Processing file /opt/airflow/dags/tmdb_daily_dag.py for tasks to queue
[2026-03-23T12:05:26.975+0000] {logging_mixin.py:188} INFO - [2026-03-23T12:05:26.975+0000] {dagbag.py:545} INFO - Filling up the DagBag from /opt/airflow/dags/tmdb_daily_dag.py
[2026-03-23T12:05:26.990+0000] {processor.py:840} INFO - DAG(s) 'tmdb_raw_pipeline' retrieved from /opt/airflow/dags/tmdb_daily_dag.py
[2026-03-23T12:05:27.012+0000] {logging_mixin.py:188} INFO - [2026-03-23T12:05:27.012+0000] {dag.py:3096} INFO - Sync 1 DAGs
[2026-03-23T12:05:27.033+0000] {logging_mixin.py:188} INFO - [2026-03-23T12:05:27.033+0000] {dag.py:3954} INFO - Setting next_dagrun for tmdb_raw_pipeline to 2026-03-23 00:00:00+00:00, run_after=2026-03-24 00:00:00+00:00
[2026-03-23T12:05:27.043+0000] {processor.py:183} INFO - Processing /opt/airflow/dags/tmdb_daily_dag.py took 0.078 seconds
[2026-03-23T12:05:57.470+0000] {processor.py:161} INFO - Started process (PID=21517) to work on /opt/airflow/dags/tmdb_daily_dag.py
[2026-03-23T12:05:57.472+0000] {processor.py:830} INFO - Processing file /opt/airflow/dags/tmdb_daily_dag.py for tasks to queue
[2026-03-23T12:05:57.473+0000] {logging_mixin.py:188} INFO - [2026-03-23T12:05:57.473+0000] {dagbag.py:545} INFO - Filling up the DagBag from /opt/airflow/dags/tmdb_daily_dag.py
[2026-03-23T12:05:57.483+0000] {processor.py:840} INFO - DAG(s) 'tmdb_raw_pipeline' retrieved from /opt/airflow/dags/tmdb_daily_dag.py
[2026-03-23T12:05:57.498+0000] {logging_mixin.py:188} INFO - [2026-03-23T12:05:57.498+0000] {dag.py:3096} INFO - Sync 1 DAGs
[2026-03-23T12:05:57.512+0000] {logging_mixin.py:188} INFO - [2026-03-23T12:05:57.512+0000] {dag.py:3954} INFO - Setting next_dagrun for tmdb_raw_pipeline to 2026-03-23 00:00:00+00:00, run_after=2026-03-24 00:00:00+00:00
[2026-03-23T12:05:57.522+0000] {processor.py:183} INFO - Processing /opt/airflow/dags/tmdb_daily_dag.py took 0.059 seconds
[2026-03-23T12:06:27.904+0000] {processor.py:161} INFO - Started process (PID=21537) to work on /opt/airflow/dags/tmdb_daily_dag.py
[2026-03-23T12:06:27.907+0000] {processor.py:830} INFO - Processing file /opt/airflow/dags/tmdb_daily_dag.py for tasks to queue
[2026-03-23T12:06:27.910+0000] {logging_mixin.py:188} INFO - [2026-03-23T12:06:27.909+0000] {dagbag.py:545} INFO - Filling up the DagBag from /opt/airflow/dags/tmdb_daily_dag.py
[2026-03-23T12:06:27.922+0000] {processor.py:840} INFO - DAG(s) 'tmdb_raw_pipeline' retrieved from /opt/airflow/dags/tmdb_daily_dag.py
[2026-03-23T12:06:27.938+0000] {logging_mixin.py:188} INFO - [2026-03-23T12:06:27.938+0000] {dag.py:3096} INFO - Sync 1 DAGs
[2026-03-23T12:06:27.954+0000] {logging_mixin.py:188} INFO - [2026-03-23T12:06:27.954+0000] {dag.py:3954} INFO - Setting next_dagrun for tmdb_raw_pipeline to 2026-03-23 00:00:00+00:00, run_after=2026-03-24 00:00:00+00:00
[2026-03-23T12:06:27.965+0000] {processor.py:183} INFO - Processing /opt/airflow/dags/tmdb_daily_dag.py took 0.066 seconds
[2026-03-23T12:06:58.335+0000] {processor.py:161} INFO - Started process (PID=21557) to work on /opt/airflow/dags/tmdb_daily_dag.py
[2026-03-23T12:06:58.343+0000] {processor.py:830} INFO - Processing file /opt/airflow/dags/tmdb_daily_dag.py for tasks to queue
[2026-03-23T12:06:58.345+0000] {logging_mixin.py:188} INFO - [2026-03-23T12:06:58.344+0000] {dagbag.py:545} INFO - Filling up the DagBag from /opt/airflow/dags/tmdb_daily_dag.py
[2026-03-23T12:06:58.358+0000] {processor.py:840} INFO - DAG(s) 'tmdb_raw_pipeline' retrieved from /opt/airflow/dags/tmdb_daily_dag.py
[2026-03-23T12:06:58.380+0000] {logging_mixin.py:188} INFO - [2026-03-23T12:06:58.380+0000] {dag.py:3096} INFO - Sync 1 DAGs
[2026-03-23T12:06:58.397+0000] {logging_mixin.py:188} INFO - [2026-03-23T12:06:58.396+0000] {dag.py:3954} INFO - Setting next_dagrun for tmdb_raw_pipeline to 2026-03-23 00:00:00+00:00, run_after=2026-03-24 00:00:00+00:00
[2026-03-23T12:06:58.405+0000] {processor.py:183} INFO - Processing /opt/airflow/dags/tmdb_daily_dag.py took 0.078 seconds
[2026-03-23T12:07:28.907+0000] {processor.py:161} INFO - Started process (PID=21577) to work on /opt/airflow/dags/tmdb_daily_dag.py
[2026-03-23T12:07:28.909+0000] {processor.py:830} INFO - Processing file /opt/airflow/dags/tmdb_daily_dag.py for tasks to queue
[2026-03-23T12:07:28.910+0000] {logging_mixin.py:188} INFO - [2026-03-23T12:07:28.909+0000] {dagbag.py:545} INFO - Filling up the DagBag from /opt/airflow/dags/tmdb_daily_dag.py
[2026-03-23T12:07:28.923+0000] {processor.py:840} INFO - DAG(s) 'tmdb_raw_pipeline' retrieved from /opt/airflow/dags/tmdb_daily_dag.py
[2026-03-23T12:07:28.939+0000] {logging_mixin.py:188} INFO - [2026-03-23T12:07:28.939+0000] {dag.py:3096} INFO - Sync 1 DAGs
[2026-03-23T12:07:28.952+0000] {logging_mixin.py:188} INFO - [2026-03-23T12:07:28.952+0000] {dag.py:3954} INFO - Setting next_dagrun for tmdb_raw_pipeline to 2026-03-23 00:00:00+00:00, run_after=2026-03-24 00:00:00+00:00
[2026-03-23T12:07:28.962+0000] {processor.py:183} INFO - Processing /opt/airflow/dags/tmdb_daily_dag.py took 0.063 seconds
[2026-03-23T12:07:59.373+0000] {processor.py:161} INFO - Started process (PID=21597) to work on /opt/airflow/dags/tmdb_daily_dag.py
[2026-03-23T12:07:59.375+0000] {processor.py:830} INFO - Processing file /opt/airflow/dags/tmdb_daily_dag.py for tasks to queue
[2026-03-23T12:07:59.377+0000] {logging_mixin.py:188} INFO - [2026-03-23T12:07:59.377+0000] {dagbag.py:545} INFO - Filling up the DagBag from /opt/airflow/dags/tmdb_daily_dag.py
[2026-03-23T12:07:59.392+0000] {processor.py:840} INFO - DAG(s) 'tmdb_raw_pipeline' retrieved from /opt/airflow/dags/tmdb_daily_dag.py
[2026-03-23T12:07:59.419+0000] {logging_mixin.py:188} INFO - [2026-03-23T12:07:59.418+0000] {dag.py:3096} INFO - Sync 1 DAGs
[2026-03-23T12:07:59.434+0000] {logging_mixin.py:188} INFO - [2026-03-23T12:07:59.434+0000] {dag.py:3954} INFO - Setting next_dagrun for tmdb_raw_pipeline to 2026-03-23 00:00:00+00:00, run_after=2026-03-24 00:00:00+00:00
[2026-03-23T12:07:59.450+0000] {processor.py:183} INFO - Processing /opt/airflow/dags/tmdb_daily_dag.py took 0.082 seconds
[2026-03-23T12:08:29.909+0000] {processor.py:161} INFO - Started process (PID=21617) to work on /opt/airflow/dags/tmdb_daily_dag.py
[2026-03-23T12:08:29.913+0000] {processor.py:830} INFO - Processing file /opt/airflow/dags/tmdb_daily_dag.py for tasks to queue
[2026-03-23T12:08:29.915+0000] {logging_mixin.py:188} INFO - [2026-03-23T12:08:29.914+0000] {dagbag.py:545} INFO - Filling up the DagBag from /opt/airflow/dags/tmdb_daily_dag.py
[2026-03-23T12:08:29.949+0000] {processor.py:840} INFO - DAG(s) 'tmdb_raw_pipeline' retrieved from /opt/airflow/dags/tmdb_daily_dag.py
[2026-03-23T12:08:29.988+0000] {logging_mixin.py:188} INFO - [2026-03-23T12:08:29.988+0000] {dag.py:3096} INFO - Sync 1 DAGs
[2026-03-23T12:08:30.013+0000] {logging_mixin.py:188} INFO - [2026-03-23T12:08:30.012+0000] {dag.py:3954} INFO - Setting next_dagrun for tmdb_raw_pipeline to 2026-03-23 00:00:00+00:00, run_after=2026-03-24 00:00:00+00:00
[2026-03-23T12:08:30.025+0000] {processor.py:183} INFO - Processing /opt/airflow/dags/tmdb_daily_dag.py took 0.126 seconds
[2026-03-23T12:09:00.499+0000] {processor.py:161} INFO - Started process (PID=21637) to work on /opt/airflow/dags/tmdb_daily_dag.py
[2026-03-23T12:09:00.502+0000] {processor.py:830} INFO - Processing file /opt/airflow/dags/tmdb_daily_dag.py for tasks to queue
[2026-03-23T12:09:00.503+0000] {logging_mixin.py:188} INFO - [2026-03-23T12:09:00.503+0000] {dagbag.py:545} INFO - Filling up the DagBag from /opt/airflow/dags/tmdb_daily_dag.py
[2026-03-23T12:09:00.523+0000] {processor.py:840} INFO - DAG(s) 'tmdb_raw_pipeline' retrieved from /opt/airflow/dags/tmdb_daily_dag.py
[2026-03-23T12:09:00.552+0000] {logging_mixin.py:188} INFO - [2026-03-23T12:09:00.552+0000] {dag.py:3096} INFO - Sync 1 DAGs
[2026-03-23T12:09:00.575+0000] {logging_mixin.py:188} INFO - [2026-03-23T12:09:00.575+0000] {dag.py:3954} INFO - Setting next_dagrun for tmdb_raw_pipeline to 2026-03-23 00:00:00+00:00, run_after=2026-03-24 00:00:00+00:00
[2026-03-23T12:09:00.588+0000] {processor.py:183} INFO - Processing /opt/airflow/dags/tmdb_daily_dag.py took 0.096 seconds
[2026-03-23T12:09:31.021+0000] {processor.py:161} INFO - Started process (PID=21657) to work on /opt/airflow/dags/tmdb_daily_dag.py
[2026-03-23T12:09:31.023+0000] {processor.py:830} INFO - Processing file /opt/airflow/dags/tmdb_daily_dag.py for tasks to queue
[2026-03-23T12:09:31.024+0000] {logging_mixin.py:188} INFO - [2026-03-23T12:09:31.024+0000] {dagbag.py:545} INFO - Filling up the DagBag from /opt/airflow/dags/tmdb_daily_dag.py
[2026-03-23T12:09:31.041+0000] {processor.py:840} INFO - DAG(s) 'tmdb_raw_pipeline' retrieved from /opt/airflow/dags/tmdb_daily_dag.py
[2026-03-23T12:09:31.064+0000] {logging_mixin.py:188} INFO - [2026-03-23T12:09:31.064+0000] {dag.py:3096} INFO - Sync 1 DAGs
[2026-03-23T12:09:31.078+0000] {logging_mixin.py:188} INFO - [2026-03-23T12:09:31.078+0000] {dag.py:3954} INFO - Setting next_dagrun for tmdb_raw_pipeline to 2026-03-23 00:00:00+00:00, run_after=2026-03-24 00:00:00+00:00
[2026-03-23T12:09:31.089+0000] {processor.py:183} INFO - Processing /opt/airflow/dags/tmdb_daily_dag.py took 0.076 seconds
[2026-03-23T12:10:01.428+0000] {processor.py:161} INFO - Started process (PID=21677) to work on /opt/airflow/dags/tmdb_daily_dag.py
[2026-03-23T12:10:01.431+0000] {processor.py:830} INFO - Processing file /opt/airflow/dags/tmdb_daily_dag.py for tasks to queue
[2026-03-23T12:10:01.432+0000] {logging_mixin.py:188} INFO - [2026-03-23T12:10:01.432+0000] {dagbag.py:545} INFO - Filling up the DagBag from /opt/airflow/dags/tmdb_daily_dag.py
[2026-03-23T12:10:01.444+0000] {processor.py:840} INFO - DAG(s) 'tmdb_raw_pipeline' retrieved from /opt/airflow/dags/tmdb_daily_dag.py
[2026-03-23T12:10:01.458+0000] {logging_mixin.py:188} INFO - [2026-03-23T12:10:01.458+0000] {dag.py:3096} INFO - Sync 1 DAGs
[2026-03-23T12:10:01.469+0000] {logging_mixin.py:188} INFO - [2026-03-23T12:10:01.468+0000] {dag.py:3954} INFO - Setting next_dagrun for tmdb_raw_pipeline to 2026-03-23 00:00:00+00:00, run_after=2026-03-24 00:00:00+00:00
[2026-03-23T12:10:01.478+0000] {processor.py:183} INFO - Processing /opt/airflow/dags/tmdb_daily_dag.py took 0.054 seconds
[2026-03-23T12:10:31.859+0000] {processor.py:161} INFO - Started process (PID=21697) to work on /opt/airflow/dags/tmdb_daily_dag.py
[2026-03-23T12:10:31.861+0000] {processor.py:830} INFO - Processing file /opt/airflow/dags/tmdb_daily_dag.py for tasks to queue
[2026-03-23T12:10:31.862+0000] {logging_mixin.py:188} INFO - [2026-03-23T12:10:31.862+0000] {dagbag.py:545} INFO - Filling up the DagBag from /opt/airflow/dags/tmdb_daily_dag.py
[2026-03-23T12:10:31.879+0000] {processor.py:840} INFO - DAG(s) 'tmdb_raw_pipeline' retrieved from /opt/airflow/dags/tmdb_daily_dag.py
[2026-03-23T12:10:31.900+0000] {logging_mixin.py:188} INFO - [2026-03-23T12:10:31.900+0000] {dag.py:3096} INFO - Sync 1 DAGs
[2026-03-23T12:10:31.926+0000] {logging_mixin.py:188} INFO - [2026-03-23T12:10:31.925+0000] {dag.py:3954} INFO - Setting next_dagrun for tmdb_raw_pipeline to 2026-03-23 00:00:00+00:00, run_after=2026-03-24 00:00:00+00:00
[2026-03-23T12:10:31.939+0000] {processor.py:183} INFO - Processing /opt/airflow/dags/tmdb_daily_dag.py took 0.088 seconds
[2026-03-23T12:11:02.415+0000] {processor.py:161} INFO - Started process (PID=21717) to work on /opt/airflow/dags/tmdb_daily_dag.py
[2026-03-23T12:11:02.417+0000] {processor.py:830} INFO - Processing file /opt/airflow/dags/tmdb_daily_dag.py for tasks to queue
[2026-03-23T12:11:02.418+0000] {logging_mixin.py:188} INFO - [2026-03-23T12:11:02.418+0000] {dagbag.py:545} INFO - Filling up the DagBag from /opt/airflow/dags/tmdb_daily_dag.py
[2026-03-23T12:11:02.432+0000] {processor.py:840} INFO - DAG(s) 'tmdb_raw_pipeline' retrieved from /opt/airflow/dags/tmdb_daily_dag.py
[2026-03-23T12:11:02.449+0000] {logging_mixin.py:188} INFO - [2026-03-23T12:11:02.449+0000] {dag.py:3096} INFO - Sync 1 DAGs
[2026-03-23T12:11:02.460+0000] {logging_mixin.py:188} INFO - [2026-03-23T12:11:02.460+0000] {dag.py:3954} INFO - Setting next_dagrun for tmdb_raw_pipeline to 2026-03-23 00:00:00+00:00, run_after=2026-03-24 00:00:00+00:00
[2026-03-23T12:11:02.472+0000] {processor.py:183} INFO - Processing /opt/airflow/dags/tmdb_daily_dag.py took 0.062 seconds
[2026-03-23T12:11:32.852+0000] {processor.py:161} INFO - Started process (PID=21737) to work on /opt/airflow/dags/tmdb_daily_dag.py
[2026-03-23T12:11:32.856+0000] {processor.py:830} INFO - Processing file /opt/airflow/dags/tmdb_daily_dag.py for tasks to queue
[2026-03-23T12:11:32.858+0000] {logging_mixin.py:188} INFO - [2026-03-23T12:11:32.857+0000] {dagbag.py:545} INFO - Filling up the DagBag from /opt/airflow/dags/tmdb_daily_dag.py
[2026-03-23T12:11:32.875+0000] {processor.py:840} INFO - DAG(s) 'tmdb_raw_pipeline' retrieved from /opt/airflow/dags/tmdb_daily_dag.py
[2026-03-23T12:11:32.897+0000] {logging_mixin.py:188} INFO - [2026-03-23T12:11:32.896+0000] {dag.py:3096} INFO - Sync 1 DAGs
[2026-03-23T12:11:32.916+0000] {logging_mixin.py:188} INFO - [2026-03-23T12:11:32.916+0000] {dag.py:3954} INFO - Setting next_dagrun for tmdb_raw_pipeline to 2026-03-23 00:00:00+00:00, run_after=2026-03-24 00:00:00+00:00
[2026-03-23T12:11:32.922+0000] {processor.py:183} INFO - Processing /opt/airflow/dags/tmdb_daily_dag.py took 0.075 seconds
[2026-03-23T12:12:03.266+0000] {processor.py:161} INFO - Started process (PID=21757) to work on /opt/airflow/dags/tmdb_daily_dag.py
[2026-03-23T12:12:03.269+0000] {processor.py:830} INFO - Processing file /opt/airflow/dags/tmdb_daily_dag.py for tasks to queue
[2026-03-23T12:12:03.269+0000] {logging_mixin.py:188} INFO - [2026-03-23T12:12:03.269+0000] {dagbag.py:545} INFO - Filling up the DagBag from /opt/airflow/dags/tmdb_daily_dag.py
[2026-03-23T12:12:03.277+0000] {processor.py:840} INFO - DAG(s) 'tmdb_raw_pipeline' retrieved from /opt/airflow/dags/tmdb_daily_dag.py
[2026-03-23T12:12:03.298+0000] {logging_mixin.py:188} INFO - [2026-03-23T12:12:03.297+0000] {dag.py:3096} INFO - Sync 1 DAGs
[2026-03-23T12:12:03.310+0000] {logging_mixin.py:188} INFO - [2026-03-23T12:12:03.310+0000] {dag.py:3954} INFO - Setting next_dagrun for tmdb_raw_pipeline to 2026-03-23 00:00:00+00:00, run_after=2026-03-24 00:00:00+00:00
[2026-03-23T12:12:03.322+0000] {processor.py:183} INFO - Processing /opt/airflow/dags/tmdb_daily_dag.py took 0.062 seconds
[2026-03-23T12:12:33.820+0000] {processor.py:161} INFO - Started process (PID=21777) to work on /opt/airflow/dags/tmdb_daily_dag.py
[2026-03-23T12:12:33.823+0000] {processor.py:830} INFO - Processing file /opt/airflow/dags/tmdb_daily_dag.py for tasks to queue
[2026-03-23T12:12:33.825+0000] {logging_mixin.py:188} INFO - [2026-03-23T12:12:33.824+0000] {dagbag.py:545} INFO - Filling up the DagBag from /opt/airflow/dags/tmdb_daily_dag.py
[2026-03-23T12:12:33.841+0000] {processor.py:840} INFO - DAG(s) 'tmdb_raw_pipeline' retrieved from /opt/airflow/dags/tmdb_daily_dag.py
[2026-03-23T12:12:33.861+0000] {logging_mixin.py:188} INFO - [2026-03-23T12:12:33.861+0000] {dag.py:3096} INFO - Sync 1 DAGs
[2026-03-23T12:12:33.877+0000] {logging_mixin.py:188} INFO - [2026-03-23T12:12:33.877+0000] {dag.py:3954} INFO - Setting next_dagrun for tmdb_raw_pipeline to 2026-03-23 00:00:00+00:00, run_after=2026-03-24 00:00:00+00:00
[2026-03-23T12:12:33.891+0000] {processor.py:183} INFO - Processing /opt/airflow/dags/tmdb_daily_dag.py took 0.076 seconds
[2026-03-23T12:13:04.303+0000] {processor.py:161} INFO - Started process (PID=21797) to work on /opt/airflow/dags/tmdb_daily_dag.py
[2026-03-23T12:13:04.305+0000] {processor.py:830} INFO - Processing file /opt/airflow/dags/tmdb_daily_dag.py for tasks to queue
[2026-03-23T12:13:04.307+0000] {logging_mixin.py:188} INFO - [2026-03-23T12:13:04.307+0000] {dagbag.py:545} INFO - Filling up the DagBag from /opt/airflow/dags/tmdb_daily_dag.py
[2026-03-23T12:13:04.321+0000] {processor.py:840} INFO - DAG(s) 'tmdb_raw_pipeline' retrieved from /opt/airflow/dags/tmdb_daily_dag.py
[2026-03-23T12:13:04.339+0000] {logging_mixin.py:188} INFO - [2026-03-23T12:13:04.339+0000] {dag.py:3096} INFO - Sync 1 DAGs
[2026-03-23T12:13:04.351+0000] {logging_mixin.py:188} INFO - [2026-03-23T12:13:04.350+0000] {dag.py:3954} INFO - Setting next_dagrun for tmdb_raw_pipeline to 2026-03-23 00:00:00+00:00, run_after=2026-03-24 00:00:00+00:00
[2026-03-23T12:13:04.360+0000] {processor.py:183} INFO - Processing /opt/airflow/dags/tmdb_daily_dag.py took 0.062 seconds
[2026-03-23T12:13:34.795+0000] {processor.py:161} INFO - Started process (PID=21817) to work on /opt/airflow/dags/tmdb_daily_dag.py
[2026-03-23T12:13:34.800+0000] {processor.py:830} INFO - Processing file /opt/airflow/dags/tmdb_daily_dag.py for tasks to queue
[2026-03-23T12:13:34.801+0000] {logging_mixin.py:188} INFO - [2026-03-23T12:13:34.801+0000] {dagbag.py:545} INFO - Filling up the DagBag from /opt/airflow/dags/tmdb_daily_dag.py
[2026-03-23T12:13:34.822+0000] {processor.py:840} INFO - DAG(s) 'tmdb_raw_pipeline' retrieved from /opt/airflow/dags/tmdb_daily_dag.py
[2026-03-23T12:13:34.857+0000] {logging_mixin.py:188} INFO - [2026-03-23T12:13:34.857+0000] {dag.py:3096} INFO - Sync 1 DAGs
[2026-03-23T12:13:34.876+0000] {logging_mixin.py:188} INFO - [2026-03-23T12:13:34.876+0000] {dag.py:3954} INFO - Setting next_dagrun for tmdb_raw_pipeline to 2026-03-23 00:00:00+00:00, run_after=2026-03-24 00:00:00+00:00
[2026-03-23T12:13:34.883+0000] {processor.py:183} INFO - Processing /opt/airflow/dags/tmdb_daily_dag.py took 0.094 seconds
[2026-03-23T12:14:05.388+0000] {processor.py:161} INFO - Started process (PID=21837) to work on /opt/airflow/dags/tmdb_daily_dag.py
[2026-03-23T12:14:05.390+0000] {processor.py:830} INFO - Processing file /opt/airflow/dags/tmdb_daily_dag.py for tasks to queue
[2026-03-23T12:14:05.391+0000] {logging_mixin.py:188} INFO - [2026-03-23T12:14:05.390+0000] {dagbag.py:545} INFO - Filling up the DagBag from /opt/airflow/dags/tmdb_daily_dag.py
[2026-03-23T12:14:05.405+0000] {processor.py:840} INFO - DAG(s) 'tmdb_raw_pipeline' retrieved from /opt/airflow/dags/tmdb_daily_dag.py
[2026-03-23T12:14:05.421+0000] {logging_mixin.py:188} INFO - [2026-03-23T12:14:05.420+0000] {dag.py:3096} INFO - Sync 1 DAGs
[2026-03-23T12:14:05.433+0000] {logging_mixin.py:188} INFO - [2026-03-23T12:14:05.433+0000] {dag.py:3954} INFO - Setting next_dagrun for tmdb_raw_pipeline to 2026-03-23 00:00:00+00:00, run_after=2026-03-24 00:00:00+00:00
[2026-03-23T12:14:05.444+0000] {processor.py:183} INFO - Processing /opt/airflow/dags/tmdb_daily_dag.py took 0.062 seconds
[2026-03-23T12:14:35.869+0000] {processor.py:161} INFO - Started process (PID=21857) to work on /opt/airflow/dags/tmdb_daily_dag.py
[2026-03-23T12:14:35.871+0000] {processor.py:830} INFO - Processing file /opt/airflow/dags/tmdb_daily_dag.py for tasks to queue
[2026-03-23T12:14:35.872+0000] {logging_mixin.py:188} INFO - [2026-03-23T12:14:35.871+0000] {dagbag.py:545} INFO - Filling up the DagBag from /opt/airflow/dags/tmdb_daily_dag.py
[2026-03-23T12:14:35.887+0000] {processor.py:840} INFO - DAG(s) 'tmdb_raw_pipeline' retrieved from /opt/airflow/dags/tmdb_daily_dag.py
[2026-03-23T12:14:35.903+0000] {logging_mixin.py:188} INFO - [2026-03-23T12:14:35.903+0000] {dag.py:3096} INFO - Sync 1 DAGs
[2026-03-23T12:14:35.926+0000] {logging_mixin.py:188} INFO - [2026-03-23T12:14:35.926+0000] {dag.py:3954} INFO - Setting next_dagrun for tmdb_raw_pipeline to 2026-03-23 00:00:00+00:00, run_after=2026-03-24 00:00:00+00:00
[2026-03-23T12:14:35.944+0000] {processor.py:183} INFO - Processing /opt/airflow/dags/tmdb_daily_dag.py took 0.082 seconds
[2026-03-23T12:15:06.313+0000] {processor.py:161} INFO - Started process (PID=21877) to work on /opt/airflow/dags/tmdb_daily_dag.py
[2026-03-23T12:15:06.316+0000] {processor.py:830} INFO - Processing file /opt/airflow/dags/tmdb_daily_dag.py for tasks to queue
[2026-03-23T12:15:06.317+0000] {logging_mixin.py:188} INFO - [2026-03-23T12:15:06.316+0000] {dagbag.py:545} INFO - Filling up the DagBag from /opt/airflow/dags/tmdb_daily_dag.py
[2026-03-23T12:15:06.335+0000] {processor.py:840} INFO - DAG(s) 'tmdb_raw_pipeline' retrieved from /opt/airflow/dags/tmdb_daily_dag.py
[2026-03-23T12:15:06.361+0000] {logging_mixin.py:188} INFO - [2026-03-23T12:15:06.361+0000] {dag.py:3096} INFO - Sync 1 DAGs
[2026-03-23T12:15:06.379+0000] {logging_mixin.py:188} INFO - [2026-03-23T12:15:06.378+0000] {dag.py:3954} INFO - Setting next_dagrun for tmdb_raw_pipeline to 2026-03-23 00:00:00+00:00, run_after=2026-03-24 00:00:00+00:00
[2026-03-23T12:15:06.401+0000] {processor.py:183} INFO - Processing /opt/airflow/dags/tmdb_daily_dag.py took 0.096 seconds
[2026-03-23T12:30:31.855+0000] {processor.py:161} INFO - Started process (PID=21897) to work on /opt/airflow/dags/tmdb_daily_dag.py
[2026-03-23T12:30:31.858+0000] {processor.py:830} INFO - Processing file /opt/airflow/dags/tmdb_daily_dag.py for tasks to queue
[2026-03-23T12:30:31.859+0000] {logging_mixin.py:188} INFO - [2026-03-23T12:30:31.859+0000] {dagbag.py:545} INFO - Filling up the DagBag from /opt/airflow/dags/tmdb_daily_dag.py
[2026-03-23T12:30:31.866+0000] {processor.py:840} INFO - DAG(s) 'tmdb_raw_pipeline' retrieved from /opt/airflow/dags/tmdb_daily_dag.py
[2026-03-23T12:30:31.877+0000] {logging_mixin.py:188} INFO - [2026-03-23T12:30:31.877+0000] {dag.py:3096} INFO - Sync 1 DAGs
[2026-03-23T12:30:31.886+0000] {logging_mixin.py:188} INFO - [2026-03-23T12:30:31.886+0000] {dag.py:3954} INFO - Setting next_dagrun for tmdb_raw_pipeline to 2026-03-23 00:00:00+00:00, run_after=2026-03-24 00:00:00+00:00
[2026-03-23T12:30:31.892+0000] {processor.py:183} INFO - Processing /opt/airflow/dags/tmdb_daily_dag.py took 0.043 seconds
[2026-03-23T12:31:02.427+0000] {processor.py:161} INFO - Started process (PID=21917) to work on /opt/airflow/dags/tmdb_daily_dag.py
[2026-03-23T12:31:02.430+0000] {processor.py:830} INFO - Processing file /opt/airflow/dags/tmdb_daily_dag.py for tasks to queue
[2026-03-23T12:31:02.430+0000] {logging_mixin.py:188} INFO - [2026-03-23T12:31:02.430+0000] {dagbag.py:545} INFO - Filling up the DagBag from /opt/airflow/dags/tmdb_daily_dag.py
[2026-03-23T12:31:02.437+0000] {processor.py:840} INFO - DAG(s) 'tmdb_raw_pipeline' retrieved from /opt/airflow/dags/tmdb_daily_dag.py
[2026-03-23T12:31:02.447+0000] {logging_mixin.py:188} INFO - [2026-03-23T12:31:02.447+0000] {dag.py:3096} INFO - Sync 1 DAGs
[2026-03-23T12:31:02.455+0000] {logging_mixin.py:188} INFO - [2026-03-23T12:31:02.455+0000] {dag.py:3954} INFO - Setting next_dagrun for tmdb_raw_pipeline to 2026-03-23 00:00:00+00:00, run_after=2026-03-24 00:00:00+00:00
[2026-03-23T12:31:02.461+0000] {processor.py:183} INFO - Processing /opt/airflow/dags/tmdb_daily_dag.py took 0.039 seconds
[2026-03-23T12:42:12.664+0000] {processor.py:161} INFO - Started process (PID=21937) to work on /opt/airflow/dags/tmdb_daily_dag.py
[2026-03-23T12:42:12.666+0000] {processor.py:830} INFO - Processing file /opt/airflow/dags/tmdb_daily_dag.py for tasks to queue
[2026-03-23T12:42:12.667+0000] {logging_mixin.py:188} INFO - [2026-03-23T12:42:12.667+0000] {dagbag.py:545} INFO - Filling up the DagBag from /opt/airflow/dags/tmdb_daily_dag.py
[2026-03-23T12:42:12.673+0000] {processor.py:840} INFO - DAG(s) 'tmdb_raw_pipeline' retrieved from /opt/airflow/dags/tmdb_daily_dag.py
[2026-03-23T12:42:12.686+0000] {logging_mixin.py:188} INFO - [2026-03-23T12:42:12.686+0000] {dag.py:3096} INFO - Sync 1 DAGs
[2026-03-23T12:42:12.697+0000] {logging_mixin.py:188} INFO - [2026-03-23T12:42:12.696+0000] {dag.py:3954} INFO - Setting next_dagrun for tmdb_raw_pipeline to 2026-03-23 00:00:00+00:00, run_after=2026-03-24 00:00:00+00:00
[2026-03-23T12:42:12.705+0000] {processor.py:183} INFO - Processing /opt/airflow/dags/tmdb_daily_dag.py took 0.046 seconds
[2026-03-23T12:42:43.076+0000] {processor.py:161} INFO - Started process (PID=21957) to work on /opt/airflow/dags/tmdb_daily_dag.py
[2026-03-23T12:42:43.078+0000] {processor.py:830} INFO - Processing file /opt/airflow/dags/tmdb_daily_dag.py for tasks to queue
[2026-03-23T12:42:43.078+0000] {logging_mixin.py:188} INFO - [2026-03-23T12:42:43.078+0000] {dagbag.py:545} INFO - Filling up the DagBag from /opt/airflow/dags/tmdb_daily_dag.py
[2026-03-23T12:42:43.084+0000] {processor.py:840} INFO - DAG(s) 'tmdb_raw_pipeline' retrieved from /opt/airflow/dags/tmdb_daily_dag.py
[2026-03-23T12:42:43.094+0000] {logging_mixin.py:188} INFO - [2026-03-23T12:42:43.094+0000] {dag.py:3096} INFO - Sync 1 DAGs
[2026-03-23T12:42:43.102+0000] {logging_mixin.py:188} INFO - [2026-03-23T12:42:43.102+0000] {dag.py:3954} INFO - Setting next_dagrun for tmdb_raw_pipeline to 2026-03-23 00:00:00+00:00, run_after=2026-03-24 00:00:00+00:00
[2026-03-23T12:42:43.108+0000] {processor.py:183} INFO - Processing /opt/airflow/dags/tmdb_daily_dag.py took 0.034 seconds
[2026-03-23T12:43:13.610+0000] {processor.py:161} INFO - Started process (PID=21977) to work on /opt/airflow/dags/tmdb_daily_dag.py
[2026-03-23T12:43:13.611+0000] {processor.py:830} INFO - Processing file /opt/airflow/dags/tmdb_daily_dag.py for tasks to queue
[2026-03-23T12:43:13.612+0000] {logging_mixin.py:188} INFO - [2026-03-23T12:43:13.612+0000] {dagbag.py:545} INFO - Filling up the DagBag from /opt/airflow/dags/tmdb_daily_dag.py
[2026-03-23T12:43:13.617+0000] {processor.py:840} INFO - DAG(s) 'tmdb_raw_pipeline' retrieved from /opt/airflow/dags/tmdb_daily_dag.py
[2026-03-23T12:43:13.627+0000] {logging_mixin.py:188} INFO - [2026-03-23T12:43:13.627+0000] {dag.py:3096} INFO - Sync 1 DAGs
[2026-03-23T12:43:13.635+0000] {logging_mixin.py:188} INFO - [2026-03-23T12:43:13.635+0000] {dag.py:3954} INFO - Setting next_dagrun for tmdb_raw_pipeline to 2026-03-23 00:00:00+00:00, run_after=2026-03-24 00:00:00+00:00
[2026-03-23T12:43:13.641+0000] {processor.py:183} INFO - Processing /opt/airflow/dags/tmdb_daily_dag.py took 0.033 seconds
[2026-03-23T12:43:44.080+0000] {processor.py:161} INFO - Started process (PID=21997) to work on /opt/airflow/dags/tmdb_daily_dag.py
[2026-03-23T12:43:44.082+0000] {processor.py:830} INFO - Processing file /opt/airflow/dags/tmdb_daily_dag.py for tasks to queue
[2026-03-23T12:43:44.082+0000] {logging_mixin.py:188} INFO - [2026-03-23T12:43:44.082+0000] {dagbag.py:545} INFO - Filling up the DagBag from /opt/airflow/dags/tmdb_daily_dag.py
[2026-03-23T12:43:44.087+0000] {processor.py:840} INFO - DAG(s) 'tmdb_raw_pipeline' retrieved from /opt/airflow/dags/tmdb_daily_dag.py
[2026-03-23T12:43:44.096+0000] {logging_mixin.py:188} INFO - [2026-03-23T12:43:44.096+0000] {dag.py:3096} INFO - Sync 1 DAGs
[2026-03-23T12:43:44.104+0000] {logging_mixin.py:188} INFO - [2026-03-23T12:43:44.103+0000] {dag.py:3954} INFO - Setting next_dagrun for tmdb_raw_pipeline to 2026-03-23 00:00:00+00:00, run_after=2026-03-24 00:00:00+00:00
[2026-03-23T12:43:44.110+0000] {processor.py:183} INFO - Processing /opt/airflow/dags/tmdb_daily_dag.py took 0.032 seconds
[2026-03-23T12:44:14.633+0000] {processor.py:161} INFO - Started process (PID=22017) to work on /opt/airflow/dags/tmdb_daily_dag.py
[2026-03-23T12:44:14.635+0000] {processor.py:830} INFO - Processing file /opt/airflow/dags/tmdb_daily_dag.py for tasks to queue
[2026-03-23T12:44:14.635+0000] {logging_mixin.py:188} INFO - [2026-03-23T12:44:14.635+0000] {dagbag.py:545} INFO - Filling up the DagBag from /opt/airflow/dags/tmdb_daily_dag.py
[2026-03-23T12:44:14.642+0000] {processor.py:840} INFO - DAG(s) 'tmdb_raw_pipeline' retrieved from /opt/airflow/dags/tmdb_daily_dag.py
[2026-03-23T12:44:14.658+0000] {logging_mixin.py:188} INFO - [2026-03-23T12:44:14.658+0000] {dag.py:3096} INFO - Sync 1 DAGs
[2026-03-23T12:44:14.667+0000] {logging_mixin.py:188} INFO - [2026-03-23T12:44:14.667+0000] {dag.py:3954} INFO - Setting next_dagrun for tmdb_raw_pipeline to 2026-03-23 00:00:00+00:00, run_after=2026-03-24 00:00:00+00:00
[2026-03-23T12:44:14.673+0000] {processor.py:183} INFO - Processing /opt/airflow/dags/tmdb_daily_dag.py took 0.044 seconds
[2026-03-23T12:49:13.611+0000] {processor.py:161} INFO - Started process (PID=22037) to work on /opt/airflow/dags/tmdb_daily_dag.py
[2026-03-23T12:49:13.612+0000] {processor.py:830} INFO - Processing file /opt/airflow/dags/tmdb_daily_dag.py for tasks to queue
[2026-03-23T12:49:13.612+0000] {logging_mixin.py:188} INFO - [2026-03-23T12:49:13.612+0000] {dagbag.py:545} INFO - Filling up the DagBag from /opt/airflow/dags/tmdb_daily_dag.py
[2026-03-23T12:49:13.618+0000] {processor.py:840} INFO - DAG(s) 'tmdb_raw_pipeline' retrieved from /opt/airflow/dags/tmdb_daily_dag.py
[2026-03-23T12:49:13.628+0000] {logging_mixin.py:188} INFO - [2026-03-23T12:49:13.628+0000] {dag.py:3096} INFO - Sync 1 DAGs
[2026-03-23T12:49:13.638+0000] {logging_mixin.py:188} INFO - [2026-03-23T12:49:13.638+0000] {dag.py:3954} INFO - Setting next_dagrun for tmdb_raw_pipeline to 2026-03-23 00:00:00+00:00, run_after=2026-03-24 00:00:00+00:00
[2026-03-23T12:49:13.644+0000] {processor.py:183} INFO - Processing /opt/airflow/dags/tmdb_daily_dag.py took 0.036 seconds
[2026-03-23T13:36:21.813+0000] {processor.py:161} INFO - Started process (PID=22057) to work on /opt/airflow/dags/tmdb_daily_dag.py
[2026-03-23T13:36:21.815+0000] {processor.py:830} INFO - Processing file /opt/airflow/dags/tmdb_daily_dag.py for tasks to queue
[2026-03-23T13:36:21.816+0000] {logging_mixin.py:188} INFO - [2026-03-23T13:36:21.816+0000] {dagbag.py:545} INFO - Filling up the DagBag from /opt/airflow/dags/tmdb_daily_dag.py
[2026-03-23T13:36:21.823+0000] {processor.py:840} INFO - DAG(s) 'tmdb_raw_pipeline' retrieved from /opt/airflow/dags/tmdb_daily_dag.py
[2026-03-23T13:36:21.835+0000] {logging_mixin.py:188} INFO - [2026-03-23T13:36:21.835+0000] {dag.py:3096} INFO - Sync 1 DAGs
[2026-03-23T13:36:21.845+0000] {logging_mixin.py:188} INFO - [2026-03-23T13:36:21.845+0000] {dag.py:3954} INFO - Setting next_dagrun for tmdb_raw_pipeline to 2026-03-23 00:00:00+00:00, run_after=2026-03-24 00:00:00+00:00
[2026-03-23T13:36:21.852+0000] {processor.py:183} INFO - Processing /opt/airflow/dags/tmdb_daily_dag.py took 0.044 seconds
[2026-03-23T13:46:44.215+0000] {processor.py:161} INFO - Started process (PID=22077) to work on /opt/airflow/dags/tmdb_daily_dag.py
[2026-03-23T13:46:44.216+0000] {processor.py:830} INFO - Processing file /opt/airflow/dags/tmdb_daily_dag.py for tasks to queue
[2026-03-23T13:46:44.217+0000] {logging_mixin.py:188} INFO - [2026-03-23T13:46:44.217+0000] {dagbag.py:545} INFO - Filling up the DagBag from /opt/airflow/dags/tmdb_daily_dag.py
[2026-03-23T13:46:44.224+0000] {processor.py:840} INFO - DAG(s) 'tmdb_raw_pipeline' retrieved from /opt/airflow/dags/tmdb_daily_dag.py
[2026-03-23T13:46:44.236+0000] {logging_mixin.py:188} INFO - [2026-03-23T13:46:44.236+0000] {dag.py:3096} INFO - Sync 1 DAGs
[2026-03-23T13:46:44.246+0000] {logging_mixin.py:188} INFO - [2026-03-23T13:46:44.246+0000] {dag.py:3954} INFO - Setting next_dagrun for tmdb_raw_pipeline to 2026-03-23 00:00:00+00:00, run_after=2026-03-24 00:00:00+00:00
[2026-03-23T13:46:44.255+0000] {processor.py:183} INFO - Processing /opt/airflow/dags/tmdb_daily_dag.py took 0.043 seconds
[2026-03-23T13:47:14.733+0000] {processor.py:161} INFO - Started process (PID=22097) to work on /opt/airflow/dags/tmdb_daily_dag.py
[2026-03-23T13:47:14.734+0000] {processor.py:830} INFO - Processing file /opt/airflow/dags/tmdb_daily_dag.py for tasks to queue
[2026-03-23T13:47:14.734+0000] {logging_mixin.py:188} INFO - [2026-03-23T13:47:14.734+0000] {dagbag.py:545} INFO - Filling up the DagBag from /opt/airflow/dags/tmdb_daily_dag.py
[2026-03-23T13:47:14.743+0000] {processor.py:840} INFO - DAG(s) 'tmdb_raw_pipeline' retrieved from /opt/airflow/dags/tmdb_daily_dag.py
[2026-03-23T13:47:14.754+0000] {logging_mixin.py:188} INFO - [2026-03-23T13:47:14.754+0000] {dag.py:3096} INFO - Sync 1 DAGs
[2026-03-23T13:47:14.763+0000] {logging_mixin.py:188} INFO - [2026-03-23T13:47:14.763+0000] {dag.py:3954} INFO - Setting next_dagrun for tmdb_raw_pipeline to 2026-03-23 00:00:00+00:00, run_after=2026-03-24 00:00:00+00:00
[2026-03-23T13:47:14.769+0000] {processor.py:183} INFO - Processing /opt/airflow/dags/tmdb_daily_dag.py took 0.039 seconds
[2026-03-23T13:47:45.188+0000] {processor.py:161} INFO - Started process (PID=22117) to work on /opt/airflow/dags/tmdb_daily_dag.py
[2026-03-23T13:47:45.189+0000] {processor.py:830} INFO - Processing file /opt/airflow/dags/tmdb_daily_dag.py for tasks to queue
[2026-03-23T13:47:45.189+0000] {logging_mixin.py:188} INFO - [2026-03-23T13:47:45.189+0000] {dagbag.py:545} INFO - Filling up the DagBag from /opt/airflow/dags/tmdb_daily_dag.py
[2026-03-23T13:47:45.194+0000] {processor.py:840} INFO - DAG(s) 'tmdb_raw_pipeline' retrieved from /opt/airflow/dags/tmdb_daily_dag.py
[2026-03-23T13:47:45.204+0000] {logging_mixin.py:188} INFO - [2026-03-23T13:47:45.204+0000] {dag.py:3096} INFO - Sync 1 DAGs
[2026-03-23T13:47:45.211+0000] {logging_mixin.py:188} INFO - [2026-03-23T13:47:45.211+0000] {dag.py:3954} INFO - Setting next_dagrun for tmdb_raw_pipeline to 2026-03-23 00:00:00+00:00, run_after=2026-03-24 00:00:00+00:00
[2026-03-23T13:47:45.217+0000] {processor.py:183} INFO - Processing /opt/airflow/dags/tmdb_daily_dag.py took 0.031 seconds
[2026-03-23T13:48:15.673+0000] {processor.py:161} INFO - Started process (PID=22137) to work on /opt/airflow/dags/tmdb_daily_dag.py
[2026-03-23T13:48:15.674+0000] {processor.py:830} INFO - Processing file /opt/airflow/dags/tmdb_daily_dag.py for tasks to queue
[2026-03-23T13:48:15.675+0000] {logging_mixin.py:188} INFO - [2026-03-23T13:48:15.675+0000] {dagbag.py:545} INFO - Filling up the DagBag from /opt/airflow/dags/tmdb_daily_dag.py
[2026-03-23T13:48:15.680+0000] {processor.py:840} INFO - DAG(s) 'tmdb_raw_pipeline' retrieved from /opt/airflow/dags/tmdb_daily_dag.py
[2026-03-23T13:48:15.690+0000] {logging_mixin.py:188} INFO - [2026-03-23T13:48:15.690+0000] {dag.py:3096} INFO - Sync 1 DAGs
[2026-03-23T13:48:15.698+0000] {logging_mixin.py:188} INFO - [2026-03-23T13:48:15.698+0000] {dag.py:3954} INFO - Setting next_dagrun for tmdb_raw_pipeline to 2026-03-23 00:00:00+00:00, run_after=2026-03-24 00:00:00+00:00
[2026-03-23T13:48:15.704+0000] {processor.py:183} INFO - Processing /opt/airflow/dags/tmdb_daily_dag.py took 0.034 seconds
[2026-03-23T13:48:46.151+0000] {processor.py:161} INFO - Started process (PID=22155) to work on /opt/airflow/dags/tmdb_daily_dag.py
[2026-03-23T13:48:46.152+0000] {processor.py:830} INFO - Processing file /opt/airflow/dags/tmdb_daily_dag.py for tasks to queue
[2026-03-23T13:48:46.152+0000] {logging_mixin.py:188} INFO - [2026-03-23T13:48:46.152+0000] {dagbag.py:545} INFO - Filling up the DagBag from /opt/airflow/dags/tmdb_daily_dag.py
[2026-03-23T13:48:46.158+0000] {processor.py:840} INFO - DAG(s) 'tmdb_raw_pipeline' retrieved from /opt/airflow/dags/tmdb_daily_dag.py
[2026-03-23T13:48:46.173+0000] {logging_mixin.py:188} INFO - [2026-03-23T13:48:46.173+0000] {dag.py:3096} INFO - Sync 1 DAGs
[2026-03-23T13:48:46.184+0000] {logging_mixin.py:188} INFO - [2026-03-23T13:48:46.184+0000] {dag.py:3954} INFO - Setting next_dagrun for tmdb_raw_pipeline to 2026-03-23 00:00:00+00:00, run_after=2026-03-24 00:00:00+00:00
[2026-03-23T13:48:46.196+0000] {processor.py:183} INFO - Processing /opt/airflow/dags/tmdb_daily_dag.py took 0.047 seconds
[2026-03-23T13:49:16.605+0000] {processor.py:161} INFO - Started process (PID=22177) to work on /opt/airflow/dags/tmdb_daily_dag.py
[2026-03-23T13:49:16.606+0000] {processor.py:830} INFO - Processing file /opt/airflow/dags/tmdb_daily_dag.py for tasks to queue
[2026-03-23T13:49:16.606+0000] {logging_mixin.py:188} INFO - [2026-03-23T13:49:16.606+0000] {dagbag.py:545} INFO - Filling up the DagBag from /opt/airflow/dags/tmdb_daily_dag.py
[2026-03-23T13:49:16.612+0000] {processor.py:840} INFO - DAG(s) 'tmdb_raw_pipeline' retrieved from /opt/airflow/dags/tmdb_daily_dag.py
[2026-03-23T13:49:16.621+0000] {logging_mixin.py:188} INFO - [2026-03-23T13:49:16.621+0000] {dag.py:3096} INFO - Sync 1 DAGs
[2026-03-23T13:49:16.630+0000] {logging_mixin.py:188} INFO - [2026-03-23T13:49:16.630+0000] {dag.py:3954} INFO - Setting next_dagrun for tmdb_raw_pipeline to 2026-03-23 00:00:00+00:00, run_after=2026-03-24 00:00:00+00:00
[2026-03-23T13:49:16.635+0000] {processor.py:183} INFO - Processing /opt/airflow/dags/tmdb_daily_dag.py took 0.034 seconds
[2026-03-23T13:49:47.227+0000] {processor.py:161} INFO - Started process (PID=22197) to work on /opt/airflow/dags/tmdb_daily_dag.py
[2026-03-23T13:49:47.228+0000] {processor.py:830} INFO - Processing file /opt/airflow/dags/tmdb_daily_dag.py for tasks to queue
[2026-03-23T13:49:47.229+0000] {logging_mixin.py:188} INFO - [2026-03-23T13:49:47.228+0000] {dagbag.py:545} INFO - Filling up the DagBag from /opt/airflow/dags/tmdb_daily_dag.py
[2026-03-23T13:49:47.235+0000] {processor.py:840} INFO - DAG(s) 'tmdb_raw_pipeline' retrieved from /opt/airflow/dags/tmdb_daily_dag.py
[2026-03-23T13:49:47.249+0000] {logging_mixin.py:188} INFO - [2026-03-23T13:49:47.249+0000] {dag.py:3096} INFO - Sync 1 DAGs
[2026-03-23T13:49:47.263+0000] {logging_mixin.py:188} INFO - [2026-03-23T13:49:47.263+0000] {dag.py:3954} INFO - Setting next_dagrun for tmdb_raw_pipeline to 2026-03-23 00:00:00+00:00, run_after=2026-03-24 00:00:00+00:00
[2026-03-23T13:49:47.271+0000] {processor.py:183} INFO - Processing /opt/airflow/dags/tmdb_daily_dag.py took 0.047 seconds
[2026-03-23T13:50:17.885+0000] {processor.py:161} INFO - Started process (PID=22217) to work on /opt/airflow/dags/tmdb_daily_dag.py
[2026-03-23T13:50:17.886+0000] {processor.py:830} INFO - Processing file /opt/airflow/dags/tmdb_daily_dag.py for tasks to queue
[2026-03-23T13:50:17.887+0000] {logging_mixin.py:188} INFO - [2026-03-23T13:50:17.887+0000] {dagbag.py:545} INFO - Filling up the DagBag from /opt/airflow/dags/tmdb_daily_dag.py
[2026-03-23T13:50:17.893+0000] {processor.py:840} INFO - DAG(s) 'tmdb_raw_pipeline' retrieved from /opt/airflow/dags/tmdb_daily_dag.py
[2026-03-23T13:50:17.904+0000] {logging_mixin.py:188} INFO - [2026-03-23T13:50:17.904+0000] {dag.py:3096} INFO - Sync 1 DAGs
[2026-03-23T13:50:17.913+0000] {logging_mixin.py:188} INFO - [2026-03-23T13:50:17.913+0000] {dag.py:3954} INFO - Setting next_dagrun for tmdb_raw_pipeline to 2026-03-23 00:00:00+00:00, run_after=2026-03-24 00:00:00+00:00
[2026-03-23T13:50:17.920+0000] {processor.py:183} INFO - Processing /opt/airflow/dags/tmdb_daily_dag.py took 0.038 seconds
[2026-03-23T13:50:48.417+0000] {processor.py:161} INFO - Started process (PID=22237) to work on /opt/airflow/dags/tmdb_daily_dag.py
[2026-03-23T13:50:48.418+0000] {processor.py:830} INFO - Processing file /opt/airflow/dags/tmdb_daily_dag.py for tasks to queue
[2026-03-23T13:50:48.419+0000] {logging_mixin.py:188} INFO - [2026-03-23T13:50:48.419+0000] {dagbag.py:545} INFO - Filling up the DagBag from /opt/airflow/dags/tmdb_daily_dag.py
[2026-03-23T13:50:48.424+0000] {processor.py:840} INFO - DAG(s) 'tmdb_raw_pipeline' retrieved from /opt/airflow/dags/tmdb_daily_dag.py
[2026-03-23T13:50:48.434+0000] {logging_mixin.py:188} INFO - [2026-03-23T13:50:48.434+0000] {dag.py:3096} INFO - Sync 1 DAGs
[2026-03-23T13:50:48.442+0000] {logging_mixin.py:188} INFO - [2026-03-23T13:50:48.442+0000] {dag.py:3954} INFO - Setting next_dagrun for tmdb_raw_pipeline to 2026-03-23 00:00:00+00:00, run_after=2026-03-24 00:00:00+00:00
[2026-03-23T13:50:48.449+0000] {processor.py:183} INFO - Processing /opt/airflow/dags/tmdb_daily_dag.py took 0.036 seconds
[2026-03-23T13:51:18.931+0000] {processor.py:161} INFO - Started process (PID=22257) to work on /opt/airflow/dags/tmdb_daily_dag.py
[2026-03-23T13:51:18.933+0000] {processor.py:830} INFO - Processing file /opt/airflow/dags/tmdb_daily_dag.py for tasks to queue
[2026-03-23T13:51:18.934+0000] {logging_mixin.py:188} INFO - [2026-03-23T13:51:18.933+0000] {dagbag.py:545} INFO - Filling up the DagBag from /opt/airflow/dags/tmdb_daily_dag.py
[2026-03-23T13:51:18.939+0000] {processor.py:840} INFO - DAG(s) 'tmdb_raw_pipeline' retrieved from /opt/airflow/dags/tmdb_daily_dag.py
[2026-03-23T13:51:18.948+0000] {logging_mixin.py:188} INFO - [2026-03-23T13:51:18.948+0000] {dag.py:3096} INFO - Sync 1 DAGs
[2026-03-23T13:51:18.957+0000] {logging_mixin.py:188} INFO - [2026-03-23T13:51:18.957+0000] {dag.py:3954} INFO - Setting next_dagrun for tmdb_raw_pipeline to 2026-03-23 00:00:00+00:00, run_after=2026-03-24 00:00:00+00:00
[2026-03-23T13:51:18.963+0000] {processor.py:183} INFO - Processing /opt/airflow/dags/tmdb_daily_dag.py took 0.034 seconds
[2026-03-23T13:51:49.511+0000] {processor.py:161} INFO - Started process (PID=22277) to work on /opt/airflow/dags/tmdb_daily_dag.py
[2026-03-23T13:51:49.513+0000] {processor.py:830} INFO - Processing file /opt/airflow/dags/tmdb_daily_dag.py for tasks to queue
[2026-03-23T13:51:49.513+0000] {logging_mixin.py:188} INFO - [2026-03-23T13:51:49.513+0000] {dagbag.py:545} INFO - Filling up the DagBag from /opt/airflow/dags/tmdb_daily_dag.py
[2026-03-23T13:51:49.522+0000] {processor.py:840} INFO - DAG(s) 'tmdb_raw_pipeline' retrieved from /opt/airflow/dags/tmdb_daily_dag.py
[2026-03-23T13:51:49.543+0000] {logging_mixin.py:188} INFO - [2026-03-23T13:51:49.542+0000] {dag.py:3096} INFO - Sync 1 DAGs
[2026-03-23T13:51:49.559+0000] {logging_mixin.py:188} INFO - [2026-03-23T13:51:49.559+0000] {dag.py:3954} INFO - Setting next_dagrun for tmdb_raw_pipeline to 2026-03-23 00:00:00+00:00, run_after=2026-03-24 00:00:00+00:00
[2026-03-23T13:51:49.567+0000] {processor.py:183} INFO - Processing /opt/airflow/dags/tmdb_daily_dag.py took 0.059 seconds
[2026-03-23T13:52:20.118+0000] {processor.py:161} INFO - Started process (PID=22297) to work on /opt/airflow/dags/tmdb_daily_dag.py
[2026-03-23T13:52:20.120+0000] {processor.py:830} INFO - Processing file /opt/airflow/dags/tmdb_daily_dag.py for tasks to queue
[2026-03-23T13:52:20.121+0000] {logging_mixin.py:188} INFO - [2026-03-23T13:52:20.120+0000] {dagbag.py:545} INFO - Filling up the DagBag from /opt/airflow/dags/tmdb_daily_dag.py
[2026-03-23T13:52:20.127+0000] {processor.py:840} INFO - DAG(s) 'tmdb_raw_pipeline' retrieved from /opt/airflow/dags/tmdb_daily_dag.py
[2026-03-23T13:52:20.137+0000] {logging_mixin.py:188} INFO - [2026-03-23T13:52:20.137+0000] {dag.py:3096} INFO - Sync 1 DAGs
[2026-03-23T13:52:20.146+0000] {logging_mixin.py:188} INFO - [2026-03-23T13:52:20.146+0000] {dag.py:3954} INFO - Setting next_dagrun for tmdb_raw_pipeline to 2026-03-23 00:00:00+00:00, run_after=2026-03-24 00:00:00+00:00
[2026-03-23T13:52:20.155+0000] {processor.py:183} INFO - Processing /opt/airflow/dags/tmdb_daily_dag.py took 0.039 seconds
[2026-03-23T13:52:50.712+0000] {processor.py:161} INFO - Started process (PID=22317) to work on /opt/airflow/dags/tmdb_daily_dag.py
[2026-03-23T13:52:50.714+0000] {processor.py:830} INFO - Processing file /opt/airflow/dags/tmdb_daily_dag.py for tasks to queue
[2026-03-23T13:52:50.714+0000] {logging_mixin.py:188} INFO - [2026-03-23T13:52:50.714+0000] {dagbag.py:545} INFO - Filling up the DagBag from /opt/airflow/dags/tmdb_daily_dag.py
[2026-03-23T13:52:50.733+0000] {processor.py:840} INFO - DAG(s) 'tmdb_raw_pipeline' retrieved from /opt/airflow/dags/tmdb_daily_dag.py
[2026-03-23T13:52:50.753+0000] {logging_mixin.py:188} INFO - [2026-03-23T13:52:50.753+0000] {dag.py:3096} INFO - Sync 1 DAGs
[2026-03-23T13:52:50.768+0000] {logging_mixin.py:188} INFO - [2026-03-23T13:52:50.768+0000] {dag.py:3954} INFO - Setting next_dagrun for tmdb_raw_pipeline to 2026-03-23 00:00:00+00:00, run_after=2026-03-24 00:00:00+00:00
[2026-03-23T13:52:50.776+0000] {processor.py:183} INFO - Processing /opt/airflow/dags/tmdb_daily_dag.py took 0.067 seconds
[2026-03-23T13:53:21.312+0000] {processor.py:161} INFO - Started process (PID=22337) to work on /opt/airflow/dags/tmdb_daily_dag.py
[2026-03-23T13:53:21.313+0000] {processor.py:830} INFO - Processing file /opt/airflow/dags/tmdb_daily_dag.py for tasks to queue
[2026-03-23T13:53:21.314+0000] {logging_mixin.py:188} INFO - [2026-03-23T13:53:21.313+0000] {dagbag.py:545} INFO - Filling up the DagBag from /opt/airflow/dags/tmdb_daily_dag.py
[2026-03-23T13:53:21.320+0000] {processor.py:840} INFO - DAG(s) 'tmdb_raw_pipeline' retrieved from /opt/airflow/dags/tmdb_daily_dag.py
[2026-03-23T13:53:21.329+0000] {logging_mixin.py:188} INFO - [2026-03-23T13:53:21.329+0000] {dag.py:3096} INFO - Sync 1 DAGs
[2026-03-23T13:53:21.338+0000] {logging_mixin.py:188} INFO - [2026-03-23T13:53:21.338+0000] {dag.py:3954} INFO - Setting next_dagrun for tmdb_raw_pipeline to 2026-03-23 00:00:00+00:00, run_after=2026-03-24 00:00:00+00:00
[2026-03-23T13:53:21.343+0000] {processor.py:183} INFO - Processing /opt/airflow/dags/tmdb_daily_dag.py took 0.034 seconds
[2026-03-23T13:53:51.803+0000] {processor.py:161} INFO - Started process (PID=22357) to work on /opt/airflow/dags/tmdb_daily_dag.py
[2026-03-23T13:53:51.804+0000] {processor.py:830} INFO - Processing file /opt/airflow/dags/tmdb_daily_dag.py for tasks to queue
[2026-03-23T13:53:51.805+0000] {logging_mixin.py:188} INFO - [2026-03-23T13:53:51.805+0000] {dagbag.py:545} INFO - Filling up the DagBag from /opt/airflow/dags/tmdb_daily_dag.py
[2026-03-23T13:53:51.811+0000] {processor.py:840} INFO - DAG(s) 'tmdb_raw_pipeline' retrieved from /opt/airflow/dags/tmdb_daily_dag.py
[2026-03-23T13:53:51.821+0000] {logging_mixin.py:188} INFO - [2026-03-23T13:53:51.821+0000] {dag.py:3096} INFO - Sync 1 DAGs
[2026-03-23T13:53:51.830+0000] {logging_mixin.py:188} INFO - [2026-03-23T13:53:51.830+0000] {dag.py:3954} INFO - Setting next_dagrun for tmdb_raw_pipeline to 2026-03-23 00:00:00+00:00, run_after=2026-03-24 00:00:00+00:00
[2026-03-23T13:53:51.836+0000] {processor.py:183} INFO - Processing /opt/airflow/dags/tmdb_daily_dag.py took 0.035 seconds
[2026-03-23T13:54:22.368+0000] {processor.py:161} INFO - Started process (PID=22377) to work on /opt/airflow/dags/tmdb_daily_dag.py
[2026-03-23T13:54:22.369+0000] {processor.py:830} INFO - Processing file /opt/airflow/dags/tmdb_daily_dag.py for tasks to queue
[2026-03-23T13:54:22.369+0000] {logging_mixin.py:188} INFO - [2026-03-23T13:54:22.369+0000] {dagbag.py:545} INFO - Filling up the DagBag from /opt/airflow/dags/tmdb_daily_dag.py
[2026-03-23T13:54:22.374+0000] {processor.py:840} INFO - DAG(s) 'tmdb_raw_pipeline' retrieved from /opt/airflow/dags/tmdb_daily_dag.py
[2026-03-23T13:54:22.383+0000] {logging_mixin.py:188} INFO - [2026-03-23T13:54:22.383+0000] {dag.py:3096} INFO - Sync 1 DAGs
[2026-03-23T13:54:22.391+0000] {logging_mixin.py:188} INFO - [2026-03-23T13:54:22.391+0000] {dag.py:3954} INFO - Setting next_dagrun for tmdb_raw_pipeline to 2026-03-23 00:00:00+00:00, run_after=2026-03-24 00:00:00+00:00
[2026-03-23T13:54:22.397+0000] {processor.py:183} INFO - Processing /opt/airflow/dags/tmdb_daily_dag.py took 0.032 seconds
[2026-03-23T13:54:52.853+0000] {processor.py:161} INFO - Started process (PID=22397) to work on /opt/airflow/dags/tmdb_daily_dag.py
[2026-03-23T13:54:52.854+0000] {processor.py:830} INFO - Processing file /opt/airflow/dags/tmdb_daily_dag.py for tasks to queue
[2026-03-23T13:54:52.854+0000] {logging_mixin.py:188} INFO - [2026-03-23T13:54:52.854+0000] {dagbag.py:545} INFO - Filling up the DagBag from /opt/airflow/dags/tmdb_daily_dag.py
[2026-03-23T13:54:52.860+0000] {processor.py:840} INFO - DAG(s) 'tmdb_raw_pipeline' retrieved from /opt/airflow/dags/tmdb_daily_dag.py
[2026-03-23T13:54:52.870+0000] {logging_mixin.py:188} INFO - [2026-03-23T13:54:52.870+0000] {dag.py:3096} INFO - Sync 1 DAGs
[2026-03-23T13:54:52.879+0000] {logging_mixin.py:188} INFO - [2026-03-23T13:54:52.879+0000] {dag.py:3954} INFO - Setting next_dagrun for tmdb_raw_pipeline to 2026-03-23 00:00:00+00:00, run_after=2026-03-24 00:00:00+00:00
[2026-03-23T13:54:52.886+0000] {processor.py:183} INFO - Processing /opt/airflow/dags/tmdb_daily_dag.py took 0.035 seconds
[2026-03-23T13:55:23.335+0000] {processor.py:161} INFO - Started process (PID=22417) to work on /opt/airflow/dags/tmdb_daily_dag.py
[2026-03-23T13:55:23.336+0000] {processor.py:830} INFO - Processing file /opt/airflow/dags/tmdb_daily_dag.py for tasks to queue
[2026-03-23T13:55:23.336+0000] {logging_mixin.py:188} INFO - [2026-03-23T13:55:23.336+0000] {dagbag.py:545} INFO - Filling up the DagBag from /opt/airflow/dags/tmdb_daily_dag.py
[2026-03-23T13:55:23.343+0000] {processor.py:840} INFO - DAG(s) 'tmdb_raw_pipeline' retrieved from /opt/airflow/dags/tmdb_daily_dag.py
[2026-03-23T13:55:23.354+0000] {logging_mixin.py:188} INFO - [2026-03-23T13:55:23.354+0000] {dag.py:3096} INFO - Sync 1 DAGs
[2026-03-23T13:55:23.366+0000] {logging_mixin.py:188} INFO - [2026-03-23T13:55:23.365+0000] {dag.py:3954} INFO - Setting next_dagrun for tmdb_raw_pipeline to 2026-03-23 00:00:00+00:00, run_after=2026-03-24 00:00:00+00:00
[2026-03-23T13:55:23.373+0000] {processor.py:183} INFO - Processing /opt/airflow/dags/tmdb_daily_dag.py took 0.042 seconds
[2026-03-23T13:55:53.811+0000] {processor.py:161} INFO - Started process (PID=22437) to work on /opt/airflow/dags/tmdb_daily_dag.py
[2026-03-23T13:55:53.812+0000] {processor.py:830} INFO - Processing file /opt/airflow/dags/tmdb_daily_dag.py for tasks to queue
[2026-03-23T13:55:53.812+0000] {logging_mixin.py:188} INFO - [2026-03-23T13:55:53.812+0000] {dagbag.py:545} INFO - Filling up the DagBag from /opt/airflow/dags/tmdb_daily_dag.py
[2026-03-23T13:55:53.817+0000] {processor.py:840} INFO - DAG(s) 'tmdb_raw_pipeline' retrieved from /opt/airflow/dags/tmdb_daily_dag.py
[2026-03-23T13:55:53.826+0000] {logging_mixin.py:188} INFO - [2026-03-23T13:55:53.826+0000] {dag.py:3096} INFO - Sync 1 DAGs
[2026-03-23T13:55:53.834+0000] {logging_mixin.py:188} INFO - [2026-03-23T13:55:53.834+0000] {dag.py:3954} INFO - Setting next_dagrun for tmdb_raw_pipeline to 2026-03-23 00:00:00+00:00, run_after=2026-03-24 00:00:00+00:00
[2026-03-23T13:55:53.841+0000] {processor.py:183} INFO - Processing /opt/airflow/dags/tmdb_daily_dag.py took 0.032 seconds
[2026-03-23T13:56:24.386+0000] {processor.py:161} INFO - Started process (PID=22457) to work on /opt/airflow/dags/tmdb_daily_dag.py
[2026-03-23T13:56:24.388+0000] {processor.py:830} INFO - Processing file /opt/airflow/dags/tmdb_daily_dag.py for tasks to queue
[2026-03-23T13:56:24.388+0000] {logging_mixin.py:188} INFO - [2026-03-23T13:56:24.388+0000] {dagbag.py:545} INFO - Filling up the DagBag from /opt/airflow/dags/tmdb_daily_dag.py
[2026-03-23T13:56:24.394+0000] {processor.py:840} INFO - DAG(s) 'tmdb_raw_pipeline' retrieved from /opt/airflow/dags/tmdb_daily_dag.py
[2026-03-23T13:56:24.404+0000] {logging_mixin.py:188} INFO - [2026-03-23T13:56:24.404+0000] {dag.py:3096} INFO - Sync 1 DAGs
[2026-03-23T13:56:24.412+0000] {logging_mixin.py:188} INFO - [2026-03-23T13:56:24.412+0000] {dag.py:3954} INFO - Setting next_dagrun for tmdb_raw_pipeline to 2026-03-23 00:00:00+00:00, run_after=2026-03-24 00:00:00+00:00
[2026-03-23T13:56:24.418+0000] {processor.py:183} INFO - Processing /opt/airflow/dags/tmdb_daily_dag.py took 0.038 seconds
[2026-03-23T13:56:54.981+0000] {processor.py:161} INFO - Started process (PID=22477) to work on /opt/airflow/dags/tmdb_daily_dag.py
[2026-03-23T13:56:54.982+0000] {processor.py:830} INFO - Processing file /opt/airflow/dags/tmdb_daily_dag.py for tasks to queue
[2026-03-23T13:56:54.983+0000] {logging_mixin.py:188} INFO - [2026-03-23T13:56:54.982+0000] {dagbag.py:545} INFO - Filling up the DagBag from /opt/airflow/dags/tmdb_daily_dag.py
[2026-03-23T13:56:54.992+0000] {processor.py:840} INFO - DAG(s) 'tmdb_raw_pipeline' retrieved from /opt/airflow/dags/tmdb_daily_dag.py
[2026-03-23T13:56:55.009+0000] {logging_mixin.py:188} INFO - [2026-03-23T13:56:55.009+0000] {dag.py:3096} INFO - Sync 1 DAGs
[2026-03-23T13:56:55.025+0000] {logging_mixin.py:188} INFO - [2026-03-23T13:56:55.025+0000] {dag.py:3954} INFO - Setting next_dagrun for tmdb_raw_pipeline to 2026-03-23 00:00:00+00:00, run_after=2026-03-24 00:00:00+00:00
[2026-03-23T13:56:55.036+0000] {processor.py:183} INFO - Processing /opt/airflow/dags/tmdb_daily_dag.py took 0.062 seconds
[2026-03-23T13:57:25.557+0000] {processor.py:161} INFO - Started process (PID=22497) to work on /opt/airflow/dags/tmdb_daily_dag.py
[2026-03-23T13:57:25.558+0000] {processor.py:830} INFO - Processing file /opt/airflow/dags/tmdb_daily_dag.py for tasks to queue
[2026-03-23T13:57:25.559+0000] {logging_mixin.py:188} INFO - [2026-03-23T13:57:25.558+0000] {dagbag.py:545} INFO - Filling up the DagBag from /opt/airflow/dags/tmdb_daily_dag.py
[2026-03-23T13:57:25.564+0000] {processor.py:840} INFO - DAG(s) 'tmdb_raw_pipeline' retrieved from /opt/airflow/dags/tmdb_daily_dag.py
[2026-03-23T13:57:25.573+0000] {logging_mixin.py:188} INFO - [2026-03-23T13:57:25.573+0000] {dag.py:3096} INFO - Sync 1 DAGs
[2026-03-23T13:57:25.582+0000] {logging_mixin.py:188} INFO - [2026-03-23T13:57:25.582+0000] {dag.py:3954} INFO - Setting next_dagrun for tmdb_raw_pipeline to 2026-03-23 00:00:00+00:00, run_after=2026-03-24 00:00:00+00:00
[2026-03-23T13:57:25.588+0000] {processor.py:183} INFO - Processing /opt/airflow/dags/tmdb_daily_dag.py took 0.033 seconds
[2026-03-23T13:57:56.186+0000] {processor.py:161} INFO - Started process (PID=22517) to work on /opt/airflow/dags/tmdb_daily_dag.py
[2026-03-23T13:57:56.187+0000] {processor.py:830} INFO - Processing file /opt/airflow/dags/tmdb_daily_dag.py for tasks to queue
[2026-03-23T13:57:56.188+0000] {logging_mixin.py:188} INFO - [2026-03-23T13:57:56.188+0000] {dagbag.py:545} INFO - Filling up the DagBag from /opt/airflow/dags/tmdb_daily_dag.py
[2026-03-23T13:57:56.195+0000] {processor.py:840} INFO - DAG(s) 'tmdb_raw_pipeline' retrieved from /opt/airflow/dags/tmdb_daily_dag.py
[2026-03-23T13:57:56.207+0000] {logging_mixin.py:188} INFO - [2026-03-23T13:57:56.207+0000] {dag.py:3096} INFO - Sync 1 DAGs
[2026-03-23T13:57:56.219+0000] {logging_mixin.py:188} INFO - [2026-03-23T13:57:56.219+0000] {dag.py:3954} INFO - Setting next_dagrun for tmdb_raw_pipeline to 2026-03-23 00:00:00+00:00, run_after=2026-03-24 00:00:00+00:00
[2026-03-23T13:57:56.227+0000] {processor.py:183} INFO - Processing /opt/airflow/dags/tmdb_daily_dag.py took 0.044 seconds
[2026-03-23T14:37:38.371+0000] {processor.py:161} INFO - Started process (PID=22537) to work on /opt/airflow/dags/tmdb_daily_dag.py
[2026-03-23T14:37:38.372+0000] {processor.py:830} INFO - Processing file /opt/airflow/dags/tmdb_daily_dag.py for tasks to queue
[2026-03-23T14:37:38.373+0000] {logging_mixin.py:188} INFO - [2026-03-23T14:37:38.373+0000] {dagbag.py:545} INFO - Filling up the DagBag from /opt/airflow/dags/tmdb_daily_dag.py
[2026-03-23T14:37:38.379+0000] {processor.py:840} INFO - DAG(s) 'tmdb_raw_pipeline' retrieved from /opt/airflow/dags/tmdb_daily_dag.py
[2026-03-23T14:37:38.391+0000] {logging_mixin.py:188} INFO - [2026-03-23T14:37:38.391+0000] {dag.py:3096} INFO - Sync 1 DAGs
[2026-03-23T14:37:38.400+0000] {logging_mixin.py:188} INFO - [2026-03-23T14:37:38.400+0000] {dag.py:3954} INFO - Setting next_dagrun for tmdb_raw_pipeline to 2026-03-23 00:00:00+00:00, run_after=2026-03-24 00:00:00+00:00
[2026-03-23T14:37:38.406+0000] {processor.py:183} INFO - Processing /opt/airflow/dags/tmdb_daily_dag.py took 0.038 seconds
[2026-03-23T14:38:08.956+0000] {processor.py:161} INFO - Started process (PID=22557) to work on /opt/airflow/dags/tmdb_daily_dag.py
[2026-03-23T14:38:08.957+0000] {processor.py:830} INFO - Processing file /opt/airflow/dags/tmdb_daily_dag.py for tasks to queue
[2026-03-23T14:38:08.957+0000] {logging_mixin.py:188} INFO - [2026-03-23T14:38:08.957+0000] {dagbag.py:545} INFO - Filling up the DagBag from /opt/airflow/dags/tmdb_daily_dag.py
[2026-03-23T14:38:08.963+0000] {processor.py:840} INFO - DAG(s) 'tmdb_raw_pipeline' retrieved from /opt/airflow/dags/tmdb_daily_dag.py
[2026-03-23T14:38:08.974+0000] {logging_mixin.py:188} INFO - [2026-03-23T14:38:08.974+0000] {dag.py:3096} INFO - Sync 1 DAGs
[2026-03-23T14:38:08.983+0000] {logging_mixin.py:188} INFO - [2026-03-23T14:38:08.983+0000] {dag.py:3954} INFO - Setting next_dagrun for tmdb_raw_pipeline to 2026-03-23 00:00:00+00:00, run_after=2026-03-24 00:00:00+00:00
[2026-03-23T14:38:08.990+0000] {processor.py:183} INFO - Processing /opt/airflow/dags/tmdb_daily_dag.py took 0.037 seconds
[2026-03-23T14:38:39.460+0000] {processor.py:161} INFO - Started process (PID=22577) to work on /opt/airflow/dags/tmdb_daily_dag.py
[2026-03-23T14:38:39.462+0000] {processor.py:830} INFO - Processing file /opt/airflow/dags/tmdb_daily_dag.py for tasks to queue
[2026-03-23T14:38:39.462+0000] {logging_mixin.py:188} INFO - [2026-03-23T14:38:39.462+0000] {dagbag.py:545} INFO - Filling up the DagBag from /opt/airflow/dags/tmdb_daily_dag.py
[2026-03-23T14:38:39.469+0000] {processor.py:840} INFO - DAG(s) 'tmdb_raw_pipeline' retrieved from /opt/airflow/dags/tmdb_daily_dag.py
[2026-03-23T14:38:39.479+0000] {logging_mixin.py:188} INFO - [2026-03-23T14:38:39.479+0000] {dag.py:3096} INFO - Sync 1 DAGs
[2026-03-23T14:38:39.488+0000] {logging_mixin.py:188} INFO - [2026-03-23T14:38:39.487+0000] {dag.py:3954} INFO - Setting next_dagrun for tmdb_raw_pipeline to 2026-03-23 00:00:00+00:00, run_after=2026-03-24 00:00:00+00:00
[2026-03-23T14:38:39.494+0000] {processor.py:183} INFO - Processing /opt/airflow/dags/tmdb_daily_dag.py took 0.036 seconds
[2026-03-23T14:39:10.061+0000] {processor.py:161} INFO - Started process (PID=22597) to work on /opt/airflow/dags/tmdb_daily_dag.py
[2026-03-23T14:39:10.064+0000] {processor.py:830} INFO - Processing file /opt/airflow/dags/tmdb_daily_dag.py for tasks to queue
[2026-03-23T14:39:10.064+0000] {logging_mixin.py:188} INFO - [2026-03-23T14:39:10.064+0000] {dagbag.py:545} INFO - Filling up the DagBag from /opt/airflow/dags/tmdb_daily_dag.py
[2026-03-23T14:39:10.071+0000] {processor.py:840} INFO - DAG(s) 'tmdb_raw_pipeline' retrieved from /opt/airflow/dags/tmdb_daily_dag.py
[2026-03-23T14:39:10.082+0000] {logging_mixin.py:188} INFO - [2026-03-23T14:39:10.082+0000] {dag.py:3096} INFO - Sync 1 DAGs
[2026-03-23T14:39:10.091+0000] {logging_mixin.py:188} INFO - [2026-03-23T14:39:10.091+0000] {dag.py:3954} INFO - Setting next_dagrun for tmdb_raw_pipeline to 2026-03-23 00:00:00+00:00, run_after=2026-03-24 00:00:00+00:00
[2026-03-23T14:39:10.097+0000] {processor.py:183} INFO - Processing /opt/airflow/dags/tmdb_daily_dag.py took 0.048 seconds
[2026-03-23T14:39:40.581+0000] {processor.py:161} INFO - Started process (PID=22617) to work on /opt/airflow/dags/tmdb_daily_dag.py
[2026-03-23T14:39:40.584+0000] {processor.py:830} INFO - Processing file /opt/airflow/dags/tmdb_daily_dag.py for tasks to queue
[2026-03-23T14:39:40.585+0000] {logging_mixin.py:188} INFO - [2026-03-23T14:39:40.585+0000] {dagbag.py:545} INFO - Filling up the DagBag from /opt/airflow/dags/tmdb_daily_dag.py
[2026-03-23T14:39:40.591+0000] {processor.py:840} INFO - DAG(s) 'tmdb_raw_pipeline' retrieved from /opt/airflow/dags/tmdb_daily_dag.py
[2026-03-23T14:39:40.602+0000] {logging_mixin.py:188} INFO - [2026-03-23T14:39:40.602+0000] {dag.py:3096} INFO - Sync 1 DAGs
[2026-03-23T14:39:40.611+0000] {logging_mixin.py:188} INFO - [2026-03-23T14:39:40.611+0000] {dag.py:3954} INFO - Setting next_dagrun for tmdb_raw_pipeline to 2026-03-23 00:00:00+00:00, run_after=2026-03-24 00:00:00+00:00
[2026-03-23T14:39:40.617+0000] {processor.py:183} INFO - Processing /opt/airflow/dags/tmdb_daily_dag.py took 0.040 seconds
[2026-03-23T14:40:11.114+0000] {processor.py:161} INFO - Started process (PID=22637) to work on /opt/airflow/dags/tmdb_daily_dag.py
[2026-03-23T14:40:11.115+0000] {processor.py:830} INFO - Processing file /opt/airflow/dags/tmdb_daily_dag.py for tasks to queue
[2026-03-23T14:40:11.115+0000] {logging_mixin.py:188} INFO - [2026-03-23T14:40:11.115+0000] {dagbag.py:545} INFO - Filling up the DagBag from /opt/airflow/dags/tmdb_daily_dag.py
[2026-03-23T14:40:11.121+0000] {processor.py:840} INFO - DAG(s) 'tmdb_raw_pipeline' retrieved from /opt/airflow/dags/tmdb_daily_dag.py
[2026-03-23T14:40:11.130+0000] {logging_mixin.py:188} INFO - [2026-03-23T14:40:11.130+0000] {dag.py:3096} INFO - Sync 1 DAGs
[2026-03-23T14:40:11.139+0000] {logging_mixin.py:188} INFO - [2026-03-23T14:40:11.139+0000] {dag.py:3954} INFO - Setting next_dagrun for tmdb_raw_pipeline to 2026-03-23 00:00:00+00:00, run_after=2026-03-24 00:00:00+00:00
[2026-03-23T14:40:11.146+0000] {processor.py:183} INFO - Processing /opt/airflow/dags/tmdb_daily_dag.py took 0.036 seconds
[2026-03-23T14:40:41.641+0000] {processor.py:161} INFO - Started process (PID=22657) to work on /opt/airflow/dags/tmdb_daily_dag.py
[2026-03-23T14:40:41.643+0000] {processor.py:830} INFO - Processing file /opt/airflow/dags/tmdb_daily_dag.py for tasks to queue
[2026-03-23T14:40:41.643+0000] {logging_mixin.py:188} INFO - [2026-03-23T14:40:41.643+0000] {dagbag.py:545} INFO - Filling up the DagBag from /opt/airflow/dags/tmdb_daily_dag.py
[2026-03-23T14:40:41.649+0000] {processor.py:840} INFO - DAG(s) 'tmdb_raw_pipeline' retrieved from /opt/airflow/dags/tmdb_daily_dag.py
[2026-03-23T14:40:41.659+0000] {logging_mixin.py:188} INFO - [2026-03-23T14:40:41.659+0000] {dag.py:3096} INFO - Sync 1 DAGs
[2026-03-23T14:40:41.667+0000] {logging_mixin.py:188} INFO - [2026-03-23T14:40:41.667+0000] {dag.py:3954} INFO - Setting next_dagrun for tmdb_raw_pipeline to 2026-03-23 00:00:00+00:00, run_after=2026-03-24 00:00:00+00:00
[2026-03-23T14:40:41.673+0000] {processor.py:183} INFO - Processing /opt/airflow/dags/tmdb_daily_dag.py took 0.034 seconds
[2026-03-23T14:41:12.136+0000] {processor.py:161} INFO - Started process (PID=22677) to work on /opt/airflow/dags/tmdb_daily_dag.py
[2026-03-23T14:41:12.137+0000] {processor.py:830} INFO - Processing file /opt/airflow/dags/tmdb_daily_dag.py for tasks to queue
[2026-03-23T14:41:12.138+0000] {logging_mixin.py:188} INFO - [2026-03-23T14:41:12.137+0000] {dagbag.py:545} INFO - Filling up the DagBag from /opt/airflow/dags/tmdb_daily_dag.py
[2026-03-23T14:41:12.144+0000] {processor.py:840} INFO - DAG(s) 'tmdb_raw_pipeline' retrieved from /opt/airflow/dags/tmdb_daily_dag.py
[2026-03-23T14:41:12.153+0000] {logging_mixin.py:188} INFO - [2026-03-23T14:41:12.153+0000] {dag.py:3096} INFO - Sync 1 DAGs
[2026-03-23T14:41:12.161+0000] {logging_mixin.py:188} INFO - [2026-03-23T14:41:12.161+0000] {dag.py:3954} INFO - Setting next_dagrun for tmdb_raw_pipeline to 2026-03-23 00:00:00+00:00, run_after=2026-03-24 00:00:00+00:00
[2026-03-23T14:41:12.167+0000] {processor.py:183} INFO - Processing /opt/airflow/dags/tmdb_daily_dag.py took 0.034 seconds
[2026-03-23T14:41:42.606+0000] {processor.py:161} INFO - Started process (PID=22697) to work on /opt/airflow/dags/tmdb_daily_dag.py
[2026-03-23T14:41:42.608+0000] {processor.py:830} INFO - Processing file /opt/airflow/dags/tmdb_daily_dag.py for tasks to queue
[2026-03-23T14:41:42.608+0000] {logging_mixin.py:188} INFO - [2026-03-23T14:41:42.608+0000] {dagbag.py:545} INFO - Filling up the DagBag from /opt/airflow/dags/tmdb_daily_dag.py
[2026-03-23T14:41:42.614+0000] {processor.py:840} INFO - DAG(s) 'tmdb_raw_pipeline' retrieved from /opt/airflow/dags/tmdb_daily_dag.py
[2026-03-23T14:41:42.625+0000] {logging_mixin.py:188} INFO - [2026-03-23T14:41:42.625+0000] {dag.py:3096} INFO - Sync 1 DAGs
[2026-03-23T14:41:42.633+0000] {logging_mixin.py:188} INFO - [2026-03-23T14:41:42.633+0000] {dag.py:3954} INFO - Setting next_dagrun for tmdb_raw_pipeline to 2026-03-23 00:00:00+00:00, run_after=2026-03-24 00:00:00+00:00
[2026-03-23T14:41:42.640+0000] {processor.py:183} INFO - Processing /opt/airflow/dags/tmdb_daily_dag.py took 0.036 seconds
[2026-03-23T14:42:13.194+0000] {processor.py:161} INFO - Started process (PID=22717) to work on /opt/airflow/dags/tmdb_daily_dag.py
[2026-03-23T14:42:13.195+0000] {processor.py:830} INFO - Processing file /opt/airflow/dags/tmdb_daily_dag.py for tasks to queue
[2026-03-23T14:42:13.196+0000] {logging_mixin.py:188} INFO - [2026-03-23T14:42:13.195+0000] {dagbag.py:545} INFO - Filling up the DagBag from /opt/airflow/dags/tmdb_daily_dag.py
[2026-03-23T14:42:13.201+0000] {processor.py:840} INFO - DAG(s) 'tmdb_raw_pipeline' retrieved from /opt/airflow/dags/tmdb_daily_dag.py
[2026-03-23T14:42:13.213+0000] {logging_mixin.py:188} INFO - [2026-03-23T14:42:13.213+0000] {dag.py:3096} INFO - Sync 1 DAGs
[2026-03-23T14:42:13.221+0000] {logging_mixin.py:188} INFO - [2026-03-23T14:42:13.221+0000] {dag.py:3954} INFO - Setting next_dagrun for tmdb_raw_pipeline to 2026-03-23 00:00:00+00:00, run_after=2026-03-24 00:00:00+00:00
[2026-03-23T14:42:13.228+0000] {processor.py:183} INFO - Processing /opt/airflow/dags/tmdb_daily_dag.py took 0.038 seconds
[2026-03-23T14:42:43.787+0000] {processor.py:161} INFO - Started process (PID=22737) to work on /opt/airflow/dags/tmdb_daily_dag.py
[2026-03-23T14:42:43.788+0000] {processor.py:830} INFO - Processing file /opt/airflow/dags/tmdb_daily_dag.py for tasks to queue
[2026-03-23T14:42:43.788+0000] {logging_mixin.py:188} INFO - [2026-03-23T14:42:43.788+0000] {dagbag.py:545} INFO - Filling up the DagBag from /opt/airflow/dags/tmdb_daily_dag.py
[2026-03-23T14:42:43.794+0000] {processor.py:840} INFO - DAG(s) 'tmdb_raw_pipeline' retrieved from /opt/airflow/dags/tmdb_daily_dag.py
[2026-03-23T14:42:43.804+0000] {logging_mixin.py:188} INFO - [2026-03-23T14:42:43.804+0000] {dag.py:3096} INFO - Sync 1 DAGs
[2026-03-23T14:42:43.813+0000] {logging_mixin.py:188} INFO - [2026-03-23T14:42:43.813+0000] {dag.py:3954} INFO - Setting next_dagrun for tmdb_raw_pipeline to 2026-03-23 00:00:00+00:00, run_after=2026-03-24 00:00:00+00:00
[2026-03-23T14:42:43.819+0000] {processor.py:183} INFO - Processing /opt/airflow/dags/tmdb_daily_dag.py took 0.036 seconds
[2026-03-23T14:43:14.216+0000] {processor.py:161} INFO - Started process (PID=22757) to work on /opt/airflow/dags/tmdb_daily_dag.py
[2026-03-23T14:43:14.219+0000] {processor.py:830} INFO - Processing file /opt/airflow/dags/tmdb_daily_dag.py for tasks to queue
[2026-03-23T14:43:14.219+0000] {logging_mixin.py:188} INFO - [2026-03-23T14:43:14.219+0000] {dagbag.py:545} INFO - Filling up the DagBag from /opt/airflow/dags/tmdb_daily_dag.py
[2026-03-23T14:43:14.224+0000] {processor.py:840} INFO - DAG(s) 'tmdb_raw_pipeline' retrieved from /opt/airflow/dags/tmdb_daily_dag.py
[2026-03-23T14:43:14.240+0000] {logging_mixin.py:188} INFO - [2026-03-23T14:43:14.240+0000] {dag.py:3096} INFO - Sync 1 DAGs
[2026-03-23T14:43:14.251+0000] {logging_mixin.py:188} INFO - [2026-03-23T14:43:14.251+0000] {dag.py:3954} INFO - Setting next_dagrun for tmdb_raw_pipeline to 2026-03-23 00:00:00+00:00, run_after=2026-03-24 00:00:00+00:00
[2026-03-23T14:43:14.261+0000] {processor.py:183} INFO - Processing /opt/airflow/dags/tmdb_daily_dag.py took 0.049 seconds
[2026-03-23T14:43:44.776+0000] {processor.py:161} INFO - Started process (PID=22777) to work on /opt/airflow/dags/tmdb_daily_dag.py
[2026-03-23T14:43:44.777+0000] {processor.py:830} INFO - Processing file /opt/airflow/dags/tmdb_daily_dag.py for tasks to queue
[2026-03-23T14:43:44.778+0000] {logging_mixin.py:188} INFO - [2026-03-23T14:43:44.778+0000] {dagbag.py:545} INFO - Filling up the DagBag from /opt/airflow/dags/tmdb_daily_dag.py
[2026-03-23T14:43:44.783+0000] {processor.py:840} INFO - DAG(s) 'tmdb_raw_pipeline' retrieved from /opt/airflow/dags/tmdb_daily_dag.py
[2026-03-23T14:43:44.793+0000] {logging_mixin.py:188} INFO - [2026-03-23T14:43:44.793+0000] {dag.py:3096} INFO - Sync 1 DAGs
[2026-03-23T14:43:44.801+0000] {logging_mixin.py:188} INFO - [2026-03-23T14:43:44.801+0000] {dag.py:3954} INFO - Setting next_dagrun for tmdb_raw_pipeline to 2026-03-23 00:00:00+00:00, run_after=2026-03-24 00:00:00+00:00
[2026-03-23T14:43:44.807+0000] {processor.py:183} INFO - Processing /opt/airflow/dags/tmdb_daily_dag.py took 0.033 seconds
[2026-03-23T14:44:15.267+0000] {processor.py:161} INFO - Started process (PID=22797) to work on /opt/airflow/dags/tmdb_daily_dag.py
[2026-03-23T14:44:15.268+0000] {processor.py:830} INFO - Processing file /opt/airflow/dags/tmdb_daily_dag.py for tasks to queue
[2026-03-23T14:44:15.269+0000] {logging_mixin.py:188} INFO - [2026-03-23T14:44:15.269+0000] {dagbag.py:545} INFO - Filling up the DagBag from /opt/airflow/dags/tmdb_daily_dag.py
[2026-03-23T14:44:15.274+0000] {processor.py:840} INFO - DAG(s) 'tmdb_raw_pipeline' retrieved from /opt/airflow/dags/tmdb_daily_dag.py
[2026-03-23T14:44:15.285+0000] {logging_mixin.py:188} INFO - [2026-03-23T14:44:15.284+0000] {dag.py:3096} INFO - Sync 1 DAGs
[2026-03-23T14:44:15.293+0000] {logging_mixin.py:188} INFO - [2026-03-23T14:44:15.293+0000] {dag.py:3954} INFO - Setting next_dagrun for tmdb_raw_pipeline to 2026-03-23 00:00:00+00:00, run_after=2026-03-24 00:00:00+00:00
[2026-03-23T14:44:15.300+0000] {processor.py:183} INFO - Processing /opt/airflow/dags/tmdb_daily_dag.py took 0.035 seconds
[2026-03-23T14:44:45.787+0000] {processor.py:161} INFO - Started process (PID=22817) to work on /opt/airflow/dags/tmdb_daily_dag.py
[2026-03-23T14:44:45.789+0000] {processor.py:830} INFO - Processing file /opt/airflow/dags/tmdb_daily_dag.py for tasks to queue
[2026-03-23T14:44:45.789+0000] {logging_mixin.py:188} INFO - [2026-03-23T14:44:45.789+0000] {dagbag.py:545} INFO - Filling up the DagBag from /opt/airflow/dags/tmdb_daily_dag.py
[2026-03-23T14:44:45.795+0000] {processor.py:840} INFO - DAG(s) 'tmdb_raw_pipeline' retrieved from /opt/airflow/dags/tmdb_daily_dag.py
[2026-03-23T14:44:45.804+0000] {logging_mixin.py:188} INFO - [2026-03-23T14:44:45.804+0000] {dag.py:3096} INFO - Sync 1 DAGs
[2026-03-23T14:44:45.813+0000] {logging_mixin.py:188} INFO - [2026-03-23T14:44:45.813+0000] {dag.py:3954} INFO - Setting next_dagrun for tmdb_raw_pipeline to 2026-03-23 00:00:00+00:00, run_after=2026-03-24 00:00:00+00:00
[2026-03-23T14:44:45.818+0000] {processor.py:183} INFO - Processing /opt/airflow/dags/tmdb_daily_dag.py took 0.033 seconds
[2026-03-23T14:45:16.202+0000] {processor.py:161} INFO - Started process (PID=22837) to work on /opt/airflow/dags/tmdb_daily_dag.py
[2026-03-23T14:45:16.203+0000] {processor.py:830} INFO - Processing file /opt/airflow/dags/tmdb_daily_dag.py for tasks to queue
[2026-03-23T14:45:16.203+0000] {logging_mixin.py:188} INFO - [2026-03-23T14:45:16.203+0000] {dagbag.py:545} INFO - Filling up the DagBag from /opt/airflow/dags/tmdb_daily_dag.py
[2026-03-23T14:45:16.208+0000] {processor.py:840} INFO - DAG(s) 'tmdb_raw_pipeline' retrieved from /opt/airflow/dags/tmdb_daily_dag.py
[2026-03-23T14:45:16.222+0000] {logging_mixin.py:188} INFO - [2026-03-23T14:45:16.222+0000] {dag.py:3096} INFO - Sync 1 DAGs
[2026-03-23T14:45:16.230+0000] {logging_mixin.py:188} INFO - [2026-03-23T14:45:16.229+0000] {dag.py:3954} INFO - Setting next_dagrun for tmdb_raw_pipeline to 2026-03-23 00:00:00+00:00, run_after=2026-03-24 00:00:00+00:00
[2026-03-23T14:45:16.235+0000] {processor.py:183} INFO - Processing /opt/airflow/dags/tmdb_daily_dag.py took 0.036 seconds
[2026-03-23T14:45:46.775+0000] {processor.py:161} INFO - Started process (PID=22857) to work on /opt/airflow/dags/tmdb_daily_dag.py
[2026-03-23T14:45:46.777+0000] {processor.py:830} INFO - Processing file /opt/airflow/dags/tmdb_daily_dag.py for tasks to queue
[2026-03-23T14:45:46.777+0000] {logging_mixin.py:188} INFO - [2026-03-23T14:45:46.777+0000] {dagbag.py:545} INFO - Filling up the DagBag from /opt/airflow/dags/tmdb_daily_dag.py
[2026-03-23T14:45:46.783+0000] {processor.py:840} INFO - DAG(s) 'tmdb_raw_pipeline' retrieved from /opt/airflow/dags/tmdb_daily_dag.py
[2026-03-23T14:45:46.793+0000] {logging_mixin.py:188} INFO - [2026-03-23T14:45:46.793+0000] {dag.py:3096} INFO - Sync 1 DAGs
[2026-03-23T14:45:46.802+0000] {logging_mixin.py:188} INFO - [2026-03-23T14:45:46.802+0000] {dag.py:3954} INFO - Setting next_dagrun for tmdb_raw_pipeline to 2026-03-23 00:00:00+00:00, run_after=2026-03-24 00:00:00+00:00
[2026-03-23T14:45:46.808+0000] {processor.py:183} INFO - Processing /opt/airflow/dags/tmdb_daily_dag.py took 0.035 seconds
[2026-03-23T14:47:03.615+0000] {processor.py:161} INFO - Started process (PID=22877) to work on /opt/airflow/dags/tmdb_daily_dag.py
[2026-03-23T14:47:03.616+0000] {processor.py:830} INFO - Processing file /opt/airflow/dags/tmdb_daily_dag.py for tasks to queue
[2026-03-23T14:47:03.616+0000] {logging_mixin.py:188} INFO - [2026-03-23T14:47:03.616+0000] {dagbag.py:545} INFO - Filling up the DagBag from /opt/airflow/dags/tmdb_daily_dag.py
[2026-03-23T14:47:03.622+0000] {processor.py:840} INFO - DAG(s) 'tmdb_raw_pipeline' retrieved from /opt/airflow/dags/tmdb_daily_dag.py
[2026-03-23T14:47:03.632+0000] {logging_mixin.py:188} INFO - [2026-03-23T14:47:03.632+0000] {dag.py:3096} INFO - Sync 1 DAGs
[2026-03-23T14:47:03.640+0000] {logging_mixin.py:188} INFO - [2026-03-23T14:47:03.640+0000] {dag.py:3954} INFO - Setting next_dagrun for tmdb_raw_pipeline to 2026-03-23 00:00:00+00:00, run_after=2026-03-24 00:00:00+00:00
[2026-03-23T14:47:03.646+0000] {processor.py:183} INFO - Processing /opt/airflow/dags/tmdb_daily_dag.py took 0.034 seconds
[2026-03-23T14:47:34.098+0000] {processor.py:161} INFO - Started process (PID=22897) to work on /opt/airflow/dags/tmdb_daily_dag.py
[2026-03-23T14:47:34.099+0000] {processor.py:830} INFO - Processing file /opt/airflow/dags/tmdb_daily_dag.py for tasks to queue
[2026-03-23T14:47:34.100+0000] {logging_mixin.py:188} INFO - [2026-03-23T14:47:34.100+0000] {dagbag.py:545} INFO - Filling up the DagBag from /opt/airflow/dags/tmdb_daily_dag.py
[2026-03-23T14:47:34.106+0000] {processor.py:840} INFO - DAG(s) 'tmdb_raw_pipeline' retrieved from /opt/airflow/dags/tmdb_daily_dag.py
[2026-03-23T14:47:34.116+0000] {logging_mixin.py:188} INFO - [2026-03-23T14:47:34.116+0000] {dag.py:3096} INFO - Sync 1 DAGs
[2026-03-23T14:47:34.124+0000] {logging_mixin.py:188} INFO - [2026-03-23T14:47:34.124+0000] {dag.py:3954} INFO - Setting next_dagrun for tmdb_raw_pipeline to 2026-03-23 00:00:00+00:00, run_after=2026-03-24 00:00:00+00:00
[2026-03-23T14:47:34.130+0000] {processor.py:183} INFO - Processing /opt/airflow/dags/tmdb_daily_dag.py took 0.034 seconds
[2026-03-23T14:48:04.558+0000] {processor.py:161} INFO - Started process (PID=22915) to work on /opt/airflow/dags/tmdb_daily_dag.py
[2026-03-23T14:48:04.560+0000] {processor.py:830} INFO - Processing file /opt/airflow/dags/tmdb_daily_dag.py for tasks to queue
[2026-03-23T14:48:04.560+0000] {logging_mixin.py:188} INFO - [2026-03-23T14:48:04.560+0000] {dagbag.py:545} INFO - Filling up the DagBag from /opt/airflow/dags/tmdb_daily_dag.py
[2026-03-23T14:48:04.566+0000] {processor.py:840} INFO - DAG(s) 'tmdb_raw_pipeline' retrieved from /opt/airflow/dags/tmdb_daily_dag.py
[2026-03-23T14:48:04.582+0000] {logging_mixin.py:188} INFO - [2026-03-23T14:48:04.582+0000] {dag.py:3096} INFO - Sync 1 DAGs
[2026-03-23T14:48:04.592+0000] {logging_mixin.py:188} INFO - [2026-03-23T14:48:04.592+0000] {dag.py:3954} INFO - Setting next_dagrun for tmdb_raw_pipeline to 2026-03-23 00:00:00+00:00, run_after=2026-03-24 00:00:00+00:00
[2026-03-23T14:48:04.601+0000] {processor.py:183} INFO - Processing /opt/airflow/dags/tmdb_daily_dag.py took 0.046 seconds
[2026-03-23T14:48:35.020+0000] {processor.py:161} INFO - Started process (PID=22937) to work on /opt/airflow/dags/tmdb_daily_dag.py
[2026-03-23T14:48:35.021+0000] {processor.py:830} INFO - Processing file /opt/airflow/dags/tmdb_daily_dag.py for tasks to queue
[2026-03-23T14:48:35.022+0000] {logging_mixin.py:188} INFO - [2026-03-23T14:48:35.022+0000] {dagbag.py:545} INFO - Filling up the DagBag from /opt/airflow/dags/tmdb_daily_dag.py
[2026-03-23T14:48:35.027+0000] {processor.py:840} INFO - DAG(s) 'tmdb_raw_pipeline' retrieved from /opt/airflow/dags/tmdb_daily_dag.py
[2026-03-23T14:48:35.036+0000] {logging_mixin.py:188} INFO - [2026-03-23T14:48:35.036+0000] {dag.py:3096} INFO - Sync 1 DAGs
[2026-03-23T14:48:35.044+0000] {logging_mixin.py:188} INFO - [2026-03-23T14:48:35.044+0000] {dag.py:3954} INFO - Setting next_dagrun for tmdb_raw_pipeline to 2026-03-23 00:00:00+00:00, run_after=2026-03-24 00:00:00+00:00
[2026-03-23T14:48:35.050+0000] {processor.py:183} INFO - Processing /opt/airflow/dags/tmdb_daily_dag.py took 0.031 seconds
[2026-03-23T14:49:05.438+0000] {processor.py:161} INFO - Started process (PID=22957) to work on /opt/airflow/dags/tmdb_daily_dag.py
[2026-03-23T14:49:05.441+0000] {processor.py:830} INFO - Processing file /opt/airflow/dags/tmdb_daily_dag.py for tasks to queue
[2026-03-23T14:49:05.441+0000] {logging_mixin.py:188} INFO - [2026-03-23T14:49:05.441+0000] {dagbag.py:545} INFO - Filling up the DagBag from /opt/airflow/dags/tmdb_daily_dag.py
[2026-03-23T14:49:05.451+0000] {processor.py:840} INFO - DAG(s) 'tmdb_raw_pipeline' retrieved from /opt/airflow/dags/tmdb_daily_dag.py
[2026-03-23T14:49:05.466+0000] {logging_mixin.py:188} INFO - [2026-03-23T14:49:05.465+0000] {dag.py:3096} INFO - Sync 1 DAGs
[2026-03-23T14:49:05.481+0000] {logging_mixin.py:188} INFO - [2026-03-23T14:49:05.481+0000] {dag.py:3954} INFO - Setting next_dagrun for tmdb_raw_pipeline to 2026-03-23 00:00:00+00:00, run_after=2026-03-24 00:00:00+00:00
[2026-03-23T14:49:05.494+0000] {processor.py:183} INFO - Processing /opt/airflow/dags/tmdb_daily_dag.py took 0.059 seconds
[2026-03-23T14:49:35.954+0000] {processor.py:161} INFO - Started process (PID=22977) to work on /opt/airflow/dags/tmdb_daily_dag.py
[2026-03-23T14:49:35.956+0000] {processor.py:830} INFO - Processing file /opt/airflow/dags/tmdb_daily_dag.py for tasks to queue
[2026-03-23T14:49:35.956+0000] {logging_mixin.py:188} INFO - [2026-03-23T14:49:35.956+0000] {dagbag.py:545} INFO - Filling up the DagBag from /opt/airflow/dags/tmdb_daily_dag.py
[2026-03-23T14:49:35.961+0000] {processor.py:840} INFO - DAG(s) 'tmdb_raw_pipeline' retrieved from /opt/airflow/dags/tmdb_daily_dag.py
[2026-03-23T14:49:35.971+0000] {logging_mixin.py:188} INFO - [2026-03-23T14:49:35.970+0000] {dag.py:3096} INFO - Sync 1 DAGs
[2026-03-23T14:49:35.979+0000] {logging_mixin.py:188} INFO - [2026-03-23T14:49:35.979+0000] {dag.py:3954} INFO - Setting next_dagrun for tmdb_raw_pipeline to 2026-03-23 00:00:00+00:00, run_after=2026-03-24 00:00:00+00:00
[2026-03-23T14:49:35.985+0000] {processor.py:183} INFO - Processing /opt/airflow/dags/tmdb_daily_dag.py took 0.034 seconds
[2026-03-23T14:50:06.465+0000] {processor.py:161} INFO - Started process (PID=22997) to work on /opt/airflow/dags/tmdb_daily_dag.py
[2026-03-23T14:50:06.467+0000] {processor.py:830} INFO - Processing file /opt/airflow/dags/tmdb_daily_dag.py for tasks to queue
[2026-03-23T14:50:06.468+0000] {logging_mixin.py:188} INFO - [2026-03-23T14:50:06.467+0000] {dagbag.py:545} INFO - Filling up the DagBag from /opt/airflow/dags/tmdb_daily_dag.py
[2026-03-23T14:50:06.474+0000] {processor.py:840} INFO - DAG(s) 'tmdb_raw_pipeline' retrieved from /opt/airflow/dags/tmdb_daily_dag.py
[2026-03-23T14:50:06.484+0000] {logging_mixin.py:188} INFO - [2026-03-23T14:50:06.484+0000] {dag.py:3096} INFO - Sync 1 DAGs
[2026-03-23T14:50:06.492+0000] {logging_mixin.py:188} INFO - [2026-03-23T14:50:06.492+0000] {dag.py:3954} INFO - Setting next_dagrun for tmdb_raw_pipeline to 2026-03-23 00:00:00+00:00, run_after=2026-03-24 00:00:00+00:00
[2026-03-23T14:50:06.498+0000] {processor.py:183} INFO - Processing /opt/airflow/dags/tmdb_daily_dag.py took 0.035 seconds
[2026-03-23T14:50:36.983+0000] {processor.py:161} INFO - Started process (PID=23017) to work on /opt/airflow/dags/tmdb_daily_dag.py
[2026-03-23T14:50:36.985+0000] {processor.py:830} INFO - Processing file /opt/airflow/dags/tmdb_daily_dag.py for tasks to queue
[2026-03-23T14:50:36.985+0000] {logging_mixin.py:188} INFO - [2026-03-23T14:50:36.985+0000] {dagbag.py:545} INFO - Filling up the DagBag from /opt/airflow/dags/tmdb_daily_dag.py
[2026-03-23T14:50:36.991+0000] {processor.py:840} INFO - DAG(s) 'tmdb_raw_pipeline' retrieved from /opt/airflow/dags/tmdb_daily_dag.py
[2026-03-23T14:50:37.001+0000] {logging_mixin.py:188} INFO - [2026-03-23T14:50:37.001+0000] {dag.py:3096} INFO - Sync 1 DAGs
[2026-03-23T14:50:37.011+0000] {logging_mixin.py:188} INFO - [2026-03-23T14:50:37.011+0000] {dag.py:3954} INFO - Setting next_dagrun for tmdb_raw_pipeline to 2026-03-23 00:00:00+00:00, run_after=2026-03-24 00:00:00+00:00
[2026-03-23T14:50:37.017+0000] {processor.py:183} INFO - Processing /opt/airflow/dags/tmdb_daily_dag.py took 0.039 seconds
[2026-03-23T14:51:07.418+0000] {processor.py:161} INFO - Started process (PID=23037) to work on /opt/airflow/dags/tmdb_daily_dag.py
[2026-03-23T14:51:07.420+0000] {processor.py:830} INFO - Processing file /opt/airflow/dags/tmdb_daily_dag.py for tasks to queue
[2026-03-23T14:51:07.421+0000] {logging_mixin.py:188} INFO - [2026-03-23T14:51:07.420+0000] {dagbag.py:545} INFO - Filling up the DagBag from /opt/airflow/dags/tmdb_daily_dag.py
[2026-03-23T14:51:07.428+0000] {processor.py:840} INFO - DAG(s) 'tmdb_raw_pipeline' retrieved from /opt/airflow/dags/tmdb_daily_dag.py
[2026-03-23T14:51:07.453+0000] {logging_mixin.py:188} INFO - [2026-03-23T14:51:07.453+0000] {dag.py:3096} INFO - Sync 1 DAGs
[2026-03-23T14:51:07.467+0000] {logging_mixin.py:188} INFO - [2026-03-23T14:51:07.467+0000] {dag.py:3954} INFO - Setting next_dagrun for tmdb_raw_pipeline to 2026-03-23 00:00:00+00:00, run_after=2026-03-24 00:00:00+00:00
[2026-03-23T14:51:07.479+0000] {processor.py:183} INFO - Processing /opt/airflow/dags/tmdb_daily_dag.py took 0.064 seconds
[2026-03-23T14:51:37.987+0000] {processor.py:161} INFO - Started process (PID=23057) to work on /opt/airflow/dags/tmdb_daily_dag.py
[2026-03-23T14:51:37.989+0000] {processor.py:830} INFO - Processing file /opt/airflow/dags/tmdb_daily_dag.py for tasks to queue
[2026-03-23T14:51:37.989+0000] {logging_mixin.py:188} INFO - [2026-03-23T14:51:37.989+0000] {dagbag.py:545} INFO - Filling up the DagBag from /opt/airflow/dags/tmdb_daily_dag.py
[2026-03-23T14:51:37.996+0000] {processor.py:840} INFO - DAG(s) 'tmdb_raw_pipeline' retrieved from /opt/airflow/dags/tmdb_daily_dag.py
[2026-03-23T14:51:38.007+0000] {logging_mixin.py:188} INFO - [2026-03-23T14:51:38.007+0000] {dag.py:3096} INFO - Sync 1 DAGs
[2026-03-23T14:51:38.016+0000] {logging_mixin.py:188} INFO - [2026-03-23T14:51:38.016+0000] {dag.py:3954} INFO - Setting next_dagrun for tmdb_raw_pipeline to 2026-03-23 00:00:00+00:00, run_after=2026-03-24 00:00:00+00:00
[2026-03-23T14:51:38.022+0000] {processor.py:183} INFO - Processing /opt/airflow/dags/tmdb_daily_dag.py took 0.038 seconds
[2026-03-23T14:52:08.548+0000] {processor.py:161} INFO - Started process (PID=23077) to work on /opt/airflow/dags/tmdb_daily_dag.py
[2026-03-23T14:52:08.549+0000] {processor.py:830} INFO - Processing file /opt/airflow/dags/tmdb_daily_dag.py for tasks to queue
[2026-03-23T14:52:08.550+0000] {logging_mixin.py:188} INFO - [2026-03-23T14:52:08.549+0000] {dagbag.py:545} INFO - Filling up the DagBag from /opt/airflow/dags/tmdb_daily_dag.py
[2026-03-23T14:52:08.562+0000] {processor.py:840} INFO - DAG(s) 'tmdb_raw_pipeline' retrieved from /opt/airflow/dags/tmdb_daily_dag.py
[2026-03-23T14:52:08.573+0000] {logging_mixin.py:188} INFO - [2026-03-23T14:52:08.573+0000] {dag.py:3096} INFO - Sync 1 DAGs
[2026-03-23T14:52:08.582+0000] {logging_mixin.py:188} INFO - [2026-03-23T14:52:08.582+0000] {dag.py:3954} INFO - Setting next_dagrun for tmdb_raw_pipeline to 2026-03-23 00:00:00+00:00, run_after=2026-03-24 00:00:00+00:00
[2026-03-23T14:52:08.589+0000] {processor.py:183} INFO - Processing /opt/airflow/dags/tmdb_daily_dag.py took 0.044 seconds
[2026-03-23T14:52:39.098+0000] {processor.py:161} INFO - Started process (PID=23097) to work on /opt/airflow/dags/tmdb_daily_dag.py
[2026-03-23T14:52:39.100+0000] {processor.py:830} INFO - Processing file /opt/airflow/dags/tmdb_daily_dag.py for tasks to queue
[2026-03-23T14:52:39.100+0000] {logging_mixin.py:188} INFO - [2026-03-23T14:52:39.100+0000] {dagbag.py:545} INFO - Filling up the DagBag from /opt/airflow/dags/tmdb_daily_dag.py
[2026-03-23T14:52:39.106+0000] {processor.py:840} INFO - DAG(s) 'tmdb_raw_pipeline' retrieved from /opt/airflow/dags/tmdb_daily_dag.py
[2026-03-23T14:52:39.115+0000] {logging_mixin.py:188} INFO - [2026-03-23T14:52:39.115+0000] {dag.py:3096} INFO - Sync 1 DAGs
[2026-03-23T14:52:39.123+0000] {logging_mixin.py:188} INFO - [2026-03-23T14:52:39.123+0000] {dag.py:3954} INFO - Setting next_dagrun for tmdb_raw_pipeline to 2026-03-23 00:00:00+00:00, run_after=2026-03-24 00:00:00+00:00
[2026-03-23T14:52:39.129+0000] {processor.py:183} INFO - Processing /opt/airflow/dags/tmdb_daily_dag.py took 0.033 seconds
[2026-03-23T14:53:09.581+0000] {processor.py:161} INFO - Started process (PID=23117) to work on /opt/airflow/dags/tmdb_daily_dag.py
[2026-03-23T14:53:09.583+0000] {processor.py:830} INFO - Processing file /opt/airflow/dags/tmdb_daily_dag.py for tasks to queue
[2026-03-23T14:53:09.583+0000] {logging_mixin.py:188} INFO - [2026-03-23T14:53:09.583+0000] {dagbag.py:545} INFO - Filling up the DagBag from /opt/airflow/dags/tmdb_daily_dag.py
[2026-03-23T14:53:09.588+0000] {processor.py:840} INFO - DAG(s) 'tmdb_raw_pipeline' retrieved from /opt/airflow/dags/tmdb_daily_dag.py
[2026-03-23T14:53:09.598+0000] {logging_mixin.py:188} INFO - [2026-03-23T14:53:09.597+0000] {dag.py:3096} INFO - Sync 1 DAGs
[2026-03-23T14:53:09.606+0000] {logging_mixin.py:188} INFO - [2026-03-23T14:53:09.605+0000] {dag.py:3954} INFO - Setting next_dagrun for tmdb_raw_pipeline to 2026-03-23 00:00:00+00:00, run_after=2026-03-24 00:00:00+00:00
[2026-03-23T14:53:09.611+0000] {processor.py:183} INFO - Processing /opt/airflow/dags/tmdb_daily_dag.py took 0.032 seconds
[2026-03-23T14:53:40.232+0000] {processor.py:161} INFO - Started process (PID=23137) to work on /opt/airflow/dags/tmdb_daily_dag.py
[2026-03-23T14:53:40.234+0000] {processor.py:830} INFO - Processing file /opt/airflow/dags/tmdb_daily_dag.py for tasks to queue
[2026-03-23T14:53:40.234+0000] {logging_mixin.py:188} INFO - [2026-03-23T14:53:40.234+0000] {dagbag.py:545} INFO - Filling up the DagBag from /opt/airflow/dags/tmdb_daily_dag.py
[2026-03-23T14:53:40.241+0000] {processor.py:840} INFO - DAG(s) 'tmdb_raw_pipeline' retrieved from /opt/airflow/dags/tmdb_daily_dag.py
[2026-03-23T14:53:40.253+0000] {logging_mixin.py:188} INFO - [2026-03-23T14:53:40.253+0000] {dag.py:3096} INFO - Sync 1 DAGs
[2026-03-23T14:53:40.264+0000] {logging_mixin.py:188} INFO - [2026-03-23T14:53:40.263+0000] {dag.py:3954} INFO - Setting next_dagrun for tmdb_raw_pipeline to 2026-03-23 00:00:00+00:00, run_after=2026-03-24 00:00:00+00:00
[2026-03-23T14:53:40.271+0000] {processor.py:183} INFO - Processing /opt/airflow/dags/tmdb_daily_dag.py took 0.042 seconds
[2026-03-23T14:54:10.715+0000] {processor.py:161} INFO - Started process (PID=23157) to work on /opt/airflow/dags/tmdb_daily_dag.py
[2026-03-23T14:54:10.716+0000] {processor.py:830} INFO - Processing file /opt/airflow/dags/tmdb_daily_dag.py for tasks to queue
[2026-03-23T14:54:10.716+0000] {logging_mixin.py:188} INFO - [2026-03-23T14:54:10.716+0000] {dagbag.py:545} INFO - Filling up the DagBag from /opt/airflow/dags/tmdb_daily_dag.py
[2026-03-23T14:54:10.722+0000] {processor.py:840} INFO - DAG(s) 'tmdb_raw_pipeline' retrieved from /opt/airflow/dags/tmdb_daily_dag.py
[2026-03-23T14:54:10.732+0000] {logging_mixin.py:188} INFO - [2026-03-23T14:54:10.732+0000] {dag.py:3096} INFO - Sync 1 DAGs
[2026-03-23T14:54:10.740+0000] {logging_mixin.py:188} INFO - [2026-03-23T14:54:10.740+0000] {dag.py:3954} INFO - Setting next_dagrun for tmdb_raw_pipeline to 2026-03-23 00:00:00+00:00, run_after=2026-03-24 00:00:00+00:00
[2026-03-23T14:54:10.746+0000] {processor.py:183} INFO - Processing /opt/airflow/dags/tmdb_daily_dag.py took 0.034 seconds
[2026-03-23T14:54:41.350+0000] {processor.py:161} INFO - Started process (PID=23177) to work on /opt/airflow/dags/tmdb_daily_dag.py
[2026-03-23T14:54:41.352+0000] {processor.py:830} INFO - Processing file /opt/airflow/dags/tmdb_daily_dag.py for tasks to queue
[2026-03-23T14:54:41.352+0000] {logging_mixin.py:188} INFO - [2026-03-23T14:54:41.352+0000] {dagbag.py:545} INFO - Filling up the DagBag from /opt/airflow/dags/tmdb_daily_dag.py
[2026-03-23T14:54:41.359+0000] {processor.py:840} INFO - DAG(s) 'tmdb_raw_pipeline' retrieved from /opt/airflow/dags/tmdb_daily_dag.py
[2026-03-23T14:54:41.371+0000] {logging_mixin.py:188} INFO - [2026-03-23T14:54:41.371+0000] {dag.py:3096} INFO - Sync 1 DAGs
[2026-03-23T14:54:41.380+0000] {logging_mixin.py:188} INFO - [2026-03-23T14:54:41.380+0000] {dag.py:3954} INFO - Setting next_dagrun for tmdb_raw_pipeline to 2026-03-23 00:00:00+00:00, run_after=2026-03-24 00:00:00+00:00
[2026-03-23T14:54:41.386+0000] {processor.py:183} INFO - Processing /opt/airflow/dags/tmdb_daily_dag.py took 0.040 seconds
[2026-03-23T14:55:11.894+0000] {processor.py:161} INFO - Started process (PID=23197) to work on /opt/airflow/dags/tmdb_daily_dag.py
[2026-03-23T14:55:11.895+0000] {processor.py:830} INFO - Processing file /opt/airflow/dags/tmdb_daily_dag.py for tasks to queue
[2026-03-23T14:55:11.896+0000] {logging_mixin.py:188} INFO - [2026-03-23T14:55:11.896+0000] {dagbag.py:545} INFO - Filling up the DagBag from /opt/airflow/dags/tmdb_daily_dag.py
[2026-03-23T14:55:11.901+0000] {processor.py:840} INFO - DAG(s) 'tmdb_raw_pipeline' retrieved from /opt/airflow/dags/tmdb_daily_dag.py
[2026-03-23T14:55:11.911+0000] {logging_mixin.py:188} INFO - [2026-03-23T14:55:11.911+0000] {dag.py:3096} INFO - Sync 1 DAGs
[2026-03-23T14:55:11.919+0000] {logging_mixin.py:188} INFO - [2026-03-23T14:55:11.919+0000] {dag.py:3954} INFO - Setting next_dagrun for tmdb_raw_pipeline to 2026-03-23 00:00:00+00:00, run_after=2026-03-24 00:00:00+00:00
[2026-03-23T14:55:11.925+0000] {processor.py:183} INFO - Processing /opt/airflow/dags/tmdb_daily_dag.py took 0.033 seconds
[2026-03-23T14:55:42.470+0000] {processor.py:161} INFO - Started process (PID=23217) to work on /opt/airflow/dags/tmdb_daily_dag.py
[2026-03-23T14:55:42.471+0000] {processor.py:830} INFO - Processing file /opt/airflow/dags/tmdb_daily_dag.py for tasks to queue
[2026-03-23T14:55:42.472+0000] {logging_mixin.py:188} INFO - [2026-03-23T14:55:42.471+0000] {dagbag.py:545} INFO - Filling up the DagBag from /opt/airflow/dags/tmdb_daily_dag.py
[2026-03-23T14:55:42.478+0000] {processor.py:840} INFO - DAG(s) 'tmdb_raw_pipeline' retrieved from /opt/airflow/dags/tmdb_daily_dag.py
[2026-03-23T14:55:42.487+0000] {logging_mixin.py:188} INFO - [2026-03-23T14:55:42.487+0000] {dag.py:3096} INFO - Sync 1 DAGs
[2026-03-23T14:55:42.496+0000] {logging_mixin.py:188} INFO - [2026-03-23T14:55:42.496+0000] {dag.py:3954} INFO - Setting next_dagrun for tmdb_raw_pipeline to 2026-03-23 00:00:00+00:00, run_after=2026-03-24 00:00:00+00:00
[2026-03-23T14:55:42.502+0000] {processor.py:183} INFO - Processing /opt/airflow/dags/tmdb_daily_dag.py took 0.034 seconds
[2026-03-23T14:56:12.953+0000] {processor.py:161} INFO - Started process (PID=23237) to work on /opt/airflow/dags/tmdb_daily_dag.py
[2026-03-23T14:56:12.954+0000] {processor.py:830} INFO - Processing file /opt/airflow/dags/tmdb_daily_dag.py for tasks to queue
[2026-03-23T14:56:12.954+0000] {logging_mixin.py:188} INFO - [2026-03-23T14:56:12.954+0000] {dagbag.py:545} INFO - Filling up the DagBag from /opt/airflow/dags/tmdb_daily_dag.py
[2026-03-23T14:56:12.960+0000] {processor.py:840} INFO - DAG(s) 'tmdb_raw_pipeline' retrieved from /opt/airflow/dags/tmdb_daily_dag.py
[2026-03-23T14:56:12.970+0000] {logging_mixin.py:188} INFO - [2026-03-23T14:56:12.970+0000] {dag.py:3096} INFO - Sync 1 DAGs
[2026-03-23T14:56:12.978+0000] {logging_mixin.py:188} INFO - [2026-03-23T14:56:12.978+0000] {dag.py:3954} INFO - Setting next_dagrun for tmdb_raw_pipeline to 2026-03-23 00:00:00+00:00, run_after=2026-03-24 00:00:00+00:00
[2026-03-23T14:56:12.983+0000] {processor.py:183} INFO - Processing /opt/airflow/dags/tmdb_daily_dag.py took 0.033 seconds
[2026-03-23T14:56:43.474+0000] {processor.py:161} INFO - Started process (PID=23257) to work on /opt/airflow/dags/tmdb_daily_dag.py
[2026-03-23T14:56:43.476+0000] {processor.py:830} INFO - Processing file /opt/airflow/dags/tmdb_daily_dag.py for tasks to queue
[2026-03-23T14:56:43.476+0000] {logging_mixin.py:188} INFO - [2026-03-23T14:56:43.476+0000] {dagbag.py:545} INFO - Filling up the DagBag from /opt/airflow/dags/tmdb_daily_dag.py
[2026-03-23T14:56:43.486+0000] {processor.py:840} INFO - DAG(s) 'tmdb_raw_pipeline' retrieved from /opt/airflow/dags/tmdb_daily_dag.py
[2026-03-23T14:56:43.496+0000] {logging_mixin.py:188} INFO - [2026-03-23T14:56:43.496+0000] {dag.py:3096} INFO - Sync 1 DAGs
[2026-03-23T14:56:43.505+0000] {logging_mixin.py:188} INFO - [2026-03-23T14:56:43.504+0000] {dag.py:3954} INFO - Setting next_dagrun for tmdb_raw_pipeline to 2026-03-23 00:00:00+00:00, run_after=2026-03-24 00:00:00+00:00
[2026-03-23T14:56:43.511+0000] {processor.py:183} INFO - Processing /opt/airflow/dags/tmdb_daily_dag.py took 0.040 seconds
[2026-03-23T14:57:14.059+0000] {processor.py:161} INFO - Started process (PID=23277) to work on /opt/airflow/dags/tmdb_daily_dag.py
[2026-03-23T14:57:14.060+0000] {processor.py:830} INFO - Processing file /opt/airflow/dags/tmdb_daily_dag.py for tasks to queue
[2026-03-23T14:57:14.061+0000] {logging_mixin.py:188} INFO - [2026-03-23T14:57:14.061+0000] {dagbag.py:545} INFO - Filling up the DagBag from /opt/airflow/dags/tmdb_daily_dag.py
[2026-03-23T14:57:14.070+0000] {processor.py:840} INFO - DAG(s) 'tmdb_raw_pipeline' retrieved from /opt/airflow/dags/tmdb_daily_dag.py
[2026-03-23T14:57:14.092+0000] {logging_mixin.py:188} INFO - [2026-03-23T14:57:14.092+0000] {dag.py:3096} INFO - Sync 1 DAGs
[2026-03-23T14:57:14.106+0000] {logging_mixin.py:188} INFO - [2026-03-23T14:57:14.106+0000] {dag.py:3954} INFO - Setting next_dagrun for tmdb_raw_pipeline to 2026-03-23 00:00:00+00:00, run_after=2026-03-24 00:00:00+00:00
[2026-03-23T14:57:14.112+0000] {processor.py:183} INFO - Processing /opt/airflow/dags/tmdb_daily_dag.py took 0.057 seconds
[2026-03-23T14:57:44.577+0000] {processor.py:161} INFO - Started process (PID=23297) to work on /opt/airflow/dags/tmdb_daily_dag.py
[2026-03-23T14:57:44.578+0000] {processor.py:830} INFO - Processing file /opt/airflow/dags/tmdb_daily_dag.py for tasks to queue
[2026-03-23T14:57:44.578+0000] {logging_mixin.py:188} INFO - [2026-03-23T14:57:44.578+0000] {dagbag.py:545} INFO - Filling up the DagBag from /opt/airflow/dags/tmdb_daily_dag.py
[2026-03-23T14:57:44.584+0000] {processor.py:840} INFO - DAG(s) 'tmdb_raw_pipeline' retrieved from /opt/airflow/dags/tmdb_daily_dag.py
[2026-03-23T14:57:44.594+0000] {logging_mixin.py:188} INFO - [2026-03-23T14:57:44.593+0000] {dag.py:3096} INFO - Sync 1 DAGs
[2026-03-23T14:57:44.603+0000] {logging_mixin.py:188} INFO - [2026-03-23T14:57:44.603+0000] {dag.py:3954} INFO - Setting next_dagrun for tmdb_raw_pipeline to 2026-03-23 00:00:00+00:00, run_after=2026-03-24 00:00:00+00:00
[2026-03-23T14:57:44.609+0000] {processor.py:183} INFO - Processing /opt/airflow/dags/tmdb_daily_dag.py took 0.035 seconds
[2026-03-23T14:58:15.122+0000] {processor.py:161} INFO - Started process (PID=23317) to work on /opt/airflow/dags/tmdb_daily_dag.py
[2026-03-23T14:58:15.123+0000] {processor.py:830} INFO - Processing file /opt/airflow/dags/tmdb_daily_dag.py for tasks to queue
[2026-03-23T14:58:15.123+0000] {logging_mixin.py:188} INFO - [2026-03-23T14:58:15.123+0000] {dagbag.py:545} INFO - Filling up the DagBag from /opt/airflow/dags/tmdb_daily_dag.py
[2026-03-23T14:58:15.130+0000] {processor.py:840} INFO - DAG(s) 'tmdb_raw_pipeline' retrieved from /opt/airflow/dags/tmdb_daily_dag.py
[2026-03-23T14:58:15.140+0000] {logging_mixin.py:188} INFO - [2026-03-23T14:58:15.139+0000] {dag.py:3096} INFO - Sync 1 DAGs
[2026-03-23T14:58:15.151+0000] {logging_mixin.py:188} INFO - [2026-03-23T14:58:15.150+0000] {dag.py:3954} INFO - Setting next_dagrun for tmdb_raw_pipeline to 2026-03-23 00:00:00+00:00, run_after=2026-03-24 00:00:00+00:00
[2026-03-23T14:58:15.159+0000] {processor.py:183} INFO - Processing /opt/airflow/dags/tmdb_daily_dag.py took 0.045 seconds
[2026-03-23T14:58:45.617+0000] {processor.py:161} INFO - Started process (PID=23337) to work on /opt/airflow/dags/tmdb_daily_dag.py
[2026-03-23T14:58:45.619+0000] {processor.py:830} INFO - Processing file /opt/airflow/dags/tmdb_daily_dag.py for tasks to queue
[2026-03-23T14:58:45.619+0000] {logging_mixin.py:188} INFO - [2026-03-23T14:58:45.619+0000] {dagbag.py:545} INFO - Filling up the DagBag from /opt/airflow/dags/tmdb_daily_dag.py
[2026-03-23T14:58:45.626+0000] {processor.py:840} INFO - DAG(s) 'tmdb_raw_pipeline' retrieved from /opt/airflow/dags/tmdb_daily_dag.py
[2026-03-23T14:58:45.636+0000] {logging_mixin.py:188} INFO - [2026-03-23T14:58:45.636+0000] {dag.py:3096} INFO - Sync 1 DAGs
[2026-03-23T14:58:45.645+0000] {logging_mixin.py:188} INFO - [2026-03-23T14:58:45.645+0000] {dag.py:3954} INFO - Setting next_dagrun for tmdb_raw_pipeline to 2026-03-23 00:00:00+00:00, run_after=2026-03-24 00:00:00+00:00
[2026-03-23T14:58:45.651+0000] {processor.py:183} INFO - Processing /opt/airflow/dags/tmdb_daily_dag.py took 0.037 seconds
[2026-03-23T14:59:16.155+0000] {processor.py:161} INFO - Started process (PID=23357) to work on /opt/airflow/dags/tmdb_daily_dag.py
[2026-03-23T14:59:16.158+0000] {processor.py:830} INFO - Processing file /opt/airflow/dags/tmdb_daily_dag.py for tasks to queue
[2026-03-23T14:59:16.158+0000] {logging_mixin.py:188} INFO - [2026-03-23T14:59:16.158+0000] {dagbag.py:545} INFO - Filling up the DagBag from /opt/airflow/dags/tmdb_daily_dag.py
[2026-03-23T14:59:16.164+0000] {processor.py:840} INFO - DAG(s) 'tmdb_raw_pipeline' retrieved from /opt/airflow/dags/tmdb_daily_dag.py
[2026-03-23T14:59:16.173+0000] {logging_mixin.py:188} INFO - [2026-03-23T14:59:16.173+0000] {dag.py:3096} INFO - Sync 1 DAGs
[2026-03-23T14:59:16.182+0000] {logging_mixin.py:188} INFO - [2026-03-23T14:59:16.181+0000] {dag.py:3954} INFO - Setting next_dagrun for tmdb_raw_pipeline to 2026-03-23 00:00:00+00:00, run_after=2026-03-24 00:00:00+00:00
[2026-03-23T14:59:16.187+0000] {processor.py:183} INFO - Processing /opt/airflow/dags/tmdb_daily_dag.py took 0.036 seconds
[2026-03-23T14:59:46.617+0000] {processor.py:161} INFO - Started process (PID=23375) to work on /opt/airflow/dags/tmdb_daily_dag.py
[2026-03-23T14:59:46.618+0000] {processor.py:830} INFO - Processing file /opt/airflow/dags/tmdb_daily_dag.py for tasks to queue
[2026-03-23T14:59:46.618+0000] {logging_mixin.py:188} INFO - [2026-03-23T14:59:46.618+0000] {dagbag.py:545} INFO - Filling up the DagBag from /opt/airflow/dags/tmdb_daily_dag.py
[2026-03-23T14:59:46.625+0000] {processor.py:840} INFO - DAG(s) 'tmdb_raw_pipeline' retrieved from /opt/airflow/dags/tmdb_daily_dag.py
[2026-03-23T14:59:46.640+0000] {logging_mixin.py:188} INFO - [2026-03-23T14:59:46.639+0000] {dag.py:3096} INFO - Sync 1 DAGs
[2026-03-23T14:59:46.654+0000] {logging_mixin.py:188} INFO - [2026-03-23T14:59:46.654+0000] {dag.py:3954} INFO - Setting next_dagrun for tmdb_raw_pipeline to 2026-03-23 00:00:00+00:00, run_after=2026-03-24 00:00:00+00:00
[2026-03-23T14:59:46.669+0000] {processor.py:183} INFO - Processing /opt/airflow/dags/tmdb_daily_dag.py took 0.059 seconds
[2026-03-23T15:00:17.280+0000] {processor.py:161} INFO - Started process (PID=23397) to work on /opt/airflow/dags/tmdb_daily_dag.py
[2026-03-23T15:00:17.281+0000] {processor.py:830} INFO - Processing file /opt/airflow/dags/tmdb_daily_dag.py for tasks to queue
[2026-03-23T15:00:17.281+0000] {logging_mixin.py:188} INFO - [2026-03-23T15:00:17.281+0000] {dagbag.py:545} INFO - Filling up the DagBag from /opt/airflow/dags/tmdb_daily_dag.py
[2026-03-23T15:00:17.289+0000] {processor.py:840} INFO - DAG(s) 'tmdb_raw_pipeline' retrieved from /opt/airflow/dags/tmdb_daily_dag.py
[2026-03-23T15:00:17.301+0000] {logging_mixin.py:188} INFO - [2026-03-23T15:00:17.301+0000] {dag.py:3096} INFO - Sync 1 DAGs
[2026-03-23T15:00:17.312+0000] {logging_mixin.py:188} INFO - [2026-03-23T15:00:17.312+0000] {dag.py:3954} INFO - Setting next_dagrun for tmdb_raw_pipeline to 2026-03-23 00:00:00+00:00, run_after=2026-03-24 00:00:00+00:00
[2026-03-23T15:00:17.319+0000] {processor.py:183} INFO - Processing /opt/airflow/dags/tmdb_daily_dag.py took 0.043 seconds
[2026-03-23T15:00:47.644+0000] {processor.py:161} INFO - Started process (PID=23417) to work on /opt/airflow/dags/tmdb_daily_dag.py
[2026-03-23T15:00:47.646+0000] {processor.py:830} INFO - Processing file /opt/airflow/dags/tmdb_daily_dag.py for tasks to queue
[2026-03-23T15:00:47.646+0000] {logging_mixin.py:188} INFO - [2026-03-23T15:00:47.646+0000] {dagbag.py:545} INFO - Filling up the DagBag from /opt/airflow/dags/tmdb_daily_dag.py
[2026-03-23T15:00:47.651+0000] {processor.py:840} INFO - DAG(s) 'tmdb_raw_pipeline' retrieved from /opt/airflow/dags/tmdb_daily_dag.py
[2026-03-23T15:00:47.662+0000] {logging_mixin.py:188} INFO - [2026-03-23T15:00:47.661+0000] {dag.py:3096} INFO - Sync 1 DAGs
[2026-03-23T15:00:47.670+0000] {logging_mixin.py:188} INFO - [2026-03-23T15:00:47.670+0000] {dag.py:3954} INFO - Setting next_dagrun for tmdb_raw_pipeline to 2026-03-23 00:00:00+00:00, run_after=2026-03-24 00:00:00+00:00
[2026-03-23T15:00:47.679+0000] {processor.py:183} INFO - Processing /opt/airflow/dags/tmdb_daily_dag.py took 0.037 seconds
[2026-03-23T15:01:18.213+0000] {processor.py:161} INFO - Started process (PID=23437) to work on /opt/airflow/dags/tmdb_daily_dag.py
[2026-03-23T15:01:18.214+0000] {processor.py:830} INFO - Processing file /opt/airflow/dags/tmdb_daily_dag.py for tasks to queue
[2026-03-23T15:01:18.214+0000] {logging_mixin.py:188} INFO - [2026-03-23T15:01:18.214+0000] {dagbag.py:545} INFO - Filling up the DagBag from /opt/airflow/dags/tmdb_daily_dag.py
[2026-03-23T15:01:18.220+0000] {processor.py:840} INFO - DAG(s) 'tmdb_raw_pipeline' retrieved from /opt/airflow/dags/tmdb_daily_dag.py
[2026-03-23T15:01:18.229+0000] {logging_mixin.py:188} INFO - [2026-03-23T15:01:18.229+0000] {dag.py:3096} INFO - Sync 1 DAGs
[2026-03-23T15:01:18.238+0000] {logging_mixin.py:188} INFO - [2026-03-23T15:01:18.237+0000] {dag.py:3954} INFO - Setting next_dagrun for tmdb_raw_pipeline to 2026-03-23 00:00:00+00:00, run_after=2026-03-24 00:00:00+00:00
[2026-03-23T15:01:18.243+0000] {processor.py:183} INFO - Processing /opt/airflow/dags/tmdb_daily_dag.py took 0.033 seconds
[2026-03-23T15:01:48.753+0000] {processor.py:161} INFO - Started process (PID=23457) to work on /opt/airflow/dags/tmdb_daily_dag.py
[2026-03-23T15:01:48.754+0000] {processor.py:830} INFO - Processing file /opt/airflow/dags/tmdb_daily_dag.py for tasks to queue
[2026-03-23T15:01:48.754+0000] {logging_mixin.py:188} INFO - [2026-03-23T15:01:48.754+0000] {dagbag.py:545} INFO - Filling up the DagBag from /opt/airflow/dags/tmdb_daily_dag.py
[2026-03-23T15:01:48.761+0000] {processor.py:840} INFO - DAG(s) 'tmdb_raw_pipeline' retrieved from /opt/airflow/dags/tmdb_daily_dag.py
[2026-03-23T15:01:48.778+0000] {logging_mixin.py:188} INFO - [2026-03-23T15:01:48.777+0000] {dag.py:3096} INFO - Sync 1 DAGs
[2026-03-23T15:01:48.788+0000] {logging_mixin.py:188} INFO - [2026-03-23T15:01:48.788+0000] {dag.py:3954} INFO - Setting next_dagrun for tmdb_raw_pipeline to 2026-03-23 00:00:00+00:00, run_after=2026-03-24 00:00:00+00:00
[2026-03-23T15:01:48.794+0000] {processor.py:183} INFO - Processing /opt/airflow/dags/tmdb_daily_dag.py took 0.044 seconds
[2026-03-23T15:02:19.434+0000] {processor.py:161} INFO - Started process (PID=23477) to work on /opt/airflow/dags/tmdb_daily_dag.py
[2026-03-23T15:02:19.436+0000] {processor.py:830} INFO - Processing file /opt/airflow/dags/tmdb_daily_dag.py for tasks to queue
[2026-03-23T15:02:19.436+0000] {logging_mixin.py:188} INFO - [2026-03-23T15:02:19.436+0000] {dagbag.py:545} INFO - Filling up the DagBag from /opt/airflow/dags/tmdb_daily_dag.py
[2026-03-23T15:02:19.444+0000] {processor.py:840} INFO - DAG(s) 'tmdb_raw_pipeline' retrieved from /opt/airflow/dags/tmdb_daily_dag.py
[2026-03-23T15:02:19.455+0000] {logging_mixin.py:188} INFO - [2026-03-23T15:02:19.455+0000] {dag.py:3096} INFO - Sync 1 DAGs
[2026-03-23T15:02:19.465+0000] {logging_mixin.py:188} INFO - [2026-03-23T15:02:19.465+0000] {dag.py:3954} INFO - Setting next_dagrun for tmdb_raw_pipeline to 2026-03-23 00:00:00+00:00, run_after=2026-03-24 00:00:00+00:00
[2026-03-23T15:02:19.472+0000] {processor.py:183} INFO - Processing /opt/airflow/dags/tmdb_daily_dag.py took 0.040 seconds
[2026-03-23T15:02:49.924+0000] {processor.py:161} INFO - Started process (PID=23497) to work on /opt/airflow/dags/tmdb_daily_dag.py
[2026-03-23T15:02:49.925+0000] {processor.py:830} INFO - Processing file /opt/airflow/dags/tmdb_daily_dag.py for tasks to queue
[2026-03-23T15:02:49.925+0000] {logging_mixin.py:188} INFO - [2026-03-23T15:02:49.925+0000] {dagbag.py:545} INFO - Filling up the DagBag from /opt/airflow/dags/tmdb_daily_dag.py
[2026-03-23T15:02:49.931+0000] {processor.py:840} INFO - DAG(s) 'tmdb_raw_pipeline' retrieved from /opt/airflow/dags/tmdb_daily_dag.py
[2026-03-23T15:02:49.940+0000] {logging_mixin.py:188} INFO - [2026-03-23T15:02:49.940+0000] {dag.py:3096} INFO - Sync 1 DAGs
[2026-03-23T15:02:49.949+0000] {logging_mixin.py:188} INFO - [2026-03-23T15:02:49.949+0000] {dag.py:3954} INFO - Setting next_dagrun for tmdb_raw_pipeline to 2026-03-23 00:00:00+00:00, run_after=2026-03-24 00:00:00+00:00
[2026-03-23T15:02:49.956+0000] {processor.py:183} INFO - Processing /opt/airflow/dags/tmdb_daily_dag.py took 0.035 seconds
[2026-03-23T15:03:20.495+0000] {processor.py:161} INFO - Started process (PID=23517) to work on /opt/airflow/dags/tmdb_daily_dag.py
[2026-03-23T15:03:20.497+0000] {processor.py:830} INFO - Processing file /opt/airflow/dags/tmdb_daily_dag.py for tasks to queue
[2026-03-23T15:03:20.498+0000] {logging_mixin.py:188} INFO - [2026-03-23T15:03:20.497+0000] {dagbag.py:545} INFO - Filling up the DagBag from /opt/airflow/dags/tmdb_daily_dag.py
[2026-03-23T15:03:20.503+0000] {processor.py:840} INFO - DAG(s) 'tmdb_raw_pipeline' retrieved from /opt/airflow/dags/tmdb_daily_dag.py
[2026-03-23T15:03:20.514+0000] {logging_mixin.py:188} INFO - [2026-03-23T15:03:20.514+0000] {dag.py:3096} INFO - Sync 1 DAGs
[2026-03-23T15:03:20.523+0000] {logging_mixin.py:188} INFO - [2026-03-23T15:03:20.523+0000] {dag.py:3954} INFO - Setting next_dagrun for tmdb_raw_pipeline to 2026-03-23 00:00:00+00:00, run_after=2026-03-24 00:00:00+00:00
[2026-03-23T15:03:20.529+0000] {processor.py:183} INFO - Processing /opt/airflow/dags/tmdb_daily_dag.py took 0.037 seconds
[2026-03-23T15:03:50.949+0000] {processor.py:161} INFO - Started process (PID=23537) to work on /opt/airflow/dags/tmdb_daily_dag.py
[2026-03-23T15:03:50.950+0000] {processor.py:830} INFO - Processing file /opt/airflow/dags/tmdb_daily_dag.py for tasks to queue
[2026-03-23T15:03:50.951+0000] {logging_mixin.py:188} INFO - [2026-03-23T15:03:50.951+0000] {dagbag.py:545} INFO - Filling up the DagBag from /opt/airflow/dags/tmdb_daily_dag.py
[2026-03-23T15:03:50.956+0000] {processor.py:840} INFO - DAG(s) 'tmdb_raw_pipeline' retrieved from /opt/airflow/dags/tmdb_daily_dag.py
[2026-03-23T15:03:50.965+0000] {logging_mixin.py:188} INFO - [2026-03-23T15:03:50.965+0000] {dag.py:3096} INFO - Sync 1 DAGs
[2026-03-23T15:03:50.973+0000] {logging_mixin.py:188} INFO - [2026-03-23T15:03:50.973+0000] {dag.py:3954} INFO - Setting next_dagrun for tmdb_raw_pipeline to 2026-03-23 00:00:00+00:00, run_after=2026-03-24 00:00:00+00:00
[2026-03-23T15:03:50.979+0000] {processor.py:183} INFO - Processing /opt/airflow/dags/tmdb_daily_dag.py took 0.032 seconds
[2026-03-23T15:04:21.500+0000] {processor.py:161} INFO - Started process (PID=23557) to work on /opt/airflow/dags/tmdb_daily_dag.py
[2026-03-23T15:04:21.501+0000] {processor.py:830} INFO - Processing file /opt/airflow/dags/tmdb_daily_dag.py for tasks to queue
[2026-03-23T15:04:21.501+0000] {logging_mixin.py:188} INFO - [2026-03-23T15:04:21.501+0000] {dagbag.py:545} INFO - Filling up the DagBag from /opt/airflow/dags/tmdb_daily_dag.py
[2026-03-23T15:04:21.507+0000] {processor.py:840} INFO - DAG(s) 'tmdb_raw_pipeline' retrieved from /opt/airflow/dags/tmdb_daily_dag.py
[2026-03-23T15:04:21.524+0000] {logging_mixin.py:188} INFO - [2026-03-23T15:04:21.523+0000] {dag.py:3096} INFO - Sync 1 DAGs
[2026-03-23T15:04:21.532+0000] {logging_mixin.py:188} INFO - [2026-03-23T15:04:21.532+0000] {dag.py:3954} INFO - Setting next_dagrun for tmdb_raw_pipeline to 2026-03-23 00:00:00+00:00, run_after=2026-03-24 00:00:00+00:00
[2026-03-23T15:04:21.538+0000] {processor.py:183} INFO - Processing /opt/airflow/dags/tmdb_daily_dag.py took 0.040 seconds
[2026-03-23T15:04:51.933+0000] {processor.py:161} INFO - Started process (PID=23575) to work on /opt/airflow/dags/tmdb_daily_dag.py
[2026-03-23T15:04:51.935+0000] {processor.py:830} INFO - Processing file /opt/airflow/dags/tmdb_daily_dag.py for tasks to queue
[2026-03-23T15:04:51.935+0000] {logging_mixin.py:188} INFO - [2026-03-23T15:04:51.935+0000] {dagbag.py:545} INFO - Filling up the DagBag from /opt/airflow/dags/tmdb_daily_dag.py
[2026-03-23T15:04:51.940+0000] {processor.py:840} INFO - DAG(s) 'tmdb_raw_pipeline' retrieved from /opt/airflow/dags/tmdb_daily_dag.py
[2026-03-23T15:04:51.953+0000] {logging_mixin.py:188} INFO - [2026-03-23T15:04:51.953+0000] {dag.py:3096} INFO - Sync 1 DAGs
[2026-03-23T15:04:51.961+0000] {logging_mixin.py:188} INFO - [2026-03-23T15:04:51.961+0000] {dag.py:3954} INFO - Setting next_dagrun for tmdb_raw_pipeline to 2026-03-23 00:00:00+00:00, run_after=2026-03-24 00:00:00+00:00
[2026-03-23T15:04:51.970+0000] {processor.py:183} INFO - Processing /opt/airflow/dags/tmdb_daily_dag.py took 0.040 seconds
[2026-03-23T15:05:22.478+0000] {processor.py:161} INFO - Started process (PID=23597) to work on /opt/airflow/dags/tmdb_daily_dag.py
[2026-03-23T15:05:22.480+0000] {processor.py:830} INFO - Processing file /opt/airflow/dags/tmdb_daily_dag.py for tasks to queue
[2026-03-23T15:05:22.481+0000] {logging_mixin.py:188} INFO - [2026-03-23T15:05:22.481+0000] {dagbag.py:545} INFO - Filling up the DagBag from /opt/airflow/dags/tmdb_daily_dag.py
[2026-03-23T15:05:22.487+0000] {processor.py:840} INFO - DAG(s) 'tmdb_raw_pipeline' retrieved from /opt/airflow/dags/tmdb_daily_dag.py
[2026-03-23T15:05:22.496+0000] {logging_mixin.py:188} INFO - [2026-03-23T15:05:22.496+0000] {dag.py:3096} INFO - Sync 1 DAGs
[2026-03-23T15:05:22.504+0000] {logging_mixin.py:188} INFO - [2026-03-23T15:05:22.504+0000] {dag.py:3954} INFO - Setting next_dagrun for tmdb_raw_pipeline to 2026-03-23 00:00:00+00:00, run_after=2026-03-24 00:00:00+00:00
[2026-03-23T15:05:22.510+0000] {processor.py:183} INFO - Processing /opt/airflow/dags/tmdb_daily_dag.py took 0.035 seconds
[2026-03-23T15:05:52.924+0000] {processor.py:161} INFO - Started process (PID=23617) to work on /opt/airflow/dags/tmdb_daily_dag.py
[2026-03-23T15:05:52.926+0000] {processor.py:830} INFO - Processing file /opt/airflow/dags/tmdb_daily_dag.py for tasks to queue
[2026-03-23T15:05:52.926+0000] {logging_mixin.py:188} INFO - [2026-03-23T15:05:52.926+0000] {dagbag.py:545} INFO - Filling up the DagBag from /opt/airflow/dags/tmdb_daily_dag.py
[2026-03-23T15:05:52.931+0000] {processor.py:840} INFO - DAG(s) 'tmdb_raw_pipeline' retrieved from /opt/airflow/dags/tmdb_daily_dag.py
[2026-03-23T15:05:52.939+0000] {logging_mixin.py:188} INFO - [2026-03-23T15:05:52.939+0000] {dag.py:3096} INFO - Sync 1 DAGs
[2026-03-23T15:05:52.947+0000] {logging_mixin.py:188} INFO - [2026-03-23T15:05:52.947+0000] {dag.py:3954} INFO - Setting next_dagrun for tmdb_raw_pipeline to 2026-03-23 00:00:00+00:00, run_after=2026-03-24 00:00:00+00:00
[2026-03-23T15:05:52.953+0000] {processor.py:183} INFO - Processing /opt/airflow/dags/tmdb_daily_dag.py took 0.030 seconds
[2026-03-23T15:06:23.420+0000] {processor.py:161} INFO - Started process (PID=23637) to work on /opt/airflow/dags/tmdb_daily_dag.py
[2026-03-23T15:06:23.424+0000] {processor.py:830} INFO - Processing file /opt/airflow/dags/tmdb_daily_dag.py for tasks to queue
[2026-03-23T15:06:23.424+0000] {logging_mixin.py:188} INFO - [2026-03-23T15:06:23.424+0000] {dagbag.py:545} INFO - Filling up the DagBag from /opt/airflow/dags/tmdb_daily_dag.py
[2026-03-23T15:06:23.430+0000] {processor.py:840} INFO - DAG(s) 'tmdb_raw_pipeline' retrieved from /opt/airflow/dags/tmdb_daily_dag.py
[2026-03-23T15:06:23.440+0000] {logging_mixin.py:188} INFO - [2026-03-23T15:06:23.440+0000] {dag.py:3096} INFO - Sync 1 DAGs
[2026-03-23T15:06:23.448+0000] {logging_mixin.py:188} INFO - [2026-03-23T15:06:23.448+0000] {dag.py:3954} INFO - Setting next_dagrun for tmdb_raw_pipeline to 2026-03-23 00:00:00+00:00, run_after=2026-03-24 00:00:00+00:00
[2026-03-23T15:06:23.454+0000] {processor.py:183} INFO - Processing /opt/airflow/dags/tmdb_daily_dag.py took 0.039 seconds
[2026-03-23T15:06:54.018+0000] {processor.py:161} INFO - Started process (PID=23657) to work on /opt/airflow/dags/tmdb_daily_dag.py
[2026-03-23T15:06:54.020+0000] {processor.py:830} INFO - Processing file /opt/airflow/dags/tmdb_daily_dag.py for tasks to queue
[2026-03-23T15:06:54.020+0000] {logging_mixin.py:188} INFO - [2026-03-23T15:06:54.020+0000] {dagbag.py:545} INFO - Filling up the DagBag from /opt/airflow/dags/tmdb_daily_dag.py
[2026-03-23T15:06:54.028+0000] {processor.py:840} INFO - DAG(s) 'tmdb_raw_pipeline' retrieved from /opt/airflow/dags/tmdb_daily_dag.py
[2026-03-23T15:06:54.040+0000] {logging_mixin.py:188} INFO - [2026-03-23T15:06:54.040+0000] {dag.py:3096} INFO - Sync 1 DAGs
[2026-03-23T15:06:54.051+0000] {logging_mixin.py:188} INFO - [2026-03-23T15:06:54.051+0000] {dag.py:3954} INFO - Setting next_dagrun for tmdb_raw_pipeline to 2026-03-23 00:00:00+00:00, run_after=2026-03-24 00:00:00+00:00
[2026-03-23T15:06:54.058+0000] {processor.py:183} INFO - Processing /opt/airflow/dags/tmdb_daily_dag.py took 0.047 seconds
[2026-03-23T15:07:24.606+0000] {processor.py:161} INFO - Started process (PID=23677) to work on /opt/airflow/dags/tmdb_daily_dag.py
[2026-03-23T15:07:24.607+0000] {processor.py:830} INFO - Processing file /opt/airflow/dags/tmdb_daily_dag.py for tasks to queue
[2026-03-23T15:07:24.607+0000] {logging_mixin.py:188} INFO - [2026-03-23T15:07:24.607+0000] {dagbag.py:545} INFO - Filling up the DagBag from /opt/airflow/dags/tmdb_daily_dag.py
[2026-03-23T15:07:24.613+0000] {processor.py:840} INFO - DAG(s) 'tmdb_raw_pipeline' retrieved from /opt/airflow/dags/tmdb_daily_dag.py
[2026-03-23T15:07:24.623+0000] {logging_mixin.py:188} INFO - [2026-03-23T15:07:24.623+0000] {dag.py:3096} INFO - Sync 1 DAGs
[2026-03-23T15:07:24.631+0000] {logging_mixin.py:188} INFO - [2026-03-23T15:07:24.631+0000] {dag.py:3954} INFO - Setting next_dagrun for tmdb_raw_pipeline to 2026-03-23 00:00:00+00:00, run_after=2026-03-24 00:00:00+00:00
[2026-03-23T15:07:24.638+0000] {processor.py:183} INFO - Processing /opt/airflow/dags/tmdb_daily_dag.py took 0.035 seconds
[2026-03-23T15:07:55.142+0000] {processor.py:161} INFO - Started process (PID=23697) to work on /opt/airflow/dags/tmdb_daily_dag.py
[2026-03-23T15:07:55.143+0000] {processor.py:830} INFO - Processing file /opt/airflow/dags/tmdb_daily_dag.py for tasks to queue
[2026-03-23T15:07:55.143+0000] {logging_mixin.py:188} INFO - [2026-03-23T15:07:55.143+0000] {dagbag.py:545} INFO - Filling up the DagBag from /opt/airflow/dags/tmdb_daily_dag.py
[2026-03-23T15:07:55.148+0000] {processor.py:840} INFO - DAG(s) 'tmdb_raw_pipeline' retrieved from /opt/airflow/dags/tmdb_daily_dag.py
[2026-03-23T15:07:55.159+0000] {logging_mixin.py:188} INFO - [2026-03-23T15:07:55.159+0000] {dag.py:3096} INFO - Sync 1 DAGs
[2026-03-23T15:07:55.168+0000] {logging_mixin.py:188} INFO - [2026-03-23T15:07:55.168+0000] {dag.py:3954} INFO - Setting next_dagrun for tmdb_raw_pipeline to 2026-03-23 00:00:00+00:00, run_after=2026-03-24 00:00:00+00:00
[2026-03-23T15:07:55.175+0000] {processor.py:183} INFO - Processing /opt/airflow/dags/tmdb_daily_dag.py took 0.035 seconds
[2026-03-23T15:08:25.702+0000] {processor.py:161} INFO - Started process (PID=23717) to work on /opt/airflow/dags/tmdb_daily_dag.py
[2026-03-23T15:08:25.703+0000] {processor.py:830} INFO - Processing file /opt/airflow/dags/tmdb_daily_dag.py for tasks to queue
[2026-03-23T15:08:25.703+0000] {logging_mixin.py:188} INFO - [2026-03-23T15:08:25.703+0000] {dagbag.py:545} INFO - Filling up the DagBag from /opt/airflow/dags/tmdb_daily_dag.py
[2026-03-23T15:08:25.708+0000] {processor.py:840} INFO - DAG(s) 'tmdb_raw_pipeline' retrieved from /opt/airflow/dags/tmdb_daily_dag.py
[2026-03-23T15:08:25.718+0000] {logging_mixin.py:188} INFO - [2026-03-23T15:08:25.718+0000] {dag.py:3096} INFO - Sync 1 DAGs
[2026-03-23T15:08:25.727+0000] {logging_mixin.py:188} INFO - [2026-03-23T15:08:25.727+0000] {dag.py:3954} INFO - Setting next_dagrun for tmdb_raw_pipeline to 2026-03-23 00:00:00+00:00, run_after=2026-03-24 00:00:00+00:00
[2026-03-23T15:08:25.733+0000] {processor.py:183} INFO - Processing /opt/airflow/dags/tmdb_daily_dag.py took 0.033 seconds
[2026-03-23T15:08:56.133+0000] {processor.py:161} INFO - Started process (PID=23737) to work on /opt/airflow/dags/tmdb_daily_dag.py
[2026-03-23T15:08:56.135+0000] {processor.py:830} INFO - Processing file /opt/airflow/dags/tmdb_daily_dag.py for tasks to queue
[2026-03-23T15:08:56.135+0000] {logging_mixin.py:188} INFO - [2026-03-23T15:08:56.135+0000] {dagbag.py:545} INFO - Filling up the DagBag from /opt/airflow/dags/tmdb_daily_dag.py
[2026-03-23T15:08:56.142+0000] {processor.py:840} INFO - DAG(s) 'tmdb_raw_pipeline' retrieved from /opt/airflow/dags/tmdb_daily_dag.py
[2026-03-23T15:08:56.152+0000] {logging_mixin.py:188} INFO - [2026-03-23T15:08:56.152+0000] {dag.py:3096} INFO - Sync 1 DAGs
[2026-03-23T15:08:56.161+0000] {logging_mixin.py:188} INFO - [2026-03-23T15:08:56.161+0000] {dag.py:3954} INFO - Setting next_dagrun for tmdb_raw_pipeline to 2026-03-23 00:00:00+00:00, run_after=2026-03-24 00:00:00+00:00
[2026-03-23T15:08:56.168+0000] {processor.py:183} INFO - Processing /opt/airflow/dags/tmdb_daily_dag.py took 0.038 seconds
[2026-03-23T15:09:26.705+0000] {processor.py:161} INFO - Started process (PID=23757) to work on /opt/airflow/dags/tmdb_daily_dag.py
[2026-03-23T15:09:26.707+0000] {processor.py:830} INFO - Processing file /opt/airflow/dags/tmdb_daily_dag.py for tasks to queue
[2026-03-23T15:09:26.707+0000] {logging_mixin.py:188} INFO - [2026-03-23T15:09:26.707+0000] {dagbag.py:545} INFO - Filling up the DagBag from /opt/airflow/dags/tmdb_daily_dag.py
[2026-03-23T15:09:26.714+0000] {processor.py:840} INFO - DAG(s) 'tmdb_raw_pipeline' retrieved from /opt/airflow/dags/tmdb_daily_dag.py
[2026-03-23T15:09:26.723+0000] {logging_mixin.py:188} INFO - [2026-03-23T15:09:26.723+0000] {dag.py:3096} INFO - Sync 1 DAGs
[2026-03-23T15:09:26.732+0000] {logging_mixin.py:188} INFO - [2026-03-23T15:09:26.732+0000] {dag.py:3954} INFO - Setting next_dagrun for tmdb_raw_pipeline to 2026-03-23 00:00:00+00:00, run_after=2026-03-24 00:00:00+00:00
[2026-03-23T15:09:26.738+0000] {processor.py:183} INFO - Processing /opt/airflow/dags/tmdb_daily_dag.py took 0.035 seconds
[2026-03-23T15:09:57.229+0000] {processor.py:161} INFO - Started process (PID=23777) to work on /opt/airflow/dags/tmdb_daily_dag.py
[2026-03-23T15:09:57.231+0000] {processor.py:830} INFO - Processing file /opt/airflow/dags/tmdb_daily_dag.py for tasks to queue
[2026-03-23T15:09:57.231+0000] {logging_mixin.py:188} INFO - [2026-03-23T15:09:57.231+0000] {dagbag.py:545} INFO - Filling up the DagBag from /opt/airflow/dags/tmdb_daily_dag.py
[2026-03-23T15:09:57.237+0000] {processor.py:840} INFO - DAG(s) 'tmdb_raw_pipeline' retrieved from /opt/airflow/dags/tmdb_daily_dag.py
[2026-03-23T15:09:57.249+0000] {logging_mixin.py:188} INFO - [2026-03-23T15:09:57.249+0000] {dag.py:3096} INFO - Sync 1 DAGs
[2026-03-23T15:09:57.258+0000] {logging_mixin.py:188} INFO - [2026-03-23T15:09:57.258+0000] {dag.py:3954} INFO - Setting next_dagrun for tmdb_raw_pipeline to 2026-03-23 00:00:00+00:00, run_after=2026-03-24 00:00:00+00:00
[2026-03-23T15:09:57.264+0000] {processor.py:183} INFO - Processing /opt/airflow/dags/tmdb_daily_dag.py took 0.037 seconds
[2026-03-23T15:10:27.785+0000] {processor.py:161} INFO - Started process (PID=23797) to work on /opt/airflow/dags/tmdb_daily_dag.py
[2026-03-23T15:10:27.786+0000] {processor.py:830} INFO - Processing file /opt/airflow/dags/tmdb_daily_dag.py for tasks to queue
[2026-03-23T15:10:27.786+0000] {logging_mixin.py:188} INFO - [2026-03-23T15:10:27.786+0000] {dagbag.py:545} INFO - Filling up the DagBag from /opt/airflow/dags/tmdb_daily_dag.py
[2026-03-23T15:10:27.793+0000] {processor.py:840} INFO - DAG(s) 'tmdb_raw_pipeline' retrieved from /opt/airflow/dags/tmdb_daily_dag.py
[2026-03-23T15:10:27.803+0000] {logging_mixin.py:188} INFO - [2026-03-23T15:10:27.803+0000] {dag.py:3096} INFO - Sync 1 DAGs
[2026-03-23T15:10:27.811+0000] {logging_mixin.py:188} INFO - [2026-03-23T15:10:27.811+0000] {dag.py:3954} INFO - Setting next_dagrun for tmdb_raw_pipeline to 2026-03-23 00:00:00+00:00, run_after=2026-03-24 00:00:00+00:00
[2026-03-23T15:10:27.816+0000] {processor.py:183} INFO - Processing /opt/airflow/dags/tmdb_daily_dag.py took 0.034 seconds
[2026-03-23T15:10:58.165+0000] {processor.py:161} INFO - Started process (PID=23817) to work on /opt/airflow/dags/tmdb_daily_dag.py
[2026-03-23T15:10:58.166+0000] {processor.py:830} INFO - Processing file /opt/airflow/dags/tmdb_daily_dag.py for tasks to queue
[2026-03-23T15:10:58.166+0000] {logging_mixin.py:188} INFO - [2026-03-23T15:10:58.166+0000] {dagbag.py:545} INFO - Filling up the DagBag from /opt/airflow/dags/tmdb_daily_dag.py
[2026-03-23T15:10:58.171+0000] {processor.py:840} INFO - DAG(s) 'tmdb_raw_pipeline' retrieved from /opt/airflow/dags/tmdb_daily_dag.py
[2026-03-23T15:10:58.180+0000] {logging_mixin.py:188} INFO - [2026-03-23T15:10:58.180+0000] {dag.py:3096} INFO - Sync 1 DAGs
[2026-03-23T15:10:58.188+0000] {logging_mixin.py:188} INFO - [2026-03-23T15:10:58.188+0000] {dag.py:3954} INFO - Setting next_dagrun for tmdb_raw_pipeline to 2026-03-23 00:00:00+00:00, run_after=2026-03-24 00:00:00+00:00
[2026-03-23T15:10:58.193+0000] {processor.py:183} INFO - Processing /opt/airflow/dags/tmdb_daily_dag.py took 0.031 seconds
[2026-03-23T15:11:28.729+0000] {processor.py:161} INFO - Started process (PID=23837) to work on /opt/airflow/dags/tmdb_daily_dag.py
[2026-03-23T15:11:28.730+0000] {processor.py:830} INFO - Processing file /opt/airflow/dags/tmdb_daily_dag.py for tasks to queue
[2026-03-23T15:11:28.731+0000] {logging_mixin.py:188} INFO - [2026-03-23T15:11:28.731+0000] {dagbag.py:545} INFO - Filling up the DagBag from /opt/airflow/dags/tmdb_daily_dag.py
[2026-03-23T15:11:28.737+0000] {processor.py:840} INFO - DAG(s) 'tmdb_raw_pipeline' retrieved from /opt/airflow/dags/tmdb_daily_dag.py
[2026-03-23T15:11:28.747+0000] {logging_mixin.py:188} INFO - [2026-03-23T15:11:28.747+0000] {dag.py:3096} INFO - Sync 1 DAGs
[2026-03-23T15:11:28.755+0000] {logging_mixin.py:188} INFO - [2026-03-23T15:11:28.755+0000] {dag.py:3954} INFO - Setting next_dagrun for tmdb_raw_pipeline to 2026-03-23 00:00:00+00:00, run_after=2026-03-24 00:00:00+00:00
[2026-03-23T15:11:28.762+0000] {processor.py:183} INFO - Processing /opt/airflow/dags/tmdb_daily_dag.py took 0.036 seconds
[2026-03-23T15:11:59.225+0000] {processor.py:161} INFO - Started process (PID=23857) to work on /opt/airflow/dags/tmdb_daily_dag.py
[2026-03-23T15:11:59.226+0000] {processor.py:830} INFO - Processing file /opt/airflow/dags/tmdb_daily_dag.py for tasks to queue
[2026-03-23T15:11:59.226+0000] {logging_mixin.py:188} INFO - [2026-03-23T15:11:59.226+0000] {dagbag.py:545} INFO - Filling up the DagBag from /opt/airflow/dags/tmdb_daily_dag.py
[2026-03-23T15:11:59.233+0000] {processor.py:840} INFO - DAG(s) 'tmdb_raw_pipeline' retrieved from /opt/airflow/dags/tmdb_daily_dag.py
[2026-03-23T15:11:59.243+0000] {logging_mixin.py:188} INFO - [2026-03-23T15:11:59.243+0000] {dag.py:3096} INFO - Sync 1 DAGs
[2026-03-23T15:11:59.252+0000] {logging_mixin.py:188} INFO - [2026-03-23T15:11:59.252+0000] {dag.py:3954} INFO - Setting next_dagrun for tmdb_raw_pipeline to 2026-03-23 00:00:00+00:00, run_after=2026-03-24 00:00:00+00:00
[2026-03-23T15:11:59.258+0000] {processor.py:183} INFO - Processing /opt/airflow/dags/tmdb_daily_dag.py took 0.037 seconds
[2026-03-23T15:12:29.838+0000] {processor.py:161} INFO - Started process (PID=23877) to work on /opt/airflow/dags/tmdb_daily_dag.py
[2026-03-23T15:12:29.840+0000] {processor.py:830} INFO - Processing file /opt/airflow/dags/tmdb_daily_dag.py for tasks to queue
[2026-03-23T15:12:29.840+0000] {logging_mixin.py:188} INFO - [2026-03-23T15:12:29.840+0000] {dagbag.py:545} INFO - Filling up the DagBag from /opt/airflow/dags/tmdb_daily_dag.py
[2026-03-23T15:12:29.848+0000] {processor.py:840} INFO - DAG(s) 'tmdb_raw_pipeline' retrieved from /opt/airflow/dags/tmdb_daily_dag.py
[2026-03-23T15:12:29.861+0000] {logging_mixin.py:188} INFO - [2026-03-23T15:12:29.861+0000] {dag.py:3096} INFO - Sync 1 DAGs
[2026-03-23T15:12:29.874+0000] {logging_mixin.py:188} INFO - [2026-03-23T15:12:29.874+0000] {dag.py:3954} INFO - Setting next_dagrun for tmdb_raw_pipeline to 2026-03-23 00:00:00+00:00, run_after=2026-03-24 00:00:00+00:00
[2026-03-23T15:12:29.882+0000] {processor.py:183} INFO - Processing /opt/airflow/dags/tmdb_daily_dag.py took 0.047 seconds
[2026-03-23T15:13:00.262+0000] {processor.py:161} INFO - Started process (PID=23897) to work on /opt/airflow/dags/tmdb_daily_dag.py
[2026-03-23T15:13:00.263+0000] {processor.py:830} INFO - Processing file /opt/airflow/dags/tmdb_daily_dag.py for tasks to queue
[2026-03-23T15:13:00.264+0000] {logging_mixin.py:188} INFO - [2026-03-23T15:13:00.263+0000] {dagbag.py:545} INFO - Filling up the DagBag from /opt/airflow/dags/tmdb_daily_dag.py
[2026-03-23T15:13:00.269+0000] {processor.py:840} INFO - DAG(s) 'tmdb_raw_pipeline' retrieved from /opt/airflow/dags/tmdb_daily_dag.py
[2026-03-23T15:13:00.279+0000] {logging_mixin.py:188} INFO - [2026-03-23T15:13:00.279+0000] {dag.py:3096} INFO - Sync 1 DAGs
[2026-03-23T15:13:00.287+0000] {logging_mixin.py:188} INFO - [2026-03-23T15:13:00.287+0000] {dag.py:3954} INFO - Setting next_dagrun for tmdb_raw_pipeline to 2026-03-23 00:00:00+00:00, run_after=2026-03-24 00:00:00+00:00
[2026-03-23T15:13:00.293+0000] {processor.py:183} INFO - Processing /opt/airflow/dags/tmdb_daily_dag.py took 0.034 seconds
[2026-03-23T15:13:30.814+0000] {processor.py:161} INFO - Started process (PID=23917) to work on /opt/airflow/dags/tmdb_daily_dag.py
[2026-03-23T15:13:30.816+0000] {processor.py:830} INFO - Processing file /opt/airflow/dags/tmdb_daily_dag.py for tasks to queue
[2026-03-23T15:13:30.816+0000] {logging_mixin.py:188} INFO - [2026-03-23T15:13:30.816+0000] {dagbag.py:545} INFO - Filling up the DagBag from /opt/airflow/dags/tmdb_daily_dag.py
[2026-03-23T15:13:30.822+0000] {processor.py:840} INFO - DAG(s) 'tmdb_raw_pipeline' retrieved from /opt/airflow/dags/tmdb_daily_dag.py
[2026-03-23T15:13:30.833+0000] {logging_mixin.py:188} INFO - [2026-03-23T15:13:30.833+0000] {dag.py:3096} INFO - Sync 1 DAGs
[2026-03-23T15:13:30.843+0000] {logging_mixin.py:188} INFO - [2026-03-23T15:13:30.843+0000] {dag.py:3954} INFO - Setting next_dagrun for tmdb_raw_pipeline to 2026-03-23 00:00:00+00:00, run_after=2026-03-24 00:00:00+00:00
[2026-03-23T15:13:30.850+0000] {processor.py:183} INFO - Processing /opt/airflow/dags/tmdb_daily_dag.py took 0.043 seconds
[2026-03-23T15:14:01.423+0000] {processor.py:161} INFO - Started process (PID=23937) to work on /opt/airflow/dags/tmdb_daily_dag.py
[2026-03-23T15:14:01.425+0000] {processor.py:830} INFO - Processing file /opt/airflow/dags/tmdb_daily_dag.py for tasks to queue
[2026-03-23T15:14:01.426+0000] {logging_mixin.py:188} INFO - [2026-03-23T15:14:01.426+0000] {dagbag.py:545} INFO - Filling up the DagBag from /opt/airflow/dags/tmdb_daily_dag.py
[2026-03-23T15:14:01.434+0000] {processor.py:840} INFO - DAG(s) 'tmdb_raw_pipeline' retrieved from /opt/airflow/dags/tmdb_daily_dag.py
[2026-03-23T15:14:01.448+0000] {logging_mixin.py:188} INFO - [2026-03-23T15:14:01.448+0000] {dag.py:3096} INFO - Sync 1 DAGs
[2026-03-23T15:14:01.459+0000] {logging_mixin.py:188} INFO - [2026-03-23T15:14:01.459+0000] {dag.py:3954} INFO - Setting next_dagrun for tmdb_raw_pipeline to 2026-03-23 00:00:00+00:00, run_after=2026-03-24 00:00:00+00:00
[2026-03-23T15:14:01.470+0000] {processor.py:183} INFO - Processing /opt/airflow/dags/tmdb_daily_dag.py took 0.050 seconds
[2026-03-23T15:14:32.039+0000] {processor.py:161} INFO - Started process (PID=23957) to work on /opt/airflow/dags/tmdb_daily_dag.py
[2026-03-23T15:14:32.041+0000] {processor.py:830} INFO - Processing file /opt/airflow/dags/tmdb_daily_dag.py for tasks to queue
[2026-03-23T15:14:32.041+0000] {logging_mixin.py:188} INFO - [2026-03-23T15:14:32.041+0000] {dagbag.py:545} INFO - Filling up the DagBag from /opt/airflow/dags/tmdb_daily_dag.py
[2026-03-23T15:14:32.049+0000] {processor.py:840} INFO - DAG(s) 'tmdb_raw_pipeline' retrieved from /opt/airflow/dags/tmdb_daily_dag.py
[2026-03-23T15:14:32.061+0000] {logging_mixin.py:188} INFO - [2026-03-23T15:14:32.061+0000] {dag.py:3096} INFO - Sync 1 DAGs
[2026-03-23T15:14:32.071+0000] {logging_mixin.py:188} INFO - [2026-03-23T15:14:32.071+0000] {dag.py:3954} INFO - Setting next_dagrun for tmdb_raw_pipeline to 2026-03-23 00:00:00+00:00, run_after=2026-03-24 00:00:00+00:00
[2026-03-23T15:14:32.077+0000] {processor.py:183} INFO - Processing /opt/airflow/dags/tmdb_daily_dag.py took 0.041 seconds
[2026-03-23T15:15:02.586+0000] {processor.py:161} INFO - Started process (PID=23977) to work on /opt/airflow/dags/tmdb_daily_dag.py
[2026-03-23T15:15:02.588+0000] {processor.py:830} INFO - Processing file /opt/airflow/dags/tmdb_daily_dag.py for tasks to queue
[2026-03-23T15:15:02.588+0000] {logging_mixin.py:188} INFO - [2026-03-23T15:15:02.588+0000] {dagbag.py:545} INFO - Filling up the DagBag from /opt/airflow/dags/tmdb_daily_dag.py
[2026-03-23T15:15:02.594+0000] {processor.py:840} INFO - DAG(s) 'tmdb_raw_pipeline' retrieved from /opt/airflow/dags/tmdb_daily_dag.py
[2026-03-23T15:15:02.604+0000] {logging_mixin.py:188} INFO - [2026-03-23T15:15:02.604+0000] {dag.py:3096} INFO - Sync 1 DAGs
[2026-03-23T15:15:02.612+0000] {logging_mixin.py:188} INFO - [2026-03-23T15:15:02.612+0000] {dag.py:3954} INFO - Setting next_dagrun for tmdb_raw_pipeline to 2026-03-23 00:00:00+00:00, run_after=2026-03-24 00:00:00+00:00
[2026-03-23T15:15:02.618+0000] {processor.py:183} INFO - Processing /opt/airflow/dags/tmdb_daily_dag.py took 0.037 seconds
[2026-03-23T15:15:33.144+0000] {processor.py:161} INFO - Started process (PID=23997) to work on /opt/airflow/dags/tmdb_daily_dag.py
[2026-03-23T15:15:33.146+0000] {processor.py:830} INFO - Processing file /opt/airflow/dags/tmdb_daily_dag.py for tasks to queue
[2026-03-23T15:15:33.146+0000] {logging_mixin.py:188} INFO - [2026-03-23T15:15:33.146+0000] {dagbag.py:545} INFO - Filling up the DagBag from /opt/airflow/dags/tmdb_daily_dag.py
[2026-03-23T15:15:33.152+0000] {processor.py:840} INFO - DAG(s) 'tmdb_raw_pipeline' retrieved from /opt/airflow/dags/tmdb_daily_dag.py
[2026-03-23T15:15:33.162+0000] {logging_mixin.py:188} INFO - [2026-03-23T15:15:33.162+0000] {dag.py:3096} INFO - Sync 1 DAGs
[2026-03-23T15:15:33.170+0000] {logging_mixin.py:188} INFO - [2026-03-23T15:15:33.170+0000] {dag.py:3954} INFO - Setting next_dagrun for tmdb_raw_pipeline to 2026-03-23 00:00:00+00:00, run_after=2026-03-24 00:00:00+00:00
[2026-03-23T15:15:33.176+0000] {processor.py:183} INFO - Processing /opt/airflow/dags/tmdb_daily_dag.py took 0.034 seconds
[2026-03-23T15:16:03.609+0000] {processor.py:161} INFO - Started process (PID=24017) to work on /opt/airflow/dags/tmdb_daily_dag.py
[2026-03-23T15:16:03.611+0000] {processor.py:830} INFO - Processing file /opt/airflow/dags/tmdb_daily_dag.py for tasks to queue
[2026-03-23T15:16:03.611+0000] {logging_mixin.py:188} INFO - [2026-03-23T15:16:03.611+0000] {dagbag.py:545} INFO - Filling up the DagBag from /opt/airflow/dags/tmdb_daily_dag.py
[2026-03-23T15:16:03.618+0000] {processor.py:840} INFO - DAG(s) 'tmdb_raw_pipeline' retrieved from /opt/airflow/dags/tmdb_daily_dag.py
[2026-03-23T15:16:03.633+0000] {logging_mixin.py:188} INFO - [2026-03-23T15:16:03.633+0000] {dag.py:3096} INFO - Sync 1 DAGs
[2026-03-23T15:16:03.645+0000] {logging_mixin.py:188} INFO - [2026-03-23T15:16:03.645+0000] {dag.py:3954} INFO - Setting next_dagrun for tmdb_raw_pipeline to 2026-03-23 00:00:00+00:00, run_after=2026-03-24 00:00:00+00:00
[2026-03-23T15:16:03.654+0000] {processor.py:183} INFO - Processing /opt/airflow/dags/tmdb_daily_dag.py took 0.047 seconds
[2026-03-23T15:16:34.219+0000] {processor.py:161} INFO - Started process (PID=24037) to work on /opt/airflow/dags/tmdb_daily_dag.py
[2026-03-23T15:16:34.221+0000] {processor.py:830} INFO - Processing file /opt/airflow/dags/tmdb_daily_dag.py for tasks to queue
[2026-03-23T15:16:34.221+0000] {logging_mixin.py:188} INFO - [2026-03-23T15:16:34.221+0000] {dagbag.py:545} INFO - Filling up the DagBag from /opt/airflow/dags/tmdb_daily_dag.py
[2026-03-23T15:16:34.227+0000] {processor.py:840} INFO - DAG(s) 'tmdb_raw_pipeline' retrieved from /opt/airflow/dags/tmdb_daily_dag.py
[2026-03-23T15:16:34.236+0000] {logging_mixin.py:188} INFO - [2026-03-23T15:16:34.236+0000] {dag.py:3096} INFO - Sync 1 DAGs
[2026-03-23T15:16:34.244+0000] {logging_mixin.py:188} INFO - [2026-03-23T15:16:34.244+0000] {dag.py:3954} INFO - Setting next_dagrun for tmdb_raw_pipeline to 2026-03-23 00:00:00+00:00, run_after=2026-03-24 00:00:00+00:00
[2026-03-23T15:16:34.250+0000] {processor.py:183} INFO - Processing /opt/airflow/dags/tmdb_daily_dag.py took 0.038 seconds
[2026-03-23T15:17:04.659+0000] {processor.py:161} INFO - Started process (PID=24057) to work on /opt/airflow/dags/tmdb_daily_dag.py
[2026-03-23T15:17:04.660+0000] {processor.py:830} INFO - Processing file /opt/airflow/dags/tmdb_daily_dag.py for tasks to queue
[2026-03-23T15:17:04.660+0000] {logging_mixin.py:188} INFO - [2026-03-23T15:17:04.660+0000] {dagbag.py:545} INFO - Filling up the DagBag from /opt/airflow/dags/tmdb_daily_dag.py
[2026-03-23T15:17:04.666+0000] {processor.py:840} INFO - DAG(s) 'tmdb_raw_pipeline' retrieved from /opt/airflow/dags/tmdb_daily_dag.py
[2026-03-23T15:17:04.676+0000] {logging_mixin.py:188} INFO - [2026-03-23T15:17:04.676+0000] {dag.py:3096} INFO - Sync 1 DAGs
[2026-03-23T15:17:04.684+0000] {logging_mixin.py:188} INFO - [2026-03-23T15:17:04.684+0000] {dag.py:3954} INFO - Setting next_dagrun for tmdb_raw_pipeline to 2026-03-23 00:00:00+00:00, run_after=2026-03-24 00:00:00+00:00
[2026-03-23T15:17:04.690+0000] {processor.py:183} INFO - Processing /opt/airflow/dags/tmdb_daily_dag.py took 0.034 seconds
[2026-03-23T15:17:35.170+0000] {processor.py:161} INFO - Started process (PID=24077) to work on /opt/airflow/dags/tmdb_daily_dag.py
[2026-03-23T15:17:35.171+0000] {processor.py:830} INFO - Processing file /opt/airflow/dags/tmdb_daily_dag.py for tasks to queue
[2026-03-23T15:17:35.172+0000] {logging_mixin.py:188} INFO - [2026-03-23T15:17:35.171+0000] {dagbag.py:545} INFO - Filling up the DagBag from /opt/airflow/dags/tmdb_daily_dag.py
[2026-03-23T15:17:35.178+0000] {processor.py:840} INFO - DAG(s) 'tmdb_raw_pipeline' retrieved from /opt/airflow/dags/tmdb_daily_dag.py
[2026-03-23T15:17:35.190+0000] {logging_mixin.py:188} INFO - [2026-03-23T15:17:35.190+0000] {dag.py:3096} INFO - Sync 1 DAGs
[2026-03-23T15:17:35.199+0000] {logging_mixin.py:188} INFO - [2026-03-23T15:17:35.199+0000] {dag.py:3954} INFO - Setting next_dagrun for tmdb_raw_pipeline to 2026-03-23 00:00:00+00:00, run_after=2026-03-24 00:00:00+00:00
[2026-03-23T15:17:35.207+0000] {processor.py:183} INFO - Processing /opt/airflow/dags/tmdb_daily_dag.py took 0.040 seconds
[2026-03-23T15:18:05.721+0000] {processor.py:161} INFO - Started process (PID=24097) to work on /opt/airflow/dags/tmdb_daily_dag.py
[2026-03-23T15:18:05.725+0000] {processor.py:830} INFO - Processing file /opt/airflow/dags/tmdb_daily_dag.py for tasks to queue
[2026-03-23T15:18:05.726+0000] {logging_mixin.py:188} INFO - [2026-03-23T15:18:05.726+0000] {dagbag.py:545} INFO - Filling up the DagBag from /opt/airflow/dags/tmdb_daily_dag.py
[2026-03-23T15:18:05.732+0000] {processor.py:840} INFO - DAG(s) 'tmdb_raw_pipeline' retrieved from /opt/airflow/dags/tmdb_daily_dag.py
[2026-03-23T15:18:05.742+0000] {logging_mixin.py:188} INFO - [2026-03-23T15:18:05.742+0000] {dag.py:3096} INFO - Sync 1 DAGs
[2026-03-23T15:18:05.751+0000] {logging_mixin.py:188} INFO - [2026-03-23T15:18:05.751+0000] {dag.py:3954} INFO - Setting next_dagrun for tmdb_raw_pipeline to 2026-03-23 00:00:00+00:00, run_after=2026-03-24 00:00:00+00:00
[2026-03-23T15:18:05.757+0000] {processor.py:183} INFO - Processing /opt/airflow/dags/tmdb_daily_dag.py took 0.038 seconds
[2026-03-23T15:18:36.212+0000] {processor.py:161} INFO - Started process (PID=24117) to work on /opt/airflow/dags/tmdb_daily_dag.py
[2026-03-23T15:18:36.213+0000] {processor.py:830} INFO - Processing file /opt/airflow/dags/tmdb_daily_dag.py for tasks to queue
[2026-03-23T15:18:36.213+0000] {logging_mixin.py:188} INFO - [2026-03-23T15:18:36.213+0000] {dagbag.py:545} INFO - Filling up the DagBag from /opt/airflow/dags/tmdb_daily_dag.py
[2026-03-23T15:18:36.219+0000] {processor.py:840} INFO - DAG(s) 'tmdb_raw_pipeline' retrieved from /opt/airflow/dags/tmdb_daily_dag.py
[2026-03-23T15:18:36.229+0000] {logging_mixin.py:188} INFO - [2026-03-23T15:18:36.229+0000] {dag.py:3096} INFO - Sync 1 DAGs
[2026-03-23T15:18:36.237+0000] {logging_mixin.py:188} INFO - [2026-03-23T15:18:36.237+0000] {dag.py:3954} INFO - Setting next_dagrun for tmdb_raw_pipeline to 2026-03-23 00:00:00+00:00, run_after=2026-03-24 00:00:00+00:00
[2026-03-23T15:18:36.243+0000] {processor.py:183} INFO - Processing /opt/airflow/dags/tmdb_daily_dag.py took 0.035 seconds
[2026-03-23T15:27:08.471+0000] {processor.py:161} INFO - Started process (PID=24137) to work on /opt/airflow/dags/tmdb_daily_dag.py
[2026-03-23T15:27:08.473+0000] {processor.py:830} INFO - Processing file /opt/airflow/dags/tmdb_daily_dag.py for tasks to queue
[2026-03-23T15:27:08.473+0000] {logging_mixin.py:188} INFO - [2026-03-23T15:27:08.473+0000] {dagbag.py:545} INFO - Filling up the DagBag from /opt/airflow/dags/tmdb_daily_dag.py
[2026-03-23T15:27:08.480+0000] {processor.py:840} INFO - DAG(s) 'tmdb_raw_pipeline' retrieved from /opt/airflow/dags/tmdb_daily_dag.py
[2026-03-23T15:27:08.494+0000] {logging_mixin.py:188} INFO - [2026-03-23T15:27:08.494+0000] {dag.py:3096} INFO - Sync 1 DAGs
[2026-03-23T15:27:08.505+0000] {logging_mixin.py:188} INFO - [2026-03-23T15:27:08.505+0000] {dag.py:3954} INFO - Setting next_dagrun for tmdb_raw_pipeline to 2026-03-23 00:00:00+00:00, run_after=2026-03-24 00:00:00+00:00
[2026-03-23T15:27:08.512+0000] {processor.py:183} INFO - Processing /opt/airflow/dags/tmdb_daily_dag.py took 0.047 seconds
[2026-03-23T15:27:39.035+0000] {processor.py:161} INFO - Started process (PID=24157) to work on /opt/airflow/dags/tmdb_daily_dag.py
[2026-03-23T15:27:39.037+0000] {processor.py:830} INFO - Processing file /opt/airflow/dags/tmdb_daily_dag.py for tasks to queue
[2026-03-23T15:27:39.038+0000] {logging_mixin.py:188} INFO - [2026-03-23T15:27:39.037+0000] {dagbag.py:545} INFO - Filling up the DagBag from /opt/airflow/dags/tmdb_daily_dag.py
[2026-03-23T15:27:39.048+0000] {processor.py:840} INFO - DAG(s) 'tmdb_raw_pipeline' retrieved from /opt/airflow/dags/tmdb_daily_dag.py
[2026-03-23T15:27:39.060+0000] {logging_mixin.py:188} INFO - [2026-03-23T15:27:39.060+0000] {dag.py:3096} INFO - Sync 1 DAGs
[2026-03-23T15:27:39.069+0000] {logging_mixin.py:188} INFO - [2026-03-23T15:27:39.069+0000] {dag.py:3954} INFO - Setting next_dagrun for tmdb_raw_pipeline to 2026-03-23 00:00:00+00:00, run_after=2026-03-24 00:00:00+00:00
[2026-03-23T15:27:39.076+0000] {processor.py:183} INFO - Processing /opt/airflow/dags/tmdb_daily_dag.py took 0.044 seconds
[2026-03-23T15:28:09.481+0000] {processor.py:161} INFO - Started process (PID=24177) to work on /opt/airflow/dags/tmdb_daily_dag.py
[2026-03-23T15:28:09.482+0000] {processor.py:830} INFO - Processing file /opt/airflow/dags/tmdb_daily_dag.py for tasks to queue
[2026-03-23T15:28:09.482+0000] {logging_mixin.py:188} INFO - [2026-03-23T15:28:09.482+0000] {dagbag.py:545} INFO - Filling up the DagBag from /opt/airflow/dags/tmdb_daily_dag.py
[2026-03-23T15:28:09.487+0000] {processor.py:840} INFO - DAG(s) 'tmdb_raw_pipeline' retrieved from /opt/airflow/dags/tmdb_daily_dag.py
[2026-03-23T15:28:09.497+0000] {logging_mixin.py:188} INFO - [2026-03-23T15:28:09.497+0000] {dag.py:3096} INFO - Sync 1 DAGs
[2026-03-23T15:28:09.506+0000] {logging_mixin.py:188} INFO - [2026-03-23T15:28:09.506+0000] {dag.py:3954} INFO - Setting next_dagrun for tmdb_raw_pipeline to 2026-03-23 00:00:00+00:00, run_after=2026-03-24 00:00:00+00:00
[2026-03-23T15:28:09.512+0000] {processor.py:183} INFO - Processing /opt/airflow/dags/tmdb_daily_dag.py took 0.034 seconds
[2026-03-23T15:28:39.999+0000] {processor.py:161} INFO - Started process (PID=24197) to work on /opt/airflow/dags/tmdb_daily_dag.py
[2026-03-23T15:28:40.001+0000] {processor.py:830} INFO - Processing file /opt/airflow/dags/tmdb_daily_dag.py for tasks to queue
[2026-03-23T15:28:40.001+0000] {logging_mixin.py:188} INFO - [2026-03-23T15:28:40.001+0000] {dagbag.py:545} INFO - Filling up the DagBag from /opt/airflow/dags/tmdb_daily_dag.py
[2026-03-23T15:28:40.007+0000] {processor.py:840} INFO - DAG(s) 'tmdb_raw_pipeline' retrieved from /opt/airflow/dags/tmdb_daily_dag.py
[2026-03-23T15:28:40.016+0000] {logging_mixin.py:188} INFO - [2026-03-23T15:28:40.016+0000] {dag.py:3096} INFO - Sync 1 DAGs
[2026-03-23T15:28:40.025+0000] {logging_mixin.py:188} INFO - [2026-03-23T15:28:40.025+0000] {dag.py:3954} INFO - Setting next_dagrun for tmdb_raw_pipeline to 2026-03-23 00:00:00+00:00, run_after=2026-03-24 00:00:00+00:00
[2026-03-23T15:28:40.031+0000] {processor.py:183} INFO - Processing /opt/airflow/dags/tmdb_daily_dag.py took 0.036 seconds
[2026-03-23T15:29:10.512+0000] {processor.py:161} INFO - Started process (PID=24217) to work on /opt/airflow/dags/tmdb_daily_dag.py
[2026-03-23T15:29:10.514+0000] {processor.py:830} INFO - Processing file /opt/airflow/dags/tmdb_daily_dag.py for tasks to queue
[2026-03-23T15:29:10.514+0000] {logging_mixin.py:188} INFO - [2026-03-23T15:29:10.514+0000] {dagbag.py:545} INFO - Filling up the DagBag from /opt/airflow/dags/tmdb_daily_dag.py
[2026-03-23T15:29:10.520+0000] {processor.py:840} INFO - DAG(s) 'tmdb_raw_pipeline' retrieved from /opt/airflow/dags/tmdb_daily_dag.py
[2026-03-23T15:29:10.535+0000] {logging_mixin.py:188} INFO - [2026-03-23T15:29:10.535+0000] {dag.py:3096} INFO - Sync 1 DAGs
[2026-03-23T15:29:10.543+0000] {logging_mixin.py:188} INFO - [2026-03-23T15:29:10.543+0000] {dag.py:3954} INFO - Setting next_dagrun for tmdb_raw_pipeline to 2026-03-23 00:00:00+00:00, run_after=2026-03-24 00:00:00+00:00
[2026-03-23T15:29:10.549+0000] {processor.py:183} INFO - Processing /opt/airflow/dags/tmdb_daily_dag.py took 0.039 seconds
[2026-03-23T16:04:41.753+0000] {processor.py:161} INFO - Started process (PID=24237) to work on /opt/airflow/dags/tmdb_daily_dag.py
[2026-03-23T16:04:41.755+0000] {processor.py:830} INFO - Processing file /opt/airflow/dags/tmdb_daily_dag.py for tasks to queue
[2026-03-23T16:04:41.755+0000] {logging_mixin.py:188} INFO - [2026-03-23T16:04:41.755+0000] {dagbag.py:545} INFO - Filling up the DagBag from /opt/airflow/dags/tmdb_daily_dag.py
[2026-03-23T16:04:41.763+0000] {processor.py:840} INFO - DAG(s) 'tmdb_raw_pipeline' retrieved from /opt/airflow/dags/tmdb_daily_dag.py
[2026-03-23T16:04:41.775+0000] {logging_mixin.py:188} INFO - [2026-03-23T16:04:41.775+0000] {dag.py:3096} INFO - Sync 1 DAGs
[2026-03-23T16:04:41.784+0000] {logging_mixin.py:188} INFO - [2026-03-23T16:04:41.784+0000] {dag.py:3954} INFO - Setting next_dagrun for tmdb_raw_pipeline to 2026-03-23 00:00:00+00:00, run_after=2026-03-24 00:00:00+00:00
[2026-03-23T16:04:41.791+0000] {processor.py:183} INFO - Processing /opt/airflow/dags/tmdb_daily_dag.py took 0.042 seconds
[2026-03-23T16:52:02.190+0000] {processor.py:161} INFO - Started process (PID=24257) to work on /opt/airflow/dags/tmdb_daily_dag.py
[2026-03-23T16:52:02.194+0000] {processor.py:830} INFO - Processing file /opt/airflow/dags/tmdb_daily_dag.py for tasks to queue
[2026-03-23T16:52:02.195+0000] {logging_mixin.py:188} INFO - [2026-03-23T16:52:02.195+0000] {dagbag.py:545} INFO - Filling up the DagBag from /opt/airflow/dags/tmdb_daily_dag.py
[2026-03-23T16:52:02.202+0000] {processor.py:840} INFO - DAG(s) 'tmdb_raw_pipeline' retrieved from /opt/airflow/dags/tmdb_daily_dag.py
[2026-03-23T16:52:02.218+0000] {logging_mixin.py:188} INFO - [2026-03-23T16:52:02.217+0000] {dag.py:3096} INFO - Sync 1 DAGs
[2026-03-23T16:52:02.233+0000] {logging_mixin.py:188} INFO - [2026-03-23T16:52:02.233+0000] {dag.py:3954} INFO - Setting next_dagrun for tmdb_raw_pipeline to 2026-03-23 00:00:00+00:00, run_after=2026-03-24 00:00:00+00:00
[2026-03-23T16:52:02.242+0000] {processor.py:183} INFO - Processing /opt/airflow/dags/tmdb_daily_dag.py took 0.054 seconds
[2026-03-23T17:30:29.830+0000] {processor.py:161} INFO - Started process (PID=24277) to work on /opt/airflow/dags/tmdb_daily_dag.py
[2026-03-23T17:30:29.832+0000] {processor.py:830} INFO - Processing file /opt/airflow/dags/tmdb_daily_dag.py for tasks to queue
[2026-03-23T17:30:29.832+0000] {logging_mixin.py:188} INFO - [2026-03-23T17:30:29.832+0000] {dagbag.py:545} INFO - Filling up the DagBag from /opt/airflow/dags/tmdb_daily_dag.py
[2026-03-23T17:30:29.837+0000] {processor.py:840} INFO - DAG(s) 'tmdb_raw_pipeline' retrieved from /opt/airflow/dags/tmdb_daily_dag.py
[2026-03-23T17:30:29.847+0000] {logging_mixin.py:188} INFO - [2026-03-23T17:30:29.846+0000] {dag.py:3096} INFO - Sync 1 DAGs
[2026-03-23T17:30:29.854+0000] {logging_mixin.py:188} INFO - [2026-03-23T17:30:29.854+0000] {dag.py:3954} INFO - Setting next_dagrun for tmdb_raw_pipeline to 2026-03-23 00:00:00+00:00, run_after=2026-03-24 00:00:00+00:00
[2026-03-23T17:30:29.860+0000] {processor.py:183} INFO - Processing /opt/airflow/dags/tmdb_daily_dag.py took 0.032 seconds
[2026-03-23T18:31:24.850+0000] {processor.py:161} INFO - Started process (PID=24297) to work on /opt/airflow/dags/tmdb_daily_dag.py
[2026-03-23T18:31:24.852+0000] {processor.py:830} INFO - Processing file /opt/airflow/dags/tmdb_daily_dag.py for tasks to queue
[2026-03-23T18:31:24.852+0000] {logging_mixin.py:188} INFO - [2026-03-23T18:31:24.852+0000] {dagbag.py:545} INFO - Filling up the DagBag from /opt/airflow/dags/tmdb_daily_dag.py
[2026-03-23T18:31:24.859+0000] {processor.py:840} INFO - DAG(s) 'tmdb_raw_pipeline' retrieved from /opt/airflow/dags/tmdb_daily_dag.py
[2026-03-23T18:31:24.872+0000] {logging_mixin.py:188} INFO - [2026-03-23T18:31:24.871+0000] {dag.py:3096} INFO - Sync 1 DAGs
[2026-03-23T18:31:24.880+0000] {logging_mixin.py:188} INFO - [2026-03-23T18:31:24.880+0000] {dag.py:3954} INFO - Setting next_dagrun for tmdb_raw_pipeline to 2026-03-23 00:00:00+00:00, run_after=2026-03-24 00:00:00+00:00
[2026-03-23T18:31:24.887+0000] {processor.py:183} INFO - Processing /opt/airflow/dags/tmdb_daily_dag.py took 0.039 seconds
[2026-03-23T19:07:07.524+0000] {processor.py:161} INFO - Started process (PID=24317) to work on /opt/airflow/dags/tmdb_daily_dag.py
[2026-03-23T19:07:07.526+0000] {processor.py:830} INFO - Processing file /opt/airflow/dags/tmdb_daily_dag.py for tasks to queue
[2026-03-23T19:07:07.526+0000] {logging_mixin.py:188} INFO - [2026-03-23T19:07:07.526+0000] {dagbag.py:545} INFO - Filling up the DagBag from /opt/airflow/dags/tmdb_daily_dag.py
[2026-03-23T19:07:07.532+0000] {processor.py:840} INFO - DAG(s) 'tmdb_raw_pipeline' retrieved from /opt/airflow/dags/tmdb_daily_dag.py
[2026-03-23T19:07:07.545+0000] {logging_mixin.py:188} INFO - [2026-03-23T19:07:07.545+0000] {dag.py:3096} INFO - Sync 1 DAGs
[2026-03-23T19:07:07.555+0000] {logging_mixin.py:188} INFO - [2026-03-23T19:07:07.555+0000] {dag.py:3954} INFO - Setting next_dagrun for tmdb_raw_pipeline to 2026-03-23 00:00:00+00:00, run_after=2026-03-24 00:00:00+00:00
[2026-03-23T19:07:07.562+0000] {processor.py:183} INFO - Processing /opt/airflow/dags/tmdb_daily_dag.py took 0.045 seconds
[2026-03-23T19:27:31.717+0000] {processor.py:161} INFO - Started process (PID=24337) to work on /opt/airflow/dags/tmdb_daily_dag.py
[2026-03-23T19:27:31.718+0000] {processor.py:830} INFO - Processing file /opt/airflow/dags/tmdb_daily_dag.py for tasks to queue
[2026-03-23T19:27:31.719+0000] {logging_mixin.py:188} INFO - [2026-03-23T19:27:31.719+0000] {dagbag.py:545} INFO - Filling up the DagBag from /opt/airflow/dags/tmdb_daily_dag.py
[2026-03-23T19:27:31.724+0000] {processor.py:840} INFO - DAG(s) 'tmdb_raw_pipeline' retrieved from /opt/airflow/dags/tmdb_daily_dag.py
[2026-03-23T19:27:31.735+0000] {logging_mixin.py:188} INFO - [2026-03-23T19:27:31.735+0000] {dag.py:3096} INFO - Sync 1 DAGs
[2026-03-23T19:27:31.744+0000] {logging_mixin.py:188} INFO - [2026-03-23T19:27:31.744+0000] {dag.py:3954} INFO - Setting next_dagrun for tmdb_raw_pipeline to 2026-03-23 00:00:00+00:00, run_after=2026-03-24 00:00:00+00:00
[2026-03-23T19:27:31.751+0000] {processor.py:183} INFO - Processing /opt/airflow/dags/tmdb_daily_dag.py took 0.037 seconds
[2026-03-23T19:47:38.702+0000] {processor.py:161} INFO - Started process (PID=24357) to work on /opt/airflow/dags/tmdb_daily_dag.py
[2026-03-23T19:47:38.704+0000] {processor.py:830} INFO - Processing file /opt/airflow/dags/tmdb_daily_dag.py for tasks to queue
[2026-03-23T19:47:38.704+0000] {logging_mixin.py:188} INFO - [2026-03-23T19:47:38.704+0000] {dagbag.py:545} INFO - Filling up the DagBag from /opt/airflow/dags/tmdb_daily_dag.py
[2026-03-23T19:47:38.710+0000] {processor.py:840} INFO - DAG(s) 'tmdb_raw_pipeline' retrieved from /opt/airflow/dags/tmdb_daily_dag.py
[2026-03-23T19:47:38.721+0000] {logging_mixin.py:188} INFO - [2026-03-23T19:47:38.721+0000] {dag.py:3096} INFO - Sync 1 DAGs
[2026-03-23T19:47:38.729+0000] {logging_mixin.py:188} INFO - [2026-03-23T19:47:38.729+0000] {dag.py:3954} INFO - Setting next_dagrun for tmdb_raw_pipeline to 2026-03-23 00:00:00+00:00, run_after=2026-03-24 00:00:00+00:00
[2026-03-23T19:47:38.735+0000] {processor.py:183} INFO - Processing /opt/airflow/dags/tmdb_daily_dag.py took 0.037 seconds
[2026-03-23T20:03:08.106+0000] {processor.py:161} INFO - Started process (PID=24377) to work on /opt/airflow/dags/tmdb_daily_dag.py
[2026-03-23T20:03:08.107+0000] {processor.py:830} INFO - Processing file /opt/airflow/dags/tmdb_daily_dag.py for tasks to queue
[2026-03-23T20:03:08.108+0000] {logging_mixin.py:188} INFO - [2026-03-23T20:03:08.108+0000] {dagbag.py:545} INFO - Filling up the DagBag from /opt/airflow/dags/tmdb_daily_dag.py
[2026-03-23T20:03:08.113+0000] {processor.py:840} INFO - DAG(s) 'tmdb_raw_pipeline' retrieved from /opt/airflow/dags/tmdb_daily_dag.py
[2026-03-23T20:03:08.123+0000] {logging_mixin.py:188} INFO - [2026-03-23T20:03:08.123+0000] {dag.py:3096} INFO - Sync 1 DAGs
[2026-03-23T20:03:08.133+0000] {logging_mixin.py:188} INFO - [2026-03-23T20:03:08.133+0000] {dag.py:3954} INFO - Setting next_dagrun for tmdb_raw_pipeline to 2026-03-23 00:00:00+00:00, run_after=2026-03-24 00:00:00+00:00
[2026-03-23T20:03:08.139+0000] {processor.py:183} INFO - Processing /opt/airflow/dags/tmdb_daily_dag.py took 0.035 seconds
[2026-03-23T20:18:38.737+0000] {processor.py:161} INFO - Started process (PID=24397) to work on /opt/airflow/dags/tmdb_daily_dag.py
[2026-03-23T20:18:38.738+0000] {processor.py:830} INFO - Processing file /opt/airflow/dags/tmdb_daily_dag.py for tasks to queue
[2026-03-23T20:18:38.738+0000] {logging_mixin.py:188} INFO - [2026-03-23T20:18:38.738+0000] {dagbag.py:545} INFO - Filling up the DagBag from /opt/airflow/dags/tmdb_daily_dag.py
[2026-03-23T20:18:38.744+0000] {processor.py:840} INFO - DAG(s) 'tmdb_raw_pipeline' retrieved from /opt/airflow/dags/tmdb_daily_dag.py
[2026-03-23T20:18:38.753+0000] {logging_mixin.py:188} INFO - [2026-03-23T20:18:38.753+0000] {dag.py:3096} INFO - Sync 1 DAGs
[2026-03-23T20:18:38.762+0000] {logging_mixin.py:188} INFO - [2026-03-23T20:18:38.761+0000] {dag.py:3954} INFO - Setting next_dagrun for tmdb_raw_pipeline to 2026-03-23 00:00:00+00:00, run_after=2026-03-24 00:00:00+00:00
[2026-03-23T20:18:38.767+0000] {processor.py:183} INFO - Processing /opt/airflow/dags/tmdb_daily_dag.py took 0.032 seconds
[2026-03-23T20:33:38.556+0000] {processor.py:161} INFO - Started process (PID=24417) to work on /opt/airflow/dags/tmdb_daily_dag.py
[2026-03-23T20:33:38.558+0000] {processor.py:830} INFO - Processing file /opt/airflow/dags/tmdb_daily_dag.py for tasks to queue
[2026-03-23T20:33:38.558+0000] {logging_mixin.py:188} INFO - [2026-03-23T20:33:38.558+0000] {dagbag.py:545} INFO - Filling up the DagBag from /opt/airflow/dags/tmdb_daily_dag.py
[2026-03-23T20:33:38.565+0000] {processor.py:840} INFO - DAG(s) 'tmdb_raw_pipeline' retrieved from /opt/airflow/dags/tmdb_daily_dag.py
[2026-03-23T20:33:38.575+0000] {logging_mixin.py:188} INFO - [2026-03-23T20:33:38.575+0000] {dag.py:3096} INFO - Sync 1 DAGs
[2026-03-23T20:33:38.584+0000] {logging_mixin.py:188} INFO - [2026-03-23T20:33:38.584+0000] {dag.py:3954} INFO - Setting next_dagrun for tmdb_raw_pipeline to 2026-03-23 00:00:00+00:00, run_after=2026-03-24 00:00:00+00:00
[2026-03-23T20:33:38.590+0000] {processor.py:183} INFO - Processing /opt/airflow/dags/tmdb_daily_dag.py took 0.040 seconds
[2026-03-23T20:49:08.201+0000] {processor.py:161} INFO - Started process (PID=24437) to work on /opt/airflow/dags/tmdb_daily_dag.py
[2026-03-23T20:49:08.203+0000] {processor.py:830} INFO - Processing file /opt/airflow/dags/tmdb_daily_dag.py for tasks to queue
[2026-03-23T20:49:08.203+0000] {logging_mixin.py:188} INFO - [2026-03-23T20:49:08.203+0000] {dagbag.py:545} INFO - Filling up the DagBag from /opt/airflow/dags/tmdb_daily_dag.py
[2026-03-23T20:49:08.208+0000] {processor.py:840} INFO - DAG(s) 'tmdb_raw_pipeline' retrieved from /opt/airflow/dags/tmdb_daily_dag.py
[2026-03-23T20:49:08.219+0000] {logging_mixin.py:188} INFO - [2026-03-23T20:49:08.219+0000] {dag.py:3096} INFO - Sync 1 DAGs
[2026-03-23T20:49:08.227+0000] {logging_mixin.py:188} INFO - [2026-03-23T20:49:08.227+0000] {dag.py:3954} INFO - Setting next_dagrun for tmdb_raw_pipeline to 2026-03-23 00:00:00+00:00, run_after=2026-03-24 00:00:00+00:00
[2026-03-23T20:49:08.233+0000] {processor.py:183} INFO - Processing /opt/airflow/dags/tmdb_daily_dag.py took 0.034 seconds
[2026-03-23T21:04:38.642+0000] {processor.py:161} INFO - Started process (PID=24457) to work on /opt/airflow/dags/tmdb_daily_dag.py
[2026-03-23T21:04:38.644+0000] {processor.py:830} INFO - Processing file /opt/airflow/dags/tmdb_daily_dag.py for tasks to queue
[2026-03-23T21:04:38.644+0000] {logging_mixin.py:188} INFO - [2026-03-23T21:04:38.644+0000] {dagbag.py:545} INFO - Filling up the DagBag from /opt/airflow/dags/tmdb_daily_dag.py
[2026-03-23T21:04:38.650+0000] {processor.py:840} INFO - DAG(s) 'tmdb_raw_pipeline' retrieved from /opt/airflow/dags/tmdb_daily_dag.py
[2026-03-23T21:04:38.661+0000] {logging_mixin.py:188} INFO - [2026-03-23T21:04:38.661+0000] {dag.py:3096} INFO - Sync 1 DAGs
[2026-03-23T21:04:38.671+0000] {logging_mixin.py:188} INFO - [2026-03-23T21:04:38.671+0000] {dag.py:3954} INFO - Setting next_dagrun for tmdb_raw_pipeline to 2026-03-23 00:00:00+00:00, run_after=2026-03-24 00:00:00+00:00
[2026-03-23T21:04:38.677+0000] {processor.py:183} INFO - Processing /opt/airflow/dags/tmdb_daily_dag.py took 0.042 seconds
[2026-03-23T21:20:53.779+0000] {processor.py:161} INFO - Started process (PID=24477) to work on /opt/airflow/dags/tmdb_daily_dag.py
[2026-03-23T21:20:53.780+0000] {processor.py:830} INFO - Processing file /opt/airflow/dags/tmdb_daily_dag.py for tasks to queue
[2026-03-23T21:20:53.780+0000] {logging_mixin.py:188} INFO - [2026-03-23T21:20:53.780+0000] {dagbag.py:545} INFO - Filling up the DagBag from /opt/airflow/dags/tmdb_daily_dag.py
[2026-03-23T21:20:53.786+0000] {processor.py:840} INFO - DAG(s) 'tmdb_raw_pipeline' retrieved from /opt/airflow/dags/tmdb_daily_dag.py
[2026-03-23T21:20:53.795+0000] {logging_mixin.py:188} INFO - [2026-03-23T21:20:53.795+0000] {dag.py:3096} INFO - Sync 1 DAGs
[2026-03-23T21:20:53.804+0000] {logging_mixin.py:188} INFO - [2026-03-23T21:20:53.803+0000] {dag.py:3954} INFO - Setting next_dagrun for tmdb_raw_pipeline to 2026-03-23 00:00:00+00:00, run_after=2026-03-24 00:00:00+00:00
[2026-03-23T21:20:53.809+0000] {processor.py:183} INFO - Processing /opt/airflow/dags/tmdb_daily_dag.py took 0.034 seconds
[2026-03-23T21:30:43.986+0000] {processor.py:161} INFO - Started process (PID=24497) to work on /opt/airflow/dags/tmdb_daily_dag.py
[2026-03-23T21:30:43.987+0000] {processor.py:830} INFO - Processing file /opt/airflow/dags/tmdb_daily_dag.py for tasks to queue
[2026-03-23T21:30:43.988+0000] {logging_mixin.py:188} INFO - [2026-03-23T21:30:43.988+0000] {dagbag.py:545} INFO - Filling up the DagBag from /opt/airflow/dags/tmdb_daily_dag.py
[2026-03-23T21:30:43.993+0000] {processor.py:840} INFO - DAG(s) 'tmdb_raw_pipeline' retrieved from /opt/airflow/dags/tmdb_daily_dag.py
[2026-03-23T21:30:44.005+0000] {logging_mixin.py:188} INFO - [2026-03-23T21:30:44.004+0000] {dag.py:3096} INFO - Sync 1 DAGs
[2026-03-23T21:30:44.014+0000] {logging_mixin.py:188} INFO - [2026-03-23T21:30:44.014+0000] {dag.py:3954} INFO - Setting next_dagrun for tmdb_raw_pipeline to 2026-03-23 00:00:00+00:00, run_after=2026-03-24 00:00:00+00:00
[2026-03-23T21:30:44.021+0000] {processor.py:183} INFO - Processing /opt/airflow/dags/tmdb_daily_dag.py took 0.037 seconds
[2026-03-23T21:31:14.640+0000] {processor.py:161} INFO - Started process (PID=24517) to work on /opt/airflow/dags/tmdb_daily_dag.py
[2026-03-23T21:31:14.642+0000] {processor.py:830} INFO - Processing file /opt/airflow/dags/tmdb_daily_dag.py for tasks to queue
[2026-03-23T21:31:14.643+0000] {logging_mixin.py:188} INFO - [2026-03-23T21:31:14.643+0000] {dagbag.py:545} INFO - Filling up the DagBag from /opt/airflow/dags/tmdb_daily_dag.py
[2026-03-23T21:31:14.656+0000] {processor.py:840} INFO - DAG(s) 'tmdb_raw_pipeline' retrieved from /opt/airflow/dags/tmdb_daily_dag.py
[2026-03-23T21:31:14.670+0000] {logging_mixin.py:188} INFO - [2026-03-23T21:31:14.670+0000] {dag.py:3096} INFO - Sync 1 DAGs
[2026-03-23T21:31:14.682+0000] {logging_mixin.py:188} INFO - [2026-03-23T21:31:14.682+0000] {dag.py:3954} INFO - Setting next_dagrun for tmdb_raw_pipeline to 2026-03-23 00:00:00+00:00, run_after=2026-03-24 00:00:00+00:00
[2026-03-23T21:31:14.688+0000] {processor.py:183} INFO - Processing /opt/airflow/dags/tmdb_daily_dag.py took 0.052 seconds
[2026-03-23T21:31:45.164+0000] {processor.py:161} INFO - Started process (PID=24537) to work on /opt/airflow/dags/tmdb_daily_dag.py
[2026-03-23T21:31:45.165+0000] {processor.py:830} INFO - Processing file /opt/airflow/dags/tmdb_daily_dag.py for tasks to queue
[2026-03-23T21:31:45.165+0000] {logging_mixin.py:188} INFO - [2026-03-23T21:31:45.165+0000] {dagbag.py:545} INFO - Filling up the DagBag from /opt/airflow/dags/tmdb_daily_dag.py
[2026-03-23T21:31:45.171+0000] {processor.py:840} INFO - DAG(s) 'tmdb_raw_pipeline' retrieved from /opt/airflow/dags/tmdb_daily_dag.py
[2026-03-23T21:31:45.181+0000] {logging_mixin.py:188} INFO - [2026-03-23T21:31:45.181+0000] {dag.py:3096} INFO - Sync 1 DAGs
[2026-03-23T21:31:45.189+0000] {logging_mixin.py:188} INFO - [2026-03-23T21:31:45.189+0000] {dag.py:3954} INFO - Setting next_dagrun for tmdb_raw_pipeline to 2026-03-23 00:00:00+00:00, run_after=2026-03-24 00:00:00+00:00
[2026-03-23T21:31:45.195+0000] {processor.py:183} INFO - Processing /opt/airflow/dags/tmdb_daily_dag.py took 0.034 seconds
[2026-03-23T21:32:15.685+0000] {processor.py:161} INFO - Started process (PID=24557) to work on /opt/airflow/dags/tmdb_daily_dag.py
[2026-03-23T21:32:15.687+0000] {processor.py:830} INFO - Processing file /opt/airflow/dags/tmdb_daily_dag.py for tasks to queue
[2026-03-23T21:32:15.688+0000] {logging_mixin.py:188} INFO - [2026-03-23T21:32:15.688+0000] {dagbag.py:545} INFO - Filling up the DagBag from /opt/airflow/dags/tmdb_daily_dag.py
[2026-03-23T21:32:15.693+0000] {processor.py:840} INFO - DAG(s) 'tmdb_raw_pipeline' retrieved from /opt/airflow/dags/tmdb_daily_dag.py
[2026-03-23T21:32:15.703+0000] {logging_mixin.py:188} INFO - [2026-03-23T21:32:15.703+0000] {dag.py:3096} INFO - Sync 1 DAGs
[2026-03-23T21:32:15.711+0000] {logging_mixin.py:188} INFO - [2026-03-23T21:32:15.711+0000] {dag.py:3954} INFO - Setting next_dagrun for tmdb_raw_pipeline to 2026-03-23 00:00:00+00:00, run_after=2026-03-24 00:00:00+00:00
[2026-03-23T21:32:15.716+0000] {processor.py:183} INFO - Processing /opt/airflow/dags/tmdb_daily_dag.py took 0.037 seconds
[2026-03-23T21:32:46.261+0000] {processor.py:161} INFO - Started process (PID=24577) to work on /opt/airflow/dags/tmdb_daily_dag.py
[2026-03-23T21:32:46.263+0000] {processor.py:830} INFO - Processing file /opt/airflow/dags/tmdb_daily_dag.py for tasks to queue
[2026-03-23T21:32:46.264+0000] {logging_mixin.py:188} INFO - [2026-03-23T21:32:46.264+0000] {dagbag.py:545} INFO - Filling up the DagBag from /opt/airflow/dags/tmdb_daily_dag.py
[2026-03-23T21:32:46.271+0000] {processor.py:840} INFO - DAG(s) 'tmdb_raw_pipeline' retrieved from /opt/airflow/dags/tmdb_daily_dag.py
[2026-03-23T21:32:46.283+0000] {logging_mixin.py:188} INFO - [2026-03-23T21:32:46.283+0000] {dag.py:3096} INFO - Sync 1 DAGs
[2026-03-23T21:32:46.292+0000] {logging_mixin.py:188} INFO - [2026-03-23T21:32:46.292+0000] {dag.py:3954} INFO - Setting next_dagrun for tmdb_raw_pipeline to 2026-03-23 00:00:00+00:00, run_after=2026-03-24 00:00:00+00:00
[2026-03-23T21:32:46.298+0000] {processor.py:183} INFO - Processing /opt/airflow/dags/tmdb_daily_dag.py took 0.046 seconds
[2026-03-23T21:33:16.944+0000] {processor.py:161} INFO - Started process (PID=24597) to work on /opt/airflow/dags/tmdb_daily_dag.py
[2026-03-23T21:33:16.947+0000] {processor.py:830} INFO - Processing file /opt/airflow/dags/tmdb_daily_dag.py for tasks to queue
[2026-03-23T21:33:16.947+0000] {logging_mixin.py:188} INFO - [2026-03-23T21:33:16.947+0000] {dagbag.py:545} INFO - Filling up the DagBag from /opt/airflow/dags/tmdb_daily_dag.py
[2026-03-23T21:33:16.964+0000] {processor.py:840} INFO - DAG(s) 'tmdb_raw_pipeline' retrieved from /opt/airflow/dags/tmdb_daily_dag.py
[2026-03-23T21:33:16.979+0000] {logging_mixin.py:188} INFO - [2026-03-23T21:33:16.979+0000] {dag.py:3096} INFO - Sync 1 DAGs
[2026-03-23T21:33:16.992+0000] {logging_mixin.py:188} INFO - [2026-03-23T21:33:16.992+0000] {dag.py:3954} INFO - Setting next_dagrun for tmdb_raw_pipeline to 2026-03-23 00:00:00+00:00, run_after=2026-03-24 00:00:00+00:00
[2026-03-23T21:33:17.000+0000] {processor.py:183} INFO - Processing /opt/airflow/dags/tmdb_daily_dag.py took 0.060 seconds
[2026-03-23T21:33:47.482+0000] {processor.py:161} INFO - Started process (PID=24617) to work on /opt/airflow/dags/tmdb_daily_dag.py
[2026-03-23T21:33:47.483+0000] {processor.py:830} INFO - Processing file /opt/airflow/dags/tmdb_daily_dag.py for tasks to queue
[2026-03-23T21:33:47.483+0000] {logging_mixin.py:188} INFO - [2026-03-23T21:33:47.483+0000] {dagbag.py:545} INFO - Filling up the DagBag from /opt/airflow/dags/tmdb_daily_dag.py
[2026-03-23T21:33:47.489+0000] {processor.py:840} INFO - DAG(s) 'tmdb_raw_pipeline' retrieved from /opt/airflow/dags/tmdb_daily_dag.py
[2026-03-23T21:33:47.499+0000] {logging_mixin.py:188} INFO - [2026-03-23T21:33:47.499+0000] {dag.py:3096} INFO - Sync 1 DAGs
[2026-03-23T21:33:47.509+0000] {logging_mixin.py:188} INFO - [2026-03-23T21:33:47.509+0000] {dag.py:3954} INFO - Setting next_dagrun for tmdb_raw_pipeline to 2026-03-23 00:00:00+00:00, run_after=2026-03-24 00:00:00+00:00
[2026-03-23T21:33:47.516+0000] {processor.py:183} INFO - Processing /opt/airflow/dags/tmdb_daily_dag.py took 0.037 seconds
[2026-03-23T21:34:18.039+0000] {processor.py:161} INFO - Started process (PID=24637) to work on /opt/airflow/dags/tmdb_daily_dag.py
[2026-03-23T21:34:18.040+0000] {processor.py:830} INFO - Processing file /opt/airflow/dags/tmdb_daily_dag.py for tasks to queue
[2026-03-23T21:34:18.041+0000] {logging_mixin.py:188} INFO - [2026-03-23T21:34:18.041+0000] {dagbag.py:545} INFO - Filling up the DagBag from /opt/airflow/dags/tmdb_daily_dag.py
[2026-03-23T21:34:18.047+0000] {processor.py:840} INFO - DAG(s) 'tmdb_raw_pipeline' retrieved from /opt/airflow/dags/tmdb_daily_dag.py
[2026-03-23T21:34:18.056+0000] {logging_mixin.py:188} INFO - [2026-03-23T21:34:18.056+0000] {dag.py:3096} INFO - Sync 1 DAGs
[2026-03-23T21:34:18.064+0000] {logging_mixin.py:188} INFO - [2026-03-23T21:34:18.064+0000] {dag.py:3954} INFO - Setting next_dagrun for tmdb_raw_pipeline to 2026-03-23 00:00:00+00:00, run_after=2026-03-24 00:00:00+00:00
[2026-03-23T21:34:18.070+0000] {processor.py:183} INFO - Processing /opt/airflow/dags/tmdb_daily_dag.py took 0.033 seconds
[2026-03-23T21:34:48.667+0000] {processor.py:161} INFO - Started process (PID=24657) to work on /opt/airflow/dags/tmdb_daily_dag.py
[2026-03-23T21:34:48.669+0000] {processor.py:830} INFO - Processing file /opt/airflow/dags/tmdb_daily_dag.py for tasks to queue
[2026-03-23T21:34:48.669+0000] {logging_mixin.py:188} INFO - [2026-03-23T21:34:48.669+0000] {dagbag.py:545} INFO - Filling up the DagBag from /opt/airflow/dags/tmdb_daily_dag.py
[2026-03-23T21:34:48.675+0000] {processor.py:840} INFO - DAG(s) 'tmdb_raw_pipeline' retrieved from /opt/airflow/dags/tmdb_daily_dag.py
[2026-03-23T21:34:48.686+0000] {logging_mixin.py:188} INFO - [2026-03-23T21:34:48.686+0000] {dag.py:3096} INFO - Sync 1 DAGs
[2026-03-23T21:34:48.697+0000] {logging_mixin.py:188} INFO - [2026-03-23T21:34:48.696+0000] {dag.py:3954} INFO - Setting next_dagrun for tmdb_raw_pipeline to 2026-03-23 00:00:00+00:00, run_after=2026-03-24 00:00:00+00:00
[2026-03-23T21:34:48.703+0000] {processor.py:183} INFO - Processing /opt/airflow/dags/tmdb_daily_dag.py took 0.041 seconds
[2026-03-23T21:42:13.829+0000] {processor.py:161} INFO - Started process (PID=24676) to work on /opt/airflow/dags/tmdb_daily_dag.py
[2026-03-23T21:42:13.831+0000] {processor.py:830} INFO - Processing file /opt/airflow/dags/tmdb_daily_dag.py for tasks to queue
[2026-03-23T21:42:13.831+0000] {logging_mixin.py:188} INFO - [2026-03-23T21:42:13.831+0000] {dagbag.py:545} INFO - Filling up the DagBag from /opt/airflow/dags/tmdb_daily_dag.py
[2026-03-23T21:42:13.837+0000] {processor.py:840} INFO - DAG(s) 'tmdb_raw_pipeline' retrieved from /opt/airflow/dags/tmdb_daily_dag.py
[2026-03-23T21:42:13.854+0000] {logging_mixin.py:188} INFO - [2026-03-23T21:42:13.854+0000] {dag.py:3096} INFO - Sync 1 DAGs
[2026-03-23T21:42:13.869+0000] {logging_mixin.py:188} INFO - [2026-03-23T21:42:13.869+0000] {dag.py:3954} INFO - Setting next_dagrun for tmdb_raw_pipeline to 2026-03-23 00:00:00+00:00, run_after=2026-03-24 00:00:00+00:00
[2026-03-23T21:42:13.886+0000] {processor.py:183} INFO - Processing /opt/airflow/dags/tmdb_daily_dag.py took 0.060 seconds
[2026-03-23T21:57:43.189+0000] {processor.py:161} INFO - Started process (PID=24697) to work on /opt/airflow/dags/tmdb_daily_dag.py
[2026-03-23T21:57:43.190+0000] {processor.py:830} INFO - Processing file /opt/airflow/dags/tmdb_daily_dag.py for tasks to queue
[2026-03-23T21:57:43.191+0000] {logging_mixin.py:188} INFO - [2026-03-23T21:57:43.191+0000] {dagbag.py:545} INFO - Filling up the DagBag from /opt/airflow/dags/tmdb_daily_dag.py
[2026-03-23T21:57:43.196+0000] {processor.py:840} INFO - DAG(s) 'tmdb_raw_pipeline' retrieved from /opt/airflow/dags/tmdb_daily_dag.py
[2026-03-23T21:57:43.205+0000] {logging_mixin.py:188} INFO - [2026-03-23T21:57:43.205+0000] {dag.py:3096} INFO - Sync 1 DAGs
[2026-03-23T21:57:43.213+0000] {logging_mixin.py:188} INFO - [2026-03-23T21:57:43.213+0000] {dag.py:3954} INFO - Setting next_dagrun for tmdb_raw_pipeline to 2026-03-23 00:00:00+00:00, run_after=2026-03-24 00:00:00+00:00
[2026-03-23T21:57:43.219+0000] {processor.py:183} INFO - Processing /opt/airflow/dags/tmdb_daily_dag.py took 0.033 seconds
[2026-03-23T22:13:13.684+0000] {processor.py:161} INFO - Started process (PID=24717) to work on /opt/airflow/dags/tmdb_daily_dag.py
[2026-03-23T22:13:13.685+0000] {processor.py:830} INFO - Processing file /opt/airflow/dags/tmdb_daily_dag.py for tasks to queue
[2026-03-23T22:13:13.685+0000] {logging_mixin.py:188} INFO - [2026-03-23T22:13:13.685+0000] {dagbag.py:545} INFO - Filling up the DagBag from /opt/airflow/dags/tmdb_daily_dag.py
[2026-03-23T22:13:13.690+0000] {processor.py:840} INFO - DAG(s) 'tmdb_raw_pipeline' retrieved from /opt/airflow/dags/tmdb_daily_dag.py
[2026-03-23T22:13:13.709+0000] {logging_mixin.py:188} INFO - [2026-03-23T22:13:13.709+0000] {dag.py:3096} INFO - Sync 1 DAGs
[2026-03-23T22:13:13.717+0000] {logging_mixin.py:188} INFO - [2026-03-23T22:13:13.717+0000] {dag.py:3954} INFO - Setting next_dagrun for tmdb_raw_pipeline to 2026-03-23 00:00:00+00:00, run_after=2026-03-24 00:00:00+00:00
[2026-03-23T22:13:13.723+0000] {processor.py:183} INFO - Processing /opt/airflow/dags/tmdb_daily_dag.py took 0.042 seconds
[2026-03-23T22:28:43.159+0000] {processor.py:161} INFO - Started process (PID=24737) to work on /opt/airflow/dags/tmdb_daily_dag.py
[2026-03-23T22:28:43.161+0000] {processor.py:830} INFO - Processing file /opt/airflow/dags/tmdb_daily_dag.py for tasks to queue
[2026-03-23T22:28:43.161+0000] {logging_mixin.py:188} INFO - [2026-03-23T22:28:43.161+0000] {dagbag.py:545} INFO - Filling up the DagBag from /opt/airflow/dags/tmdb_daily_dag.py
[2026-03-23T22:28:43.169+0000] {processor.py:840} INFO - DAG(s) 'tmdb_raw_pipeline' retrieved from /opt/airflow/dags/tmdb_daily_dag.py
[2026-03-23T22:28:43.182+0000] {logging_mixin.py:188} INFO - [2026-03-23T22:28:43.182+0000] {dag.py:3096} INFO - Sync 1 DAGs
[2026-03-23T22:28:43.193+0000] {logging_mixin.py:188} INFO - [2026-03-23T22:28:43.193+0000] {dag.py:3954} INFO - Setting next_dagrun for tmdb_raw_pipeline to 2026-03-23 00:00:00+00:00, run_after=2026-03-24 00:00:00+00:00
[2026-03-23T22:28:43.201+0000] {processor.py:183} INFO - Processing /opt/airflow/dags/tmdb_daily_dag.py took 0.046 seconds
[2026-03-23T22:44:13.592+0000] {processor.py:161} INFO - Started process (PID=24757) to work on /opt/airflow/dags/tmdb_daily_dag.py
[2026-03-23T22:44:13.594+0000] {processor.py:830} INFO - Processing file /opt/airflow/dags/tmdb_daily_dag.py for tasks to queue
[2026-03-23T22:44:13.594+0000] {logging_mixin.py:188} INFO - [2026-03-23T22:44:13.594+0000] {dagbag.py:545} INFO - Filling up the DagBag from /opt/airflow/dags/tmdb_daily_dag.py
[2026-03-23T22:44:13.599+0000] {processor.py:840} INFO - DAG(s) 'tmdb_raw_pipeline' retrieved from /opt/airflow/dags/tmdb_daily_dag.py
[2026-03-23T22:44:13.608+0000] {logging_mixin.py:188} INFO - [2026-03-23T22:44:13.608+0000] {dag.py:3096} INFO - Sync 1 DAGs
[2026-03-23T22:44:13.616+0000] {logging_mixin.py:188} INFO - [2026-03-23T22:44:13.616+0000] {dag.py:3954} INFO - Setting next_dagrun for tmdb_raw_pipeline to 2026-03-23 00:00:00+00:00, run_after=2026-03-24 00:00:00+00:00
[2026-03-23T22:44:13.622+0000] {processor.py:183} INFO - Processing /opt/airflow/dags/tmdb_daily_dag.py took 0.031 seconds
[2026-03-23T23:14:43.055+0000] {processor.py:161} INFO - Started process (PID=24777) to work on /opt/airflow/dags/tmdb_daily_dag.py
[2026-03-23T23:14:43.056+0000] {processor.py:830} INFO - Processing file /opt/airflow/dags/tmdb_daily_dag.py for tasks to queue
[2026-03-23T23:14:43.057+0000] {logging_mixin.py:188} INFO - [2026-03-23T23:14:43.056+0000] {dagbag.py:545} INFO - Filling up the DagBag from /opt/airflow/dags/tmdb_daily_dag.py
[2026-03-23T23:14:43.063+0000] {processor.py:840} INFO - DAG(s) 'tmdb_raw_pipeline' retrieved from /opt/airflow/dags/tmdb_daily_dag.py
[2026-03-23T23:14:43.077+0000] {logging_mixin.py:188} INFO - [2026-03-23T23:14:43.076+0000] {dag.py:3096} INFO - Sync 1 DAGs
[2026-03-23T23:14:43.086+0000] {logging_mixin.py:188} INFO - [2026-03-23T23:14:43.086+0000] {dag.py:3954} INFO - Setting next_dagrun for tmdb_raw_pipeline to 2026-03-23 00:00:00+00:00, run_after=2026-03-24 00:00:00+00:00
[2026-03-23T23:14:43.092+0000] {processor.py:183} INFO - Processing /opt/airflow/dags/tmdb_daily_dag.py took 0.040 seconds
[2026-03-23T23:30:12.538+0000] {processor.py:161} INFO - Started process (PID=24797) to work on /opt/airflow/dags/tmdb_daily_dag.py
[2026-03-23T23:30:12.540+0000] {processor.py:830} INFO - Processing file /opt/airflow/dags/tmdb_daily_dag.py for tasks to queue
[2026-03-23T23:30:12.540+0000] {logging_mixin.py:188} INFO - [2026-03-23T23:30:12.540+0000] {dagbag.py:545} INFO - Filling up the DagBag from /opt/airflow/dags/tmdb_daily_dag.py
[2026-03-23T23:30:12.546+0000] {processor.py:840} INFO - DAG(s) 'tmdb_raw_pipeline' retrieved from /opt/airflow/dags/tmdb_daily_dag.py
[2026-03-23T23:30:12.560+0000] {logging_mixin.py:188} INFO - [2026-03-23T23:30:12.559+0000] {dag.py:3096} INFO - Sync 1 DAGs
[2026-03-23T23:30:12.571+0000] {logging_mixin.py:188} INFO - [2026-03-23T23:30:12.571+0000] {dag.py:3954} INFO - Setting next_dagrun for tmdb_raw_pipeline to 2026-03-23 00:00:00+00:00, run_after=2026-03-24 00:00:00+00:00
[2026-03-23T23:30:12.578+0000] {processor.py:183} INFO - Processing /opt/airflow/dags/tmdb_daily_dag.py took 0.042 seconds
[2026-03-23T23:43:31.132+0000] {processor.py:161} INFO - Started process (PID=24817) to work on /opt/airflow/dags/tmdb_daily_dag.py
[2026-03-23T23:43:31.133+0000] {processor.py:830} INFO - Processing file /opt/airflow/dags/tmdb_daily_dag.py for tasks to queue
[2026-03-23T23:43:31.134+0000] {logging_mixin.py:188} INFO - [2026-03-23T23:43:31.134+0000] {dagbag.py:545} INFO - Filling up the DagBag from /opt/airflow/dags/tmdb_daily_dag.py
[2026-03-23T23:43:31.139+0000] {processor.py:840} INFO - DAG(s) 'tmdb_raw_pipeline' retrieved from /opt/airflow/dags/tmdb_daily_dag.py
[2026-03-23T23:43:31.150+0000] {logging_mixin.py:188} INFO - [2026-03-23T23:43:31.149+0000] {dag.py:3096} INFO - Sync 1 DAGs
[2026-03-23T23:43:31.160+0000] {logging_mixin.py:188} INFO - [2026-03-23T23:43:31.160+0000] {dag.py:3954} INFO - Setting next_dagrun for tmdb_raw_pipeline to 2026-03-23 00:00:00+00:00, run_after=2026-03-24 00:00:00+00:00
[2026-03-23T23:43:31.167+0000] {processor.py:183} INFO - Processing /opt/airflow/dags/tmdb_daily_dag.py took 0.038 seconds
[2026-03-23T23:59:00.605+0000] {processor.py:161} INFO - Started process (PID=24837) to work on /opt/airflow/dags/tmdb_daily_dag.py
[2026-03-23T23:59:00.607+0000] {processor.py:830} INFO - Processing file /opt/airflow/dags/tmdb_daily_dag.py for tasks to queue
[2026-03-23T23:59:00.608+0000] {logging_mixin.py:188} INFO - [2026-03-23T23:59:00.608+0000] {dagbag.py:545} INFO - Filling up the DagBag from /opt/airflow/dags/tmdb_daily_dag.py
[2026-03-23T23:59:00.623+0000] {processor.py:840} INFO - DAG(s) 'tmdb_raw_pipeline' retrieved from /opt/airflow/dags/tmdb_daily_dag.py
[2026-03-23T23:59:00.636+0000] {logging_mixin.py:188} INFO - [2026-03-23T23:59:00.636+0000] {dag.py:3096} INFO - Sync 1 DAGs
[2026-03-23T23:59:00.648+0000] {logging_mixin.py:188} INFO - [2026-03-23T23:59:00.647+0000] {dag.py:3954} INFO - Setting next_dagrun for tmdb_raw_pipeline to 2026-03-23 00:00:00+00:00, run_after=2026-03-24 00:00:00+00:00
[2026-03-23T23:59:00.658+0000] {processor.py:183} INFO - Processing /opt/airflow/dags/tmdb_daily_dag.py took 0.056 seconds
