[2026-03-22T16:55:44.405+0000] {local_task_job_runner.py:120} INFO - ::group::Pre task execution logs
[2026-03-22T16:55:44.421+0000] {taskinstance.py:2076} INFO - Dependencies all met for dep_context=non-requeueable deps ti=<TaskInstance: tmdb_raw_pipeline.trigger_stage manual__2026-03-22T16:55:13.015774+00:00 [queued]>
[2026-03-22T16:55:44.424+0000] {taskinstance.py:2076} INFO - Dependencies all met for dep_context=requeueable deps ti=<TaskInstance: tmdb_raw_pipeline.trigger_stage manual__2026-03-22T16:55:13.015774+00:00 [queued]>
[2026-03-22T16:55:44.424+0000] {taskinstance.py:2306} INFO - Starting attempt 1 of 1
[2026-03-22T16:55:44.429+0000] {taskinstance.py:2330} INFO - Executing <Task(TriggerDagRunOperator): trigger_stage> on 2026-03-22 16:55:13.015774+00:00
[2026-03-22T16:55:44.434+0000] {standard_task_runner.py:90} INFO - Running: ['airflow', 'tasks', 'run', 'tmdb_raw_pipeline', 'trigger_stage', 'manual__2026-03-22T16:55:13.015774+00:00', '--job-id', '10', '--raw', '--subdir', 'DAGS_FOLDER/tmdb_daily_dag.py', '--cfg-path', '/tmp/tmpgy9jigsu']
[2026-03-22T16:55:44.436+0000] {standard_task_runner.py:91} INFO - Job 10: Subtask trigger_stage
[2026-03-22T16:55:44.435+0000] {logging_mixin.py:188} WARNING - /home/airflow/.local/lib/python3.12/site-packages/airflow/task/task_runner/standard_task_runner.py:61 DeprecationWarning: This process (pid=3399) is multi-threaded, use of fork() may lead to deadlocks in the child.
[2026-03-22T16:55:44.437+0000] {standard_task_runner.py:63} INFO - Started process 3400 to run task
[2026-03-22T16:55:44.461+0000] {task_command.py:426} INFO - Running <TaskInstance: tmdb_raw_pipeline.trigger_stage manual__2026-03-22T16:55:13.015774+00:00 [running]> on host 8742e1fd3736
[2026-03-22T16:55:44.499+0000] {taskinstance.py:2648} INFO - Exporting env vars: AIRFLOW_CTX_DAG_OWNER='airflow' AIRFLOW_CTX_DAG_ID='tmdb_raw_pipeline' AIRFLOW_CTX_TASK_ID='trigger_stage' AIRFLOW_CTX_EXECUTION_DATE='2026-03-22T16:55:13.015774+00:00' AIRFLOW_CTX_TRY_NUMBER='1' AIRFLOW_CTX_DAG_RUN_ID='manual__2026-03-22T16:55:13.015774+00:00'
[2026-03-22T16:55:44.500+0000] {taskinstance.py:430} INFO - ::endgroup::
[2026-03-22T16:55:48.463+0000] {logging_mixin.py:188} WARNING - /home/airflow/.local/lib/python3.12/site-packages/azure/mgmt/datafactory/models/_models_py3.py:213 SyntaxWarning: invalid escape sequence '\d'
[2026-03-22T16:55:48.464+0000] {logging_mixin.py:188} WARNING - /home/airflow/.local/lib/python3.12/site-packages/azure/mgmt/datafactory/models/_models_py3.py:260 SyntaxWarning: invalid escape sequence '\d'
[2026-03-22T16:55:48.466+0000] {logging_mixin.py:188} WARNING - /home/airflow/.local/lib/python3.12/site-packages/azure/mgmt/datafactory/models/_models_py3.py:1189 SyntaxWarning: invalid escape sequence '\d'
[2026-03-22T16:55:48.468+0000] {logging_mixin.py:188} WARNING - /home/airflow/.local/lib/python3.12/site-packages/azure/mgmt/datafactory/models/_models_py3.py:1291 SyntaxWarning: invalid escape sequence '\d'
[2026-03-22T16:55:48.468+0000] {logging_mixin.py:188} WARNING - /home/airflow/.local/lib/python3.12/site-packages/azure/mgmt/datafactory/models/_models_py3.py:1318 SyntaxWarning: invalid escape sequence '\d'
[2026-03-22T16:55:48.468+0000] {logging_mixin.py:188} WARNING - /home/airflow/.local/lib/python3.12/site-packages/azure/mgmt/datafactory/models/_models_py3.py:1458 SyntaxWarning: invalid escape sequence '\d'
[2026-03-22T16:55:48.469+0000] {logging_mixin.py:188} WARNING - /home/airflow/.local/lib/python3.12/site-packages/azure/mgmt/datafactory/models/_models_py3.py:1495 SyntaxWarning: invalid escape sequence '\d'
[2026-03-22T16:55:48.469+0000] {logging_mixin.py:188} WARNING - /home/airflow/.local/lib/python3.12/site-packages/azure/mgmt/datafactory/models/_models_py3.py:1556 SyntaxWarning: invalid escape sequence '\d'
[2026-03-22T16:55:48.470+0000] {logging_mixin.py:188} WARNING - /home/airflow/.local/lib/python3.12/site-packages/azure/mgmt/datafactory/models/_models_py3.py:1746 SyntaxWarning: invalid escape sequence '\d'
[2026-03-22T16:55:48.470+0000] {logging_mixin.py:188} WARNING - /home/airflow/.local/lib/python3.12/site-packages/azure/mgmt/datafactory/models/_models_py3.py:1817 SyntaxWarning: invalid escape sequence '\d'
[2026-03-22T16:55:48.471+0000] {logging_mixin.py:188} WARNING - /home/airflow/.local/lib/python3.12/site-packages/azure/mgmt/datafactory/models/_models_py3.py:2093 SyntaxWarning: invalid escape sequence '\d'
[2026-03-22T16:55:48.471+0000] {logging_mixin.py:188} WARNING - /home/airflow/.local/lib/python3.12/site-packages/azure/mgmt/datafactory/models/_models_py3.py:2183 SyntaxWarning: invalid escape sequence '\d'
[2026-03-22T16:55:48.472+0000] {logging_mixin.py:188} WARNING - /home/airflow/.local/lib/python3.12/site-packages/azure/mgmt/datafactory/models/_models_py3.py:2482 SyntaxWarning: invalid escape sequence '\d'
[2026-03-22T16:55:48.473+0000] {logging_mixin.py:188} WARNING - /home/airflow/.local/lib/python3.12/site-packages/azure/mgmt/datafactory/models/_models_py3.py:2548 SyntaxWarning: invalid escape sequence '\d'
[2026-03-22T16:55:48.519+0000] {logging_mixin.py:188} WARNING - /home/airflow/.local/lib/python3.12/site-packages/azure/mgmt/datafactory/models/_models_py3.py:4365 SyntaxWarning: invalid escape sequence '\d'
[2026-03-22T16:55:48.523+0000] {logging_mixin.py:188} WARNING - /home/airflow/.local/lib/python3.12/site-packages/azure/mgmt/datafactory/models/_models_py3.py:4481 SyntaxWarning: invalid escape sequence '\d'
[2026-03-22T16:55:48.525+0000] {logging_mixin.py:188} WARNING - /home/airflow/.local/lib/python3.12/site-packages/azure/mgmt/datafactory/models/_models_py3.py:4516 SyntaxWarning: invalid escape sequence '\d'
[2026-03-22T16:55:48.531+0000] {logging_mixin.py:188} WARNING - /home/airflow/.local/lib/python3.12/site-packages/azure/mgmt/datafactory/models/_models_py3.py:4580 SyntaxWarning: invalid escape sequence '\d'
[2026-03-22T16:55:48.535+0000] {logging_mixin.py:188} WARNING - /home/airflow/.local/lib/python3.12/site-packages/azure/mgmt/datafactory/models/_models_py3.py:4623 SyntaxWarning: invalid escape sequence '\d'
[2026-03-22T16:55:48.537+0000] {logging_mixin.py:188} WARNING - /home/airflow/.local/lib/python3.12/site-packages/azure/mgmt/datafactory/models/_models_py3.py:4678 SyntaxWarning: invalid escape sequence '\d'
[2026-03-22T16:55:48.561+0000] {logging_mixin.py:188} WARNING - /home/airflow/.local/lib/python3.12/site-packages/azure/mgmt/datafactory/models/_models_py3.py:5689 SyntaxWarning: invalid escape sequence '\d'
[2026-03-22T16:55:48.566+0000] {logging_mixin.py:188} WARNING - /home/airflow/.local/lib/python3.12/site-packages/azure/mgmt/datafactory/models/_models_py3.py:5755 SyntaxWarning: invalid escape sequence '\d'
[2026-03-22T16:55:48.566+0000] {logging_mixin.py:188} WARNING - /home/airflow/.local/lib/python3.12/site-packages/azure/mgmt/datafactory/models/_models_py3.py:5800 SyntaxWarning: invalid escape sequence '\d'
[2026-03-22T16:55:48.567+0000] {logging_mixin.py:188} WARNING - /home/airflow/.local/lib/python3.12/site-packages/azure/mgmt/datafactory/models/_models_py3.py:5861 SyntaxWarning: invalid escape sequence '\d'
[2026-03-22T16:55:48.572+0000] {logging_mixin.py:188} WARNING - /home/airflow/.local/lib/python3.12/site-packages/azure/mgmt/datafactory/models/_models_py3.py:6986 SyntaxWarning: invalid escape sequence '\d'
[2026-03-22T16:55:48.573+0000] {logging_mixin.py:188} WARNING - /home/airflow/.local/lib/python3.12/site-packages/azure/mgmt/datafactory/models/_models_py3.py:7051 SyntaxWarning: invalid escape sequence '\d'
[2026-03-22T16:55:48.574+0000] {logging_mixin.py:188} WARNING - /home/airflow/.local/lib/python3.12/site-packages/azure/mgmt/datafactory/models/_models_py3.py:7096 SyntaxWarning: invalid escape sequence '\d'
[2026-03-22T16:55:48.580+0000] {logging_mixin.py:188} WARNING - /home/airflow/.local/lib/python3.12/site-packages/azure/mgmt/datafactory/models/_models_py3.py:7151 SyntaxWarning: invalid escape sequence '\d'
[2026-03-22T16:55:48.587+0000] {logging_mixin.py:188} WARNING - /home/airflow/.local/lib/python3.12/site-packages/azure/mgmt/datafactory/models/_models_py3.py:7588 SyntaxWarning: invalid escape sequence '\d'
[2026-03-22T16:55:48.590+0000] {logging_mixin.py:188} WARNING - /home/airflow/.local/lib/python3.12/site-packages/azure/mgmt/datafactory/models/_models_py3.py:7661 SyntaxWarning: invalid escape sequence '\d'
[2026-03-22T16:55:48.591+0000] {logging_mixin.py:188} WARNING - /home/airflow/.local/lib/python3.12/site-packages/azure/mgmt/datafactory/models/_models_py3.py:7832 SyntaxWarning: invalid escape sequence '\d'
[2026-03-22T16:55:48.592+0000] {logging_mixin.py:188} WARNING - /home/airflow/.local/lib/python3.12/site-packages/azure/mgmt/datafactory/models/_models_py3.py:7903 SyntaxWarning: invalid escape sequence '\d'
[2026-03-22T16:55:48.593+0000] {logging_mixin.py:188} WARNING - /home/airflow/.local/lib/python3.12/site-packages/azure/mgmt/datafactory/models/_models_py3.py:7952 SyntaxWarning: invalid escape sequence '\d'
[2026-03-22T16:55:48.593+0000] {logging_mixin.py:188} WARNING - /home/airflow/.local/lib/python3.12/site-packages/azure/mgmt/datafactory/models/_models_py3.py:8019 SyntaxWarning: invalid escape sequence '\d'
[2026-03-22T16:55:48.631+0000] {logging_mixin.py:188} WARNING - /home/airflow/.local/lib/python3.12/site-packages/azure/mgmt/datafactory/models/_models_py3.py:8812 SyntaxWarning: invalid escape sequence '\d'
[2026-03-22T16:55:48.632+0000] {logging_mixin.py:188} WARNING - /home/airflow/.local/lib/python3.12/site-packages/azure/mgmt/datafactory/models/_models_py3.py:8877 SyntaxWarning: invalid escape sequence '\d'
[2026-03-22T16:55:48.632+0000] {logging_mixin.py:188} WARNING - /home/airflow/.local/lib/python3.12/site-packages/azure/mgmt/datafactory/models/_models_py3.py:8921 SyntaxWarning: invalid escape sequence '\d'
[2026-03-22T16:55:48.633+0000] {logging_mixin.py:188} WARNING - /home/airflow/.local/lib/python3.12/site-packages/azure/mgmt/datafactory/models/_models_py3.py:8972 SyntaxWarning: invalid escape sequence '\d'
[2026-03-22T16:55:48.642+0000] {logging_mixin.py:188} WARNING - /home/airflow/.local/lib/python3.12/site-packages/azure/mgmt/datafactory/models/_models_py3.py:10035 SyntaxWarning: invalid escape sequence '\d'
[2026-03-22T16:55:48.643+0000] {logging_mixin.py:188} WARNING - /home/airflow/.local/lib/python3.12/site-packages/azure/mgmt/datafactory/models/_models_py3.py:10096 SyntaxWarning: invalid escape sequence '\d'
[2026-03-22T16:55:48.675+0000] {logging_mixin.py:188} WARNING - /home/airflow/.local/lib/python3.12/site-packages/azure/mgmt/datafactory/models/_models_py3.py:11122 SyntaxWarning: invalid escape sequence '\d'
[2026-03-22T16:55:48.676+0000] {logging_mixin.py:188} WARNING - /home/airflow/.local/lib/python3.12/site-packages/azure/mgmt/datafactory/models/_models_py3.py:11183 SyntaxWarning: invalid escape sequence '\d'
[2026-03-22T16:55:48.676+0000] {logging_mixin.py:188} WARNING - /home/airflow/.local/lib/python3.12/site-packages/azure/mgmt/datafactory/models/_models_py3.py:11224 SyntaxWarning: invalid escape sequence '\d'
[2026-03-22T16:55:48.676+0000] {logging_mixin.py:188} WARNING - /home/airflow/.local/lib/python3.12/site-packages/azure/mgmt/datafactory/models/_models_py3.py:11284 SyntaxWarning: invalid escape sequence '\d'
[2026-03-22T16:55:48.678+0000] {logging_mixin.py:188} WARNING - /home/airflow/.local/lib/python3.12/site-packages/azure/mgmt/datafactory/models/_models_py3.py:11529 SyntaxWarning: invalid escape sequence '\d'
[2026-03-22T16:55:48.679+0000] {logging_mixin.py:188} WARNING - /home/airflow/.local/lib/python3.12/site-packages/azure/mgmt/datafactory/models/_models_py3.py:11590 SyntaxWarning: invalid escape sequence '\d'
[2026-03-22T16:55:48.681+0000] {logging_mixin.py:188} WARNING - /home/airflow/.local/lib/python3.12/site-packages/azure/mgmt/datafactory/models/_models_py3.py:11631 SyntaxWarning: invalid escape sequence '\d'
[2026-03-22T16:55:48.683+0000] {logging_mixin.py:188} WARNING - /home/airflow/.local/lib/python3.12/site-packages/azure/mgmt/datafactory/models/_models_py3.py:11692 SyntaxWarning: invalid escape sequence '\d'
[2026-03-22T16:55:48.691+0000] {logging_mixin.py:188} WARNING - /home/airflow/.local/lib/python3.12/site-packages/azure/mgmt/datafactory/models/_models_py3.py:11855 SyntaxWarning: invalid escape sequence '\d'
[2026-03-22T16:55:48.696+0000] {logging_mixin.py:188} WARNING - /home/airflow/.local/lib/python3.12/site-packages/azure/mgmt/datafactory/models/_models_py3.py:11911 SyntaxWarning: invalid escape sequence '\d'
[2026-03-22T16:55:48.704+0000] {logging_mixin.py:188} WARNING - /home/airflow/.local/lib/python3.12/site-packages/azure/mgmt/datafactory/models/_models_py3.py:12053 SyntaxWarning: invalid escape sequence '\d'
[2026-03-22T16:55:48.709+0000] {logging_mixin.py:188} WARNING - /home/airflow/.local/lib/python3.12/site-packages/azure/mgmt/datafactory/models/_models_py3.py:12115 SyntaxWarning: invalid escape sequence '\d'
[2026-03-22T16:55:48.732+0000] {logging_mixin.py:188} WARNING - /home/airflow/.local/lib/python3.12/site-packages/azure/mgmt/datafactory/models/_models_py3.py:12932 SyntaxWarning: invalid escape sequence '\d'
[2026-03-22T16:55:48.734+0000] {logging_mixin.py:188} WARNING - /home/airflow/.local/lib/python3.12/site-packages/azure/mgmt/datafactory/models/_models_py3.py:13034 SyntaxWarning: invalid escape sequence '\d'
[2026-03-22T16:55:48.734+0000] {logging_mixin.py:188} WARNING - /home/airflow/.local/lib/python3.12/site-packages/azure/mgmt/datafactory/models/_models_py3.py:13105 SyntaxWarning: invalid escape sequence '\d'
[2026-03-22T16:55:48.738+0000] {logging_mixin.py:188} WARNING - /home/airflow/.local/lib/python3.12/site-packages/azure/mgmt/datafactory/models/_models_py3.py:13196 SyntaxWarning: invalid escape sequence '\d'
[2026-03-22T16:55:48.740+0000] {logging_mixin.py:188} WARNING - /home/airflow/.local/lib/python3.12/site-packages/azure/mgmt/datafactory/models/_models_py3.py:13694 SyntaxWarning: invalid escape sequence '\d'
[2026-03-22T16:55:48.741+0000] {logging_mixin.py:188} WARNING - /home/airflow/.local/lib/python3.12/site-packages/azure/mgmt/datafactory/models/_models_py3.py:13770 SyntaxWarning: invalid escape sequence '\d'
[2026-03-22T16:55:48.741+0000] {logging_mixin.py:188} WARNING - /home/airflow/.local/lib/python3.12/site-packages/azure/mgmt/datafactory/models/_models_py3.py:13823 SyntaxWarning: invalid escape sequence '\d'
[2026-03-22T16:55:48.742+0000] {logging_mixin.py:188} WARNING - /home/airflow/.local/lib/python3.12/site-packages/azure/mgmt/datafactory/models/_models_py3.py:13889 SyntaxWarning: invalid escape sequence '\d'
[2026-03-22T16:55:48.745+0000] {logging_mixin.py:188} WARNING - /home/airflow/.local/lib/python3.12/site-packages/azure/mgmt/datafactory/models/_models_py3.py:14277 SyntaxWarning: invalid escape sequence '\d'
[2026-03-22T16:55:48.745+0000] {logging_mixin.py:188} WARNING - /home/airflow/.local/lib/python3.12/site-packages/azure/mgmt/datafactory/models/_models_py3.py:14337 SyntaxWarning: invalid escape sequence '\d'
[2026-03-22T16:55:48.746+0000] {logging_mixin.py:188} WARNING - /home/airflow/.local/lib/python3.12/site-packages/azure/mgmt/datafactory/models/_models_py3.py:14377 SyntaxWarning: invalid escape sequence '\d'
[2026-03-22T16:55:48.746+0000] {logging_mixin.py:188} WARNING - /home/airflow/.local/lib/python3.12/site-packages/azure/mgmt/datafactory/models/_models_py3.py:14431 SyntaxWarning: invalid escape sequence '\d'
[2026-03-22T16:55:48.747+0000] {logging_mixin.py:188} WARNING - /home/airflow/.local/lib/python3.12/site-packages/azure/mgmt/datafactory/models/_models_py3.py:14727 SyntaxWarning: invalid escape sequence '\d'
[2026-03-22T16:55:48.748+0000] {logging_mixin.py:188} WARNING - /home/airflow/.local/lib/python3.12/site-packages/azure/mgmt/datafactory/models/_models_py3.py:14807 SyntaxWarning: invalid escape sequence '\d'
[2026-03-22T16:55:48.748+0000] {logging_mixin.py:188} WARNING - /home/airflow/.local/lib/python3.12/site-packages/azure/mgmt/datafactory/models/_models_py3.py:14863 SyntaxWarning: invalid escape sequence '\d'
[2026-03-22T16:55:48.749+0000] {logging_mixin.py:188} WARNING - /home/airflow/.local/lib/python3.12/site-packages/azure/mgmt/datafactory/models/_models_py3.py:14924 SyntaxWarning: invalid escape sequence '\d'
[2026-03-22T16:55:48.750+0000] {logging_mixin.py:188} WARNING - /home/airflow/.local/lib/python3.12/site-packages/azure/mgmt/datafactory/models/_models_py3.py:15178 SyntaxWarning: invalid escape sequence '\d'
[2026-03-22T16:55:48.751+0000] {logging_mixin.py:188} WARNING - /home/airflow/.local/lib/python3.12/site-packages/azure/mgmt/datafactory/models/_models_py3.py:15249 SyntaxWarning: invalid escape sequence '\d'
[2026-03-22T16:55:48.757+0000] {logging_mixin.py:188} WARNING - /home/airflow/.local/lib/python3.12/site-packages/azure/mgmt/datafactory/models/_models_py3.py:16131 SyntaxWarning: invalid escape sequence '\d'
[2026-03-22T16:55:48.757+0000] {logging_mixin.py:188} WARNING - /home/airflow/.local/lib/python3.12/site-packages/azure/mgmt/datafactory/models/_models_py3.py:16203 SyntaxWarning: invalid escape sequence '\d'
[2026-03-22T16:55:48.757+0000] {logging_mixin.py:188} WARNING - /home/airflow/.local/lib/python3.12/site-packages/azure/mgmt/datafactory/models/_models_py3.py:16252 SyntaxWarning: invalid escape sequence '\d'
[2026-03-22T16:55:48.758+0000] {logging_mixin.py:188} WARNING - /home/airflow/.local/lib/python3.12/site-packages/azure/mgmt/datafactory/models/_models_py3.py:16308 SyntaxWarning: invalid escape sequence '\d'
[2026-03-22T16:55:48.760+0000] {logging_mixin.py:188} WARNING - /home/airflow/.local/lib/python3.12/site-packages/azure/mgmt/datafactory/models/_models_py3.py:16668 SyntaxWarning: invalid escape sequence '\d'
[2026-03-22T16:55:48.760+0000] {logging_mixin.py:188} WARNING - /home/airflow/.local/lib/python3.12/site-packages/azure/mgmt/datafactory/models/_models_py3.py:16729 SyntaxWarning: invalid escape sequence '\d'
[2026-03-22T16:55:48.763+0000] {logging_mixin.py:188} WARNING - /home/airflow/.local/lib/python3.12/site-packages/azure/mgmt/datafactory/models/_models_py3.py:17551 SyntaxWarning: invalid escape sequence '\d'
[2026-03-22T16:55:48.765+0000] {logging_mixin.py:188} WARNING - /home/airflow/.local/lib/python3.12/site-packages/azure/mgmt/datafactory/models/_models_py3.py:17613 SyntaxWarning: invalid escape sequence '\d'
[2026-03-22T16:55:48.766+0000] {logging_mixin.py:188} WARNING - /home/airflow/.local/lib/python3.12/site-packages/azure/mgmt/datafactory/models/_models_py3.py:17655 SyntaxWarning: invalid escape sequence '\d'
[2026-03-22T16:55:48.766+0000] {logging_mixin.py:188} WARNING - /home/airflow/.local/lib/python3.12/site-packages/azure/mgmt/datafactory/models/_models_py3.py:17728 SyntaxWarning: invalid escape sequence '\d'
[2026-03-22T16:55:48.767+0000] {logging_mixin.py:188} WARNING - /home/airflow/.local/lib/python3.12/site-packages/azure/mgmt/datafactory/models/_models_py3.py:17884 SyntaxWarning: invalid escape sequence '\d'
[2026-03-22T16:55:48.767+0000] {logging_mixin.py:188} WARNING - /home/airflow/.local/lib/python3.12/site-packages/azure/mgmt/datafactory/models/_models_py3.py:17945 SyntaxWarning: invalid escape sequence '\d'
[2026-03-22T16:55:48.767+0000] {logging_mixin.py:188} WARNING - /home/airflow/.local/lib/python3.12/site-packages/azure/mgmt/datafactory/models/_models_py3.py:17986 SyntaxWarning: invalid escape sequence '\d'
[2026-03-22T16:55:48.768+0000] {logging_mixin.py:188} WARNING - /home/airflow/.local/lib/python3.12/site-packages/azure/mgmt/datafactory/models/_models_py3.py:18056 SyntaxWarning: invalid escape sequence '\d'
[2026-03-22T16:55:48.768+0000] {logging_mixin.py:188} WARNING - /home/airflow/.local/lib/python3.12/site-packages/azure/mgmt/datafactory/models/_models_py3.py:18196 SyntaxWarning: invalid escape sequence '\d'
[2026-03-22T16:55:48.768+0000] {logging_mixin.py:188} WARNING - /home/airflow/.local/lib/python3.12/site-packages/azure/mgmt/datafactory/models/_models_py3.py:18257 SyntaxWarning: invalid escape sequence '\d'
[2026-03-22T16:55:48.781+0000] {logging_mixin.py:188} WARNING - /home/airflow/.local/lib/python3.12/site-packages/azure/mgmt/datafactory/models/_models_py3.py:21223 SyntaxWarning: invalid escape sequence '\d'
[2026-03-22T16:55:48.799+0000] {logging_mixin.py:188} WARNING - /home/airflow/.local/lib/python3.12/site-packages/azure/mgmt/datafactory/models/_models_py3.py:21283 SyntaxWarning: invalid escape sequence '\d'
[2026-03-22T16:55:48.801+0000] {logging_mixin.py:188} WARNING - /home/airflow/.local/lib/python3.12/site-packages/azure/mgmt/datafactory/models/_models_py3.py:21852 SyntaxWarning: invalid escape sequence '\d'
[2026-03-22T16:55:48.802+0000] {logging_mixin.py:188} WARNING - /home/airflow/.local/lib/python3.12/site-packages/azure/mgmt/datafactory/models/_models_py3.py:21916 SyntaxWarning: invalid escape sequence '\d'
[2026-03-22T16:55:48.802+0000] {logging_mixin.py:188} WARNING - /home/airflow/.local/lib/python3.12/site-packages/azure/mgmt/datafactory/models/_models_py3.py:21959 SyntaxWarning: invalid escape sequence '\d'
[2026-03-22T16:55:48.803+0000] {logging_mixin.py:188} WARNING - /home/airflow/.local/lib/python3.12/site-packages/azure/mgmt/datafactory/models/_models_py3.py:22018 SyntaxWarning: invalid escape sequence '\d'
[2026-03-22T16:55:48.831+0000] {logging_mixin.py:188} WARNING - /home/airflow/.local/lib/python3.12/site-packages/azure/mgmt/datafactory/models/_models_py3.py:22324 SyntaxWarning: invalid escape sequence '\d'
[2026-03-22T16:55:48.832+0000] {logging_mixin.py:188} WARNING - /home/airflow/.local/lib/python3.12/site-packages/azure/mgmt/datafactory/models/_models_py3.py:22390 SyntaxWarning: invalid escape sequence '\d'
[2026-03-22T16:55:48.833+0000] {logging_mixin.py:188} WARNING - /home/airflow/.local/lib/python3.12/site-packages/azure/mgmt/datafactory/models/_models_py3.py:22435 SyntaxWarning: invalid escape sequence '\d'
[2026-03-22T16:55:48.834+0000] {logging_mixin.py:188} WARNING - /home/airflow/.local/lib/python3.12/site-packages/azure/mgmt/datafactory/models/_models_py3.py:22500 SyntaxWarning: invalid escape sequence '\d'
[2026-03-22T16:55:48.834+0000] {logging_mixin.py:188} WARNING - /home/airflow/.local/lib/python3.12/site-packages/azure/mgmt/datafactory/models/_models_py3.py:22636 SyntaxWarning: invalid escape sequence '\d'
[2026-03-22T16:55:48.834+0000] {logging_mixin.py:188} WARNING - /home/airflow/.local/lib/python3.12/site-packages/azure/mgmt/datafactory/models/_models_py3.py:22697 SyntaxWarning: invalid escape sequence '\d'
[2026-03-22T16:55:48.839+0000] {logging_mixin.py:188} WARNING - /home/airflow/.local/lib/python3.12/site-packages/azure/mgmt/datafactory/models/_models_py3.py:23166 SyntaxWarning: invalid escape sequence '\d'
[2026-03-22T16:55:48.842+0000] {logging_mixin.py:188} WARNING - /home/airflow/.local/lib/python3.12/site-packages/azure/mgmt/datafactory/models/_models_py3.py:23234 SyntaxWarning: invalid escape sequence '\d'
[2026-03-22T16:55:48.853+0000] {logging_mixin.py:188} WARNING - /home/airflow/.local/lib/python3.12/site-packages/azure/mgmt/datafactory/models/_models_py3.py:23579 SyntaxWarning: invalid escape sequence '\d'
[2026-03-22T16:55:48.854+0000] {logging_mixin.py:188} WARNING - /home/airflow/.local/lib/python3.12/site-packages/azure/mgmt/datafactory/models/_models_py3.py:23651 SyntaxWarning: invalid escape sequence '\d'
[2026-03-22T16:55:48.855+0000] {logging_mixin.py:188} WARNING - /home/airflow/.local/lib/python3.12/site-packages/azure/mgmt/datafactory/models/_models_py3.py:23700 SyntaxWarning: invalid escape sequence '\d'
[2026-03-22T16:55:48.855+0000] {logging_mixin.py:188} WARNING - /home/airflow/.local/lib/python3.12/site-packages/azure/mgmt/datafactory/models/_models_py3.py:23756 SyntaxWarning: invalid escape sequence '\d'
[2026-03-22T16:55:48.857+0000] {logging_mixin.py:188} WARNING - /home/airflow/.local/lib/python3.12/site-packages/azure/mgmt/datafactory/models/_models_py3.py:24097 SyntaxWarning: invalid escape sequence '\d'
[2026-03-22T16:55:48.857+0000] {logging_mixin.py:188} WARNING - /home/airflow/.local/lib/python3.12/site-packages/azure/mgmt/datafactory/models/_models_py3.py:24169 SyntaxWarning: invalid escape sequence '\d'
[2026-03-22T16:55:48.857+0000] {logging_mixin.py:188} WARNING - /home/airflow/.local/lib/python3.12/site-packages/azure/mgmt/datafactory/models/_models_py3.py:24218 SyntaxWarning: invalid escape sequence '\d'
[2026-03-22T16:55:48.858+0000] {logging_mixin.py:188} WARNING - /home/airflow/.local/lib/python3.12/site-packages/azure/mgmt/datafactory/models/_models_py3.py:24274 SyntaxWarning: invalid escape sequence '\d'
[2026-03-22T16:55:48.861+0000] {logging_mixin.py:188} WARNING - /home/airflow/.local/lib/python3.12/site-packages/azure/mgmt/datafactory/models/_models_py3.py:24543 SyntaxWarning: invalid escape sequence '\d'
[2026-03-22T16:55:48.861+0000] {logging_mixin.py:188} WARNING - /home/airflow/.local/lib/python3.12/site-packages/azure/mgmt/datafactory/models/_models_py3.py:24604 SyntaxWarning: invalid escape sequence '\d'
[2026-03-22T16:55:48.862+0000] {logging_mixin.py:188} WARNING - /home/airflow/.local/lib/python3.12/site-packages/azure/mgmt/datafactory/models/_models_py3.py:24931 SyntaxWarning: invalid escape sequence '\d'
[2026-03-22T16:55:48.865+0000] {logging_mixin.py:188} WARNING - /home/airflow/.local/lib/python3.12/site-packages/azure/mgmt/datafactory/models/_models_py3.py:24986 SyntaxWarning: invalid escape sequence '\d'
[2026-03-22T16:55:48.870+0000] {logging_mixin.py:188} WARNING - /home/airflow/.local/lib/python3.12/site-packages/azure/mgmt/datafactory/models/_models_py3.py:27411 SyntaxWarning: invalid escape sequence '\d'
[2026-03-22T16:55:48.870+0000] {logging_mixin.py:188} WARNING - /home/airflow/.local/lib/python3.12/site-packages/azure/mgmt/datafactory/models/_models_py3.py:27471 SyntaxWarning: invalid escape sequence '\d'
[2026-03-22T16:55:48.871+0000] {logging_mixin.py:188} WARNING - /home/airflow/.local/lib/python3.12/site-packages/azure/mgmt/datafactory/models/_models_py3.py:27511 SyntaxWarning: invalid escape sequence '\d'
[2026-03-22T16:55:48.871+0000] {logging_mixin.py:188} WARNING - /home/airflow/.local/lib/python3.12/site-packages/azure/mgmt/datafactory/models/_models_py3.py:27567 SyntaxWarning: invalid escape sequence '\d'
[2026-03-22T16:55:48.874+0000] {logging_mixin.py:188} WARNING - /home/airflow/.local/lib/python3.12/site-packages/azure/mgmt/datafactory/models/_models_py3.py:28978 SyntaxWarning: invalid escape sequence '\d'
[2026-03-22T16:55:48.874+0000] {logging_mixin.py:188} WARNING - /home/airflow/.local/lib/python3.12/site-packages/azure/mgmt/datafactory/models/_models_py3.py:29039 SyntaxWarning: invalid escape sequence '\d'
[2026-03-22T16:55:48.875+0000] {logging_mixin.py:188} WARNING - /home/airflow/.local/lib/python3.12/site-packages/azure/mgmt/datafactory/models/_models_py3.py:29393 SyntaxWarning: invalid escape sequence '\d'
[2026-03-22T16:55:48.875+0000] {logging_mixin.py:188} WARNING - /home/airflow/.local/lib/python3.12/site-packages/azure/mgmt/datafactory/models/_models_py3.py:29454 SyntaxWarning: invalid escape sequence '\d'
[2026-03-22T16:55:48.876+0000] {logging_mixin.py:188} WARNING - /home/airflow/.local/lib/python3.12/site-packages/azure/mgmt/datafactory/models/_models_py3.py:29742 SyntaxWarning: invalid escape sequence '\d'
[2026-03-22T16:55:48.876+0000] {logging_mixin.py:188} WARNING - /home/airflow/.local/lib/python3.12/site-packages/azure/mgmt/datafactory/models/_models_py3.py:29803 SyntaxWarning: invalid escape sequence '\d'
[2026-03-22T16:55:48.878+0000] {logging_mixin.py:188} WARNING - /home/airflow/.local/lib/python3.12/site-packages/azure/mgmt/datafactory/models/_models_py3.py:30348 SyntaxWarning: invalid escape sequence '\d'
[2026-03-22T16:55:48.879+0000] {logging_mixin.py:188} WARNING - /home/airflow/.local/lib/python3.12/site-packages/azure/mgmt/datafactory/models/_models_py3.py:30409 SyntaxWarning: invalid escape sequence '\d'
[2026-03-22T16:55:48.879+0000] {logging_mixin.py:188} WARNING - /home/airflow/.local/lib/python3.12/site-packages/azure/mgmt/datafactory/models/_models_py3.py:30838 SyntaxWarning: invalid escape sequence '\d'
[2026-03-22T16:55:48.880+0000] {logging_mixin.py:188} WARNING - /home/airflow/.local/lib/python3.12/site-packages/azure/mgmt/datafactory/models/_models_py3.py:30899 SyntaxWarning: invalid escape sequence '\d'
[2026-03-22T16:55:48.880+0000] {logging_mixin.py:188} WARNING - /home/airflow/.local/lib/python3.12/site-packages/azure/mgmt/datafactory/models/_models_py3.py:31252 SyntaxWarning: invalid escape sequence '\d'
[2026-03-22T16:55:48.881+0000] {logging_mixin.py:188} WARNING - /home/airflow/.local/lib/python3.12/site-packages/azure/mgmt/datafactory/models/_models_py3.py:31307 SyntaxWarning: invalid escape sequence '\d'
[2026-03-22T16:55:48.888+0000] {logging_mixin.py:188} WARNING - /home/airflow/.local/lib/python3.12/site-packages/azure/mgmt/datafactory/models/_models_py3.py:33041 SyntaxWarning: invalid escape sequence '\d'
[2026-03-22T16:55:48.889+0000] {logging_mixin.py:188} WARNING - /home/airflow/.local/lib/python3.12/site-packages/azure/mgmt/datafactory/models/_models_py3.py:33102 SyntaxWarning: invalid escape sequence '\d'
[2026-03-22T16:55:48.897+0000] {logging_mixin.py:188} WARNING - /home/airflow/.local/lib/python3.12/site-packages/azure/mgmt/datafactory/models/_models_py3.py:33619 SyntaxWarning: invalid escape sequence '\d'
[2026-03-22T16:55:48.898+0000] {logging_mixin.py:188} WARNING - /home/airflow/.local/lib/python3.12/site-packages/azure/mgmt/datafactory/models/_models_py3.py:33672 SyntaxWarning: invalid escape sequence '\d'
[2026-03-22T16:55:48.901+0000] {logging_mixin.py:188} WARNING - /home/airflow/.local/lib/python3.12/site-packages/azure/mgmt/datafactory/models/_models_py3.py:33947 SyntaxWarning: invalid escape sequence '\d'
[2026-03-22T16:55:48.901+0000] {logging_mixin.py:188} WARNING - /home/airflow/.local/lib/python3.12/site-packages/azure/mgmt/datafactory/models/_models_py3.py:34008 SyntaxWarning: invalid escape sequence '\d'
[2026-03-22T16:55:48.902+0000] {logging_mixin.py:188} WARNING - /home/airflow/.local/lib/python3.12/site-packages/azure/mgmt/datafactory/models/_models_py3.py:34457 SyntaxWarning: invalid escape sequence '\d'
[2026-03-22T16:55:48.902+0000] {logging_mixin.py:188} WARNING - /home/airflow/.local/lib/python3.12/site-packages/azure/mgmt/datafactory/models/_models_py3.py:34518 SyntaxWarning: invalid escape sequence '\d'
[2026-03-22T16:55:48.903+0000] {logging_mixin.py:188} WARNING - /home/airflow/.local/lib/python3.12/site-packages/azure/mgmt/datafactory/models/_models_py3.py:34683 SyntaxWarning: invalid escape sequence '\d'
[2026-03-22T16:55:48.903+0000] {logging_mixin.py:188} WARNING - /home/airflow/.local/lib/python3.12/site-packages/azure/mgmt/datafactory/models/_models_py3.py:34744 SyntaxWarning: invalid escape sequence '\d'
[2026-03-22T16:55:48.904+0000] {logging_mixin.py:188} WARNING - /home/airflow/.local/lib/python3.12/site-packages/azure/mgmt/datafactory/models/_models_py3.py:34785 SyntaxWarning: invalid escape sequence '\d'
[2026-03-22T16:55:48.904+0000] {logging_mixin.py:188} WARNING - /home/airflow/.local/lib/python3.12/site-packages/azure/mgmt/datafactory/models/_models_py3.py:34845 SyntaxWarning: invalid escape sequence '\d'
[2026-03-22T16:55:48.921+0000] {logging_mixin.py:188} WARNING - /home/airflow/.local/lib/python3.12/site-packages/azure/mgmt/datafactory/models/_models_py3.py:36454 SyntaxWarning: invalid escape sequence '\d'
[2026-03-22T16:55:48.921+0000] {logging_mixin.py:188} WARNING - /home/airflow/.local/lib/python3.12/site-packages/azure/mgmt/datafactory/models/_models_py3.py:36515 SyntaxWarning: invalid escape sequence '\d'
[2026-03-22T16:55:48.922+0000] {logging_mixin.py:188} WARNING - /home/airflow/.local/lib/python3.12/site-packages/azure/mgmt/datafactory/models/_models_py3.py:36830 SyntaxWarning: invalid escape sequence '\d'
[2026-03-22T16:55:48.922+0000] {logging_mixin.py:188} WARNING - /home/airflow/.local/lib/python3.12/site-packages/azure/mgmt/datafactory/models/_models_py3.py:36894 SyntaxWarning: invalid escape sequence '\d'
[2026-03-22T16:55:48.922+0000] {logging_mixin.py:188} WARNING - /home/airflow/.local/lib/python3.12/site-packages/azure/mgmt/datafactory/models/_models_py3.py:36937 SyntaxWarning: invalid escape sequence '\d'
[2026-03-22T16:55:48.923+0000] {logging_mixin.py:188} WARNING - /home/airflow/.local/lib/python3.12/site-packages/azure/mgmt/datafactory/models/_models_py3.py:36996 SyntaxWarning: invalid escape sequence '\d'
[2026-03-22T16:55:48.924+0000] {logging_mixin.py:188} WARNING - /home/airflow/.local/lib/python3.12/site-packages/azure/mgmt/datafactory/models/_models_py3.py:37525 SyntaxWarning: invalid escape sequence '\d'
[2026-03-22T16:55:48.925+0000] {logging_mixin.py:188} WARNING - /home/airflow/.local/lib/python3.12/site-packages/azure/mgmt/datafactory/models/_models_py3.py:37597 SyntaxWarning: invalid escape sequence '\d'
[2026-03-22T16:55:48.925+0000] {logging_mixin.py:188} WARNING - /home/airflow/.local/lib/python3.12/site-packages/azure/mgmt/datafactory/models/_models_py3.py:37647 SyntaxWarning: invalid escape sequence '\d'
[2026-03-22T16:55:48.925+0000] {logging_mixin.py:188} WARNING - /home/airflow/.local/lib/python3.12/site-packages/azure/mgmt/datafactory/models/_models_py3.py:37708 SyntaxWarning: invalid escape sequence '\d'
[2026-03-22T16:55:48.970+0000] {logging_mixin.py:188} WARNING - /home/airflow/.local/lib/python3.12/site-packages/azure/mgmt/datafactory/models/_models_py3.py:38653 SyntaxWarning: invalid escape sequence '\d'
[2026-03-22T16:55:48.971+0000] {logging_mixin.py:188} WARNING - /home/airflow/.local/lib/python3.12/site-packages/azure/mgmt/datafactory/models/_models_py3.py:38714 SyntaxWarning: invalid escape sequence '\d'
[2026-03-22T16:55:48.982+0000] {logging_mixin.py:188} WARNING - /home/airflow/.local/lib/python3.12/site-packages/azure/mgmt/datafactory/models/_models_py3.py:40144 SyntaxWarning: invalid escape sequence '\d'
[2026-03-22T16:55:48.982+0000] {logging_mixin.py:188} WARNING - /home/airflow/.local/lib/python3.12/site-packages/azure/mgmt/datafactory/models/_models_py3.py:40205 SyntaxWarning: invalid escape sequence '\d'
[2026-03-22T16:55:48.983+0000] {logging_mixin.py:188} WARNING - /home/airflow/.local/lib/python3.12/site-packages/azure/mgmt/datafactory/models/_models_py3.py:40579 SyntaxWarning: invalid escape sequence '\d'
[2026-03-22T16:55:48.983+0000] {logging_mixin.py:188} WARNING - /home/airflow/.local/lib/python3.12/site-packages/azure/mgmt/datafactory/models/_models_py3.py:40640 SyntaxWarning: invalid escape sequence '\d'
[2026-03-22T16:55:48.984+0000] {logging_mixin.py:188} WARNING - /home/airflow/.local/lib/python3.12/site-packages/azure/mgmt/datafactory/models/_models_py3.py:40831 SyntaxWarning: invalid escape sequence '\d'
[2026-03-22T16:55:48.984+0000] {logging_mixin.py:188} WARNING - /home/airflow/.local/lib/python3.12/site-packages/azure/mgmt/datafactory/models/_models_py3.py:40892 SyntaxWarning: invalid escape sequence '\d'
[2026-03-22T16:55:48.984+0000] {logging_mixin.py:188} WARNING - /home/airflow/.local/lib/python3.12/site-packages/azure/mgmt/datafactory/models/_models_py3.py:40933 SyntaxWarning: invalid escape sequence '\d'
[2026-03-22T16:55:48.985+0000] {logging_mixin.py:188} WARNING - /home/airflow/.local/lib/python3.12/site-packages/azure/mgmt/datafactory/models/_models_py3.py:40988 SyntaxWarning: invalid escape sequence '\d'
[2026-03-22T16:55:48.985+0000] {logging_mixin.py:188} WARNING - /home/airflow/.local/lib/python3.12/site-packages/azure/mgmt/datafactory/models/_models_py3.py:41331 SyntaxWarning: invalid escape sequence '\d'
[2026-03-22T16:55:48.986+0000] {logging_mixin.py:188} WARNING - /home/airflow/.local/lib/python3.12/site-packages/azure/mgmt/datafactory/models/_models_py3.py:41393 SyntaxWarning: invalid escape sequence '\d'
[2026-03-22T16:55:48.986+0000] {logging_mixin.py:188} WARNING - /home/airflow/.local/lib/python3.12/site-packages/azure/mgmt/datafactory/models/_models_py3.py:41435 SyntaxWarning: invalid escape sequence '\d'
[2026-03-22T16:55:48.986+0000] {logging_mixin.py:188} WARNING - /home/airflow/.local/lib/python3.12/site-packages/azure/mgmt/datafactory/models/_models_py3.py:41508 SyntaxWarning: invalid escape sequence '\d'
[2026-03-22T16:55:48.990+0000] {logging_mixin.py:188} WARNING - /home/airflow/.local/lib/python3.12/site-packages/azure/mgmt/datafactory/models/_models_py3.py:41892 SyntaxWarning: invalid escape sequence '\d'
[2026-03-22T16:55:48.991+0000] {logging_mixin.py:188} WARNING - /home/airflow/.local/lib/python3.12/site-packages/azure/mgmt/datafactory/models/_models_py3.py:41948 SyntaxWarning: invalid escape sequence '\d'
[2026-03-22T16:55:48.995+0000] {logging_mixin.py:188} WARNING - /home/airflow/.local/lib/python3.12/site-packages/azure/mgmt/datafactory/models/_models_py3.py:42179 SyntaxWarning: invalid escape sequence '\d'
[2026-03-22T16:55:48.997+0000] {logging_mixin.py:188} WARNING - /home/airflow/.local/lib/python3.12/site-packages/azure/mgmt/datafactory/models/_models_py3.py:42241 SyntaxWarning: invalid escape sequence '\d'
[2026-03-22T16:55:48.998+0000] {logging_mixin.py:188} WARNING - /home/airflow/.local/lib/python3.12/site-packages/azure/mgmt/datafactory/models/_models_py3.py:42283 SyntaxWarning: invalid escape sequence '\d'
[2026-03-22T16:55:49.239+0000] {logging_mixin.py:188} WARNING - /home/airflow/.local/lib/python3.12/site-packages/azure/mgmt/datafactory/models/_models_py3.py:42356 SyntaxWarning: invalid escape sequence '\d'
[2026-03-22T16:55:49.241+0000] {logging_mixin.py:188} WARNING - /home/airflow/.local/lib/python3.12/site-packages/azure/mgmt/datafactory/models/_models_py3.py:42556 SyntaxWarning: invalid escape sequence '\d'
[2026-03-22T16:55:49.241+0000] {logging_mixin.py:188} WARNING - /home/airflow/.local/lib/python3.12/site-packages/azure/mgmt/datafactory/models/_models_py3.py:42616 SyntaxWarning: invalid escape sequence '\d'
[2026-03-22T16:55:49.243+0000] {logging_mixin.py:188} WARNING - /home/airflow/.local/lib/python3.12/site-packages/azure/mgmt/datafactory/models/_models_py3.py:42899 SyntaxWarning: invalid escape sequence '\d'
[2026-03-22T16:55:49.243+0000] {logging_mixin.py:188} WARNING - /home/airflow/.local/lib/python3.12/site-packages/azure/mgmt/datafactory/models/_models_py3.py:42969 SyntaxWarning: invalid escape sequence '\d'
[2026-03-22T16:55:49.245+0000] {logging_mixin.py:188} WARNING - /home/airflow/.local/lib/python3.12/site-packages/azure/mgmt/datafactory/models/_models_py3.py:43484 SyntaxWarning: invalid escape sequence '\d'
[2026-03-22T16:55:49.245+0000] {logging_mixin.py:188} WARNING - /home/airflow/.local/lib/python3.12/site-packages/azure/mgmt/datafactory/models/_models_py3.py:43547 SyntaxWarning: invalid escape sequence '\d'
[2026-03-22T16:55:49.247+0000] {logging_mixin.py:188} WARNING - /home/airflow/.local/lib/python3.12/site-packages/azure/mgmt/datafactory/models/_models_py3.py:43712 SyntaxWarning: invalid escape sequence '\d'
[2026-03-22T16:55:49.248+0000] {logging_mixin.py:188} WARNING - /home/airflow/.local/lib/python3.12/site-packages/azure/mgmt/datafactory/models/_models_py3.py:43773 SyntaxWarning: invalid escape sequence '\d'
[2026-03-22T16:55:49.249+0000] {logging_mixin.py:188} WARNING - /home/airflow/.local/lib/python3.12/site-packages/azure/mgmt/datafactory/models/_models_py3.py:43814 SyntaxWarning: invalid escape sequence '\d'
[2026-03-22T16:55:49.250+0000] {logging_mixin.py:188} WARNING - /home/airflow/.local/lib/python3.12/site-packages/azure/mgmt/datafactory/models/_models_py3.py:43874 SyntaxWarning: invalid escape sequence '\d'
[2026-03-22T16:55:49.256+0000] {logging_mixin.py:188} WARNING - /home/airflow/.local/lib/python3.12/site-packages/azure/mgmt/datafactory/models/_models_py3.py:44244 SyntaxWarning: invalid escape sequence '\d'
[2026-03-22T16:55:49.257+0000] {logging_mixin.py:188} WARNING - /home/airflow/.local/lib/python3.12/site-packages/azure/mgmt/datafactory/models/_models_py3.py:44321 SyntaxWarning: invalid escape sequence '\d'
[2026-03-22T16:55:49.323+0000] {logging_mixin.py:188} WARNING - /home/airflow/.local/lib/python3.12/site-packages/azure/mgmt/datafactory/models/_models_py3.py:45435 SyntaxWarning: invalid escape sequence '\d'
[2026-03-22T16:55:49.324+0000] {logging_mixin.py:188} WARNING - /home/airflow/.local/lib/python3.12/site-packages/azure/mgmt/datafactory/models/_models_py3.py:45496 SyntaxWarning: invalid escape sequence '\d'
[2026-03-22T16:55:49.324+0000] {logging_mixin.py:188} WARNING - /home/airflow/.local/lib/python3.12/site-packages/azure/mgmt/datafactory/models/_models_py3.py:45537 SyntaxWarning: invalid escape sequence '\d'
[2026-03-22T16:55:49.327+0000] {logging_mixin.py:188} WARNING - /home/airflow/.local/lib/python3.12/site-packages/azure/mgmt/datafactory/models/_models_py3.py:45598 SyntaxWarning: invalid escape sequence '\d'
[2026-03-22T16:55:49.327+0000] {logging_mixin.py:188} WARNING - /home/airflow/.local/lib/python3.12/site-packages/azure/mgmt/datafactory/models/_models_py3.py:45639 SyntaxWarning: invalid escape sequence '\d'
[2026-03-22T16:55:49.328+0000] {logging_mixin.py:188} WARNING - /home/airflow/.local/lib/python3.12/site-packages/azure/mgmt/datafactory/models/_models_py3.py:45709 SyntaxWarning: invalid escape sequence '\d'
[2026-03-22T16:55:49.332+0000] {logging_mixin.py:188} WARNING - /home/airflow/.local/lib/python3.12/site-packages/azure/mgmt/datafactory/models/_models_py3.py:46041 SyntaxWarning: invalid escape sequence '\d'
[2026-03-22T16:55:49.333+0000] {logging_mixin.py:188} WARNING - /home/airflow/.local/lib/python3.12/site-packages/azure/mgmt/datafactory/models/_models_py3.py:46105 SyntaxWarning: invalid escape sequence '\d'
[2026-03-22T16:55:49.333+0000] {logging_mixin.py:188} WARNING - /home/airflow/.local/lib/python3.12/site-packages/azure/mgmt/datafactory/models/_models_py3.py:46148 SyntaxWarning: invalid escape sequence '\d'
[2026-03-22T16:55:49.333+0000] {logging_mixin.py:188} WARNING - /home/airflow/.local/lib/python3.12/site-packages/azure/mgmt/datafactory/models/_models_py3.py:46203 SyntaxWarning: invalid escape sequence '\d'
[2026-03-22T16:55:49.340+0000] {logging_mixin.py:188} WARNING - /home/airflow/.local/lib/python3.12/site-packages/azure/mgmt/datafactory/models/_models_py3.py:46588 SyntaxWarning: invalid escape sequence '\d'
[2026-03-22T16:55:49.342+0000] {logging_mixin.py:188} WARNING - /home/airflow/.local/lib/python3.12/site-packages/azure/mgmt/datafactory/models/_models_py3.py:46652 SyntaxWarning: invalid escape sequence '\d'
[2026-03-22T16:55:49.343+0000] {logging_mixin.py:188} WARNING - /home/airflow/.local/lib/python3.12/site-packages/azure/mgmt/datafactory/models/_models_py3.py:46695 SyntaxWarning: invalid escape sequence '\d'
[2026-03-22T16:55:49.343+0000] {logging_mixin.py:188} WARNING - /home/airflow/.local/lib/python3.12/site-packages/azure/mgmt/datafactory/models/_models_py3.py:46754 SyntaxWarning: invalid escape sequence '\d'
[2026-03-22T16:55:49.376+0000] {logging_mixin.py:188} WARNING - /home/airflow/.local/lib/python3.12/site-packages/azure/mgmt/datafactory/models/_models_py3.py:47079 SyntaxWarning: invalid escape sequence '\d'
[2026-03-22T16:55:49.380+0000] {logging_mixin.py:188} WARNING - /home/airflow/.local/lib/python3.12/site-packages/azure/mgmt/datafactory/models/_models_py3.py:47140 SyntaxWarning: invalid escape sequence '\d'
[2026-03-22T16:55:49.386+0000] {logging_mixin.py:188} WARNING - /home/airflow/.local/lib/python3.12/site-packages/azure/mgmt/datafactory/models/_models_py3.py:47482 SyntaxWarning: invalid escape sequence '\d'
[2026-03-22T16:55:49.388+0000] {logging_mixin.py:188} WARNING - /home/airflow/.local/lib/python3.12/site-packages/azure/mgmt/datafactory/models/_models_py3.py:47543 SyntaxWarning: invalid escape sequence '\d'
[2026-03-22T16:55:49.407+0000] {logging_mixin.py:188} WARNING - /home/airflow/.local/lib/python3.12/site-packages/azure/mgmt/datafactory/models/_models_py3.py:48231 SyntaxWarning: invalid escape sequence '\d'
[2026-03-22T16:55:49.409+0000] {logging_mixin.py:188} WARNING - /home/airflow/.local/lib/python3.12/site-packages/azure/mgmt/datafactory/models/_models_py3.py:48291 SyntaxWarning: invalid escape sequence '\d'
[2026-03-22T16:55:49.415+0000] {logging_mixin.py:188} WARNING - /home/airflow/.local/lib/python3.12/site-packages/azure/mgmt/datafactory/models/_models_py3.py:48679 SyntaxWarning: invalid escape sequence '\d'
[2026-03-22T16:55:49.415+0000] {logging_mixin.py:188} WARNING - /home/airflow/.local/lib/python3.12/site-packages/azure/mgmt/datafactory/models/_models_py3.py:48739 SyntaxWarning: invalid escape sequence '\d'
[2026-03-22T16:55:49.423+0000] {logging_mixin.py:188} WARNING - /home/airflow/.local/lib/python3.12/site-packages/azure/mgmt/datafactory/models/_models_py3.py:49390 SyntaxWarning: invalid escape sequence '\d'
[2026-03-22T16:55:49.424+0000] {logging_mixin.py:188} WARNING - /home/airflow/.local/lib/python3.12/site-packages/azure/mgmt/datafactory/models/_models_py3.py:49451 SyntaxWarning: invalid escape sequence '\d'
[2026-03-22T16:55:49.435+0000] {logging_mixin.py:188} WARNING - /home/airflow/.local/lib/python3.12/site-packages/azure/mgmt/datafactory/models/_models_py3.py:50196 SyntaxWarning: invalid escape sequence '\d'
[2026-03-22T16:55:49.437+0000] {logging_mixin.py:188} WARNING - /home/airflow/.local/lib/python3.12/site-packages/azure/mgmt/datafactory/models/_models_py3.py:50257 SyntaxWarning: invalid escape sequence '\d'
[2026-03-22T16:55:49.456+0000] {logging_mixin.py:188} WARNING - /home/airflow/.local/lib/python3.12/site-packages/azure/mgmt/datafactory/models/_models_py3.py:50502 SyntaxWarning: invalid escape sequence '\d'
[2026-03-22T16:55:49.457+0000] {logging_mixin.py:188} WARNING - /home/airflow/.local/lib/python3.12/site-packages/azure/mgmt/datafactory/models/_models_py3.py:50557 SyntaxWarning: invalid escape sequence '\d'
[2026-03-22T16:55:49.474+0000] {logging_mixin.py:188} WARNING - /home/airflow/.local/lib/python3.12/site-packages/azure/mgmt/datafactory/models/_models_py3.py:51076 SyntaxWarning: invalid escape sequence '\d'
[2026-03-22T16:55:49.474+0000] {logging_mixin.py:188} WARNING - /home/airflow/.local/lib/python3.12/site-packages/azure/mgmt/datafactory/models/_models_py3.py:51137 SyntaxWarning: invalid escape sequence '\d'
[2026-03-22T16:55:49.477+0000] {logging_mixin.py:188} WARNING - /home/airflow/.local/lib/python3.12/site-packages/azure/mgmt/datafactory/models/_models_py3.py:51552 SyntaxWarning: invalid escape sequence '\d'
[2026-03-22T16:55:49.480+0000] {logging_mixin.py:188} WARNING - /home/airflow/.local/lib/python3.12/site-packages/azure/mgmt/datafactory/models/_models_py3.py:51635 SyntaxWarning: invalid escape sequence '\d'
[2026-03-22T16:55:49.480+0000] {logging_mixin.py:188} WARNING - /home/airflow/.local/lib/python3.12/site-packages/azure/mgmt/datafactory/models/_models_py3.py:51694 SyntaxWarning: invalid escape sequence '\d'
[2026-03-22T16:55:49.482+0000] {logging_mixin.py:188} WARNING - /home/airflow/.local/lib/python3.12/site-packages/azure/mgmt/datafactory/models/_models_py3.py:51776 SyntaxWarning: invalid escape sequence '\d'
[2026-03-22T16:55:49.490+0000] {logging_mixin.py:188} WARNING - /home/airflow/.local/lib/python3.12/site-packages/azure/mgmt/datafactory/models/_models_py3.py:52399 SyntaxWarning: invalid escape sequence '\d'
[2026-03-22T16:55:49.491+0000] {logging_mixin.py:188} WARNING - /home/airflow/.local/lib/python3.12/site-packages/azure/mgmt/datafactory/models/_models_py3.py:52460 SyntaxWarning: invalid escape sequence '\d'
[2026-03-22T16:55:49.496+0000] {logging_mixin.py:188} WARNING - /home/airflow/.local/lib/python3.12/site-packages/azure/mgmt/datafactory/models/_models_py3.py:52839 SyntaxWarning: invalid escape sequence '\d'
[2026-03-22T16:55:49.501+0000] {logging_mixin.py:188} WARNING - /home/airflow/.local/lib/python3.12/site-packages/azure/mgmt/datafactory/models/_models_py3.py:52914 SyntaxWarning: invalid escape sequence '\d'
[2026-03-22T16:55:49.503+0000] {logging_mixin.py:188} WARNING - /home/airflow/.local/lib/python3.12/site-packages/azure/mgmt/datafactory/models/_models_py3.py:52968 SyntaxWarning: invalid escape sequence '\d'
[2026-03-22T16:55:49.506+0000] {logging_mixin.py:188} WARNING - /home/airflow/.local/lib/python3.12/site-packages/azure/mgmt/datafactory/models/_models_py3.py:53028 SyntaxWarning: invalid escape sequence '\d'
[2026-03-22T16:55:49.515+0000] {logging_mixin.py:188} WARNING - /home/airflow/.local/lib/python3.12/site-packages/azure/mgmt/datafactory/models/_models_py3.py:53304 SyntaxWarning: invalid escape sequence '\d'
[2026-03-22T16:55:49.524+0000] {logging_mixin.py:188} WARNING - /home/airflow/.local/lib/python3.12/site-packages/azure/mgmt/datafactory/models/_models_py3.py:53379 SyntaxWarning: invalid escape sequence '\d'
[2026-03-22T16:55:49.526+0000] {logging_mixin.py:188} WARNING - /home/airflow/.local/lib/python3.12/site-packages/azure/mgmt/datafactory/models/_models_py3.py:53433 SyntaxWarning: invalid escape sequence '\d'
[2026-03-22T16:55:49.530+0000] {logging_mixin.py:188} WARNING - /home/airflow/.local/lib/python3.12/site-packages/azure/mgmt/datafactory/models/_models_py3.py:53493 SyntaxWarning: invalid escape sequence '\d'
[2026-03-22T16:55:49.530+0000] {logging_mixin.py:188} WARNING - /home/airflow/.local/lib/python3.12/site-packages/azure/mgmt/datafactory/models/_models_py3.py:53533 SyntaxWarning: invalid escape sequence '\d'
[2026-03-22T16:55:49.534+0000] {logging_mixin.py:188} WARNING - /home/airflow/.local/lib/python3.12/site-packages/azure/mgmt/datafactory/models/_models_py3.py:53608 SyntaxWarning: invalid escape sequence '\d'
[2026-03-22T16:55:49.538+0000] {logging_mixin.py:188} WARNING - /home/airflow/.local/lib/python3.12/site-packages/azure/mgmt/datafactory/models/_models_py3.py:53662 SyntaxWarning: invalid escape sequence '\d'
[2026-03-22T16:55:49.539+0000] {logging_mixin.py:188} WARNING - /home/airflow/.local/lib/python3.12/site-packages/azure/mgmt/datafactory/models/_models_py3.py:53727 SyntaxWarning: invalid escape sequence '\d'
[2026-03-22T16:55:49.545+0000] {logging_mixin.py:188} WARNING - /home/airflow/.local/lib/python3.12/site-packages/azure/mgmt/datafactory/models/_models_py3.py:54007 SyntaxWarning: invalid escape sequence '\d'
[2026-03-22T16:55:49.547+0000] {logging_mixin.py:188} WARNING - /home/airflow/.local/lib/python3.12/site-packages/azure/mgmt/datafactory/models/_models_py3.py:54082 SyntaxWarning: invalid escape sequence '\d'
[2026-03-22T16:55:49.547+0000] {logging_mixin.py:188} WARNING - /home/airflow/.local/lib/python3.12/site-packages/azure/mgmt/datafactory/models/_models_py3.py:54136 SyntaxWarning: invalid escape sequence '\d'
[2026-03-22T16:55:49.550+0000] {logging_mixin.py:188} WARNING - /home/airflow/.local/lib/python3.12/site-packages/azure/mgmt/datafactory/models/_models_py3.py:54201 SyntaxWarning: invalid escape sequence '\d'
[2026-03-22T16:55:49.553+0000] {logging_mixin.py:188} WARNING - /home/airflow/.local/lib/python3.12/site-packages/azure/mgmt/datafactory/models/_models_py3.py:54462 SyntaxWarning: invalid escape sequence '\d'
[2026-03-22T16:55:49.554+0000] {logging_mixin.py:188} WARNING - /home/airflow/.local/lib/python3.12/site-packages/azure/mgmt/datafactory/models/_models_py3.py:54522 SyntaxWarning: invalid escape sequence '\d'
[2026-03-22T16:55:49.556+0000] {logging_mixin.py:188} WARNING - /home/airflow/.local/lib/python3.12/site-packages/azure/mgmt/datafactory/models/_models_py3.py:54773 SyntaxWarning: invalid escape sequence '\d'
[2026-03-22T16:55:49.559+0000] {logging_mixin.py:188} WARNING - /home/airflow/.local/lib/python3.12/site-packages/azure/mgmt/datafactory/models/_models_py3.py:54842 SyntaxWarning: invalid escape sequence '\d'
[2026-03-22T16:55:49.560+0000] {logging_mixin.py:188} WARNING - /home/airflow/.local/lib/python3.12/site-packages/azure/mgmt/datafactory/models/_models_py3.py:54890 SyntaxWarning: invalid escape sequence '\d'
[2026-03-22T16:55:49.561+0000] {logging_mixin.py:188} WARNING - /home/airflow/.local/lib/python3.12/site-packages/azure/mgmt/datafactory/models/_models_py3.py:54958 SyntaxWarning: invalid escape sequence '\d'
[2026-03-22T16:55:49.566+0000] {logging_mixin.py:188} WARNING - /home/airflow/.local/lib/python3.12/site-packages/azure/mgmt/datafactory/models/_models_py3.py:55216 SyntaxWarning: invalid escape sequence '\d'
[2026-03-22T16:55:49.567+0000] {logging_mixin.py:188} WARNING - /home/airflow/.local/lib/python3.12/site-packages/azure/mgmt/datafactory/models/_models_py3.py:55284 SyntaxWarning: invalid escape sequence '\d'
[2026-03-22T16:55:49.570+0000] {logging_mixin.py:188} WARNING - /home/airflow/.local/lib/python3.12/site-packages/azure/mgmt/datafactory/models/_models_py3.py:55472 SyntaxWarning: invalid escape sequence '\d'
[2026-03-22T16:55:49.572+0000] {logging_mixin.py:188} WARNING - /home/airflow/.local/lib/python3.12/site-packages/azure/mgmt/datafactory/models/_models_py3.py:55546 SyntaxWarning: invalid escape sequence '\d'
[2026-03-22T16:55:49.591+0000] {logging_mixin.py:188} WARNING - /home/airflow/.local/lib/python3.12/site-packages/azure/mgmt/datafactory/models/_models_py3.py:56056 SyntaxWarning: invalid escape sequence '\d'
[2026-03-22T16:55:49.600+0000] {logging_mixin.py:188} WARNING - /home/airflow/.local/lib/python3.12/site-packages/azure/mgmt/datafactory/models/_models_py3.py:56132 SyntaxWarning: invalid escape sequence '\d'
[2026-03-22T16:55:49.616+0000] {logging_mixin.py:188} WARNING - /home/airflow/.local/lib/python3.12/site-packages/azure/mgmt/datafactory/models/_models_py3.py:56354 SyntaxWarning: invalid escape sequence '\d'
[2026-03-22T16:55:49.618+0000] {logging_mixin.py:188} WARNING - /home/airflow/.local/lib/python3.12/site-packages/azure/mgmt/datafactory/models/_models_py3.py:56432 SyntaxWarning: invalid escape sequence '\d'
[2026-03-22T16:55:49.629+0000] {logging_mixin.py:188} WARNING - /home/airflow/.local/lib/python3.12/site-packages/azure/mgmt/datafactory/models/_models_py3.py:56988 SyntaxWarning: invalid escape sequence '\d'
[2026-03-22T16:55:49.631+0000] {logging_mixin.py:188} WARNING - /home/airflow/.local/lib/python3.12/site-packages/azure/mgmt/datafactory/models/_models_py3.py:57091 SyntaxWarning: invalid escape sequence '\d'
[2026-03-22T16:55:49.636+0000] {logging_mixin.py:188} WARNING - /home/airflow/.local/lib/python3.12/site-packages/azure/mgmt/datafactory/models/_models_py3.py:57358 SyntaxWarning: invalid escape sequence '\d'
[2026-03-22T16:55:49.638+0000] {logging_mixin.py:188} WARNING - /home/airflow/.local/lib/python3.12/site-packages/azure/mgmt/datafactory/models/_models_py3.py:57434 SyntaxWarning: invalid escape sequence '\d'
[2026-03-22T16:55:49.657+0000] {logging_mixin.py:188} WARNING - /home/airflow/.local/lib/python3.12/site-packages/azure/mgmt/datafactory/models/_models_py3.py:58345 SyntaxWarning: invalid escape sequence '\d'
[2026-03-22T16:55:49.658+0000] {logging_mixin.py:188} WARNING - /home/airflow/.local/lib/python3.12/site-packages/azure/mgmt/datafactory/models/_models_py3.py:58406 SyntaxWarning: invalid escape sequence '\d'
[2026-03-22T16:55:49.663+0000] {logging_mixin.py:188} WARNING - /home/airflow/.local/lib/python3.12/site-packages/azure/mgmt/datafactory/models/_models_py3.py:58686 SyntaxWarning: invalid escape sequence '\d'
[2026-03-22T16:55:49.666+0000] {logging_mixin.py:188} WARNING - /home/airflow/.local/lib/python3.12/site-packages/azure/mgmt/datafactory/models/_models_py3.py:58746 SyntaxWarning: invalid escape sequence '\d'
[2026-03-22T16:55:49.680+0000] {logging_mixin.py:188} WARNING - /home/airflow/.local/lib/python3.12/site-packages/azure/mgmt/datafactory/models/_models_py3.py:59712 SyntaxWarning: invalid escape sequence '\d'
[2026-03-22T16:55:49.682+0000] {logging_mixin.py:188} WARNING - /home/airflow/.local/lib/python3.12/site-packages/azure/mgmt/datafactory/models/_models_py3.py:59769 SyntaxWarning: invalid escape sequence '\d'
[2026-03-22T16:55:49.699+0000] {logging_mixin.py:188} WARNING - /home/airflow/.local/lib/python3.12/site-packages/azure/mgmt/datafactory/models/_models_py3.py:60031 SyntaxWarning: invalid escape sequence '\d'
[2026-03-22T16:55:49.706+0000] {logging_mixin.py:188} WARNING - /home/airflow/.local/lib/python3.12/site-packages/azure/mgmt/datafactory/models/_models_py3.py:60092 SyntaxWarning: invalid escape sequence '\d'
[2026-03-22T16:55:49.725+0000] {logging_mixin.py:188} WARNING - /home/airflow/.local/lib/python3.12/site-packages/azure/mgmt/datafactory/models/_models_py3.py:60579 SyntaxWarning: invalid escape sequence '\d'
[2026-03-22T16:55:49.729+0000] {logging_mixin.py:188} WARNING - /home/airflow/.local/lib/python3.12/site-packages/azure/mgmt/datafactory/models/_models_py3.py:60644 SyntaxWarning: invalid escape sequence '\d'
[2026-03-22T16:55:49.729+0000] {logging_mixin.py:188} WARNING - /home/airflow/.local/lib/python3.12/site-packages/azure/mgmt/datafactory/models/_models_py3.py:60688 SyntaxWarning: invalid escape sequence '\d'
[2026-03-22T16:55:49.730+0000] {logging_mixin.py:188} WARNING - /home/airflow/.local/lib/python3.12/site-packages/azure/mgmt/datafactory/models/_models_py3.py:60743 SyntaxWarning: invalid escape sequence '\d'
[2026-03-22T16:55:49.737+0000] {logging_mixin.py:188} WARNING - /home/airflow/.local/lib/python3.12/site-packages/azure/mgmt/datafactory/models/_models_py3.py:61069 SyntaxWarning: invalid escape sequence '\d'
[2026-03-22T16:55:49.738+0000] {logging_mixin.py:188} WARNING - /home/airflow/.local/lib/python3.12/site-packages/azure/mgmt/datafactory/models/_models_py3.py:61134 SyntaxWarning: invalid escape sequence '\d'
[2026-03-22T16:55:49.738+0000] {logging_mixin.py:188} WARNING - /home/airflow/.local/lib/python3.12/site-packages/azure/mgmt/datafactory/models/_models_py3.py:61178 SyntaxWarning: invalid escape sequence '\d'
[2026-03-22T16:55:49.740+0000] {logging_mixin.py:188} WARNING - /home/airflow/.local/lib/python3.12/site-packages/azure/mgmt/datafactory/models/_models_py3.py:61233 SyntaxWarning: invalid escape sequence '\d'
[2026-03-22T16:55:49.746+0000] {logging_mixin.py:188} WARNING - /home/airflow/.local/lib/python3.12/site-packages/azure/mgmt/datafactory/models/_models_py3.py:61621 SyntaxWarning: invalid escape sequence '\d'
[2026-03-22T16:55:49.748+0000] {logging_mixin.py:188} WARNING - /home/airflow/.local/lib/python3.12/site-packages/azure/mgmt/datafactory/models/_models_py3.py:61682 SyntaxWarning: invalid escape sequence '\d'
[2026-03-22T16:55:49.751+0000] {logging_mixin.py:188} WARNING - /home/airflow/.local/lib/python3.12/site-packages/azure/mgmt/datafactory/models/_models_py3.py:61785 SyntaxWarning: invalid escape sequence '\d'
[2026-03-22T16:55:49.754+0000] {logging_mixin.py:188} WARNING - /home/airflow/.local/lib/python3.12/site-packages/azure/mgmt/datafactory/models/_models_py3.py:61884 SyntaxWarning: invalid escape sequence '\d'
[2026-03-22T16:55:49.755+0000] {logging_mixin.py:188} WARNING - /home/airflow/.local/lib/python3.12/site-packages/azure/mgmt/datafactory/models/_models_py3.py:61955 SyntaxWarning: invalid escape sequence '\d'
[2026-03-22T16:55:49.758+0000] {logging_mixin.py:188} WARNING - /home/airflow/.local/lib/python3.12/site-packages/azure/mgmt/datafactory/models/_models_py3.py:62044 SyntaxWarning: invalid escape sequence '\d'
[2026-03-22T16:55:49.759+0000] {logging_mixin.py:188} WARNING - /home/airflow/.local/lib/python3.12/site-packages/azure/mgmt/datafactory/models/_models_py3.py:62140 SyntaxWarning: invalid escape sequence '\d'
[2026-03-22T16:55:49.762+0000] {logging_mixin.py:188} WARNING - /home/airflow/.local/lib/python3.12/site-packages/azure/mgmt/datafactory/models/_models_py3.py:62242 SyntaxWarning: invalid escape sequence '\d'
[2026-03-22T16:55:49.763+0000] {logging_mixin.py:188} WARNING - /home/airflow/.local/lib/python3.12/site-packages/azure/mgmt/datafactory/models/_models_py3.py:62313 SyntaxWarning: invalid escape sequence '\d'
[2026-03-22T16:55:49.767+0000] {logging_mixin.py:188} WARNING - /home/airflow/.local/lib/python3.12/site-packages/azure/mgmt/datafactory/models/_models_py3.py:62404 SyntaxWarning: invalid escape sequence '\d'
[2026-03-22T16:55:49.771+0000] {logging_mixin.py:188} WARNING - /home/airflow/.local/lib/python3.12/site-packages/azure/mgmt/datafactory/models/_models_py3.py:62640 SyntaxWarning: invalid escape sequence '\d'
[2026-03-22T16:55:49.772+0000] {logging_mixin.py:188} WARNING - /home/airflow/.local/lib/python3.12/site-packages/azure/mgmt/datafactory/models/_models_py3.py:62742 SyntaxWarning: invalid escape sequence '\d'
[2026-03-22T16:55:49.772+0000] {logging_mixin.py:188} WARNING - /home/airflow/.local/lib/python3.12/site-packages/azure/mgmt/datafactory/models/_models_py3.py:62813 SyntaxWarning: invalid escape sequence '\d'
[2026-03-22T16:55:49.774+0000] {logging_mixin.py:188} WARNING - /home/airflow/.local/lib/python3.12/site-packages/azure/mgmt/datafactory/models/_models_py3.py:62904 SyntaxWarning: invalid escape sequence '\d'
[2026-03-22T16:55:49.776+0000] {logging_mixin.py:188} WARNING - /home/airflow/.local/lib/python3.12/site-packages/azure/mgmt/datafactory/models/_models_py3.py:63213 SyntaxWarning: invalid escape sequence '\d'
[2026-03-22T16:55:49.777+0000] {logging_mixin.py:188} WARNING - /home/airflow/.local/lib/python3.12/site-packages/azure/mgmt/datafactory/models/_models_py3.py:63315 SyntaxWarning: invalid escape sequence '\d'
[2026-03-22T16:55:49.778+0000] {logging_mixin.py:188} WARNING - /home/airflow/.local/lib/python3.12/site-packages/azure/mgmt/datafactory/models/_models_py3.py:63386 SyntaxWarning: invalid escape sequence '\d'
[2026-03-22T16:55:49.779+0000] {logging_mixin.py:188} WARNING - /home/airflow/.local/lib/python3.12/site-packages/azure/mgmt/datafactory/models/_models_py3.py:63473 SyntaxWarning: invalid escape sequence '\d'
[2026-03-22T16:55:49.782+0000] {logging_mixin.py:188} WARNING - /home/airflow/.local/lib/python3.12/site-packages/azure/mgmt/datafactory/models/_models_py3.py:63827 SyntaxWarning: invalid escape sequence '\d'
[2026-03-22T16:55:49.783+0000] {logging_mixin.py:188} WARNING - /home/airflow/.local/lib/python3.12/site-packages/azure/mgmt/datafactory/models/_models_py3.py:63888 SyntaxWarning: invalid escape sequence '\d'
[2026-03-22T16:55:49.786+0000] {logging_mixin.py:188} WARNING - /home/airflow/.local/lib/python3.12/site-packages/azure/mgmt/datafactory/models/_models_py3.py:64318 SyntaxWarning: invalid escape sequence '\d'
[2026-03-22T16:55:49.787+0000] {logging_mixin.py:188} WARNING - /home/airflow/.local/lib/python3.12/site-packages/azure/mgmt/datafactory/models/_models_py3.py:64356 SyntaxWarning: invalid escape sequence '\d'
[2026-03-22T16:55:49.798+0000] {logging_mixin.py:188} WARNING - /home/airflow/.local/lib/python3.12/site-packages/azure/mgmt/datafactory/models/_models_py3.py:65278 SyntaxWarning: invalid escape sequence '\d'
[2026-03-22T16:55:49.799+0000] {logging_mixin.py:188} WARNING - /home/airflow/.local/lib/python3.12/site-packages/azure/mgmt/datafactory/models/_models_py3.py:65338 SyntaxWarning: invalid escape sequence '\d'
[2026-03-22T16:55:49.823+0000] {logging_mixin.py:188} WARNING - /home/airflow/.local/lib/python3.12/site-packages/azure/mgmt/datafactory/models/_models_py3.py:66505 SyntaxWarning: invalid escape sequence '\d'
[2026-03-22T16:55:49.824+0000] {logging_mixin.py:188} WARNING - /home/airflow/.local/lib/python3.12/site-packages/azure/mgmt/datafactory/models/_models_py3.py:66574 SyntaxWarning: invalid escape sequence '\d'
[2026-03-22T16:55:49.839+0000] {logging_mixin.py:188} WARNING - /home/airflow/.local/lib/python3.12/site-packages/azure/mgmt/datafactory/models/_models_py3.py:67257 SyntaxWarning: invalid escape sequence '\d'
[2026-03-22T16:55:49.839+0000] {logging_mixin.py:188} WARNING - /home/airflow/.local/lib/python3.12/site-packages/azure/mgmt/datafactory/models/_models_py3.py:67349 SyntaxWarning: invalid escape sequence '\d'
[2026-03-22T16:55:49.840+0000] {logging_mixin.py:188} WARNING - /home/airflow/.local/lib/python3.12/site-packages/azure/mgmt/datafactory/models/_models_py3.py:67617 SyntaxWarning: invalid escape sequence '\d'
[2026-03-22T16:55:49.842+0000] {logging_mixin.py:188} WARNING - /home/airflow/.local/lib/python3.12/site-packages/azure/mgmt/datafactory/models/_models_py3.py:67690 SyntaxWarning: invalid escape sequence '\d'
[2026-03-22T16:55:49.843+0000] {logging_mixin.py:188} WARNING - /home/airflow/.local/lib/python3.12/site-packages/azure/mgmt/datafactory/models/_models_py3.py:67896 SyntaxWarning: invalid escape sequence '\d'
[2026-03-22T16:55:49.848+0000] {logging_mixin.py:188} WARNING - /home/airflow/.local/lib/python3.12/site-packages/azure/mgmt/datafactory/models/_models_py3.py:67978 SyntaxWarning: invalid escape sequence '\d'
[2026-03-22T16:55:49.852+0000] {logging_mixin.py:188} WARNING - /home/airflow/.local/lib/python3.12/site-packages/azure/mgmt/datafactory/models/_models_py3.py:68160 SyntaxWarning: invalid escape sequence '\d'
[2026-03-22T16:55:49.858+0000] {logging_mixin.py:188} WARNING - /home/airflow/.local/lib/python3.12/site-packages/azure/mgmt/datafactory/models/_models_py3.py:68221 SyntaxWarning: invalid escape sequence '\d'
[2026-03-22T16:55:49.873+0000] {logging_mixin.py:188} WARNING - /home/airflow/.local/lib/python3.12/site-packages/azure/mgmt/datafactory/models/_models_py3.py:68640 SyntaxWarning: invalid escape sequence '\d'
[2026-03-22T16:55:49.888+0000] {logging_mixin.py:188} WARNING - /home/airflow/.local/lib/python3.12/site-packages/azure/mgmt/datafactory/models/_models_py3.py:68721 SyntaxWarning: invalid escape sequence '\d'
[2026-03-22T16:55:49.890+0000] {logging_mixin.py:188} WARNING - /home/airflow/.local/lib/python3.12/site-packages/azure/mgmt/datafactory/models/_models_py3.py:68778 SyntaxWarning: invalid escape sequence '\d'
[2026-03-22T16:55:49.894+0000] {logging_mixin.py:188} WARNING - /home/airflow/.local/lib/python3.12/site-packages/azure/mgmt/datafactory/models/_models_py3.py:68867 SyntaxWarning: invalid escape sequence '\d'
[2026-03-22T16:55:49.915+0000] {logging_mixin.py:188} WARNING - /home/airflow/.local/lib/python3.12/site-packages/azure/mgmt/datafactory/models/_models_py3.py:69498 SyntaxWarning: invalid escape sequence '\d'
[2026-03-22T16:55:49.917+0000] {logging_mixin.py:188} WARNING - /home/airflow/.local/lib/python3.12/site-packages/azure/mgmt/datafactory/models/_models_py3.py:69595 SyntaxWarning: invalid escape sequence '\d'
[2026-03-22T16:55:49.918+0000] {logging_mixin.py:188} WARNING - /home/airflow/.local/lib/python3.12/site-packages/azure/mgmt/datafactory/models/_models_py3.py:69737 SyntaxWarning: invalid escape sequence '\d'
[2026-03-22T16:55:49.919+0000] {logging_mixin.py:188} WARNING - /home/airflow/.local/lib/python3.12/site-packages/azure/mgmt/datafactory/models/_models_py3.py:69788 SyntaxWarning: invalid escape sequence '\d'
[2026-03-22T16:55:49.921+0000] {logging_mixin.py:188} WARNING - /home/airflow/.local/lib/python3.12/site-packages/azure/mgmt/datafactory/models/_models_py3.py:70246 SyntaxWarning: invalid escape sequence '\d'
[2026-03-22T16:55:49.922+0000] {logging_mixin.py:188} WARNING - /home/airflow/.local/lib/python3.12/site-packages/azure/mgmt/datafactory/models/_models_py3.py:70307 SyntaxWarning: invalid escape sequence '\d'
[2026-03-22T16:55:49.923+0000] {logging_mixin.py:188} WARNING - /home/airflow/.local/lib/python3.12/site-packages/azure/mgmt/datafactory/models/_models_py3.py:70563 SyntaxWarning: invalid escape sequence '\d'
[2026-03-22T16:55:49.924+0000] {logging_mixin.py:188} WARNING - /home/airflow/.local/lib/python3.12/site-packages/azure/mgmt/datafactory/models/_models_py3.py:70622 SyntaxWarning: invalid escape sequence '\d'
[2026-03-22T16:55:49.926+0000] {logging_mixin.py:188} WARNING - /home/airflow/.local/lib/python3.12/site-packages/azure/mgmt/datafactory/models/_models_py3.py:71055 SyntaxWarning: invalid escape sequence '\d'
[2026-03-22T16:55:49.927+0000] {logging_mixin.py:188} WARNING - /home/airflow/.local/lib/python3.12/site-packages/azure/mgmt/datafactory/models/_models_py3.py:71116 SyntaxWarning: invalid escape sequence '\d'
[2026-03-22T16:55:50.150+0000] {logging_mixin.py:188} WARNING - /home/airflow/.local/lib/python3.12/site-packages/azure/synapse/artifacts/models/_models_py3.py:175 SyntaxWarning: invalid escape sequence '\d'
[2026-03-22T16:55:50.150+0000] {logging_mixin.py:188} WARNING - /home/airflow/.local/lib/python3.12/site-packages/azure/synapse/artifacts/models/_models_py3.py:222 SyntaxWarning: invalid escape sequence '\d'
[2026-03-22T16:55:50.152+0000] {logging_mixin.py:188} WARNING - /home/airflow/.local/lib/python3.12/site-packages/azure/synapse/artifacts/models/_models_py3.py:1130 SyntaxWarning: invalid escape sequence '\d'
[2026-03-22T16:55:50.152+0000] {logging_mixin.py:188} WARNING - /home/airflow/.local/lib/python3.12/site-packages/azure/synapse/artifacts/models/_models_py3.py:1223 SyntaxWarning: invalid escape sequence '\d'
[2026-03-22T16:55:50.152+0000] {logging_mixin.py:188} WARNING - /home/airflow/.local/lib/python3.12/site-packages/azure/synapse/artifacts/models/_models_py3.py:1246 SyntaxWarning: invalid escape sequence '\d'
[2026-03-22T16:55:50.153+0000] {logging_mixin.py:188} WARNING - /home/airflow/.local/lib/python3.12/site-packages/azure/synapse/artifacts/models/_models_py3.py:1374 SyntaxWarning: invalid escape sequence '\d'
[2026-03-22T16:55:50.153+0000] {logging_mixin.py:188} WARNING - /home/airflow/.local/lib/python3.12/site-packages/azure/synapse/artifacts/models/_models_py3.py:1407 SyntaxWarning: invalid escape sequence '\d'
[2026-03-22T16:55:50.153+0000] {logging_mixin.py:188} WARNING - /home/airflow/.local/lib/python3.12/site-packages/azure/synapse/artifacts/models/_models_py3.py:1463 SyntaxWarning: invalid escape sequence '\d'
[2026-03-22T16:55:50.153+0000] {logging_mixin.py:188} WARNING - /home/airflow/.local/lib/python3.12/site-packages/azure/synapse/artifacts/models/_models_py3.py:1651 SyntaxWarning: invalid escape sequence '\d'
[2026-03-22T16:55:50.154+0000] {logging_mixin.py:188} WARNING - /home/airflow/.local/lib/python3.12/site-packages/azure/synapse/artifacts/models/_models_py3.py:1718 SyntaxWarning: invalid escape sequence '\d'
[2026-03-22T16:55:50.154+0000] {logging_mixin.py:188} WARNING - /home/airflow/.local/lib/python3.12/site-packages/azure/synapse/artifacts/models/_models_py3.py:1993 SyntaxWarning: invalid escape sequence '\d'
[2026-03-22T16:55:50.155+0000] {logging_mixin.py:188} WARNING - /home/airflow/.local/lib/python3.12/site-packages/azure/synapse/artifacts/models/_models_py3.py:2078 SyntaxWarning: invalid escape sequence '\d'
[2026-03-22T16:55:50.155+0000] {logging_mixin.py:188} WARNING - /home/airflow/.local/lib/python3.12/site-packages/azure/synapse/artifacts/models/_models_py3.py:2375 SyntaxWarning: invalid escape sequence '\d'
[2026-03-22T16:55:50.155+0000] {logging_mixin.py:188} WARNING - /home/airflow/.local/lib/python3.12/site-packages/azure/synapse/artifacts/models/_models_py3.py:2436 SyntaxWarning: invalid escape sequence '\d'
[2026-03-22T16:55:50.157+0000] {logging_mixin.py:188} WARNING - /home/airflow/.local/lib/python3.12/site-packages/azure/synapse/artifacts/models/_models_py3.py:3953 SyntaxWarning: invalid escape sequence '\d'
[2026-03-22T16:55:50.157+0000] {logging_mixin.py:188} WARNING - /home/airflow/.local/lib/python3.12/site-packages/azure/synapse/artifacts/models/_models_py3.py:4056 SyntaxWarning: invalid escape sequence '\d'
[2026-03-22T16:55:50.158+0000] {logging_mixin.py:188} WARNING - /home/airflow/.local/lib/python3.12/site-packages/azure/synapse/artifacts/models/_models_py3.py:4087 SyntaxWarning: invalid escape sequence '\d'
[2026-03-22T16:55:50.158+0000] {logging_mixin.py:188} WARNING - /home/airflow/.local/lib/python3.12/site-packages/azure/synapse/artifacts/models/_models_py3.py:4146 SyntaxWarning: invalid escape sequence '\d'
[2026-03-22T16:55:50.158+0000] {logging_mixin.py:188} WARNING - /home/airflow/.local/lib/python3.12/site-packages/azure/synapse/artifacts/models/_models_py3.py:4185 SyntaxWarning: invalid escape sequence '\d'
[2026-03-22T16:55:50.159+0000] {logging_mixin.py:188} WARNING - /home/airflow/.local/lib/python3.12/site-packages/azure/synapse/artifacts/models/_models_py3.py:4235 SyntaxWarning: invalid escape sequence '\d'
[2026-03-22T16:55:50.160+0000] {logging_mixin.py:188} WARNING - /home/airflow/.local/lib/python3.12/site-packages/azure/synapse/artifacts/models/_models_py3.py:5169 SyntaxWarning: invalid escape sequence '\d'
[2026-03-22T16:55:50.160+0000] {logging_mixin.py:188} WARNING - /home/airflow/.local/lib/python3.12/site-packages/azure/synapse/artifacts/models/_models_py3.py:5225 SyntaxWarning: invalid escape sequence '\d'
[2026-03-22T16:55:50.160+0000] {logging_mixin.py:188} WARNING - /home/airflow/.local/lib/python3.12/site-packages/azure/synapse/artifacts/models/_models_py3.py:5262 SyntaxWarning: invalid escape sequence '\d'
[2026-03-22T16:55:50.160+0000] {logging_mixin.py:188} WARNING - /home/airflow/.local/lib/python3.12/site-packages/azure/synapse/artifacts/models/_models_py3.py:5318 SyntaxWarning: invalid escape sequence '\d'
[2026-03-22T16:55:50.162+0000] {logging_mixin.py:188} WARNING - /home/airflow/.local/lib/python3.12/site-packages/azure/synapse/artifacts/models/_models_py3.py:6368 SyntaxWarning: invalid escape sequence '\d'
[2026-03-22T16:55:50.162+0000] {logging_mixin.py:188} WARNING - /home/airflow/.local/lib/python3.12/site-packages/azure/synapse/artifacts/models/_models_py3.py:6428 SyntaxWarning: invalid escape sequence '\d'
[2026-03-22T16:55:50.162+0000] {logging_mixin.py:188} WARNING - /home/airflow/.local/lib/python3.12/site-packages/azure/synapse/artifacts/models/_models_py3.py:6469 SyntaxWarning: invalid escape sequence '\d'
[2026-03-22T16:55:50.163+0000] {logging_mixin.py:188} WARNING - /home/airflow/.local/lib/python3.12/site-packages/azure/synapse/artifacts/models/_models_py3.py:6519 SyntaxWarning: invalid escape sequence '\d'
[2026-03-22T16:55:50.163+0000] {logging_mixin.py:188} WARNING - /home/airflow/.local/lib/python3.12/site-packages/azure/synapse/artifacts/models/_models_py3.py:6954 SyntaxWarning: invalid escape sequence '\d'
[2026-03-22T16:55:50.163+0000] {logging_mixin.py:188} WARNING - /home/airflow/.local/lib/python3.12/site-packages/azure/synapse/artifacts/models/_models_py3.py:7027 SyntaxWarning: invalid escape sequence '\d'
[2026-03-22T16:55:50.164+0000] {logging_mixin.py:188} WARNING - /home/airflow/.local/lib/python3.12/site-packages/azure/synapse/artifacts/models/_models_py3.py:7198 SyntaxWarning: invalid escape sequence '\d'
[2026-03-22T16:55:50.164+0000] {logging_mixin.py:188} WARNING - /home/airflow/.local/lib/python3.12/site-packages/azure/synapse/artifacts/models/_models_py3.py:7264 SyntaxWarning: invalid escape sequence '\d'
[2026-03-22T16:55:50.164+0000] {logging_mixin.py:188} WARNING - /home/airflow/.local/lib/python3.12/site-packages/azure/synapse/artifacts/models/_models_py3.py:7309 SyntaxWarning: invalid escape sequence '\d'
[2026-03-22T16:55:50.165+0000] {logging_mixin.py:188} WARNING - /home/airflow/.local/lib/python3.12/site-packages/azure/synapse/artifacts/models/_models_py3.py:7371 SyntaxWarning: invalid escape sequence '\d'
[2026-03-22T16:55:50.165+0000] {logging_mixin.py:188} WARNING - /home/airflow/.local/lib/python3.12/site-packages/azure/synapse/artifacts/models/_models_py3.py:8153 SyntaxWarning: invalid escape sequence '\d'
[2026-03-22T16:55:50.166+0000] {logging_mixin.py:188} WARNING - /home/airflow/.local/lib/python3.12/site-packages/azure/synapse/artifacts/models/_models_py3.py:8213 SyntaxWarning: invalid escape sequence '\d'
[2026-03-22T16:55:50.166+0000] {logging_mixin.py:188} WARNING - /home/airflow/.local/lib/python3.12/site-packages/azure/synapse/artifacts/models/_models_py3.py:8253 SyntaxWarning: invalid escape sequence '\d'
[2026-03-22T16:55:50.166+0000] {logging_mixin.py:188} WARNING - /home/airflow/.local/lib/python3.12/site-packages/azure/synapse/artifacts/models/_models_py3.py:8299 SyntaxWarning: invalid escape sequence '\d'
[2026-03-22T16:55:50.167+0000] {logging_mixin.py:188} WARNING - /home/airflow/.local/lib/python3.12/site-packages/azure/synapse/artifacts/models/_models_py3.py:9388 SyntaxWarning: invalid escape sequence '\d'
[2026-03-22T16:55:50.168+0000] {logging_mixin.py:188} WARNING - /home/airflow/.local/lib/python3.12/site-packages/azure/synapse/artifacts/models/_models_py3.py:9444 SyntaxWarning: invalid escape sequence '\d'
[2026-03-22T16:55:50.169+0000] {logging_mixin.py:188} WARNING - /home/airflow/.local/lib/python3.12/site-packages/azure/synapse/artifacts/models/_models_py3.py:10445 SyntaxWarning: invalid escape sequence '\d'
[2026-03-22T16:55:50.169+0000] {logging_mixin.py:188} WARNING - /home/airflow/.local/lib/python3.12/site-packages/azure/synapse/artifacts/models/_models_py3.py:10501 SyntaxWarning: invalid escape sequence '\d'
[2026-03-22T16:55:50.169+0000] {logging_mixin.py:188} WARNING - /home/airflow/.local/lib/python3.12/site-packages/azure/synapse/artifacts/models/_models_py3.py:10538 SyntaxWarning: invalid escape sequence '\d'
[2026-03-22T16:55:50.170+0000] {logging_mixin.py:188} WARNING - /home/airflow/.local/lib/python3.12/site-packages/azure/synapse/artifacts/models/_models_py3.py:10593 SyntaxWarning: invalid escape sequence '\d'
[2026-03-22T16:55:50.170+0000] {logging_mixin.py:188} WARNING - /home/airflow/.local/lib/python3.12/site-packages/azure/synapse/artifacts/models/_models_py3.py:10836 SyntaxWarning: invalid escape sequence '\d'
[2026-03-22T16:55:50.171+0000] {logging_mixin.py:188} WARNING - /home/airflow/.local/lib/python3.12/site-packages/azure/synapse/artifacts/models/_models_py3.py:10892 SyntaxWarning: invalid escape sequence '\d'
[2026-03-22T16:55:50.171+0000] {logging_mixin.py:188} WARNING - /home/airflow/.local/lib/python3.12/site-packages/azure/synapse/artifacts/models/_models_py3.py:10929 SyntaxWarning: invalid escape sequence '\d'
[2026-03-22T16:55:50.171+0000] {logging_mixin.py:188} WARNING - /home/airflow/.local/lib/python3.12/site-packages/azure/synapse/artifacts/models/_models_py3.py:10985 SyntaxWarning: invalid escape sequence '\d'
[2026-03-22T16:55:50.172+0000] {logging_mixin.py:188} WARNING - /home/airflow/.local/lib/python3.12/site-packages/azure/synapse/artifacts/models/_models_py3.py:11144 SyntaxWarning: invalid escape sequence '\d'
[2026-03-22T16:55:50.172+0000] {logging_mixin.py:188} WARNING - /home/airflow/.local/lib/python3.12/site-packages/azure/synapse/artifacts/models/_models_py3.py:11195 SyntaxWarning: invalid escape sequence '\d'
[2026-03-22T16:55:50.172+0000] {logging_mixin.py:188} WARNING - /home/airflow/.local/lib/python3.12/site-packages/azure/synapse/artifacts/models/_models_py3.py:11333 SyntaxWarning: invalid escape sequence '\d'
[2026-03-22T16:55:50.173+0000] {logging_mixin.py:188} WARNING - /home/airflow/.local/lib/python3.12/site-packages/azure/synapse/artifacts/models/_models_py3.py:11390 SyntaxWarning: invalid escape sequence '\d'
[2026-03-22T16:55:50.173+0000] {logging_mixin.py:188} WARNING - /home/airflow/.local/lib/python3.12/site-packages/azure/synapse/artifacts/models/_models_py3.py:12213 SyntaxWarning: invalid escape sequence '\d'
[2026-03-22T16:55:50.174+0000] {logging_mixin.py:188} WARNING - /home/airflow/.local/lib/python3.12/site-packages/azure/synapse/artifacts/models/_models_py3.py:12296 SyntaxWarning: invalid escape sequence '\d'
[2026-03-22T16:55:50.174+0000] {logging_mixin.py:188} WARNING - /home/airflow/.local/lib/python3.12/site-packages/azure/synapse/artifacts/models/_models_py3.py:12352 SyntaxWarning: invalid escape sequence '\d'
[2026-03-22T16:55:50.174+0000] {logging_mixin.py:188} WARNING - /home/airflow/.local/lib/python3.12/site-packages/azure/synapse/artifacts/models/_models_py3.py:12437 SyntaxWarning: invalid escape sequence '\d'
[2026-03-22T16:55:50.175+0000] {logging_mixin.py:188} WARNING - /home/airflow/.local/lib/python3.12/site-packages/azure/synapse/artifacts/models/_models_py3.py:12932 SyntaxWarning: invalid escape sequence '\d'
[2026-03-22T16:55:50.175+0000] {logging_mixin.py:188} WARNING - /home/airflow/.local/lib/python3.12/site-packages/azure/synapse/artifacts/models/_models_py3.py:13003 SyntaxWarning: invalid escape sequence '\d'
[2026-03-22T16:55:50.176+0000] {logging_mixin.py:188} WARNING - /home/airflow/.local/lib/python3.12/site-packages/azure/synapse/artifacts/models/_models_py3.py:13052 SyntaxWarning: invalid escape sequence '\d'
[2026-03-22T16:55:50.176+0000] {logging_mixin.py:188} WARNING - /home/airflow/.local/lib/python3.12/site-packages/azure/synapse/artifacts/models/_models_py3.py:13113 SyntaxWarning: invalid escape sequence '\d'
[2026-03-22T16:55:50.177+0000] {logging_mixin.py:188} WARNING - /home/airflow/.local/lib/python3.12/site-packages/azure/synapse/artifacts/models/_models_py3.py:13797 SyntaxWarning: invalid escape sequence '\d'
[2026-03-22T16:55:50.177+0000] {logging_mixin.py:188} WARNING - /home/airflow/.local/lib/python3.12/site-packages/azure/synapse/artifacts/models/_models_py3.py:13852 SyntaxWarning: invalid escape sequence '\d'
[2026-03-22T16:55:50.177+0000] {logging_mixin.py:188} WARNING - /home/airflow/.local/lib/python3.12/site-packages/azure/synapse/artifacts/models/_models_py3.py:13888 SyntaxWarning: invalid escape sequence '\d'
[2026-03-22T16:55:50.177+0000] {logging_mixin.py:188} WARNING - /home/airflow/.local/lib/python3.12/site-packages/azure/synapse/artifacts/models/_models_py3.py:13937 SyntaxWarning: invalid escape sequence '\d'
[2026-03-22T16:55:50.178+0000] {logging_mixin.py:188} WARNING - /home/airflow/.local/lib/python3.12/site-packages/azure/synapse/artifacts/models/_models_py3.py:14229 SyntaxWarning: invalid escape sequence '\d'
[2026-03-22T16:55:50.178+0000] {logging_mixin.py:188} WARNING - /home/airflow/.local/lib/python3.12/site-packages/azure/synapse/artifacts/models/_models_py3.py:14299 SyntaxWarning: invalid escape sequence '\d'
[2026-03-22T16:55:50.178+0000] {logging_mixin.py:188} WARNING - /home/airflow/.local/lib/python3.12/site-packages/azure/synapse/artifacts/models/_models_py3.py:14347 SyntaxWarning: invalid escape sequence '\d'
[2026-03-22T16:55:50.179+0000] {logging_mixin.py:188} WARNING - /home/airflow/.local/lib/python3.12/site-packages/azure/synapse/artifacts/models/_models_py3.py:14403 SyntaxWarning: invalid escape sequence '\d'
[2026-03-22T16:55:50.179+0000] {logging_mixin.py:188} WARNING - /home/airflow/.local/lib/python3.12/site-packages/azure/synapse/artifacts/models/_models_py3.py:14655 SyntaxWarning: invalid escape sequence '\d'
[2026-03-22T16:55:50.179+0000] {logging_mixin.py:188} WARNING - /home/airflow/.local/lib/python3.12/site-packages/azure/synapse/artifacts/models/_models_py3.py:14721 SyntaxWarning: invalid escape sequence '\d'
[2026-03-22T16:55:50.180+0000] {logging_mixin.py:188} WARNING - /home/airflow/.local/lib/python3.12/site-packages/azure/synapse/artifacts/models/_models_py3.py:15326 SyntaxWarning: invalid escape sequence '\d'
[2026-03-22T16:55:50.180+0000] {logging_mixin.py:188} WARNING - /home/airflow/.local/lib/python3.12/site-packages/azure/synapse/artifacts/models/_models_py3.py:15393 SyntaxWarning: invalid escape sequence '\d'
[2026-03-22T16:55:50.181+0000] {logging_mixin.py:188} WARNING - /home/airflow/.local/lib/python3.12/site-packages/azure/synapse/artifacts/models/_models_py3.py:15438 SyntaxWarning: invalid escape sequence '\d'
[2026-03-22T16:55:50.181+0000] {logging_mixin.py:188} WARNING - /home/airflow/.local/lib/python3.12/site-packages/azure/synapse/artifacts/models/_models_py3.py:15489 SyntaxWarning: invalid escape sequence '\d'
[2026-03-22T16:55:50.181+0000] {logging_mixin.py:188} WARNING - /home/airflow/.local/lib/python3.12/site-packages/azure/synapse/artifacts/models/_models_py3.py:15808 SyntaxWarning: invalid escape sequence '\d'
[2026-03-22T16:55:50.182+0000] {logging_mixin.py:188} WARNING - /home/airflow/.local/lib/python3.12/site-packages/azure/synapse/artifacts/models/_models_py3.py:15864 SyntaxWarning: invalid escape sequence '\d'
[2026-03-22T16:55:50.183+0000] {logging_mixin.py:188} WARNING - /home/airflow/.local/lib/python3.12/site-packages/azure/synapse/artifacts/models/_models_py3.py:16528 SyntaxWarning: invalid escape sequence '\d'
[2026-03-22T16:55:50.183+0000] {logging_mixin.py:188} WARNING - /home/airflow/.local/lib/python3.12/site-packages/azure/synapse/artifacts/models/_models_py3.py:16585 SyntaxWarning: invalid escape sequence '\d'
[2026-03-22T16:55:50.183+0000] {logging_mixin.py:188} WARNING - /home/airflow/.local/lib/python3.12/site-packages/azure/synapse/artifacts/models/_models_py3.py:16623 SyntaxWarning: invalid escape sequence '\d'
[2026-03-22T16:55:50.183+0000] {logging_mixin.py:188} WARNING - /home/airflow/.local/lib/python3.12/site-packages/azure/synapse/artifacts/models/_models_py3.py:16691 SyntaxWarning: invalid escape sequence '\d'
[2026-03-22T16:55:50.184+0000] {logging_mixin.py:188} WARNING - /home/airflow/.local/lib/python3.12/site-packages/azure/synapse/artifacts/models/_models_py3.py:16843 SyntaxWarning: invalid escape sequence '\d'
[2026-03-22T16:55:50.184+0000] {logging_mixin.py:188} WARNING - /home/airflow/.local/lib/python3.12/site-packages/azure/synapse/artifacts/models/_models_py3.py:16899 SyntaxWarning: invalid escape sequence '\d'
[2026-03-22T16:55:50.184+0000] {logging_mixin.py:188} WARNING - /home/airflow/.local/lib/python3.12/site-packages/azure/synapse/artifacts/models/_models_py3.py:16936 SyntaxWarning: invalid escape sequence '\d'
[2026-03-22T16:55:50.184+0000] {logging_mixin.py:188} WARNING - /home/airflow/.local/lib/python3.12/site-packages/azure/synapse/artifacts/models/_models_py3.py:17001 SyntaxWarning: invalid escape sequence '\d'
[2026-03-22T16:55:50.185+0000] {logging_mixin.py:188} WARNING - /home/airflow/.local/lib/python3.12/site-packages/azure/synapse/artifacts/models/_models_py3.py:17139 SyntaxWarning: invalid escape sequence '\d'
[2026-03-22T16:55:50.185+0000] {logging_mixin.py:188} WARNING - /home/airflow/.local/lib/python3.12/site-packages/azure/synapse/artifacts/models/_models_py3.py:17195 SyntaxWarning: invalid escape sequence '\d'
[2026-03-22T16:55:50.188+0000] {logging_mixin.py:188} WARNING - /home/airflow/.local/lib/python3.12/site-packages/azure/synapse/artifacts/models/_models_py3.py:20145 SyntaxWarning: invalid escape sequence '\d'
[2026-03-22T16:55:50.188+0000] {logging_mixin.py:188} WARNING - /home/airflow/.local/lib/python3.12/site-packages/azure/synapse/artifacts/models/_models_py3.py:20200 SyntaxWarning: invalid escape sequence '\d'
[2026-03-22T16:55:50.189+0000] {logging_mixin.py:188} WARNING - /home/airflow/.local/lib/python3.12/site-packages/azure/synapse/artifacts/models/_models_py3.py:20773 SyntaxWarning: invalid escape sequence '\d'
[2026-03-22T16:55:50.190+0000] {logging_mixin.py:188} WARNING - /home/airflow/.local/lib/python3.12/site-packages/azure/synapse/artifacts/models/_models_py3.py:20832 SyntaxWarning: invalid escape sequence '\d'
[2026-03-22T16:55:50.190+0000] {logging_mixin.py:188} WARNING - /home/airflow/.local/lib/python3.12/site-packages/azure/synapse/artifacts/models/_models_py3.py:20871 SyntaxWarning: invalid escape sequence '\d'
[2026-03-22T16:55:50.190+0000] {logging_mixin.py:188} WARNING - /home/airflow/.local/lib/python3.12/site-packages/azure/synapse/artifacts/models/_models_py3.py:20925 SyntaxWarning: invalid escape sequence '\d'
[2026-03-22T16:55:50.190+0000] {logging_mixin.py:188} WARNING - /home/airflow/.local/lib/python3.12/site-packages/azure/synapse/artifacts/models/_models_py3.py:21227 SyntaxWarning: invalid escape sequence '\d'
[2026-03-22T16:55:50.284+0000] {logging_mixin.py:188} WARNING - /home/airflow/.local/lib/python3.12/site-packages/azure/synapse/artifacts/models/_models_py3.py:21288 SyntaxWarning: invalid escape sequence '\d'
[2026-03-22T16:55:50.285+0000] {logging_mixin.py:188} WARNING - /home/airflow/.local/lib/python3.12/site-packages/azure/synapse/artifacts/models/_models_py3.py:21329 SyntaxWarning: invalid escape sequence '\d'
[2026-03-22T16:55:50.285+0000] {logging_mixin.py:188} WARNING - /home/airflow/.local/lib/python3.12/site-packages/azure/synapse/artifacts/models/_models_py3.py:21389 SyntaxWarning: invalid escape sequence '\d'
[2026-03-22T16:55:50.286+0000] {logging_mixin.py:188} WARNING - /home/airflow/.local/lib/python3.12/site-packages/azure/synapse/artifacts/models/_models_py3.py:21523 SyntaxWarning: invalid escape sequence '\d'
[2026-03-22T16:55:50.286+0000] {logging_mixin.py:188} WARNING - /home/airflow/.local/lib/python3.12/site-packages/azure/synapse/artifacts/models/_models_py3.py:21579 SyntaxWarning: invalid escape sequence '\d'
[2026-03-22T16:55:50.354+0000] {logging_mixin.py:188} WARNING - /home/airflow/.local/lib/python3.12/site-packages/azure/synapse/artifacts/models/_models_py3.py:22066 SyntaxWarning: invalid escape sequence '\d'
[2026-03-22T16:55:50.354+0000] {logging_mixin.py:188} WARNING - /home/airflow/.local/lib/python3.12/site-packages/azure/synapse/artifacts/models/_models_py3.py:22129 SyntaxWarning: invalid escape sequence '\d'
[2026-03-22T16:55:50.363+0000] {logging_mixin.py:188} WARNING - /home/airflow/.local/lib/python3.12/site-packages/azure/synapse/artifacts/models/_models_py3.py:22470 SyntaxWarning: invalid escape sequence '\d'
[2026-03-22T16:55:50.364+0000] {logging_mixin.py:188} WARNING - /home/airflow/.local/lib/python3.12/site-packages/azure/synapse/artifacts/models/_models_py3.py:22537 SyntaxWarning: invalid escape sequence '\d'
[2026-03-22T16:55:50.364+0000] {logging_mixin.py:188} WARNING - /home/airflow/.local/lib/python3.12/site-packages/azure/synapse/artifacts/models/_models_py3.py:22582 SyntaxWarning: invalid escape sequence '\d'
[2026-03-22T16:55:50.364+0000] {logging_mixin.py:188} WARNING - /home/airflow/.local/lib/python3.12/site-packages/azure/synapse/artifacts/models/_models_py3.py:22633 SyntaxWarning: invalid escape sequence '\d'
[2026-03-22T16:55:50.370+0000] {logging_mixin.py:188} WARNING - /home/airflow/.local/lib/python3.12/site-packages/azure/synapse/artifacts/models/_models_py3.py:22972 SyntaxWarning: invalid escape sequence '\d'
[2026-03-22T16:55:50.370+0000] {logging_mixin.py:188} WARNING - /home/airflow/.local/lib/python3.12/site-packages/azure/synapse/artifacts/models/_models_py3.py:23039 SyntaxWarning: invalid escape sequence '\d'
[2026-03-22T16:55:50.371+0000] {logging_mixin.py:188} WARNING - /home/airflow/.local/lib/python3.12/site-packages/azure/synapse/artifacts/models/_models_py3.py:23084 SyntaxWarning: invalid escape sequence '\d'
[2026-03-22T16:55:50.372+0000] {logging_mixin.py:188} WARNING - /home/airflow/.local/lib/python3.12/site-packages/azure/synapse/artifacts/models/_models_py3.py:23135 SyntaxWarning: invalid escape sequence '\d'
[2026-03-22T16:55:50.373+0000] {logging_mixin.py:188} WARNING - /home/airflow/.local/lib/python3.12/site-packages/azure/synapse/artifacts/models/_models_py3.py:23422 SyntaxWarning: invalid escape sequence '\d'
[2026-03-22T16:55:50.373+0000] {logging_mixin.py:188} WARNING - /home/airflow/.local/lib/python3.12/site-packages/azure/synapse/artifacts/models/_models_py3.py:23478 SyntaxWarning: invalid escape sequence '\d'
[2026-03-22T16:55:50.376+0000] {logging_mixin.py:188} WARNING - /home/airflow/.local/lib/python3.12/site-packages/azure/synapse/artifacts/models/_models_py3.py:23879 SyntaxWarning: invalid escape sequence '\d'
[2026-03-22T16:55:50.377+0000] {logging_mixin.py:188} WARNING - /home/airflow/.local/lib/python3.12/site-packages/azure/synapse/artifacts/models/_models_py3.py:23929 SyntaxWarning: invalid escape sequence '\d'
[2026-03-22T16:55:50.393+0000] {logging_mixin.py:188} WARNING - /home/airflow/.local/lib/python3.12/site-packages/azure/synapse/artifacts/models/_models_py3.py:25198 SyntaxWarning: invalid escape sequence '\d'
[2026-03-22T16:55:50.394+0000] {logging_mixin.py:188} WARNING - /home/airflow/.local/lib/python3.12/site-packages/azure/synapse/artifacts/models/_models_py3.py:25253 SyntaxWarning: invalid escape sequence '\d'
[2026-03-22T16:55:50.394+0000] {logging_mixin.py:188} WARNING - /home/airflow/.local/lib/python3.12/site-packages/azure/synapse/artifacts/models/_models_py3.py:25289 SyntaxWarning: invalid escape sequence '\d'
[2026-03-22T16:55:50.395+0000] {logging_mixin.py:188} WARNING - /home/airflow/.local/lib/python3.12/site-packages/azure/synapse/artifacts/models/_models_py3.py:25340 SyntaxWarning: invalid escape sequence '\d'
[2026-03-22T16:55:50.424+0000] {logging_mixin.py:188} WARNING - /home/airflow/.local/lib/python3.12/site-packages/azure/synapse/artifacts/models/_models_py3.py:26535 SyntaxWarning: invalid escape sequence '\d'
[2026-03-22T16:55:50.425+0000] {logging_mixin.py:188} WARNING - /home/airflow/.local/lib/python3.12/site-packages/azure/synapse/artifacts/models/_models_py3.py:26591 SyntaxWarning: invalid escape sequence '\d'
[2026-03-22T16:55:50.428+0000] {logging_mixin.py:188} WARNING - /home/airflow/.local/lib/python3.12/site-packages/azure/synapse/artifacts/models/_models_py3.py:26933 SyntaxWarning: invalid escape sequence '\d'
[2026-03-22T16:55:50.431+0000] {logging_mixin.py:188} WARNING - /home/airflow/.local/lib/python3.12/site-packages/azure/synapse/artifacts/models/_models_py3.py:26989 SyntaxWarning: invalid escape sequence '\d'
[2026-03-22T16:55:50.434+0000] {logging_mixin.py:188} WARNING - /home/airflow/.local/lib/python3.12/site-packages/azure/synapse/artifacts/models/_models_py3.py:27525 SyntaxWarning: invalid escape sequence '\d'
[2026-03-22T16:55:50.435+0000] {logging_mixin.py:188} WARNING - /home/airflow/.local/lib/python3.12/site-packages/azure/synapse/artifacts/models/_models_py3.py:27581 SyntaxWarning: invalid escape sequence '\d'
[2026-03-22T16:55:50.438+0000] {logging_mixin.py:188} WARNING - /home/airflow/.local/lib/python3.12/site-packages/azure/synapse/artifacts/models/_models_py3.py:28008 SyntaxWarning: invalid escape sequence '\d'
[2026-03-22T16:55:50.439+0000] {logging_mixin.py:188} WARNING - /home/airflow/.local/lib/python3.12/site-packages/azure/synapse/artifacts/models/_models_py3.py:28064 SyntaxWarning: invalid escape sequence '\d'
[2026-03-22T16:55:50.448+0000] {logging_mixin.py:188} WARNING - /home/airflow/.local/lib/python3.12/site-packages/azure/synapse/artifacts/models/_models_py3.py:28404 SyntaxWarning: invalid escape sequence '\d'
[2026-03-22T16:55:50.451+0000] {logging_mixin.py:188} WARNING - /home/airflow/.local/lib/python3.12/site-packages/azure/synapse/artifacts/models/_models_py3.py:28454 SyntaxWarning: invalid escape sequence '\d'
[2026-03-22T16:55:50.478+0000] {logging_mixin.py:188} WARNING - /home/airflow/.local/lib/python3.12/site-packages/azure/synapse/artifacts/models/_models_py3.py:30199 SyntaxWarning: invalid escape sequence '\d'
[2026-03-22T16:55:50.478+0000] {logging_mixin.py:188} WARNING - /home/airflow/.local/lib/python3.12/site-packages/azure/synapse/artifacts/models/_models_py3.py:30255 SyntaxWarning: invalid escape sequence '\d'
[2026-03-22T16:55:50.481+0000] {logging_mixin.py:188} WARNING - /home/airflow/.local/lib/python3.12/site-packages/azure/synapse/artifacts/models/_models_py3.py:30768 SyntaxWarning: invalid escape sequence '\d'
[2026-03-22T16:55:50.481+0000] {logging_mixin.py:188} WARNING - /home/airflow/.local/lib/python3.12/site-packages/azure/synapse/artifacts/models/_models_py3.py:30816 SyntaxWarning: invalid escape sequence '\d'
[2026-03-22T16:55:50.481+0000] {logging_mixin.py:188} WARNING - /home/airflow/.local/lib/python3.12/site-packages/azure/synapse/artifacts/models/_models_py3.py:31089 SyntaxWarning: invalid escape sequence '\d'
[2026-03-22T16:55:50.482+0000] {logging_mixin.py:188} WARNING - /home/airflow/.local/lib/python3.12/site-packages/azure/synapse/artifacts/models/_models_py3.py:31145 SyntaxWarning: invalid escape sequence '\d'
[2026-03-22T16:55:50.491+0000] {logging_mixin.py:188} WARNING - /home/airflow/.local/lib/python3.12/site-packages/azure/synapse/artifacts/models/_models_py3.py:31592 SyntaxWarning: invalid escape sequence '\d'
[2026-03-22T16:55:50.494+0000] {logging_mixin.py:188} WARNING - /home/airflow/.local/lib/python3.12/site-packages/azure/synapse/artifacts/models/_models_py3.py:31648 SyntaxWarning: invalid escape sequence '\d'
[2026-03-22T16:55:50.497+0000] {logging_mixin.py:188} WARNING - /home/airflow/.local/lib/python3.12/site-packages/azure/synapse/artifacts/models/_models_py3.py:31811 SyntaxWarning: invalid escape sequence '\d'
[2026-03-22T16:55:50.497+0000] {logging_mixin.py:188} WARNING - /home/airflow/.local/lib/python3.12/site-packages/azure/synapse/artifacts/models/_models_py3.py:31867 SyntaxWarning: invalid escape sequence '\d'
[2026-03-22T16:55:50.497+0000] {logging_mixin.py:188} WARNING - /home/airflow/.local/lib/python3.12/site-packages/azure/synapse/artifacts/models/_models_py3.py:31904 SyntaxWarning: invalid escape sequence '\d'
[2026-03-22T16:55:50.498+0000] {logging_mixin.py:188} WARNING - /home/airflow/.local/lib/python3.12/site-packages/azure/synapse/artifacts/models/_models_py3.py:31959 SyntaxWarning: invalid escape sequence '\d'
[2026-03-22T16:55:50.513+0000] {logging_mixin.py:188} WARNING - /home/airflow/.local/lib/python3.12/site-packages/azure/synapse/artifacts/models/_models_py3.py:32974 SyntaxWarning: invalid escape sequence '\d'
[2026-03-22T16:55:50.513+0000] {logging_mixin.py:188} WARNING - /home/airflow/.local/lib/python3.12/site-packages/azure/synapse/artifacts/models/_models_py3.py:33030 SyntaxWarning: invalid escape sequence '\d'
[2026-03-22T16:55:50.518+0000] {logging_mixin.py:188} WARNING - /home/airflow/.local/lib/python3.12/site-packages/azure/synapse/artifacts/models/_models_py3.py:33341 SyntaxWarning: invalid escape sequence '\d'
[2026-03-22T16:55:50.520+0000] {logging_mixin.py:188} WARNING - /home/airflow/.local/lib/python3.12/site-packages/azure/synapse/artifacts/models/_models_py3.py:33400 SyntaxWarning: invalid escape sequence '\d'
[2026-03-22T16:55:50.520+0000] {logging_mixin.py:188} WARNING - /home/airflow/.local/lib/python3.12/site-packages/azure/synapse/artifacts/models/_models_py3.py:33439 SyntaxWarning: invalid escape sequence '\d'
[2026-03-22T16:55:50.521+0000] {logging_mixin.py:188} WARNING - /home/airflow/.local/lib/python3.12/site-packages/azure/synapse/artifacts/models/_models_py3.py:33493 SyntaxWarning: invalid escape sequence '\d'
[2026-03-22T16:55:50.539+0000] {logging_mixin.py:188} WARNING - /home/airflow/.local/lib/python3.12/site-packages/azure/synapse/artifacts/models/_models_py3.py:35683 SyntaxWarning: invalid escape sequence '\d'
[2026-03-22T16:55:50.540+0000] {logging_mixin.py:188} WARNING - /home/airflow/.local/lib/python3.12/site-packages/azure/synapse/artifacts/models/_models_py3.py:35739 SyntaxWarning: invalid escape sequence '\d'
[2026-03-22T16:55:50.541+0000] {logging_mixin.py:188} WARNING - /home/airflow/.local/lib/python3.12/site-packages/azure/synapse/artifacts/models/_models_py3.py:36146 SyntaxWarning: invalid escape sequence '\d'
[2026-03-22T16:55:50.542+0000] {logging_mixin.py:188} WARNING - /home/airflow/.local/lib/python3.12/site-packages/azure/synapse/artifacts/models/_models_py3.py:36202 SyntaxWarning: invalid escape sequence '\d'
[2026-03-22T16:55:50.543+0000] {logging_mixin.py:188} WARNING - /home/airflow/.local/lib/python3.12/site-packages/azure/synapse/artifacts/models/_models_py3.py:36574 SyntaxWarning: invalid escape sequence '\d'
[2026-03-22T16:55:50.543+0000] {logging_mixin.py:188} WARNING - /home/airflow/.local/lib/python3.12/site-packages/azure/synapse/artifacts/models/_models_py3.py:36630 SyntaxWarning: invalid escape sequence '\d'
[2026-03-22T16:55:50.544+0000] {logging_mixin.py:188} WARNING - /home/airflow/.local/lib/python3.12/site-packages/azure/synapse/artifacts/models/_models_py3.py:36911 SyntaxWarning: invalid escape sequence '\d'
[2026-03-22T16:55:50.544+0000] {logging_mixin.py:188} WARNING - /home/airflow/.local/lib/python3.12/site-packages/azure/synapse/artifacts/models/_models_py3.py:36967 SyntaxWarning: invalid escape sequence '\d'
[2026-03-22T16:55:50.544+0000] {logging_mixin.py:188} WARNING - /home/airflow/.local/lib/python3.12/site-packages/azure/synapse/artifacts/models/_models_py3.py:37004 SyntaxWarning: invalid escape sequence '\d'
[2026-03-22T16:55:50.545+0000] {logging_mixin.py:188} WARNING - /home/airflow/.local/lib/python3.12/site-packages/azure/synapse/artifacts/models/_models_py3.py:37054 SyntaxWarning: invalid escape sequence '\d'
[2026-03-22T16:55:50.546+0000] {logging_mixin.py:188} WARNING - /home/airflow/.local/lib/python3.12/site-packages/azure/synapse/artifacts/models/_models_py3.py:37393 SyntaxWarning: invalid escape sequence '\d'
[2026-03-22T16:55:50.547+0000] {logging_mixin.py:188} WARNING - /home/airflow/.local/lib/python3.12/site-packages/azure/synapse/artifacts/models/_models_py3.py:37461 SyntaxWarning: invalid escape sequence '\d'
[2026-03-22T16:55:50.548+0000] {logging_mixin.py:188} WARNING - /home/airflow/.local/lib/python3.12/site-packages/azure/synapse/artifacts/models/_models_py3.py:37844 SyntaxWarning: invalid escape sequence '\d'
[2026-03-22T16:55:50.549+0000] {logging_mixin.py:188} WARNING - /home/airflow/.local/lib/python3.12/site-packages/azure/synapse/artifacts/models/_models_py3.py:37895 SyntaxWarning: invalid escape sequence '\d'
[2026-03-22T16:55:50.550+0000] {logging_mixin.py:188} WARNING - /home/airflow/.local/lib/python3.12/site-packages/azure/synapse/artifacts/models/_models_py3.py:38122 SyntaxWarning: invalid escape sequence '\d'
[2026-03-22T16:55:50.550+0000] {logging_mixin.py:188} WARNING - /home/airflow/.local/lib/python3.12/site-packages/azure/synapse/artifacts/models/_models_py3.py:38190 SyntaxWarning: invalid escape sequence '\d'
[2026-03-22T16:55:50.551+0000] {logging_mixin.py:188} WARNING - /home/airflow/.local/lib/python3.12/site-packages/azure/synapse/artifacts/models/_models_py3.py:38330 SyntaxWarning: invalid escape sequence '\d'
[2026-03-22T16:55:50.551+0000] {logging_mixin.py:188} WARNING - /home/airflow/.local/lib/python3.12/site-packages/azure/synapse/artifacts/models/_models_py3.py:38385 SyntaxWarning: invalid escape sequence '\d'
[2026-03-22T16:55:50.553+0000] {logging_mixin.py:188} WARNING - /home/airflow/.local/lib/python3.12/site-packages/azure/synapse/artifacts/models/_models_py3.py:38666 SyntaxWarning: invalid escape sequence '\d'
[2026-03-22T16:55:50.554+0000] {logging_mixin.py:188} WARNING - /home/airflow/.local/lib/python3.12/site-packages/azure/synapse/artifacts/models/_models_py3.py:38731 SyntaxWarning: invalid escape sequence '\d'
[2026-03-22T16:55:50.557+0000] {logging_mixin.py:188} WARNING - /home/airflow/.local/lib/python3.12/site-packages/azure/synapse/artifacts/models/_models_py3.py:39783 SyntaxWarning: invalid escape sequence '\d'
[2026-03-22T16:55:50.558+0000] {logging_mixin.py:188} WARNING - /home/airflow/.local/lib/python3.12/site-packages/azure/synapse/artifacts/models/_models_py3.py:39841 SyntaxWarning: invalid escape sequence '\d'
[2026-03-22T16:55:50.558+0000] {logging_mixin.py:188} WARNING - /home/airflow/.local/lib/python3.12/site-packages/azure/synapse/artifacts/models/_models_py3.py:40004 SyntaxWarning: invalid escape sequence '\d'
[2026-03-22T16:55:50.559+0000] {logging_mixin.py:188} WARNING - /home/airflow/.local/lib/python3.12/site-packages/azure/synapse/artifacts/models/_models_py3.py:40060 SyntaxWarning: invalid escape sequence '\d'
[2026-03-22T16:55:50.559+0000] {logging_mixin.py:188} WARNING - /home/airflow/.local/lib/python3.12/site-packages/azure/synapse/artifacts/models/_models_py3.py:40097 SyntaxWarning: invalid escape sequence '\d'
[2026-03-22T16:55:50.560+0000] {logging_mixin.py:188} WARNING - /home/airflow/.local/lib/python3.12/site-packages/azure/synapse/artifacts/models/_models_py3.py:40152 SyntaxWarning: invalid escape sequence '\d'
[2026-03-22T16:55:50.560+0000] {logging_mixin.py:188} WARNING - /home/airflow/.local/lib/python3.12/site-packages/azure/synapse/artifacts/models/_models_py3.py:40520 SyntaxWarning: invalid escape sequence '\d'
[2026-03-22T16:55:50.562+0000] {logging_mixin.py:188} WARNING - /home/airflow/.local/lib/python3.12/site-packages/azure/synapse/artifacts/models/_models_py3.py:40592 SyntaxWarning: invalid escape sequence '\d'
[2026-03-22T16:55:50.564+0000] {logging_mixin.py:188} WARNING - /home/airflow/.local/lib/python3.12/site-packages/azure/synapse/artifacts/models/_models_py3.py:41086 SyntaxWarning: invalid escape sequence '\d'
[2026-03-22T16:55:50.564+0000] {logging_mixin.py:188} WARNING - /home/airflow/.local/lib/python3.12/site-packages/azure/synapse/artifacts/models/_models_py3.py:41142 SyntaxWarning: invalid escape sequence '\d'
[2026-03-22T16:55:50.564+0000] {logging_mixin.py:188} WARNING - /home/airflow/.local/lib/python3.12/site-packages/azure/synapse/artifacts/models/_models_py3.py:41179 SyntaxWarning: invalid escape sequence '\d'
[2026-03-22T16:55:50.565+0000] {logging_mixin.py:188} WARNING - /home/airflow/.local/lib/python3.12/site-packages/azure/synapse/artifacts/models/_models_py3.py:41235 SyntaxWarning: invalid escape sequence '\d'
[2026-03-22T16:55:50.565+0000] {logging_mixin.py:188} WARNING - /home/airflow/.local/lib/python3.12/site-packages/azure/synapse/artifacts/models/_models_py3.py:41272 SyntaxWarning: invalid escape sequence '\d'
[2026-03-22T16:55:50.566+0000] {logging_mixin.py:188} WARNING - /home/airflow/.local/lib/python3.12/site-packages/azure/synapse/artifacts/models/_models_py3.py:41337 SyntaxWarning: invalid escape sequence '\d'
[2026-03-22T16:55:50.567+0000] {logging_mixin.py:188} WARNING - /home/airflow/.local/lib/python3.12/site-packages/azure/synapse/artifacts/models/_models_py3.py:41665 SyntaxWarning: invalid escape sequence '\d'
[2026-03-22T16:55:50.568+0000] {logging_mixin.py:188} WARNING - /home/airflow/.local/lib/python3.12/site-packages/azure/synapse/artifacts/models/_models_py3.py:41724 SyntaxWarning: invalid escape sequence '\d'
[2026-03-22T16:55:50.569+0000] {logging_mixin.py:188} WARNING - /home/airflow/.local/lib/python3.12/site-packages/azure/synapse/artifacts/models/_models_py3.py:41763 SyntaxWarning: invalid escape sequence '\d'
[2026-03-22T16:55:50.571+0000] {logging_mixin.py:188} WARNING - /home/airflow/.local/lib/python3.12/site-packages/azure/synapse/artifacts/models/_models_py3.py:41813 SyntaxWarning: invalid escape sequence '\d'
[2026-03-22T16:55:50.572+0000] {logging_mixin.py:188} WARNING - /home/airflow/.local/lib/python3.12/site-packages/azure/synapse/artifacts/models/_models_py3.py:42116 SyntaxWarning: invalid escape sequence '\d'
[2026-03-22T16:55:50.575+0000] {logging_mixin.py:188} WARNING - /home/airflow/.local/lib/python3.12/site-packages/azure/synapse/artifacts/models/_models_py3.py:42175 SyntaxWarning: invalid escape sequence '\d'
[2026-03-22T16:55:50.575+0000] {logging_mixin.py:188} WARNING - /home/airflow/.local/lib/python3.12/site-packages/azure/synapse/artifacts/models/_models_py3.py:42214 SyntaxWarning: invalid escape sequence '\d'
[2026-03-22T16:55:50.576+0000] {logging_mixin.py:188} WARNING - /home/airflow/.local/lib/python3.12/site-packages/azure/synapse/artifacts/models/_models_py3.py:42264 SyntaxWarning: invalid escape sequence '\d'
[2026-03-22T16:55:50.717+0000] {logging_mixin.py:188} WARNING - /home/airflow/.local/lib/python3.12/site-packages/azure/synapse/artifacts/models/_models_py3.py:42584 SyntaxWarning: invalid escape sequence '\d'
[2026-03-22T16:55:50.717+0000] {logging_mixin.py:188} WARNING - /home/airflow/.local/lib/python3.12/site-packages/azure/synapse/artifacts/models/_models_py3.py:42640 SyntaxWarning: invalid escape sequence '\d'
[2026-03-22T16:55:50.718+0000] {logging_mixin.py:188} WARNING - /home/airflow/.local/lib/python3.12/site-packages/azure/synapse/artifacts/models/_models_py3.py:42981 SyntaxWarning: invalid escape sequence '\d'
[2026-03-22T16:55:50.719+0000] {logging_mixin.py:188} WARNING - /home/airflow/.local/lib/python3.12/site-packages/azure/synapse/artifacts/models/_models_py3.py:43037 SyntaxWarning: invalid escape sequence '\d'
[2026-03-22T16:55:50.720+0000] {logging_mixin.py:188} WARNING - /home/airflow/.local/lib/python3.12/site-packages/azure/synapse/artifacts/models/_models_py3.py:43598 SyntaxWarning: invalid escape sequence '\d'
[2026-03-22T16:55:50.721+0000] {logging_mixin.py:188} WARNING - /home/airflow/.local/lib/python3.12/site-packages/azure/synapse/artifacts/models/_models_py3.py:43653 SyntaxWarning: invalid escape sequence '\d'
[2026-03-22T16:55:50.723+0000] {logging_mixin.py:188} WARNING - /home/airflow/.local/lib/python3.12/site-packages/azure/synapse/artifacts/models/_models_py3.py:44205 SyntaxWarning: invalid escape sequence '\d'
[2026-03-22T16:55:50.724+0000] {logging_mixin.py:188} WARNING - /home/airflow/.local/lib/python3.12/site-packages/azure/synapse/artifacts/models/_models_py3.py:44261 SyntaxWarning: invalid escape sequence '\d'
[2026-03-22T16:55:50.741+0000] {logging_mixin.py:188} WARNING - /home/airflow/.local/lib/python3.12/site-packages/azure/synapse/artifacts/models/_models_py3.py:44865 SyntaxWarning: invalid escape sequence '\d'
[2026-03-22T16:55:50.741+0000] {logging_mixin.py:188} WARNING - /home/airflow/.local/lib/python3.12/site-packages/azure/synapse/artifacts/models/_models_py3.py:44921 SyntaxWarning: invalid escape sequence '\d'
[2026-03-22T16:55:50.742+0000] {logging_mixin.py:188} WARNING - /home/airflow/.local/lib/python3.12/site-packages/azure/synapse/artifacts/models/_models_py3.py:45163 SyntaxWarning: invalid escape sequence '\d'
[2026-03-22T16:55:50.743+0000] {logging_mixin.py:188} WARNING - /home/airflow/.local/lib/python3.12/site-packages/azure/synapse/artifacts/models/_models_py3.py:45213 SyntaxWarning: invalid escape sequence '\d'
[2026-03-22T16:55:50.744+0000] {logging_mixin.py:188} WARNING - /home/airflow/.local/lib/python3.12/site-packages/azure/synapse/artifacts/models/_models_py3.py:45811 SyntaxWarning: invalid escape sequence '\d'
[2026-03-22T16:55:50.745+0000] {logging_mixin.py:188} WARNING - /home/airflow/.local/lib/python3.12/site-packages/azure/synapse/artifacts/models/_models_py3.py:45867 SyntaxWarning: invalid escape sequence '\d'
[2026-03-22T16:55:50.746+0000] {logging_mixin.py:188} WARNING - /home/airflow/.local/lib/python3.12/site-packages/azure/synapse/artifacts/models/_models_py3.py:46276 SyntaxWarning: invalid escape sequence '\d'
[2026-03-22T16:55:50.746+0000] {logging_mixin.py:188} WARNING - /home/airflow/.local/lib/python3.12/site-packages/azure/synapse/artifacts/models/_models_py3.py:46353 SyntaxWarning: invalid escape sequence '\d'
[2026-03-22T16:55:50.747+0000] {logging_mixin.py:188} WARNING - /home/airflow/.local/lib/python3.12/site-packages/azure/synapse/artifacts/models/_models_py3.py:46407 SyntaxWarning: invalid escape sequence '\d'
[2026-03-22T16:55:50.747+0000] {logging_mixin.py:188} WARNING - /home/airflow/.local/lib/python3.12/site-packages/azure/synapse/artifacts/models/_models_py3.py:46484 SyntaxWarning: invalid escape sequence '\d'
[2026-03-22T16:55:50.751+0000] {logging_mixin.py:188} WARNING - /home/airflow/.local/lib/python3.12/site-packages/azure/synapse/artifacts/models/_models_py3.py:47662 SyntaxWarning: invalid escape sequence '\d'
[2026-03-22T16:55:50.751+0000] {logging_mixin.py:188} WARNING - /home/airflow/.local/lib/python3.12/site-packages/azure/synapse/artifacts/models/_models_py3.py:47718 SyntaxWarning: invalid escape sequence '\d'
[2026-03-22T16:55:50.753+0000] {logging_mixin.py:188} WARNING - /home/airflow/.local/lib/python3.12/site-packages/azure/synapse/artifacts/models/_models_py3.py:48095 SyntaxWarning: invalid escape sequence '\d'
[2026-03-22T16:55:50.753+0000] {logging_mixin.py:188} WARNING - /home/airflow/.local/lib/python3.12/site-packages/azure/synapse/artifacts/models/_models_py3.py:48165 SyntaxWarning: invalid escape sequence '\d'
[2026-03-22T16:55:50.754+0000] {logging_mixin.py:188} WARNING - /home/airflow/.local/lib/python3.12/site-packages/azure/synapse/artifacts/models/_models_py3.py:48215 SyntaxWarning: invalid escape sequence '\d'
[2026-03-22T16:55:50.754+0000] {logging_mixin.py:188} WARNING - /home/airflow/.local/lib/python3.12/site-packages/azure/synapse/artifacts/models/_models_py3.py:48270 SyntaxWarning: invalid escape sequence '\d'
[2026-03-22T16:55:50.754+0000] {logging_mixin.py:188} WARNING - /home/airflow/.local/lib/python3.12/site-packages/azure/synapse/artifacts/models/_models_py3.py:48306 SyntaxWarning: invalid escape sequence '\d'
[2026-03-22T16:55:50.755+0000] {logging_mixin.py:188} WARNING - /home/airflow/.local/lib/python3.12/site-packages/azure/synapse/artifacts/models/_models_py3.py:48376 SyntaxWarning: invalid escape sequence '\d'
[2026-03-22T16:55:50.755+0000] {logging_mixin.py:188} WARNING - /home/airflow/.local/lib/python3.12/site-packages/azure/synapse/artifacts/models/_models_py3.py:48426 SyntaxWarning: invalid escape sequence '\d'
[2026-03-22T16:55:50.755+0000] {logging_mixin.py:188} WARNING - /home/airflow/.local/lib/python3.12/site-packages/azure/synapse/artifacts/models/_models_py3.py:48486 SyntaxWarning: invalid escape sequence '\d'
[2026-03-22T16:55:50.756+0000] {logging_mixin.py:188} WARNING - /home/airflow/.local/lib/python3.12/site-packages/azure/synapse/artifacts/models/_models_py3.py:48745 SyntaxWarning: invalid escape sequence '\d'
[2026-03-22T16:55:50.757+0000] {logging_mixin.py:188} WARNING - /home/airflow/.local/lib/python3.12/site-packages/azure/synapse/artifacts/models/_models_py3.py:48800 SyntaxWarning: invalid escape sequence '\d'
[2026-03-22T16:55:50.758+0000] {logging_mixin.py:188} WARNING - /home/airflow/.local/lib/python3.12/site-packages/azure/synapse/artifacts/models/_models_py3.py:49047 SyntaxWarning: invalid escape sequence '\d'
[2026-03-22T16:55:50.759+0000] {logging_mixin.py:188} WARNING - /home/airflow/.local/lib/python3.12/site-packages/azure/synapse/artifacts/models/_models_py3.py:49111 SyntaxWarning: invalid escape sequence '\d'
[2026-03-22T16:55:50.759+0000] {logging_mixin.py:188} WARNING - /home/airflow/.local/lib/python3.12/site-packages/azure/synapse/artifacts/models/_models_py3.py:49155 SyntaxWarning: invalid escape sequence '\d'
[2026-03-22T16:55:50.760+0000] {logging_mixin.py:188} WARNING - /home/airflow/.local/lib/python3.12/site-packages/azure/synapse/artifacts/models/_models_py3.py:49218 SyntaxWarning: invalid escape sequence '\d'
[2026-03-22T16:55:50.761+0000] {logging_mixin.py:188} WARNING - /home/airflow/.local/lib/python3.12/site-packages/azure/synapse/artifacts/models/_models_py3.py:49472 SyntaxWarning: invalid escape sequence '\d'
[2026-03-22T16:55:50.762+0000] {logging_mixin.py:188} WARNING - /home/airflow/.local/lib/python3.12/site-packages/azure/synapse/artifacts/models/_models_py3.py:49535 SyntaxWarning: invalid escape sequence '\d'
[2026-03-22T16:55:50.763+0000] {logging_mixin.py:188} WARNING - /home/airflow/.local/lib/python3.12/site-packages/azure/synapse/artifacts/models/_models_py3.py:49723 SyntaxWarning: invalid escape sequence '\d'
[2026-03-22T16:55:50.764+0000] {logging_mixin.py:188} WARNING - /home/airflow/.local/lib/python3.12/site-packages/azure/synapse/artifacts/models/_models_py3.py:49792 SyntaxWarning: invalid escape sequence '\d'
[2026-03-22T16:55:50.766+0000] {logging_mixin.py:188} WARNING - /home/airflow/.local/lib/python3.12/site-packages/azure/synapse/artifacts/models/_models_py3.py:50300 SyntaxWarning: invalid escape sequence '\d'
[2026-03-22T16:55:50.767+0000] {logging_mixin.py:188} WARNING - /home/airflow/.local/lib/python3.12/site-packages/azure/synapse/artifacts/models/_models_py3.py:50371 SyntaxWarning: invalid escape sequence '\d'
[2026-03-22T16:55:50.770+0000] {logging_mixin.py:188} WARNING - /home/airflow/.local/lib/python3.12/site-packages/azure/synapse/artifacts/models/_models_py3.py:50594 SyntaxWarning: invalid escape sequence '\d'
[2026-03-22T16:55:50.770+0000] {logging_mixin.py:188} WARNING - /home/airflow/.local/lib/python3.12/site-packages/azure/synapse/artifacts/models/_models_py3.py:50667 SyntaxWarning: invalid escape sequence '\d'
[2026-03-22T16:55:50.781+0000] {logging_mixin.py:188} WARNING - /home/airflow/.local/lib/python3.12/site-packages/azure/synapse/artifacts/models/_models_py3.py:51221 SyntaxWarning: invalid escape sequence '\d'
[2026-03-22T16:55:50.782+0000] {logging_mixin.py:188} WARNING - /home/airflow/.local/lib/python3.12/site-packages/azure/synapse/artifacts/models/_models_py3.py:51319 SyntaxWarning: invalid escape sequence '\d'
[2026-03-22T16:55:50.785+0000] {logging_mixin.py:188} WARNING - /home/airflow/.local/lib/python3.12/site-packages/azure/synapse/artifacts/models/_models_py3.py:51582 SyntaxWarning: invalid escape sequence '\d'
[2026-03-22T16:55:50.786+0000] {logging_mixin.py:188} WARNING - /home/airflow/.local/lib/python3.12/site-packages/azure/synapse/artifacts/models/_models_py3.py:51658 SyntaxWarning: invalid escape sequence '\d'
[2026-03-22T16:55:50.789+0000] {logging_mixin.py:188} WARNING - /home/airflow/.local/lib/python3.12/site-packages/azure/synapse/artifacts/models/_models_py3.py:52282 SyntaxWarning: invalid escape sequence '\d'
[2026-03-22T16:55:50.790+0000] {logging_mixin.py:188} WARNING - /home/airflow/.local/lib/python3.12/site-packages/azure/synapse/artifacts/models/_models_py3.py:52338 SyntaxWarning: invalid escape sequence '\d'
[2026-03-22T16:55:50.795+0000] {logging_mixin.py:188} WARNING - /home/airflow/.local/lib/python3.12/site-packages/azure/synapse/artifacts/models/_models_py3.py:53161 SyntaxWarning: invalid escape sequence '\d'
[2026-03-22T16:55:50.795+0000] {logging_mixin.py:188} WARNING - /home/airflow/.local/lib/python3.12/site-packages/azure/synapse/artifacts/models/_models_py3.py:53213 SyntaxWarning: invalid escape sequence '\d'
[2026-03-22T16:55:50.796+0000] {logging_mixin.py:188} WARNING - /home/airflow/.local/lib/python3.12/site-packages/azure/synapse/artifacts/models/_models_py3.py:53473 SyntaxWarning: invalid escape sequence '\d'
[2026-03-22T16:55:50.797+0000] {logging_mixin.py:188} WARNING - /home/airflow/.local/lib/python3.12/site-packages/azure/synapse/artifacts/models/_models_py3.py:53529 SyntaxWarning: invalid escape sequence '\d'
[2026-03-22T16:55:50.799+0000] {logging_mixin.py:188} WARNING - /home/airflow/.local/lib/python3.12/site-packages/azure/synapse/artifacts/models/_models_py3.py:54052 SyntaxWarning: invalid escape sequence '\d'
[2026-03-22T16:55:50.800+0000] {logging_mixin.py:188} WARNING - /home/airflow/.local/lib/python3.12/site-packages/azure/synapse/artifacts/models/_models_py3.py:54112 SyntaxWarning: invalid escape sequence '\d'
[2026-03-22T16:55:50.800+0000] {logging_mixin.py:188} WARNING - /home/airflow/.local/lib/python3.12/site-packages/azure/synapse/artifacts/models/_models_py3.py:54152 SyntaxWarning: invalid escape sequence '\d'
[2026-03-22T16:55:50.801+0000] {logging_mixin.py:188} WARNING - /home/airflow/.local/lib/python3.12/site-packages/azure/synapse/artifacts/models/_models_py3.py:54202 SyntaxWarning: invalid escape sequence '\d'
[2026-03-22T16:55:50.806+0000] {logging_mixin.py:188} WARNING - /home/airflow/.local/lib/python3.12/site-packages/azure/synapse/artifacts/models/_models_py3.py:55598 SyntaxWarning: invalid escape sequence '\d'
[2026-03-22T16:55:50.807+0000] {logging_mixin.py:188} WARNING - /home/airflow/.local/lib/python3.12/site-packages/azure/synapse/artifacts/models/_models_py3.py:55654 SyntaxWarning: invalid escape sequence '\d'
[2026-03-22T16:55:50.808+0000] {logging_mixin.py:188} WARNING - /home/airflow/.local/lib/python3.12/site-packages/azure/synapse/artifacts/models/_models_py3.py:55808 SyntaxWarning: invalid escape sequence '\d'
[2026-03-22T16:55:50.808+0000] {logging_mixin.py:188} WARNING - /home/airflow/.local/lib/python3.12/site-packages/azure/synapse/artifacts/models/_models_py3.py:55888 SyntaxWarning: invalid escape sequence '\d'
[2026-03-22T16:55:50.808+0000] {logging_mixin.py:188} WARNING - /home/airflow/.local/lib/python3.12/site-packages/azure/synapse/artifacts/models/_models_py3.py:55944 SyntaxWarning: invalid escape sequence '\d'
[2026-03-22T16:55:50.809+0000] {logging_mixin.py:188} WARNING - /home/airflow/.local/lib/python3.12/site-packages/azure/synapse/artifacts/models/_models_py3.py:56027 SyntaxWarning: invalid escape sequence '\d'
[2026-03-22T16:55:50.809+0000] {logging_mixin.py:188} WARNING - /home/airflow/.local/lib/python3.12/site-packages/azure/synapse/artifacts/models/_models_py3.py:56086 SyntaxWarning: invalid escape sequence '\d'
[2026-03-22T16:55:50.811+0000] {logging_mixin.py:188} WARNING - /home/airflow/.local/lib/python3.12/site-packages/azure/synapse/artifacts/models/_models_py3.py:56169 SyntaxWarning: invalid escape sequence '\d'
[2026-03-22T16:55:50.812+0000] {logging_mixin.py:188} WARNING - /home/airflow/.local/lib/python3.12/site-packages/azure/synapse/artifacts/models/_models_py3.py:56225 SyntaxWarning: invalid escape sequence '\d'
[2026-03-22T16:55:50.812+0000] {logging_mixin.py:188} WARNING - /home/airflow/.local/lib/python3.12/site-packages/azure/synapse/artifacts/models/_models_py3.py:56310 SyntaxWarning: invalid escape sequence '\d'
[2026-03-22T16:55:50.831+0000] {logging_mixin.py:188} WARNING - /home/airflow/.local/lib/python3.12/site-packages/azure/synapse/artifacts/models/_models_py3.py:57131 SyntaxWarning: invalid escape sequence '\d'
[2026-03-22T16:55:50.832+0000] {logging_mixin.py:188} WARNING - /home/airflow/.local/lib/python3.12/site-packages/azure/synapse/artifacts/models/_models_py3.py:57214 SyntaxWarning: invalid escape sequence '\d'
[2026-03-22T16:55:50.833+0000] {logging_mixin.py:188} WARNING - /home/airflow/.local/lib/python3.12/site-packages/azure/synapse/artifacts/models/_models_py3.py:57270 SyntaxWarning: invalid escape sequence '\d'
[2026-03-22T16:55:50.834+0000] {logging_mixin.py:188} WARNING - /home/airflow/.local/lib/python3.12/site-packages/azure/synapse/artifacts/models/_models_py3.py:57355 SyntaxWarning: invalid escape sequence '\d'
[2026-03-22T16:55:50.835+0000] {logging_mixin.py:188} WARNING - /home/airflow/.local/lib/python3.12/site-packages/azure/synapse/artifacts/models/_models_py3.py:57659 SyntaxWarning: invalid escape sequence '\d'
[2026-03-22T16:55:50.836+0000] {logging_mixin.py:188} WARNING - /home/airflow/.local/lib/python3.12/site-packages/azure/synapse/artifacts/models/_models_py3.py:57742 SyntaxWarning: invalid escape sequence '\d'
[2026-03-22T16:55:50.836+0000] {logging_mixin.py:188} WARNING - /home/airflow/.local/lib/python3.12/site-packages/azure/synapse/artifacts/models/_models_py3.py:57798 SyntaxWarning: invalid escape sequence '\d'
[2026-03-22T16:55:50.837+0000] {logging_mixin.py:188} WARNING - /home/airflow/.local/lib/python3.12/site-packages/azure/synapse/artifacts/models/_models_py3.py:57879 SyntaxWarning: invalid escape sequence '\d'
[2026-03-22T16:55:50.838+0000] {logging_mixin.py:188} WARNING - /home/airflow/.local/lib/python3.12/site-packages/azure/synapse/artifacts/models/_models_py3.py:58188 SyntaxWarning: invalid escape sequence '\d'
[2026-03-22T16:55:50.839+0000] {logging_mixin.py:188} WARNING - /home/airflow/.local/lib/python3.12/site-packages/azure/synapse/artifacts/models/_models_py3.py:58244 SyntaxWarning: invalid escape sequence '\d'
[2026-03-22T16:55:50.839+0000] {logging_mixin.py:188} WARNING - /home/airflow/.local/lib/python3.12/site-packages/azure/synapse/artifacts/models/_models_py3.py:58446 SyntaxWarning: invalid escape sequence '\d'
[2026-03-22T16:55:50.840+0000] {logging_mixin.py:188} WARNING - /home/airflow/.local/lib/python3.12/site-packages/azure/synapse/artifacts/models/_models_py3.py:58484 SyntaxWarning: invalid escape sequence '\d'
[2026-03-22T16:55:50.842+0000] {logging_mixin.py:188} WARNING - /home/airflow/.local/lib/python3.12/site-packages/azure/synapse/artifacts/models/_models_py3.py:59152 SyntaxWarning: invalid escape sequence '\d'
[2026-03-22T16:55:50.843+0000] {logging_mixin.py:188} WARNING - /home/airflow/.local/lib/python3.12/site-packages/azure/synapse/artifacts/models/_models_py3.py:59207 SyntaxWarning: invalid escape sequence '\d'
[2026-03-22T16:55:50.846+0000] {logging_mixin.py:188} WARNING - /home/airflow/.local/lib/python3.12/site-packages/azure/synapse/artifacts/models/_models_py3.py:60374 SyntaxWarning: invalid escape sequence '\d'
[2026-03-22T16:55:50.847+0000] {logging_mixin.py:188} WARNING - /home/airflow/.local/lib/python3.12/site-packages/azure/synapse/artifacts/models/_models_py3.py:60438 SyntaxWarning: invalid escape sequence '\d'
[2026-03-22T16:55:50.850+0000] {logging_mixin.py:188} WARNING - /home/airflow/.local/lib/python3.12/site-packages/azure/synapse/artifacts/models/_models_py3.py:61074 SyntaxWarning: invalid escape sequence '\d'
[2026-03-22T16:55:50.851+0000] {logging_mixin.py:188} WARNING - /home/airflow/.local/lib/python3.12/site-packages/azure/synapse/artifacts/models/_models_py3.py:61166 SyntaxWarning: invalid escape sequence '\d'
[2026-03-22T16:55:50.853+0000] {logging_mixin.py:188} WARNING - /home/airflow/.local/lib/python3.12/site-packages/azure/synapse/artifacts/models/_models_py3.py:61432 SyntaxWarning: invalid escape sequence '\d'
[2026-03-22T16:55:50.854+0000] {logging_mixin.py:188} WARNING - /home/airflow/.local/lib/python3.12/site-packages/azure/synapse/artifacts/models/_models_py3.py:61506 SyntaxWarning: invalid escape sequence '\d'
[2026-03-22T16:55:50.854+0000] {logging_mixin.py:188} WARNING - /home/airflow/.local/lib/python3.12/site-packages/azure/synapse/artifacts/models/_models_py3.py:61609 SyntaxWarning: invalid escape sequence '\d'
[2026-03-22T16:55:50.855+0000] {logging_mixin.py:188} WARNING - /home/airflow/.local/lib/python3.12/site-packages/azure/synapse/artifacts/models/_models_py3.py:61691 SyntaxWarning: invalid escape sequence '\d'
[2026-03-22T16:55:50.856+0000] {logging_mixin.py:188} WARNING - /home/airflow/.local/lib/python3.12/site-packages/azure/synapse/artifacts/models/_models_py3.py:61877 SyntaxWarning: invalid escape sequence '\d'
[2026-03-22T16:55:50.856+0000] {logging_mixin.py:188} WARNING - /home/airflow/.local/lib/python3.12/site-packages/azure/synapse/artifacts/models/_models_py3.py:61933 SyntaxWarning: invalid escape sequence '\d'
[2026-03-22T16:55:50.861+0000] {logging_mixin.py:188} WARNING - /home/airflow/.local/lib/python3.12/site-packages/azure/synapse/artifacts/models/_models_py3.py:62634 SyntaxWarning: invalid escape sequence '\d'
[2026-03-22T16:55:50.863+0000] {logging_mixin.py:188} WARNING - /home/airflow/.local/lib/python3.12/site-packages/azure/synapse/artifacts/models/_models_py3.py:62727 SyntaxWarning: invalid escape sequence '\d'
[2026-03-22T16:55:50.864+0000] {logging_mixin.py:188} WARNING - /home/airflow/.local/lib/python3.12/site-packages/azure/synapse/artifacts/models/_models_py3.py:62866 SyntaxWarning: invalid escape sequence '\d'
[2026-03-22T16:55:50.865+0000] {logging_mixin.py:188} WARNING - /home/airflow/.local/lib/python3.12/site-packages/azure/synapse/artifacts/models/_models_py3.py:62912 SyntaxWarning: invalid escape sequence '\d'
[2026-03-22T16:55:50.874+0000] {logging_mixin.py:188} WARNING - /home/airflow/.local/lib/python3.12/site-packages/azure/synapse/artifacts/models/_models_py3.py:63683 SyntaxWarning: invalid escape sequence '\d'
[2026-03-22T16:55:50.875+0000] {logging_mixin.py:188} WARNING - /home/airflow/.local/lib/python3.12/site-packages/azure/synapse/artifacts/models/_models_py3.py:63739 SyntaxWarning: invalid escape sequence '\d'
[2026-03-22T16:55:50.881+0000] {logging_mixin.py:188} WARNING - /home/airflow/.local/lib/python3.12/site-packages/azure/synapse/artifacts/models/_models_py3.py:63991 SyntaxWarning: invalid escape sequence '\d'
[2026-03-22T16:55:50.882+0000] {logging_mixin.py:188} WARNING - /home/airflow/.local/lib/python3.12/site-packages/azure/synapse/artifacts/models/_models_py3.py:64045 SyntaxWarning: invalid escape sequence '\d'
[2026-03-22T16:55:50.884+0000] {logging_mixin.py:188} WARNING - /home/airflow/.local/lib/python3.12/site-packages/azure/synapse/artifacts/models/_models_py3.py:64480 SyntaxWarning: invalid escape sequence '\d'
[2026-03-22T16:55:50.884+0000] {logging_mixin.py:188} WARNING - /home/airflow/.local/lib/python3.12/site-packages/azure/synapse/artifacts/models/_models_py3.py:64536 SyntaxWarning: invalid escape sequence '\d'
[2026-03-22T16:55:51.145+0000] {taskinstance.py:441} INFO - ::group::Post task execution logs
[2026-03-22T16:55:51.171+0000] {taskinstance.py:1206} INFO - Marking task as SUCCESS. dag_id=tmdb_raw_pipeline, task_id=trigger_stage, run_id=manual__2026-03-22T16:55:13.015774+00:00, execution_date=20260322T165513, start_date=20260322T165544, end_date=20260322T165551
[2026-03-22T16:55:51.235+0000] {local_task_job_runner.py:240} INFO - Task exited with return code 0
[2026-03-22T16:55:51.253+0000] {taskinstance.py:3498} INFO - 0 downstream tasks scheduled from follow-on schedule check
[2026-03-22T16:55:51.254+0000] {local_task_job_runner.py:222} INFO - ::endgroup::
